Timestamp,ECG,GSR,Gas,Pulse_IR,Temp_Max,Label
940732,2979,0,205,134655,33.65,-6.18,-6.54
940761,1290,0,159,134561,35.00,-6.22,-6.57
940783,3341,0,205,134689,35.00,-6.22,-6.52
940805,3141,0,211,134773,35.00,-6.22,-6.58
940827,2249,0,183,134819,35.00,-6.27,-6.56
940849,1511,0,163,134895,35.00,-6.27,-6.56
940871,815,0,155,135028,35.00,-6.47,-6.56
940893,781,0,153,135130,35.00,-6.23,-6.55
940915,1259,0,165,135254,35.00,-6.22,-6.56
940937,1925,0,171,135296,35.00,-6.23,-6.58
940959,2577,0,185,135401,35.00,-6.25,-6.55
940981,3195,0,202,135557,35.00,-6.23,-6.55
941022,3143,0,205,135819,35.00,-6.25,-6.54
941044,3035,0,213,135895,35.00,-6.24,-6.56
941066,2423,0,190,135956,35.00,-6.22,-6.54
941088,1833,0,173,136090,35.00,-6.25,-6.59
941110,1140,0,155,136200,35.00,-6.22,-6.56
941132,908,0,152,136034,35.00,-6.21,-6.56
941154,1096,0,151,135942,35.00,-6.23,-6.54
941176,1568,0,166,135896,35.00,-6.24,-6.57
941198,2171,0,175,135827,35.00,-6.25,-6.56
941220,2741,0,187,135831,35.00,-6.22,-6.53
941263,3124,0,205,135778,35.00,-6.20,-6.58
941285,2723,0,201,135765,35.00,-6.24,-6.57
941307,1965,0,183,135722,35.00,-6.21,-6.56
941329,1321,0,165,135733,35.00,-6.19,-6.56
941351,895,0,147,135489,35.00,-6.25,-6.57
941373,751,0,149,135503,35.00,-6.20,-6.56
941395,1087,0,151,135632,35.00,-6.28,-6.57
941417,1919,0,173,135834,35.00,-6.25,-6.57
941439,2509,0,187,135684,35.00,-6.26,-6.53
941461,2899,0,202,135495,35.00,-6.24,-6.58
941503,2807,0,201,135348,35.00,-6.25,-6.58
941525,2619,0,201,135396,35.00,-6.22,-6.61
941547,1779,0,173,135348,35.00,-6.22,-6.59
941569,1015,0,158,135401,35.00,-6.23,-6.53
941591,717,0,159,135455,35.00,-6.24,-6.56
941613,809,0,155,135445,35.00,-6.28,-6.53
941635,1192,0,155,135359,35.00,-6.21,-6.57
941657,1881,0,182,135307,35.00,-6.21,-6.54
941679,2547,0,189,135302,35.00,-6.26,-6.56
941701,2999,0,197,135304,35.00,-6.22,-6.58
941744,2937,0,211,135307,35.00,-6.22,-6.57
941766,2055,0,186,135364,35.00,-6.23,-6.59
941788,1353,0,171,135344,35.00,-6.25,-6.58
941810,751,0,157,135239,35.00,-6.24,-6.55
941832,651,0,159,135335,35.00,-6.23,-6.51
941854,1053,0,159,135252,35.00,-6.21,-6.52
941876,1677,0,171,135152,35.00,-6.22,-6.57
941898,2151,0,174,134981,35.00,-6.25,-6.56
941920,2708,0,197,134949,35.00,-6.22,-6.58
941942,2969,0,205,134905,35.00,-6.22,-6.58
941984,2429,0,204,134861,35.00,-6.23,-6.63
942510,1779,0,179,134974,33.87,-6.26,-6.56
942545,761,0,133,134811,35.00,-6.24,-6.57
942567,1609,0,150,134892,35.00,-6.27,-6.54
942589,613,0,135,135178,35.00,-6.24,-6.58
942611,749,0,136,135082,35.00,-6.23,-6.57
942633,1234,0,153,135127,35.00,-6.26,-6.56
942655,2287,0,189,135048,35.00,-6.21,-6.57
942677,2978,0,203,134935,35.00,-6.27,-6.54
942699,3968,0,227,134825,35.00,-6.20,-6.54
942721,4095,0,227,134849,35.00,-6.23,-6.57
942743,4095,0,221,134844,35.00,-6.26,-6.59
942765,2863,0,187,134961,35.00,-6.28,-6.62
942806,1399,0,148,135111,35.00,-6.17,-6.54
942828,613,0,138,135221,35.00,-6.26,-6.59
942850,152,0,136,135238,35.00,-6.27,-6.57
942872,183,0,136,135173,35.00,-6.24,-6.50
942894,749,0,175,135200,35.00,-6.24,-6.58
942916,1509,0,183,135155,35.00,-6.21,-6.56
942938,2677,0,212,135175,35.00,-6.19,-6.55
942960,3835,0,235,135208,35.00,-6.24,-6.59
942982,3928,0,230,135266,35.00,-6.27,-6.59
943527,2996,0,204,135377,34.22,-6.20,-6.59
943567,209,0,141,135508,35.00,-6.27,-6.55
943589,733,0,137,135639,35.00,-6.21,-6.57
943611,419,0,135,135762,35.00,-6.22,-6.56
943633,696,0,149,135847,35.00,-6.22,-6.54
943655,1532,0,178,135889,35.00,-6.18,-6.57
943677,2695,0,219,135978,35.00,-6.26,-6.56
943699,3739,0,229,135978,35.00,-6.22,-6.55
943721,4089,0,247,136198,35.00,-6.23,-6.57
943743,3163,0,213,136091,35.00,-6.27,-6.55
943765,2247,0,181,136123,35.00,-6.27,-6.56
943787,1164,0,153,136123,35.00,-6.22,-6.57
943828,347,0,141,135807,35.00,-6.26,-6.58
943850,283,0,143,135818,35.00,-6.25,-6.60
943872,629,0,147,135746,35.00,-6.24,-6.60
943894,1239,0,173,135713,35.00,-6.23,-6.58
943916,2246,0,185,135758,35.00,-6.26,-6.59
943938,3116,0,219,135704,35.00,-6.20,-6.58
943960,3829,0,227,135705,35.00,-6.23,-6.56
943982,3349,0,216,135815,35.00,-6.21,-6.56
944543,2471,0,185,135836,33.97,-6.22,-6.56
944573,1317,0,171,135661,35.00,-6.22,-6.55
944595,1865,0,169,135632,35.00,-6.24,-6.55
944617,2539,0,178,135672,35.00,-6.24,-6.53
944639,2887,0,190,135638,35.00,-6.22,-6.57
944661,2911,0,205,135648,35.00,-6.25,-6.55
944683,2421,0,192,135745,35.00,-6.22,-6.56
944705,1733,0,179,135820,35.00,-6.20,-6.56
944727,936,0,159,135652,35.00,-6.21,-6.57
944749,585,0,140,135504,35.00,-6.26,-6.58
944790,921,0,149,135706,35.00,-6.23,-6.57
944812,926,0,153,135521,35.00,-6.20,-6.54
944834,1327,0,159,135775,35.00,-6.21,-6.53
944856,2389,0,171,135972,35.00,-6.25,-6.61
944878,3481,0,204,135999,35.00,-6.22,-6.56
944900,4095,0,181,136078,35.00,-6.25,-6.61
944922,3143,0,181,136169,35.00,-6.27,-6.52
944944,1850,0,161,136158,35.00,-6.27,-6.62
944966,815,0,153,136118,35.00,-6.27,-6.53
944988,246,0,153,136112,35.00,-6.21,-6.59
945031,361,0,157,136063,35.00,-6.22,-6.59
945053,1353,0,167,136082,35.00,-6.25,-6.54
945075,1815,0,171,136178,35.00,-6.21,-6.57
945097,2365,0,185,136052,35.00,-6.22,-6.56
945119,2525,0,205,136048,35.00,-6.25,-6.55
945141,2438,0,215,136064,35.00,-6.24,-6.55
945163,1783,0,211,136137,35.00,-6.22,-6.52
945185,617,0,189,136141,35.00,-6.26,-6.56
945207,727,0,199,136112,35.00,-6.24,-6.56
945229,520,0,157,136043,35.00,-6.23,-6.59
945271,1033,0,169,136022,35.00,-6.19,-6.59
945293,1723,0,167,136019,35.00,-6.23,-6.57
945315,2485,0,187,136007,35.00,-6.24,-6.57
945337,3259,0,201,135990,35.00,-6.26,-6.55
945359,3828,0,217,135855,35.00,-6.23,-6.56
945381,3189,0,211,135743,35.00,-6.24,-6.56
945403,2349,0,199,135699,35.00,-6.23,-6.57
945425,1544,0,171,135655,35.00,-6.24,-6.56
945447,729,0,155,135483,35.00,-6.27,-6.53
945469,617,0,152,135471,35.00,-6.25,-6.58
945512,941,0,163,135803,35.00,-6.26,-6.54
945534,1981,0,184,135672,35.00,-6.26,-6.57
945556,2798,0,196,135724,35.00,-6.24,-6.56
945578,3143,0,207,135671,35.00,-6.23,-6.55
945600,3245,0,215,135690,35.00,-6.23,-6.56
945622,2540,0,217,135761,35.00,-6.21,-6.59
945644,1637,0,179,135893,35.00,-6.25,-6.57
945666,1337,0,171,135944,35.00,-6.27,-6.55
945688,1917,0,147,135983,35.00,-6.21,-6.58
945710,2091,0,123,135956,35.00,-6.24,-6.55
945752,1919,0,137,135797,35.00,-6.23,-6.53
945774,1789,0,157,135711,35.00,-6.22,-6.56
945796,2104,0,187,135543,35.00,-6.24,-6.53
945818,2707,0,219,135630,35.00,-6.24,-6.55
945840,0,0,220,135604,35.00,-6.27,-6.57
945862,2523,0,237,135513,35.00,-6.26,-6.53
945884,2074,0,175,135544,35.00,-6.21,-6.55
945906,675,0,159,135655,35.00,-6.21,-6.57
945928,0,0,163,135652,35.00,-6.20,-6.62
945950,1148,0,159,135716,35.00,-6.25,-6.59
945993,1379,0,157,135820,35.00,-6.24,-6.56
946576,3007,0,183,135805,34.27,-6.24,-6.57
946614,2693,0,205,135319,35.00,-6.22,-6.63
946636,1943,0,181,135428,35.00,-6.19,-6.52
946658,2763,0,212,135402,35.00,-6.24,-6.57
946680,2878,0,213,135367,35.00,-6.29,-6.60
946702,1821,0,188,135394,35.00,-6.23,-6.57
946724,1271,0,174,135435,35.00,-6.25,-6.55
946746,767,0,149,135388,35.00,-6.22,-6.59
946768,979,0,151,135398,35.00,-6.20,-6.59
946790,1596,0,157,135373,35.00,-6.22,-6.59
946812,2129,0,179,135334,35.00,-6.22,-6.50
946855,2835,0,191,135261,35.00,-6.23,-6.55
946877,3390,0,213,135327,35.00,-6.23,-6.56
946899,3188,0,211,135446,35.00,-6.27,-6.58
946921,2394,0,197,135470,35.00,-6.25,-6.53
946943,1273,0,157,135508,35.00,-6.25,-6.59
946965,682,0,141,135513,35.00,-6.19,-6.68
946987,297,0,141,135603,35.00,-6.36,-6.63
947591,221,0,155,135720,33.90,-6.31,-6.62
947622,3099,0,206,135403,35.00,-6.25,-6.53
947644,1208,0,159,135464,35.00,-6.25,-6.60
947666,997,0,165,135494,35.00,-6.24,-6.55
947688,1447,0,169,135554,35.00,-6.27,-6.57
947710,1747,0,173,135602,35.00,-6.23,-6.54
947732,2183,0,197,135658,35.00,-6.24,-6.59
947754,2284,0,218,135707,35.00,-6.23,-6.59
947797,2123,0,199,135773,35.00,-6.23,-6.58
947819,1583,0,173,135693,35.00,-6.25,-6.56
947841,1201,0,172,135693,35.00,-6.24,-6.55
947863,1003,0,159,135723,35.00,-6.24,-6.57
947885,1149,0,163,135670,35.00,-6.21,-6.56
947907,1555,0,172,135594,35.00,-6.27,-6.56
947929,2103,0,187,135458,35.00,-6.26,-6.55
947951,2471,0,198,135370,35.00,-6.23,-6.49
947973,2467,0,210,135358,35.00,-6.22,-6.54
947995,2343,0,189,135403,35.00,-6.26,-6.57
948037,2131,0,192,135421,35.00,-6.27,-6.58
948059,1755,0,169,135399,35.00,-6.22,-6.53
948081,1339,0,170,135480,35.00,-6.23,-6.56
948103,1132,0,180,135489,35.00,-6.25,-6.55
948125,1255,0,165,135410,35.00,-6.24,-6.55
948147,1637,0,169,135310,35.00,-6.24,-6.55
948169,2035,0,184,135323,35.00,-6.24,-6.59
948191,2247,0,184,135365,35.00,-6.23,-6.60
948213,2287,0,188,135389,35.00,-6.27,-6.49
948235,2167,0,185,135394,35.00,-6.25,-6.56
948278,1839,0,182,135395,35.00,-6.24,-6.56
948300,1529,0,175,135404,35.00,-6.23,-6.60
948322,1237,0,160,135423,35.00,-6.24,-6.56
948344,1142,0,164,135412,35.00,-6.26,-6.56
948366,1449,0,167,135429,35.00,-6.21,-6.57
948388,1897,0,184,135450,35.00,-6.24,-6.56
948410,2317,0,187,135393,35.00,-6.22,-6.61
948432,2451,0,191,135420,35.00,-6.22,-6.54
948454,2357,0,189,135478,35.00,-6.24,-6.55
948476,2274,0,180,135411,35.00,-6.23,-6.54
948518,2009,0,182,135474,35.00,-6.22,-6.54
948540,1471,0,169,135449,35.00,-6.22,-6.54
948562,1307,0,171,135508,35.00,-6.24,-6.58
948584,1337,0,167,135730,35.00,-6.22,-6.55
948606,1541,0,173,135558,35.00,-6.23,-6.58
948628,1853,0,181,135540,35.00,-6.23,-6.55
948650,2183,0,185,135596,35.00,-6.25,-6.58
948672,2163,0,189,135525,35.00,-6.26,-6.55
948694,2311,0,183,135512,35.00,-6.24,-6.60
948716,2134,0,181,135274,35.00,-6.24,-6.55
948759,1831,0,172,135231,35.00,-6.24,-6.56
948781,1374,0,169,135225,35.00,-6.27,-6.61
948803,1523,0,157,135233,35.00,-6.23,-6.57
948825,1647,0,171,135166,35.00,-6.28,-6.56
948847,2122,0,175,135132,35.00,-6.22,-6.57
948869,2303,0,179,135046,35.00,-6.26,-6.58
948891,2426,0,185,135073,35.00,-6.25,-6.60
948913,2328,0,186,135183,35.00,-6.26,-6.57
948935,2197,0,183,135257,35.00,-6.24,-6.59
948957,1874,0,179,135274,35.00,-6.21,-6.56
948999,1481,0,175,135271,35.00,-6.23,-6.53
949021,1207,0,169,135211,35.00,-6.26,-6.56
949043,1375,0,167,135335,35.00,-6.24,-6.58
949065,1613,0,171,135521,35.00,-6.27,-6.55
949087,2030,0,183,135516,35.00,-6.22,-6.51
949109,2003,0,173,135363,35.00,-6.23,-6.52
949131,2202,0,185,135337,35.00,-6.25,-6.55
949153,2054,0,183,135328,35.00,-6.24,-6.61
949175,2183,0,196,135443,35.00,-6.25,-6.59
949197,1647,0,183,135346,35.00,-6.25,-6.59
949240,1109,0,169,135229,35.00,-6.24,-6.58
949262,1263,0,173,135298,35.00,-6.24,-6.57
949284,1659,0,176,135265,35.00,-6.21,-6.60
949306,1887,0,176,135259,35.00,-6.25,-6.59
949328,2039,0,179,135269,35.00,-6.24,-6.55
949350,1625,0,175,135304,35.00,-6.23,-6.57
949372,2297,0,189,135300,35.00,-6.24,-6.56
949394,3129,0,213,135297,35.00,-6.27,-6.62
949416,3409,0,231,135281,35.00,-6.27,-6.54
949438,2951,0,221,135263,35.00,-6.22,-6.59
949480,1927,0,204,135199,35.00,-6.22,-6.56
949502,852,0,187,135109,35.00,-6.25,-6.54
949524,295,0,175,135175,35.00,-6.27,-6.58
949546,599,0,175,135174,35.00,-6.24,-6.59
949568,1403,0,173,135132,35.00,-6.25,-6.61
949590,2569,0,180,135031,35.00,-6.21,-6.56
949612,3176,0,181,134986,35.00,-6.19,-6.57
949634,3759,0,201,134763,35.00,-6.21,-6.54
949656,3061,0,203,134134,35.00,-6.23,-6.63
949678,2282,0,210,133964,35.00,-6.26,-6.57
949721,1495,0,184,134221,35.00,-6.27,-6.53
949743,809,0,175,134329,35.00,-6.24,-6.57
949765,574,0,153,134475,35.00,-6.23,-6.57
949787,849,0,155,134567,35.00,-6.20,-6.57
949809,1252,0,154,134722,35.00,-6.23,-6.56
949831,1960,0,181,134838,35.00,-6.21,-6.56
949853,935,0,199,134922,35.00,-6.24,-6.56
949875,3003,0,237,134861,35.00,-6.23,-6.58
949897,3209,0,229,134839,35.00,-6.27,-6.58
949919,2999,0,206,134824,35.00,-6.26,-6.57
949961,2169,0,165,134765,35.00,-6.25,-6.57
949983,646,0,157,134679,35.00,-6.21,-6.57
950386,270,0,165,134793,33.98,-6.24,-6.56
950422,1189,0,163,135135,35.00,-6.22,-6.56
950444,626,0,155,135179,35.00,-6.23,-6.55
950466,551,0,151,135204,35.00,-6.23,-6.57
950488,1242,0,158,135233,35.00,-6.21,-6.58
950510,2277,0,185,135282,35.00,-6.24,-6.55
950532,3291,0,211,135295,35.00,-6.21,-6.56
950554,4095,0,219,135298,35.00,-6.23,-6.56
950576,4095,0,216,135296,35.00,-6.20,-6.59
950598,3629,0,189,135262,35.00,-6.25,-6.35
950620,2920,0,197,135247,35.00,-6.19,-6.41
950663,1455,0,163,135216,35.00,-6.32,-6.65
950685,1103,0,141,135297,35.00,-6.20,-6.56
950707,1287,0,149,135236,35.00,-6.19,-6.57
950729,2111,0,176,135329,35.00,-6.25,-6.54
950751,2367,0,189,135297,35.00,-6.22,-6.58
950773,3291,0,205,135341,35.00,-6.25,-6.54
950795,3563,0,207,135288,35.00,-6.23,-6.61
950817,3035,0,187,135345,35.00,-6.26,-6.57
950839,2067,0,165,135272,35.00,-6.21,-6.56
950861,979,0,151,135233,35.00,-6.22,-6.53
950903,407,0,149,135110,35.00,-6.28,-6.57
950925,503,0,149,135097,35.00,-6.24,-6.57
950947,775,0,157,135312,35.00,-6.23,-6.52
950969,1407,0,167,135228,35.00,-6.22,-6.58
950991,2111,0,189,135247,35.00,-6.23,-6.53
951403,2887,0,209,135119,33.98,-6.21,-6.59
951444,663,0,157,135116,35.00,-6.25,-6.60
951466,743,0,171,135060,35.00,-6.20,-6.59
951488,1267,0,163,135018,35.00,-6.26,-6.57
951510,2157,0,187,135014,35.00,-6.23,-6.56
951532,2985,0,213,135034,35.00,-6.27,-6.55
951554,3665,0,220,135025,35.00,-6.23,-6.55
951576,3352,0,204,135007,35.00,-6.27,-6.59
951598,2527,0,187,134994,35.00,-6.24,-6.58
951620,1526,0,154,134979,35.00,-6.22,-6.55
951642,699,0,145,134991,35.00,-6.18,-6.54
951664,474,0,141,134876,35.00,-6.25,-6.56
951705,636,0,155,134863,35.00,-6.21,-6.56
951727,1083,0,155,134885,35.00,-6.25,-6.56
951749,1869,0,181,135012,35.00,-6.23,-6.54
951771,2431,0,185,135097,35.00,-6.28,-6.57
951793,3320,0,229,134999,35.00,-6.22,-6.63
951815,3657,0,227,135073,35.00,-6.17,-6.55
951837,2781,0,202,135136,35.00,-6.24,-6.59
951859,1719,0,171,135164,35.00,-6.22,-6.61
951881,803,0,148,135186,35.00,-6.19,-6.56
951903,485,0,135,135201,35.00,-6.22,-6.57
951946,588,0,157,135103,35.00,-6.26,-6.57
951968,1606,0,168,135143,35.00,-6.18,-6.58
951990,2431,0,199,135049,35.00,-6.22,-6.59
952418,3301,0,207,135182,34.04,-6.24,-6.58
952447,973,0,157,135738,35.00,-6.23,-6.57
952469,2401,0,186,135641,35.00,-6.23,-6.57
952491,3327,0,211,135588,35.00,-6.26,-6.56
952513,3925,0,227,135521,35.00,-6.25,-6.57
952535,3607,0,228,135456,35.00,-6.24,-6.56
952557,2731,0,197,135419,35.00,-6.24,-6.59
952579,1397,0,150,135344,35.00,-6.25,-6.55
952601,518,0,149,135226,35.00,-6.18,-6.55
952623,115,0,143,135250,35.00,-6.25,-6.62
952645,453,0,159,135256,35.00,-6.23,-6.56
952687,1150,0,165,135391,35.00,-6.22,-6.56
952709,2360,0,189,135323,35.00,-6.22,-6.56
952731,3427,0,212,135326,35.00,-6.22,-6.53
952753,4027,0,221,135304,35.00,-6.22,-6.59
952775,3533,0,216,135407,35.00,-6.21,-6.56
952797,2571,0,199,135357,35.00,-6.25,-6.59
952819,1227,0,154,135320,35.00,-6.22,-6.55
952841,339,0,151,135386,35.00,-6.22,-6.57
952863,405,0,143,135437,35.00,-6.24,-6.60
952885,650,0,153,135426,35.00,-6.23,-6.58
952928,1387,0,166,135402,35.00,-6.20,-6.56
952950,2603,0,203,135253,35.00,-6.24,-6.55
952972,3463,0,229,135295,35.00,-6.25,-6.57
952994,3469,0,225,135257,35.00,-6.25,-6.56
953435,2899,0,215,135263,34.23,-6.22,-6.52
953469,2165,0,180,135109,35.00,-6.25,-6.58
953491,3513,0,207,135073,35.00,-6.27,-6.58
953513,3896,0,216,135104,35.00,-6.26,-6.62
953535,3210,0,213,135091,35.00,-6.23,-6.56
953557,2153,0,183,135122,35.00,-6.19,-6.57
953579,925,0,159,135094,35.00,-6.21,-6.60
953601,568,0,151,135164,35.00,-6.27,-6.55
953623,478,0,155,135214,35.00,-6.26,-6.62
953645,915,0,155,135326,35.00,-6.23,-6.57
953667,1459,0,175,135277,35.00,-6.26,-6.55
953709,2303,0,201,135132,35.00,-6.22,-6.56
953731,2935,0,205,135169,35.00,-6.22,-6.59
953753,2491,0,203,135194,35.00,-6.24,-6.58
953775,2415,0,212,135222,35.00,-6.20,-6.52
953797,920,0,185,135215,35.00,-6.31,-6.58
953819,698,0,175,135220,35.00,-6.26,-6.57
953841,251,0,159,135122,35.00,-6.23,-6.56
953863,871,0,165,135111,35.00,-6.23,-6.56
953885,1690,0,163,135037,35.00,-6.25,-6.57
953907,2477,0,181,135042,35.00,-6.21,-6.62
953929,2981,0,186,134993,35.00,-6.22,-6.55
953970,3333,0,210,135053,35.00,-6.24,-6.54
953992,3579,0,207,135079,35.00,-6.19,-6.60
954705,2965,0,189,135109,33.94,-6.24,-6.58
954732,1695,0,170,135151,35.00,-6.20,-6.55
954754,1928,0,184,135093,35.00,-6.16,-6.53
954776,1292,0,179,135119,35.00,-6.21,-6.55
954798,509,0,155,135130,35.00,-6.24,-6.58
954820,0,0,153,134992,35.00,-6.21,-6.56
954842,0,0,157,134814,35.00,-6.24,-6.59
954864,341,0,159,134966,35.00,-6.20,-6.53
954886,1125,0,179,135033,35.00,-6.22,-6.61
954908,1544,0,183,134983,35.00,-6.23,-6.60
954930,1927,0,215,135121,35.00,-6.26,-6.58
954972,2173,0,227,135084,35.00,-6.24,-6.56
954994,2089,0,217,135036,35.00,-6.20,-6.59
955722,1324,0,203,135161,33.91,-6.28,-6.59
955754,1939,0,148,134880,35.00,-6.26,-6.69
955776,2749,0,141,134916,35.00,-6.24,-6.59
955798,1900,0,153,134950,35.00,-6.22,-6.63
955820,837,0,125,134951,35.00,-6.22,-6.62
955842,2283,0,153,134982,35.00,-6.21,-6.59
955864,1960,0,173,135015,35.00,-6.20,-6.56
955886,2201,0,182,135081,35.00,-6.20,-6.56
955908,2411,0,182,135089,35.00,-6.26,-6.59
955930,2803,0,197,135131,35.00,-6.22,-6.59
955952,2777,0,183,135012,35.00,-6.27,-6.59
955995,2464,0,187,134954,35.00,-6.28,-6.58
956738,1471,0,163,134932,33.86,-6.21,-6.59
956776,1062,0,165,134523,35.00,-6.22,-6.58
956798,1176,0,167,134501,35.00,-6.22,-6.60
956820,973,0,156,134545,35.00,-6.23,-6.59
956842,1358,0,153,134506,35.00,-6.22,-6.55
956864,1774,0,175,134576,35.00,-6.22,-6.55
956886,2155,0,174,134601,35.00,-6.15,-6.59
956908,2695,0,187,134597,35.00,-6.24,-6.62
956930,2713,0,198,134659,35.00,-6.15,-6.60
956952,2331,0,198,134692,35.00,-6.23,-6.59
956974,2156,0,191,134717,35.00,-6.21,-6.61
956996,1383,0,177,134704,35.00,-6.16,-6.56
957037,971,0,159,134571,35.00,-6.23,-6.56
957059,1069,0,163,134584,35.00,-6.25,-6.58
957081,1206,0,164,134606,35.00,-6.26,-6.57
957103,1559,0,172,134655,35.00,-6.27,-6.59
957125,2055,0,179,134640,35.00,-6.23,-6.59
957147,2660,0,195,134605,35.00,-6.26,-6.62
957169,2952,0,206,134558,35.00,-6.20,-6.57
957191,2855,0,209,134509,35.00,-6.24,-6.61
957213,2259,0,191,134479,35.00,-6.22,-6.58
957235,1554,0,173,134429,35.00,-6.20,-6.60
957278,957,0,170,134607,35.00,-6.22,-6.58
957300,949,0,163,134352,35.00,-6.16,-6.57
957322,1085,0,164,134430,35.00,-6.19,-6.56
957344,1819,0,173,134457,35.00,-6.24,-6.56
957366,2411,0,185,134431,35.00,-6.19,-6.63
957388,2822,0,199,134424,35.00,-6.22,-6.58
957410,2985,0,201,134471,35.00,-6.22,-6.58
957432,2617,0,203,134436,35.00,-6.22,-6.60
957454,1853,0,184,134424,35.00,-6.18,-6.54
957476,1143,0,171,134458,35.00,-6.23,-6.59
957518,809,0,167,134410,35.00,-6.22,-6.58
957540,947,0,157,134457,35.00,-6.23,-6.57
957562,1255,0,165,134556,35.00,-6.22,-6.56
957584,1967,0,176,134530,35.00,-6.22,-6.55
957606,2365,0,181,134496,35.00,-6.19,-6.59
957628,2893,0,198,134506,35.00,-6.23,-6.57
957650,2759,0,187,134541,35.00,-6.22,-6.59
957672,2663,0,201,134493,35.00,-6.21,-6.60
957694,1836,0,183,134521,35.00,-6.24,-6.62
957716,1244,0,160,134565,35.00,-6.17,-6.56
957759,1005,0,159,134800,35.00,-6.20,-6.59
957781,1103,0,156,134770,35.00,-6.16,-6.62
957803,1613,0,163,134693,35.00,-6.19,-6.56
957825,2238,0,179,134682,35.00,-6.19,-6.59
957847,2857,0,191,134821,35.00,-6.25,-6.61
957869,3195,0,188,134697,35.00,-6.25,-6.56
957891,3145,0,195,134683,35.00,-6.27,-6.60
957913,2577,0,169,134683,35.00,-6.18,-6.60
957935,1883,0,149,134699,35.00,-6.22,-6.58
957957,1309,0,140,134765,35.00,-6.19,-6.60
957999,0,0,155,134677,35.00,-6.21,-6.57
958021,1275,0,181,134760,35.00,-6.22,-6.58
958043,1788,0,183,134721,35.00,-6.18,-6.60
958065,2123,0,187,134701,35.00,-6.20,-6.56
958087,2504,0,205,134635,35.00,-6.25,-6.60
958109,2601,0,215,134478,35.00,-6.18,-6.55
958131,2355,0,214,134491,35.00,-6.21,-6.57
958153,1772,0,201,134465,35.00,-6.12,-6.56
958175,1431,0,191,134528,35.00,-6.21,-6.56
958197,1222,0,174,134564,35.00,-6.22,-6.63
958240,795,0,162,134713,35.00,-6.18,-6.57
958262,1657,0,153,134825,35.00,-6.28,-6.57
958284,2357,0,173,134867,35.00,-6.21,-6.57
958306,2720,0,183,134843,35.00,-6.22,-6.62
958328,3205,0,200,134859,35.00,-6.21,-6.57
958350,2844,0,189,134815,35.00,-6.17,-6.59
958372,2377,0,187,134763,35.00,-6.19,-6.57
958394,1543,0,181,134746,35.00,-6.22,-6.62
958416,987,0,163,134750,35.00,-6.22,-6.59
958438,870,0,155,134805,35.00,-6.21,-6.61
958480,1095,0,155,134839,35.00,-6.21,-6.60
958502,1741,0,167,134821,35.00,-6.22,-6.61
958524,2157,0,171,134739,35.00,-6.25,-6.59
958546,2683,0,185,134756,35.00,-6.24,-6.60
958568,2975,0,201,134730,35.00,-6.22,-6.61
958590,2905,0,191,134637,35.00,-6.27,-6.56
958612,2228,0,176,134692,35.00,-6.19,-6.53
958634,1527,0,169,134747,35.00,-6.23,-6.57
958656,1072,0,163,134824,35.00,-6.22,-6.57
958678,1047,0,154,134823,35.00,-6.19,-6.61
958700,1097,0,159,134770,35.00,-6.19,-6.60
958741,1561,0,165,134817,35.00,-6.20,-6.54
958763,1821,0,174,134842,35.00,-6.19,-6.55
958785,2309,0,185,134876,35.00,-6.20,-6.60
958807,2777,0,200,134900,35.00,-6.20,-6.59
958829,2791,0,191,134920,35.00,-6.20,-6.57
958851,2501,0,190,134886,35.00,-6.24,-6.59
958873,1770,0,171,134798,35.00,-6.21,-6.56
958895,1143,0,159,134873,35.00,-6.20,-6.61
958917,933,0,159,134885,35.00,-6.22,-6.62
958939,842,0,157,134830,35.00,-6.27,-6.61
958981,1223,0,173,134751,35.00,-6.22,-6.59
959532,1801,0,175,134794,34.25,-6.24,-6.58
959563,1305,0,174,134633,35.00,-6.22,-6.58
959585,2596,0,188,134639,35.00,-6.21,-6.58
959607,2925,0,205,134632,35.00,-6.21,-6.60
959629,2919,0,205,134619,35.00,-6.24,-6.62
959651,2347,0,202,134585,35.00,-6.22,-6.61
959673,1644,0,189,134492,35.00,-6.25,-6.59
959695,1120,0,172,134509,35.00,-6.22,-6.57
959717,1014,0,158,134455,35.00,-6.27,-6.62
959739,1173,0,158,134390,35.00,-6.17,-6.57
959761,1583,0,167,134408,35.00,-6.21,-6.56
959803,2066,0,178,134438,35.00,-6.25,-6.57
959825,2701,0,202,134503,35.00,-6.25,-6.62
959847,2787,0,188,134535,35.00,-6.22,-6.60
959869,2718,0,201,134587,35.00,-6.27,-6.57
959891,2276,0,197,134505,35.00,-6.18,-6.56
959913,1609,0,179,134451,35.00,-6.23,-6.58
959935,1033,0,169,134530,35.00,-6.22,-6.58
959957,984,0,159,134433,35.00,-6.24,-6.61
959979,939,0,165,134357,35.00,-6.20,-6.58
960549,1549,0,179,134432,33.89,-6.25,-6.56
960585,2175,0,191,134834,35.00,-6.23,-6.56
960607,3053,0,191,134962,35.00,-6.22,-6.58
960629,2703,0,199,135019,35.00,-6.22,-6.60
960651,2121,0,183,135101,35.00,-6.25,-6.57
960673,1467,0,175,135104,35.00,-6.21,-6.53
960695,1032,0,159,135152,35.00,-6.23,-6.60
960717,939,0,151,135168,35.00,-6.25,-6.61
960739,1287,0,163,135090,35.00,-6.17,-6.58
960761,1915,0,165,135059,35.00,-6.26,-6.59
960783,2539,0,168,135002,35.00,-6.24,-6.57
960826,3257,0,186,134888,35.00,-6.27,-6.62
960848,3196,0,175,134859,35.00,-6.20,-6.59
960870,2543,0,183,134883,35.00,-6.20,-6.59
960892,1755,0,159,134914,35.00,-6.22,-6.59
960914,1125,0,147,134935,35.00,-6.18,-6.56
960936,752,0,147,134938,35.00,-6.22,-6.59
960958,915,0,152,134937,35.00,-6.23,-6.58
960980,1255,0,155,134912,35.00,-6.25,-6.60
961564,1701,0,178,134897,34.61,-6.19,-6.60
961595,2611,0,201,135703,35.00,-6.21,-6.55
961617,361,0,168,135670,35.00,-6.25,-6.56
961639,875,0,181,135501,35.00,-6.19,-6.56
961661,1399,0,189,135406,35.00,-6.22,-6.58
961683,1943,0,203,135466,35.00,-6.22,-6.61
961705,2629,0,221,135361,35.00,-6.26,-6.61
961748,3093,0,218,135554,35.00,-6.22,-6.60
961770,2533,0,188,135566,35.00,-6.18,-6.54
961792,1447,0,159,135702,35.00,-6.21,-6.56
961814,869,0,159,135557,35.00,-6.23,-6.58
961836,1045,0,157,135591,35.00,-6.20,-6.55
961858,1519,0,154,135657,35.00,-6.24,-6.57
961880,2539,0,159,135763,35.00,-6.27,-6.57
961902,3445,0,158,135910,35.00,-6.24,-6.60
961924,3704,0,163,135790,35.00,-6.22,-6.57
961946,3367,0,174,135663,35.00,-6.25,-6.60
961988,2773,0,173,135470,35.00,-6.20,-6.56
962581,1630,0,172,135478,34.05,-6.21,-6.59
962612,2943,0,180,135283,35.00,-6.23,-6.61
962634,1005,0,155,135234,35.00,-6.24,-6.65
962656,1211,0,165,135308,35.00,-6.16,-6.60
962678,1557,0,153,135232,35.00,-6.29,-6.62
962700,2026,0,159,135301,35.00,-6.24,-6.59
962722,2350,0,173,135477,35.00,-6.20,-6.55
962744,2697,0,202,135740,35.00,-6.23,-6.58
962766,2587,0,198,135666,35.00,-6.23,-6.57
962788,1948,0,203,135605,35.00,-6.22,-6.57
962830,1302,0,199,135495,35.00,-6.26,-6.57
962852,1016,0,184,135459,35.00,-6.17,-6.59
962874,927,0,171,135391,35.00,-6.21,-6.57
962896,1304,0,165,135399,35.00,-6.22,-6.57
962918,1701,0,158,135426,35.00,-6.25,-6.54
962940,2215,0,171,135492,35.00,-6.23,-6.61
962962,2633,0,175,135429,35.00,-6.22,-6.60
962984,3049,0,200,135385,35.00,-6.20,-6.60
963346,3191,0,190,135462,33.92,-6.24,-6.59
963374,1933,0,226,134709,35.00,-6.20,-6.55
963396,1268,0,172,134736,35.00,-6.22,-6.59
963418,2120,0,165,134726,35.00,-6.19,-6.58
963440,2573,0,168,134587,35.00,-6.21,-6.64
963462,2736,0,186,134598,35.00,-6.19,-6.62
963484,2942,0,212,134415,35.00,-6.21,-6.57
963506,2887,0,205,134326,35.00,-6.24,-6.58
963528,3004,0,191,134267,35.00,-6.22,-6.60
963550,2823,0,163,134240,35.00,-6.17,-6.60
963592,2616,0,141,134409,35.00,-6.19,-6.56
963614,1422,0,117,134473,35.00,-6.16,-6.56
963636,1263,0,127,134493,35.00,-6.25,-6.54
963658,1491,0,141,134588,35.00,-6.23,-6.56
963680,1653,0,157,134582,35.00,-6.22,-6.59
963702,1911,0,183,134686,35.00,-6.19,-6.54
963724,1867,0,204,134655,35.00,-6.22,-6.60
963746,1213,0,227,134651,35.00,-6.20,-6.57
963768,329,0,237,134608,35.00,-6.21,-6.57
963790,141,0,243,134629,35.00,-6.21,-6.60
963832,0,0,232,134768,35.00,-6.25,-6.58
963854,1863,0,153,134774,35.00,-6.22,-6.58
963876,1513,0,151,134671,35.00,-6.20,-6.60
963898,1526,0,167,134529,35.00,-6.20,-6.55
963920,1776,0,187,134573,35.00,-6.23,-6.61
963942,2711,0,201,134614,35.00,-6.18,-6.59
963964,4095,0,199,134519,35.00,-6.25,-6.58
963986,4095,0,169,134595,35.00,-6.23,-6.57
964359,3853,0,165,134757,34.04,-6.25,-6.58
964394,2471,0,199,135530,35.00,-6.29,-6.56
964416,2291,0,149,135599,35.00,-6.23,-6.60
964438,3847,0,147,135665,35.00,-6.22,-6.58
964460,4095,0,123,135637,35.00,-6.21,-6.61
964482,3994,0,155,135583,35.00,-6.22,-6.54
964504,3262,0,165,135575,35.00,-6.21,-6.54
964526,2443,0,181,135525,35.00,-6.20,-6.60
964548,1567,0,175,135582,35.00,-6.25,-6.60
964570,469,0,168,135608,35.00,-6.22,-6.60
964592,0,0,187,135672,35.00,-6.21,-6.58
964634,0,0,206,135302,35.00,-6.25,-6.59
964656,0,0,245,135369,35.00,-6.24,-6.61
964678,459,0,233,135304,35.00,-6.21,-6.59
964700,2483,0,219,135336,35.00,-6.21,-6.58
964722,3378,0,215,135312,35.00,-6.23,-6.51
964744,3455,0,217,135224,35.00,-6.22,-6.59
964766,2891,0,214,135166,35.00,-6.25,-6.57
964788,2495,0,203,135075,35.00,-6.25,-6.53
964810,1429,0,171,135181,35.00,-6.25,-6.62
964832,1119,0,168,135135,35.00,-6.20,-6.58
964854,1117,0,163,135111,35.00,-6.23,-6.58
964895,1437,0,159,135239,35.00,-6.23,-6.56
964917,1565,0,173,134910,35.00,-6.25,-6.57
964939,2293,0,183,134934,35.00,-6.24,-6.58
964961,2834,0,189,134989,35.00,-6.23,-6.61
964983,3383,0,218,135120,35.00,-6.20,-6.53
965375,3723,0,216,135427,34.03,-6.23,-6.62
965416,1492,0,158,135599,35.00,-6.18,-6.56
965438,1869,0,173,135689,35.00,-6.22,-6.58
965460,2485,0,179,135819,35.00,-6.23,-6.56
965482,3275,0,187,135895,35.00,-6.21,-6.57
965504,3299,0,205,135830,35.00,-6.23,-6.58
965526,2581,0,205,135942,35.00,-6.22,-6.56
965548,1704,0,187,135972,35.00,-6.25,-6.57
965570,935,0,159,135967,35.00,-6.26,-6.60
965592,567,0,149,135981,35.00,-6.22,-6.59
965614,649,0,153,136120,35.00,-6.21,-6.52
965657,1145,0,163,135989,35.00,-6.25,-6.58
965679,2396,0,181,136048,35.00,-6.18,-6.62
965701,2935,0,199,135914,35.00,-6.25,-6.53
965723,2975,0,207,135876,35.00,-6.24,-6.58
965745,2709,0,211,135906,35.00,-6.23,-6.63
965767,2089,0,199,135894,35.00,-6.20,-6.58
965789,1331,0,178,135867,35.00,-6.18,-6.55
965811,777,0,159,135861,35.00,-6.22,-6.56
965833,589,0,155,135744,35.00,-6.26,-6.56
965855,919,0,169,135704,35.00,-6.20,-6.59
965897,1608,0,186,135688,35.00,-6.21,-6.59
965919,2347,0,186,135600,35.00,-6.18,-6.56
965941,2825,0,211,135435,35.00,-6.26,-6.60
965963,2830,0,207,135299,35.00,-6.27,-6.58
965985,2647,0,218,135349,35.00,-6.21,-6.59
966391,1752,0,199,135317,34.26,-6.20,-6.55
966419,1207,0,164,135553,35.00,-6.20,-6.52
966441,4095,0,184,135585,35.00,-6.24,-6.55
966463,3901,0,197,135585,35.00,-6.22,-6.57
966485,3111,0,212,135563,35.00,-6.23,-6.57
966507,2013,0,183,135518,35.00,-6.20,-6.60
966529,1139,0,164,135428,35.00,-6.19,-6.62
966551,1039,0,155,135477,35.00,-6.23,-6.64
966573,1095,0,157,135377,35.00,-6.24,-6.61
966595,1724,0,150,135273,35.00,-6.20,-6.63
966617,3179,0,147,135253,35.00,-6.26,-6.62
966659,3117,0,139,135267,35.00,-6.16,-6.56
966681,2971,0,191,135286,35.00,-6.20,-6.54
966703,3124,0,191,135286,35.00,-6.21,-6.62
966725,2813,0,173,135268,35.00,-6.14,-6.56
966747,1147,0,155,135290,35.00,-6.13,-6.56
966769,0,0,168,135306,35.00,-6.23,-6.57
966791,0,0,215,135316,35.00,-6.23,-6.59
966813,0,0,233,135271,35.00,-6.23,-6.57
966835,0,0,229,135200,35.00,-6.21,-6.57
966857,687,0,237,135262,35.00,-6.23,-6.64
966899,1497,0,263,134938,35.00,-6.19,-6.59
966921,2505,0,263,134900,35.00,-6.17,-6.61
966943,2431,0,246,134955,35.00,-6.24,-6.54
966965,1781,0,243,135065,35.00,-6.24,-6.64
966987,909,0,231,135052,35.00,-6.25,-6.64
967408,617,0,215,135093,33.87,-6.22,-6.59
967440,991,0,173,135761,35.00,-6.25,-6.61
967462,3557,0,215,135811,35.00,-6.25,-6.55
967484,2761,0,214,135866,35.00,-6.21,-6.63
967506,2072,0,201,135966,35.00,-6.23,-6.62
967528,1235,0,189,135982,35.00,-6.22,-6.56
967550,902,0,173,136014,35.00,-6.20,-6.55
967572,1099,0,173,135998,35.00,-6.23,-6.61
967594,1799,0,179,135975,35.00,-6.22,-6.60
967616,2523,0,191,135998,35.00,-6.21,-6.59
967638,3013,0,206,136030,35.00,-6.23,-6.60
967660,3443,0,203,136061,35.00,-6.23,-6.62
967701,3271,0,213,135850,35.00,-6.21,-6.57
967723,3053,0,205,135849,35.00,-6.20,-6.54
967745,2429,0,185,135871,35.00,-6.20,-6.61
967767,1687,0,172,135957,35.00,-6.22,-6.58
967789,1269,0,159,135995,35.00,-6.22,-6.59
967811,1177,0,148,136109,35.00,-6.25,-6.64
967833,1327,0,149,136213,35.00,-6.18,-6.57
967855,2059,0,167,136275,35.00,-6.23,-6.56
967877,2415,0,168,136324,35.00,-6.22,-6.58
967899,2887,0,185,136261,35.00,-6.18,-6.55
967942,2827,0,186,136355,35.00,-6.22,-6.58
967964,2309,0,173,136255,35.00,-6.23,-6.58
967986,1509,0,165,135979,35.00,-6.23,-6.60
968424,828,0,169,135966,33.76,-6.21,-6.58
968463,1297,0,161,135615,35.00,-6.24,-6.63
968485,1577,0,179,135603,35.00,-6.24,-6.62
968507,1070,0,167,135507,35.00,-6.25,-6.56
968529,775,0,147,135541,35.00,-6.25,-6.61
968551,1039,0,151,135524,35.00,-6.22,-6.63
968573,1339,0,163,135466,35.00,-6.24,-6.59
968595,1787,0,173,135496,35.00,-6.30,-6.59
968617,2318,0,185,135486,35.00,-6.23,-6.61
968639,2591,0,190,135488,35.00,-6.19,-6.56
968661,2335,0,185,135430,35.00,-6.23,-6.59
968703,2120,0,191,135703,35.00,-6.21,-6.60
968725,1662,0,169,135788,35.00,-6.24,-6.57
968747,1050,0,158,135751,35.00,-6.24,-6.54
968769,745,0,151,135763,35.00,-6.24,-6.59
968791,1076,0,146,135814,35.00,-6.19,-6.53
968813,1305,0,165,135776,35.00,-6.21,-6.62
968835,1940,0,172,135835,35.00,-6.23,-6.61
968857,2405,0,180,135871,35.00,-6.20,-6.55
968879,2728,0,197,135932,35.00,-6.26,-6.57
968901,2729,0,202,135979,35.00,-6.21,-6.54
968944,2489,0,200,136114,35.00,-6.22,-6.58
968966,1275,0,159,136112,35.00,-6.22,-6.58
968988,846,0,155,136143,35.00,-6.19,-6.60
969694,915,0,155,136156,33.76,-6.22,-6.56
969725,2493,0,182,136090,35.00,-6.26,-6.64
969747,966,0,151,136242,35.00,-6.20,-6.57
969769,939,0,151,136111,35.00,-6.21,-6.65
969791,1189,0,155,135798,35.00,-6.22,-6.58
969813,1661,0,164,135687,35.00,-6.22,-6.65
969835,2205,0,181,135762,35.00,-6.26,-6.55
969857,2668,0,199,135834,35.00,-6.20,-6.59
969879,2827,0,201,135953,35.00,-6.21,-6.60
969901,2569,0,198,136028,35.00,-6.24,-6.58
969923,2007,0,185,136079,35.00,-6.27,-6.59
969945,1429,0,171,136108,35.00,-6.23,-6.58
969986,1043,0,163,136116,35.00,-6.24,-6.60
970710,933,0,157,136096,33.87,-6.24,-6.59
970748,1852,0,164,135714,35.00,-6.21,-6.58
970770,1226,0,159,135614,35.00,-6.21,-6.60
970792,1359,0,155,135429,35.00,-6.22,-6.61
970814,2270,0,181,135494,35.00,-6.24,-6.64
970836,2709,0,195,135469,35.00,-6.24,-6.56
970858,2895,0,201,135521,35.00,-6.22,-6.58
970880,2595,0,188,135579,35.00,-6.22,-6.59
970902,2023,0,187,135600,35.00,-6.21,-6.61
970924,1439,0,175,135641,35.00,-6.21,-6.53
970946,995,0,158,135696,35.00,-6.18,-6.59
970988,969,0,156,135595,35.00,-6.20,-6.63
971727,1309,0,165,135569,33.99,-6.23,-6.62
971770,1179,0,165,135185,35.00,-6.19,-6.56
971792,1817,0,163,135266,35.00,-6.21,-6.56
971814,2325,0,165,135353,35.00,-6.24,-6.59
971836,2790,0,200,135370,35.00,-6.24,-6.60
971858,2860,0,188,135278,35.00,-6.23,-6.58
971880,2531,0,201,135249,35.00,-6.21,-6.61
971902,1695,0,183,135283,35.00,-6.20,-6.58
971924,1189,0,171,135347,35.00,-6.25,-6.58
971946,938,0,158,135330,35.00,-6.21,-6.56
971968,1047,0,157,135427,35.00,-6.20,-6.58
972743,1382,0,155,135509,33.78,-6.23,-6.61
972772,777,0,159,135738,35.00,-6.22,-6.56
972794,2665,0,191,135750,35.00,-6.23,-6.62
972816,2886,0,203,135704,35.00,-6.17,-6.60
972838,2555,0,200,135665,35.00,-6.21,-6.61
972860,2041,0,203,135622,35.00,-6.22,-6.58
972882,1447,0,179,135675,35.00,-6.22,-6.57
972904,965,0,163,135724,35.00,-6.21,-6.60
972926,876,0,154,135780,35.00,-6.20,-6.58
972948,1261,0,167,135838,35.00,-6.15,-6.55
972970,1861,0,171,135836,35.00,-6.22,-6.58
973512,2265,0,175,135783,33.81,-6.21,-6.56
973554,2716,0,191,136002,35.00,-6.22,-6.59
973576,2859,0,199,135881,35.00,-6.22,-6.56
973598,2577,0,191,135875,35.00,-6.27,-6.59
973620,2035,0,175,135857,35.00,-6.24,-6.64
973642,1433,0,165,135891,35.00,-6.26,-6.59
973664,1013,0,157,135875,35.00,-6.21,-6.59
973686,1108,0,154,135892,35.00,-6.20,-6.58
973708,1439,0,157,135961,35.00,-6.22,-6.56
973730,1967,0,181,135966,35.00,-6.22,-6.59
973752,2489,0,181,135932,35.00,-6.23,-6.58
973794,2875,0,201,135929,35.00,-6.24,-6.58
973816,2809,0,206,135937,35.00,-6.22,-6.59
973838,2271,0,203,135948,35.00,-6.21,-6.58
973860,1645,0,188,135986,35.00,-6.21,-6.59
973882,1076,0,173,136048,35.00,-6.17,-6.59
973904,870,0,159,136073,35.00,-6.25,-6.57
973926,1076,0,165,136126,35.00,-6.18,-6.59
973948,1530,0,167,136123,35.00,-6.23,-6.54
973970,2057,0,174,136134,35.00,-6.23,-6.58
973992,2518,0,182,136108,35.00,-6.20,-6.58
974035,2805,0,189,136095,35.00,-6.27,-6.61
974057,2535,0,203,136076,35.00,-6.20,-6.57
974079,1933,0,198,136079,35.00,-6.22,-6.59
974101,1304,0,181,136095,35.00,-6.25,-6.58
974123,895,0,167,135895,35.00,-6.21,-6.60
974145,920,0,165,135743,35.00,-6.21,-6.60
974167,1330,0,163,135740,35.00,-6.18,-6.61
974189,1805,0,175,135764,35.00,-6.23,-6.59
974211,2317,0,175,135833,35.00,-6.26,-6.59
974233,2660,0,201,135859,35.00,-6.18,-6.57
974275,2771,0,199,135752,35.00,-6.23,-6.58
974297,2495,0,187,135670,35.00,-6.22,-6.57
974319,1811,0,178,135768,35.00,-6.19,-6.59
974341,1275,0,167,135774,35.00,-6.23,-6.56
974363,941,0,163,135767,35.00,-6.24,-6.60
974385,994,0,152,135871,35.00,-6.23,-6.55
974407,1374,0,157,135988,35.00,-6.22,-6.54
974429,1833,0,171,135978,35.00,-6.16,-6.58
974451,2380,0,187,135965,35.00,-6.19,-6.60
974473,2757,0,197,136006,35.00,-6.20,-6.59
974516,2811,0,213,136300,35.00,-6.20,-6.61
974538,2119,0,197,136384,35.00,-6.21,-6.55
974560,1384,0,173,136504,35.00,-6.24,-6.59
974582,925,0,168,136524,35.00,-6.21,-6.66
974604,821,0,163,136520,35.00,-6.25,-6.58
974626,1161,0,165,136573,35.00,-6.19,-6.58
974648,1611,0,164,136543,35.00,-6.26,-6.55
974670,2325,0,189,136545,35.00,-6.23,-6.57
974692,2668,0,187,136648,35.00,-6.24,-6.61
974714,2991,0,212,136723,35.00,-6.19,-6.57
974756,2725,0,189,136845,35.00,-6.22,-6.54
974778,2137,0,187,136989,35.00,-6.20,-6.58
974800,1517,0,179,136921,35.00,-6.22,-6.62
974822,1067,0,157,136985,35.00,-6.21,-6.59
974844,883,0,165,136951,35.00,-6.25,-6.58
974866,1221,0,170,136808,35.00,-6.19,-6.61
974888,1688,0,171,136817,35.00,-6.20,-6.55
974910,2427,0,189,137055,35.00,-6.24,-6.57
974932,2789,0,199,137183,35.00,-6.20,-6.65
974954,2967,0,201,137080,35.00,-6.20,-6.60
974976,2423,0,186,137152,35.00,-6.24,-6.60
975537,1964,0,179,137875,33.93,-6.24,-6.61
975578,1405,0,188,135775,35.00,-6.20,-6.58
975600,1161,0,169,135713,35.00,-6.21,-6.57
975622,941,0,164,135674,35.00,-6.22,-6.57
975644,1032,0,152,135631,35.00,-6.20,-6.58
975666,1433,0,169,135603,35.00,-6.21,-6.59
975688,2035,0,182,135610,35.00,-6.19,-6.59
975710,2393,0,188,135678,35.00,-6.22,-6.57
975732,2792,0,189,135657,35.00,-6.20,-6.61
975754,2707,0,198,135686,35.00,-6.19,-6.60
975776,2323,0,197,135718,35.00,-6.22,-6.57
975819,1643,0,182,135902,35.00,-6.22,-6.57
975841,1053,0,157,135876,35.00,-6.16,-6.61
975863,989,0,156,135785,35.00,-6.23,-6.56
975885,1309,0,162,135757,35.00,-6.22,-6.58
975907,1907,0,183,135751,35.00,-6.21,-6.60
975929,2425,0,187,135743,35.00,-6.22,-6.61
975951,2857,0,201,135693,35.00,-6.24,-6.59
975973,2806,0,201,135773,35.00,-6.25,-6.57
975995,2495,0,203,135779,35.00,-6.24,-6.58
976553,1903,0,187,135730,34.09,-6.26,-6.57
976583,2365,0,197,135821,35.00,-6.23,-6.59
976605,1431,0,160,135806,35.00,-6.21,-6.54
976627,2071,0,189,135776,35.00,-6.21,-6.55
976649,2467,0,189,135797,35.00,-6.22,-6.58
976671,2812,0,201,135866,35.00,-6.20,-6.58
976693,2834,0,200,135936,35.00,-6.22,-6.57
976715,2415,0,197,135986,35.00,-6.22,-6.56
976737,1705,0,179,135995,35.00,-6.23,-6.61
976759,1109,0,175,136007,35.00,-6.26,-6.56
976801,879,0,167,136082,35.00,-6.22,-6.57
976823,955,0,160,136084,35.00,-6.22,-6.58
976845,1469,0,165,136135,35.00,-6.24,-6.57
976867,2089,0,183,136217,35.00,-6.25,-6.61
976889,2521,0,185,136289,35.00,-6.22,-6.65
976911,2703,0,211,136295,35.00,-6.24,-6.55
976933,2646,0,198,136305,35.00,-6.21,-6.61
976955,2195,0,199,136248,35.00,-6.22,-6.58
976977,1659,0,181,136419,35.00,-6.26,-6.60
976999,1081,0,171,136415,35.00,-6.19,-6.54
977041,1053,0,165,136526,35.00,-6.26,-6.59
977063,1170,0,163,136453,35.00,-6.22,-6.56
977085,1671,0,167,136439,35.00,-6.23,-6.55
977107,2291,0,187,136304,35.00,-6.23,-6.58
977129,2741,0,186,136222,35.00,-6.22,-6.63
977151,2903,0,203,136174,35.00,-6.23,-6.60
977173,2715,0,199,136199,35.00,-6.19,-6.58
977195,2187,0,202,136179,35.00,-6.24,-6.58
977217,1527,0,179,136178,35.00,-6.22,-6.61
977239,1011,0,157,136147,35.00,-6.25,-6.60
977261,924,0,149,136131,35.00,-6.21,-6.63
977302,1215,0,157,136105,35.00,-6.21,-6.58
977324,1385,0,159,136097,35.00,-6.22,-6.57
977346,1906,0,185,136093,35.00,-6.25,-6.58
977368,2389,0,183,136106,35.00,-6.22,-6.62
977390,2792,0,198,136109,35.00,-6.19,-6.58
977412,2805,0,199,136118,35.00,-6.20,-6.58
977434,2363,0,189,136098,35.00,-6.24,-6.60
977456,1717,0,179,136127,35.00,-6.21,-6.64
977478,1208,0,169,136244,35.00,-6.22,-6.59
977500,901,0,148,136164,35.00,-6.25,-6.59
977542,1067,0,159,135940,35.00,-6.27,-6.56
977564,1415,0,166,135888,35.00,-6.22,-6.58
977586,1959,0,185,135876,35.00,-6.22,-6.58
977608,2359,0,185,135916,35.00,-6.27,-6.56
977630,3089,0,209,135955,35.00,-6.24,-6.61
977652,2699,0,201,136067,35.00,-6.24,-6.56
977674,2351,0,205,136065,35.00,-6.23,-6.60
977696,1609,0,184,136051,35.00,-6.24,-6.59
977718,1099,0,169,136029,35.00,-6.23,-6.55
977740,845,0,157,136071,35.00,-6.25,-6.58
977762,1049,0,164,136066,35.00,-6.21,-6.60
977803,1444,0,169,136082,35.00,-6.22,-6.55
977825,1824,0,167,136105,35.00,-6.21,-6.59
977847,2423,0,187,136164,35.00,-6.24,-6.57
977869,2765,0,189,136174,35.00,-6.22,-6.58
977891,2845,0,215,136180,35.00,-6.27,-6.58
977913,2411,0,203,136151,35.00,-6.21,-6.59
977935,2007,0,189,136078,35.00,-6.21,-6.54
977957,1277,0,173,135776,35.00,-6.18,-6.58
977979,999,0,167,135574,35.00,-6.22,-6.59
978341,947,0,167,135377,34.12,-6.18,-6.57
978369,1487,0,171,135762,35.00,-6.21,-6.59
978391,2739,0,200,135712,35.00,-6.24,-6.61
978413,2361,0,187,135741,35.00,-6.25,-6.59
978435,1704,0,178,135719,35.00,-6.23,-6.56
978457,1173,0,174,135639,35.00,-6.24,-6.60
978479,851,0,165,135618,35.00,-6.18,-6.58
978501,1041,0,171,135663,35.00,-6.20,-6.58
978523,1468,0,165,135633,35.00,-6.20,-6.53
978565,2103,0,175,135617,35.00,-6.24,-6.60
978587,2597,0,183,135629,35.00,-6.21,-6.56
978609,2793,0,201,135666,35.00,-6.20,-6.61
978631,2631,0,198,135531,35.00,-6.24,-6.56
978653,2220,0,197,135590,35.00,-6.21,-6.57
978675,1609,0,183,135615,35.00,-6.26,-6.58
978697,1147,0,163,135665,35.00,-6.23,-6.62
978719,988,0,165,135722,35.00,-6.20,-6.56
978741,1255,0,165,135749,35.00,-6.23,-6.58
978763,1644,0,169,135745,35.00,-6.20,-6.54
978805,2109,0,180,135767,35.00,-6.26,-6.62
978827,2607,0,188,135736,35.00,-6.20,-6.62
978849,2861,0,199,135625,35.00,-6.24,-6.58
978871,2759,0,200,135617,35.00,-6.24,-6.57
978893,2271,0,184,135530,35.00,-6.21,-6.57
978915,1484,0,170,135390,35.00,-6.26,-6.60
978937,988,0,164,135354,35.00,-6.24,-6.65
978959,921,0,157,135353,35.00,-6.26,-6.60
978981,1131,0,165,135359,35.00,-6.20,-6.58
979347,1567,0,170,135396,34.20,-6.18,-6.60
979386,2867,0,213,135557,35.00,-6.20,-6.60
979408,2741,0,198,135569,35.00,-6.16,-6.58
979430,2774,0,201,135590,35.00,-6.21,-6.57
979452,2283,0,197,135592,35.00,-6.19,-6.60
979474,1719,0,186,135570,35.00,-6.24,-6.59
979496,1161,0,170,135552,35.00,-6.21,-6.58
979518,955,0,159,135652,35.00,-6.25,-6.57
979540,1097,0,165,135573,35.00,-6.20,-6.57
979562,1553,0,164,135540,35.00,-6.23,-6.56
979584,2169,0,185,135542,35.00,-6.24,-6.57
979606,2791,0,189,135614,35.00,-6.22,-6.57
979647,2701,0,201,135420,35.00,-6.23,-6.56
979669,2789,0,200,135401,35.00,-6.23,-6.60
979691,2485,0,197,135446,35.00,-6.26,-6.62
979713,1913,0,183,135446,35.00,-6.21,-6.60
979735,1221,0,168,135401,35.00,-6.20,-6.62
979757,923,0,159,135424,35.00,-6.25,-6.62
979779,953,0,165,135502,35.00,-6.23,-6.60
979801,1363,0,159,135422,35.00,-6.21,-6.60
979823,1890,0,178,135378,35.00,-6.17,-6.56
979845,2430,0,187,135311,35.00,-6.21,-6.58
979888,2732,0,205,135619,35.00,-6.20,-6.57
979910,2627,0,197,135637,35.00,-6.24,-6.58
979932,2194,0,199,135609,35.00,-6.24,-6.61
979954,1510,0,172,135453,35.00,-6.22,-6.62
979976,1031,0,165,135545,35.00,-6.21,-6.57
979998,915,0,165,135642,35.00,-6.23,-6.60
980020,1259,0,165,135602,35.00,-6.20,-6.59
980042,1723,0,171,135242,35.00,-6.21,-6.57
980064,2269,0,183,135214,35.00,-6.21,-6.62
980086,2301,0,183,135419,35.00,-6.25,-6.59
980128,2991,0,211,135218,35.00,-6.20,-6.56
980150,2615,0,200,135221,35.00,-6.21,-6.57
980172,1918,0,186,135290,35.00,-6.23,-6.58
980194,1427,0,179,135418,35.00,-6.20,-6.58
980216,1032,0,157,135596,35.00,-6.21,-6.59
980238,1053,0,157,135760,35.00,-6.24,-6.61
980260,1259,0,169,135821,35.00,-6.22,-6.58
980282,1803,0,174,135797,35.00,-6.21,-6.60
980304,2395,0,177,135741,35.00,-6.25,-6.58
980326,2805,0,192,135595,35.00,-6.25,-6.55
980369,2847,0,203,135508,35.00,-6.17,-6.59
980391,2303,0,213,135464,35.00,-6.21,-6.56
980413,1461,0,185,135591,35.00,-6.22,-6.59
980435,1251,0,172,135485,35.00,-6.28,-6.59
980457,975,0,154,135306,35.00,-6.21,-6.58
980479,1323,0,155,135363,35.00,-6.21,-6.62
980501,1605,0,157,135383,35.00,-6.17,-6.58
980523,1970,0,172,135483,35.00,-6.23,-6.56
980545,2285,0,198,135530,35.00,-6.25,-6.57
980567,2543,0,213,135588,35.00,-6.22,-6.59
980609,2539,0,213,135517,35.00,-6.18,-6.58
980631,2207,0,189,135604,35.00,-6.21,-6.56
980653,1506,0,175,135611,35.00,-6.22,-6.57
980675,1122,0,164,135609,35.00,-6.20,-6.59
980697,1117,0,165,135643,35.00,-6.23,-6.60
980719,1301,0,165,135717,35.00,-6.21,-6.60
980741,1651,0,169,135748,35.00,-6.21,-6.53
980763,2201,0,175,135793,35.00,-6.21,-6.58
980785,2515,0,190,135893,35.00,-6.22,-6.57
980807,2797,0,203,135907,35.00,-6.24,-6.60
980850,2610,0,205,135907,35.00,-6.21,-6.57
980872,1739,0,175,135885,35.00,-6.22,-6.57
980894,1191,0,171,135874,35.00,-6.19,-6.57
980916,823,0,167,135858,35.00,-6.19,-6.60
980938,1006,0,174,135853,35.00,-6.24,-6.56
980960,1389,0,172,135847,35.00,-6.24,-6.60
980982,1973,0,189,135867,35.00,-6.23,-6.61
981380,2472,0,201,135921,33.82,-6.23,-6.59
981411,2197,0,187,136563,35.00,-6.22,-6.55
981433,1343,0,168,136501,35.00,-6.22,-6.54
981455,978,0,167,136353,35.00,-6.22,-6.58
981477,819,0,165,136115,35.00,-6.23,-6.57
981499,1413,0,179,136130,35.00,-6.22,-6.57
981521,1861,0,182,135856,35.00,-6.23,-6.57
981543,2398,0,189,136030,35.00,-6.18,-6.59
981565,2705,0,204,135998,35.00,-6.22,-6.56
981587,2936,0,213,135984,35.00,-6.23,-6.56
981609,2438,0,191,135816,35.00,-6.28,-6.60
981651,1903,0,184,135728,35.00,-6.22,-6.60
981673,1285,0,179,135765,35.00,-6.23,-6.51
981695,995,0,171,135694,35.00,-6.16,-6.59
981717,1072,0,170,135783,35.00,-6.20,-6.58
981739,1464,0,167,135791,35.00,-6.22,-6.55
981761,1995,0,181,135831,35.00,-6.26,-6.56
981783,2648,0,191,135905,35.00,-6.23,-6.55
981805,3169,0,203,135900,35.00,-6.22,-6.59
981827,2601,0,191,135562,35.00,-6.22,-6.52
981849,2216,0,189,135615,35.00,-6.22,-6.61
981871,1608,0,173,135660,35.00,-6.21,-6.56
981912,1123,0,165,135825,35.00,-6.26,-6.61
981934,1055,0,163,135820,35.00,-6.26,-6.57
981956,869,0,167,135912,35.00,-6.26,-6.58
981978,1205,0,173,135879,35.00,-6.16,-6.60
982396,1754,0,169,135888,34.14,-6.22,-6.62
982433,1405,0,167,136041,35.00,-6.20,-6.59
982455,950,0,159,135945,35.00,-6.20,-6.57
982477,1144,0,165,135909,35.00,-6.21,-6.54
982499,1752,0,179,135916,35.00,-6.21,-6.59
982521,2284,0,179,135925,35.00,-6.21,-6.60
982543,2633,0,189,135850,35.00,-6.24,-6.58
982565,2728,0,199,135777,35.00,-6.22,-6.61
982587,2667,0,213,135847,35.00,-6.26,-6.58
982609,2172,0,197,136059,35.00,-6.26,-6.59
982631,1495,0,181,136189,35.00,-6.26,-6.60
982653,1085,0,178,136287,35.00,-6.19,-6.58
982694,1011,0,164,135954,35.00,-6.20,-6.58
982716,1195,0,165,135919,35.00,-6.23,-6.59
982738,1461,0,158,135810,35.00,-6.23,-6.61
982760,1967,0,179,135903,35.00,-6.23,-6.59
982782,2421,0,197,135861,35.00,-6.24,-6.57
982804,2581,0,199,135840,35.00,-6.20,-6.56
982826,2513,0,207,136076,35.00,-6.20,-6.58
982848,2407,0,203,135914,35.00,-6.22,-6.60
982870,1719,0,175,135642,35.00,-6.23,-6.61
982892,1011,0,165,135624,35.00,-6.22,-6.56
982934,921,0,157,136069,35.00,-6.22,-6.56
982956,1150,0,179,136224,35.00,-6.21,-6.54
982978,1563,0,167,136198,35.00,-6.24,-6.61
983412,2026,0,181,136192,34.19,-6.25,-6.58
983441,1021,0,168,136908,35.00,-6.25,-6.62
983463,2791,0,199,136939,35.00,-6.21,-6.55
983485,2503,0,201,136758,35.00,-6.22,-6.55
983507,2327,0,213,136933,35.00,-6.22,-6.56
983529,1721,0,187,136921,35.00,-6.20,-6.54
983551,1197,0,169,136848,35.00,-6.25,-6.56
983573,1019,0,162,136708,35.00,-6.22,-6.60
983595,1148,0,163,136689,35.00,-6.27,-6.58
983636,1551,0,167,136401,35.00,-6.24,-6.57
983658,1855,0,168,136440,35.00,-6.23,-6.60
983680,2269,0,188,136131,35.00,-6.24,-6.58
983702,2661,0,191,136257,35.00,-6.22,-6.60
983724,2808,0,211,136240,35.00,-6.24,-6.54
983746,2425,0,191,136205,35.00,-6.20,-6.60
983768,2010,0,200,136122,35.00,-6.26,-6.60
983790,1371,0,181,136211,35.00,-6.23,-6.57
983812,1005,0,165,136192,35.00,-6.25,-6.57
983834,943,0,159,136230,35.00,-6.19,-6.58
983877,1241,0,169,136027,35.00,-6.21,-6.61
983899,2028,0,183,135606,35.00,-6.20,-6.57
983921,2509,0,187,135652,35.00,-6.22,-6.56
983943,2759,0,211,135515,35.00,-6.23,-6.58
983965,2757,0,212,135250,35.00,-6.24,-6.58
983987,2313,0,202,135307,35.00,-6.22,-6.59
984428,1821,0,186,135346,34.36,-6.21,-6.56
984458,1177,0,175,135371,35.00,-6.24,-6.56
984480,2407,0,185,135283,35.00,-6.21,-6.60
984502,2783,0,205,135289,35.00,-6.22,-6.60
984524,2711,0,201,135221,35.00,-6.26,-6.61
984546,2393,0,189,135273,35.00,-6.21,-6.58
984568,1757,0,178,135283,35.00,-6.22,-6.57
984590,1175,0,170,135372,35.00,-6.21,-6.57
984612,933,0,154,135520,35.00,-6.21,-6.55
984634,1035,0,167,135505,35.00,-6.25,-6.58
984656,1395,0,169,135532,35.00,-6.24,-6.57
984698,2031,0,175,135614,35.00,-6.24,-6.58
984720,2543,0,191,135614,35.00,-6.22,-6.60
984742,2735,0,191,135604,35.00,-6.21,-6.56
984764,2823,0,216,135610,35.00,-6.19,-6.57
984786,2291,0,201,135632,35.00,-6.26,-6.54
984808,1548,0,179,135683,35.00,-6.20,-6.58
984830,1111,0,169,135797,35.00,-6.24,-6.55
984852,981,0,155,135865,35.00,-6.24,-6.60
984874,1083,0,157,135945,35.00,-6.18,-6.61
984896,1501,0,164,136009,35.00,-6.22,-6.61
984918,2223,0,183,136057,35.00,-6.21,-6.59
984959,2485,0,189,136097,35.00,-6.22,-6.58
984981,2735,0,189,136092,35.00,-6.21,-6.58
985699,2863,0,201,136212,33.84,-6.21,-6.59
985741,2772,0,207,135771,35.00,-6.24,-6.59
985763,2707,0,203,135765,35.00,-6.23,-6.58
985785,2263,0,204,135830,35.00,-6.23,-6.58
985807,1675,0,185,135834,35.00,-6.25,-6.59
985829,1095,0,171,135880,35.00,-6.22,-6.58
985851,885,0,165,135883,35.00,-6.23,-6.64
985873,1093,0,171,135852,35.00,-6.22,-6.57
985895,1510,0,181,135814,35.00,-6.25,-6.60
985917,2003,0,180,135809,35.00,-6.26,-6.55
985939,2534,0,189,135834,35.00,-6.23,-6.63
985981,2825,0,205,135961,35.00,-6.20,-6.58
986715,2681,0,205,135928,33.63,-6.15,-6.58
986743,2269,0,174,135923,35.00,-6.24,-6.58
986765,1961,0,190,135933,35.00,-6.22,-6.57
986787,1448,0,180,135978,35.00,-6.19,-6.63
986809,1063,0,171,135973,35.00,-6.24,-6.58
986831,967,0,153,135914,35.00,-6.24,-6.59
986853,1327,0,167,135930,35.00,-6.25,-6.61
986875,1917,0,184,135792,35.00,-6.23,-6.56
986897,2341,0,185,135656,35.00,-6.27,-6.59
986919,2614,0,189,135526,35.00,-6.22,-6.58
986941,2840,0,205,135750,35.00,-6.16,-6.61
986983,2597,0,207,135654,35.00,-6.21,-6.58
987731,1944,0,187,135475,33.76,-6.21,-6.56
987765,1450,0,169,136502,35.00,-6.20,-6.60
987787,1207,0,167,136391,35.00,-6.21,-6.56
987809,953,0,159,136429,35.00,-6.21,-6.58
987831,1069,0,153,136410,35.00,-6.22,-6.60
987853,1403,0,163,136470,35.00,-6.26,-6.57
987875,2021,0,180,136580,35.00,-6.24,-6.58
987897,2516,0,199,136657,35.00,-6.17,-6.58
987919,2863,0,213,136683,35.00,-6.24,-6.59
987941,2679,0,211,136623,35.00,-6.28,-6.61
987963,2263,0,191,136747,35.00,-6.22,-6.60
988747,1575,0,198,136580,33.90,-6.25,-6.62
988787,731,0,158,136340,35.00,-6.26,-6.62
988809,1007,0,166,136330,35.00,-6.17,-6.59
988831,1303,0,165,136444,35.00,-6.19,-6.55
988853,1844,0,169,136550,35.00,-6.25,-6.56
988875,2387,0,181,136458,35.00,-6.23,-6.56
988897,2847,0,191,136459,35.00,-6.22,-6.60
988919,2825,0,211,136345,35.00,-6.22,-6.62
988941,2632,0,197,136402,35.00,-6.18,-6.57
988963,2013,0,187,136391,35.00,-6.23,-6.58
988985,1406,0,181,136335,35.00,-6.21,-6.61
989509,1007,0,165,136333,33.97,-6.24,-6.55
989549,1375,0,167,135766,35.00,-6.23,-6.57
989571,1333,0,167,135779,35.00,-6.22,-6.59
989593,2007,0,183,135784,35.00,-6.24,-6.57
989615,2397,0,184,135771,35.00,-6.24,-6.55
989637,2835,0,202,135729,35.00,-6.24,-6.58
989659,2809,0,213,135756,35.00,-6.25,-6.58
989681,2377,0,206,135849,35.00,-6.22,-6.62
989703,1753,0,181,135810,35.00,-6.22,-6.59
989725,1169,0,168,135808,35.00,-6.23,-6.60
989747,891,0,159,135858,35.00,-6.19,-6.61
989790,1041,0,169,135893,35.00,-6.24,-6.62
989812,1784,0,171,135910,35.00,-6.24,-6.61
989834,2207,0,185,135808,35.00,-6.23,-6.54
989856,2653,0,191,135773,35.00,-6.22,-6.62
989878,2811,0,215,135808,35.00,-6.24,-6.59
989900,2665,0,199,135901,35.00,-6.19,-6.61
989922,2123,0,203,135935,35.00,-6.24,-6.57
989944,1401,0,179,135936,35.00,-6.24,-6.58
989966,1013,0,167,135936,35.00,-6.23,-6.56
989988,939,0,158,135940,35.00,-6.21,-6.60
990030,1224,0,159,135974,35.00,-6.21,-6.56
990052,1871,0,171,135935,35.00,-6.21,-6.57
990074,2332,0,185,135896,35.00,-6.21,-6.56
990096,2683,0,191,135805,35.00,-6.22,-6.57
990118,2808,0,203,135752,35.00,-6.27,-6.59
990140,2501,0,191,135676,35.00,-6.22,-6.56
990162,2019,0,187,135719,35.00,-6.19,-6.56
990184,1354,0,171,135819,35.00,-6.25,-6.58
990206,1022,0,165,135996,35.00,-6.25,-6.54
990228,1007,0,157,135960,35.00,-6.23,-6.60
990271,1285,0,163,135856,35.00,-6.22,-6.59
990293,2155,0,172,135888,35.00,-6.19,-6.58
990315,2575,0,201,135924,35.00,-6.25,-6.55
990337,2794,0,199,135933,35.00,-6.23,-6.59
990359,2695,0,201,135946,35.00,-6.24,-6.59
990381,2205,0,190,135900,35.00,-6.20,-6.62
990403,1556,0,174,135892,35.00,-6.22,-6.59
990425,1107,0,168,135748,35.00,-6.21,-6.58
990447,909,0,167,135681,35.00,-6.25,-6.60
990469,1034,0,157,135562,35.00,-6.19,-6.61
990511,1496,0,168,135866,35.00,-6.24,-6.56
990533,2195,0,198,135961,35.00,-6.20,-6.60
990555,2653,0,199,136008,35.00,-6.26,-6.60
990577,2835,0,210,136060,35.00,-6.23,-6.56
990599,2669,0,203,136074,35.00,-6.26,-6.60
990621,2227,0,203,136078,35.00,-6.25,-6.58
990643,1463,0,175,136085,35.00,-6.22,-6.55
990665,1047,0,167,136081,35.00,-6.25,-6.56
990687,911,0,157,136071,35.00,-6.23,-6.62
990709,1225,0,157,136066,35.00,-6.24,-6.59
990731,1747,0,167,136021,35.00,-6.24,-6.59
990772,2215,0,187,135940,35.00,-6.27,-6.59
990794,2487,0,191,135946,35.00,-6.22,-6.60
990816,2747,0,212,135974,35.00,-6.22,-6.57
990838,2757,0,205,135906,35.00,-6.23,-6.56
990860,2365,0,207,135902,35.00,-6.24,-6.60
990882,1745,0,191,135937,35.00,-6.25,-6.60
990904,1263,0,170,136038,35.00,-6.22,-6.58
990926,931,0,164,136171,35.00,-6.26,-6.57
990948,1113,0,159,136190,35.00,-6.24,-6.59
990970,1384,0,159,136127,35.00,-6.23,-6.57
991542,1944,0,175,136071,33.68,-6.21,-6.58
991574,1119,0,176,135608,35.00,-6.26,-6.58
991596,2841,0,199,135708,35.00,-6.24,-6.60
991618,2630,0,200,135824,35.00,-6.20,-6.59
991640,2121,0,183,135905,35.00,-6.24,-6.59
991662,1528,0,172,135931,35.00,-6.17,-6.56
991684,1343,0,173,136061,35.00,-6.22,-6.58
991706,958,0,169,136069,35.00,-6.23,-6.57
991728,1256,0,167,136032,35.00,-6.23,-6.62
991750,1513,0,165,136015,35.00,-6.22,-6.61
991772,2155,0,175,136052,35.00,-6.25,-6.61
991814,2556,0,199,136130,35.00,-6.26,-6.56
991836,2879,0,205,136090,35.00,-6.18,-6.57
991858,2678,0,207,136059,35.00,-6.23,-6.60
991880,2207,0,211,136024,35.00,-6.20,-6.60
991902,1453,0,184,135979,35.00,-6.27,-6.59
991924,1021,0,167,135983,35.00,-6.23,-6.57
991946,905,0,171,135968,35.00,-6.24,-6.59
991968,1159,0,165,135992,35.00,-6.21,-6.51
991990,1671,0,173,136042,35.00,-6.22,-6.60
992558,2247,0,184,136060,34.12,-6.23,-6.60
992596,1957,0,185,135711,35.00,-6.22,-6.58
992618,2491,0,201,135702,35.00,-6.24,-6.58
992640,2069,0,202,135740,35.00,-6.23,-6.57
992662,1361,0,179,135745,35.00,-6.22,-6.61
992684,991,0,171,135705,35.00,-6.23,-6.57
992706,919,0,158,135687,35.00,-6.21,-6.57
992728,1273,0,163,135648,35.00,-6.27,-6.55
992750,1785,0,167,135647,35.00,-6.26,-6.58
992772,2357,0,187,135649,35.00,-6.22,-6.60
992794,2659,0,185,135624,35.00,-6.25,-6.57
992836,2731,0,206,135373,35.00,-6.20,-6.58
992858,2515,0,198,135469,35.00,-6.22,-6.59
992880,1919,0,188,135598,35.00,-6.22,-6.56
992902,1337,0,180,135702,35.00,-6.20,-6.61
992924,1001,0,169,135708,35.00,-6.21,-6.56
992946,935,0,157,135674,35.00,-6.25,-6.55
992968,1311,0,164,135667,35.00,-6.22,-6.63
992990,1837,0,181,135601,35.00,-6.21,-6.60
993574,2405,0,188,135585,34.25,-6.19,-6.59
993605,2847,0,199,135601,35.00,-6.22,-6.59
993627,1275,0,165,135606,35.00,-6.24,-6.59
993649,1708,0,169,135592,35.00,-6.21,-6.60
993671,2220,0,183,135634,35.00,-6.24,-6.57
993693,2635,0,189,135666,35.00,-6.20,-6.60
993715,2844,0,201,135678,35.00,-6.19,-6.56
993737,2581,0,201,135703,35.00,-6.20,-6.60
993779,2119,0,191,135688,35.00,-6.19,-6.58
993801,1493,0,178,135757,35.00,-6.20,-6.60
993823,973,0,159,135852,35.00,-6.17,-6.56
993845,949,0,163,135819,35.00,-6.27,-6.58
993867,1256,0,164,135746,35.00,-6.21,-6.59
993889,1779,0,171,135828,35.00,-6.25,-6.57
993911,2276,0,185,135906,35.00,-6.24,-6.58
993933,2712,0,197,135909,35.00,-6.24,-6.59
993955,2827,0,211,135855,35.00,-6.23,-6.60
993977,2599,0,207,135861,35.00,-6.20,-6.57
994589,2021,0,199,135952,33.66,-6.23,-6.57
994620,2421,0,185,135707,35.00,-6.22,-6.60
994642,1123,0,167,135758,35.00,-6.20,-6.57
994664,943,0,167,135777,35.00,-6.24,-6.59
994686,1087,0,167,135816,35.00,-6.23,-6.55
994708,1588,0,173,135979,35.00,-6.21,-6.56
994730,2217,0,183,135911,35.00,-6.19,-6.54
994752,2617,0,197,135871,35.00,-6.22,-6.54
994774,2837,0,204,135866,35.00,-6.22,-6.58
994796,2571,0,199,135867,35.00,-6.21,-6.56
994818,2317,0,203,135902,35.00,-6.24,-6.56
994840,1501,0,179,135860,35.00,-6.24,-6.53
994881,1064,0,164,135870,35.00,-6.24,-6.57
994903,1005,0,160,135778,35.00,-6.21,-6.59
994925,1064,0,156,135684,35.00,-6.22,-6.56
994947,1381,0,160,135579,35.00,-6.22,-6.59
994969,1881,0,173,135590,35.00,-6.21,-6.59
994991,2349,0,183,135595,35.00,-6.26,-6.62
995353,2763,0,200,135571,33.80,-6.22,-6.61
995382,2777,0,201,135618,35.00,-6.21,-6.57
995404,1017,0,155,135558,35.00,-6.18,-6.58
995426,1239,0,159,135570,35.00,-6.23,-6.58
995448,1763,0,167,135495,35.00,-6.21,-6.59
995470,2323,0,185,135539,35.00,-6.18,-6.56
995492,2659,0,185,135453,35.00,-6.24,-6.56
995514,2847,0,211,135494,35.00,-6.19,-6.57
995536,2575,0,201,135518,35.00,-6.22,-6.60
995558,2077,0,202,135575,35.00,-6.27,-6.59
995580,1481,0,171,135670,35.00,-6.21,-6.59
995623,971,0,163,135596,35.00,-6.26,-6.57
995645,1151,0,163,135719,35.00,-6.22,-6.58
995667,1460,0,167,135741,35.00,-6.24,-6.56
995689,2004,0,185,135771,35.00,-6.23,-6.62
995711,2527,0,188,135775,35.00,-6.24,-6.60
995733,2740,0,205,135715,35.00,-6.22,-6.57
995755,2681,0,206,135704,35.00,-6.22,-6.59
995777,2293,0,199,135745,35.00,-6.20,-6.56
995799,1677,0,179,135714,35.00,-6.19,-6.59
995821,1133,0,168,135733,35.00,-6.20,-6.56
995863,949,0,164,135696,35.00,-6.24,-6.56
995885,1205,0,157,135673,35.00,-6.19,-6.58
995907,1583,0,171,135647,35.00,-6.19,-6.57
995929,2139,0,181,135696,35.00,-6.25,-6.60
995951,2547,0,189,135730,35.00,-6.24,-6.58
995973,2788,0,201,135776,35.00,-6.19,-6.58
995995,2749,0,202,135835,35.00,-6.23,-6.59
996369,2207,0,204,135804,33.97,-6.17,-6.59
996404,2605,0,185,135541,35.00,-6.22,-6.56
996426,1381,0,170,135446,35.00,-6.24,-6.58
996448,1899,0,172,135388,35.00,-6.25,-6.56
996470,2413,0,189,135385,35.00,-6.23,-6.54
996492,2796,0,205,135475,35.00,-6.23,-6.61
996514,2725,0,199,135339,35.00,-6.20,-6.58
996536,2340,0,181,135334,35.00,-6.27,-6.58
996558,1883,0,189,135305,35.00,-6.22,-6.60
996580,1254,0,173,135122,35.00,-6.23,-6.61
996602,751,0,154,135231,35.00,-6.23,-6.60
996624,885,0,165,135310,35.00,-6.22,-6.56
996665,1383,0,169,135364,35.00,-6.26,-6.59
996687,1619,0,173,135401,35.00,-6.20,-6.58
996709,2310,0,189,135389,35.00,-6.21,-6.62
996731,2723,0,189,135301,35.00,-6.26,-6.60
996753,2939,0,197,135336,35.00,-6.24,-6.56
996775,2723,0,198,135284,35.00,-6.21,-6.57
996797,2137,0,187,135240,35.00,-6.20,-6.61
996819,1355,0,167,135200,35.00,-6.22,-6.57
996841,1021,0,167,135206,35.00,-6.21,-6.59
996863,853,0,154,135183,35.00,-6.22,-6.63
996905,1105,0,163,135194,35.00,-6.25,-6.60
996927,1679,0,165,135243,35.00,-6.24,-6.58
996949,2219,0,189,135339,35.00,-6.25,-6.60
996971,2623,0,201,135383,35.00,-6.27,-6.59
996993,2760,0,205,135449,35.00,-6.22,-6.62
997385,2665,0,206,135527,33.70,-6.25,-6.61
997426,1834,0,175,135799,35.00,-6.23,-6.57
997448,2093,0,179,135792,35.00,-6.22,-6.58
997470,2521,0,185,135792,35.00,-6.21,-6.59
997492,2809,0,203,135807,35.00,-6.19,-6.58
997514,2775,0,202,135761,35.00,-6.24,-6.55
997536,2211,0,197,135752,35.00,-6.21,-6.58
997558,1715,0,183,135658,35.00,-6.23,-6.61
997580,1179,0,167,135626,35.00,-6.21,-6.59
997602,731,0,167,135625,35.00,-6.22,-6.53
997624,1109,0,169,135662,35.00,-6.21,-6.62
997646,1335,0,153,135660,35.00,-6.26,-6.61
997687,2027,0,181,135680,35.00,-6.21,-6.61
997709,2341,0,189,135765,35.00,-6.24,-6.56
997731,2840,0,196,135666,35.00,-6.24,-6.59
997753,2745,0,199,135591,35.00,-6.20,-6.62
997775,2567,0,201,135630,35.00,-6.23,-6.61
997797,1943,0,183,135648,35.00,-6.22,-6.60
997819,1327,0,179,135686,35.00,-6.19,-6.60
997841,1035,0,163,135659,35.00,-6.23,-6.62
997863,979,0,155,135700,35.00,-6.19,-6.59
997885,1341,0,157,135645,35.00,-6.21,-6.61
997928,1755,0,169,135701,35.00,-6.25,-6.61
997950,2667,0,199,135829,35.00,-6.27,-6.60
997972,2842,0,199,135914,35.00,-6.20,-6.53
997994,2677,0,197,135755,35.00,-6.25,-6.61
998401,2267,0,203,135695,34.24,-6.20,-6.59
998429,1013,0,163,136127,35.00,-6.22,-6.60
998451,2749,0,202,136106,35.00,-6.28,-6.59
998473,2813,0,204,136001,35.00,-6.22,-6.59
998495,2526,0,204,135902,35.00,-6.21,-6.57
998517,1910,0,181,135930,35.00,-6.21,-6.55
998539,1321,0,171,135891,35.00,-6.24,-6.59
998561,927,0,157,135906,35.00,-6.28,-6.58
998583,1065,0,160,135974,35.00,-6.24,-6.59
998605,1294,0,159,136062,35.00,-6.20,-6.60
998627,1948,0,172,136064,35.00,-6.22,-6.60
998669,2506,0,187,135624,35.00,-6.22,-6.64
998691,2911,0,185,135614,35.00,-6.24,-6.57
998713,2811,0,189,135607,35.00,-6.24,-6.59
998735,2415,0,199,135623,35.00,-6.24,-6.58
998757,1797,0,182,135587,35.00,-6.24,-6.58
998779,1271,0,171,135570,35.00,-6.25,-6.57
998801,927,0,163,135511,35.00,-6.21,-6.56
998823,990,0,165,135474,35.00,-6.26,-6.65
998845,1377,0,164,135391,35.00,-6.25,-6.58
998867,1951,0,171,135390,35.00,-6.23,-6.59
998889,2385,0,185,135495,35.00,-6.21,-6.60
998930,2693,0,197,135598,35.00,-6.23,-6.60
998952,2835,0,199,135686,35.00,-6.19,-6.62
998974,2515,0,205,135613,35.00,-6.22,-6.55
998996,2129,0,187,135597,35.00,-6.21,-6.56
999417,1493,0,179,135644,33.81,-6.21,-6.57
999451,1245,0,169,136090,35.00,-6.26,-6.59
999473,2851,0,187,136092,35.00,-6.25,-6.59
999495,2445,0,197,136064,35.00,-6.20,-6.57
999517,1723,0,184,136042,35.00,-6.24,-6.58
999539,1102,0,179,136047,35.00,-6.21,-6.62
999561,840,0,165,136067,35.00,-6.22,-6.58
999583,957,0,157,136139,35.00,-6.17,-6.60
999605,1390,0,169,136239,35.00,-6.24,-6.58
999627,1997,0,183,136317,35.00,-6.22,-6.59
999649,2507,0,191,136358,35.00,-6.21,-6.59
999692,2814,0,201,136329,35.00,-6.25,-6.56
999714,2569,0,203,136305,35.00,-6.25,-6.60
999736,2043,0,201,136319,35.00,-6.21,-6.57
999758,1429,0,180,136342,35.00,-6.19,-6.61
999780,1013,0,169,136287,35.00,-6.20,-6.54
999802,967,0,156,136322,35.00,-6.23,-6.58
999824,1293,0,165,136411,35.00,-6.21,-6.56
999846,1813,0,173,136395,35.00,-6.22,-6.56
999868,2309,0,186,136324,35.00,-6.22,-6.56
999890,2663,0,191,136326,35.00,-6.26,-6.60
999932,2795,0,211,136363,35.00,-6.22,-6.61
999954,2440,0,199,136277,35.00,-6.20,-6.61
999976,1889,0,189,136225,35.00,-6.22,-6.58
999998,1316,0,173,136146,35.00,-6.20,-6.57
1000020,975,0,169,136100,35.00,-6.20,-6.60
1000042,1073,0,169,136065,35.00,-6.22,-6.58
1000064,1397,0,162,135973,35.00,-6.19,-6.59
1000086,1875,0,175,135939,35.00,-6.24,-6.56
1000108,2333,0,175,135897,35.00,-6.18,-6.53
1000130,2729,0,188,135920,35.00,-6.19,-6.59
1000152,2763,0,205,135931,35.00,-6.23,-6.56
1000193,2460,0,211,135892,35.00,-6.22,-6.59
1000215,2275,0,206,135936,35.00,-6.23,-6.59
1000237,1627,0,184,135992,35.00,-6.23,-6.59
1000259,1252,0,172,135992,35.00,-6.25,-6.59
1000281,1065,0,153,135989,35.00,-6.18,-6.57
1000303,1277,0,159,136024,35.00,-6.21,-6.61
1000325,1643,0,165,136076,35.00,-6.21,-6.62
1000347,2184,0,171,136080,35.00,-6.22,-6.57
1000369,2575,0,183,135965,35.00,-6.20,-6.59
1000391,2771,0,187,135930,35.00,-6.19,-6.58
1000433,2603,0,197,135830,35.00,-6.21,-6.56
1000455,2309,0,189,135867,35.00,-6.25,-6.56
1000477,1595,0,185,135832,35.00,-6.20,-6.63
1000499,1133,0,175,135654,35.00,-6.20,-6.57
1000521,1021,0,160,135637,35.00,-6.20,-6.55
1000543,1139,0,159,135630,35.00,-6.25,-6.61
1000565,1417,0,174,135626,35.00,-6.19,-6.62
1000587,1769,0,198,135713,35.00,-6.22,-6.59
1000609,2287,0,214,135708,35.00,-6.24,-6.56
1000631,2763,0,219,135632,35.00,-6.22,-6.53
1000653,2579,0,212,135652,35.00,-6.18,-6.59
1000694,2223,0,212,135633,35.00,-6.19,-6.57
1000716,1915,0,181,135608,35.00,-6.21,-6.58
1000738,1215,0,163,135625,35.00,-6.19,-6.58
1000760,906,0,161,135496,35.00,-6.18,-6.58
1000782,1092,0,160,135449,35.00,-6.21,-6.60
1000804,1691,0,181,135539,35.00,-6.27,-6.66
1000826,1847,0,169,135431,35.00,-6.18,-6.61
1000848,1715,0,175,135295,35.00,-6.26,-6.58
1000870,1611,0,187,135249,35.00,-6.20,-6.59
1000892,1963,0,199,135115,35.00,-6.22,-6.64
1000935,1877,0,199,134809,35.00,-6.15,-6.53
1000957,1403,0,188,134742,35.00,-6.17,-6.60
1000979,1236,0,181,134630,35.00,-6.19,-6.68
1001703,573,0,192,134752,34.77,-6.21,-6.58
1001736,969,0,316,141491,35.00,-6.28,-6.53
1001758,0,0,337,141613,35.00,-6.14,-6.57
1001780,0,0,357,141663,35.00,-6.21,-6.53
1001802,0,0,295,141709,35.00,-6.22,-6.57
1001824,0,0,153,141657,35.00,-6.21,-6.51
1001846,295,0,61,141713,35.00,-6.27,-6.54
1001868,2215,0,28,141629,35.00,-6.24,-6.59
1001890,4095,0,27,141670,35.00,-6.16,-6.57
1001912,4095,0,22,141663,35.00,-6.22,-6.60
1001934,4095,0,25,141762,35.00,-6.22,-6.58
1001956,4095,0,25,141983,35.00,-6.27,-6.56
1001997,4095,0,28,142133,35.00,-6.25,-6.51
1002720,4095,0,76,142177,34.35,-6.24,-6.63
1002759,0,0,203,141586,35.00,-6.26,-6.55
1002781,0,0,187,141607,35.00,-6.23,-6.52
1002803,77,0,191,141643,35.00,-6.26,-6.55
1002825,659,0,201,141590,35.00,-6.23,-6.57
1002847,1349,0,217,141543,35.00,-6.22,-6.54
1002869,2329,0,234,141541,35.00,-6.26,-6.56
1002891,3101,0,233,141491,35.00,-6.25,-6.58
1002913,3543,0,235,141503,35.00,-6.28,-6.55
1002935,4095,0,217,141583,35.00,-6.28,-6.64
1002957,3275,0,211,141570,35.00,-6.29,-6.66
1002999,4095,0,217,141686,35.00,-6.22,-6.53
1003021,4095,0,125,141777,35.00,-6.17,-6.55
1003043,4095,0,85,141940,35.00,-6.16,-6.50
1003065,4095,0,53,141937,35.00,-6.19,-6.55
1003087,4095,0,31,141927,35.00,-6.25,-6.54
1003109,4095,0,31,141978,35.00,-6.15,-6.54
1003131,4095,0,47,142054,35.00,-6.15,-6.50
1003153,4095,0,44,142235,35.00,-6.23,-6.58
1003175,3914,0,47,142301,35.00,-6.21,-6.58
1003197,0,0,51,142306,35.00,-6.20,-6.59
1003240,0,0,88,142205,35.00,-6.24,-6.56
1003262,0,0,301,142198,35.00,-6.22,-6.59
1003284,0,0,345,142274,35.00,-6.24,-6.60
1003306,0,0,427,142251,35.00,-6.23,-6.57
1003328,0,0,497,142166,35.00,-6.22,-6.54
1003350,0,0,479,142222,35.00,-6.23,-6.56
1003372,0,0,419,142269,35.00,-6.19,-6.56
1003394,0,0,365,142326,35.00,-6.24,-6.55
1003416,0,0,345,142424,35.00,-6.21,-6.54
1003438,186,0,329,142454,35.00,-6.28,-6.61
1003480,0,0,299,142517,35.00,-6.25,-6.55
1003502,1351,0,296,142643,35.00,-6.23,-6.57
1003524,1851,0,279,142797,35.00,-6.24,-6.56
1003546,2701,0,275,142791,35.00,-6.15,-6.60
1003568,4095,0,285,142774,35.00,-6.20,-6.49
1003590,4095,0,286,142789,35.00,-6.21,-6.59
1003612,4094,0,309,142912,35.00,-6.20,-6.57
1003634,4057,0,315,142810,35.00,-6.24,-6.58
1003656,3676,0,296,142808,35.00,-6.25,-6.60
1003678,2921,0,280,142746,35.00,-6.22,-6.53
1003721,2707,0,251,142100,35.00,-6.26,-6.59
1003743,2876,0,233,142033,35.00,-6.24,-6.64
1003765,3235,0,239,141976,35.00,-6.26,-6.61
1003787,3947,0,239,141871,35.00,-6.24,-6.58
1003809,4095,0,236,141794,35.00,-6.22,-6.59
1003831,4095,0,236,141622,35.00,-6.24,-6.62
1003853,4095,0,221,141439,35.00,-6.25,-6.56
1003875,3799,0,225,141481,35.00,-6.22,-6.55
1003897,3103,0,200,141497,35.00,-6.22,-6.59
1003919,2517,0,181,141497,35.00,-6.22,-6.55
1003961,2163,0,171,141719,35.00,-6.20,-6.58
1003983,1791,0,180,141838,35.00,-6.25,-6.56
1004505,2173,0,189,142014,33.79,-6.25,-6.63
1004542,2076,0,185,142344,35.00,-6.26,-6.62
1004564,1294,0,175,142379,35.00,-6.25,-6.57
1004586,1711,0,188,142355,35.00,-6.22,-6.54
1004608,2233,0,197,142409,35.00,-6.25,-6.59
1004630,2429,0,199,142344,35.00,-6.24,-6.58
1004652,2531,0,205,142402,35.00,-6.26,-6.57
1004674,2174,0,203,142506,35.00,-6.26,-6.52
1004696,1735,0,175,142482,35.00,-6.17,-6.56
1004718,1172,0,169,142102,35.00,-6.19,-6.57
1004740,1055,0,168,141801,35.00,-6.26,-6.55
1004762,1300,0,161,141806,35.00,-6.24,-6.57
1004803,1743,0,163,142270,35.00,-6.25,-6.60
1004825,1768,0,176,142288,35.00,-6.23,-6.57
1004847,2171,0,175,142328,35.00,-6.18,-6.61
1004869,2535,0,189,142315,35.00,-6.23,-6.59
1004891,4095,0,135,142260,35.00,-6.25,-6.58
1004913,2619,0,133,142293,35.00,-6.25,-6.54
1004935,1687,0,143,142279,35.00,-6.27,-6.57
1004957,1331,0,147,142291,35.00,-6.23,-6.56
1004979,1288,0,143,142367,35.00,-6.25,-6.58
1005514,1451,0,153,142392,33.71,-6.25,-6.60
1005545,1839,0,197,141479,35.00,-6.20,-6.59
1005567,2407,0,189,141458,35.00,-6.21,-6.58
1005589,2775,0,202,141347,35.00,-6.23,-6.58
1005611,2913,0,205,141263,35.00,-6.24,-6.57
1005633,2671,0,200,141275,35.00,-6.21,-6.54
1005655,2105,0,187,141279,35.00,-6.21,-6.54
1005677,1631,0,179,141281,35.00,-6.25,-6.58
1005699,1358,0,167,141230,35.00,-6.20,-6.61
1005721,1577,0,168,141208,35.00,-6.20,-6.58
1005743,1844,0,159,141252,35.00,-6.27,-6.62
1005785,2053,0,169,141357,35.00,-6.21,-6.58
1005807,2036,0,203,141340,35.00,-6.27,-6.53
1005829,2473,0,213,141339,35.00,-6.23,-6.60
1005851,3128,0,206,141307,35.00,-6.20,-6.56
1005873,2789,0,189,141318,35.00,-6.21,-6.54
1005895,1831,0,175,141445,35.00,-6.25,-6.57
1005917,1243,0,173,141571,35.00,-6.23,-6.61
1005939,1043,0,165,141588,35.00,-6.27,-6.54
1005961,983,0,165,141578,35.00,-6.21,-6.60
1005983,1134,0,175,141608,35.00,-6.24,-6.56
1006530,1640,0,189,141637,34.16,-6.24,-6.59
1006567,2597,0,191,142025,35.00,-6.23,-6.60
1006589,2584,0,195,142094,35.00,-6.21,-6.56
1006611,2463,0,207,142167,35.00,-6.22,-6.56
1006633,2137,0,205,142211,35.00,-6.25,-6.58
1006655,1485,0,188,142270,35.00,-6.22,-6.57
1006677,1099,0,179,142347,35.00,-6.23,-6.58
1006699,853,0,166,142382,35.00,-6.27,-6.56
1006721,1085,0,173,142392,35.00,-6.21,-6.57
1006743,1555,0,185,142402,35.00,-6.26,-6.58
1006765,2035,0,185,142148,35.00,-6.19,-6.57
1006807,2059,0,183,142572,35.00,-6.15,-6.55
1006829,2822,0,211,142757,35.00,-6.27,-6.56
1006851,2835,0,220,142493,35.00,-6.22,-6.53
1006873,2423,0,205,142477,35.00,-6.20,-6.56
1006895,1807,0,189,142434,35.00,-6.22,-6.53
1006917,1320,0,175,142368,35.00,-6.24,-6.52
1006939,1082,0,169,142298,35.00,-6.25,-6.53
1006961,1181,0,165,142250,35.00,-6.23,-6.62
1006983,1555,0,169,142246,35.00,-6.24,-6.58
1007546,2056,0,183,142246,34.08,-6.19,-6.54
1007576,2605,0,205,142209,35.00,-6.23,-6.53
1007598,1161,0,171,142191,35.00,-6.23,-6.59
1007620,1102,0,175,142139,35.00,-6.27,-6.59
1007642,1326,0,169,142228,35.00,-6.21,-6.57
1007664,1819,0,175,142177,35.00,-6.25,-6.58
1007686,2313,0,173,142136,35.00,-6.19,-6.53
1007708,2782,0,187,142153,35.00,-6.25,-6.58
1007749,2921,0,189,142205,35.00,-6.23,-6.60
1007771,2551,0,191,142232,35.00,-6.23,-6.56
1007793,2215,0,197,142229,35.00,-6.20,-6.55
1007815,1495,0,169,142239,35.00,-6.26,-6.60
1007837,843,0,155,142275,35.00,-6.24,-6.53
1007859,127,0,135,142438,35.00,-6.23,-6.52
1007881,0,0,100,142542,35.00,-6.17,-6.48
1007903,111,0,183,142560,35.00,-6.22,-6.51
1007925,149,0,237,142520,35.00,-6.25,-6.57
1007947,1855,0,333,142244,35.00,-6.26,-6.63
1007969,4038,0,365,142010,35.00,-6.25,-6.58
1008562,4095,0,325,142073,34.05,-6.21,-6.55
1008592,1604,0,203,141694,35.00,-6.24,-6.53
1008614,1801,0,211,141882,35.00,-6.23,-6.57
1008636,1485,0,189,142028,35.00,-6.22,-6.59
1008658,1274,0,174,141840,35.00,-6.21,-6.59
1008680,1245,0,189,141685,35.00,-6.23,-6.56
1008702,1343,0,211,141725,35.00,-6.24,-6.62
1008724,1708,0,215,141959,35.00,-6.20,-6.58
1008746,2414,0,229,142125,35.00,-6.25,-6.63
1008768,2983,0,252,141946,35.00,-6.26,-6.59
1008790,2879,0,267,141961,35.00,-6.18,-6.53
1008832,2279,0,249,141895,35.00,-6.22,-6.50
1008854,1755,0,227,141876,35.00,-6.13,-6.33
1008876,1339,0,203,141976,35.00,-6.19,-6.39
1008898,1293,0,199,142003,35.00,-6.16,-6.48
1008920,1549,0,200,142051,35.00,-6.26,-6.58
1008942,1214,0,187,142142,35.00,-6.28,-6.56
1008964,1301,0,184,142114,35.00,-6.24,-6.65
1008986,2478,0,189,142219,35.00,-6.21,-6.62
1009578,2573,0,187,142138,33.82,-6.28,-6.56
1009614,1203,0,170,141987,35.00,-6.25,-6.60
1009636,485,0,143,142055,35.00,-6.24,-6.65
1009658,1315,0,155,142010,35.00,-6.27,-6.59
1009680,1299,0,188,141951,35.00,-6.21,-6.57
1009702,344,0,341,141900,35.00,-6.22,-6.57
1009724,927,0,361,141902,35.00,-6.22,-6.68
1009746,1303,0,317,141977,35.00,-6.27,-6.51
1009768,2276,0,415,141903,35.00,-6.21,-6.54
1009790,1635,0,405,142015,35.00,-6.17,-6.60
1009812,2071,0,211,142037,35.00,-6.23,-6.57
1009854,2407,0,147,141903,35.00,-6.24,-6.60
1009876,2373,0,117,141961,35.00,-6.24,-6.56
1009898,1405,0,108,142055,35.00,-6.23,-6.52
1009920,1656,0,127,142188,35.00,-6.27,-6.55
1009942,2189,0,148,142192,35.00,-6.22,-6.50
1009964,2787,0,166,142167,35.00,-6.24,-6.50
1009986,4095,0,203,142176,35.00,-6.24,-6.51
1010348,4095,0,201,142213,33.85,-6.22,-6.48
1010376,3483,0,46,142939,35.00,-6.21,-6.55
1010398,2771,0,57,143032,35.00,-6.24,-6.56
1010420,3588,0,136,143051,35.00,-6.25,-6.62
1010442,2965,0,181,143096,35.00,-6.25,-6.57
1010464,2876,0,236,143143,35.00,-6.22,-6.57
1010486,2829,0,281,143183,35.00,-6.29,-6.61
1010508,3128,0,315,143268,35.00,-6.27,-6.50
1010530,2398,0,303,143329,35.00,-6.23,-6.59
1010552,1390,0,267,143425,35.00,-6.21,-6.56
1010574,186,0,191,143710,35.00,-6.20,-6.51
1010616,0,0,141,144303,35.00,-6.23,-6.58
1010638,0,0,99,144432,35.00,-6.26,-6.62
1010660,0,0,93,144449,35.00,-6.26,-6.55
1010682,365,0,105,144445,35.00,-6.22,-6.57
1010704,1319,0,133,144336,35.00,-6.26,-6.57
1010726,2264,0,157,144273,35.00,-6.25,-6.57
1010748,3027,0,189,144286,35.00,-6.26,-6.56
1010770,3119,0,203,144308,35.00,-6.24,-6.57
1010792,2191,0,187,144170,35.00,-6.19,-6.56
1010814,1005,0,171,144025,35.00,-6.25,-6.54
1010857,277,0,165,144106,35.00,-6.25,-6.52
1010879,47,0,152,144159,35.00,-6.24,-6.53
1010901,437,0,150,144417,35.00,-6.25,-6.56
1010923,1673,0,186,144453,35.00,-6.24,-6.54
1010945,2339,0,191,144608,35.00,-6.22,-6.59
1010967,3206,0,217,144403,35.00,-6.23,-6.56
1010989,3117,0,219,144216,35.00,-6.22,-6.59
1011357,2681,0,221,144026,34.09,-6.28,-6.56
1011398,653,0,228,143981,35.00,-6.25,-6.62
1011420,669,0,253,144104,35.00,-6.20,-6.58
1011442,1451,0,284,144195,35.00,-6.25,-6.52
1011464,2249,0,325,144126,35.00,-6.22,-6.59
1011486,2879,0,299,144127,35.00,-6.22,-6.57
1011508,3209,0,265,144232,35.00,-6.28,-6.62
1011530,3192,0,223,144205,35.00,-6.24,-6.58
1011552,2521,0,172,144243,35.00,-6.30,-6.56
1011574,1500,0,123,144282,35.00,-6.27,-6.59
1011596,793,0,99,144169,35.00,-6.27,-6.52
1011638,327,0,84,144206,35.00,-6.24,-6.57
1011660,344,0,82,144369,35.00,-6.50,-7.07
1011682,1443,0,127,144579,35.00,-5.91,-6.68
1011704,224,0,136,144798,35.00,-5.55,-5.98
1011726,2099,0,199,144584,35.00,-6.45,-6.72
1011748,3052,0,239,144727,35.00,-6.30,-6.61
1011770,1977,0,236,144367,35.00,-6.15,-6.49
1011792,1309,0,207,144644,35.00,-6.26,-6.65
1011814,697,0,190,144600,35.00,-6.22,-6.58
1011836,218,0,167,144514,35.00,-6.25,-6.58
1011858,377,0,157,144673,35.00,-6.24,-6.58
1011899,883,0,135,144664,35.00,-6.24,-6.57
1011921,991,0,110,144710,35.00,-6.24,-6.56
1011943,1806,0,138,144775,35.00,-6.20,-6.58
1011965,2799,0,180,144891,35.00,-6.25,-6.57
1011987,3881,0,223,144943,35.00,-6.25,-6.57
1012373,4018,0,229,145090,33.79,-6.26,-6.61
1012401,4095,0,61,148832,35.00,-6.52,-6.50
1012423,4095,0,59,148863,35.00,-6.25,-6.57
1012445,1693,0,21,148938,35.00,-6.21,-6.54
1012467,925,0,7,149051,35.00,-6.29,-6.43
1012489,1285,0,0,148936,35.00,-6.15,-6.62
1012511,4095,0,17,148592,35.00,-6.34,-6.30
1012533,4095,0,22,148390,35.00,-6.32,-6.66
1012555,3127,0,17,147959,35.00,-6.51,-6.36
1012577,4095,0,46,147734,35.00,-6.24,-6.48
1012599,4095,0,53,147519,35.00,-6.30,-6.44
1012641,4095,0,54,147144,35.00,-6.30,-6.54
1012663,4095,0,7,147262,35.00,-6.32,-6.53
1012685,4095,0,3,147012,35.00,-6.32,-6.49
1012707,4095,0,9,147040,35.00,-6.26,-6.49
1012729,4095,0,11,146806,35.00,-6.34,-6.49
1012751,4095,0,13,146414,35.00,-6.23,-6.52
1012773,0,0,0,146523,35.00,-6.28,-6.56
1012795,0,0,21,146486,35.00,-6.30,-6.50
1012817,0,0,30,146413,35.00,-6.24,-6.50
1012839,0,0,75,146572,35.00,-6.26,-6.51
1012881,0,0,90,147139,35.00,-6.30,-6.52
1012903,0,0,40,147182,35.00,-6.28,-6.53
1012925,0,0,42,147196,35.00,-6.27,-6.49
1012947,0,0,59,147204,35.00,-6.32,-6.48
1012969,0,0,95,147248,35.00,-6.25,-6.50
1012991,0,0,141,147294,35.00,-6.28,-6.51
1013388,0,0,165,147332,33.71,-6.30,-6.50
1013423,2950,0,379,147634,35.00,-6.32,-6.52
1013445,3603,0,349,147712,35.00,-6.26,-6.50
1013467,4095,0,361,147833,35.00,-6.28,-6.47
1013489,4095,0,343,147913,35.00,-6.25,-6.47
1013511,3941,0,332,147844,35.00,-6.31,-6.55
1013533,3755,0,331,147855,35.00,-6.20,-6.52
1013555,3399,0,313,147698,35.00,-6.20,-6.41
1013577,3231,0,298,147683,35.00,-6.28,-6.50
1013599,4095,0,311,147728,35.00,-6.25,-6.50
1013621,4095,0,309,147720,35.00,-6.29,-6.51
1013663,4095,0,301,147638,35.00,-6.32,-6.50
1013685,4095,0,300,147626,35.00,-6.32,-6.51
1013707,4095,0,303,147595,35.00,-6.27,-6.57
1013729,4095,0,297,147539,35.00,-6.31,-6.51
1013751,4095,0,298,147475,35.00,-6.25,-6.52
1013773,3628,0,285,147375,35.00,-6.27,-6.47
1013795,3015,0,275,147291,35.00,-6.25,-6.50
1013817,2745,0,268,147211,35.00,-6.32,-6.51
1013839,2971,0,267,147252,35.00,-6.25,-6.48
1013861,3404,0,279,147341,35.00,-6.26,-6.53
1013904,4029,0,279,147294,35.00,-6.27,-6.53
1013926,4095,0,283,147247,35.00,-6.28,-6.52
1013948,4088,0,285,147315,35.00,-6.25,-6.51
1013970,3513,0,281,147429,35.00,-6.28,-6.51
1013992,2905,0,263,147385,35.00,-6.29,-6.48
1014405,2283,0,247,147403,33.88,-6.28,-6.55
1014445,3047,0,247,147753,35.00,-6.31,-6.53
1014467,2827,0,245,147779,35.00,-6.26,-6.50
1014489,2674,0,244,147844,35.00,-6.27,-6.53
1014511,2149,0,228,147719,35.00,-6.29,-6.53
1014533,1491,0,205,147700,35.00,-6.28,-6.51
1014555,1135,0,203,147672,35.00,-6.27,-6.52
1014577,1241,0,201,147767,35.00,-6.29,-6.50
1014599,1387,0,191,147696,35.00,-6.22,-6.50
1014621,2069,0,213,147723,35.00,-6.24,-6.50
1014643,2059,0,217,147790,35.00,-6.23,-6.52
1014686,2489,0,231,147885,35.00,-6.34,-6.54
1014708,2482,0,231,147863,35.00,-6.27,-6.52
1014730,2332,0,229,147697,35.00,-6.27,-6.50
1014752,1669,0,209,147496,35.00,-6.24,-6.56
1014774,1645,0,209,146887,35.00,-6.30,-6.53
1014796,731,0,183,146776,35.00,-6.27,-6.50
1014818,955,0,183,147125,35.00,-6.28,-6.49
1014840,1566,0,200,147334,35.00,-6.23,-6.50
1014862,1829,0,201,147234,35.00,-6.27,-6.49
1014884,2431,0,218,147059,35.00,-6.27,-6.50
1014926,2707,0,229,147119,35.00,-6.27,-6.51
1014948,2600,0,221,146993,35.00,-6.30,-6.54
1014970,2027,0,215,146771,35.00,-6.28,-6.50
1014992,1610,0,202,146863,35.00,-6.30,-6.50
1015421,1210,0,185,147137,34.06,-6.28,-6.53
1015450,2335,0,210,147804,35.00,-6.28,-6.50
1015472,1507,0,197,147824,35.00,-6.22,-6.51
1015494,1127,0,175,147843,35.00,-6.28,-6.49
1015516,1031,0,171,147671,35.00,-6.24,-6.50
1015538,1139,0,182,147583,35.00,-6.25,-6.48
1015560,1507,0,189,147521,35.00,-6.23,-6.50
1015582,1928,0,200,147585,35.00,-6.27,-6.45
1015604,2452,0,217,147593,35.00,-6.27,-6.52
1015626,2615,0,222,147554,35.00,-6.29,-6.54
1015668,2611,0,221,147110,35.00,-6.24,-6.50
1015690,2174,0,207,147007,35.00,-6.25,-6.55
1015712,1609,0,191,147083,35.00,-6.22,-6.56
1015734,1181,0,185,147278,35.00,-6.32,-6.54
1015756,1149,0,175,147335,35.00,-6.26,-6.50
1015778,1361,0,174,147410,35.00,-6.27,-6.52
1015800,1661,0,183,147492,35.00,-6.27,-6.55
1015822,2235,0,189,147600,35.00,-6.27,-6.52
1015844,2501,0,205,147667,35.00,-6.26,-6.51
1015866,2854,0,217,147529,35.00,-6.23,-6.49
1015908,2634,0,215,147301,35.00,-6.29,-6.48
1015930,2165,0,213,147335,35.00,-6.32,-6.51
1015952,1613,0,191,147384,35.00,-6.30,-6.50
1015974,1271,0,183,147393,35.00,-6.25,-6.51
1015996,1045,0,169,147529,35.00,-6.26,-6.50
1016437,1371,0,178,147558,34.15,-6.26,-6.52
1016470,1671,0,180,147372,35.00,-6.30,-6.53
1016492,1639,0,183,147340,35.00,-6.26,-6.54
1016514,1183,0,175,147370,35.00,-6.28,-6.51
1016536,1111,0,169,147388,35.00,-6.25,-6.51
1016558,1417,0,174,147152,35.00,-6.31,-6.50
1016580,1705,0,179,147109,35.00,-6.29,-6.53
1016602,2099,0,191,147031,35.00,-6.30,-6.54
1016624,2361,0,199,147156,35.00,-6.31,-6.54
1016646,2525,0,215,147210,35.00,-6.27,-6.52
1016668,2355,0,211,147126,35.00,-6.22,-6.49
1016710,1941,0,201,147327,35.00,-6.33,-6.51
1016732,1431,0,183,147359,35.00,-6.27,-6.49
1016754,1067,0,171,147403,35.00,-6.26,-6.50
1016776,971,0,169,147413,35.00,-6.27,-6.52
1016798,1191,0,175,147503,35.00,-6.25,-6.50
1016820,1774,0,185,147555,35.00,-6.28,-6.52
1016842,2219,0,203,147542,35.00,-6.26,-6.46
1016864,2694,0,211,147636,35.00,-6.25,-6.48
1016886,2747,0,215,147581,35.00,-6.30,-6.50
1016908,2413,0,215,147541,35.00,-6.26,-6.48
1016930,2189,0,204,147602,35.00,-6.28,-6.48
1016971,1417,0,183,147388,35.00,-6.27,-6.56
1016993,1275,0,169,147316,35.00,-6.28,-6.54
1017707,1032,0,167,147291,34.00,-6.29,-6.50
1017733,2001,0,206,148376,35.00,-6.30,-6.50
1017755,1591,0,186,148371,35.00,-6.31,-6.50
1017777,1719,0,189,148365,35.00,-6.30,-6.49
1017799,1635,0,196,148425,35.00,-6.28,-6.53
1017821,1837,0,203,148502,35.00,-6.26,-6.50
1017843,1934,0,207,148491,35.00,-6.29,-6.51
1017865,1879,0,211,148472,35.00,-6.26,-6.52
1017887,1663,0,207,148287,35.00,-6.29,-6.46
1017909,1691,0,212,148248,35.00,-6.30,-6.51
1017931,1681,0,213,148167,35.00,-6.26,-6.52
1017973,1588,0,201,148079,35.00,-6.26,-6.50
1017995,1609,0,215,147995,35.00,-6.27,-6.53
1018723,1821,0,218,148022,34.16,-6.29,-6.48
1018755,2148,0,160,148392,35.00,-6.23,-6.53
1018777,2158,0,183,148385,35.00,-6.23,-6.48
1018799,1661,0,179,148390,35.00,-6.28,-6.51
1018821,1379,0,181,148377,35.00,-6.26,-6.54
1018843,1516,0,183,148317,35.00,-6.26,-6.52
1018865,1423,0,181,148257,35.00,-6.27,-6.48
1018887,1492,0,179,148278,35.00,-6.28,-6.52
1018909,2183,0,185,148287,35.00,-6.30,-6.55
1018931,2446,0,171,148272,35.00,-6.27,-6.53
1018953,2381,0,171,148196,35.00,-6.27,-6.49
1018996,2280,0,173,148379,35.00,-6.25,-6.57
1019739,1847,0,183,148319,34.48,-6.28,-6.51
1019777,1811,0,191,148989,35.00,-6.23,-6.48
1019799,1869,0,201,148989,35.00,-6.25,-6.48
1019821,2036,0,183,148996,35.00,-6.26,-6.51
1019843,2057,0,178,149146,35.00,-6.29,-6.52
1019865,1903,0,183,149119,35.00,-6.27,-6.52
1019887,1813,0,183,149120,35.00,-6.27,-6.49
1019909,1738,0,179,149141,35.00,-6.30,-6.53
1019931,1861,0,183,149055,35.00,-6.28,-6.51
1019953,1964,0,189,148626,35.00,-6.30,-6.54
1019975,2208,0,190,148516,35.00,-6.23,-6.55
1019997,2060,0,199,148534,35.00,-6.23,-6.49
1020038,1845,0,202,148491,35.00,-6.26,-6.52
1020060,2009,0,199,148489,35.00,-6.25,-6.51
1020082,1499,0,198,148612,35.00,-6.28,-6.59
1020104,1818,0,187,149181,35.00,-6.27,-6.52
1020126,1641,0,187,149115,35.00,-6.27,-6.48
1020148,1767,0,181,148924,35.00,-6.28,-6.48
1020170,1997,0,175,148872,35.00,-6.22,-6.47
1020192,2425,0,171,148795,35.00,-6.21,-6.53
1020214,2463,0,153,148874,35.00,-6.28,-6.56
1020236,3017,0,147,148846,35.00,-6.30,-6.55
1020278,2949,0,135,148954,35.00,-6.26,-6.56
1020300,1495,0,162,149008,35.00,-6.23,-6.52
1020322,1247,0,185,149086,35.00,-6.26,-6.55
1020344,1299,0,178,149172,35.00,-6.22,-6.52
1020366,1529,0,185,149170,35.00,-6.27,-6.53
1020388,1723,0,179,149240,35.00,-6.25,-6.51
1020410,1911,0,159,149325,35.00,-6.28,-6.52
1020432,1769,0,167,149601,35.00,-6.25,-6.50
1020454,1979,0,174,149871,35.00,-6.28,-6.48
1020476,2173,0,171,149902,35.00,-6.25,-6.53
1020498,2075,0,165,149926,35.00,-6.30,-6.54
1020539,1948,0,160,149860,35.00,-6.28,-6.48
1020561,1815,0,185,149887,35.00,-6.21,-6.51
1020583,1541,0,184,150064,35.00,-6.27,-6.48
1020605,1705,0,187,150103,35.00,-6.26,-6.51
1020627,1611,0,182,150283,35.00,-6.29,-6.53
1020649,1752,0,189,150298,35.00,-6.29,-6.52
1020671,1735,0,170,150518,35.00,-6.25,-6.54
1020693,1736,0,172,150058,35.00,-6.28,-6.53
1020715,1671,0,175,149444,35.00,-6.27,-6.45
1020737,2105,0,221,149366,35.00,-6.30,-6.61
1020780,1927,0,197,149512,35.00,-6.26,-6.52
1020802,1993,0,159,149496,35.00,-6.29,-6.52
1020824,2060,0,155,149505,35.00,-6.27,-6.53
1020846,1909,0,151,149452,35.00,-6.28,-6.50
1020868,2315,0,157,149309,35.00,-6.23,-6.52
1020890,2345,0,147,149084,35.00,-6.27,-6.53
1020912,2407,0,149,149101,35.00,-6.29,-6.53
1020934,2475,0,153,149058,35.00,-6.33,-6.55
1020956,2483,0,151,148976,35.00,-6.30,-6.54
1020978,2456,0,157,149029,35.00,-6.25,-6.51
1021020,2539,0,156,149049,35.00,-6.27,-6.52
1021042,2628,0,152,149024,35.00,-6.23,-6.52
1021064,2424,0,151,148979,35.00,-6.30,-6.51
1021086,2391,0,147,148865,35.00,-6.18,-6.50
1021108,3775,0,152,148793,35.00,-6.31,-6.53
1021130,2611,0,123,148566,35.00,-6.27,-6.49
1021152,1912,0,125,148390,35.00,-6.30,-6.56
1021174,4043,0,151,148289,35.00,-6.30,-6.53
1021196,4095,0,75,148219,35.00,-6.25,-6.49
1021218,2535,0,79,148216,35.00,-6.28,-6.55
1021261,2411,0,107,148250,35.00,-6.28,-6.50
1021283,1289,0,127,148197,35.00,-6.24,-6.54
1021305,491,0,159,148314,35.00,-6.26,-6.49
1021327,421,0,180,148346,35.00,-6.26,-6.52
1021349,229,0,181,148402,35.00,-6.25,-6.54
1021371,317,0,176,148482,35.00,-6.27,-6.49
1021393,214,0,175,148494,35.00,-6.24,-6.49
1021415,357,0,173,148492,35.00,-6.26,-6.50
1021437,505,0,169,148375,35.00,-6.29,-6.56
1021459,693,0,187,148368,35.00,-6.29,-6.49
1021501,936,0,185,148571,35.00,-6.29,-6.50
1021523,1287,0,198,148468,35.00,-6.25,-6.53
1021545,1363,0,200,148562,35.00,-6.27,-6.52
1021567,1404,0,201,148704,35.00,-6.26,-6.54
1021589,1223,0,199,148815,35.00,-6.30,-6.50
1021611,1079,0,187,148826,35.00,-6.24,-6.53
1021633,1013,0,183,148803,35.00,-6.31,-6.53
1021655,1107,0,183,148725,35.00,-6.24,-6.53
1021677,1289,0,179,148686,35.00,-6.26,-6.50
1021699,1566,0,183,148669,35.00,-6.26,-6.55
1021721,1854,0,204,148673,35.00,-6.23,-6.52
1021762,2099,0,204,148766,35.00,-6.27,-6.51
1021784,2186,0,202,148590,35.00,-6.27,-6.57
1021806,2120,0,204,148618,35.00,-6.29,-6.52
1021828,1917,0,211,148415,35.00,-6.30,-6.52
1021850,1659,0,199,148332,35.00,-6.30,-6.55
1021872,1419,0,180,148328,35.00,-6.27,-6.54
1021894,1443,0,184,148335,35.00,-6.29,-6.54
1021916,1685,0,191,148271,35.00,-6.20,-6.52
1021938,1897,0,183,148190,35.00,-6.28,-6.52
1021960,2065,0,191,148148,35.00,-6.25,-6.50
1022533,2387,0,211,147440,34.15,-6.30,-6.49
1022564,1615,0,185,147627,35.00,-6.27,-6.47
1022586,2233,0,202,147845,35.00,-6.27,-6.53
1022608,1991,0,199,148023,35.00,-6.23,-6.52
1022630,1636,0,186,148103,35.00,-6.22,-6.49
1022652,1426,0,181,148113,35.00,-6.22,-6.51
1022674,1477,0,179,148115,35.00,-6.28,-6.53
1022696,1652,0,179,148116,35.00,-6.26,-6.53
1022718,1917,0,181,148131,35.00,-6.26,-6.50
1022740,2236,0,180,148158,35.00,-6.26,-6.51
1022762,2380,0,190,148191,35.00,-6.24,-6.56
1022804,2387,0,199,148326,35.00,-6.26,-6.48
1022826,2227,0,191,148278,35.00,-6.31,-6.51
1022848,2037,0,197,148227,35.00,-6.27,-6.53
1022870,1527,0,178,148243,35.00,-6.30,-6.54
1022892,1508,0,177,148239,35.00,-6.25,-6.52
1022914,1453,0,175,148224,35.00,-6.23,-6.53
1022936,1590,0,173,148112,35.00,-6.29,-6.51
1022958,1871,0,178,148065,35.00,-6.25,-6.51
1022980,2168,0,189,148095,35.00,-6.32,-6.51
1023550,2428,0,202,148123,33.63,-6.25,-6.54
1023586,1451,0,171,148063,35.00,-6.28,-6.51
1023608,1863,0,181,148194,35.00,-6.27,-6.52
1023630,1548,0,172,148303,35.00,-6.26,-6.50
1023652,1380,0,171,148408,35.00,-6.27,-6.51
1023674,1421,0,160,148506,35.00,-6.25,-6.51
1023696,1605,0,159,148573,35.00,-6.22,-6.50
1023718,1850,0,172,148651,35.00,-6.26,-6.55
1023740,2029,0,175,148670,35.00,-6.29,-6.49
1023762,2237,0,179,148621,35.00,-6.30,-6.52
1023784,2235,0,185,148569,35.00,-6.27,-6.50
1023826,2143,0,190,148424,35.00,-6.26,-6.52
1023848,1911,0,185,148272,35.00,-6.26,-6.52
1023870,1591,0,173,148189,35.00,-6.29,-6.52
1023892,1531,0,170,148150,35.00,-6.27,-6.51
1023914,1528,0,165,148061,35.00,-6.25,-6.50
1023936,1704,0,171,147908,35.00,-6.28,-6.51
1023958,1944,0,169,147814,35.00,-6.27,-6.53
1023980,2031,0,173,147844,35.00,-6.28,-6.56
1024566,2166,0,183,147882,33.56,-6.29,-6.52
1024608,1901,0,181,147348,35.00,-6.23,-6.52
1024630,1839,0,171,147282,35.00,-6.30,-6.47
1024652,1751,0,165,147313,35.00,-6.27,-6.54
1024674,1788,0,171,147418,35.00,-6.27,-6.54
1024696,1951,0,171,147510,35.00,-6.30,-6.50
1024718,1949,0,167,147575,35.00,-6.30,-6.50
1024740,2013,0,183,147739,35.00,-6.29,-6.52
1024762,2019,0,182,147932,35.00,-6.28,-6.52
1024784,2003,0,177,147984,35.00,-6.26,-6.51
1024806,1927,0,183,148144,35.00,-6.27,-6.56
1024828,1823,0,175,148279,35.00,-6.26,-6.52
1024869,1755,0,179,148765,35.00,-6.28,-6.48
1024891,1767,0,171,148866,35.00,-6.29,-6.53
1024913,1752,0,167,148811,35.00,-6.26,-6.56
1024935,1781,0,170,148720,35.00,-6.24,-6.52
1024957,1958,0,170,148635,35.00,-6.29,-6.49
1024979,2040,0,169,148600,35.00,-6.26,-6.53
1025582,2134,0,181,148634,33.80,-6.30,-6.51
1025613,1277,0,245,148907,35.00,-6.28,-6.51
1025635,1627,0,210,148941,35.00,-6.28,-6.50
1025657,825,0,216,148929,35.00,-6.27,-6.50
1025679,1765,0,223,148954,35.00,-6.27,-6.53
1025701,3993,0,220,148953,35.00,-6.27,-6.53
1025723,2925,0,221,148953,35.00,-6.33,-6.50
1025745,2707,0,207,148918,35.00,-6.26,-6.48
1025767,2863,0,211,149017,35.00,-6.28,-6.56
1025789,3819,0,221,149253,35.00,-6.33,-6.48
1025831,2822,0,171,148864,35.00,-6.29,-6.50
1025853,0,0,141,148149,35.00,-6.32,-6.49
1025875,0,0,165,147799,35.00,-6.23,-6.53
1025897,0,0,184,147760,35.00,-6.26,-6.53
1025919,0,0,189,147709,35.00,-6.18,-6.56
1025941,0,0,178,147766,35.00,-6.28,-6.51
1025963,1944,0,217,148076,35.00,-6.35,-6.52
1025985,2385,0,253,148350,35.00,-6.31,-6.62
1026347,2725,0,281,148326,33.97,-6.24,-6.61
1026375,1685,0,91,148378,35.00,-5.96,-6.59
1026397,0,0,167,148334,35.00,-6.23,-6.47
1026419,2987,0,243,148480,35.00,-6.33,-6.49
1026441,2427,0,215,148463,35.00,-6.31,-6.40
1026463,2315,0,185,148516,35.00,-6.24,-6.47
1026485,1971,0,167,148673,35.00,-6.16,-6.54
1026507,1590,0,172,148631,35.00,-6.27,-6.48
1026529,1751,0,183,148696,35.00,-6.24,-6.51
1026551,1899,0,201,148752,35.00,-6.23,-6.49
1026593,2359,0,207,148711,35.00,-6.26,-6.43
1026615,1683,0,154,148505,35.00,-6.24,-6.53
1026637,1212,0,163,148627,35.00,-6.18,-6.48
1026659,0,0,156,148619,35.00,-6.22,-6.52
1026681,1049,0,181,148577,35.00,-6.19,-6.48
1026703,307,0,167,148529,35.00,-6.26,-6.53
1026725,663,0,171,148394,35.00,-6.16,-6.50
1026747,569,0,164,148208,35.00,-6.23,-6.46
1026769,0,0,149,148026,35.00,-6.26,-6.44
1026791,1881,0,205,147932,35.00,-6.23,-6.51
1026833,4093,0,228,147578,35.00,-6.22,-6.47
1026855,1124,0,179,147355,35.00,-6.24,-6.58
1026877,1789,0,201,147072,35.00,-6.16,-6.66
1026899,1571,0,201,147020,35.00,-6.12,-6.28
1026921,0,0,159,147211,35.00,-6.26,-6.63
1026943,1017,0,183,147236,35.00,-6.22,-6.63
1026965,2077,0,204,147162,35.00,-6.02,-6.35
1026987,1321,0,189,147377,35.00,-6.22,-6.40
1027360,1652,0,181,147484,34.11,-6.33,-6.57
1027394,1883,0,117,147373,35.00,-6.28,-6.51
1027416,0,0,115,147478,35.00,-6.10,-6.57
1027438,0,0,127,147269,35.00,-6.18,-6.57
1027460,0,0,137,147131,35.00,-6.24,-6.50
1027482,0,0,153,147081,35.00,-6.23,-6.55
1027504,0,0,165,146913,35.00,-6.21,-6.59
1027526,0,0,183,146434,35.00,-6.15,-6.56
1027548,0,0,221,145804,35.00,-6.27,-6.58
1027570,0,0,237,145246,35.00,-6.00,-6.55
1027592,0,0,213,144031,35.00,-6.19,-6.60
1027614,0,0,203,142994,35.00,-6.23,-6.57
1027655,175,0,184,142716,35.00,-6.13,-6.54
1027677,1829,0,185,142786,35.00,-6.16,-6.58
1027699,3519,0,192,143018,35.00,-6.15,-6.52
1027721,4095,0,169,143377,35.00,-6.23,-6.69
1027743,4095,0,175,143825,35.00,-6.15,-6.57
1027765,4095,0,141,144640,35.00,-6.28,-6.69
1027787,4095,0,152,145863,35.00,-6.29,-6.61
1027809,3404,0,135,146627,35.00,-6.18,-6.64
1027831,2438,0,91,147146,35.00,-6.15,-6.58
1027853,1930,0,121,147491,35.00,-6.25,-6.56
1027896,1035,0,127,148263,35.00,-6.20,-6.57
1027918,0,0,168,148223,35.00,-6.22,-6.55
1027940,0,0,176,148307,35.00,-6.21,-6.52
1027962,0,0,187,148414,35.00,-6.24,-6.61
1027984,0,0,192,148532,35.00,-6.18,-6.59
1028376,867,0,218,148737,33.85,-6.23,-6.61
1028417,0,0,390,147076,35.00,-6.24,-6.57
1028439,0,0,601,147139,35.00,-6.18,-6.53
1028461,371,0,589,147133,35.00,-6.23,-6.53
1028483,4095,0,525,147069,35.00,-6.21,-6.52
1028505,4095,0,377,147084,35.00,-6.20,-6.56
1028527,4095,0,293,147064,35.00,-6.16,-6.61
1028549,4095,0,227,146902,35.00,-6.20,-6.57
1028571,4095,0,163,146838,35.00,-6.22,-6.60
1028593,4095,0,116,146857,35.00,-6.22,-6.55
1028615,4095,0,105,146839,35.00,-6.19,-6.57
1028657,4095,0,107,146896,35.00,-6.20,-6.57
1028679,4095,0,118,147035,35.00,-6.23,-6.56
1028701,4095,0,141,146992,35.00,-6.15,-6.55
1028723,4095,0,152,147206,35.00,-6.25,-6.57
1028745,3515,0,181,147241,35.00,-6.21,-6.58
1028767,1319,0,157,147272,35.00,-6.23,-6.54
1028789,1051,0,155,147214,35.00,-6.25,-6.60
1028811,1213,0,143,147250,35.00,-6.19,-6.55
1028833,1213,0,137,147180,35.00,-6.23,-6.56
1028855,1583,0,135,147244,35.00,-6.19,-6.49
1028877,2197,0,155,147197,35.00,-6.25,-6.59
1028918,2797,0,173,147188,35.00,-6.19,-6.56
1028940,2181,0,141,147240,35.00,-6.19,-6.57
1028962,1673,0,143,147251,35.00,-6.21,-6.50
1028984,1559,0,152,147309,35.00,-6.17,-6.56
1029392,2357,0,179,147245,34.21,-6.24,-6.57
1029420,584,0,141,147214,35.00,-6.24,-6.59
1029442,2551,0,179,147814,35.00,-6.23,-6.61
1029464,2329,0,178,147864,35.00,-6.19,-6.59
1029486,2106,0,174,147902,35.00,-6.26,-6.54
1029508,1518,0,165,147780,35.00,-6.24,-6.52
1029530,1142,0,164,147604,35.00,-6.25,-6.58
1029552,857,0,151,147575,35.00,-6.23,-6.56
1029574,1119,0,143,147560,35.00,-6.26,-6.58
1029596,1433,0,149,147574,35.00,-6.19,-6.52
1029618,2005,0,162,147658,35.00,-6.22,-6.58
1029660,2580,0,171,147648,35.00,-6.25,-6.58
1029682,2949,0,180,147531,35.00,-6.22,-6.57
1029704,2903,0,199,147432,35.00,-6.28,-6.59
1029726,2118,0,205,147446,35.00,-6.27,-6.52
1029748,1637,0,189,147241,35.00,-6.22,-6.54
1029770,919,0,153,146900,35.00,-6.20,-6.57
1029792,638,0,141,146787,35.00,-6.21,-6.60
1029814,845,0,137,146775,35.00,-6.22,-6.55
1029836,1573,0,153,146785,35.00,-6.20,-6.61
1029858,2215,0,155,146742,35.00,-6.22,-6.56
1029900,2719,0,173,146924,35.00,-6.22,-6.57
1029922,2892,0,187,147045,35.00,-6.22,-6.60
1029944,2683,0,185,147218,35.00,-6.22,-6.56
1029966,2157,0,188,147386,35.00,-6.21,-6.61
1029988,1427,0,160,147462,35.00,-6.25,-6.50
1030409,1003,0,159,147427,34.27,-6.21,-6.58
1030441,956,0,155,146293,35.00,-6.22,-6.57
1030463,3127,0,187,146310,35.00,-6.16,-6.59
1030485,2479,0,197,146257,35.00,-6.21,-6.56
1030507,1497,0,185,146280,35.00,-6.21,-6.58
1030529,919,0,165,146267,35.00,-6.15,-6.57
1030551,680,0,156,146205,35.00,-6.20,-6.57
1030573,883,0,155,146227,35.00,-6.23,-6.56
1030595,1225,0,149,146301,35.00,-6.21,-6.56
1030617,1839,0,173,146298,35.00,-6.21,-6.58
1030639,2239,0,173,146283,35.00,-6.21,-6.57
1030661,2621,0,187,146338,35.00,-6.18,-6.58
1030702,2773,0,199,146419,35.00,-6.22,-6.50
1030724,2780,0,211,146573,35.00,-6.23,-6.63
1030746,2221,0,211,146559,35.00,-6.18,-6.59
1030768,1386,0,185,146511,35.00,-6.19,-6.54
1030790,910,0,168,146622,35.00,-6.20,-6.57
1030812,591,0,150,146797,35.00,-6.22,-6.55
1030834,1064,0,155,146944,35.00,-6.22,-6.59
1030856,1497,0,163,147013,35.00,-6.26,-6.59
1030878,2513,0,171,146978,35.00,-6.20,-6.51
1030900,3111,0,187,147088,35.00,-6.23,-6.57
1030943,3212,0,204,147053,35.00,-6.19,-6.56
1030965,2616,0,204,146943,35.00,-6.26,-6.58
1030987,1783,0,203,146935,35.00,-6.23,-6.60
1031424,1291,0,179,146955,33.94,-6.22,-6.60
1031464,1998,0,188,147464,35.00,-6.22,-6.64
1031486,2143,0,204,147419,35.00,-6.18,-6.64
1031508,1225,0,181,147416,35.00,-6.21,-6.56
1031530,892,0,163,147468,35.00,-6.22,-6.56
1031552,1117,0,146,147503,35.00,-6.26,-6.57
1031574,1404,0,155,147451,35.00,-6.18,-6.59
1031596,1605,0,168,147543,35.00,-6.25,-6.59
1031618,2091,0,181,147529,35.00,-6.24,-6.60
1031640,2413,0,189,147470,35.00,-6.19,-6.55
1031662,2719,0,189,147352,35.00,-6.21,-6.58
1031704,2514,0,191,147596,35.00,-6.24,-6.56
1031726,2194,0,183,147506,35.00,-6.25,-6.61
1031748,1545,0,163,147461,35.00,-6.24,-6.56
1031770,965,0,154,147332,35.00,-6.21,-6.55
1031792,907,0,153,147316,35.00,-6.21,-6.56
1031814,1175,0,147,147282,35.00,-6.20,-6.58
1031836,1721,0,147,147385,35.00,-6.26,-6.57
1031858,2605,0,146,147322,35.00,-6.20,-6.53
1031880,3132,0,167,147272,35.00,-6.24,-6.55
1031902,3292,0,172,147218,35.00,-6.21,-6.56
1031924,3111,0,189,147180,35.00,-6.21,-6.57
1031965,2407,0,199,146981,35.00,-6.24,-6.58
1031987,1823,0,191,146928,35.00,-6.23,-6.55
1032695,969,0,167,146936,34.20,-6.18,-6.55
1032726,1910,0,175,146028,35.00,-6.17,-6.58
1032748,984,0,199,145982,35.00,-6.21,-6.57
1032770,627,0,180,145984,35.00,-6.24,-6.57
1032792,567,0,179,146045,35.00,-6.19,-6.60
1032814,1117,0,167,146025,35.00,-6.20,-6.62
1032836,1821,0,173,145987,35.00,-6.20,-6.60
1032858,2423,0,174,145907,35.00,-6.17,-6.57
1032880,2952,0,187,145782,35.00,-6.14,-6.60
1032902,2903,0,203,145701,35.00,-6.16,-6.60
1032924,2491,0,211,145660,35.00,-6.19,-6.60
1032946,1943,0,205,145603,35.00,-6.19,-6.58
1032987,1429,0,186,145239,35.00,-6.19,-6.59
1033711,1015,0,181,145141,33.84,-6.15,-6.60
1033749,879,0,157,145833,35.00,-6.21,-6.65
1033771,824,0,153,146051,35.00,-6.17,-6.62
1033793,1081,0,147,146142,35.00,-6.19,-6.61
1033815,1444,0,143,146015,35.00,-6.21,-6.62
1033837,1884,0,147,145979,35.00,-6.17,-6.59
1033859,2591,0,165,145962,35.00,-6.20,-6.57
1033881,2975,0,185,145984,35.00,-6.23,-6.61
1033903,2937,0,189,146000,35.00,-6.21,-6.62
1033925,2389,0,204,146091,35.00,-6.23,-6.61
1033947,1677,0,183,146031,35.00,-6.23,-6.60
1033989,1078,0,176,145766,35.00,-6.18,-6.55
1034727,895,0,155,145771,33.99,-6.18,-6.62
1034752,999,0,165,145484,35.00,-6.20,-6.62
1034774,1267,0,146,145524,35.00,-6.16,-6.59
1034796,1831,0,155,145559,35.00,-6.15,-6.58
1034818,2297,0,155,145485,35.00,-6.17,-6.59
1034840,2578,0,173,145679,35.00,-6.16,-6.61
1034862,2717,0,157,145963,35.00,-6.20,-6.57
1034884,2404,0,136,146080,35.00,-6.18,-6.59
1034906,1947,0,73,146141,35.00,-6.23,-6.56
1034928,1451,0,47,146015,35.00,-6.19,-6.59
1034950,1309,0,25,145956,35.00,-6.19,-6.55
1034992,1323,0,22,146468,35.00,-6.20,-6.62
1035743,1495,0,23,146501,34.26,-6.21,-6.60
1035773,2248,0,173,147286,35.00,-6.20,-6.56
1035795,1710,0,149,147349,35.00,-6.21,-6.58
1035817,2233,0,164,147495,35.00,-6.23,-6.56
1035839,2935,0,187,147558,35.00,-6.17,-6.59
1035861,3076,0,192,147558,35.00,-6.24,-6.59
1035883,2637,0,189,147571,35.00,-6.20,-6.60
1035905,2173,0,181,147765,35.00,-6.21,-6.59
1035927,1447,0,173,147722,35.00,-6.21,-6.58
1035949,926,0,166,147805,35.00,-6.21,-6.63
1035971,761,0,156,148020,35.00,-6.24,-6.59
1035993,1054,0,160,148091,35.00,-6.21,-6.58
1036034,1636,0,177,148354,35.00,-6.22,-6.56
1036056,1932,0,181,148360,35.00,-6.20,-6.57
1036078,2428,0,199,148495,35.00,-6.22,-6.56
1036100,2897,0,215,148704,35.00,-6.23,-6.57
1036122,2907,0,221,148760,35.00,-6.21,-6.58
1036144,2615,0,217,148581,35.00,-6.21,-6.55
1036166,1901,0,199,148468,35.00,-6.20,-6.61
1036188,1075,0,183,148089,35.00,-6.27,-6.60
1036210,805,0,167,147423,35.00,-6.20,-6.54
1036232,891,0,157,146905,35.00,-6.19,-6.59
1036274,1176,0,143,146779,35.00,-6.23,-6.59
1036296,1941,0,149,146535,35.00,-6.21,-6.55
1036318,2488,0,163,146739,35.00,-6.22,-6.60
1036340,3147,0,175,146671,35.00,-6.20,-6.61
1036362,2879,0,179,146229,35.00,-6.21,-6.59
1036384,2591,0,183,146012,35.00,-6.22,-6.56
1036406,1862,0,159,146002,35.00,-6.24,-6.57
1036428,1141,0,147,146086,35.00,-6.19,-6.58
1036450,827,0,135,146133,35.00,-6.21,-6.58
1036472,941,0,135,146301,35.00,-6.17,-6.57
1036494,1673,0,147,146560,35.00,-6.22,-6.56
1036535,1951,0,151,146197,35.00,-6.20,-6.55
1036557,2381,0,167,146201,35.00,-6.21,-6.60
1036579,2541,0,169,146353,35.00,-6.18,-6.62
1036601,3223,0,199,146248,35.00,-6.23,-6.58
1036623,2779,0,189,146038,35.00,-6.19,-6.53
1036645,2314,0,185,145771,35.00,-6.18,-6.55
1036667,1500,0,169,145815,35.00,-6.16,-6.53
1036689,902,0,160,145600,35.00,-6.23,-6.57
1036711,459,0,139,145114,35.00,-6.19,-6.61
1036733,867,0,149,145009,35.00,-6.22,-6.61
1036775,1463,0,169,144813,35.00,-6.17,-6.57
1036797,2141,0,172,144909,35.00,-6.11,-6.58
1036819,2703,0,180,144977,35.00,-6.21,-6.60
1036841,2808,0,189,145071,35.00,-6.21,-6.57
1036863,2791,0,186,145193,35.00,-6.24,-6.54
1036885,1965,0,178,145249,35.00,-6.24,-6.57
1036907,1111,0,159,145320,35.00,-6.19,-6.61
1036929,715,0,160,145471,35.00,-6.20,-6.56
1036951,745,0,155,145652,35.00,-6.19,-6.55
1036973,1388,0,157,145801,35.00,-6.19,-6.60
1036995,1839,0,165,145967,35.00,-6.21,-6.58
1037036,2299,0,191,145948,35.00,-6.24,-6.57
1037058,2613,0,184,145977,35.00,-6.20,-6.54
1037080,2961,0,203,146023,35.00,-6.21,-6.59
1037102,2983,0,202,146093,35.00,-6.24,-6.60
1037124,2537,0,201,146219,35.00,-6.24,-6.56
1037146,1749,0,179,146287,35.00,-6.19,-6.60
1037168,1001,0,165,146275,35.00,-6.20,-6.57
1037190,699,0,154,146327,35.00,-6.25,-6.57
1037212,956,0,157,146377,35.00,-6.25,-6.61
1037234,1379,0,157,146433,35.00,-6.24,-6.57
1037277,1957,0,174,146418,35.00,-6.22,-6.59
1037299,2861,0,187,146439,35.00,-6.16,-6.62
1037321,2922,0,189,146435,35.00,-6.22,-6.58
1037343,2683,0,189,146452,35.00,-6.22,-6.58
1037365,2267,0,185,146485,35.00,-6.19,-6.57
1037387,1603,0,173,146469,35.00,-6.22,-6.62
1037409,1101,0,166,146406,35.00,-6.24,-6.59
1037431,1015,0,167,146391,35.00,-6.21,-6.54
1037453,1302,0,180,146423,35.00,-6.22,-6.60
1037475,1626,0,186,146348,35.00,-6.22,-6.57
1037517,2162,0,205,146545,35.00,-6.22,-6.59
1037539,2696,0,246,146679,35.00,-6.21,-6.59
1037561,2873,0,279,146568,35.00,-6.18,-6.56
1037583,2569,0,315,146520,35.00,-6.23,-6.62
1037605,1959,0,338,146411,35.00,-6.17,-6.57
1037627,1243,0,352,146151,35.00,-6.19,-6.57
1037649,755,0,356,146077,35.00,-6.18,-6.59
1037671,655,0,318,146141,35.00,-6.22,-6.58
1037693,955,0,269,146190,35.00,-6.22,-6.54
1037715,1453,0,233,146149,35.00,-6.16,-6.58
1037758,2323,0,233,146060,35.00,-6.22,-6.60
1037780,2803,0,252,146009,35.00,-6.20,-6.60
1037802,2941,0,275,145961,35.00,-6.19,-6.61
1037824,2507,0,303,146070,35.00,-6.25,-6.61
1037846,1737,0,300,146126,35.00,-6.16,-6.54
1037868,1338,0,271,146215,35.00,-6.16,-6.56
1037890,1007,0,247,146264,35.00,-6.18,-6.57
1037912,1039,0,263,146262,35.00,-6.18,-6.59
1037934,1444,0,253,146217,35.00,-6.22,-6.57
1037956,2217,0,286,146197,35.00,-6.22,-6.62
1037998,2803,0,299,145891,35.00,-6.21,-6.60
1038020,3345,0,317,146041,35.00,-6.24,-6.56
1038042,3044,0,327,146100,35.00,-6.22,-6.56
1038064,2611,0,329,145938,35.00,-6.20,-6.57
1038086,1883,0,277,145889,35.00,-6.24,-6.58
1038108,886,0,249,145957,35.00,-6.18,-6.58
1038130,675,0,227,145951,35.00,-6.22,-6.60
1038152,783,0,215,145804,35.00,-6.22,-6.61
1038174,1082,0,199,145775,35.00,-6.22,-6.57
1038196,2007,0,211,145744,35.00,-6.24,-6.60
1038218,2521,0,221,145758,35.00,-6.19,-6.58
1038259,2939,0,237,145880,35.00,-6.18,-6.60
1038281,3291,0,229,145823,35.00,-6.19,-6.57
1038303,2811,0,218,145762,35.00,-6.20,-6.59
1038325,2173,0,231,145750,35.00,-6.20,-6.59
1038347,1292,0,210,145777,35.00,-6.20,-6.58
1038369,668,0,189,145709,35.00,-6.22,-6.60
1038391,567,0,175,145718,35.00,-6.21,-6.60
1038413,857,0,163,145762,35.00,-6.22,-6.58
1038435,1593,0,161,145753,35.00,-6.21,-6.59
1038457,2235,0,175,145776,35.00,-6.26,-6.61
1038499,2616,0,175,145800,35.00,-6.18,-6.59
1038521,3005,0,201,145799,35.00,-6.19,-6.59
1038543,2777,0,209,145767,35.00,-6.21,-6.55
1038565,2251,0,210,145694,35.00,-6.24,-6.56
1038587,1477,0,177,145627,35.00,-6.19,-6.57
1038609,1013,0,173,145606,35.00,-6.20,-6.61
1038631,799,0,157,145600,35.00,-6.21,-6.59
1038653,1074,0,157,145552,35.00,-6.21,-6.59
1038675,1785,0,163,145501,35.00,-6.19,-6.56
1038697,2207,0,159,145428,35.00,-6.23,-6.56
1038719,2616,0,179,145450,35.00,-6.21,-6.63
1038760,2921,0,189,145364,35.00,-6.18,-6.62
1038782,2941,0,199,145322,35.00,-6.20,-6.58
1038804,2517,0,213,145300,35.00,-6.21,-6.61
1038826,1783,0,203,145361,35.00,-6.17,-6.62
1038848,1021,0,174,145333,35.00,-6.22,-6.53
1038870,691,0,158,145324,35.00,-6.20,-6.56
1038892,757,0,163,145185,35.00,-6.22,-6.63
1038914,1303,0,149,145166,35.00,-6.22,-6.60
1038936,1816,0,157,145177,35.00,-6.17,-6.59
1038958,2459,0,163,145137,35.00,-6.20,-6.60
1039553,2811,0,183,145159,34.07,-6.19,-6.60
1039583,1735,0,205,144880,35.00,-6.19,-6.59
1039605,1967,0,263,144917,35.00,-6.17,-6.62
1039627,1581,0,234,144923,35.00,-6.17,-6.62
1039649,1267,0,205,144961,35.00,-6.17,-6.65
1039671,1193,0,181,144897,35.00,-6.21,-6.60
1039693,1381,0,167,144847,35.00,-6.16,-6.61
1039715,1875,0,163,144764,35.00,-6.17,-6.59
1039737,2620,0,165,144695,35.00,-6.15,-6.55
1039759,3195,0,165,144547,35.00,-6.15,-6.59
1039781,3316,0,173,144508,35.00,-6.19,-6.63
1039822,3702,0,174,144516,35.00,-6.32,-6.66
1039844,2951,0,188,144423,35.00,-6.16,-6.58
1039866,2856,0,165,144559,35.00,-6.17,-6.56
1039888,2127,0,154,144712,35.00,-6.28,-6.69
1039910,1637,0,136,144671,35.00,-6.14,-6.57
1039932,1510,0,123,144441,35.00,-6.14,-6.61
1039954,1651,0,127,144280,35.00,-6.05,-6.65
1039976,1967,0,167,143989,35.00,-6.18,-6.61
1039998,2415,0,169,143960,35.00,-6.16,-6.63
1040020,2844,0,184,144063,35.00,-6.18,-6.66
1040042,2676,0,186,144071,35.00,-6.16,-6.64
1040083,2137,0,188,143951,35.00,-6.17,-6.63
1040105,1756,0,167,143917,35.00,-6.14,-6.63
1040127,901,0,155,143942,35.00,-6.18,-6.62
1040149,541,0,143,144002,35.00,-6.13,-6.65
1040171,505,0,141,143974,35.00,-6.16,-6.61
1040193,923,0,146,144060,35.00,-6.14,-6.63
1040215,1497,0,146,144162,35.00,-6.19,-6.62
1040237,2116,0,159,144334,35.00,-6.17,-6.64
1040259,2692,0,187,144444,35.00,-6.17,-6.63
1040281,3003,0,205,144356,35.00,-6.18,-6.59
1040324,2840,0,219,144320,35.00,-6.16,-6.61
1040346,1451,0,201,144285,35.00,-6.15,-6.64
1040368,815,0,183,144251,35.00,-6.18,-6.66
1040390,671,0,180,144285,35.00,-6.14,-6.63
1040412,900,0,171,144263,35.00,-6.19,-6.65
1040434,1321,0,160,144228,35.00,-6.21,-6.63
1040456,1903,0,164,144238,35.00,-6.16,-6.63
1040478,2440,0,181,144299,35.00,-6.21,-6.64
1040500,2680,0,191,144325,35.00,-6.18,-6.64
1040522,2845,0,213,144268,35.00,-6.17,-6.62
1040564,2489,0,216,144126,35.00,-6.20,-6.61
1040586,1832,0,203,143982,35.00,-6.16,-6.63
1040608,1059,0,187,144128,35.00,-6.21,-6.59
1040630,766,0,167,144213,35.00,-6.21,-6.62
1040652,776,0,165,144072,35.00,-6.16,-6.63
1040674,1293,0,153,144109,35.00,-6.15,-6.61
1040696,1981,0,181,144146,35.00,-6.21,-6.62
1040718,2221,0,167,144250,35.00,-6.18,-6.64
1040740,2883,0,199,144426,35.00,-6.16,-6.62
1040762,2856,0,197,144442,35.00,-6.16,-6.64
1040805,2483,0,199,144334,35.00,-6.17,-6.66
1040827,1480,0,181,144383,35.00,-6.17,-6.62
1040849,1003,0,171,144389,35.00,-6.21,-6.61
1040871,1083,0,169,144353,35.00,-6.18,-6.62
1040893,1321,0,157,144354,35.00,-6.16,-6.58
1040915,1704,0,157,144358,35.00,-6.14,-6.61
1040937,2277,0,175,144342,35.00,-6.16,-6.58
1040959,2643,0,178,144281,35.00,-6.16,-6.64
1040981,2877,0,201,144248,35.00,-6.15,-6.60
1041585,2839,0,212,144211,34.27,-6.18,-6.63
1041626,1511,0,202,145000,35.00,-6.17,-6.62
1041648,1161,0,175,145143,35.00,-6.22,-6.63
1041670,1085,0,167,145166,35.00,-6.20,-6.62
1041692,1085,0,155,144803,35.00,-6.14,-6.61
1041714,1315,0,143,144792,35.00,-6.14,-6.57
1041736,1892,0,157,144734,35.00,-6.16,-6.64
1041758,2303,0,171,144637,35.00,-6.16,-6.58
1041780,2788,0,185,144606,35.00,-6.19,-6.62
1041802,3031,0,198,144642,35.00,-6.16,-6.64
1041824,2540,0,204,144720,35.00,-6.12,-6.61
1041846,1816,0,191,144747,35.00,-6.17,-6.61
1041887,1275,0,167,144752,35.00,-6.21,-6.62
1041909,1068,0,174,144708,35.00,-6.18,-6.59
1041931,875,0,157,144802,35.00,-6.16,-6.61
1041953,1210,0,157,144865,35.00,-6.16,-6.62
1041975,1741,0,157,144741,35.00,-6.20,-6.57
1041997,2259,0,165,144745,35.00,-6.20,-6.59
1042601,2535,0,164,144668,34.05,-6.19,-6.66
1042632,2707,0,203,144543,35.00,-6.18,-6.57
1042654,1337,0,150,144633,35.00,-6.17,-6.60
1042676,1838,0,167,144641,35.00,-6.16,-6.61
1042698,2381,0,170,144605,35.00,-6.16,-6.63
1042720,2806,0,183,144564,35.00,-6.19,-6.60
1042742,2783,0,201,144620,35.00,-6.18,-6.59
1042764,2444,0,203,144610,35.00,-6.16,-6.59
1042786,1839,0,201,144596,35.00,-6.18,-6.61
1042808,1312,0,181,144565,35.00,-6.22,-6.63
1042849,1033,0,169,144261,35.00,-6.18,-6.61
1042871,825,0,155,144039,35.00,-6.16,-6.62
1042893,875,0,156,144229,35.00,-6.16,-6.61
1042915,1139,0,147,144364,35.00,-6.14,-6.59
1042937,2191,0,169,144596,35.00,-6.18,-6.61
1042959,2540,0,179,144844,35.00,-6.15,-6.61
1042981,2729,0,199,144855,35.00,-6.15,-6.60
1043364,2761,0,201,144899,34.05,-6.15,-6.61
1043392,2093,0,201,145478,35.00,-6.19,-6.60
1043414,1617,0,156,145271,35.00,-6.19,-6.63
1043436,2149,0,183,144911,35.00,-6.16,-6.63
1043458,2581,0,182,144822,35.00,-6.16,-6.62
1043480,2899,0,183,144797,35.00,-6.19,-6.63
1043502,2795,0,205,144777,35.00,-6.19,-6.63
1043524,2432,0,218,144719,35.00,-6.23,-6.65
1043546,1766,0,203,144679,35.00,-6.18,-6.59
1043568,1109,0,187,144651,35.00,-6.17,-6.62
1043590,776,0,165,144663,35.00,-6.16,-6.64
1043631,982,0,159,145011,35.00,-6.16,-6.65
1043653,1116,0,157,145079,35.00,-6.20,-6.61
1043675,1655,0,159,145097,35.00,-6.13,-6.59
1043697,2351,0,175,145065,35.00,-6.17,-6.61
1043719,2452,0,169,145107,35.00,-6.16,-6.62
1043741,2943,0,204,145196,35.00,-6.14,-6.57
1043763,2795,0,205,145299,35.00,-6.17,-6.60
1043785,2175,0,205,145348,35.00,-6.15,-6.63
1043807,1545,0,191,145412,35.00,-6.19,-6.64
1043829,1017,0,177,145437,35.00,-6.12,-6.60
1043872,879,0,165,145226,35.00,-6.19,-6.60
1043894,1320,0,149,145113,35.00,-6.21,-6.58
1043916,1897,0,165,145157,35.00,-6.19,-6.64
1043938,2407,0,167,145226,35.00,-6.17,-6.64
1043960,2761,0,178,145165,35.00,-6.18,-6.64
1043982,2889,0,203,145195,35.00,-6.22,-6.59
1044380,2534,0,207,145174,33.93,-6.16,-6.64
1044413,2864,0,197,145345,35.00,-6.21,-6.60
1044435,1683,0,176,145331,35.00,-6.16,-6.60
1044457,2077,0,167,145387,35.00,-6.18,-6.62
1044479,2707,0,174,145292,35.00,-6.17,-6.61
1044501,2861,0,199,145203,35.00,-6.19,-6.63
1044523,2701,0,203,145183,35.00,-6.20,-6.61
1044545,2249,0,205,145218,35.00,-6.16,-6.65
1044567,1509,0,197,145265,35.00,-6.18,-6.62
1044589,1107,0,185,145262,35.00,-6.15,-6.62
1044611,837,0,163,145291,35.00,-6.17,-6.65
1044653,1172,0,167,145241,35.00,-6.19,-6.58
1044675,1651,0,158,145264,35.00,-6.15,-6.59
1044697,2279,0,174,145336,35.00,-6.18,-6.66
1044719,2621,0,171,145332,35.00,-6.20,-6.65
1044741,3117,0,199,145314,35.00,-6.17,-6.62
1044763,2591,0,190,145185,35.00,-6.17,-6.59
1044785,2207,0,207,145213,35.00,-6.18,-6.65
1044807,1591,0,190,145160,35.00,-6.16,-6.62
1044829,1195,0,184,145066,35.00,-6.14,-6.61
1044851,953,0,165,145045,35.00,-6.19,-6.61
1044873,1069,0,159,145052,35.00,-6.13,-6.64
1044914,1503,0,153,144974,35.00,-6.19,-6.60
1044936,1817,0,173,144890,35.00,-6.15,-6.58
1044958,2322,0,179,144898,35.00,-6.18,-6.59
1044980,2712,0,185,144888,35.00,-6.13,-6.61
1045396,2769,0,199,144910,33.92,-6.18,-6.64
1045435,2467,0,171,144733,35.00,-6.21,-6.64
1045457,2259,0,175,144703,35.00,-6.18,-6.63
1045479,2555,0,183,144673,35.00,-6.16,-6.65
1045501,3034,0,201,144691,35.00,-6.19,-6.61
1045523,2715,0,198,144769,35.00,-6.19,-6.63
1045545,2365,0,211,144757,35.00,-6.17,-6.63
1045567,1683,0,189,144724,35.00,-6.18,-6.61
1045589,1140,0,179,144771,35.00,-6.13,-6.60
1045611,990,0,157,144808,35.00,-6.16,-6.62
1045633,1227,0,169,144765,35.00,-6.16,-6.61
1045676,1567,0,157,144234,35.00,-6.23,-6.65
1045698,2415,0,169,144228,35.00,-6.20,-6.64
1045720,2804,0,183,144283,35.00,-6.18,-6.59
1045742,2765,0,201,144347,35.00,-6.18,-6.63
1045764,2423,0,192,144331,35.00,-6.19,-6.58
1045786,1915,0,199,144419,35.00,-6.16,-6.61
1045808,1305,0,182,144519,35.00,-6.17,-6.63
1045830,971,0,173,144518,35.00,-6.16,-6.63
1045852,903,0,167,144574,35.00,-6.18,-6.64
1045874,1279,0,159,144564,35.00,-6.16,-6.62
1045916,1781,0,171,144370,35.00,-6.14,-6.61
1045938,2202,0,167,144268,35.00,-6.17,-6.62
1045960,2645,0,181,144322,35.00,-6.20,-6.62
1045982,2987,0,202,144405,35.00,-6.17,-6.61
1046412,2602,0,213,144440,33.94,-6.20,-6.58
1046441,1307,0,167,144406,35.00,-6.17,-6.61
1046463,2781,0,200,144363,35.00,-6.14,-6.63
1046485,2309,0,203,144448,35.00,-6.15,-6.56
1046507,1717,0,201,144385,35.00,-6.20,-6.65
1046529,1187,0,179,144393,35.00,-6.24,-6.64
1046551,671,0,158,144442,35.00,-6.15,-6.67
1046573,1094,0,163,144495,35.00,-6.16,-6.63
1046595,1575,0,156,144627,35.00,-6.20,-6.59
1046638,1972,0,168,144657,35.00,-6.16,-6.62
1046660,2525,0,181,144694,35.00,-6.15,-6.64
1046682,2969,0,205,144885,35.00,-6.21,-6.63
1046704,2591,0,205,144983,35.00,-6.14,-6.63
1046726,1997,0,203,144823,35.00,-6.15,-6.65
1046748,1297,0,187,144767,35.00,-6.18,-6.62
1046770,913,0,169,144790,35.00,-6.19,-6.60
1046792,959,0,159,144884,35.00,-6.16,-6.60
1046814,1385,0,157,145091,35.00,-6.17,-6.63
1046836,1931,0,167,145100,35.00,-6.16,-6.62
1046878,2412,0,169,144934,35.00,-6.13,-6.60
1046900,2910,0,181,144928,35.00,-6.19,-6.60
1046922,2971,0,203,144888,35.00,-6.20,-6.61
1046944,2473,0,207,144886,35.00,-6.16,-6.61
1046966,2012,0,201,144822,35.00,-6.19,-6.60
1046988,1175,0,181,144800,35.00,-6.19,-6.63
1047428,917,0,167,144886,33.89,-6.17,-6.64
1047459,956,0,179,145042,35.00,-6.18,-6.65
1047481,2820,0,187,144812,35.00,-6.16,-6.61
1047503,2695,0,199,144770,35.00,-6.20,-6.62
1047525,2333,0,200,144852,35.00,-6.16,-6.62
1047547,1751,0,186,144880,35.00,-6.21,-6.61
1047569,1163,0,168,144895,35.00,-6.17,-6.59
1047591,971,0,143,144915,35.00,-6.16,-6.59
1047613,1344,0,147,144991,35.00,-6.22,-6.62
1047635,1481,0,134,145065,35.00,-6.16,-6.64
1047657,2071,0,153,145206,35.00,-6.22,-6.66
1047679,2664,0,163,145104,35.00,-6.16,-6.60
1047720,2799,0,188,145392,35.00,-6.16,-6.62
1047742,3115,0,209,145464,35.00,-6.18,-6.61
1047764,2787,0,211,145605,35.00,-6.22,-6.63
1047786,1909,0,203,145725,35.00,-6.20,-6.62
1047808,903,0,211,145952,35.00,-6.17,-6.61
1047830,295,0,211,146302,35.00,-6.19,-6.62
1047852,191,0,197,146456,35.00,-6.18,-6.60
1047874,575,0,181,146576,35.00,-6.22,-6.59
1047896,1342,0,170,146616,35.00,-6.24,-6.52
1047918,2089,0,165,146757,35.00,-6.14,-6.51
1047960,2731,0,172,146493,35.00,-6.16,-6.61
1047982,3337,0,214,146472,35.00,-6.11,-6.61
1048698,2774,0,223,145772,56.64,-6.19,-6.66
1048722,2701,0,201,146659,35.00,-6.19,-6.63
1048744,2685,0,220,146789,35.00,-6.21,-6.60
1048766,2118,0,211,146994,35.00,-6.20,-6.56
1048788,1349,0,187,147045,35.00,-6.12,-6.57
1048810,711,0,165,147043,35.00,-6.21,-6.62
1048832,555,0,147,147021,35.00,-6.20,-6.65
1048854,895,0,147,146994,35.00,-6.21,-6.61
1048876,1437,0,153,146991,35.00,-6.19,-6.63
1048898,2287,0,171,147101,35.00,-6.18,-6.60
1048920,3339,0,183,147133,35.00,-6.20,-6.63
1048963,4095,0,217,147132,35.00,-6.15,-6.60
1048985,3323,0,228,147185,35.00,-6.19,-6.61
1049715,2003,0,223,147119,34.06,-6.17,-6.59
1049744,2083,0,199,145811,35.00,-6.19,-6.61
1049766,1970,0,206,145869,35.00,-6.23,-6.62
1049788,1572,0,203,145864,35.00,-6.19,-6.61
1049810,1114,0,181,145918,35.00,-6.15,-6.61
1049832,1048,0,173,145944,35.00,-6.20,-6.60
1049854,1305,0,169,145943,35.00,-6.24,-6.63
1049876,1823,0,173,145875,35.00,-6.24,-6.61
1049898,2135,0,169,145871,35.00,-6.19,-6.62
1049920,2587,0,181,145918,35.00,-6.17,-6.57
1049942,2715,0,191,145945,35.00,-6.24,-6.60
1049964,2483,0,199,145949,35.00,-6.21,-6.61
1050731,1991,0,189,145876,34.04,-6.18,-6.59
1050767,1771,0,163,145945,35.00,-6.16,-6.60
1050789,1607,0,183,145839,35.00,-6.21,-6.62
1050811,1233,0,179,145727,35.00,-6.24,-6.67
1050833,1407,0,183,145750,35.00,-6.19,-6.60
1050855,1671,0,180,145668,35.00,-6.17,-6.65
1050877,2063,0,188,145763,35.00,-6.22,-6.61
1050899,2328,0,197,145768,35.00,-6.19,-6.63
1050921,2591,0,201,145809,35.00,-6.20,-6.63
1050943,2539,0,211,145839,35.00,-6.25,-6.59
1050965,2297,0,205,145859,35.00,-6.22,-6.62
1051747,1775,0,184,145701,33.69,-6.18,-6.59
1051789,1254,0,186,145457,35.00,-6.17,-6.62
1051811,1035,0,171,145360,35.00,-6.17,-6.63
1051833,1176,0,169,145328,35.00,-6.17,-6.56
1051855,1541,0,169,145480,35.00,-6.18,-6.63
1051877,1972,0,180,145394,35.00,-6.20,-6.58
1051899,2391,0,185,145259,35.00,-6.19,-6.56
1051921,2565,0,185,145336,35.00,-6.18,-6.64
1051943,2382,0,185,145416,35.00,-6.21,-6.58
1051965,1998,0,199,145259,35.00,-6.16,-6.60
1051987,1519,0,191,145307,35.00,-6.23,-6.58
1052030,1192,0,175,145326,35.00,-6.19,-6.61
1052052,1177,0,163,145321,35.00,-6.16,-6.59
1052074,1493,0,167,145304,35.00,-6.18,-6.61
1052096,1955,0,169,145346,35.00,-6.16,-6.63
1052118,2361,0,181,145322,35.00,-6.21,-6.65
1052140,2723,0,189,145323,35.00,-6.16,-6.62
1052162,2805,0,197,145335,35.00,-6.15,-6.58
1052184,2581,0,203,145350,35.00,-6.17,-6.61
1052206,2075,0,205,145302,35.00,-6.20,-6.62
1052228,1471,0,185,145309,35.00,-6.18,-6.57
1052270,1099,0,173,145302,35.00,-6.19,-6.60
1052292,1017,0,169,145281,35.00,-6.18,-6.62
1052314,1291,0,169,145249,35.00,-6.15,-6.58
1052336,1755,0,175,145279,35.00,-6.16,-6.59
1052358,2197,0,183,145332,35.00,-6.17,-6.60
1052380,2566,0,184,145355,35.00,-6.14,-6.60
1052402,2709,0,202,145342,35.00,-6.18,-6.60
1052424,2523,0,204,145297,35.00,-6.22,-6.62
1052446,2011,0,202,145305,35.00,-6.21,-6.60
1052468,1463,0,188,145349,35.00,-6.21,-6.63
1052511,1078,0,173,145226,35.00,-6.19,-6.60
1052533,1177,0,167,145228,35.00,-6.21,-6.62
1052555,1543,0,167,145263,35.00,-6.18,-6.61
1052577,1988,0,173,145283,35.00,-6.15,-6.63
1052599,2419,0,179,145315,35.00,-6.18,-6.61
1052621,2715,0,197,145334,35.00,-6.19,-6.62
1052643,2663,0,190,145351,35.00,-6.18,-6.59
1052665,2297,0,203,145373,35.00,-6.16,-6.63
1052687,1740,0,191,145365,35.00,-6.16,-6.60
1052709,1311,0,177,145357,35.00,-6.17,-6.60
1052751,1100,0,168,145336,35.00,-6.17,-6.66
1052773,1263,0,169,145344,35.00,-6.19,-6.61
1052795,1579,0,165,145308,35.00,-6.17,-6.61
1052817,2043,0,181,145289,35.00,-6.20,-6.62
1052839,2429,0,181,145313,35.00,-6.18,-6.62
1052861,2676,0,191,145337,35.00,-6.16,-6.58
1052883,2590,0,201,145343,35.00,-6.21,-6.62
1052905,2281,0,205,145320,35.00,-6.13,-6.59
1052927,1723,0,187,145332,35.00,-6.16,-6.58
1052949,1263,0,173,145299,35.00,-6.17,-6.60
1052992,1060,0,169,145170,35.00,-6.17,-6.59
1053525,1407,0,171,145183,33.62,-6.15,-6.62
1053555,1647,0,187,145326,35.00,-6.17,-6.56
1053577,2021,0,171,145316,35.00,-6.17,-6.60
1053599,2413,0,175,145329,35.00,-6.22,-6.60
1053621,2685,0,201,145373,35.00,-6.19,-6.62
1053643,2596,0,199,145367,35.00,-6.19,-6.61
1053665,2262,0,205,145389,35.00,-6.19,-6.56
1053687,1690,0,189,145356,35.00,-6.19,-6.60
1053709,1225,0,175,145312,35.00,-6.17,-6.63
1053731,1079,0,172,145347,35.00,-6.18,-6.59
1053773,1156,0,170,145356,35.00,-6.21,-6.61
1053795,1590,0,165,145364,35.00,-6.19,-6.58
1053817,2023,0,181,145351,35.00,-6.21,-6.62
1053839,2397,0,173,145340,35.00,-6.16,-6.59
1053861,2667,0,185,145346,35.00,-6.17,-6.60
1053883,2601,0,188,145368,35.00,-6.18,-6.62
1053905,2268,0,201,145352,35.00,-6.18,-6.61
1053927,1707,0,189,145378,35.00,-6.16,-6.62
1053949,1274,0,179,145354,35.00,-6.19,-6.62
1053971,1117,0,168,145343,35.00,-6.18,-6.61
1053993,1249,0,167,145350,35.00,-6.15,-6.60
1054034,1581,0,165,145312,35.00,-6.20,-6.61
1054056,1832,0,172,145306,35.00,-6.20,-6.61
1054078,2187,0,169,145305,35.00,-6.20,-6.62
1054100,2577,0,186,145306,35.00,-6.16,-6.61
1054122,2671,0,197,145305,35.00,-6.13,-6.60
1054144,2477,0,201,145288,35.00,-6.19,-6.60
1054166,2001,0,203,145295,35.00,-6.22,-6.62
1054188,1443,0,187,145292,35.00,-6.25,-6.59
1054210,1125,0,180,145288,35.00,-6.17,-6.59
1054232,1147,0,171,145283,35.00,-6.14,-6.62
1054274,1387,0,166,145272,35.00,-6.15,-6.61
1054296,1853,0,175,145272,35.00,-6.14,-6.61
1054318,2209,0,171,145258,35.00,-6.16,-6.58
1054340,2524,0,188,145241,35.00,-6.16,-6.61
1054362,2617,0,197,145227,35.00,-6.15,-6.58
1054384,2415,0,209,145238,35.00,-6.22,-6.61
1054406,1942,0,197,145232,35.00,-6.19,-6.60
1054428,1446,0,196,145234,35.00,-6.15,-6.62
1054450,1119,0,169,145231,35.00,-6.20,-6.64
1054472,1128,0,169,145248,35.00,-6.20,-6.60
1054494,1383,0,167,145235,35.00,-6.19,-6.62
1054535,1805,0,171,145241,35.00,-6.16,-6.62
1054557,2023,0,173,145227,35.00,-6.21,-6.59
1054579,2389,0,179,145221,35.00,-6.20,-6.62
1054601,2629,0,199,145226,35.00,-6.17,-6.57
1054623,2521,0,190,145225,35.00,-6.17,-6.62
1054645,2219,0,213,145229,35.00,-6.20,-6.62
1054667,1657,0,189,145237,35.00,-6.19,-6.61
1054689,1237,0,177,145235,35.00,-6.20,-6.59
1054711,1081,0,168,145228,35.00,-6.19,-6.60
1054733,1245,0,167,145203,35.00,-6.22,-6.59
1054776,1587,0,159,145222,35.00,-6.19,-6.59
1054798,2247,0,172,145212,35.00,-6.17,-6.59
1054820,2567,0,187,145218,35.00,-6.16,-6.60
1054842,2648,0,201,145208,35.00,-6.21,-6.63
1054864,2447,0,201,145192,35.00,-6.18,-6.60
1054886,1948,0,197,145201,35.00,-6.17,-6.58
1054908,1461,0,183,145221,35.00,-6.17,-6.62
1054930,1141,0,169,145234,35.00,-6.18,-6.60
1054952,1175,0,165,145228,35.00,-6.21,-6.62
1054974,1387,0,163,145218,35.00,-6.18,-6.59
1055557,1804,0,164,145226,34.13,-6.18,-6.64
1055597,2451,0,181,145263,35.00,-6.18,-6.58
1055619,2445,0,173,145251,35.00,-6.22,-6.62
1055641,2647,0,188,145267,35.00,-6.20,-6.62
1055663,2570,0,199,145265,35.00,-6.15,-6.62
1055685,2196,0,201,145268,35.00,-6.22,-6.63
1055707,1674,0,197,145272,35.00,-6.20,-6.63
1055729,1243,0,171,145275,35.00,-6.16,-6.59
1055751,1115,0,165,145277,35.00,-6.19,-6.62
1055773,1287,0,169,145278,35.00,-6.18,-6.62
1055795,1625,0,159,145302,35.00,-6.21,-6.60
1055817,2036,0,181,145312,35.00,-6.17,-6.62
1055858,2411,0,183,145258,35.00,-6.20,-6.58
1055880,2554,0,184,145262,35.00,-6.18,-6.62
1055902,2614,0,203,145245,35.00,-6.21,-6.66
1055924,2423,0,207,145250,35.00,-6.17,-6.60
1055946,1943,0,205,145234,35.00,-6.18,-6.63
1055968,1445,0,181,145257,35.00,-6.18,-6.61
1055990,1143,0,171,145259,35.00,-6.16,-6.63
1056573,1175,0,173,145226,34.17,-6.18,-6.60
1056604,1690,0,168,145195,35.00,-6.18,-6.65
1056626,1967,0,189,145169,35.00,-6.17,-6.65
1056648,1427,0,181,145151,35.00,-6.18,-6.61
1056670,1126,0,163,145136,35.00,-6.18,-6.60
1056692,1157,0,169,145153,35.00,-6.18,-6.62
1056714,1425,0,160,145165,35.00,-6.16,-6.61
1056736,1845,0,167,145162,35.00,-6.16,-6.62
1056758,2275,0,170,145151,35.00,-6.16,-6.62
1056800,2588,0,190,145137,35.00,-6.16,-6.63
1056822,2654,0,185,145153,35.00,-6.15,-6.63
1056844,2403,0,201,145156,35.00,-6.17,-6.66
1056866,1915,0,199,145151,35.00,-6.16,-6.60
1056888,1417,0,185,145160,35.00,-6.21,-6.60
1056910,1142,0,172,145155,35.00,-6.16,-6.61
1056932,1167,0,168,145155,35.00,-6.17,-6.64
1056954,1443,0,169,145153,35.00,-6.16,-6.62
1056976,1867,0,167,145149,35.00,-6.15,-6.63
1056998,2255,0,175,145140,35.00,-6.21,-6.59
1057040,2579,0,187,145143,35.00,-6.17,-6.58
1057062,2647,0,201,145149,35.00,-6.16,-6.62
1057084,2391,0,206,145149,35.00,-6.18,-6.63
1057106,1886,0,203,145129,35.00,-6.17,-6.65
1057128,1380,0,189,145130,35.00,-6.16,-6.62
1057150,1111,0,167,145141,35.00,-6.16,-6.60
1057172,1171,0,172,145110,35.00,-6.16,-6.61
1057194,1451,0,168,145095,35.00,-6.19,-6.58
1057216,1881,0,169,145104,35.00,-6.19,-6.62
1057238,2266,0,175,145095,35.00,-6.22,-6.62
1057260,2595,0,181,145096,35.00,-6.18,-6.64
1057301,2604,0,189,145097,35.00,-6.18,-6.63
1057323,2533,0,190,145091,35.00,-6.20,-6.66
1057345,2161,0,201,145082,35.00,-6.20,-6.59
1057367,1617,0,185,145047,35.00,-6.17,-6.61
1057389,1215,0,172,145009,35.00,-6.20,-6.61
1057411,1117,0,169,145013,35.00,-6.14,-6.64
1057433,1259,0,156,145016,35.00,-6.17,-6.59
1057455,1597,0,162,144994,35.00,-6.19,-6.60
1057477,2073,0,167,144988,35.00,-6.17,-6.65
1057499,2441,0,175,144976,35.00,-6.19,-6.58
1057542,2667,0,186,144992,35.00,-6.22,-6.59
1057564,2393,0,190,144998,35.00,-6.17,-6.61
1057586,1882,0,202,145005,35.00,-6.21,-6.61
1057608,1371,0,181,144996,35.00,-6.17,-6.60
1057630,1129,0,167,144996,35.00,-6.18,-6.60
1057652,1158,0,167,144995,35.00,-6.14,-6.64
1057674,1437,0,159,144985,35.00,-6.17,-6.59
1057696,1899,0,175,144986,35.00,-6.13,-6.60
1057718,2275,0,171,144977,35.00,-6.18,-6.62
1057740,2583,0,181,144990,35.00,-6.15,-6.60
1057782,2619,0,187,145026,35.00,-6.18,-6.62
1057804,2381,0,181,145030,35.00,-6.16,-6.59
1057826,1849,0,201,145023,35.00,-6.18,-6.58
1057848,1382,0,179,145002,35.00,-6.19,-6.64
1057870,1121,0,175,144996,35.00,-6.17,-6.63
1057892,1173,0,165,144983,35.00,-6.17,-6.62
1057914,1453,0,163,144984,35.00,-6.17,-6.59
1057936,1884,0,169,144990,35.00,-6.15,-6.60
1057958,2263,0,170,144992,35.00,-6.20,-6.58
1057980,2579,0,187,145002,35.00,-6.18,-6.63
1058023,2631,0,199,145007,35.00,-6.19,-6.60
1058045,2163,0,200,145015,35.00,-6.16,-6.65
1058067,1626,0,191,145031,35.00,-6.19,-6.62
1058089,1208,0,174,145031,35.00,-6.19,-6.61
1058111,1109,0,165,145026,35.00,-6.20,-6.67
1058133,1263,0,169,145034,35.00,-6.18,-6.64
1058155,1675,0,172,145047,35.00,-6.18,-6.60
1058177,2099,0,168,145048,35.00,-6.19,-6.60
1058199,2473,0,175,145053,35.00,-6.18,-6.62
1058221,2648,0,199,145064,35.00,-6.16,-6.62
1058263,2505,0,198,145101,35.00,-6.19,-6.61
1058285,2149,0,201,145086,35.00,-6.13,-6.62
1058307,1592,0,200,145086,35.00,-6.20,-6.62
1058329,1223,0,172,145083,35.00,-6.14,-6.63
1058351,1135,0,178,145084,35.00,-6.18,-6.61
1058373,1339,0,170,145072,35.00,-6.19,-6.63
1058395,1677,0,167,145085,35.00,-6.15,-6.62
1058417,2103,0,171,145083,35.00,-6.16,-6.63
1058439,2451,0,185,145060,35.00,-6.19,-6.61
1058461,2668,0,197,145051,35.00,-6.21,-6.63
1058483,2513,0,201,145044,35.00,-6.21,-6.61
1058524,2107,0,202,145036,35.00,-6.21,-6.62
1058546,1851,0,198,145049,35.00,-6.17,-6.61
1058568,1352,0,185,145062,35.00,-6.13,-6.64
1058590,1113,0,173,145057,35.00,-6.19,-6.58
1058612,1188,0,165,145047,35.00,-6.17,-6.62
1058634,1477,0,165,145044,35.00,-6.16,-6.59
1058656,1928,0,170,145039,35.00,-6.16,-6.61
1058678,2313,0,175,145050,35.00,-6.19,-6.63
1058700,2607,0,185,145042,35.00,-6.18,-6.62
1058722,2620,0,202,145036,35.00,-6.18,-6.63
1058764,2359,0,211,145045,35.00,-6.19,-6.62
1058786,1831,0,199,145039,35.00,-6.16,-6.60
1058808,1317,0,183,145042,35.00,-6.17,-6.59
1058830,1105,0,167,145048,35.00,-6.17,-6.63
1058852,1164,0,167,145046,35.00,-6.16,-6.65
1058874,1477,0,172,145061,35.00,-6.15,-6.60
1058896,1940,0,166,145065,35.00,-6.21,-6.56
1058918,2330,0,170,145064,35.00,-6.22,-6.61
1058940,2643,0,184,145067,35.00,-6.17,-6.66
1058962,2645,0,199,145065,35.00,-6.15,-6.60
1058984,2351,0,197,145070,35.00,-6.23,-6.63
1059025,1827,0,191,145053,35.00,-6.12,-6.62
1059047,1589,0,191,145046,35.00,-6.18,-6.57
1059069,1191,0,179,145035,35.00,-6.15,-6.62
1059091,1116,0,164,145040,35.00,-6.18,-6.63
1059113,1311,0,158,145039,35.00,-6.16,-6.63
1059135,1710,0,169,145033,35.00,-6.18,-6.59
1059157,2117,0,171,145035,35.00,-6.15,-6.59
1059179,2502,0,173,145024,35.00,-6.18,-6.56
1059201,2639,0,190,145024,35.00,-6.21,-6.62
1059223,2495,0,191,145042,35.00,-6.21,-6.62
1059266,2095,0,211,145037,35.00,-6.16,-6.60
1059288,1333,0,181,145039,35.00,-6.16,-6.61
1059310,1097,0,173,145041,35.00,-6.16,-6.61
1059332,1199,0,167,145040,35.00,-6.20,-6.63
1059354,1482,0,157,145039,35.00,-6.20,-6.58
1059376,1945,0,171,145053,35.00,-6.16,-6.63
1059398,2333,0,171,145052,35.00,-6.18,-6.60
1059420,2620,0,181,145061,35.00,-6.17,-6.64
1059442,2613,0,195,145049,35.00,-6.15,-6.62
1059464,2313,0,211,145057,35.00,-6.14,-6.60
1059506,1807,0,198,145064,35.00,-6.18,-6.62
1059528,1350,0,183,145058,35.00,-6.18,-6.65
1059550,1101,0,170,145057,35.00,-6.19,-6.68
1059572,1187,0,173,145064,35.00,-6.14,-6.64
1059594,1491,0,153,145046,35.00,-6.16,-6.65
1059616,1939,0,168,145052,35.00,-6.17,-6.59
1059638,2335,0,169,145051,35.00,-6.19,-6.62
1059660,2617,0,188,145051,35.00,-6.16,-6.62
1059682,2629,0,186,145047,35.00,-6.21,-6.62
1059704,2311,0,205,145049,35.00,-6.14,-6.62
1059747,1801,0,192,145047,35.00,-6.19,-6.62
1059769,1163,0,177,145053,35.00,-6.14,-6.61
1059791,1116,0,168,145057,35.00,-6.16,-6.58
1059813,1339,0,163,145055,35.00,-6.17,-6.63
1059835,1737,0,165,145054,35.00,-6.19,-6.61
1059857,2141,0,171,145052,35.00,-6.13,-6.60
1059879,2493,0,197,145051,35.00,-6.16,-6.60
1059901,2648,0,197,145062,35.00,-6.20,-6.62
1059923,2501,0,200,145055,35.00,-6.20,-6.63
1059945,2041,0,211,145057,35.00,-6.20,-6.64
1059987,1519,0,186,145080,35.00,-6.16,-6.63
1060384,1199,0,175,145074,33.71,-6.16,-6.61
1060412,1753,0,199,145075,35.00,-6.19,-6.59
1060434,1563,0,157,145083,35.00,-6.16,-6.62
1060456,1982,0,168,145076,35.00,-6.17,-6.59
1060478,2349,0,170,145074,35.00,-6.20,-6.64
1060500,2635,0,187,145076,35.00,-6.19,-6.63
1060522,2589,0,191,145078,35.00,-6.18,-6.65
1060544,2265,0,202,145078,35.00,-6.21,-6.65
1060566,1738,0,201,145061,35.00,-6.16,-6.62
1060609,1289,0,185,145021,35.00,-6.21,-6.60
1060631,1139,0,155,145028,35.00,-6.21,-6.65
1060653,1373,0,158,145026,35.00,-6.17,-6.60
1060675,1783,0,160,145012,35.00,-6.18,-6.62
1060697,2207,0,171,145023,35.00,-6.16,-6.62
1060719,2543,0,171,145022,35.00,-6.18,-6.61
1060741,2671,0,197,145030,35.00,-6.21,-6.64
1060763,2505,0,204,145030,35.00,-6.17,-6.58
1060785,2023,0,201,145026,35.00,-6.16,-6.63
1060807,1499,0,187,145031,35.00,-6.15,-6.62
1060849,1158,0,171,145036,35.00,-6.16,-6.62
1060871,1135,0,165,145017,35.00,-6.19,-6.62
1060893,1357,0,169,145022,35.00,-6.20,-6.63
1060915,1788,0,173,145017,35.00,-6.20,-6.67
1060937,2222,0,179,145008,35.00,-6.18,-6.60
1060959,2541,0,187,144994,35.00,-6.17,-6.64
1060981,2633,0,199,145012,35.00,-6.16,-6.62
1061400,2454,0,205,145021,34.09,-6.18,-6.61
1061430,2589,0,199,145001,35.00,-6.19,-6.65
1061452,1274,0,168,145019,35.00,-6.15,-6.62
1061474,1593,0,165,145020,35.00,-6.17,-6.68
1061496,2053,0,177,145032,35.00,-6.20,-6.58
1061518,2392,0,179,145033,35.00,-6.18,-6.65
1061540,2659,0,190,145041,35.00,-6.22,-6.59
1061562,2587,0,201,145004,35.00,-6.19,-6.63
1061584,2253,0,205,145004,35.00,-6.17,-6.61
1061606,1684,0,187,145006,35.00,-6.16,-6.62
1061628,1245,0,178,145011,35.00,-6.18,-6.60
1061650,1115,0,169,145018,35.00,-6.16,-6.65
1061691,1278,0,169,144998,35.00,-6.19,-6.61
1061713,1433,0,169,145010,35.00,-6.18,-6.60
1061735,1838,0,167,145003,35.00,-6.21,-6.65
1061757,2249,0,171,145004,35.00,-6.19,-6.59
1061779,2573,0,185,145003,35.00,-6.18,-6.64
1061801,2648,0,191,144993,35.00,-6.22,-6.62
1061823,2446,0,202,144999,35.00,-6.19,-6.60
1061845,1952,0,191,144997,35.00,-6.22,-6.61
1061867,1419,0,181,144994,35.00,-6.14,-6.60
1061889,1140,0,171,144990,35.00,-6.17,-6.66
1061931,1159,0,171,145011,35.00,-6.18,-6.62
1061953,1419,0,169,145016,35.00,-6.16,-6.62
1061975,1832,0,172,145014,35.00,-6.16,-6.59
1061997,2249,0,179,145000,35.00,-6.19,-6.60
1062416,2581,0,185,145007,33.99,-6.17,-6.59
1062453,2456,0,181,144977,35.00,-6.18,-6.61
1062475,1895,0,172,144989,35.00,-6.21,-6.62
1062497,2268,0,176,144990,35.00,-6.17,-6.62
1062519,2600,0,179,144989,35.00,-6.18,-6.63
1062541,2661,0,201,144989,35.00,-6.18,-6.58
1062563,2405,0,205,144988,35.00,-6.17,-6.62
1062585,1897,0,199,144991,35.00,-6.19,-6.64
1062607,1420,0,183,144984,35.00,-6.20,-6.63
1062629,1129,0,171,144991,35.00,-6.17,-6.61
1062651,1179,0,171,144981,35.00,-6.17,-6.58
1062693,1439,0,168,145002,35.00,-6.18,-6.63
1062715,1909,0,171,144980,35.00,-6.19,-6.60
1062737,2281,0,172,144983,35.00,-6.18,-6.62
1062759,2584,0,181,144985,35.00,-6.18,-6.63
1062781,2602,0,187,144991,35.00,-6.14,-6.59
1062803,2359,0,205,144968,35.00,-6.17,-6.62
1062825,1866,0,191,144997,35.00,-6.18,-6.61
1062847,1387,0,187,145001,35.00,-6.18,-6.62
1062869,1115,0,174,144998,35.00,-6.21,-6.61
1062891,1184,0,174,144995,35.00,-6.19,-6.59
1062913,1453,0,163,144998,35.00,-6.20,-6.61
1062954,1897,0,171,144971,35.00,-6.19,-6.63
1062976,2129,0,183,144986,35.00,-6.22,-6.63
1062998,2460,0,183,145003,35.00,-6.16,-6.63
1063020,2660,0,191,144996,35.00,-6.19,-6.64
1063042,2503,0,199,144998,35.00,-6.18,-6.56
1063064,2127,0,204,144992,35.00,-6.18,-6.63
1063086,1590,0,186,144991,35.00,-6.17,-6.63
1063108,1205,0,173,144990,35.00,-6.19,-6.62
1063130,1085,0,164,144995,35.00,-6.20,-6.64
1063152,1273,0,171,144993,35.00,-6.17,-6.61
1063194,1677,0,165,144994,35.00,-6.16,-6.60
1063216,2132,0,171,144989,35.00,-6.18,-6.62
1063238,2471,0,179,144994,35.00,-6.18,-6.66
1063260,2634,0,201,144992,35.00,-6.17,-6.63
1063282,2503,0,199,144988,35.00,-6.21,-6.62
1063304,2123,0,201,144993,35.00,-6.15,-6.62
1063326,1575,0,189,144985,35.00,-6.21,-6.63
1063348,1197,0,171,144987,35.00,-6.18,-6.61
1063370,1108,0,167,144991,35.00,-6.16,-6.63
1063392,1290,0,165,144986,35.00,-6.15,-6.64
1063414,1693,0,163,145000,35.00,-6.15,-6.63
1063455,2131,0,172,144977,35.00,-6.20,-6.60
1063477,2309,0,167,144988,35.00,-6.17,-6.60
1063499,2577,0,183,144988,35.00,-6.16,-6.62
1063521,2600,0,197,144994,35.00,-6.21,-6.61
1063543,2331,0,201,144995,35.00,-6.18,-6.61
1063565,1824,0,197,144985,35.00,-6.22,-6.64
1063587,1341,0,184,144990,35.00,-6.16,-6.61
1063609,1115,0,171,144993,35.00,-6.17,-6.62
1063631,1191,0,169,144988,35.00,-6.12,-6.60
1063653,1513,0,163,144985,35.00,-6.16,-6.61
1063695,1944,0,174,144981,35.00,-6.19,-6.63
1063717,2323,0,171,144983,35.00,-6.18,-6.63
1063739,2634,0,185,144982,35.00,-6.18,-6.64
1063761,2621,0,187,144986,35.00,-6.17,-6.61
1063783,2329,0,201,144974,35.00,-6.18,-6.62
1063805,1799,0,191,144993,35.00,-6.18,-6.60
1063827,1319,0,183,144981,35.00,-6.17,-6.61
1063849,1112,0,173,144982,35.00,-6.18,-6.58
1063871,1197,0,169,144982,35.00,-6.20,-6.61
1063893,1502,0,165,144984,35.00,-6.17,-6.60
1063915,1958,0,177,144991,35.00,-6.18,-6.60
1063956,2325,0,175,144992,35.00,-6.23,-6.62
1063978,2508,0,176,144987,35.00,-6.20,-6.62
1064702,2651,0,186,144993,34.31,-6.15,-6.64
1064738,2019,0,203,144960,35.00,-6.18,-6.63
1064760,2677,0,190,144966,35.00,-6.21,-6.62
1064782,2467,0,199,144974,35.00,-6.19,-6.59
1064804,2015,0,200,144956,35.00,-6.18,-6.60
1064826,1483,0,187,144957,35.00,-6.17,-6.62
1064848,1164,0,175,144959,35.00,-6.17,-6.65
1064870,1171,0,165,144952,35.00,-6.15,-6.59
1064892,1386,0,165,144965,35.00,-6.14,-6.60
1064914,1809,0,168,144962,35.00,-6.18,-6.61
1064936,2233,0,171,144959,35.00,-6.20,-6.59
1064978,2573,0,181,144960,35.00,-6.13,-6.62
1065719,2677,0,191,144954,33.90,-6.19,-6.60
1065760,2577,0,197,144892,35.00,-6.16,-6.61
1065782,2439,0,205,144894,35.00,-6.18,-6.62
1065804,1933,0,199,144905,35.00,-6.18,-6.61
1065826,1431,0,187,144907,35.00,-6.21,-6.61
1065848,1173,0,171,144901,35.00,-6.20,-6.60
1065870,1189,0,169,144896,35.00,-6.17,-6.61
1065892,1437,0,159,144898,35.00,-6.19,-6.61
1065914,1864,0,165,144892,35.00,-6.21,-6.63
1065936,2237,0,173,144901,35.00,-6.17,-6.61
1065958,2591,0,190,144904,35.00,-6.21,-6.61
1066735,2630,0,189,144898,33.90,-6.15,-6.61
1066762,2515,0,179,144917,35.00,-6.20,-6.63
1066784,1801,0,197,144911,35.00,-6.16,-6.59
1066806,1320,0,178,144915,35.00,-6.13,-6.67
1066828,1112,0,171,144916,35.00,-6.16,-6.62
1066850,1207,0,164,144914,35.00,-6.21,-6.62
1066872,1519,0,159,144910,35.00,-6.18,-6.60
1066894,1971,0,170,144924,35.00,-6.15,-6.60
1066916,2364,0,179,144918,35.00,-6.20,-6.63
1066938,2623,0,186,144907,35.00,-6.19,-6.60
1066960,2637,0,197,144911,35.00,-6.17,-6.64
1066982,2343,0,199,144926,35.00,-6.18,-6.64
1067023,1813,0,197,144907,35.00,-6.19,-6.63
1067045,1549,0,184,144923,35.00,-6.17,-6.62
1067067,1171,0,173,144940,35.00,-6.19,-6.62
1067089,1115,0,163,144923,35.00,-6.19,-6.62
1067111,1341,0,171,144924,35.00,-6.13,-6.61
1067133,1751,0,166,144922,35.00,-6.17,-6.63
1067155,2171,0,171,144925,35.00,-6.19,-6.62
1067177,2519,0,172,144920,35.00,-6.19,-6.65
1067199,2667,0,198,144927,35.00,-6.21,-6.61
1067221,2493,0,203,144930,35.00,-6.14,-6.62
1067263,2066,0,203,144941,35.00,-6.19,-6.64
1067285,1527,0,187,144928,35.00,-6.20,-6.62
1067307,1157,0,169,144920,35.00,-6.18,-6.59
1067329,1125,0,165,144939,35.00,-6.19,-6.59
1067351,1387,0,165,144934,35.00,-6.16,-6.62
1067373,1801,0,170,144938,35.00,-6.18,-6.64
1067395,2201,0,166,144938,35.00,-6.16,-6.62
1067417,2525,0,179,144923,35.00,-6.16,-6.64
1067439,2631,0,187,144933,35.00,-6.22,-6.62
1067461,2437,0,185,144934,35.00,-6.20,-6.60
1067483,2005,0,191,144933,35.00,-6.16,-6.62
1067524,1471,0,179,144912,35.00,-6.17,-6.62
1067546,1307,0,176,144930,35.00,-6.16,-6.60
1067568,1125,0,159,144927,35.00,-6.19,-6.64
1067590,1251,0,166,144929,35.00,-6.17,-6.62
1067612,1573,0,159,144914,35.00,-6.16,-6.62
1067634,2019,0,169,144904,35.00,-6.17,-6.62
1067656,2380,0,169,144920,35.00,-6.16,-6.61
1067678,2637,0,183,144914,35.00,-6.19,-6.63
1067700,2585,0,197,144924,35.00,-6.17,-6.64
1067722,2245,0,209,144921,35.00,-6.20,-6.58
1067764,1707,0,187,144910,35.00,-6.16,-6.60
1067786,1268,0,179,144911,35.00,-6.20,-6.63
1067808,1105,0,159,144916,35.00,-6.16,-6.61
1067830,1261,0,165,144899,35.00,-6.17,-6.65
1067852,1595,0,165,144906,35.00,-6.20,-6.62
1067874,2022,0,171,144918,35.00,-6.20,-6.62
1067896,2393,0,175,144907,35.00,-6.20,-6.64
1067918,2639,0,185,144913,35.00,-6.21,-6.63
1067940,2549,0,189,144905,35.00,-6.17,-6.62
1067962,2229,0,215,144914,35.00,-6.19,-6.59
1067984,1673,0,188,144906,35.00,-6.17,-6.63
1068025,1253,0,175,144903,35.00,-6.19,-6.61
1068047,1166,0,173,144894,35.00,-6.21,-6.62
1068069,1157,0,165,144890,35.00,-6.17,-6.61
1068091,1401,0,165,144896,35.00,-6.17,-6.62
1068113,1849,0,171,144899,35.00,-6.16,-6.56
1068135,2231,0,172,144887,35.00,-6.19,-6.61
1068157,2552,0,179,144892,35.00,-6.18,-6.61
1068179,2615,0,188,144886,35.00,-6.15,-6.64
1068201,2403,0,200,144893,35.00,-6.21,-6.66
1068223,1894,0,187,144888,35.00,-6.18,-6.60
1068266,1417,0,174,144873,35.00,-6.18,-6.58
1068288,1128,0,168,144885,35.00,-6.14,-6.60
1068310,1293,0,159,144893,35.00,-6.17,-6.62
1068332,1636,0,165,144891,35.00,-6.18,-6.63
1068354,2063,0,173,144885,35.00,-6.14,-6.61
1068376,2451,0,173,144879,35.00,-6.20,-6.62
1068398,2623,0,189,144873,35.00,-6.17,-6.60
1068420,2527,0,201,144880,35.00,-6.19,-6.63
1068442,2151,0,203,144888,35.00,-6.19,-6.58
1068464,1625,0,191,144873,35.00,-6.19,-6.63
1068506,1227,0,185,144882,35.00,-6.20,-6.59
1068528,1097,0,159,144876,35.00,-6.17,-6.59
1068550,1285,0,169,144879,35.00,-6.18,-6.64
1068572,1655,0,165,144882,35.00,-6.18,-6.62
1068594,2101,0,171,144871,35.00,-6.17,-6.60
1068616,2463,0,176,144861,35.00,-6.20,-6.62
1068638,2658,0,187,144875,35.00,-6.17,-6.60
1068660,2523,0,200,144881,35.00,-6.16,-6.63
1068682,2151,0,201,144880,35.00,-6.21,-6.66
1068704,1591,0,179,144877,35.00,-6.16,-6.62
1068747,1198,0,170,144867,35.00,-6.15,-6.63
1068769,1200,0,163,144875,35.00,-6.18,-6.62
1068791,1461,0,160,144891,35.00,-6.17,-6.64
1068813,1897,0,168,144880,35.00,-6.18,-6.61
1068835,2293,0,171,144873,35.00,-6.17,-6.62
1068857,2591,0,183,144865,35.00,-6.18,-6.59
1068879,2621,0,197,144879,35.00,-6.21,-6.62
1068901,2363,0,211,144877,35.00,-6.20,-6.64
1068923,1833,0,188,144882,35.00,-6.19,-6.63
1068945,1353,0,184,144878,35.00,-6.20,-6.63
1068987,1115,0,169,144898,35.00,-6.17,-6.62
1069529,1209,0,165,144875,34.26,-6.16,-6.63
1069569,1557,0,165,144849,35.00,-6.16,-6.60
1069591,1551,0,157,144885,35.00,-6.19,-6.61
1069613,1983,0,171,144883,35.00,-6.22,-6.62
1069635,2373,0,173,144884,35.00,-6.17,-6.62
1069657,2619,0,186,144892,35.00,-6.19,-6.62
1069679,2597,0,187,144881,35.00,-6.21,-6.60
1069701,2284,0,191,144882,35.00,-6.16,-6.59
1069723,1766,0,187,144888,35.00,-6.18,-6.63
1069745,1316,0,169,144893,35.00,-6.17,-6.64
1069767,1113,0,165,144876,35.00,-6.16,-6.58
1069809,1257,0,157,144892,35.00,-6.22,-6.64
1069831,1591,0,168,144887,35.00,-6.12,-6.62
1069853,2019,0,173,144886,35.00,-6.20,-6.61
1069875,2413,0,171,144889,35.00,-6.21,-6.64
1069897,2658,0,187,144895,35.00,-6.20,-6.61
1069919,2575,0,191,144875,35.00,-6.19,-6.62
1069941,2263,0,205,144886,35.00,-6.19,-6.60
1069963,1694,0,190,144882,35.00,-6.18,-6.62
1069985,1263,0,175,144882,35.00,-6.19,-6.62
1070546,1081,0,159,144883,33.85,-6.16,-6.65
1070576,1164,0,165,144859,35.00,-6.15,-6.61
1070598,2662,0,187,144864,35.00,-6.19,-6.61
1070620,2403,0,199,144856,35.00,-6.18,-6.59
1070642,1918,0,197,144847,35.00,-6.16,-6.59
1070664,1370,0,179,144857,35.00,-6.17,-6.62
1070686,1126,0,167,144847,35.00,-6.14,-6.60
1070708,1191,0,165,144855,35.00,-6.17,-6.61
1070730,1448,0,167,144857,35.00,-6.18,-6.62
1070771,1890,0,169,144866,35.00,-6.19,-6.66
1070793,2100,0,179,144854,35.00,-6.15,-6.65
1070815,2468,0,175,144853,35.00,-6.18,-6.59
1070837,2653,0,187,144849,35.00,-6.21,-6.61
1070859,2567,0,201,144846,35.00,-6.15,-6.62
1070881,2165,0,202,144852,35.00,-6.16,-6.62
1070903,1637,0,190,144854,35.00,-6.19,-6.65
1070925,1221,0,167,144844,35.00,-6.17,-6.61
1070947,1099,0,159,144838,35.00,-6.16,-6.61
1070969,1289,0,159,144844,35.00,-6.20,-6.64
1070991,1677,0,165,144843,35.00,-6.17,-6.63
1071032,2093,0,171,144836,35.00,-6.21,-6.62
1071054,2297,0,174,144839,35.00,-6.18,-6.62
1071076,2601,0,181,144840,35.00,-6.17,-6.64
1071098,2613,0,189,144841,35.00,-6.20,-6.62
1071120,2355,0,198,144832,35.00,-6.20,-6.61
1071142,1847,0,190,144825,35.00,-6.15,-6.65
1071164,1357,0,175,144828,35.00,-6.18,-6.60
1071186,1095,0,168,144829,35.00,-6.17,-6.63
1071208,1205,0,169,144825,35.00,-6.18,-6.62
1071230,1480,0,165,144818,35.00,-6.15,-6.62
1071273,1937,0,175,144806,35.00,-6.13,-6.58
1071295,2516,0,173,144816,35.00,-6.16,-6.63
1071317,2655,0,183,144823,35.00,-6.16,-6.60
1071339,2493,0,191,144816,35.00,-6.20,-6.60
1071361,2077,0,199,144812,35.00,-6.19,-6.61
1071383,1531,0,184,144817,35.00,-6.15,-6.62
1071405,1187,0,173,144815,35.00,-6.17,-6.60
1071427,1139,0,165,144825,35.00,-6.19,-6.66
1071449,1321,0,164,144811,35.00,-6.16,-6.66
1071471,1715,0,163,144813,35.00,-6.19,-6.62
1071513,2137,0,167,144819,35.00,-6.18,-6.65
1071535,2533,0,173,144800,35.00,-6.17,-6.67
1071557,2650,0,190,144798,35.00,-6.14,-6.61
1071579,2488,0,197,144806,35.00,-6.16,-6.63
1071601,2067,0,204,144799,35.00,-6.16,-6.62
1071623,1508,0,183,144787,35.00,-6.22,-6.64
1071645,1147,0,173,144788,35.00,-6.15,-6.59
1071667,1135,0,165,144797,35.00,-6.16,-6.60
1071689,1337,0,169,144797,35.00,-6.19,-6.62
1071711,1751,0,167,144803,35.00,-6.19,-6.64
1071754,2201,0,166,144793,35.00,-6.19,-6.60
1071776,2645,0,181,144800,35.00,-6.20,-6.61
1071798,2577,0,196,144812,35.00,-6.17,-6.63
1071820,2255,0,199,144797,35.00,-6.21,-6.63
1071842,1712,0,190,144794,35.00,-6.20,-6.60
1071864,1293,0,165,144795,35.00,-6.17,-6.62
1071886,1109,0,157,144802,35.00,-6.21,-6.62
1071908,1243,0,164,144798,35.00,-6.18,-6.63
1071930,1575,0,164,144804,35.00,-6.19,-6.64
1071952,2013,0,167,144797,35.00,-6.20,-6.61
1071994,2381,0,171,144815,35.00,-6.17,-6.64
1072578,2630,0,185,144801,33.95,-6.20,-6.62
1072616,2207,0,204,144792,35.00,-6.19,-6.61
1072638,2583,0,187,144816,35.00,-6.18,-6.60
1072660,2213,0,199,144817,35.00,-6.17,-6.58
1072682,1677,0,187,144806,35.00,-6.18,-6.61
1072704,1242,0,166,144806,35.00,-6.20,-6.60
1072726,1117,0,165,144799,35.00,-6.14,-6.60
1072748,1273,0,156,144809,35.00,-6.19,-6.63
1072770,1646,0,159,144800,35.00,-6.19,-6.66
1072792,2079,0,165,144806,35.00,-6.19,-6.63
1072814,2457,0,176,144803,35.00,-6.18,-6.63
1072856,2659,0,189,144808,35.00,-6.13,-6.63
1072878,2571,0,190,144791,35.00,-6.19,-6.58
1072900,2187,0,198,144796,35.00,-6.17,-6.62
1072922,1608,0,183,144779,35.00,-6.22,-6.62
1072944,1245,0,171,144803,35.00,-6.17,-6.63
1072966,1139,0,158,144793,35.00,-6.20,-6.63
1072988,1321,0,159,144805,35.00,-6.21,-6.62
1073594,1687,0,165,144792,33.97,-6.16,-6.59
1073625,2669,0,183,144768,35.00,-6.18,-6.59
1073647,1245,0,159,144770,35.00,-6.19,-6.65
1073669,1517,0,159,144786,35.00,-6.20,-6.59
1073691,1959,0,173,144782,35.00,-6.21,-6.64
1073713,2349,0,169,144781,35.00,-6.18,-6.61
1073735,2633,0,180,144781,35.00,-6.20,-6.65
1073757,2607,0,185,144782,35.00,-6.17,-6.63
1073798,2293,0,188,144792,35.00,-6.22,-6.59
1073820,2045,0,187,144790,35.00,-6.19,-6.62
1073842,1497,0,172,144778,35.00,-6.21,-6.63
1073864,1165,0,169,144788,35.00,-6.16,-6.64
1073886,1133,0,163,144783,35.00,-6.18,-6.65
1073908,1383,0,159,144783,35.00,-6.18,-6.65
1073930,1789,0,173,144775,35.00,-6.20,-6.59
1073952,2213,0,167,144782,35.00,-6.17,-6.64
1073974,2523,0,169,144782,35.00,-6.16,-6.64
1073996,2653,0,186,144782,35.00,-6.21,-6.63
1074358,2463,0,189,144787,33.96,-6.19,-6.58
1074400,1877,0,192,144833,35.00,-6.17,-6.65
1074422,1437,0,167,144875,35.00,-6.11,-6.56
1074444,1193,0,145,144883,35.00,-6.20,-6.64
1074466,1245,0,146,144878,35.00,-6.20,-6.64
1074488,1471,0,141,144895,35.00,-6.19,-6.56
1074510,1925,0,151,144926,35.00,-6.16,-6.61
1074532,2282,0,153,144927,35.00,-6.17,-6.62
1074554,2615,0,167,144930,35.00,-6.19,-6.61
1074576,2645,0,175,144936,35.00,-6.12,-6.59
1074598,2428,0,185,144941,35.00,-6.20,-6.60
1074640,1955,0,184,144944,35.00,-6.19,-6.60
1074662,1461,0,172,144949,35.00,-6.16,-6.63
1074684,1163,0,168,144963,35.00,-6.16,-6.59
1074706,1171,0,158,144963,35.00,-6.21,-6.57
1074728,1437,0,153,144990,35.00,-6.18,-6.63
1074750,1881,0,156,145013,35.00,-6.17,-6.63
1074772,2263,0,149,145037,35.00,-6.19,-6.62
1074794,2540,0,168,145064,35.00,-6.19,-6.61
1074816,2611,0,169,145092,35.00,-6.17,-6.60
1074838,2359,0,162,145139,35.00,-6.21,-6.62
1074860,1877,0,165,145182,35.00,-6.18,-6.62
1074901,1381,0,139,145240,35.00,-6.20,-6.60
1074923,1225,0,143,145282,35.00,-6.14,-6.61
1074945,1100,0,139,145328,35.00,-6.20,-6.60
1074967,1311,0,147,145359,35.00,-6.16,-6.64
1074989,1678,0,152,145370,35.00,-6.19,-6.60
1075372,2109,0,163,145396,34.38,-6.17,-6.58
1075402,2603,0,183,145638,35.00,-6.19,-6.62
1075424,1141,0,163,145627,35.00,-6.18,-6.62
1075446,1199,0,155,145623,35.00,-6.18,-6.60
1075468,1471,0,155,145629,35.00,-6.15,-6.62
1075490,1919,0,167,145639,35.00,-6.21,-6.62
1075512,2331,0,175,145638,35.00,-6.19,-6.61
1075534,2631,0,181,145656,35.00,-6.16,-6.61
1075556,2645,0,181,145662,35.00,-6.18,-6.62
1075578,2351,0,197,145659,35.00,-6.18,-6.60
1075600,1823,0,184,145661,35.00,-6.18,-6.60
1075643,1356,0,181,145678,35.00,-6.17,-6.59
1075665,1142,0,156,145683,35.00,-6.22,-6.61
1075687,1303,0,159,145688,35.00,-6.18,-6.61
1075709,1715,0,159,145671,35.00,-6.20,-6.66
1075731,2153,0,165,145678,35.00,-6.18,-6.61
1075753,2503,0,175,145667,35.00,-6.14,-6.60
1075775,2637,0,185,145684,35.00,-6.19,-6.60
1075797,2503,0,195,145672,35.00,-6.19,-6.61
1075819,2056,0,191,145668,35.00,-6.15,-6.60
1075841,1527,0,181,145664,35.00,-6.17,-6.59
1075883,1175,0,167,145655,35.00,-6.15,-6.59
1075905,1133,0,158,145652,35.00,-6.20,-6.57
1075927,1335,0,169,145645,35.00,-6.22,-6.61
1075949,1757,0,172,145644,35.00,-6.18,-6.62
1075971,2168,0,169,145641,35.00,-6.23,-6.60
1075993,2531,0,169,145625,35.00,-6.16,-6.64
1076388,2667,0,191,145616,33.98,-6.18,-6.61
1076424,2034,0,181,145258,35.00,-6.18,-6.64
1076446,1277,0,167,145260,35.00,-6.22,-6.62
1076468,1619,0,157,145242,35.00,-6.18,-6.56
1076490,2059,0,170,145248,35.00,-6.18,-6.61
1076512,2403,0,173,145260,35.00,-6.17,-6.65
1076534,2664,0,181,145267,35.00,-6.15,-6.63
1076556,2579,0,191,145267,35.00,-6.20,-6.56
1076578,2221,0,199,145258,35.00,-6.17,-6.60
1076600,1717,0,185,145264,35.00,-6.16,-6.59
1076622,1239,0,168,145259,35.00,-6.15,-6.62
1076644,1059,0,151,145278,35.00,-6.16,-6.57
1076685,1223,0,155,145390,35.00,-6.20,-6.60
1076707,1443,0,145,145409,35.00,-6.16,-6.61
1076729,1913,0,159,145412,35.00,-6.20,-6.61
1076751,2309,0,165,145420,35.00,-6.17,-6.62
1076773,2616,0,170,145427,35.00,-6.22,-6.58
1076795,2683,0,185,145425,35.00,-6.21,-6.60
1076817,2449,0,187,145422,35.00,-6.22,-6.59
1076839,1944,0,183,145417,35.00,-6.19,-6.62
1076861,1429,0,174,145405,35.00,-6.17,-6.57
1076883,1123,0,167,145385,35.00,-6.21,-6.62
1076926,1166,0,159,145381,35.00,-6.18,-6.63
1076948,1644,0,153,145382,35.00,-6.17,-6.61
1076970,2087,0,169,145372,35.00,-6.18,-6.58
1076992,2451,0,169,145357,35.00,-6.20,-6.56
1077405,2647,0,183,145361,34.31,-6.19,-6.61
1077447,1558,0,179,144928,35.00,-6.17,-6.59
1077469,1918,0,187,144935,35.00,-6.17,-6.56
1077491,2261,0,184,144926,35.00,-6.15,-6.64
1077513,2573,0,200,144924,35.00,-6.16,-6.61
1077535,2577,0,191,144937,35.00,-6.17,-6.61
1077557,2346,0,205,144922,35.00,-6.16,-6.59
1077579,1828,0,188,144928,35.00,-6.16,-6.62
1077601,1382,0,181,144912,35.00,-6.24,-6.62
1077623,1128,0,167,144886,35.00,-6.21,-6.59
1077645,1188,0,169,144858,35.00,-6.17,-6.61
1077687,1459,0,163,144855,35.00,-6.15,-6.62
1077709,1896,0,143,144847,35.00,-6.16,-6.59
1077731,2295,0,177,144850,35.00,-6.19,-6.64
1077753,2601,0,188,144855,35.00,-6.16,-6.60
1077775,2611,0,197,144865,35.00,-6.16,-6.60
1077797,2335,0,197,144855,35.00,-6.17,-6.65
1077819,1813,0,185,144843,35.00,-6.19,-6.62
1077841,1335,0,179,144857,35.00,-6.18,-6.63
1077863,1106,0,165,144862,35.00,-6.14,-6.61
1077885,1193,0,157,144859,35.00,-6.16,-6.59
1077907,1523,0,159,144865,35.00,-6.16,-6.59
1077948,1961,0,181,144859,35.00,-6.15,-6.60
1077970,2169,0,169,144851,35.00,-6.17,-6.61
1077992,2505,0,179,144861,35.00,-6.21,-6.61
1078421,2621,0,189,144870,33.91,-6.18,-6.58
1078450,1135,0,157,144922,35.00,-6.23,-6.62
1078472,2577,0,181,144937,35.00,-6.20,-6.61
1078494,2672,0,185,144934,35.00,-6.21,-6.64
1078516,2500,0,197,144930,35.00,-6.15,-6.59
1078538,2040,0,190,144920,35.00,-6.19,-6.63
1078560,1503,0,175,144914,35.00,-6.20,-6.58
1078582,1189,0,169,144920,35.00,-6.13,-6.64
1078604,1143,0,165,144900,35.00,-6.16,-6.62
1078626,1389,0,158,144904,35.00,-6.19,-6.59
1078648,1789,0,167,144902,35.00,-6.20,-6.62
1078690,2206,0,169,144870,35.00,-6.15,-6.61
1078712,2539,0,175,144882,35.00,-6.21,-6.59
1078734,2635,0,187,144893,35.00,-6.19,-6.64
1078756,2455,0,188,144891,35.00,-6.22,-6.57
1078778,1983,0,189,144875,35.00,-6.19,-6.57
1078800,1447,0,180,144884,35.00,-6.13,-6.61
1078822,1159,0,164,144887,35.00,-6.21,-6.60
1078844,1148,0,158,144886,35.00,-6.18,-6.58
1078866,1397,0,153,144896,35.00,-6.18,-6.61
1078888,1827,0,167,144899,35.00,-6.19,-6.62
1078930,2229,0,171,144910,35.00,-6.12,-6.65
1078952,2586,0,171,144898,35.00,-6.16,-6.58
1078974,2633,0,184,144900,35.00,-6.18,-6.60
1078996,2439,0,189,144897,35.00,-6.18,-6.59
1079437,1965,0,185,144888,34.14,-6.19,-6.58
1079472,1597,0,184,144836,35.00,-6.19,-6.59
1079494,2652,0,187,144853,35.00,-6.15,-6.65
1079516,2420,0,199,144845,35.00,-6.13,-6.63
1079538,1913,0,181,144837,35.00,-6.14,-6.61
1079560,1391,0,167,144837,35.00,-6.22,-6.60
1079582,1113,0,155,144828,35.00,-6.18,-6.62
1079604,1147,0,157,144829,35.00,-6.16,-6.62
1079626,1439,0,155,144845,35.00,-6.18,-6.62
1079648,1909,0,169,144833,35.00,-6.19,-6.58
1079670,2291,0,159,144819,35.00,-6.14,-6.63
1079712,2590,0,174,144825,35.00,-6.16,-6.59
1079734,2628,0,199,144827,35.00,-6.16,-6.61
1079756,2363,0,188,144826,35.00,-6.17,-6.60
1079778,1863,0,186,144820,35.00,-6.19,-6.63
1079800,1381,0,175,144817,35.00,-6.14,-6.63
1079822,1123,0,159,144814,35.00,-6.16,-6.60
1079844,1167,0,155,144819,35.00,-6.19,-6.60
1079866,1471,0,152,144825,35.00,-6.16,-6.59
1079888,1927,0,165,144817,35.00,-6.17,-6.62
1079910,2311,0,165,144797,35.00,-6.19,-6.61
1079953,2599,0,180,144799,35.00,-6.20,-6.61
1079975,2524,0,185,144804,35.00,-6.18,-6.61
1079997,2124,0,191,144798,35.00,-6.18,-6.63
1080708,1579,0,181,144790,34.15,-6.19,-6.62
1080734,2379,0,173,144797,35.00,-6.18,-6.59
1080756,2315,0,201,144799,35.00,-6.15,-6.62
1080778,1773,0,179,144794,35.00,-6.19,-6.59
1080800,1325,0,175,144801,35.00,-6.19,-6.59
1080822,1113,0,167,144798,35.00,-6.20,-6.65
1080844,1231,0,160,144807,35.00,-6.15,-6.61
1080866,1533,0,166,144793,35.00,-6.21,-6.59
1080888,1977,0,175,144790,35.00,-6.18,-6.59
1080910,2361,0,171,144791,35.00,-6.20,-6.63
1080932,2645,0,181,144793,35.00,-6.20,-6.63
1080954,2591,0,185,144802,35.00,-6.16,-6.60
1080995,2287,0,203,144805,35.00,-6.19,-6.64
1081724,2035,0,187,144802,34.38,-6.18,-6.62
1081757,1618,0,159,144756,35.00,-6.19,-6.61
1081779,1435,0,178,144767,35.00,-6.15,-6.61
1081801,1128,0,165,144772,35.00,-6.21,-6.60
1081823,1162,0,157,144769,35.00,-6.17,-6.64
1081845,1427,0,157,144757,35.00,-6.14,-6.63
1081867,1863,0,171,144761,35.00,-6.19,-6.57
1081889,2263,0,173,144754,35.00,-6.18,-6.63
1081911,2591,0,183,144756,35.00,-6.17,-6.62
1081933,2637,0,190,144762,35.00,-6.19,-6.64
1081955,2407,0,206,144759,35.00,-6.17,-6.63
1081997,1931,0,197,144775,35.00,-6.18,-6.60
1082740,1433,0,172,144751,34.22,-6.19,-6.61
1082779,1119,0,166,144726,35.00,-6.14,-6.64
1082801,1142,0,165,144725,35.00,-6.17,-6.57
1082823,1195,0,164,144722,35.00,-6.18,-6.62
1082845,1501,0,157,144726,35.00,-6.17,-6.64
1082867,1934,0,160,144722,35.00,-6.19,-6.62
1082889,2303,0,171,144714,35.00,-6.17,-6.62
1082911,2639,0,179,144718,35.00,-6.20,-6.66
1082933,2601,0,185,144726,35.00,-6.18,-6.62
1082955,2342,0,203,144720,35.00,-6.20,-6.63
1082977,1817,0,189,144720,35.00,-6.19,-6.62
1083020,1337,0,165,144710,35.00,-6.19,-6.62
1083042,1118,0,159,144715,35.00,-6.19,-6.59
1083064,1337,0,157,144726,35.00,-6.16,-6.64
1083086,1757,0,157,144719,35.00,-6.16,-6.60
1083108,2155,0,158,144724,35.00,-6.16,-6.62
1083130,2511,0,172,144724,35.00,-6.19,-6.63
1083152,2676,0,189,144717,35.00,-6.17,-6.61
1083174,2521,0,197,144718,35.00,-6.19,-6.61
1083196,2085,0,197,144712,35.00,-6.12,-6.66
1083218,1528,0,173,144719,35.00,-6.20,-6.58
1083260,1157,0,167,144729,35.00,-6.20,-6.66
1083282,1129,0,165,144714,35.00,-6.16,-6.61
1083304,1327,0,156,144713,35.00,-6.17,-6.60
1083326,1745,0,167,144715,35.00,-6.18,-6.59
1083348,2147,0,173,144706,35.00,-6.15,-6.59
1083370,2519,0,174,144703,35.00,-6.20,-6.63
1083392,2644,0,183,144719,35.00,-6.21,-6.66
1083414,2490,0,189,144715,35.00,-6.18,-6.61
1083436,2073,0,186,144711,35.00,-6.19,-6.63
1083458,1500,0,171,144714,35.00,-6.19,-6.61
1083501,1190,0,163,144707,35.00,-6.19,-6.61
1083523,1235,0,163,144731,35.00,-6.21,-6.62
1083545,1546,0,157,144736,35.00,-6.14,-6.59
1083567,1987,0,169,144715,35.00,-6.18,-6.66
1083589,2355,0,167,144729,35.00,-6.18,-6.66
1083611,2649,0,180,144733,35.00,-6.18,-6.62
1083633,2581,0,171,144732,35.00,-6.23,-6.60
1083655,2285,0,200,144734,35.00,-6.18,-6.61
1083677,1740,0,187,144736,35.00,-6.18,-6.61
1083699,1289,0,173,144732,35.00,-6.22,-6.62
1083741,1093,0,159,144738,35.00,-6.19,-6.62
1083763,1223,0,167,144727,35.00,-6.17,-6.64
1083785,1561,0,154,144736,35.00,-6.17,-6.62
1083807,1988,0,169,144737,35.00,-6.18,-6.59
1083829,2392,0,168,144731,35.00,-6.17,-6.61
1083851,2641,0,181,144720,35.00,-6.17,-6.63
1083873,2591,0,185,144732,35.00,-6.16,-6.60
1083895,2285,0,199,144742,35.00,-6.15,-6.62
1083917,1733,0,187,144725,35.00,-6.19,-6.61
1083939,1275,0,164,144728,35.00,-6.18,-6.60
1083961,1098,0,159,144724,35.00,-6.17,-6.61
1084519,1229,0,167,144705,34.02,-6.22,-6.62
1084549,1117,0,158,144709,35.00,-6.23,-6.60
1084571,2685,0,180,144694,35.00,-6.19,-6.58
1084593,2568,0,187,144699,35.00,-6.20,-6.61
1084615,2207,0,197,144693,35.00,-6.22,-6.63
1084637,1655,0,183,144709,35.00,-6.18,-6.61
1084659,1257,0,170,144697,35.00,-6.22,-6.62
1084681,1133,0,163,144710,35.00,-6.16,-6.62
1084723,1287,0,154,144708,35.00,-6.18,-6.59
1084745,1661,0,156,144709,35.00,-6.17,-6.60
1084767,2085,0,165,144700,35.00,-6.19,-6.61
1084789,2441,0,171,144699,35.00,-6.22,-6.66
1084811,2667,0,183,144699,35.00,-6.17,-6.63
1084833,2539,0,187,144693,35.00,-6.17,-6.61
1084855,2175,0,197,144688,35.00,-6.18,-6.61
1084877,1653,0,181,144696,35.00,-6.21,-6.59
1084899,1247,0,167,144688,35.00,-6.14,-6.62
1084921,1116,0,151,144686,35.00,-6.17,-6.61
1084943,1274,0,154,144701,35.00,-6.22,-6.62
1084984,1653,0,159,144688,35.00,-6.14,-6.59
1085535,1909,0,169,144700,34.37,-6.19,-6.57
1085565,1591,0,179,144689,35.00,-6.18,-6.62
1085587,2131,0,159,144713,35.00,-6.15,-6.60
1085609,2491,0,175,144728,35.00,-6.15,-6.60
1085631,2649,0,187,144725,35.00,-6.16,-6.59
1085653,2488,0,189,144730,35.00,-6.17,-6.60
1085675,2103,0,205,144715,35.00,-6.13,-6.63
1085697,1564,0,171,144717,35.00,-6.18,-6.62
1085719,1203,0,159,144723,35.00,-6.22,-6.63
1085741,1107,0,154,144717,35.00,-6.20,-6.61
1085763,1323,0,155,144723,35.00,-6.21,-6.61
1085785,1719,0,159,144731,35.00,-6.18,-6.65
1085826,2155,0,169,144702,35.00,-6.21,-6.63
1085848,2357,0,173,144717,35.00,-6.17,-6.58
1085870,2619,0,174,144728,35.00,-6.18,-6.61
1085892,2627,0,181,144714,35.00,-6.18,-6.62
1085914,2349,0,199,144715,35.00,-6.15,-6.64
1085936,1817,0,183,144708,35.00,-6.16,-6.64
1085958,1353,0,172,144711,35.00,-6.15,-6.63
1085980,1133,0,158,144714,35.00,-6.18,-6.62
1086551,1223,0,154,144708,34.07,-6.18,-6.59
1086588,2474,0,199,144683,35.00,-6.20,-6.61
1086610,2663,0,181,144674,35.00,-6.20,-6.63
1086632,2587,0,187,144688,35.00,-6.16,-6.64
1086654,2278,0,198,144679,35.00,-6.16,-6.57
1086676,1741,0,180,144676,35.00,-6.16,-6.61
1086698,1305,0,175,144668,35.00,-6.20,-6.63
1086720,1119,0,165,144671,35.00,-6.19,-6.61
1086742,1245,0,157,144676,35.00,-6.19,-6.64
1086764,1581,0,154,144657,35.00,-6.20,-6.58
1086786,2007,0,167,144664,35.00,-6.19,-6.63
1086828,2387,0,171,144668,35.00,-6.18,-6.62
1086850,2647,0,187,144663,35.00,-6.14,-6.63
1086872,2567,0,189,144668,35.00,-6.18,-6.64
1086894,2222,0,197,144660,35.00,-6.17,-6.60
1086916,1689,0,181,144659,35.00,-6.22,-6.62
1086938,1247,0,172,144646,35.00,-6.15,-6.61
1086960,1099,0,155,144649,35.00,-6.12,-6.61
1086982,1241,0,166,144658,35.00,-6.19,-6.62
1087568,1590,0,157,144661,34.67,-6.16,-6.60
1087610,2655,0,189,144607,35.00,-6.15,-6.62
1087632,2552,0,189,144633,35.00,-6.15,-6.60
1087654,2155,0,184,144623,35.00,-6.17,-6.60
1087676,1629,0,179,144618,35.00,-6.15,-6.63
1087698,1236,0,169,144617,35.00,-6.18,-6.62
1087720,1129,0,158,144618,35.00,-6.15,-6.63
1087742,1289,0,157,144624,35.00,-6.20,-6.60
1087764,1647,0,151,144621,35.00,-6.15,-6.64
1087786,2095,0,159,144615,35.00,-6.19,-6.62
1087808,2451,0,165,144616,35.00,-6.20,-6.60
1087850,2667,0,183,144603,35.00,-6.19,-6.62
1087872,2547,0,182,144594,35.00,-6.18,-6.63
1087894,2142,0,197,144589,35.00,-6.16,-6.63
1087916,1589,0,172,144581,35.00,-6.18,-6.61
1087938,1182,0,171,144580,35.00,-6.18,-6.64
1087960,1109,0,155,144588,35.00,-6.18,-6.63
1087982,1310,0,159,144590,35.00,-6.18,-6.61
1088584,1685,0,157,144594,34.25,-6.21,-6.60
1088615,2195,0,159,144554,35.00,-6.17,-6.62
1088637,1367,0,172,144566,35.00,-6.17,-6.60
1088659,1125,0,159,144564,35.00,-6.19,-6.62
1088681,1237,0,159,144560,35.00,-6.19,-6.61
1088703,1529,0,157,144563,35.00,-6.17,-6.59
1088725,1990,0,163,144567,35.00,-6.17,-6.60
1088747,2363,0,168,144561,35.00,-6.12,-6.63
1088769,2621,0,181,144558,35.00,-6.15,-6.60
1088791,2613,0,184,144565,35.00,-6.18,-6.64
1088833,2280,0,189,144559,35.00,-6.20,-6.61
1088855,1771,0,181,144573,35.00,-6.17,-6.62
1088877,1300,0,166,144576,35.00,-6.18,-6.62
1088899,1123,0,159,144565,35.00,-6.17,-6.61
1088921,1224,0,168,144564,35.00,-6.19,-6.64
1088943,1555,0,155,144558,35.00,-6.18,-6.62
1088965,2009,0,171,144559,35.00,-6.16,-6.68
1088987,2375,0,171,144567,35.00,-6.17,-6.61
1089349,2632,0,175,144570,34.49,-6.19,-6.59
1089377,2567,0,186,144560,35.00,-6.19,-6.64
1089399,1133,0,153,144560,35.00,-6.21,-6.62
1089421,1254,0,175,144561,35.00,-6.21,-6.61
1089443,1621,0,158,144563,35.00,-6.21,-6.64
1089465,2055,0,167,144575,35.00,-6.13,-6.65
1089487,2423,0,171,144575,35.00,-6.15,-6.59
1089509,2647,0,183,144569,35.00,-6.17,-6.62
1089531,2540,0,184,144572,35.00,-6.17,-6.64
1089553,2223,0,191,144571,35.00,-6.15,-6.59
1089594,1677,0,178,144578,35.00,-6.19,-6.63
1089616,1451,0,169,144573,35.00,-6.18,-6.59
1089638,1139,0,157,144576,35.00,-6.18,-6.64
1089660,1173,0,168,144563,35.00,-6.18,-6.59
1089682,1421,0,157,144567,35.00,-6.17,-6.62
1089704,1839,0,171,144575,35.00,-6.20,-6.63
1089726,2261,0,163,144570,35.00,-6.17,-6.60
1089748,2577,0,173,144564,35.00,-6.20,-6.63
1089770,2617,0,188,144565,35.00,-6.16,-6.60
1089792,2397,0,186,144564,35.00,-6.16,-6.61
1089814,1909,0,189,144569,35.00,-6.17,-6.63
1089855,1421,0,170,144563,35.00,-6.18,-6.61
1089877,1239,0,167,144565,35.00,-6.18,-6.60
1089899,1101,0,152,144572,35.00,-6.16,-6.62
1089921,1291,0,160,144562,35.00,-6.21,-6.58
1089943,1659,0,154,144562,35.00,-6.14,-6.58
1089965,2094,0,170,144548,35.00,-6.20,-6.57
1089987,2458,0,171,144564,35.00,-6.15,-6.64
1090362,2649,0,185,144550,34.46,-6.19,-6.60
1090396,1935,0,167,144545,35.00,-6.15,-6.62
1090418,1133,0,155,144528,35.00,-6.17,-6.62
1090440,1205,0,156,144530,35.00,-6.17,-6.63
1090462,1523,0,157,144531,35.00,-6.19,-6.60
1090484,1966,0,163,144529,35.00,-6.18,-6.60
1090506,2319,0,159,144519,35.00,-6.15,-6.62
1090528,2628,0,182,144529,35.00,-6.18,-6.58
1090550,2587,0,187,144539,35.00,-6.18,-6.62
1090572,2324,0,196,144531,35.00,-6.20,-6.63
1090594,1800,0,184,144523,35.00,-6.15,-6.65
1090616,1341,0,173,144546,35.00,-6.16,-6.59
1090657,1127,0,157,144512,35.00,-6.19,-6.59
1090679,1129,0,159,144525,35.00,-6.16,-6.62
1090701,1333,0,149,144528,35.00,-6.16,-6.58
1090723,1741,0,159,144524,35.00,-6.18,-6.59
1090745,2151,0,165,144525,35.00,-6.15,-6.64
1090767,2490,0,171,144521,35.00,-6.15,-6.63
1090789,2633,0,181,144529,35.00,-6.16,-6.58
1090811,2483,0,197,144524,35.00,-6.17,-6.61
1090833,2053,0,199,144524,35.00,-6.16,-6.60
1090855,1527,0,183,144516,35.00,-6.21,-6.59
1090897,1179,0,171,144528,35.00,-6.19,-6.61
1090919,1165,0,157,144513,35.00,-6.15,-6.62
1090941,1367,0,155,144511,35.00,-6.19,-6.61
1090963,1769,0,163,144506,35.00,-6.18,-6.61
1090985,2159,0,165,144515,35.00,-6.10,-6.60
1091379,2530,0,173,144516,34.72,-6.16,-6.60
1091419,1387,0,164,144499,35.00,-6.14,-6.66
1091441,1429,0,159,144511,35.00,-6.15,-6.60
1091463,1833,0,163,144505,35.00,-6.19,-6.61
1091485,2213,0,163,144513,35.00,-6.19,-6.62
1091507,2550,0,181,144510,35.00,-6.16,-6.65
1091529,2651,0,181,144508,35.00,-6.16,-6.62
1091551,2416,0,187,144512,35.00,-6.20,-6.60
1091573,1960,0,188,144517,35.00,-6.18,-6.62
1091595,1437,0,173,144511,35.00,-6.16,-6.62
1091617,1145,0,158,144514,35.00,-6.20,-6.66
1091659,1177,0,157,144526,35.00,-6.19,-6.62
1091681,1435,0,159,144509,35.00,-6.20,-6.64
1091703,1850,0,165,144508,35.00,-6.17,-6.64
1091725,2239,0,167,144511,35.00,-6.17,-6.64
1091747,2575,0,175,144507,35.00,-6.18,-6.63
1091769,2629,0,185,144507,35.00,-6.18,-6.64
1091791,2377,0,191,144512,35.00,-6.20,-6.62
1091813,1904,0,187,144513,35.00,-6.18,-6.63
1091835,1417,0,175,144518,35.00,-6.14,-6.63
1091857,1149,0,162,144512,35.00,-6.17,-6.61
1091900,1194,0,159,144505,35.00,-6.15,-6.59
1091922,1669,0,159,144506,35.00,-6.19,-6.61
1091944,2090,0,163,144514,35.00,-6.16,-6.65
1091966,2457,0,168,144508,35.00,-6.18,-6.62
1091988,2665,0,179,144503,35.00,-6.16,-6.62
1092395,2521,0,185,144505,34.32,-6.14,-6.63
1092423,1131,0,163,144516,35.00,-6.15,-6.64
1092445,2357,0,169,144519,35.00,-6.20,-6.62
1092467,2634,0,175,144514,35.00,-6.18,-6.59
1092489,2601,0,179,144515,35.00,-6.19,-6.61
1092511,2325,0,187,144503,35.00,-6.17,-6.64
1092533,1812,0,177,144514,35.00,-6.23,-6.63
1092555,1343,0,175,144510,35.00,-6.22,-6.65
1092577,1127,0,157,144505,35.00,-6.18,-6.61
1092599,1205,0,152,144511,35.00,-6.17,-6.61
1092641,1525,0,156,144516,35.00,-6.17,-6.64
1092663,1979,0,164,144497,35.00,-6.16,-6.62
1092685,2373,0,170,144505,35.00,-6.16,-6.64
1092707,2645,0,181,144491,35.00,-6.17,-6.58
1092729,2605,0,185,144485,35.00,-6.17,-6.61
1092751,2299,0,187,144471,35.00,-6.18,-6.61
1092773,1767,0,183,144491,35.00,-6.20,-6.65
1092795,1305,0,171,144489,35.00,-6.21,-6.61
1092817,1133,0,159,144511,35.00,-6.19,-6.57
1092839,1242,0,159,144495,35.00,-6.19,-6.62
1092861,1518,0,151,144492,35.00,-6.16,-6.64
1092902,1967,0,166,144480,35.00,-6.21,-6.63
1092924,2187,0,164,144483,35.00,-6.15,-6.62
1092946,2529,0,171,144499,35.00,-6.19,-6.61
1092968,2645,0,184,144495,35.00,-6.18,-6.62
1092990,2449,0,189,144488,35.00,-6.16,-6.62
1093411,2013,0,183,144482,34.32,-6.16,-6.57
1093443,1657,0,185,144493,35.00,-6.11,-6.59
1093465,2439,0,171,144492,35.00,-6.19,-6.65
1093487,2645,0,188,144497,35.00,-6.19,-6.60
1093509,2569,0,186,144496,35.00,-6.18,-6.62
1093531,2180,0,201,144490,35.00,-6.16,-6.60
1093553,1662,0,182,144493,35.00,-6.17,-6.64
1093575,1262,0,167,144489,35.00,-6.17,-6.58
1093597,1123,0,159,144485,35.00,-6.18,-6.61
1093619,1288,0,159,144489,35.00,-6.19,-6.62
1093641,1647,0,157,144487,35.00,-6.21,-6.63
1093683,2089,0,167,144483,35.00,-6.20,-6.64
1093705,2467,0,171,144481,35.00,-6.16,-6.59
1093727,2645,0,181,144479,35.00,-6.17,-6.64
1093749,2527,0,189,144480,35.00,-6.22,-6.62
1093771,2141,0,187,144481,35.00,-6.18,-6.59
1093793,1591,0,179,144487,35.00,-6.19,-6.66
1093815,1227,0,171,144483,35.00,-6.19,-6.61
1093837,1131,0,159,144471,35.00,-6.18,-6.62
1093859,1304,0,163,144469,35.00,-6.16,-6.63
1093881,1669,0,157,144479,35.00,-6.16,-6.63
1093903,2119,0,169,144477,35.00,-6.18,-6.62
1093944,2473,0,179,144475,35.00,-6.15,-6.61
1093966,2603,0,178,144480,35.00,-6.19,-6.62
1093988,2605,0,196,144479,35.00,-6.19,-6.61
1094427,2335,0,197,144468,34.84,-6.21,-6.61
1094465,2476,0,185,144444,35.00,-6.16,-6.62
1094487,2668,0,178,144458,35.00,-6.17,-6.61
1094509,2476,0,185,144464,35.00,-6.16,-6.64
1094531,2052,0,189,144462,35.00,-6.17,-6.64
1094553,1519,0,175,144464,35.00,-6.19,-6.59
1094575,1181,0,168,144454,35.00,-6.16,-6.64
1094597,1146,0,155,144468,35.00,-6.15,-6.63
1094619,1356,0,155,144463,35.00,-6.17,-6.60
1094641,1790,0,157,144469,35.00,-6.18,-6.64
1094663,2203,0,171,144469,35.00,-6.19,-6.60
1094685,2539,0,169,144462,35.00,-6.18,-6.60
1094726,2647,0,186,144448,35.00,-6.16,-6.62
1094748,2612,0,186,144471,35.00,-6.15,-6.61
1094770,2264,0,186,144466,35.00,-6.21,-6.58
1094792,1712,0,181,144469,35.00,-6.22,-6.60
1094814,1301,0,165,144478,35.00,-6.17,-6.59
1094836,1113,0,157,144462,35.00,-6.17,-6.62
1094858,1240,0,151,144469,35.00,-6.19,-6.62
1094880,1579,0,157,144473,35.00,-6.16,-6.62
1094902,2034,0,167,144486,35.00,-6.18,-6.64
1094924,2407,0,167,144479,35.00,-6.19,-6.67
1094966,2643,0,179,144486,35.00,-6.19,-6.63
1094988,2571,0,188,144479,35.00,-6.21,-6.62
1095698,2212,0,202,144474,34.45,-6.22,-6.65
1095728,1705,0,153,144434,35.00,-6.17,-6.65
1095750,2141,0,190,144429,35.00,-6.20,-6.65
1095772,1589,0,181,144432,35.00,-6.16,-6.63
1095794,1205,0,162,144431,35.00,-6.17,-6.63
1095816,1136,0,153,144424,35.00,-6.17,-6.57
1095838,1333,0,153,144419,35.00,-6.17,-6.67
1095860,1727,0,155,144425,35.00,-6.18,-6.56
1095882,2143,0,167,144427,35.00,-6.16,-6.61
1095904,2491,0,179,144428,35.00,-6.16,-6.62
1095926,2633,0,181,144422,35.00,-6.17,-6.60
1095968,2500,0,187,144406,35.00,-6.14,-6.58
1095990,2083,0,185,144408,35.00,-6.18,-6.61
1096714,1558,0,181,144406,35.12,-6.19,-6.61
1096750,1179,0,157,144399,35.00,-6.17,-6.65
1096772,1455,0,169,144391,35.00,-6.17,-6.60
1096794,1141,0,157,144378,35.00,-6.19,-6.64
1096816,1176,0,162,144387,35.00,-6.18,-6.63
1096838,1427,0,155,144387,35.00,-6.19,-6.60
1096860,1893,0,163,144384,35.00,-6.17,-6.62
1096882,2288,0,169,144395,35.00,-6.19,-6.61
1096904,2604,0,174,144386,35.00,-6.16,-6.63
1096926,2644,0,183,144392,35.00,-6.19,-6.63
1096948,2405,0,183,144394,35.00,-6.17,-6.61
1096970,1916,0,183,144403,35.00,-6.22,-6.62
1097730,1400,0,175,144387,34.15,-6.19,-6.64
1097773,1308,0,170,144380,35.00,-6.17,-6.63
1097795,1147,0,153,144390,35.00,-6.16,-6.61
1097817,1327,0,151,144391,35.00,-6.17,-6.60
1097839,1775,0,155,144391,35.00,-6.20,-6.63
1097861,2189,0,165,144385,35.00,-6.18,-6.61
1097883,2523,0,171,144378,35.00,-6.16,-6.61
1097905,2635,0,185,144383,35.00,-6.19,-6.64
1097927,2467,0,180,144405,35.00,-6.16,-6.64
1097949,2014,0,190,144386,35.00,-6.15,-6.58
1097971,1477,0,173,144396,35.00,-6.16,-6.60
1098747,1180,0,167,144403,34.64,-6.16,-6.61
1098775,1897,0,187,144372,35.00,-6.19,-6.62
1098797,1497,0,157,144394,35.00,-6.20,-6.63
1098819,1926,0,167,144371,35.00,-6.20,-6.62
1098841,2295,0,167,144367,35.00,-6.17,-6.58
1098863,2605,0,183,144375,35.00,-6.13,-6.61
1098885,2632,0,188,144362,35.00,-6.18,-6.62
1098907,2349,0,201,144372,35.00,-6.22,-6.64
1098929,1834,0,185,144374,35.00,-6.16,-6.61
1098951,1353,0,171,144379,35.00,-6.16,-6.61
1098973,1115,0,159,144376,35.00,-6.16,-6.66
1099515,1196,0,153,144386,34.59,-6.20,-6.60
1099557,1579,0,159,144341,35.00,-6.18,-6.61
1099579,2019,0,165,144359,35.00,-6.18,-6.62
1099601,2393,0,171,144366,35.00,-6.18,-6.57
1099623,2651,0,185,144355,35.00,-6.19,-6.62
1099645,2596,0,192,144351,35.00,-6.17,-6.60
1099667,2253,0,199,144363,35.00,-6.21,-6.59
1099689,1711,0,181,144360,35.00,-6.18,-6.62
1099711,1272,0,171,144364,35.00,-6.20,-6.60
1099733,1135,0,157,144368,35.00,-6.18,-6.61
1099755,1273,0,165,144367,35.00,-6.16,-6.62
1099797,1607,0,151,144377,35.00,-6.16,-6.59
1099819,2058,0,169,144369,35.00,-6.16,-6.65
1099841,2423,0,165,144370,35.00,-6.19,-6.65
1099863,2643,0,184,144364,35.00,-6.18,-6.60
1099885,2573,0,191,144371,35.00,-6.19,-6.63
1099907,2219,0,191,144365,35.00,-6.19,-6.63
1099929,1693,0,180,144372,35.00,-6.17,-6.60
1099951,1261,0,167,144362,35.00,-6.24,-6.64
1099973,1115,0,154,144371,35.00,-6.17,-6.60
1099995,1256,0,157,144366,35.00,-6.19,-6.63
1100525,1599,0,159,144376,34.62,-6.17,-6.58
1100559,2093,0,189,144372,35.00,-6.19,-6.65
1100581,2505,0,167,144380,35.00,-6.16,-6.62
1100603,2647,0,185,144375,35.00,-6.19,-6.60
1100625,2495,0,203,144381,35.00,-6.20,-6.61
1100647,2077,0,197,144384,35.00,-6.18,-6.62
1100669,1548,0,175,144377,35.00,-6.22,-6.59
1100691,1197,0,173,144385,35.00,-6.21,-6.64
1100713,1125,0,157,144386,35.00,-6.20,-6.61
1100735,1334,0,155,144384,35.00,-6.19,-6.66
1100757,1721,0,163,144385,35.00,-6.19,-6.63
1100799,2152,0,164,144394,35.00,-6.18,-6.62
1100821,2501,0,173,144382,35.00,-6.16,-6.58
1100843,2639,0,182,144385,35.00,-6.16,-6.62
1100865,2487,0,184,144389,35.00,-6.15,-6.62
1100887,2056,0,196,144383,35.00,-6.11,-6.61
1100909,1544,0,175,144390,35.00,-6.15,-6.59
1100931,1203,0,170,144395,35.00,-6.16,-6.62
1100953,1171,0,163,144383,35.00,-6.18,-6.62
1100975,1372,0,153,144377,35.00,-6.16,-6.63
1100997,1757,0,163,144380,35.00,-6.20,-6.64
1101542,2168,0,165,144390,34.18,-6.18,-6.62
1101581,2557,0,183,144366,35.00,-6.18,-6.62
1101603,2653,0,187,144374,35.00,-6.17,-6.59
1101625,2411,0,191,144369,35.00,-6.17,-6.60
1101647,1933,0,189,144364,35.00,-6.21,-6.66
1101669,1403,0,173,144367,35.00,-6.16,-6.59
1101691,1131,0,167,144359,35.00,-6.17,-6.57
1101713,1179,0,155,144374,35.00,-6.19,-6.61
1101735,1447,0,156,144367,35.00,-6.17,-6.62
1101757,1866,0,167,144368,35.00,-6.18,-6.62
1101779,2264,0,173,144367,35.00,-6.15,-6.62
1101822,2599,0,173,144355,35.00,-6.17,-6.64
1101844,2551,0,173,144361,35.00,-6.19,-6.63
1101866,2154,0,189,144367,35.00,-6.14,-6.63
1101888,1621,0,184,144358,35.00,-6.19,-6.60
1101910,1231,0,173,144363,35.00,-6.17,-6.60
1101932,1117,0,157,144369,35.00,-6.11,-6.58
1101954,1299,0,155,144361,35.00,-6.17,-6.62
1101976,1675,0,156,144369,35.00,-6.17,-6.59
1101998,2089,0,169,144355,35.00,-6.17,-6.62
1102020,2457,0,166,144360,35.00,-6.20,-6.62
1102062,2667,0,183,144372,35.00,-6.16,-6.62
1102084,2525,0,183,144348,35.00,-6.17,-6.62
1102106,2119,0,183,144354,35.00,-6.20,-6.62
1102128,1598,0,179,144363,35.00,-6.16,-6.62
1102150,1215,0,168,144361,35.00,-6.17,-6.61
1102172,1116,0,159,144332,35.00,-6.17,-6.60
1102194,1315,0,153,144355,35.00,-6.17,-6.61
1102216,1695,0,155,144353,35.00,-6.16,-6.62
1102238,2120,0,157,144358,35.00,-6.21,-6.61
1102260,2471,0,171,144353,35.00,-6.14,-6.66
1102303,2643,0,183,144348,35.00,-6.17,-6.63
1102325,2332,0,185,144348,35.00,-6.18,-6.65
1102347,1813,0,183,144358,35.00,-6.22,-6.62
1102369,1353,0,170,144355,35.00,-6.18,-6.58
1102391,1111,0,163,144357,35.00,-6.18,-6.64
1102413,1211,0,155,144358,35.00,-6.19,-6.61
1102435,1513,0,158,144349,35.00,-6.16,-6.60
1102457,1935,0,157,144348,35.00,-6.16,-6.61
1102479,2328,0,169,144346,35.00,-6.21,-6.63
1102501,2597,0,180,144354,35.00,-6.18,-6.63
1102543,2595,0,187,144360,35.00,-6.17,-6.61
1102565,2302,0,197,144348,35.00,-6.18,-6.61
1102587,1767,0,179,144350,35.00,-6.22,-6.60
1102609,1307,0,179,144348,35.00,-6.16,-6.65
1102631,1108,0,157,144356,35.00,-6.14,-6.61
1102653,1210,0,159,144341,35.00,-6.16,-6.64
1102675,1551,0,152,144350,35.00,-6.15,-6.57
1102697,1981,0,163,144354,35.00,-6.19,-6.61
1102719,2350,0,162,144365,35.00,-6.13,-6.59
1102741,2613,0,180,144368,35.00,-6.20,-6.64
1102784,2585,0,181,144363,35.00,-6.16,-6.60
1102806,2055,0,181,144383,35.00,-6.19,-6.61
1102828,1545,0,173,144390,35.00,-6.16,-6.63
1102850,1166,0,157,144386,35.00,-6.19,-6.57
1102872,1101,0,153,144399,35.00,-6.17,-6.63
1102894,1321,0,155,144405,35.00,-6.17,-6.64
1102916,1747,0,151,144404,35.00,-6.20,-6.63
1102938,2171,0,166,144415,35.00,-6.18,-6.60
1102960,2579,0,175,144416,35.00,-6.16,-6.59
1102982,2694,0,185,144413,35.00,-6.16,-6.60
1103024,2469,0,199,144416,35.00,-6.19,-6.62
1103046,1993,0,184,144402,35.00,-6.19,-6.60
1103068,1451,0,179,144401,35.00,-6.17,-6.58
1103090,1132,0,165,144399,35.00,-6.21,-6.57
1103112,1135,0,163,144396,35.00,-6.20,-6.64
1103134,1391,0,164,144384,35.00,-6.19,-6.60
1103156,1801,0,166,144391,35.00,-6.18,-6.63
1103178,2217,0,166,144390,35.00,-6.15,-6.59
1103200,2547,0,173,144384,35.00,-6.18,-6.63
1103222,2622,0,185,144388,35.00,-6.20,-6.58
1103244,2405,0,191,144390,35.00,-6.21,-6.65
1103285,1919,0,197,144368,35.00,-6.17,-6.63
1103307,1670,0,176,144383,35.00,-6.16,-6.66
1103329,1238,0,165,144390,35.00,-6.17,-6.62
1103351,1095,0,165,144383,35.00,-6.20,-6.62
1103373,1261,0,159,144372,35.00,-6.19,-6.61
1103395,1646,0,156,144374,35.00,-6.18,-6.63
1103417,2075,0,166,144384,35.00,-6.17,-6.62
1103439,2453,0,169,144375,35.00,-6.21,-6.64
1103461,2635,0,187,144387,35.00,-6.18,-6.61
1103483,2537,0,185,144374,35.00,-6.16,-6.65
1103525,2175,0,189,144384,35.00,-6.18,-6.64
1103547,1633,0,185,144375,35.00,-6.13,-6.62
1103569,1229,0,173,144378,35.00,-6.16,-6.63
1103591,1106,0,157,144381,35.00,-6.18,-6.65
1103613,1309,0,157,144381,35.00,-6.18,-6.60
1103635,1688,0,159,144385,35.00,-6.20,-6.63
1103657,2127,0,164,144376,35.00,-6.19,-6.63
1103679,2461,0,167,144385,35.00,-6.17,-6.65
1103701,2643,0,185,144369,35.00,-6.21,-6.61
1103723,2536,0,189,144379,35.00,-6.16,-6.60
1103745,2147,0,201,144376,35.00,-6.20,-6.59
1103786,1610,0,183,144353,35.00,-6.19,-6.61
1103808,1390,0,175,144367,35.00,-6.19,-6.62
1103830,1107,0,159,144363,35.00,-6.19,-6.59
1103852,1191,0,154,144359,35.00,-6.16,-6.64
1103874,1461,0,155,144355,35.00,-6.21,-6.62
1103896,1901,0,160,144357,35.00,-6.17,-6.61
1103918,2297,0,163,144363,35.00,-6.20,-6.59
1103940,2603,0,181,144359,35.00,-6.17,-6.66
1103962,2605,0,188,144355,35.00,-6.20,-6.63
1103984,2341,0,200,144364,35.00,-6.18,-6.62
1104026,1823,0,184,144352,35.00,-6.20,-6.61
1104048,1371,0,175,144357,35.00,-6.20,-6.64
1104070,1116,0,165,144353,35.00,-6.19,-6.60
1104092,1199,0,157,144355,35.00,-6.18,-6.64
1104114,1507,0,157,144351,35.00,-6.16,-6.63
1104136,1967,0,169,144363,35.00,-6.19,-6.60
1104158,2328,0,158,144353,35.00,-6.18,-6.63
1104180,2581,0,173,144352,35.00,-6.20,-6.66
1104202,2569,0,180,144350,35.00,-6.21,-6.62
1104224,2327,0,185,144347,35.00,-6.18,-6.57
1104246,1797,0,179,144346,35.00,-6.15,-6.63
1104287,1324,0,171,144347,35.00,-6.17,-6.59
1104309,1183,0,159,144347,35.00,-6.20,-6.62
1104331,1117,0,165,144345,35.00,-6.18,-6.65
1104353,1353,0,156,144348,35.00,-6.16,-6.60
1104375,1746,0,157,144343,35.00,-6.17,-6.65
1104397,2180,0,159,144343,35.00,-6.16,-6.66
1104419,2524,0,171,144350,35.00,-6.15,-6.61
1104441,2663,0,185,144338,35.00,-6.17,-6.61
1104463,2479,0,199,144339,35.00,-6.19,-6.63
1104485,2021,0,190,144337,35.00,-6.16,-6.63
1104528,1514,0,173,144335,35.00,-6.15,-6.66
1104550,1125,0,153,144337,35.00,-6.17,-6.60
1104572,1230,0,155,144349,35.00,-6.19,-6.66
1104594,1541,0,155,144345,35.00,-6.17,-6.63
1104616,2001,0,159,144342,35.00,-6.21,-6.62
1104638,2381,0,165,144334,35.00,-6.19,-6.63
1104660,2615,0,181,144337,35.00,-6.20,-6.65
1104682,2567,0,183,144343,35.00,-6.17,-6.65
1104704,2255,0,186,144339,35.00,-6.18,-6.64
1104726,1725,0,180,144333,35.00,-6.18,-6.63
1104768,1290,0,167,144344,35.00,-6.17,-6.62
1104790,1127,0,157,144341,35.00,-6.16,-6.65
1104812,1253,0,156,144333,35.00,-6.16,-6.58
1104834,1583,0,153,144333,35.00,-6.20,-6.62
1104856,1995,0,159,144337,35.00,-6.20,-6.61
1104878,2367,0,169,144324,35.00,-6.20,-6.64
1104900,2611,0,183,144326,35.00,-6.18,-6.63
1104922,2535,0,179,144330,35.00,-6.17,-6.61
1104944,2206,0,189,144333,35.00,-6.17,-6.61
1104966,1706,0,181,144340,35.00,-6.17,-6.62
1105353,1272,0,165,144329,34.55,-6.18,-6.58
1105389,1869,0,158,144331,35.00,-6.19,-6.62
1105411,1211,0,155,144332,35.00,-6.19,-6.61
1105433,1453,0,153,144332,35.00,-6.20,-6.61
1105455,1895,0,156,144336,35.00,-6.18,-6.64
1105477,2274,0,157,144337,35.00,-6.17,-6.62
1105499,2585,0,180,144331,35.00,-6.18,-6.66
1105521,2613,0,189,144338,35.00,-6.18,-6.60
1105543,2364,0,189,144340,35.00,-6.21,-6.56
1105565,1876,0,185,144335,35.00,-6.17,-6.62
1105587,1371,0,167,144348,35.00,-6.19,-6.61
1105609,1131,0,157,144335,35.00,-6.16,-6.58
1105650,1175,0,155,144337,35.00,-6.18,-6.61
1105672,1301,0,155,144337,35.00,-6.17,-6.66
1105694,1687,0,160,144343,35.00,-6.20,-6.63
1105716,2115,0,163,144341,35.00,-6.18,-6.62
1105738,2468,0,175,144341,35.00,-6.22,-6.64
1105760,2671,0,183,144331,35.00,-6.16,-6.62
1105782,2535,0,189,144345,35.00,-6.18,-6.60
1105804,2123,0,185,144336,35.00,-6.20,-6.63
1105826,1611,0,181,144342,35.00,-6.16,-6.63
1105848,1199,0,171,144341,35.00,-6.19,-6.64
1105891,1135,0,163,144341,35.00,-6.16,-6.61
1105913,1499,0,159,144342,35.00,-6.19,-6.64
1105935,1927,0,163,144339,35.00,-6.18,-6.64
1105957,2299,0,163,144327,35.00,-6.15,-6.64
1105979,2615,0,181,144339,35.00,-6.17,-6.62
1106369,2615,0,179,144336,34.99,-6.19,-6.61
1106412,1239,0,156,144325,35.00,-6.20,-6.63
1106434,1772,0,149,144357,35.00,-6.15,-6.60
1106456,2181,0,169,144357,35.00,-6.16,-6.63
1106478,2519,0,171,144357,35.00,-6.16,-6.61
1106500,2637,0,186,144344,35.00,-6.18,-6.61
1106522,2457,0,191,144354,35.00,-6.16,-6.62
1106544,1991,0,191,144365,35.00,-6.21,-6.64
1106566,1479,0,167,144383,35.00,-6.18,-6.61
1106588,1159,0,157,144400,35.00,-6.17,-6.60
1106610,1071,0,147,144414,35.00,-6.17,-6.63
1106652,1237,0,135,144690,35.00,-6.22,-6.66
1106674,1672,0,151,144781,35.00,-6.19,-6.65
1106696,2135,0,149,144881,35.00,-6.15,-6.61
1106718,2483,0,153,145048,35.00,-6.23,-6.64
1106740,2639,0,173,145154,35.00,-6.22,-6.60
1106762,2553,0,170,145174,35.00,-6.19,-6.57
1106784,2091,0,173,145209,35.00,-6.20,-6.63
1106806,1575,0,159,145261,35.00,-6.19,-6.61
1106828,1285,0,164,145285,35.00,-6.21,-6.64
1106850,1292,0,153,145297,35.00,-6.20,-6.60
1106893,1507,0,157,145287,35.00,-6.16,-6.59
1106915,2072,0,159,145306,35.00,-6.16,-6.53
1106937,2455,0,160,145329,35.00,-6.17,-6.59
1106959,2674,0,175,145417,35.00,-6.20,-6.62
1106981,2585,0,178,145507,35.00,-6.22,-6.59
1107385,2247,0,183,145513,34.34,-6.17,-6.58
1107414,1528,0,182,145835,35.00,-6.19,-6.57
1107436,2569,0,168,145815,35.00,-6.18,-6.60
1107458,2934,0,184,145763,35.00,-6.17,-6.59
1107480,2713,0,183,145734,35.00,-6.17,-6.61
1107502,2317,0,186,145721,35.00,-6.20,-6.62
1107524,1750,0,187,145689,35.00,-6.17,-6.58
1107546,1197,0,174,145682,35.00,-6.16,-6.58
1107568,895,0,158,145671,35.00,-6.20,-6.60
1107590,979,0,153,145679,35.00,-6.20,-6.64
1107612,1275,0,151,145681,35.00,-6.17,-6.63
1107654,1721,0,163,145715,35.00,-6.23,-6.58
1107676,2204,0,164,145717,35.00,-6.18,-6.60
1107698,2525,0,175,145706,35.00,-6.20,-6.61
1107720,2605,0,183,145712,35.00,-6.18,-6.58
1107742,2366,0,184,145700,35.00,-6.18,-6.63
1107764,1883,0,183,145704,35.00,-6.18,-6.60
1107786,1391,0,169,145701,35.00,-6.17,-6.61
1107808,1145,0,159,145697,35.00,-6.21,-6.57
1107830,1188,0,153,145690,35.00,-6.19,-6.56
1107852,1479,0,156,145688,35.00,-6.19,-6.61
1107874,1907,0,158,145713,35.00,-6.20,-6.58
1107915,2327,0,163,145696,35.00,-6.18,-6.60
1107937,2467,0,173,145696,35.00,-6.19,-6.60
1107959,2612,0,180,145701,35.00,-6.17,-6.61
1107981,2453,0,189,145698,35.00,-6.12,-6.63
1108402,2077,0,187,145697,34.57,-6.15,-6.57
1108436,1807,0,142,145863,35.00,-6.23,-6.58
1108458,2643,0,149,145876,35.00,-6.23,-6.60
1108480,2609,0,151,145882,35.00,-6.18,-6.59
1108502,2357,0,157,145878,35.00,-6.16,-6.60
1108524,1835,0,158,145879,35.00,-6.20,-6.57
1108546,1415,0,153,145883,35.00,-6.17,-6.56
1108568,1235,0,154,145890,35.00,-6.19,-6.61
1108590,1381,0,149,145892,35.00,-6.20,-6.57
1108612,1725,0,147,145889,35.00,-6.24,-6.59
1108634,2159,0,167,145892,35.00,-6.16,-6.59
1108676,2404,0,175,145903,35.00,-6.19,-6.61
1108698,2621,0,182,145891,35.00,-6.18,-6.58
1108720,2525,0,185,145898,35.00,-6.22,-6.57
1108742,2217,0,181,145890,35.00,-6.18,-6.56
1108764,1699,0,174,145898,35.00,-6.21,-6.60
1108786,1238,0,175,145916,35.00,-6.17,-6.59
1108808,1122,0,162,145899,35.00,-6.17,-6.59
1108830,1255,0,167,145899,35.00,-6.18,-6.58
1108852,1567,0,159,145899,35.00,-6.19,-6.61
1108874,2012,0,168,145908,35.00,-6.16,-6.62
1108896,2383,0,174,145912,35.00,-6.16,-6.56
1108937,2606,0,179,145907,35.00,-6.20,-6.61
1108959,2427,0,198,145912,35.00,-6.20,-6.56
1108981,2251,0,173,145909,35.00,-6.22,-6.61
1109418,1877,0,171,145904,34.68,-6.21,-6.59
1109458,2513,0,190,145846,35.00,-6.19,-6.59
1109480,2542,0,187,145840,35.00,-6.19,-6.59
1109502,2165,0,203,145827,35.00,-6.26,-6.62
1109524,1595,0,175,145824,35.00,-6.19,-6.57
1109546,1143,0,165,145827,35.00,-6.25,-6.58
1109568,1045,0,152,145829,35.00,-6.20,-6.64
1109590,1191,0,155,145853,35.00,-6.22,-6.64
1109612,1587,0,147,145869,35.00,-6.22,-6.57
1109634,2023,0,151,145881,35.00,-6.18,-6.55
1109656,2365,0,182,145904,35.00,-6.21,-6.61
1109699,2587,0,175,145915,35.00,-6.21,-6.57
1109721,2493,0,201,145933,35.00,-6.19,-6.59
1109743,1971,0,200,145954,35.00,-6.18,-6.61
1109765,1395,0,187,145949,35.00,-6.18,-6.58
1109787,987,0,167,145952,35.00,-6.21,-6.58
1109809,785,0,149,145935,35.00,-6.22,-6.59
1109831,1651,0,166,145922,35.00,-6.21,-6.62
1109853,2137,0,197,145932,35.00,-6.18,-6.59
1109875,2427,0,184,145896,35.00,-6.21,-6.60
1109897,2723,0,201,145904,35.00,-6.17,-6.61
1109939,2963,0,212,145892,35.00,-6.20,-6.56
1109961,2815,0,201,145896,35.00,-6.19,-6.57
1109983,2211,0,197,145922,35.00,-6.15,-6.53
1110689,1661,0,168,145924,34.24,-6.22,-6.62
1110721,1523,0,155,145906,35.00,-6.22,-6.62
1110743,1703,0,181,145917,35.00,-6.19,-6.60
1110765,1165,0,169,145949,35.00,-6.22,-6.60
1110787,1013,0,155,145927,35.00,-6.18,-6.61
1110809,1094,0,157,145915,35.00,-6.22,-6.59
1110831,1420,0,139,145928,35.00,-6.21,-6.62
1110853,1976,0,169,145925,35.00,-6.23,-6.61
1110875,2387,0,166,145924,35.00,-6.16,-6.60
1110897,2739,0,183,145928,35.00,-6.17,-6.58
1110919,2663,0,187,145934,35.00,-6.18,-6.62
1110961,2321,0,204,145935,35.00,-6.17,-6.56
1110983,1807,0,173,145909,35.00,-6.22,-6.66
1111706,1327,0,171,145926,34.64,-6.21,-6.53
1111743,1244,0,95,145968,35.00,-6.21,-6.59
1111765,1420,0,133,145977,35.00,-6.20,-6.58
1111787,1243,0,113,145978,35.00,-6.22,-6.57
1111809,1335,0,87,145977,35.00,-6.17,-6.62
1111831,1871,0,105,145970,35.00,-6.22,-6.60
1111853,2399,0,163,145970,35.00,-6.14,-6.54
1111875,2636,0,181,145984,35.00,-6.20,-6.56
1111897,2664,0,231,145981,35.00,-6.20,-6.58
1111919,2431,0,247,145990,35.00,-6.20,-6.59
1111941,2007,0,245,145996,35.00,-6.17,-6.61
1111983,1573,0,187,145989,35.00,-6.17,-6.60
1112722,1515,0,182,145983,34.54,-6.25,-6.62
1112747,1491,0,209,145967,35.00,-6.20,-6.64
1112769,1403,0,211,145969,35.00,-6.20,-6.63
1112791,1769,0,215,145968,35.00,-6.19,-6.62
1112813,2299,0,215,145970,35.00,-6.22,-6.56
1112835,2373,0,239,145965,35.00,-6.19,-6.62
1112857,2510,0,267,145973,35.00,-6.25,-6.61
1112879,2533,0,229,145974,35.00,-6.21,-6.60
1112901,2165,0,214,145978,35.00,-6.20,-6.58
1112923,1589,0,181,145986,35.00,-6.17,-6.62
1112966,1209,0,156,145970,35.00,-6.18,-6.59
1112988,1289,0,123,145965,35.00,-6.21,-6.60
1113738,1593,0,109,145975,35.02,-6.19,-6.57
1113767,2219,0,235,145838,35.00,-6.22,-6.63
1113789,1421,0,197,145836,35.00,-6.19,-6.57
1113811,1847,0,199,145825,35.00,-6.20,-6.58
1113833,2213,0,195,145823,35.00,-6.18,-6.58
1113855,2538,0,199,145824,35.00,-6.20,-6.60
1113877,2667,0,206,145799,35.00,-6.16,-6.61
1113899,2479,0,212,145806,35.00,-6.15,-6.62
1113921,1967,0,205,145797,35.00,-6.17,-6.59
1113943,1355,0,177,145780,35.00,-6.23,-6.59
1113965,1051,0,171,145781,35.00,-6.23,-6.58
1114508,1098,0,163,145767,34.74,-6.23,-6.58
1114549,1703,0,147,145770,35.00,-6.19,-6.61
1114571,1947,0,146,145792,35.00,-6.18,-6.59
1114593,2313,0,121,145804,35.00,-6.19,-6.64
1114615,2641,0,135,145814,35.00,-6.18,-6.60
1114637,2601,0,137,145833,35.00,-6.21,-6.60
1114659,2356,0,139,145854,35.00,-6.21,-6.61
1114681,1849,0,135,145880,35.00,-6.23,-6.58
1114703,1358,0,120,145905,35.00,-6.19,-6.58
1114725,1192,0,123,145920,35.00,-6.20,-6.58
1114747,1278,0,124,145935,35.00,-6.20,-6.59
1114789,1499,0,142,145965,35.00,-6.26,-6.63
1114811,1995,0,151,145974,35.00,-6.23,-6.58
1114833,2424,0,141,145972,35.00,-6.19,-6.60
1114855,2751,0,156,145979,35.00,-6.21,-6.58
1114877,2731,0,163,145987,35.00,-6.21,-6.55
1114899,2440,0,168,145981,35.00,-6.17,-6.57
1114921,1818,0,141,145983,35.00,-6.20,-6.60
1114943,1300,0,131,145975,35.00,-6.22,-6.56
1114965,1022,0,125,145972,35.00,-6.20,-6.58
1114987,1161,0,123,145955,35.00,-6.22,-6.56
1115517,1547,0,155,145944,34.80,-6.22,-6.61
1115551,2297,0,205,145899,35.00,-6.21,-6.57
1115573,2389,0,167,145914,35.00,-6.21,-6.59
1115595,2620,0,191,145920,35.00,-6.22,-6.63
1115617,2596,0,203,145916,35.00,-6.22,-6.59
1115639,2285,0,221,145922,35.00,-6.22,-6.62
1115661,1754,0,201,145919,35.00,-6.19,-6.59
1115683,1299,0,191,145914,35.00,-6.19,-6.59
1115705,1123,0,169,145916,35.00,-6.22,-6.62
1115727,1243,0,171,145916,35.00,-6.22,-6.56
1115749,1577,0,159,145930,35.00,-6.16,-6.56
1115791,2023,0,153,145913,35.00,-6.16,-6.56
1115813,2378,0,152,145923,35.00,-6.18,-6.62
1115835,2618,0,171,145922,35.00,-6.16,-6.61
1115857,2570,0,180,145930,35.00,-6.19,-6.60
1115879,2274,0,197,145929,35.00,-6.21,-6.55
1115901,1740,0,189,145941,35.00,-6.21,-6.58
1115923,1315,0,179,145923,35.00,-6.21,-6.60
1115945,1143,0,165,145924,35.00,-6.23,-6.61
1115967,1255,0,164,145921,35.00,-6.18,-6.61
1115989,1572,0,159,145921,35.00,-6.24,-6.59
1116533,1999,0,159,145929,34.64,-6.22,-6.59
1116573,2630,0,179,145904,35.00,-6.21,-6.60
1116595,2659,0,181,145913,35.00,-6.19,-6.56
1116617,2549,0,189,145909,35.00,-6.23,-6.59
1116639,2199,0,189,145911,35.00,-6.19,-6.60
1116661,1663,0,187,145907,35.00,-6.22,-6.57
1116683,1275,0,171,145882,35.00,-6.21,-6.56
1116705,1144,0,157,145889,35.00,-6.18,-6.61
1116727,1305,0,165,145893,35.00,-6.21,-6.62
1116749,1661,0,151,145894,35.00,-6.19,-6.59
1116771,2080,0,156,145888,35.00,-6.22,-6.59
1116814,2427,0,162,145876,35.00,-6.18,-6.61
1116836,2630,0,170,145887,35.00,-6.19,-6.57
1116858,2376,0,185,145901,35.00,-6.20,-6.61
1116880,1883,0,185,145888,35.00,-6.21,-6.60
1116902,1399,0,171,145894,35.00,-6.22,-6.62
1116924,1131,0,157,145891,35.00,-6.19,-6.62
1116946,1199,0,153,145897,35.00,-6.20,-6.60
1116968,1466,0,143,145894,35.00,-6.21,-6.59
1116990,1913,0,153,145895,35.00,-6.20,-6.60
1117550,2275,0,153,145894,34.64,-6.20,-6.60
1117580,2317,0,167,145865,35.00,-6.20,-6.56
1117602,1367,0,183,145871,35.00,-6.18,-6.59
1117624,1145,0,163,145872,35.00,-6.21,-6.61
1117646,1229,0,159,145877,35.00,-6.22,-6.59
1117668,1517,0,156,145874,35.00,-6.22,-6.63
1117690,1933,0,165,145858,35.00,-6.18,-6.59
1117712,2333,0,154,145862,35.00,-6.17,-6.61
1117734,2604,0,177,145864,35.00,-6.17,-6.61
1117776,2591,0,175,145860,35.00,-6.17,-6.59
1117798,2317,0,185,145869,35.00,-6.21,-6.59
1117820,1791,0,175,145887,35.00,-6.20,-6.54
1117842,1336,0,166,145879,35.00,-6.18,-6.57
1117864,1171,0,155,145877,35.00,-6.17,-6.57
1117886,1302,0,151,145863,35.00,-6.22,-6.62
1117908,1621,0,159,145870,35.00,-6.20,-6.55
1117930,1991,0,147,145877,35.00,-6.22,-6.56
1117952,2331,0,143,145879,35.00,-6.15,-6.63
1117974,2603,0,155,145882,35.00,-6.18,-6.59
1118567,2587,0,149,145894,34.64,-6.23,-6.61
1118597,1821,0,173,145968,35.00,-6.23,-6.55
1118619,2015,0,213,145991,35.00,-6.17,-6.60
1118641,1470,0,203,145987,35.00,-6.21,-6.60
1118663,1122,0,184,145986,35.00,-6.21,-6.59
1118685,1162,0,191,145987,35.00,-6.20,-6.60
1118707,1321,0,213,145993,35.00,-6.21,-6.60
1118729,1545,0,207,145992,35.00,-6.22,-6.58
1118751,2027,0,219,145983,35.00,-6.19,-6.61
1118773,2347,0,229,145981,35.00,-6.25,-6.60
1118795,2553,0,237,145987,35.00,-6.20,-6.59
1118817,2568,0,253,145990,35.00,-6.25,-6.57
1118858,2327,0,301,145976,35.00,-6.22,-6.59
1118880,2120,0,284,145988,35.00,-6.18,-6.60
1118902,1783,0,293,145986,35.00,-6.24,-6.60
1118924,1517,0,248,145964,35.00,-6.19,-6.59
1118946,1341,0,185,145940,35.00,-6.23,-6.61
1118968,1515,0,172,145939,35.00,-6.20,-6.63
1118990,1827,0,168,145938,35.00,-6.23,-6.57
1119583,2197,0,175,145941,34.77,-6.18,-6.60
1119620,1021,0,153,145928,35.00,-6.17,-6.60
1119642,1241,0,159,145930,35.00,-6.20,-6.59
1119664,1121,0,149,145942,35.00,-6.21,-6.63
1119686,1467,0,165,145945,35.00,-6.19,-6.56
1119708,1816,0,157,145945,35.00,-6.25,-6.62
1119730,2413,0,174,145934,35.00,-6.19,-6.65
1119752,2829,0,180,145910,35.00,-6.18,-6.57
1119774,3021,0,202,145922,35.00,-6.19,-6.62
1119796,3223,0,203,145880,35.00,-6.26,-6.62
1119818,2507,0,187,145861,35.00,-6.19,-6.54
1119860,1571,0,157,145735,35.00,-6.15,-6.63
1119882,1890,0,188,145656,35.00,-6.21,-6.66
1119904,3963,0,278,145612,35.00,-6.23,-6.64
1119926,0,0,197,145657,35.00,-6.50,-6.54
1119948,547,0,55,146623,35.00,-6.04,-7.75
1119970,0,0,136,147247,35.00,-5.22,-5.54
1119992,0,0,293,151683,35.00,-6.50,-7.21
1120354,4095,0,423,152305,34.66,-5.62,-7.57
1120382,4095,0,103,145910,35.00,-6.29,-6.82
1120404,4095,0,104,174593,35.00,-6.10,-6.64
1120426,4095,0,103,176188,35.00,-6.09,-6.66
1120448,4095,0,92,177339,35.00,-5.94,-6.94
1120470,4095,0,75,178114,35.00,-6.23,-6.74
1120492,4095,0,68,178436,35.00,-6.15,-6.62
1120514,4095,0,59,178575,35.00,-6.23,-6.62
1120536,2728,0,53,178772,35.00,-6.27,-6.67
1120558,0,0,39,178806,35.00,-6.20,-6.62
1120580,0,0,101,178482,35.00,-6.15,-6.51
1120622,0,0,147,177816,35.00,-6.08,-6.52
1120644,0,0,191,177419,35.00,-6.30,-6.63
1120666,0,0,332,176100,35.00,-6.29,-6.62
1120688,0,0,238,174752,35.00,-6.16,-6.60
1120710,0,0,155,173932,35.00,-6.20,-6.58
1120732,0,0,117,173448,35.00,-6.16,-6.59
1120754,1944,0,145,173118,35.00,-6.21,-6.61
1120776,2553,0,125,172918,35.00,-6.21,-6.59
1120798,2311,0,113,172795,35.00,-6.17,-6.50
1120820,1755,0,89,172738,35.00,-6.18,-6.57
1120862,1592,0,88,172795,35.00,-6.22,-6.63
1120884,1403,0,85,172816,35.00,-6.18,-6.62
1120906,1804,0,89,172835,35.00,-6.17,-6.57
1120928,2611,0,93,172850,35.00,-6.20,-6.60
1120950,3875,0,95,172855,35.00,-6.18,-6.56
1120972,4095,0,103,172848,35.00,-6.22,-6.62
1120994,4095,0,126,172864,35.00,-6.15,-6.55
1121362,4095,0,140,172866,34.69,-6.20,-6.60
1121403,2962,0,115,174157,35.00,-6.11,-6.54
1121425,4095,0,59,174278,35.00,-6.14,-6.56
1121447,4095,0,99,174354,35.00,-6.25,-6.51
1121469,883,0,67,174446,35.00,-6.15,-6.49
1121491,885,0,83,174510,35.00,-6.20,-6.50
1121513,699,0,89,174511,35.00,-6.22,-6.60
1121535,958,0,90,174543,35.00,-6.25,-6.50
1121557,913,0,83,174504,35.00,-6.21,-6.63
1121579,1066,0,91,174506,35.00,-6.10,-6.53
1121601,1479,0,83,174454,35.00,-6.13,-6.41
1121623,2219,0,75,174441,35.00,-6.25,-6.51
1121664,3141,0,73,174348,35.00,-6.22,-6.48
1121686,4095,0,55,174345,35.00,-6.16,-6.48
1121708,4095,0,44,174343,35.00,-6.17,-6.55
1121730,4095,0,45,174292,35.00,-6.22,-6.47
1121752,4095,0,39,174290,35.00,-6.21,-6.51
1121774,3131,0,21,174261,35.00,-6.28,-6.59
1121796,2974,0,22,174265,35.00,-6.22,-6.51
1121818,2488,0,17,174248,35.00,-6.21,-6.62
1121840,2362,0,23,174275,35.00,-6.15,-6.58
1121862,1007,0,23,174266,35.00,-6.18,-6.52
1121904,0,0,20,174530,35.00,-6.16,-6.49
1121926,0,0,17,174562,35.00,-6.15,-6.44
1121948,0,0,31,174624,35.00,-6.39,-6.42
1121970,0,0,40,174631,35.00,-6.22,-6.50
1121992,0,0,67,174617,35.00,-6.26,-6.46
1122378,0,0,105,174663,34.45,-6.24,-6.49
1122406,1190,0,127,174989,35.00,-6.24,-6.55
1122428,1308,0,139,175015,35.00,-6.25,-6.55
1122450,1039,0,139,175005,35.00,-6.26,-6.54
1122472,760,0,145,175034,35.00,-6.24,-6.54
1122494,994,0,159,175044,35.00,-6.24,-6.52
1122516,1363,0,155,175056,35.00,-6.20,-6.53
1122538,1405,0,143,175072,35.00,-6.21,-6.57
1122560,1317,0,143,175080,35.00,-6.24,-6.55
1122582,1065,0,150,175079,35.00,-6.24,-6.59
1122604,885,0,164,175088,35.00,-6.26,-6.51
1122646,623,0,179,175074,35.00,-6.23,-6.51
1122668,445,0,210,175092,35.00,-6.20,-6.55
1122690,505,0,225,175098,35.00,-6.26,-6.52
1122712,623,0,235,175096,35.00,-6.25,-6.53
1122734,727,0,247,175102,35.00,-6.23,-6.51
1122756,762,0,251,175097,35.00,-6.24,-6.54
1122778,909,0,251,175101,35.00,-6.26,-6.51
1122800,1051,0,261,175099,35.00,-6.26,-6.52
1122822,1205,0,262,175103,35.00,-6.26,-6.53
1122844,1223,0,263,175099,35.00,-6.27,-6.52
1122886,1231,0,273,175107,35.00,-6.24,-6.53
1122908,1492,0,281,175107,35.00,-6.25,-6.49
1122930,1701,0,283,175099,35.00,-6.30,-6.50
1122952,1847,0,279,175113,35.00,-6.26,-6.52
1122974,1915,0,279,175098,35.00,-6.23,-6.56
1122996,1967,0,281,175103,35.00,-6.24,-6.55
1123395,1975,0,279,175106,34.63,-6.26,-6.50
1123427,2679,0,229,175101,35.00,-6.22,-6.50
1123449,2851,0,223,175109,35.00,-6.25,-6.53
1123471,2783,0,223,175104,35.00,-6.27,-6.55
1123493,2779,0,217,175118,35.00,-6.26,-6.55
1123515,2697,0,215,175111,35.00,-6.23,-6.56
1123537,2492,0,211,175126,35.00,-6.26,-6.53
1123559,2461,0,205,175107,35.00,-6.23,-6.56
1123581,2532,0,205,175109,35.00,-6.24,-6.49
1123603,2650,0,199,175116,35.00,-6.26,-6.51
1123625,2731,0,187,175108,35.00,-6.26,-6.55
1123647,2613,0,178,175120,35.00,-6.25,-6.54
1123688,2409,0,185,175093,35.00,-6.27,-6.49
1123710,2188,0,187,175095,35.00,-6.26,-6.52
1123732,2008,0,188,175098,35.00,-6.26,-6.52
1123754,1827,0,201,175100,35.00,-6.27,-6.52
1123776,1603,0,211,175094,35.00,-6.24,-6.52
1123798,1379,0,217,175097,35.00,-6.21,-6.55
1123820,1256,0,220,175097,35.00,-6.25,-6.53
1123842,1241,0,229,175109,35.00,-6.25,-6.53
1123864,1839,0,228,175102,35.00,-6.25,-6.50
1123886,2334,0,213,175104,35.00,-6.22,-6.56
1123928,2668,0,197,175102,35.00,-6.26,-6.53
1123950,2633,0,169,175098,35.00,-6.22,-6.52
1123972,2670,0,181,175098,35.00,-6.26,-6.52
1123994,2504,0,172,175115,35.00,-6.27,-6.54
1124411,2213,0,168,175110,34.56,-6.19,-6.51
1124450,2215,0,191,175090,35.00,-6.26,-6.52
1124472,2430,0,165,175098,35.00,-6.22,-6.57
1124494,2314,0,171,175109,35.00,-6.24,-6.54
1124516,2191,0,168,175099,35.00,-6.27,-6.54
1124538,2124,0,163,175104,35.00,-6.23,-6.52
1124560,2053,0,151,175101,35.00,-6.25,-6.50
1124582,1989,0,158,175100,35.00,-6.25,-6.55
1124604,1887,0,155,175105,35.00,-6.20,-6.51
1124626,1822,0,165,175103,35.00,-6.26,-6.52
1124648,1701,0,165,175095,35.00,-6.26,-6.53
1124690,1629,0,175,175109,35.00,-6.27,-6.56
1124712,1399,0,187,175109,35.00,-6.25,-6.53
1124734,1273,0,189,175098,35.00,-6.24,-6.51
1124756,1175,0,197,175098,35.00,-6.25,-6.51
1124778,1195,0,189,175099,35.00,-6.27,-6.52
1124800,1339,0,186,175096,35.00,-6.22,-6.54
1124822,1557,0,186,175106,35.00,-6.25,-6.53
1124844,1737,0,185,175103,35.00,-6.24,-6.53
1124866,2013,0,200,175100,35.00,-6.22,-6.51
1124888,2254,0,187,175104,35.00,-6.25,-6.56
1124931,2469,0,181,175100,35.00,-6.25,-6.55
1124953,2711,0,171,175098,35.00,-6.25,-6.53
1124975,2585,0,165,175105,35.00,-6.27,-6.51
1124997,2387,0,155,175103,35.00,-6.25,-6.53
1125428,2139,0,150,175094,35.13,-6.23,-6.55
1125457,2133,0,199,175102,35.00,-6.23,-6.53
1125479,1371,0,174,175095,35.00,-6.24,-6.52
1125501,1363,0,176,175114,35.00,-6.25,-6.50
1125523,1459,0,179,175097,35.00,-6.24,-6.54
1125545,1693,0,187,175100,35.00,-6.27,-6.51
1125567,1939,0,183,175100,35.00,-6.25,-6.52
1125589,2118,0,200,175099,35.00,-6.24,-6.53
1125611,2165,0,203,175110,35.00,-6.24,-6.53
1125652,2065,0,196,175111,35.00,-6.26,-6.53
1125674,1975,0,191,175095,35.00,-6.22,-6.54
1125696,1671,0,188,175099,35.00,-6.23,-6.50
1125718,1491,0,179,175108,35.00,-6.23,-6.50
1125740,1471,0,179,175109,35.00,-6.27,-6.57
1125762,1629,0,179,175089,35.00,-6.24,-6.56
1125784,1849,0,184,175105,35.00,-6.25,-6.50
1125806,2079,0,185,175101,35.00,-6.26,-6.52
1125828,2279,0,191,175100,35.00,-6.23,-6.54
1125850,2413,0,200,175101,35.00,-6.22,-6.54
1125893,2356,0,203,175098,35.00,-6.27,-6.52
1125915,2004,0,183,175101,35.00,-6.22,-6.49
1125937,1721,0,181,175108,35.00,-6.24,-6.54
1125959,1565,0,172,175111,35.00,-6.23,-6.54
1125981,1626,0,173,175104,35.00,-6.24,-6.55
1126698,1747,0,175,175109,34.58,-6.28,-6.52
1126734,1325,0,159,175106,35.00,-6.27,-6.51
1126756,1593,0,169,175089,35.00,-6.20,-6.50
1126778,1341,0,159,175099,35.00,-6.27,-6.51
1126800,1323,0,165,175098,35.00,-6.25,-6.48
1126822,1518,0,168,175092,35.00,-6.21,-6.55
1126844,1691,0,168,175100,35.00,-6.22,-6.54
1126866,2151,0,183,175102,35.00,-6.24,-6.52
1126888,2284,0,186,175100,35.00,-6.25,-6.51
1126910,2395,0,189,175089,35.00,-6.24,-6.56
1126932,2297,0,184,175102,35.00,-6.24,-6.53
1126954,2025,0,181,175113,35.00,-6.22,-6.52
1126995,1577,0,171,175092,35.00,-6.24,-6.52
1127715,1493,0,164,175102,34.54,-6.26,-6.53
1127757,1431,0,163,175086,35.00,-6.23,-6.52
1127779,1287,0,155,175092,35.00,-6.23,-6.54
1127801,1395,0,157,175116,35.00,-6.26,-6.54
1127823,1863,0,171,175098,35.00,-6.25,-6.52
1127845,2039,0,173,175103,35.00,-6.25,-6.51
1127867,2251,0,180,175095,35.00,-6.27,-6.53
1127889,2413,0,189,175102,35.00,-6.25,-6.52
1127911,2357,0,187,175098,35.00,-6.25,-6.52
1127933,2067,0,182,175097,35.00,-6.24,-6.53
1127955,1613,0,172,175092,35.00,-6.23,-6.50
1127997,1279,0,163,175114,35.00,-6.26,-6.54
1128732,1225,0,157,175096,34.76,-6.21,-6.52
1128759,1789,0,169,175092,35.00,-6.24,-6.52
1128781,1455,0,162,175094,35.00,-6.26,-6.52
1128803,1811,0,170,175101,35.00,-6.25,-6.56
1128825,2169,0,175,175100,35.00,-6.23,-6.51
1128847,2471,0,182,175091,35.00,-6.22,-6.51
1128869,2552,0,189,175086,35.00,-6.23,-6.52
1128891,2411,0,185,175097,35.00,-6.23,-6.50
1128913,1977,0,173,175099,35.00,-6.20,-6.53
1128935,1513,0,165,175095,35.00,-6.25,-6.53
1128957,1254,0,153,175102,35.00,-6.21,-6.52
1128999,1236,0,156,175106,35.00,-6.22,-6.55
1129021,1455,0,159,175090,35.00,-6.25,-6.53
1129043,1819,0,173,175090,35.00,-6.24,-6.52
1129065,2172,0,174,175096,35.00,-6.25,-6.51
1129087,2479,0,185,175090,35.00,-6.26,-6.53
1129109,2553,0,190,175107,35.00,-6.23,-6.52
1129131,2343,0,186,175103,35.00,-6.23,-6.51
1129153,1951,0,175,175095,35.00,-6.24,-6.54
1129175,1477,0,157,175100,35.00,-6.24,-6.50
1129197,1233,0,153,175092,35.00,-6.24,-6.52
1129219,1253,0,152,175097,35.00,-6.25,-6.54
1129260,1451,0,158,175093,35.00,-6.24,-6.55
1129282,1667,0,167,175091,35.00,-6.27,-6.50
1129304,2005,0,169,175096,35.00,-6.24,-6.50
1129326,2355,0,181,175101,35.00,-6.29,-6.54
1129348,2553,0,189,175096,35.00,-6.22,-6.54
1129370,2473,0,187,175081,35.00,-6.22,-6.53
1129392,2125,0,181,175094,35.00,-6.22,-6.51
1129414,1662,0,167,175094,35.00,-6.27,-6.51
1129436,1325,0,158,175096,35.00,-6.28,-6.55
1129458,1227,0,162,175092,35.00,-6.23,-6.55
1129500,1367,0,159,175087,35.00,-6.27,-6.54
1129522,1701,0,167,175087,35.00,-6.28,-6.54
1129544,2075,0,175,175091,35.00,-6.23,-6.55
1129566,2396,0,181,175081,35.00,-6.25,-6.51
1129588,2555,0,187,175083,35.00,-6.26,-6.51
1129610,2495,0,189,175102,35.00,-6.24,-6.54
1129632,2167,0,179,175086,35.00,-6.27,-6.48
1129654,1671,0,166,175091,35.00,-6.25,-6.51
1129676,1289,0,157,175088,35.00,-6.25,-6.51
1129698,1212,0,152,175097,35.00,-6.23,-6.54
1129720,1344,0,158,175100,35.00,-6.25,-6.55
1129761,1688,0,165,175092,35.00,-6.22,-6.55
1129783,1891,0,171,175093,35.00,-6.27,-6.53
1129805,2245,0,183,175090,35.00,-6.28,-6.52
1129827,2543,0,187,175089,35.00,-6.26,-6.49
1129849,2538,0,189,175089,35.00,-6.22,-6.50
1129871,2260,0,185,175082,35.00,-6.24,-6.55
1129893,1817,0,169,175095,35.00,-6.24,-6.53
1129915,1419,0,153,175095,35.00,-6.24,-6.50
1129937,1199,0,151,175088,35.00,-6.25,-6.51
1129959,1256,0,155,175093,35.00,-6.24,-6.50
1130510,1527,0,166,175085,34.84,-6.28,-6.52
1130543,1929,0,175,175078,35.00,-6.25,-6.51
1130565,2389,0,183,175083,35.00,-6.26,-6.54
1130587,2577,0,197,175094,35.00,-6.23,-6.53
1130609,2488,0,185,175090,35.00,-6.23,-6.52
1130631,2169,0,183,175091,35.00,-6.26,-6.49
1130653,1677,0,167,175081,35.00,-6.25,-6.51
1130675,1325,0,157,175094,35.00,-6.25,-6.50
1130697,1196,0,149,175088,35.00,-6.26,-6.52
1130719,1321,0,156,175095,35.00,-6.23,-6.55
1130741,1640,0,171,175095,35.00,-6.25,-6.51
1130783,2039,0,175,175097,35.00,-6.20,-6.51
1130805,2403,0,185,175080,35.00,-6.25,-6.53
1130827,2579,0,188,175091,35.00,-6.23,-6.56
1130849,2491,0,185,175090,35.00,-6.26,-6.51
1130871,2142,0,180,175085,35.00,-6.22,-6.50
1130893,1643,0,163,175089,35.00,-6.24,-6.50
1130915,1295,0,153,175086,35.00,-6.22,-6.55
1130937,1204,0,149,175085,35.00,-6.25,-6.50
1130959,1349,0,155,175079,35.00,-6.28,-6.52
1130981,1684,0,169,175082,35.00,-6.27,-6.51
1131527,2063,0,171,175098,34.47,-6.24,-6.52
1131565,2425,0,185,175082,35.00,-6.26,-6.51
1131587,2577,0,187,175075,35.00,-6.26,-6.56
1131609,2423,0,181,175081,35.00,-6.26,-6.54
1131631,2015,0,178,175076,35.00,-6.23,-6.52
1131653,1532,0,157,175084,35.00,-6.26,-6.48
1131675,1234,0,149,175063,35.00,-6.22,-6.52
1131697,1209,0,153,175071,35.00,-6.25,-6.54
1131719,1423,0,156,175072,35.00,-6.26,-6.50
1131741,1779,0,169,175076,35.00,-6.26,-6.52
1131763,2155,0,173,175079,35.00,-6.26,-6.53
1131806,2485,0,191,175074,35.00,-6.25,-6.52
1131828,2542,0,187,175088,35.00,-6.26,-6.53
1131850,2215,0,175,175090,35.00,-6.26,-6.56
1131872,1721,0,165,175075,35.00,-6.28,-6.55
1131894,1349,0,157,175085,35.00,-6.22,-6.56
1131916,1191,0,153,175076,35.00,-6.26,-6.52
1131938,1311,0,156,175077,35.00,-6.22,-6.50
1131960,1624,0,162,175087,35.00,-6.25,-6.50
1131982,2015,0,175,175078,35.00,-6.24,-6.51
1132544,2357,0,186,175082,35.09,-6.27,-6.54
1132574,2615,0,189,175084,35.00,-6.24,-6.50
1132596,1251,0,159,175064,35.00,-6.26,-6.51
1132618,1373,0,159,175074,35.00,-6.25,-6.53
1132640,1704,0,163,175085,35.00,-6.26,-6.54
1132662,2122,0,171,175071,35.00,-6.22,-6.56
1132684,2443,0,195,175079,35.00,-6.25,-6.56
1132706,2583,0,199,175079,35.00,-6.20,-6.50
1132748,2489,0,185,175073,35.00,-6.22,-6.55
1132770,2089,0,174,175080,35.00,-6.24,-6.53
1132792,1621,0,159,175090,35.00,-6.24,-6.50
1132814,1291,0,150,175086,35.00,-6.27,-6.53
1132836,1209,0,149,175083,35.00,-6.25,-6.55
1132858,1413,0,153,175080,35.00,-6.25,-6.54
1132880,1747,0,156,175081,35.00,-6.27,-6.51
1132902,2110,0,166,175077,35.00,-6.25,-6.48
1132924,2471,0,183,175088,35.00,-6.29,-6.53
1132946,2571,0,183,175087,35.00,-6.24,-6.50
1132988,2429,0,179,175095,35.00,-6.28,-6.51
1133560,2021,0,168,175086,34.77,-6.23,-6.52
1133590,2222,0,169,175044,35.00,-6.25,-6.53
1133612,1523,0,155,175077,35.00,-6.25,-6.52
1133634,1210,0,146,175092,35.00,-6.26,-6.51
1133656,1160,0,143,175080,35.00,-6.22,-6.53
1133678,1319,0,149,175084,35.00,-6.23,-6.51
1133700,1685,0,157,175083,35.00,-6.24,-6.54
1133722,2227,0,174,175081,35.00,-6.24,-6.55
1133744,2534,0,183,175079,35.00,-6.27,-6.52
1133766,2531,0,180,175083,35.00,-6.27,-6.53
1133788,2328,0,183,175085,35.00,-6.24,-6.54
1133830,1965,0,165,175094,35.00,-6.27,-6.54
1133852,1583,0,156,175085,35.00,-6.25,-6.50
1133874,1351,0,151,175076,35.00,-6.25,-6.56
1133896,1341,0,149,175077,35.00,-6.23,-6.51
1133918,1529,0,152,175087,35.00,-6.24,-6.55
1133940,1849,0,166,175070,35.00,-6.26,-6.51
1133962,2186,0,169,175081,35.00,-6.25,-6.55
1133984,2429,0,175,175081,35.00,-6.24,-6.51
1134577,2440,0,181,175085,34.70,-6.23,-6.56
1134612,1518,0,159,175062,35.00,-6.22,-6.53
1134634,1005,0,149,175079,35.00,-6.22,-6.52
1134656,1041,0,148,175074,35.00,-6.23,-6.56
1134678,1299,0,158,175072,35.00,-6.27,-6.50
1134700,1607,0,168,175068,35.00,-6.25,-6.50
1134722,1879,0,179,175065,35.00,-6.26,-6.54
1134744,2024,0,184,175073,35.00,-6.30,-6.54
1134766,1879,0,179,175085,35.00,-6.27,-6.54
1134788,1420,0,175,175080,35.00,-6.27,-6.47
1134810,831,0,168,175073,35.00,-6.25,-6.52
1134852,263,0,165,175083,35.00,-6.25,-6.56
1134874,345,0,157,175080,35.00,-6.21,-6.56
1134896,0,0,181,175076,35.00,-6.26,-6.51
1134918,2680,0,231,175081,35.00,-6.24,-6.55
1134940,1203,0,209,175078,35.00,-6.25,-6.50
1134962,1645,0,216,175084,35.00,-6.26,-6.53
1134984,1959,0,227,175076,35.00,-6.23,-6.51
1135346,1799,0,229,175079,34.39,-6.25,-6.53
1135374,2067,0,317,175061,35.00,-6.26,-6.51
1135396,875,0,271,175077,35.00,-6.27,-6.50
1135418,1151,0,272,175080,35.00,-6.24,-6.53
1135440,1147,0,283,175082,35.00,-6.25,-6.51
1135462,1257,0,307,175078,35.00,-6.30,-6.51
1135484,3445,0,343,175084,35.00,-6.24,-6.53
1135506,4095,0,295,175083,35.00,-6.26,-6.54
1135528,4095,0,244,175092,35.00,-6.27,-6.54
1135550,4095,0,203,175084,35.00,-6.25,-6.48
1135572,1541,0,167,175082,35.00,-6.27,-6.51
1135614,2485,0,203,175100,35.00,-6.24,-6.54
1135636,773,0,153,175084,35.00,-6.25,-6.53
1135658,775,0,172,175079,35.00,-6.21,-6.49
1135680,783,0,212,175073,35.00,-6.27,-6.52
1135702,3737,0,297,175072,35.00,-6.22,-6.51
1135724,4095,0,219,175056,35.00,-6.30,-6.52
1135746,4095,0,173,175069,35.00,-6.26,-6.50
1135768,4095,0,179,175040,35.00,-6.26,-6.53
1135790,2485,0,170,175056,35.00,-6.26,-6.50
1135812,3627,0,178,175053,35.00,-6.24,-6.46
1135855,3087,0,152,175098,35.00,-6.20,-6.50
1135877,3099,0,140,175106,35.00,-6.28,-6.53
1135899,4095,0,148,175140,35.00,-6.23,-6.52
1135921,4095,0,135,175150,35.00,-6.21,-6.56
1135943,2707,0,110,175157,35.00,-6.25,-6.56
1135965,3288,0,135,175171,35.00,-6.26,-6.56
1135987,3271,0,133,175180,35.00,-6.25,-6.57
1136356,1543,0,101,175171,34.86,-6.26,-6.52
1136396,0,0,71,175985,35.00,-6.16,-6.65
1136418,0,0,11,176080,35.00,-6.26,-6.61
1136440,0,0,19,176218,35.00,-6.22,-6.58
1136462,0,0,61,176180,35.00,-6.21,-6.58
1136484,0,0,61,176088,35.00,-6.21,-6.52
1136506,0,0,61,175905,35.00,-6.21,-6.54
1136528,0,0,111,175694,35.00,-6.21,-6.55
1136550,0,0,185,175473,35.00,-6.19,-6.48
1136572,0,0,215,175310,35.00,-6.19,-6.52
1136594,0,0,223,175197,35.00,-6.23,-6.57
1136636,0,0,222,175066,35.00,-6.21,-6.55
1136658,789,0,233,175066,35.00,-6.22,-6.58
1136680,2588,0,269,175063,35.00,-6.23,-6.60
1136702,4069,0,277,175076,35.00,-6.24,-6.58
1136724,4095,0,276,175097,35.00,-6.20,-6.59
1136746,1436,0,227,175091,35.00,-6.23,-6.60
1136768,663,0,227,175107,35.00,-6.25,-6.58
1136790,146,0,204,175112,35.00,-6.22,-6.59
1136812,16,0,187,175107,35.00,-6.20,-6.55
1136834,27,0,170,175101,35.00,-6.21,-6.56
1136856,683,0,169,175109,35.00,-6.24,-6.60
1136897,1144,0,205,175080,35.00,-6.20,-6.53
1136919,1419,0,219,175120,35.00,-6.19,-6.56
1136941,1945,0,253,175126,35.00,-6.23,-6.55
1136963,2503,0,266,175133,35.00,-6.22,-6.57
1136985,2381,0,282,175135,35.00,-6.21,-6.56
1137372,1640,0,280,175129,34.79,-6.24,-6.53
1137400,2065,0,159,175154,35.00,-6.22,-6.57
1137422,4095,0,199,175164,35.00,-6.20,-6.55
1137444,4095,0,185,175158,35.00,-6.22,-6.59
1137466,2824,0,181,175164,35.00,-6.23,-6.56
1137488,1583,0,189,175159,35.00,-6.21,-6.59
1137510,978,0,183,175169,35.00,-6.20,-6.60
1137532,599,0,172,175171,35.00,-6.20,-6.56
1137554,751,0,168,175165,35.00,-6.21,-6.53
1137576,1079,0,169,175164,35.00,-6.20,-6.54
1137618,1734,0,175,175169,35.00,-6.19,-6.56
1137640,3027,0,167,175165,35.00,-6.24,-6.54
1137662,3923,0,179,175166,35.00,-6.21,-6.57
1137684,4041,0,171,175168,35.00,-6.23,-6.53
1137706,2984,0,171,175159,35.00,-6.22,-6.59
1137728,1981,0,165,175165,35.00,-6.21,-6.57
1137750,1179,0,151,175149,35.00,-6.20,-6.48
1137772,947,0,148,175144,35.00,-6.23,-6.54
1137794,1102,0,145,175148,35.00,-6.20,-6.59
1137816,1365,0,155,175138,35.00,-6.21,-6.55
1137838,1746,0,170,175150,35.00,-6.27,-6.60
1137879,2743,0,188,175137,35.00,-6.22,-6.55
1137901,3175,0,176,175148,35.00,-6.20,-6.57
1137923,3065,0,197,175142,35.00,-6.22,-6.55
1137945,2695,0,191,175143,35.00,-6.18,-6.54
1137967,2088,0,185,175141,35.00,-6.20,-6.57
1137989,1383,0,158,175139,35.00,-6.24,-6.55
1138389,889,0,148,175157,34.79,-6.22,-6.56
1138420,884,0,173,175157,35.00,-6.23,-6.51
1138442,3251,0,211,175166,35.00,-6.23,-6.53
1138464,3927,0,185,175164,35.00,-6.21,-6.55
1138486,3211,0,175,175173,35.00,-6.21,-6.55
1138508,1769,0,153,175174,35.00,-6.23,-6.55
1138530,757,0,165,175149,35.00,-6.20,-6.58
1138552,659,0,155,175169,35.00,-6.24,-6.56
1138574,1017,0,148,175162,35.00,-6.23,-6.57
1138596,1427,0,156,175165,35.00,-6.21,-6.58
1138618,1841,0,173,175166,35.00,-6.24,-6.57
1138661,2317,0,187,175153,35.00,-6.24,-6.56
1138683,2521,0,210,175172,35.00,-6.21,-6.56
1138705,2351,0,211,175179,35.00,-6.24,-6.55
1138727,1853,0,201,175157,35.00,-6.22,-6.54
1138749,1249,0,170,175169,35.00,-6.20,-6.55
1138771,1007,0,155,175155,35.00,-6.24,-6.57
1138793,1613,0,120,175166,35.00,-6.19,-6.60
1138815,1635,0,141,175159,35.00,-6.22,-6.54
1138837,2175,0,120,175158,35.00,-6.24,-6.56
1138859,2567,0,147,175164,35.00,-6.24,-6.52
1138901,2851,0,173,175182,35.00,-6.22,-6.56
1138923,2823,0,186,175162,35.00,-6.27,-6.55
1138945,2525,0,205,175171,35.00,-6.26,-6.58
1138967,1903,0,197,175165,35.00,-6.24,-6.57
1138989,1289,0,169,175177,35.00,-6.25,-6.57
1139405,907,0,152,175156,34.94,-6.23,-6.56
1139442,1711,0,171,175180,35.00,-6.25,-6.56
1139464,2695,0,173,175188,35.00,-6.23,-6.56
1139486,2072,0,172,175190,35.00,-6.21,-6.51
1139508,1378,0,169,175186,35.00,-6.23,-6.53
1139530,886,0,151,175192,35.00,-6.24,-6.57
1139552,851,0,154,175193,35.00,-6.25,-6.58
1139574,1117,0,148,175190,35.00,-6.22,-6.54
1139596,1695,0,155,175192,35.00,-6.23,-6.57
1139618,2255,0,158,175177,35.00,-6.23,-6.57
1139640,2761,0,167,175185,35.00,-6.22,-6.57
1139662,2887,0,179,175199,35.00,-6.22,-6.56
1139703,2629,0,189,175177,35.00,-6.22,-6.55
1139725,2462,0,197,175179,35.00,-6.19,-6.56
1139747,1799,0,181,175187,35.00,-6.24,-6.56
1139769,1193,0,159,175176,35.00,-6.26,-6.57
1139791,922,0,157,175186,35.00,-6.25,-6.55
1139813,1063,0,155,175173,35.00,-6.19,-6.54
1139835,1509,0,147,175188,35.00,-6.23,-6.59
1139857,2079,0,159,175179,35.00,-6.22,-6.54
1139879,2634,0,167,175189,35.00,-6.27,-6.56
1139901,2937,0,181,175179,35.00,-6.24,-6.53
1139943,2799,0,189,175188,35.00,-6.24,-6.59
1139965,2267,0,201,175173,35.00,-6.22,-6.55
1139987,1509,0,183,175177,35.00,-6.22,-6.56
1140422,939,0,175,175182,34.91,-6.20,-6.56
1140465,2453,0,175,175158,35.00,-6.23,-6.56
1140487,1373,0,150,175179,35.00,-6.21,-6.59
1140509,796,0,141,175184,35.00,-6.23,-6.59
1140531,757,0,135,175176,35.00,-6.22,-6.54
1140553,1160,0,137,175177,35.00,-6.19,-6.53
1140575,1737,0,153,175168,35.00,-6.21,-6.59
1140597,2364,0,157,175179,35.00,-6.22,-6.58
1140619,2999,0,183,175175,35.00,-6.24,-6.54
1140641,3363,0,188,175169,35.00,-6.22,-6.52
1140663,3315,0,186,175166,35.00,-6.21,-6.54
1140705,2443,0,173,175183,35.00,-6.24,-6.55
1140727,1625,0,153,175171,35.00,-6.25,-6.56
1140749,1076,0,145,175162,35.00,-6.23,-6.58
1140771,999,0,140,175175,35.00,-6.24,-6.56
1140793,1191,0,141,175173,35.00,-6.23,-6.56
1140815,1723,0,154,175154,35.00,-6.22,-6.55
1140837,2359,0,169,175170,35.00,-6.20,-6.54
1140859,3098,0,179,175169,35.00,-6.23,-6.57
1140881,3165,0,180,175172,35.00,-6.24,-6.59
1140903,2811,0,183,175172,35.00,-6.25,-6.55
1140946,2065,0,165,175168,35.00,-6.22,-6.53
1140968,979,0,141,175170,35.00,-6.22,-6.55
1140990,678,0,147,175187,35.00,-6.24,-6.59
1141693,785,0,146,175175,35.06,-6.25,-6.55
1141727,1547,0,155,175141,35.00,-6.20,-6.58
1141749,413,0,152,175144,35.00,-6.20,-6.56
1141771,551,0,165,175150,35.00,-6.18,-6.57
1141793,907,0,167,175142,35.00,-6.22,-6.56
1141815,1485,0,181,175141,35.00,-6.22,-6.55
1141837,2027,0,197,175134,35.00,-6.26,-6.59
1141859,2541,0,214,175149,35.00,-6.23,-6.53
1141881,2425,0,222,175153,35.00,-6.27,-6.57
1141903,2013,0,229,175154,35.00,-6.24,-6.57
1141925,1781,0,208,175161,35.00,-6.23,-6.57
1141947,814,0,189,175179,35.00,-6.19,-6.56
1141988,437,0,183,175191,35.00,-6.22,-6.67
1142709,0,0,227,175224,34.87,-6.28,-6.61
1142749,4095,0,10,175415,35.00,-6.27,-6.53
1142771,0,0,8,175418,35.00,-6.24,-6.54
1142793,0,0,82,175420,35.00,-6.23,-6.57
1142815,0,0,151,175426,35.00,-6.27,-6.52
1142837,0,0,183,175432,35.00,-6.25,-6.53
1142859,0,0,236,175440,35.00,-6.25,-6.52
1142881,0,0,251,175437,35.00,-6.24,-6.53
1142903,0,0,253,175428,35.00,-6.22,-6.54
1142925,0,0,245,175437,35.00,-6.24,-6.53
1142947,0,0,233,175436,35.00,-6.24,-6.52
1142969,0,0,217,175437,35.00,-6.22,-6.57
1143726,0,0,205,175438,35.08,-6.26,-6.52
1143752,1901,0,174,175435,35.00,-6.27,-6.50
1143774,2534,0,201,175426,35.00,-6.22,-6.55
1143796,2845,0,211,175438,35.00,-6.22,-6.52
1143818,3096,0,216,175425,35.00,-6.22,-6.52
1143840,3039,0,213,175435,35.00,-6.26,-6.57
1143862,2717,0,213,175429,35.00,-6.22,-6.51
1143884,2215,0,189,175435,35.00,-6.27,-6.53
1143906,1773,0,183,175438,35.00,-6.24,-6.58
1143928,1579,0,176,175439,35.00,-6.25,-6.51
1143950,1483,0,175,175435,35.00,-6.25,-6.52
1143992,1897,0,183,175439,35.00,-6.23,-6.55
1144742,2577,0,199,175438,35.33,-6.24,-6.54
1144774,1575,0,173,175415,35.00,-6.27,-6.54
1144796,2517,0,186,175426,35.00,-6.27,-6.49
1144818,2643,0,201,175431,35.00,-6.26,-6.56
1144840,2431,0,190,175433,35.00,-6.21,-6.57
1144862,2013,0,183,175427,35.00,-6.26,-6.52
1144884,1513,0,167,175426,35.00,-6.23,-6.54
1144906,1203,0,158,175427,35.00,-6.25,-6.55
1144928,1167,0,164,175428,35.00,-6.25,-6.51
1144950,1357,0,159,175428,35.00,-6.28,-6.50
1144972,1745,0,169,175432,35.00,-6.23,-6.56
1145514,2087,0,182,175437,34.81,-6.25,-6.55
1145556,2539,0,189,175423,35.00,-6.25,-6.54
1145578,2587,0,185,175429,35.00,-6.24,-6.56
1145600,2345,0,181,175433,35.00,-6.27,-6.55
1145622,1877,0,171,175429,35.00,-6.26,-6.51
1145644,1421,0,155,175428,35.00,-6.27,-6.49
1145666,1203,0,155,175422,35.00,-6.24,-6.56
1145688,1253,0,150,175431,35.00,-6.27,-6.55
1145710,1493,0,159,175436,35.00,-6.25,-6.51
1145732,1885,0,171,175437,35.00,-6.23,-6.54
1145754,2234,0,179,175436,35.00,-6.28,-6.54
1145796,2541,0,189,175450,35.00,-6.24,-6.51
1145818,2567,0,183,175426,35.00,-6.29,-6.54
1145840,2315,0,181,175427,35.00,-6.26,-6.49
1145862,1836,0,174,175431,35.00,-6.24,-6.52
1145884,1391,0,157,175434,35.00,-6.26,-6.53
1145906,1180,0,151,175424,35.00,-6.24,-6.51
1145928,1257,0,157,175418,35.00,-6.20,-6.52
1145950,1513,0,159,175425,35.00,-6.27,-6.55
1145972,1927,0,171,175429,35.00,-6.24,-6.54
1145994,2279,0,180,175434,35.00,-6.24,-6.52
1146037,2549,0,188,175430,35.00,-6.22,-6.49
1146059,2424,0,183,175437,35.00,-6.25,-6.50
1146081,2003,0,173,175437,35.00,-6.24,-6.52
1146103,1532,0,163,175434,35.00,-6.27,-6.50
1146125,1223,0,149,175433,35.00,-6.27,-6.50
1146147,1191,0,151,175433,35.00,-6.22,-6.53
1146169,1381,0,157,175438,35.00,-6.25,-6.50
1146191,1738,0,159,175438,35.00,-6.28,-6.55
1146213,2131,0,173,175439,35.00,-6.23,-6.53
1146235,2459,0,183,175432,35.00,-6.26,-6.54
1146277,2577,0,187,175447,35.00,-6.27,-6.55
1146299,2421,0,181,175432,35.00,-6.25,-6.52
1146321,1989,0,170,175433,35.00,-6.26,-6.54
1146343,1506,0,160,175440,35.00,-6.22,-6.55
1146365,1201,0,151,175435,35.00,-6.24,-6.49
1146387,1205,0,151,175416,35.00,-6.25,-6.55
1146409,1423,0,159,175435,35.00,-6.25,-6.56
1146431,1769,0,169,175433,35.00,-6.26,-6.53
1146453,2175,0,171,175435,35.00,-6.24,-6.52
1146475,2487,0,189,175431,35.00,-6.26,-6.53
1146518,2577,0,188,175418,35.00,-6.23,-6.55
1146540,2191,0,179,175430,35.00,-6.25,-6.51
1146562,1688,0,168,175440,35.00,-6.25,-6.53
1146584,1309,0,154,175431,35.00,-6.25,-6.54
1146606,1179,0,151,175424,35.00,-6.26,-6.53
1146628,1331,0,153,175418,35.00,-6.28,-6.56
1146650,1635,0,162,175424,35.00,-6.28,-6.57
1146672,2011,0,173,175429,35.00,-6.25,-6.50
1146694,2379,0,179,175425,35.00,-6.28,-6.53
1146716,2583,0,187,175441,35.00,-6.26,-6.54
1146758,2503,0,187,175449,35.00,-6.26,-6.49
1146780,2167,0,181,175427,35.00,-6.28,-6.52
1146802,1673,0,163,175423,35.00,-6.26,-6.52
1146824,1307,0,154,175434,35.00,-6.26,-6.52
1146846,1181,0,155,175438,35.00,-6.24,-6.53
1146868,1331,0,156,175419,35.00,-6.25,-6.51
1146890,1671,0,165,175433,35.00,-6.28,-6.52
1146912,2055,0,171,175428,35.00,-6.23,-6.55
1146934,2408,0,183,175436,35.00,-6.22,-6.54
1146956,2595,0,187,175435,35.00,-6.25,-6.50
1146999,2505,0,185,175417,35.00,-6.22,-6.50
1147021,1869,0,171,175431,35.00,-6.27,-6.51
1147043,1405,0,157,175444,35.00,-6.25,-6.57
1147065,1193,0,154,175438,35.00,-6.26,-6.51
1147087,1236,0,155,175438,35.00,-6.24,-6.52
1147109,1512,0,158,175430,35.00,-6.24,-6.53
1147131,1901,0,170,175442,35.00,-6.25,-6.50
1147153,2263,0,179,175430,35.00,-6.29,-6.57
1147175,2558,0,187,175428,35.00,-6.26,-6.55
1147197,2565,0,187,175439,35.00,-6.23,-6.56
1147239,2293,0,185,175444,35.00,-6.25,-6.55
1147261,1815,0,168,175426,35.00,-6.25,-6.53
1147283,1385,0,157,175434,35.00,-6.26,-6.51
1147305,1181,0,149,175431,35.00,-6.24,-6.54
1147327,1247,0,151,175421,35.00,-6.28,-6.53
1147349,1551,0,159,175410,35.00,-6.23,-6.54
1147371,1944,0,173,175433,35.00,-6.23,-6.54
1147393,2308,0,182,175429,35.00,-6.21,-6.54
1147415,2551,0,183,175426,35.00,-6.23,-6.53
1147437,2535,0,185,175426,35.00,-6.23,-6.52
1147459,2248,0,183,175445,35.00,-6.25,-6.53
1147500,1775,0,167,175420,35.00,-6.23,-6.56
1147522,1544,0,164,175431,35.00,-6.25,-6.50
1147544,1245,0,161,175437,35.00,-6.27,-6.53
1147566,1229,0,154,175425,35.00,-6.24,-6.50
1147588,1433,0,153,175423,35.00,-6.27,-6.51
1147610,1815,0,164,175415,35.00,-6.29,-6.55
1147632,2154,0,172,175422,35.00,-6.25,-6.52
1147654,2495,0,181,175422,35.00,-6.24,-6.54
1147676,2583,0,183,175414,35.00,-6.24,-6.53
1147698,2421,0,176,175413,35.00,-6.26,-6.51
1147740,1971,0,172,175428,35.00,-6.25,-6.53
1147762,1498,0,159,175419,35.00,-6.25,-6.54
1147784,1225,0,155,175422,35.00,-6.27,-6.54
1147806,1212,0,153,175419,35.00,-6.26,-6.54
1147828,1427,0,151,175417,35.00,-6.24,-6.56
1147850,1843,0,169,175415,35.00,-6.21,-6.54
1147872,2195,0,173,175419,35.00,-6.28,-6.52
1147894,2511,0,181,175419,35.00,-6.27,-6.53
1147916,2572,0,181,175430,35.00,-6.27,-6.50
1147938,2367,0,179,175416,35.00,-6.28,-6.54
1147960,1919,0,168,175425,35.00,-6.27,-6.55
1148554,1455,0,157,175403,34.80,-6.23,-6.55
1148584,2557,0,185,175401,35.00,-6.26,-6.54
1148606,1289,0,153,175413,35.00,-6.26,-6.51
1148628,1555,0,155,175413,35.00,-6.27,-6.51
1148650,1930,0,167,175413,35.00,-6.25,-6.51
1148672,2315,0,184,175400,35.00,-6.26,-6.51
1148694,2585,0,189,175422,35.00,-6.25,-6.54
1148716,2543,0,187,175415,35.00,-6.25,-6.57
1148738,2267,0,184,175415,35.00,-6.24,-6.54
1148760,1754,0,167,175421,35.00,-6.23,-6.56
1148803,1371,0,153,175415,35.00,-6.24,-6.52
1148825,1233,0,151,175420,35.00,-6.27,-6.53
1148847,1403,0,157,175420,35.00,-6.26,-6.51
1148869,1775,0,168,175413,35.00,-6.26,-6.49
1148891,2163,0,175,175417,35.00,-6.25,-6.53
1148913,2495,0,184,175418,35.00,-6.23,-6.48
1148935,2601,0,190,175420,35.00,-6.22,-6.52
1148957,2431,0,184,175428,35.00,-6.27,-6.56
1148979,1981,0,174,175419,35.00,-6.27,-6.52
1149571,1513,0,168,175416,34.70,-6.23,-6.49
1149604,2517,0,181,175404,35.00,-6.26,-6.53
1149626,1339,0,151,175414,35.00,-6.24,-6.54
1149648,1670,0,159,175418,35.00,-6.23,-6.53
1149670,2029,0,170,175409,35.00,-6.21,-6.52
1149692,2377,0,180,175417,35.00,-6.25,-6.54
1149714,2536,0,185,175409,35.00,-6.28,-6.52
1149736,2428,0,183,175425,35.00,-6.25,-6.55
1149758,2039,0,172,175424,35.00,-6.23,-6.54
1149780,1575,0,165,175417,35.00,-6.26,-6.50
1149802,1259,0,153,175415,35.00,-6.23,-6.50
1149824,1179,0,151,175426,35.00,-6.21,-6.52
1149865,1365,0,155,175409,35.00,-6.24,-6.51
1149887,1530,0,155,175411,35.00,-6.24,-6.50
1149909,1917,0,169,175416,35.00,-6.27,-6.50
1149931,2300,0,179,175414,35.00,-6.28,-6.51
1149953,2579,0,185,175413,35.00,-6.27,-6.53
1149975,2549,0,183,175396,35.00,-6.27,-6.55
1149997,2263,0,179,175421,35.00,-6.29,-6.52
1150588,1789,0,167,175412,35.05,-6.27,-6.48
1150627,2229,0,173,175422,35.00,-6.24,-6.51
1150649,2053,0,167,175426,35.00,-6.27,-6.54
1150671,2388,0,175,175431,35.00,-6.25,-6.54
1150693,2599,0,190,175417,35.00,-6.24,-6.53
1150715,2493,0,181,175413,35.00,-6.24,-6.52
1150737,2163,0,173,175413,35.00,-6.29,-6.52
1150759,1660,0,159,175415,35.00,-6.28,-6.49
1150781,1307,0,153,175420,35.00,-6.27,-6.55
1150803,1203,0,149,175417,35.00,-6.27,-6.55
1150825,1351,0,151,175418,35.00,-6.26,-6.52
1150867,1707,0,156,175429,35.00,-6.22,-6.54
1150889,2087,0,170,175416,35.00,-6.24,-6.50
1150911,2424,0,183,175416,35.00,-6.25,-6.54
1150933,2599,0,187,175408,35.00,-6.27,-6.55
1150955,2492,0,185,175414,35.00,-6.26,-6.55
1150977,2102,0,171,175406,35.00,-6.27,-6.50
1150999,1617,0,158,175418,35.00,-6.27,-6.51
1151021,1285,0,150,175409,35.00,-6.26,-6.53
1151043,1199,0,146,175421,35.00,-6.23,-6.53
1151065,1357,0,150,175409,35.00,-6.27,-6.55
1151108,1705,0,159,175398,35.00,-6.27,-6.49
1151130,2281,0,181,175418,35.00,-6.26,-6.54
1151152,2555,0,183,175416,35.00,-6.27,-6.52
1151174,2542,0,185,175422,35.00,-6.24,-6.54
1151196,2281,0,179,175416,35.00,-6.28,-6.55
1151218,1804,0,165,175422,35.00,-6.25,-6.53
1151240,1385,0,155,175418,35.00,-6.27,-6.55
1151262,1177,0,147,175425,35.00,-6.26,-6.51
1151284,1257,0,150,175413,35.00,-6.27,-6.50
1151306,1525,0,155,175416,35.00,-6.23,-6.55
1151348,1913,0,165,175429,35.00,-6.27,-6.53
1151370,2293,0,172,175413,35.00,-6.25,-6.51
1151392,2525,0,183,175413,35.00,-6.28,-6.52
1151414,2526,0,189,175414,35.00,-6.25,-6.51
1151436,2250,0,173,175410,35.00,-6.27,-6.57
1151458,1756,0,165,175405,35.00,-6.30,-6.54
1151480,1327,0,150,175415,35.00,-6.25,-6.49
1151502,1179,0,155,175412,35.00,-6.22,-6.54
1151524,1261,0,149,175413,35.00,-6.24,-6.52
1151546,1561,0,158,175411,35.00,-6.23,-6.54
1151589,1972,0,171,175404,35.00,-6.24,-6.56
1151611,2483,0,181,175418,35.00,-6.26,-6.52
1151633,2549,0,184,175421,35.00,-6.23,-6.55
1151655,2395,0,181,175411,35.00,-6.23,-6.51
1151677,1957,0,171,175411,35.00,-6.29,-6.51
1151699,1485,0,157,175397,35.00,-6.26,-6.56
1151721,1213,0,149,175416,35.00,-6.28,-6.54
1151743,1223,0,149,175416,35.00,-6.24,-6.51
1151765,1433,0,154,175411,35.00,-6.24,-6.56
1151787,1823,0,165,175408,35.00,-6.22,-6.51
1151829,2205,0,169,175425,35.00,-6.24,-6.50
1151851,2541,0,183,175401,35.00,-6.25,-6.56
1151873,2579,0,183,175413,35.00,-6.25,-6.50
1151895,2405,0,179,175410,35.00,-6.21,-6.51
1151917,1950,0,171,175409,35.00,-6.28,-6.55
1151939,1470,0,155,175397,35.00,-6.25,-6.51
1151961,1212,0,149,175411,35.00,-6.25,-6.52
1151983,1237,0,146,175414,35.00,-6.24,-6.51
1152367,1452,0,155,175408,35.53,-6.27,-6.56
1152395,2265,0,179,175415,35.00,-6.24,-6.49
1152417,1863,0,166,175399,35.00,-6.27,-6.55
1152439,1406,0,155,175415,35.00,-6.27,-6.54
1152461,1191,0,149,175424,35.00,-6.28,-6.51
1152483,1261,0,149,175425,35.00,-6.27,-6.49
1152505,1545,0,150,175421,35.00,-6.24,-6.55
1152527,1925,0,158,175414,35.00,-6.28,-6.53
1152549,2299,0,170,175426,35.00,-6.22,-6.53
1152591,2569,0,180,175397,35.00,-6.26,-6.52
1152613,2587,0,181,175415,35.00,-6.25,-6.55
1152635,2281,0,174,175416,35.00,-6.24,-6.56
1152657,1815,0,163,175410,35.00,-6.27,-6.53
1152679,1379,0,153,175416,35.00,-6.25,-6.55
1152701,1197,0,153,175409,35.00,-6.24,-6.53
1152723,1277,0,152,175413,35.00,-6.28,-6.51
1152745,1533,0,157,175405,35.00,-6.25,-6.56
1152767,1946,0,168,175416,35.00,-6.27,-6.52
1152789,2311,0,181,175415,35.00,-6.26,-6.53
1152831,2579,0,187,175428,35.00,-6.28,-6.52
1152853,2547,0,187,175428,35.00,-6.23,-6.56
1152875,2239,0,179,175415,35.00,-6.26,-6.55
1152897,1775,0,163,175414,35.00,-6.24,-6.53
1152919,1357,0,150,175410,35.00,-6.22,-6.53
1152941,1175,0,147,175415,35.00,-6.26,-6.54
1152963,1271,0,147,175423,35.00,-6.28,-6.55
1152985,1592,0,157,175416,35.00,-6.28,-6.52
1153384,1973,0,167,175419,34.90,-6.27,-6.56
1153413,1871,0,169,175412,35.00,-6.26,-6.52
1153435,2181,0,173,175401,35.00,-6.27,-6.52
1153457,1677,0,157,175409,35.00,-6.25,-6.56
1153479,1305,0,151,175417,35.00,-6.23,-6.53
1153501,1187,0,153,175406,35.00,-6.24,-6.53
1153523,1349,0,155,175410,35.00,-6.26,-6.52
1153545,1677,0,155,175412,35.00,-6.23,-6.50
1153567,2084,0,181,175418,35.00,-6.27,-6.51
1153589,2414,0,176,175412,35.00,-6.27,-6.54
1153611,2598,0,181,175407,35.00,-6.25,-6.51
1153653,2501,0,179,175422,35.00,-6.23,-6.54
1153675,2147,0,171,175403,35.00,-6.27,-6.50
1153697,1611,0,155,175415,35.00,-6.22,-6.53
1153719,1287,0,149,175413,35.00,-6.25,-6.53
1153741,1190,0,153,175406,35.00,-6.20,-6.51
1153763,1343,0,153,175406,35.00,-6.20,-6.53
1153785,1691,0,160,175410,35.00,-6.26,-6.54
1153807,2092,0,169,175416,35.00,-6.24,-6.53
1153829,2431,0,174,175414,35.00,-6.24,-6.51
1153851,2590,0,185,175407,35.00,-6.23,-6.51
1153894,2469,0,181,175409,35.00,-6.24,-6.53
1153916,1830,0,166,175407,35.00,-6.26,-6.53
1153938,1391,0,152,175417,35.00,-6.26,-6.50
1153960,1181,0,147,175412,35.00,-6.25,-6.56
1153982,1258,0,157,175411,35.00,-6.23,-6.53
1154400,1531,0,151,175420,35.33,-6.24,-6.51
1154435,1285,0,148,175385,35.00,-6.21,-6.54
1154457,1557,0,159,175408,35.00,-6.25,-6.52
1154479,1245,0,147,175429,35.00,-6.24,-6.54
1154501,1213,0,149,175405,35.00,-6.27,-6.55
1154523,1423,0,151,175419,35.00,-6.25,-6.50
1154545,1821,0,159,175414,35.00,-6.24,-6.52
1154567,2187,0,171,175410,35.00,-6.24,-6.54
1154589,2519,0,180,175408,35.00,-6.21,-6.52
1154611,2605,0,183,175398,35.00,-6.24,-6.51
1154633,2395,0,179,175411,35.00,-6.27,-6.51
1154675,1951,0,168,175412,35.00,-6.26,-6.54
1154697,1507,0,157,175404,35.00,-6.26,-6.53
1154719,1234,0,151,175405,35.00,-6.26,-6.51
1154741,1235,0,151,175412,35.00,-6.27,-6.55
1154763,1459,0,156,175405,35.00,-6.21,-6.54
1154785,1831,0,169,175408,35.00,-6.27,-6.53
1154807,2195,0,171,175407,35.00,-6.24,-6.55
1154829,2537,0,183,175411,35.00,-6.26,-6.51
1154851,2584,0,182,175409,35.00,-6.25,-6.51
1154873,2387,0,179,175408,35.00,-6.22,-6.54
1154895,1915,0,167,175416,35.00,-6.26,-6.52
1154936,1452,0,156,175386,35.00,-6.21,-6.50
1154958,1309,0,152,175408,35.00,-6.28,-6.51
1154980,1201,0,147,175406,35.00,-6.25,-6.54
1155417,1318,0,153,175411,35.10,-6.23,-6.52
1155457,1186,0,149,175398,35.00,-6.25,-6.52
1155479,1192,0,149,175398,35.00,-6.24,-6.52
1155501,1256,0,147,175406,35.00,-6.23,-6.55
1155523,1559,0,153,175406,35.00,-6.27,-6.56
1155545,1945,0,165,175408,35.00,-6.28,-6.52
1155567,2293,0,178,175401,35.00,-6.25,-6.55
1155589,2559,0,185,175398,35.00,-6.26,-6.52
1155611,2569,0,181,175400,35.00,-6.23,-6.55
1155633,2267,0,179,175404,35.00,-6.26,-6.53
1155655,1779,0,164,175402,35.00,-6.25,-6.55
1155697,1369,0,157,175402,35.00,-6.24,-6.52
1155719,1197,0,151,175405,35.00,-6.25,-6.52
1155741,1277,0,152,175415,35.00,-6.24,-6.52
1155763,1561,0,155,175413,35.00,-6.26,-6.51
1155785,1961,0,168,175414,35.00,-6.25,-6.55
1155807,2322,0,181,175406,35.00,-6.21,-6.53
1155829,2583,0,185,175410,35.00,-6.26,-6.53
1155851,2567,0,185,175388,35.00,-6.23,-6.52
1155873,2259,0,175,175402,35.00,-6.22,-6.57
1155895,1755,0,165,175392,35.00,-6.23,-6.58
1155917,1339,0,154,175403,35.00,-6.24,-6.56
1155958,1189,0,157,175409,35.00,-6.23,-6.50
1155980,1239,0,149,175402,35.00,-6.26,-6.51
1156688,1420,0,151,175392,35.06,-6.22,-6.55
1156720,2607,0,185,175386,35.00,-6.23,-6.51
1156742,1513,0,152,175395,35.00,-6.24,-6.50
1156764,1895,0,165,175407,35.00,-6.25,-6.50
1156786,2263,0,175,175388,35.00,-6.25,-6.55
1156808,2547,0,182,175394,35.00,-6.26,-6.52
1156830,2583,0,185,175393,35.00,-6.26,-6.57
1156852,2325,0,179,175390,35.00,-6.26,-6.52
1156874,1848,0,165,175390,35.00,-6.26,-6.56
1156896,1405,0,153,175384,35.00,-6.27,-6.50
1156918,1205,0,149,175392,35.00,-6.22,-6.54
1156960,1241,0,151,175407,35.00,-6.26,-6.53
1156982,1527,0,163,175385,35.00,-6.28,-6.52
1157705,1896,0,164,175391,35.03,-6.25,-6.53
1157742,2536,0,183,175398,35.00,-6.26,-6.50
1157764,2026,0,167,175406,35.00,-6.26,-6.53
1157786,2367,0,179,175390,35.00,-6.26,-6.53
1157808,2605,0,185,175400,35.00,-6.24,-6.55
1157830,2503,0,184,175402,35.00,-6.27,-6.51
1157852,2203,0,175,175394,35.00,-6.25,-6.53
1157874,1699,0,165,175393,35.00,-6.27,-6.51
1157896,1311,0,151,175401,35.00,-6.29,-6.51
1157918,1173,0,151,175404,35.00,-6.27,-6.53
1157940,1319,0,153,175407,35.00,-6.23,-6.54
1157983,1643,0,157,175395,35.00,-6.24,-6.52
1158721,2221,0,167,175396,35.04,-6.22,-6.53
1158746,1945,0,173,175400,35.00,-6.26,-6.54
1158768,2606,0,183,175400,35.00,-6.27,-6.52
1158790,2451,0,183,175396,35.00,-6.25,-6.48
1158812,2057,0,171,175395,35.00,-6.27,-6.52
1158834,1567,0,159,175392,35.00,-6.25,-6.50
1158856,1260,0,151,175397,35.00,-6.24,-6.51
1158878,1194,0,153,175394,35.00,-6.25,-6.60
1158900,1389,0,159,175405,35.00,-6.28,-6.52
1158922,1737,0,163,175399,35.00,-6.27,-6.54
1158944,2131,0,177,175407,35.00,-6.26,-6.52
1158985,2467,0,181,175381,35.00,-6.25,-6.51
1159738,2577,0,181,175392,34.99,-6.26,-6.52
1159767,1471,0,152,175387,35.00,-6.26,-6.52
1159789,2547,0,179,175391,35.00,-6.24,-6.52
1159811,2175,0,175,175392,35.00,-6.23,-6.52
1159833,1693,0,166,175387,35.00,-6.27,-6.53
1159855,1327,0,149,175391,35.00,-6.26,-6.53
1159877,1210,0,143,175387,35.00,-6.23,-6.52
1159899,1339,0,155,175392,35.00,-6.28,-6.56
1159921,1676,0,157,175402,35.00,-6.24,-6.55
1159943,2055,0,168,175390,35.00,-6.27,-6.54
1159965,2409,0,174,175389,35.00,-6.29,-6.52
1160507,2607,0,179,175400,35.33,-6.22,-6.53
1160548,2472,0,185,175380,35.00,-6.26,-6.52
1160570,2329,0,179,175381,35.00,-6.27,-6.53
1160592,1819,0,163,175380,35.00,-6.28,-6.54
1160614,1397,0,155,175387,35.00,-6.26,-6.52
1160636,1197,0,147,175381,35.00,-6.24,-6.49
1160658,1259,0,151,175386,35.00,-6.30,-6.52
1160680,1525,0,155,175379,35.00,-6.26,-6.52
1160702,1937,0,166,175395,35.00,-6.25,-6.59
1160724,2297,0,175,175372,35.00,-6.26,-6.50
1160746,2575,0,186,175386,35.00,-6.29,-6.54
1160768,2571,0,183,175388,35.00,-6.30,-6.50
1160809,2275,0,173,175378,35.00,-6.23,-6.57
1160831,2059,0,169,175393,35.00,-6.26,-6.51
1160853,1560,0,155,175382,35.00,-6.24,-6.52
1160875,1255,0,146,175387,35.00,-6.24,-6.54
1160897,1193,0,148,175385,35.00,-6.24,-6.52
1160919,1407,0,153,175385,35.00,-6.25,-6.54
1160941,1751,0,163,175386,35.00,-6.27,-6.53
1160963,2135,0,171,175389,35.00,-6.24,-6.52
1160985,2487,0,184,175393,35.00,-6.30,-6.54
1161517,2615,0,183,175389,34.76,-6.22,-6.53
1161551,1448,0,155,175390,35.00,-6.24,-6.52
1161573,1503,0,153,175395,35.00,-6.25,-6.54
1161595,1239,0,149,175399,35.00,-6.26,-6.50
1161617,1240,0,147,175388,35.00,-6.24,-6.55
1161639,1449,0,151,175381,35.00,-6.23,-6.53
1161661,1819,0,165,175398,35.00,-6.23,-6.51
1161683,2199,0,171,175389,35.00,-6.25,-6.51
1161705,2501,0,183,175402,35.00,-6.26,-6.53
1161727,2588,0,181,175389,35.00,-6.25,-6.52
1161749,2372,0,183,175396,35.00,-6.24,-6.48
1161791,1944,0,168,175400,35.00,-6.25,-6.52
1161813,1479,0,152,175384,35.00,-6.24,-6.51
1161835,1195,0,146,175382,35.00,-6.27,-6.52
1161857,1223,0,147,175394,35.00,-6.26,-6.56
1161879,1445,0,155,175384,35.00,-6.21,-6.55
1161901,1850,0,170,175383,35.00,-6.27,-6.51
1161923,2197,0,171,175386,35.00,-6.27,-6.50
1161945,2513,0,181,175392,35.00,-6.23,-6.50
1161967,2573,0,181,175390,35.00,-6.27,-6.54
1161989,2363,0,175,175396,35.00,-6.25,-6.56
1162032,1911,0,165,175374,35.00,-6.27,-6.54
1162054,1307,0,152,175390,35.00,-6.23,-6.54
1162076,1191,0,144,175399,35.00,-6.24,-6.54
1162098,1323,0,151,175387,35.00,-6.22,-6.53
1162120,1653,0,157,175384,35.00,-6.23,-6.57
1162142,2027,0,170,175379,35.00,-6.24,-6.53
1162164,2396,0,181,175380,35.00,-6.24,-6.53
1162186,2589,0,187,175385,35.00,-6.25,-6.51
1162208,2489,0,181,175382,35.00,-6.25,-6.55
1162230,2136,0,173,175379,35.00,-6.24,-6.52
1162272,1639,0,156,175393,35.00,-6.23,-6.52
1162294,1303,0,151,175389,35.00,-6.27,-6.54
1162316,1192,0,151,175386,35.00,-6.27,-6.54
1162338,1349,0,154,175387,35.00,-6.24,-6.54
1162360,1655,0,157,175388,35.00,-6.22,-6.53
1162382,2055,0,169,175369,35.00,-6.27,-6.53
1162404,2393,0,181,175381,35.00,-6.25,-6.52
1162426,2570,0,191,175386,35.00,-6.26,-6.53
1162448,2469,0,181,175379,35.00,-6.27,-6.53
1162470,2104,0,155,175376,35.00,-6.30,-6.53
1162492,1618,0,155,175386,35.00,-6.25,-6.55
1162533,1245,0,148,175369,35.00,-6.27,-6.53
1162555,1193,0,148,175392,35.00,-6.22,-6.55
1162577,1245,0,155,175404,35.00,-6.25,-6.53
1162599,1499,0,153,175393,35.00,-6.26,-6.52
1162621,1895,0,167,175393,35.00,-6.23,-6.53
1162643,2262,0,173,175390,35.00,-6.25,-6.54
1162665,2549,0,180,175397,35.00,-6.22,-6.49
1162687,2567,0,179,175398,35.00,-6.25,-6.51
1162709,2317,0,183,175394,35.00,-6.24,-6.49
1162731,1834,0,168,175387,35.00,-6.24,-6.52
1162773,1405,0,152,175393,35.00,-6.24,-6.52
1162795,1199,0,151,175398,35.00,-6.29,-6.55
1162817,1257,0,153,175391,35.00,-6.22,-6.50
1162839,1501,0,157,175392,35.00,-6.27,-6.50
1162861,1915,0,178,175401,35.00,-6.22,-6.55
1162883,2270,0,173,175391,35.00,-6.24,-6.51
1162905,2555,0,181,175395,35.00,-6.22,-6.54
1162927,2569,0,181,175387,35.00,-6.28,-6.51
1162949,2309,0,179,175390,35.00,-6.27,-6.54
1162971,1833,0,167,175389,35.00,-6.25,-6.50
1162993,1385,0,153,175400,35.00,-6.25,-6.54
1163034,1189,0,147,175384,35.00,-6.24,-6.55
1163056,1221,0,147,175398,35.00,-6.24,-6.53
1163078,1373,0,149,175387,35.00,-6.26,-6.56
1163100,1737,0,159,175397,35.00,-6.24,-6.53
1163122,2099,0,174,175395,35.00,-6.24,-6.54
1163144,2471,0,181,175393,35.00,-6.25,-6.54
1163166,2611,0,184,175400,35.00,-6.24,-6.55
1163188,2468,0,183,175393,35.00,-6.23,-6.52
1163210,2035,0,169,175389,35.00,-6.27,-6.54
1163232,1553,0,157,175391,35.00,-6.26,-6.58
1163274,1226,0,149,175396,35.00,-6.26,-6.52
1163296,1197,0,151,175391,35.00,-6.26,-6.53
1163318,1379,0,151,175396,35.00,-6.25,-6.55
1163340,1748,0,159,175392,35.00,-6.23,-6.53
1163362,2121,0,167,175389,35.00,-6.27,-6.48
1163384,2451,0,179,175391,35.00,-6.31,-6.53
1163406,2587,0,181,175388,35.00,-6.25,-6.53
1163428,2439,0,175,175380,35.00,-6.24,-6.51
1163450,2027,0,172,175381,35.00,-6.28,-6.55
1163472,1530,0,157,175382,35.00,-6.26,-6.50
1163494,1247,0,147,175400,35.00,-6.24,-6.55
1163535,1229,0,147,175387,35.00,-6.25,-6.52
1163557,1295,0,149,175384,35.00,-6.29,-6.51
1163579,1574,0,158,175390,35.00,-6.23,-6.54
1163601,1967,0,167,175395,35.00,-6.25,-6.54
1163623,2362,0,175,175391,35.00,-6.27,-6.55
1163645,2597,0,181,175382,35.00,-6.27,-6.52
1163667,2536,0,177,175394,35.00,-6.27,-6.52
1163689,2251,0,171,175397,35.00,-6.27,-6.51
1163711,1771,0,157,175384,35.00,-6.25,-6.54
1163733,1343,0,151,175389,35.00,-6.23,-6.50
1163775,1183,0,141,175393,35.00,-6.23,-6.47
1163797,1275,0,147,175384,35.00,-6.20,-6.50
1163819,1577,0,154,175383,35.00,-6.27,-6.52
1163841,1957,0,168,175383,35.00,-6.24,-6.51
1163863,2323,0,175,175384,35.00,-6.27,-6.52
1163885,2553,0,185,175397,35.00,-6.25,-6.51
1163907,2508,0,181,175388,35.00,-6.27,-6.52
1163929,2193,0,173,175387,35.00,-6.24,-6.50
1163951,1707,0,157,175387,35.00,-6.24,-6.51
1163973,1311,0,151,175388,35.00,-6.26,-6.54
1163995,1181,0,143,175390,35.00,-6.25,-6.56
1164036,1293,0,149,175390,35.00,-6.23,-6.52
1164058,1447,0,153,175385,35.00,-6.25,-6.54
1164080,1811,0,159,175386,35.00,-6.27,-6.53
1164102,2187,0,173,175390,35.00,-6.27,-6.51
1164124,2517,0,183,175386,35.00,-6.27,-6.57
1164146,2581,0,185,175381,35.00,-6.27,-6.51
1164168,2401,0,180,175387,35.00,-6.26,-6.51
1164190,1961,0,173,175386,35.00,-6.23,-6.53
1164212,1491,0,155,175383,35.00,-6.24,-6.50
1164234,1235,0,148,175388,35.00,-6.25,-6.51
1164277,1251,0,149,175382,35.00,-6.22,-6.55
1164299,1645,0,159,175391,35.00,-6.23,-6.54
1164321,2028,0,169,175393,35.00,-6.24,-6.51
1164343,2373,0,181,175395,35.00,-6.24,-6.50
1164365,2555,0,181,175393,35.00,-6.26,-6.50
1164387,2505,0,181,175390,35.00,-6.23,-6.56
1164409,2143,0,175,175390,35.00,-6.26,-6.51
1164431,1659,0,165,175395,35.00,-6.28,-6.51
1164453,1289,0,151,175386,35.00,-6.24,-6.50
1164475,1167,0,149,175383,35.00,-6.27,-6.50
1164517,1301,0,159,175402,35.00,-6.23,-6.51
1164539,1637,0,163,175395,35.00,-6.27,-6.54
1164561,2021,0,173,175390,35.00,-6.24,-6.55
1164583,2373,0,183,175393,35.00,-6.23,-6.52
1164605,2588,0,183,175395,35.00,-6.26,-6.54
1164627,2513,0,183,175368,35.00,-6.27,-6.53
1164649,2151,0,175,175394,35.00,-6.27,-6.52
1164671,1661,0,159,175389,35.00,-6.27,-6.54
1164693,1307,0,153,175395,35.00,-6.26,-6.54
1164715,1175,0,148,175402,35.00,-6.27,-6.54
1164758,1324,0,155,175377,35.00,-6.24,-6.54
1164780,1874,0,169,175395,35.00,-6.24,-6.48
1164802,2232,0,171,175406,35.00,-6.25,-6.48
1164824,2535,0,183,175398,35.00,-6.24,-6.49
1164846,2571,0,185,175395,35.00,-6.25,-6.56
1164868,2333,0,179,175389,35.00,-6.23,-6.54
1164890,1887,0,170,175389,35.00,-6.28,-6.51
1164912,1407,0,155,175399,35.00,-6.25,-6.51
1164934,1197,0,149,175399,35.00,-6.25,-6.55
1164956,1240,0,148,175395,35.00,-6.27,-6.52
1164998,1493,0,155,175397,35.00,-6.29,-6.54
1165020,1900,0,167,175398,35.00,-6.25,-6.54
1165042,2248,0,174,175399,35.00,-6.25,-6.52
1165064,2542,0,184,175398,35.00,-6.23,-6.50
1165086,2567,0,181,175394,35.00,-6.23,-6.55
1165108,2311,0,181,175378,35.00,-6.21,-6.53
1165130,1854,0,167,175383,35.00,-6.26,-6.52
1165152,1432,0,152,175402,35.00,-6.25,-6.54
1165174,1195,0,143,175398,35.00,-6.24,-6.53
1165196,1259,0,151,175388,35.00,-6.27,-6.58
1165239,1512,0,151,175370,35.00,-6.28,-6.56
1165261,2102,0,168,175392,35.00,-6.27,-6.50
1165283,2415,0,175,175389,35.00,-6.31,-6.51
1165305,2588,0,181,175389,35.00,-6.25,-6.54
1165327,2457,0,181,175389,35.00,-6.24,-6.53
1165349,2087,0,171,175391,35.00,-6.27,-6.50
1165371,1583,0,153,175392,35.00,-6.24,-6.52
1165393,1259,0,147,175393,35.00,-6.25,-6.54
1165415,1188,0,152,175385,35.00,-6.25,-6.55
1165437,1371,0,149,175392,35.00,-6.24,-6.51
1165479,1715,0,165,175398,35.00,-6.25,-6.56
1165501,2119,0,169,175386,35.00,-6.27,-6.49
1165523,2443,0,179,175382,35.00,-6.28,-6.54
1165545,2603,0,180,175388,35.00,-6.27,-6.58
1165567,2475,0,181,175392,35.00,-6.24,-6.57
1165589,2067,0,166,175368,35.00,-6.25,-6.54
1165611,1592,0,154,175384,35.00,-6.29,-6.51
1165633,1269,0,142,175392,35.00,-6.29,-6.56
1165655,1196,0,149,175387,35.00,-6.26,-6.54
1165677,1351,0,150,175389,35.00,-6.22,-6.54
1165720,1712,0,158,175375,35.00,-6.24,-6.57
1165742,2299,0,173,175386,35.00,-6.27,-6.51
1165764,2557,0,187,175390,35.00,-6.25,-6.56
1165786,2547,0,186,175389,35.00,-6.20,-6.54
1165808,2259,0,175,175390,35.00,-6.26,-6.51
1165830,1780,0,163,175376,35.00,-6.24,-6.55
1165852,1371,0,155,175380,35.00,-6.29,-6.55
1165874,1164,0,148,175381,35.00,-6.27,-6.54
1165896,1255,0,150,175390,35.00,-6.25,-6.55
1165918,1542,0,165,175390,35.00,-6.29,-6.52
1165960,1939,0,165,175401,35.00,-6.27,-6.55
1165982,2311,0,172,175386,35.00,-6.23,-6.53
1166346,2568,0,183,175384,35.04,-6.24,-6.50
1166381,2247,0,174,175384,35.00,-6.26,-6.55
1166403,2514,0,179,175380,35.00,-6.20,-6.51
1166425,2621,0,180,175379,35.00,-6.26,-6.55
1166447,2451,0,179,175382,35.00,-6.26,-6.52
1166469,1997,0,166,175377,35.00,-6.25,-6.53
1166491,1529,0,155,175371,35.00,-6.22,-6.56
1166513,1247,0,147,175378,35.00,-6.27,-6.52
1166535,1212,0,149,175379,35.00,-6.27,-6.53
1166557,1413,0,149,175379,35.00,-6.27,-6.52
1166579,1790,0,158,175386,35.00,-6.28,-6.54
1166622,2163,0,179,175377,35.00,-6.23,-6.54
1166644,2587,0,190,175384,35.00,-6.26,-6.54
1166666,2521,0,182,175395,35.00,-6.26,-6.52
1166688,2207,0,176,175387,35.00,-6.24,-6.52
1166710,1705,0,158,175385,35.00,-6.27,-6.54
1166732,1320,0,152,175376,35.00,-6.22,-6.53
1166754,1191,0,147,175384,35.00,-6.25,-6.54
1166776,1304,0,149,175393,35.00,-6.25,-6.52
1166798,1615,0,155,175386,35.00,-6.25,-6.52
1166820,1996,0,160,175383,35.00,-6.24,-6.52
1166862,2351,0,173,175386,35.00,-6.28,-6.52
1166884,2596,0,183,175391,35.00,-6.23,-6.56
1166906,2503,0,183,175387,35.00,-6.22,-6.54
1166928,2170,0,174,175382,35.00,-6.26,-6.51
1166950,1682,0,165,175385,35.00,-6.23,-6.51
1166972,1302,0,151,175364,35.00,-6.28,-6.53
1166994,1173,0,147,175380,35.00,-6.27,-6.53
1167362,1311,0,149,175386,35.30,-6.26,-6.54
1167403,2605,0,184,175368,35.00,-6.25,-6.54
1167425,2570,0,179,175377,35.00,-6.25,-6.53
1167447,2350,0,185,175373,35.00,-6.28,-6.58
1167469,1927,0,167,175377,35.00,-6.26,-6.54
1167491,1443,0,155,175381,35.00,-6.26,-6.54
1167513,1210,0,153,175371,35.00,-6.26,-6.51
1167535,1257,0,149,175384,35.00,-6.26,-6.55
1167557,1489,0,152,175373,35.00,-6.25,-6.52
1167579,1885,0,168,175379,35.00,-6.24,-6.53
1167601,2239,0,169,175375,35.00,-6.31,-6.55
1167623,2547,0,185,175392,35.00,-6.27,-6.53
1167664,2577,0,183,175359,35.00,-6.24,-6.52
1167686,2489,0,181,175369,35.00,-6.25,-6.52
1167708,2095,0,171,175389,35.00,-6.24,-6.51
1167730,1607,0,155,175376,35.00,-6.25,-6.51
1167752,1262,0,149,175378,35.00,-6.26,-6.55
1167774,1181,0,147,175374,35.00,-6.25,-6.55
1167796,1334,0,149,175378,35.00,-6.27,-6.52
1167818,1695,0,158,175373,35.00,-6.25,-6.55
1167840,2077,0,170,175382,35.00,-6.25,-6.55
1167862,2421,0,175,175384,35.00,-6.27,-6.52
1167904,2567,0,185,175388,35.00,-6.20,-6.57
1167926,2475,0,184,175379,35.00,-6.24,-6.54
1167948,2093,0,171,175382,35.00,-6.27,-6.52
1167970,1612,0,159,175369,35.00,-6.22,-6.53
1167992,1263,0,158,175374,35.00,-6.23,-6.50
1168379,1194,0,153,175384,35.14,-6.23,-6.52
1168407,2314,0,173,175366,35.00,-6.29,-6.50
1168429,1799,0,163,175364,35.00,-6.28,-6.54
1168451,1378,0,155,175373,35.00,-6.24,-6.56
1168473,1177,0,151,175364,35.00,-6.25,-6.54
1168495,1289,0,151,175381,35.00,-6.27,-6.51
1168517,1579,0,154,175354,35.00,-6.25,-6.55
1168539,1945,0,169,175356,35.00,-6.24,-6.51
1168561,2314,0,172,175362,35.00,-6.23,-6.55
1168583,2567,0,185,175366,35.00,-6.24,-6.55
1168605,2533,0,187,175378,35.00,-6.25,-6.53
1168646,2253,0,178,175373,35.00,-6.29,-6.48
1168668,2025,0,170,175375,35.00,-6.28,-6.56
1168690,1525,0,165,175370,35.00,-6.24,-6.52
1168712,1229,0,149,175375,35.00,-6.25,-6.55
1168734,1199,0,151,175380,35.00,-6.27,-6.52
1168756,1381,0,151,175360,35.00,-6.27,-6.55
1168778,1781,0,165,175381,35.00,-6.24,-6.51
1168800,2165,0,169,175384,35.00,-6.24,-6.52
1168822,2485,0,174,175378,35.00,-6.27,-6.50
1168844,2589,0,185,175371,35.00,-6.24,-6.52
1168887,2427,0,175,175368,35.00,-6.27,-6.54
1168909,1749,0,153,175377,35.00,-6.28,-6.52
1168931,1335,0,153,175377,35.00,-6.21,-6.54
1168953,1182,0,147,175369,35.00,-6.22,-6.52
1168975,1289,0,151,175377,35.00,-6.25,-6.49
1168997,1611,0,156,175376,35.00,-6.23,-6.56
1169396,1979,0,168,175373,35.48,-6.25,-6.55
1169428,1901,0,157,175354,35.00,-6.23,-6.52
1169450,1499,0,151,175375,35.00,-6.28,-6.54
1169472,1194,0,142,175384,35.00,-6.27,-6.52
1169494,1179,0,141,175377,35.00,-6.24,-6.54
1169516,1000,0,143,175374,35.00,-6.26,-6.52
1169538,1845,0,159,175378,35.00,-6.26,-6.56
1169560,2259,0,168,175374,35.00,-6.22,-6.51
1169582,2511,0,180,175387,35.00,-6.27,-6.55
1169604,2587,0,179,175379,35.00,-6.25,-6.54
1169626,2411,0,180,175375,35.00,-6.27,-6.53
1169668,1933,0,162,175382,35.00,-6.24,-6.55
1169690,1453,0,153,175375,35.00,-6.26,-6.53
1169712,1176,0,146,175367,35.00,-6.26,-6.50
1169734,1212,0,151,175369,35.00,-6.26,-6.53
1169756,1467,0,149,175373,35.00,-6.24,-6.54
1169778,1823,0,164,175379,35.00,-6.26,-6.55
1169800,2185,0,166,175369,35.00,-6.22,-6.51
1169822,2503,0,179,175371,35.00,-6.21,-6.51
1169844,2520,0,179,175367,35.00,-6.26,-6.57
1169866,2253,0,173,175367,35.00,-6.26,-6.55
1169888,1863,0,159,175380,35.00,-6.26,-6.55
1169929,1489,0,154,175365,35.00,-6.24,-6.52
1169951,1309,0,147,175367,35.00,-6.26,-6.52
1169973,1191,0,141,175379,35.00,-6.25,-6.50
1169995,1305,0,149,175369,35.00,-6.24,-6.53
1170412,1625,0,159,175377,35.36,-6.26,-6.53
1170450,1203,0,149,175379,35.00,-6.24,-6.53
1170472,1075,0,143,175371,35.00,-6.24,-6.52
1170494,1011,0,151,175384,35.00,-6.27,-6.53
1170516,1619,0,159,175377,35.00,-6.25,-6.54
1170538,1927,0,166,175380,35.00,-6.26,-6.51
1170560,2309,0,175,175369,35.00,-6.22,-6.53
1170582,2687,0,185,175377,35.00,-6.23,-6.57
1170604,2607,0,186,175375,35.00,-6.25,-6.55
1170626,2309,0,173,175383,35.00,-6.22,-6.51
1170648,1787,0,164,175379,35.00,-6.23,-6.54
1170691,1305,0,157,175364,35.00,-6.26,-6.55
1170713,1101,0,150,175369,35.00,-6.28,-6.54
1170735,1275,0,152,175385,35.00,-6.26,-6.56
1170757,1443,0,158,175373,35.00,-6.25,-6.55
1170779,2509,0,186,175372,35.00,-6.31,-6.54
1170801,4095,0,203,175374,35.00,-6.27,-6.50
1170823,4095,0,202,175369,35.00,-6.26,-6.51
1170845,3285,0,181,175379,35.00,-6.32,-6.55
1170867,2495,0,165,175374,35.00,-6.27,-6.51
1170889,1853,0,153,175378,35.00,-6.23,-6.50
1170931,1916,0,151,175387,35.00,-6.26,-6.55
1170953,1081,0,127,175375,35.00,-6.31,-6.56
1170975,1039,0,141,175377,35.00,-6.26,-6.53
1170997,1447,0,154,175372,35.00,-6.23,-6.54
1171429,1735,0,165,175380,35.20,-6.26,-6.53
1171458,1560,0,155,175370,35.00,-6.25,-6.53
1171480,2474,0,173,175359,35.00,-6.24,-6.51
1171502,2543,0,181,175357,35.00,-6.25,-6.49
1171524,2503,0,173,175372,35.00,-6.26,-6.52
1171546,2158,0,177,175377,35.00,-6.22,-6.51
1171568,1807,0,163,175381,35.00,-6.27,-6.52
1171590,1997,0,169,175366,35.00,-6.28,-6.54
1171633,3053,0,175,175361,35.00,-6.26,-6.50
1171655,1928,0,150,175373,35.00,-6.26,-6.54
1171677,2007,0,156,175381,35.00,-6.22,-6.52
1171699,2119,0,167,175372,35.00,-6.29,-6.54
1171721,2103,0,179,175376,35.00,-6.24,-6.55
1171743,2040,0,180,175371,35.00,-6.26,-6.48
1171765,1782,0,175,175369,35.00,-6.24,-6.52
1171787,1385,0,167,175373,35.00,-6.29,-6.57
1171809,971,0,158,175369,35.00,-6.25,-6.49
1171831,652,0,165,175364,35.00,-6.24,-6.51
1171873,563,0,167,175373,35.00,-6.22,-6.51
1171895,381,0,189,175372,35.00,-6.23,-6.48
1171917,544,0,207,175372,35.00,-6.26,-6.53
1171939,889,0,219,175371,35.00,-6.24,-6.51
1171961,1861,0,236,175365,35.00,-6.22,-6.59
1171983,3143,0,239,175359,35.00,-6.27,-6.51
1172700,2985,0,203,175373,35.25,-6.24,-6.53
1172735,4095,0,142,175351,35.00,-6.30,-6.56
1172757,4095,0,140,175367,35.00,-6.31,-6.53
1172779,4095,0,143,175374,35.00,-6.19,-6.49
1172801,4095,0,151,175395,35.00,-6.27,-6.48
1172823,4095,0,33,175435,35.00,-6.31,-6.52
1172845,4095,0,83,175488,35.00,-6.23,-6.57
1172867,4095,0,13,175557,35.00,-6.35,-6.65
1172889,4095,0,0,175670,35.00,-6.00,-6.77
1172911,4095,0,0,175761,35.00,-6.22,-6.43
1172933,4095,0,0,175948,35.00,-5.58,-6.37
1172976,787,0,0,176594,35.00,-5.95,-6.33
1172998,0,0,0,176810,35.00,-6.23,-6.45
1173020,0,0,0,176879,35.00,-6.23,-6.64
1173042,0,0,0,176754,35.00,-6.25,-6.52
1173064,0,0,45,176552,35.00,-6.23,-6.49
1173086,0,0,317,176309,35.00,-6.22,-6.53
1173108,0,0,579,176073,35.00,-6.22,-6.51
1173130,0,0,853,175869,35.00,-6.20,-6.49
1173152,0,0,828,175714,35.00,-6.22,-6.55
1173174,0,0,495,175537,35.00,-6.19,-6.54
1173216,0,0,264,175256,35.00,-6.23,-6.56
1173238,0,0,91,175199,35.00,-6.19,-6.61
1173260,0,0,99,175161,35.00,-6.23,-6.63
1173282,0,0,135,175135,35.00,-6.21,-6.56
1173304,0,0,181,175104,35.00,-6.23,-6.56
1173326,0,0,216,175064,35.00,-6.22,-6.62
1173348,0,0,239,175043,35.00,-6.23,-6.56
1173370,0,0,260,175024,35.00,-6.19,-6.52
1173392,0,0,291,175010,35.00,-6.20,-6.54
1173414,0,0,316,175002,35.00,-6.23,-6.57
1173457,0,0,345,175014,35.00,-6.21,-6.47
1173479,0,0,423,175040,35.00,-6.22,-6.61
1173501,1579,0,527,175051,35.00,-6.23,-6.61
1173523,4095,0,521,175060,35.00,-6.16,-6.48
1173545,4095,0,454,175086,35.00,-6.26,-6.57
1173567,4095,0,413,175083,35.00,-6.20,-6.61
1173589,4095,0,551,175097,35.00,-6.19,-6.57
1173611,4095,0,589,175165,35.00,-6.22,-6.54
1173633,4095,0,355,175219,35.00,-6.19,-6.57
1173655,4095,0,11,175261,35.00,-6.22,-6.60
1173697,4095,0,11,175438,35.00,-6.22,-6.52
1173719,2219,0,7,175453,35.00,-6.21,-6.60
1173741,0,0,56,175479,35.00,-6.23,-6.59
1173763,0,0,173,175547,35.00,-6.20,-6.55
1173785,0,0,301,175615,35.00,-6.18,-6.57
1173807,0,0,326,175649,35.00,-6.25,-6.56
1173829,0,0,232,175688,35.00,-6.18,-6.60
1173851,0,0,141,175661,35.00,-6.19,-6.57
1173873,0,0,173,175646,35.00,-6.23,-6.58
1173895,0,0,253,175631,35.00,-6.20,-6.56
1173938,0,0,303,175615,35.00,-6.19,-6.55
1173960,268,0,232,175614,35.00,-6.21,-6.58
1173982,3755,0,251,175603,35.00,-6.20,-6.55
1174734,4095,0,215,175596,35.03,-6.19,-6.56
1174759,371,0,248,175532,35.00,-6.21,-6.50
1174781,925,0,281,175535,35.00,-6.22,-6.54
1174803,1400,0,291,175543,35.00,-6.18,-6.57
1174825,2440,0,291,175541,35.00,-6.23,-6.55
1174847,2373,0,247,175542,35.00,-6.21,-6.56
1174869,2701,0,219,175546,35.00,-6.25,-6.56
1174891,3517,0,223,175549,35.00,-6.23,-6.57
1174913,2637,0,217,175563,35.00,-6.24,-6.56
1174935,2683,0,211,175553,35.00,-6.20,-6.55
1174957,3721,0,231,175555,35.00,-6.28,-6.54
1174979,4095,0,219,175570,35.00,-6.24,-6.61
1175020,4095,0,202,175544,35.00,-6.20,-6.52
1175042,4095,0,189,175538,35.00,-6.22,-6.57
1175064,4095,0,191,175546,35.00,-6.23,-6.56
1175086,4095,0,181,175539,35.00,-6.23,-6.55
1175108,2411,0,141,175539,35.00,-6.22,-6.55
1175130,1134,0,133,175533,35.00,-6.23,-6.49
1175152,341,0,135,175542,35.00,-6.23,-6.57
1175174,147,0,153,175549,35.00,-6.24,-6.55
1175196,399,0,164,175553,35.00,-6.21,-6.55
1175218,1136,0,185,175544,35.00,-6.21,-6.54
1175261,2380,0,212,175539,35.00,-6.25,-6.58
1175283,441,0,191,175528,35.00,-6.26,-6.58
1175305,4095,0,186,175547,35.00,-6.20,-6.57
1175327,1515,0,125,175542,35.00,-6.25,-6.53
1175349,1213,0,147,175554,35.00,-6.22,-6.52
1175371,1452,0,153,175544,35.00,-6.23,-6.53
1175393,403,0,125,175545,35.00,-6.19,-6.53
1175415,181,0,149,175537,35.00,-6.25,-6.54
1175437,23,0,153,175522,35.00,-6.24,-6.51
1175459,140,0,167,175529,35.00,-6.21,-6.52
1175501,698,0,181,175536,35.00,-6.22,-6.57
1175523,1399,0,210,175532,35.00,-6.21,-6.55
1175545,415,0,185,175526,35.00,-6.20,-6.55
1175567,0,0,181,175502,35.00,-6.22,-6.56
1175589,0,0,216,175492,35.00,-6.22,-6.53
1175611,845,0,213,175497,35.00,-6.23,-6.55
1175633,1435,0,171,175510,35.00,-6.23,-6.57
1175655,4095,0,181,175524,35.00,-6.22,-6.57
1175677,3820,0,160,175528,35.00,-6.24,-6.54
1175699,1999,0,165,175531,35.00,-6.25,-6.56
1175742,1420,0,168,175549,35.00,-6.25,-6.46
1175764,1247,0,186,175581,35.00,-6.11,-6.39
1175786,2962,0,199,175635,35.00,-6.22,-6.51
1175808,3068,0,159,175598,35.00,-6.24,-6.56
1175830,3533,0,159,175579,35.00,-6.24,-6.54
1175852,1861,0,113,175540,35.00,-6.19,-6.56
1175874,1337,0,127,175542,35.00,-6.25,-6.55
1175896,1406,0,150,175543,35.00,-6.21,-6.53
1175918,1675,0,171,175559,35.00,-6.21,-6.56
1175940,2654,0,186,175555,35.00,-6.22,-6.53
1175982,3641,0,198,175549,35.00,-6.22,-6.50
1176513,2706,0,158,175540,35.56,-6.23,-6.54
1176543,0,0,101,175494,35.00,-6.22,-6.53
1176565,2647,0,114,175531,35.00,-6.24,-6.52
1176587,0,0,127,175518,35.00,-6.19,-6.58
1176609,0,0,141,175525,35.00,-6.23,-6.56
1176631,0,0,141,175516,35.00,-6.21,-6.55
1176653,0,0,141,175523,35.00,-6.22,-6.56
1176675,0,0,140,175525,35.00,-6.23,-6.57
1176697,665,0,151,175523,35.00,-6.22,-6.53
1176719,1850,0,178,175526,35.00,-6.21,-6.54
1176741,1907,0,174,175523,35.00,-6.22,-6.54
1176763,1379,0,157,175536,35.00,-6.19,-6.54
1176804,339,0,151,175529,35.00,-6.23,-6.58
1176826,0,0,185,175538,35.00,-6.23,-6.56
1176848,0,0,217,175543,35.00,-6.22,-6.55
1176870,0,0,307,175544,35.00,-6.28,-6.54
1176892,0,0,447,175546,35.00,-6.22,-6.53
1176914,0,0,420,175539,35.00,-6.21,-6.54
1176936,4095,0,317,175540,35.00,-6.23,-6.54
1176958,4095,0,205,175547,35.00,-6.23,-6.57
1176980,4095,0,229,175547,35.00,-6.22,-6.55
1177530,4095,0,239,175554,35.21,-6.25,-6.53
1177566,4095,0,83,175545,35.00,-6.12,-6.47
1177588,1202,0,88,175555,35.00,-6.20,-6.55
1177610,727,0,123,175593,35.00,-6.24,-6.53
1177632,0,0,158,175573,35.00,-6.21,-6.52
1177654,822,0,183,175580,35.00,-6.26,-6.53
1177676,1192,0,171,175558,35.00,-6.22,-6.53
1177698,1902,0,179,175561,35.00,-6.26,-6.53
1177720,2301,0,183,175568,35.00,-6.34,-6.47
1177742,2253,0,173,175540,35.00,-6.26,-6.51
1177764,1635,0,160,175571,35.00,-6.24,-6.60
1177806,908,0,143,175575,35.00,-6.26,-6.56
1177828,597,0,153,175555,35.00,-6.21,-6.52
1177850,571,0,153,175557,35.00,-6.21,-6.51
1177872,853,0,141,175551,35.00,-6.21,-6.55
1177894,1269,0,156,175549,35.00,-6.22,-6.55
1177916,1865,0,169,175548,35.00,-6.22,-6.55
1177938,2259,0,173,175549,35.00,-6.23,-6.54
1177960,2397,0,183,175562,35.00,-6.23,-6.56
1177982,2277,0,171,175561,35.00,-6.25,-6.57
1178546,1721,0,165,175557,35.44,-6.21,-6.53
1178588,1077,0,127,175537,35.00,-6.24,-6.59
1178610,977,0,138,175552,35.00,-6.22,-6.54
1178632,1319,0,147,175550,35.00,-6.22,-6.53
1178654,1855,0,159,175541,35.00,-6.23,-6.57
1178676,2415,0,173,175546,35.00,-6.21,-6.54
1178698,3001,0,185,175542,35.00,-6.19,-6.53
1178720,3289,0,187,175544,35.00,-6.22,-6.59
1178742,3100,0,189,175543,35.00,-6.22,-6.56
1178764,2271,0,157,175547,35.00,-6.21,-6.54
1178786,1423,0,141,175548,35.00,-6.21,-6.56
1178828,847,0,136,175564,35.00,-6.28,-6.52
1178850,709,0,133,175557,35.00,-6.27,-6.56
1178872,1052,0,141,175550,35.00,-6.22,-6.55
1178894,1706,0,164,175555,35.00,-6.23,-6.53
1178916,2229,0,175,175559,35.00,-6.22,-6.56
1178938,2613,0,182,175543,35.00,-6.20,-6.58
1178960,2971,0,191,175550,35.00,-6.22,-6.55
1178982,2787,0,185,175545,35.00,-6.23,-6.58
1179563,2013,0,155,175555,35.49,-6.23,-6.56
1179594,1268,0,147,175530,35.00,-6.22,-6.55
1179616,2335,0,179,175549,35.00,-6.21,-6.53
1179638,2843,0,190,175541,35.00,-6.22,-6.55
1179660,2932,0,189,175544,35.00,-6.26,-6.47
1179682,2533,0,181,175542,35.00,-6.23,-6.55
1179704,1783,0,157,175551,35.00,-6.20,-6.53
1179726,1096,0,139,175540,35.00,-6.20,-6.54
1179748,671,0,141,175550,35.00,-6.17,-6.45
1179790,1403,0,164,175648,35.00,-6.27,-6.52
1179812,1894,0,157,175620,35.00,-6.25,-6.52
1179834,1851,0,160,175592,35.00,-6.19,-6.56
1179856,2685,0,180,175502,35.00,-6.23,-6.58
1179878,3045,0,185,175509,35.00,-6.22,-6.52
1179900,3273,0,185,175497,35.00,-6.19,-6.54
1179922,2807,0,173,175532,35.00,-6.18,-6.55
