timestamp,ecg,gsr,gas,pulse,temp,acc_x,acc_y
185715,2365,0,158,91055,36.65,-7.42,-4.59
185747,1544,0,149,89790,35.00,-7.41,-4.62
185769,1902,0,138,89852,35.00,-7.41,-4.61
185791,1509,0,135,89885,35.00,-7.37,-4.64
185813,1403,0,135,89949,35.00,-7.42,-4.64
185835,1373,0,137,89995,35.00,-7.40,-4.60
185857,1607,0,151,89981,35.00,-7.41,-4.58
185879,1925,0,158,89937,35.00,-7.42,-4.60
185901,2159,0,167,89956,35.00,-7.40,-4.57
185923,2425,0,169,90043,35.00,-7.41,-4.65
185945,2428,0,163,90139,35.00,-7.37,-4.60
185987,2193,0,151,90481,35.00,-7.39,-4.62
186733,1810,0,137,90578,36.97,-7.42,-4.63
186769,1565,0,143,90344,35.00,-7.39,-4.58
186791,1373,0,127,90412,35.00,-7.39,-4.66
186813,1388,0,133,90413,35.00,-7.37,-4.61
186835,1555,0,141,90398,35.00,-7.40,-4.60
186857,1939,0,155,90390,35.00,-7.38,-4.63
186879,2156,0,169,90298,35.00,-7.42,-4.58
186901,2441,0,167,89944,35.00,-7.39,-4.63
186923,2355,0,160,89361,35.00,-7.42,-4.62
186945,2229,0,152,88792,35.00,-7.42,-4.63
186967,1833,0,136,88408,35.00,-7.35,-4.58
186989,1541,0,125,88272,35.00,-7.38,-4.58
187030,1387,0,136,88698,35.00,-7.40,-4.60
187052,1387,0,134,88923,35.00,-7.39,-4.60
187074,1485,0,139,89130,35.00,-7.40,-4.64
187096,1802,0,149,89330,35.00,-7.41,-4.62
187118,2149,0,165,89507,35.00,-7.41,-4.65
187140,2300,0,165,89608,35.00,-7.38,-4.64
187162,2460,0,165,89637,35.00,-7.42,-4.62
187184,2265,0,155,89689,35.00,-7.36,-4.61
187206,1958,0,143,89727,35.00,-7.39,-4.63
187228,1640,0,139,89790,35.00,-7.39,-4.58
187270,1331,0,125,89545,35.00,-7.46,-4.63
187292,1261,0,131,89262,35.00,-7.41,-4.64
187314,1581,0,141,89058,35.00,-7.43,-4.61
187336,1903,0,152,89010,35.00,-7.41,-4.60
187358,2191,0,167,89071,35.00,-7.37,-4.62
187380,2401,0,165,89196,35.00,-7.43,-4.59
187402,2441,0,159,89327,35.00,-7.36,-4.65
187424,2298,0,153,89465,35.00,-7.37,-4.66
187446,1902,0,137,89624,35.00,-7.38,-4.59
187468,1545,0,125,89757,35.00,-7.41,-4.63
187490,1384,0,132,89855,35.00,-7.40,-4.60
187531,1397,0,139,90118,35.00,-7.37,-4.59
187553,1453,0,141,90197,35.00,-7.37,-4.61
187575,1769,0,152,90265,35.00,-7.40,-4.62
187597,2073,0,168,90316,35.00,-7.39,-4.59
187619,2353,0,167,90364,35.00,-7.40,-4.58
187641,2470,0,165,90479,35.00,-7.37,-4.64
187663,2284,0,157,90617,35.00,-7.39,-4.61
187685,1947,0,145,90728,35.00,-7.40,-4.62
187707,1606,0,135,90765,35.00,-7.40,-4.60
187729,1427,0,127,90774,35.00,-7.37,-4.60
187772,1401,0,135,90375,35.00,-7.42,-4.61
187794,1661,0,147,89877,35.00,-7.40,-4.59
187816,2007,0,159,89525,35.00,-7.40,-4.56
187838,2343,0,169,89362,35.00,-7.39,-4.57
187860,2395,0,165,89408,35.00,-7.35,-4.60
187882,2405,0,157,89534,35.00,-7.43,-4.57
187904,2109,0,146,89631,35.00,-7.43,-4.53
187926,1677,0,124,89649,35.00,-7.37,-4.56
187948,1439,0,124,89595,35.00,-7.41,-4.58
187970,1353,0,123,89571,35.00,-7.39,-4.58
188514,1459,0,141,89808,36.70,-7.41,-4.56
188553,2137,0,165,89943,35.00,-7.40,-4.57
188575,2011,0,159,90084,35.00,-7.38,-4.55
188597,2312,0,164,90317,35.00,-7.40,-4.53
188619,2608,0,167,90562,35.00,-7.41,-4.54
188641,2335,0,155,90728,35.00,-7.41,-4.55
188663,1853,0,139,90857,35.00,-7.41,-4.54
188685,1605,0,133,90945,35.00,-7.39,-4.55
188707,1374,0,133,91009,35.00,-7.36,-4.56
188729,1327,0,135,91018,35.00,-7.38,-4.58
188751,1515,0,143,90975,35.00,-7.39,-4.56
188773,1769,0,151,90949,35.00,-7.43,-4.56
188814,2109,0,165,90973,35.00,-7.36,-4.52
188836,2187,0,165,90972,35.00,-7.42,-4.55
188858,2460,0,168,91022,35.00,-7.40,-4.52
188880,2372,0,157,91086,35.00,-7.39,-4.54
188902,2093,0,143,91121,35.00,-7.38,-4.53
188924,1771,0,135,91126,35.00,-7.45,-4.54
188946,1503,0,123,91138,35.00,-7.41,-4.55
188968,1351,0,133,91178,35.00,-7.37,-4.53
188990,1469,0,140,91264,35.00,-7.40,-4.55
189531,1745,0,151,91327,37.06,-7.42,-4.55
189561,2102,0,163,96995,35.00,-7.40,-4.57
189583,1645,0,135,97237,35.00,-7.37,-4.52
189605,1421,0,132,97405,35.00,-7.39,-4.53
189627,1367,0,135,97342,35.00,-7.43,-4.54
189649,1515,0,146,97077,35.00,-7.39,-4.54
189671,1763,0,149,96647,35.00,-7.38,-4.55
189693,1839,0,163,96279,35.00,-7.42,-4.50
189715,2387,0,169,95757,35.00,-7.39,-4.53
189756,2445,0,169,93574,35.00,-7.40,-4.57
189778,2363,0,164,93494,35.00,-7.39,-4.53
189800,2219,0,155,93667,35.00,-7.42,-4.54
189822,1807,0,139,93970,35.00,-7.40,-4.55
189844,1527,0,137,94232,35.00,-7.41,-4.51
189866,1375,0,132,94347,35.00,-7.37,-4.54
189888,2541,0,158,94289,35.00,-7.36,-4.51
189910,1071,0,135,94119,35.00,-7.41,-4.57
189932,1497,0,150,93836,35.00,-7.43,-4.49
189954,2297,0,169,93573,35.00,-7.41,-4.52
189976,2457,0,172,93346,35.00,-7.36,-4.51
190549,1956,0,146,92397,36.49,-7.44,-4.51
190579,2091,0,163,91902,35.00,-7.37,-4.44
190601,1255,0,121,91915,35.00,-7.52,-4.50
190623,1629,0,136,91875,35.00,-7.54,-4.53
190645,1381,0,133,91846,35.00,-7.45,-4.47
190667,1547,0,141,91818,35.00,-7.44,-4.50
190689,1755,0,151,91823,35.00,-7.41,-4.44
190711,2067,0,159,91849,35.00,-7.42,-4.50
190733,2321,0,168,91892,35.00,-7.43,-4.49
190755,2505,0,171,91915,35.00,-7.41,-4.49
190777,2421,0,157,91926,35.00,-7.41,-4.52
190819,2072,0,142,92133,35.00,-7.44,-4.50
190841,1741,0,135,92201,35.00,-7.39,-4.49
190863,1371,0,127,92215,35.00,-7.38,-4.44
190885,1415,0,135,92256,35.00,-7.35,-4.48
190907,1615,0,142,92290,35.00,-7.36,-4.46
190929,1735,0,151,92328,35.00,-7.42,-4.46
190951,2221,0,165,92430,35.00,-7.42,-4.48
190973,2357,0,167,92520,35.00,-7.41,-4.51
190995,2440,0,165,92570,35.00,-7.41,-4.45
191567,1583,0,139,92578,36.76,-7.47,-4.52
191601,2147,65540,163,92509,35.00,-7.41,-4.51
191623,1182,59192,127,92560,35.00,-7.40,-4.54
191645,1356,59576,143,92655,35.00,-7.40,-4.51
191667,1726,56792,152,92738,35.00,-7.39,-4.50
191689,1989,55512,157,92775,35.00,-7.42,-4.54
191711,2297,55128,167,92802,35.00,-7.42,-4.54
191733,2438,54616,169,92856,35.00,-7.44,-4.55
191755,2357,54616,163,92917,35.00,-7.44,-4.49
191777,2095,55128,151,92975,35.00,-7.39,-4.51
191799,1709,55128,137,92990,35.00,-7.40,-4.53
191842,1399,55512,134,91626,35.00,-7.38,-4.56
191864,1318,55128,136,91245,35.00,-7.40,-4.52
191886,1583,55512,152,91116,35.00,-7.40,-4.51
191908,1927,56024,159,91217,35.00,-7.39,-4.52
191930,2181,56024,168,91422,35.00,-7.41,-4.50
191952,2345,56792,168,91621,35.00,-7.39,-4.53
191974,2407,56024,160,91762,35.00,-7.40,-4.51
191996,2143,56024,151,91874,35.00,-7.41,-4.49
192585,1763,56024,139,91971,36.90,-7.43,-4.50
192623,1847,0,157,91220,35.00,-7.41,-4.55
192645,1560,0,141,91346,35.00,-7.40,-4.58
192667,1717,0,160,91538,35.00,-7.42,-4.58
192689,1981,0,171,91748,35.00,-7.37,-4.63
192711,2311,24624,173,91888,35.00,-7.38,-4.62
192733,2219,39624,165,91999,35.00,-7.40,-4.63
192755,2187,40392,150,92088,35.00,-7.35,-4.60
192777,1954,36936,139,92145,35.00,-7.40,-4.58
192799,1509,13664,125,92186,35.00,-7.44,-4.62
192821,1415,4160,136,92189,35.00,-7.38,-4.62
192843,1340,1792,139,92181,35.00,-7.43,-4.57
192884,1775,512,151,92191,35.00,-7.44,-4.57
192906,1883,0,155,92228,35.00,-7.42,-4.60
192928,2151,0,165,92253,35.00,-7.41,-4.58
192950,2428,0,168,92276,35.00,-7.41,-4.57
192972,2439,0,167,92313,35.00,-7.37,-4.58
192994,2227,0,155,92401,35.00,-7.38,-4.61
193356,1917,24624,147,92549,37.24,-7.37,-4.58
193385,1421,5952,127,91780,35.00,-7.39,-4.60
193407,1995,1280,159,92011,35.00,-7.38,-4.60
193429,2343,512,169,92204,35.00,-7.41,-4.59
193451,2388,0,165,92357,35.00,-7.40,-4.56
193473,2303,0,155,92466,35.00,-7.38,-4.56
193495,1835,0,141,92572,35.00,-7.40,-4.58
193517,1517,0,135,92657,35.00,-7.40,-4.61
193539,1292,0,135,92688,35.00,-7.42,-4.59
193561,1174,38216,139,92632,35.00,-7.32,-4.55
193583,1301,38216,147,92552,35.00,-7.47,-4.63
193605,1725,38216,159,92560,35.00,-7.39,-4.63
193646,2057,38216,166,92768,35.00,-7.62,-4.79
193668,1693,38216,155,92861,35.00,-6.85,-4.63
193690,1447,38216,157,92957,35.00,-7.20,-4.88
193712,2341,38216,165,93015,35.00,-7.44,-4.67
193734,2328,38216,149,93056,35.00,-7.39,-4.82
193756,2019,38216,139,93091,35.00,-7.28,-4.76
193778,2108,38216,142,93153,35.00,-7.44,-4.79
193800,1629,38216,139,93204,35.00,-7.40,-4.71
193822,1737,38216,149,93258,35.00,-7.40,-4.69
193844,2009,38216,159,93305,35.00,-7.43,-4.74
193887,2195,38216,173,93292,35.00,-7.41,-4.73
193909,2533,38216,168,93311,35.00,-7.38,-4.73
193931,2345,38216,165,93356,35.00,-7.40,-4.68
193953,2126,38216,153,93440,35.00,-7.35,-4.70
193975,1706,38216,143,93545,35.00,-7.37,-4.67
193997,1447,38216,137,93583,35.00,-7.40,-4.71
194366,1320,38216,137,93481,36.86,-7.41,-4.69
194408,2391,38216,173,93116,35.00,-7.39,-4.71
194430,2229,38216,159,93199,35.00,-7.36,-4.73
194452,2153,38216,151,93259,35.00,-7.47,-4.80
194474,1437,38216,137,93321,35.00,-7.45,-4.81
194496,1087,38216,136,93382,35.00,-7.26,-4.80
194518,1379,38216,140,93433,35.00,-7.41,-4.77
194540,1851,38216,149,93503,35.00,-7.38,-4.79
194562,1989,38216,155,93557,35.00,-7.38,-4.72
194584,2251,38216,168,93605,35.00,-7.41,-4.75
194606,2349,38216,169,93630,35.00,-7.40,-4.74
194648,2351,38216,171,93754,35.00,-7.37,-4.73
194670,2333,38216,157,93787,35.00,-7.41,-4.67
194692,2091,38216,149,93817,35.00,-7.40,-4.72
194714,1633,38216,136,93816,35.00,-7.36,-4.73
194736,1379,38216,127,93849,35.00,-7.38,-4.72
194758,1315,38216,135,93940,35.00,-7.39,-4.73
194780,1509,38216,142,93898,35.00,-7.39,-4.73
194802,1719,38216,150,93507,35.00,-7.35,-4.65
194824,2003,38216,163,92937,35.00,-7.35,-4.70
194846,2301,38216,169,92481,35.00,-7.39,-4.75
194868,2347,38216,167,92206,35.00,-7.41,-4.73
194909,2216,38216,154,92526,35.00,-7.37,-4.73
194931,2091,38216,148,92727,35.00,-7.38,-4.71
194953,1742,38216,140,92863,35.00,-7.39,-4.72
194975,1405,38216,133,92958,35.00,-7.41,-4.69
194997,1307,38216,135,93040,35.00,-7.39,-4.72
195383,1426,38216,139,93124,36.78,-7.33,-4.71
195411,2284,38216,167,93763,35.00,-7.40,-4.71
195433,1455,38216,125,93815,35.00,-7.42,-4.71
195455,1389,38216,135,93908,35.00,-7.42,-4.68
195477,1335,38216,137,93974,35.00,-7.40,-4.70
195499,1399,38216,142,93862,35.00,-7.37,-4.73
195521,1741,38216,156,93422,35.00,-7.40,-4.70
195543,2119,38216,165,92868,35.00,-7.40,-4.69
195565,2287,38216,168,92437,35.00,-7.40,-4.68
195587,2387,38216,165,92197,35.00,-7.38,-4.71
195609,2213,38216,155,92193,35.00,-7.39,-4.75
195651,1897,38216,143,92726,35.00,-7.41,-4.72
195673,1543,38216,139,92888,35.00,-7.40,-4.70
195695,1243,38216,133,93010,35.00,-7.38,-4.66
195717,1351,38216,140,93178,35.00,-7.38,-4.71
195739,1460,38216,148,93330,35.00,-7.36,-4.70
195761,1800,38216,156,93353,35.00,-7.36,-4.70
195783,2106,38216,168,93286,35.00,-7.39,-4.66
195805,2343,38216,173,93239,35.00,-7.41,-4.69
195827,2363,38216,165,93205,35.00,-7.37,-4.71
195849,2149,38216,155,93180,35.00,-7.37,-4.70
195891,1819,38216,143,93263,35.00,-7.39,-4.73
195913,1429,38216,127,93348,35.00,-7.45,-4.74
195935,1135,38216,127,93435,35.00,-7.35,-4.75
195957,1211,38216,140,93467,35.00,-7.29,-4.75
195979,1595,38216,153,93486,35.00,-7.39,-4.74
196402,1789,38216,155,93504,37.28,-7.40,-4.71
196433,2265,0,173,93324,35.00,-7.37,-4.82
196455,1337,0,125,93286,35.00,-7.41,-4.84
196477,1527,0,143,93214,35.00,-7.35,-4.84
196499,1709,0,151,93094,35.00,-7.41,-4.78
196521,2023,0,165,93065,35.00,-7.38,-4.79
196543,2207,0,166,93133,35.00,-7.40,-4.84
196565,2406,0,169,93227,35.00,-7.40,-4.79
196587,2329,0,164,93301,35.00,-7.39,-4.78
196609,1991,0,149,93359,35.00,-7.38,-4.77
196631,1679,0,137,93424,35.00,-7.38,-4.77
196673,1396,0,127,93725,35.00,-7.38,-4.78
196695,1267,0,134,93800,35.00,-7.41,-4.85
196717,1435,0,149,93831,35.00,-7.40,-4.78
196739,1701,0,155,93919,35.00,-7.33,-4.76
196761,2067,0,163,94002,35.00,-7.38,-4.80
196783,2283,0,169,94062,35.00,-7.41,-4.77
196805,2323,0,165,94075,35.00,-7.40,-4.76
196827,2259,0,155,94129,35.00,-7.40,-4.79
196849,1875,0,145,94191,35.00,-7.39,-4.77
196871,1519,0,133,94014,35.00,-7.37,-4.77
196893,1267,0,134,93475,35.00,-7.37,-4.78
196934,1356,0,137,92440,35.00,-7.37,-4.76
196956,1362,0,139,92562,35.00,-7.42,-4.79
196978,1613,0,149,92731,35.00,-7.38,-4.82
197419,2028,0,163,92909,36.70,-7.41,-4.78
197455,2423,0,167,94191,35.00,-7.41,-4.74
197477,1562,0,144,94226,35.00,-7.41,-4.80
197499,2059,0,165,94273,35.00,-7.38,-4.78
197521,2357,0,170,94332,35.00,-7.41,-4.79
197543,2407,0,167,94388,35.00,-7.41,-4.78
197565,2476,0,159,94394,35.00,-7.41,-4.79
197587,2215,0,150,94023,35.00,-7.42,-4.78
197609,1657,0,136,93373,35.00,-7.38,-4.79
197631,1372,0,137,92812,35.00,-7.40,-4.80
197653,1485,0,141,92525,35.00,-7.37,-4.78
197675,1437,0,143,92481,35.00,-7.36,-4.79
197716,1717,0,157,93009,35.00,-7.37,-4.75
197738,1805,0,156,93211,35.00,-7.39,-4.75
197760,2227,0,168,93329,35.00,-7.40,-4.81
197782,2315,0,167,93425,35.00,-7.40,-4.78
197804,2348,0,165,93514,35.00,-7.41,-4.76
197826,2135,0,153,93533,35.00,-7.39,-4.76
197848,1753,0,141,93471,35.00,-7.42,-4.76
197870,1372,0,125,93408,35.00,-7.34,-4.72
197892,1357,0,135,93347,35.00,-7.38,-4.74
197914,1437,0,141,93332,35.00,-7.34,-4.74
197957,1528,0,147,93492,35.00,-7.37,-4.75
197979,2103,0,157,93537,35.00,-7.38,-4.75
198691,2296,0,165,93600,37.11,-7.40,-4.72
198718,1608,0,141,93312,35.00,-7.41,-4.81
198740,2361,0,167,93393,35.00,-7.37,-4.80
198762,2567,0,166,93492,35.00,-7.37,-4.81
198784,2246,0,151,93561,35.00,-7.38,-4.82
198806,1910,0,142,93595,35.00,-7.39,-4.79
198828,1523,0,137,93649,35.00,-7.38,-4.81
198850,1383,0,137,93637,35.00,-7.40,-4.83
198872,1384,0,134,93653,35.00,-7.38,-4.80
198894,1619,0,149,93735,35.00,-7.36,-4.78
198916,1992,0,155,93784,35.00,-7.39,-4.80
198938,2303,0,165,93803,35.00,-7.37,-4.77
198979,2413,0,167,93897,35.00,-7.41,-4.77
199709,2445,0,159,93974,36.87,-7.37,-4.79
199741,1350,0,137,92480,35.00,-7.35,-4.70
199763,1820,0,137,92062,35.00,-7.41,-4.78
199785,1811,0,141,91862,35.00,-7.38,-4.78
199807,1406,0,126,91844,35.00,-7.35,-4.78
199829,1315,0,133,91971,35.00,-7.40,-4.77
199851,1452,0,137,92177,35.00,-7.36,-4.80
199873,1828,0,153,92396,35.00,-7.37,-4.71
199895,2135,0,165,92531,35.00,-7.38,-4.75
199917,2311,0,169,92673,35.00,-7.38,-4.73
199939,2447,0,165,92837,35.00,-7.40,-4.75
199982,2285,0,157,92869,35.00,-7.39,-4.75
200727,1836,0,135,92839,37.48,-7.40,-4.74
200764,1353,0,133,93131,35.00,-7.36,-4.79
200786,1476,0,133,93221,35.00,-7.41,-4.76
200808,1337,0,137,93358,35.00,-7.35,-4.77
200830,1669,0,151,93474,35.00,-7.36,-4.75
200852,1763,0,151,93537,35.00,-7.39,-4.77
200874,2091,0,166,93560,35.00,-7.37,-4.78
200896,2403,0,169,93648,35.00,-7.39,-4.78
200918,2359,0,165,93750,35.00,-7.40,-4.77
200940,2075,0,154,93813,35.00,-7.41,-4.76
200962,1759,0,142,93830,35.00,-7.37,-4.78
201745,1517,0,135,93950,36.88,-7.36,-4.78
201786,1359,0,133,92559,35.00,-7.40,-4.86
201808,1352,0,135,92216,35.00,-7.31,-4.84
201830,1693,0,152,92099,35.00,-7.39,-4.81
201852,1978,0,159,92174,35.00,-7.36,-4.81
201874,2267,0,165,92372,35.00,-7.44,-4.86
201896,2003,0,159,92572,35.00,-7.34,-4.85
201918,2313,0,157,92763,35.00,-7.39,-4.80
201940,1907,0,141,92919,35.00,-7.38,-4.84
201962,1483,0,135,93063,35.00,-7.40,-4.78
201984,1267,0,137,93164,35.00,-7.36,-4.81
202508,1195,0,133,93234,36.48,-7.40,-4.82
202548,2007,0,158,92034,35.00,-7.39,-4.85
202570,1897,0,156,92146,35.00,-7.39,-4.80
202592,2223,0,169,92289,35.00,-7.36,-4.83
202614,2277,0,167,92489,35.00,-7.39,-4.80
202636,2378,0,159,92727,35.00,-7.41,-4.85
202658,2056,0,151,92904,35.00,-7.37,-4.82
202680,1653,0,139,93058,35.00,-7.41,-4.81
202702,1463,0,133,93169,35.00,-7.37,-4.80
202724,1285,0,135,93213,35.00,-7.38,-4.79
202746,1507,0,146,93142,35.00,-7.40,-4.81
202789,1640,0,150,93149,35.00,-7.39,-4.81
202811,2237,0,167,93095,35.00,-7.34,-4.84
202833,2439,0,168,93113,35.00,-7.39,-4.81
202855,2397,0,163,93202,35.00,-7.38,-4.78
202877,2074,0,151,93261,35.00,-7.38,-4.82
202899,1817,0,141,93317,35.00,-7.39,-4.82
202921,1571,0,138,93342,35.00,-7.38,-4.83
202943,1325,0,133,93387,35.00,-7.40,-4.83
202965,1397,0,140,93428,35.00,-7.34,-4.78
202987,1542,0,151,93450,35.00,-7.40,-4.83
203029,1883,0,158,93501,35.00,-7.33,-4.84
203051,2141,0,165,93489,35.00,-7.35,-4.81
203073,2303,0,167,93508,35.00,-7.41,-4.78
203095,2301,0,157,93549,35.00,-7.37,-4.80
203117,2075,0,151,93586,35.00,-7.39,-4.80
203139,1669,0,139,93569,35.00,-7.40,-4.81
203161,1335,0,133,93355,35.00,-7.36,-4.81
203183,1277,0,136,92866,35.00,-7.35,-4.83
203205,1402,0,138,92383,35.00,-7.39,-4.78
203227,1662,0,153,92055,35.00,-7.37,-4.83
203249,1915,0,159,91949,35.00,-7.36,-4.80
203290,2324,0,171,92523,35.00,-7.38,-4.85
203312,2376,0,167,92739,35.00,-7.38,-4.83
203334,2348,0,160,92860,35.00,-7.37,-4.80
203356,2199,0,154,92974,35.00,-7.37,-4.80
203378,1831,0,140,93124,35.00,-7.40,-4.78
203400,1478,0,133,93181,35.00,-7.41,-4.82
203422,1355,0,135,93166,35.00,-7.41,-4.83
203444,1243,0,135,93135,35.00,-7.36,-4.78
203466,1549,0,149,93182,35.00,-7.39,-4.76
203488,1819,0,158,93218,35.00,-7.41,-4.79
203531,2153,0,165,93365,35.00,-7.41,-4.80
203553,2405,0,165,93461,35.00,-7.35,-4.74
203575,2004,0,151,93514,35.00,-7.38,-4.85
203597,1897,0,143,93593,35.00,-7.39,-4.79
203619,1447,0,132,93652,35.00,-7.36,-4.80
203641,1319,0,133,93701,35.00,-7.38,-4.78
203663,1231,0,124,93749,35.00,-7.40,-4.80
203685,1461,0,139,93824,35.00,-7.41,-4.84
203707,1803,0,153,93832,35.00,-7.38,-4.85
203729,2147,0,171,93847,35.00,-7.40,-4.78
203771,2363,0,167,93957,35.00,-7.37,-4.84
203793,2444,0,168,93985,35.00,-7.39,-4.85
203815,2219,0,151,93910,35.00,-7.33,-4.84
203837,1928,0,143,93495,35.00,-7.40,-4.83
203859,1589,0,133,92895,35.00,-7.38,-4.82
203881,1307,0,135,92385,35.00,-7.38,-4.87
203903,1319,0,139,92158,35.00,-7.39,-4.83
203925,1703,0,149,92147,35.00,-7.42,-4.82
203947,1940,0,159,92299,35.00,-7.30,-4.84
203969,2197,0,165,92508,35.00,-7.41,-4.82
204542,2683,0,175,93106,36.81,-7.44,-4.91
204573,1568,0,149,92239,35.00,-7.39,-4.79
204595,1823,0,140,92088,35.00,-7.35,-4.82
204617,1496,0,134,92149,35.00,-7.35,-4.83
204639,1362,0,135,92375,35.00,-7.36,-4.82
204661,1373,0,137,92639,35.00,-7.40,-4.83
204683,1511,0,147,92867,35.00,-7.39,-4.80
204705,1800,0,159,93042,35.00,-7.38,-4.84
204727,2059,0,165,93124,35.00,-7.39,-4.82
204749,2351,0,169,93179,35.00,-7.38,-4.84
204771,2404,0,165,93195,35.00,-7.36,-4.84
204814,2251,0,155,93267,35.00,-7.41,-4.80
204836,1704,0,136,93265,35.00,-7.37,-4.81
204858,1399,0,135,93225,35.00,-7.37,-4.77
204880,1338,0,142,93198,35.00,-7.36,-4.81
204902,1389,0,141,93227,35.00,-7.38,-4.82
204924,1695,0,151,93300,35.00,-7.39,-4.80
204946,1980,0,165,93384,35.00,-7.41,-4.86
204968,2236,0,167,93447,35.00,-7.33,-4.77
204990,2389,0,167,93451,35.00,-7.35,-4.91
205562,2291,0,159,93425,36.66,-7.37,-4.72
205596,1912,0,157,93526,35.00,-7.44,-4.83
205618,1224,0,123,93579,35.00,-7.45,-4.85
205640,1485,0,141,93649,35.00,-7.38,-4.79
205662,1673,0,149,93753,35.00,-7.42,-4.69
205684,1809,0,155,93888,35.00,-7.36,-4.81
205706,2170,0,165,93951,35.00,-7.35,-4.73
205728,2349,0,165,94036,35.00,-7.41,-4.75
205750,2347,0,159,94146,35.00,-7.40,-4.82
205772,2181,0,152,94241,35.00,-7.43,-4.72
205794,1711,0,138,94301,35.00,-7.34,-4.82
205836,1371,0,133,94501,35.00,-7.35,-4.68
205858,1309,0,125,94640,35.00,-7.42,-4.74
205880,1307,0,137,94747,35.00,-7.44,-4.73
205902,1596,0,147,94672,35.00,-7.35,-4.63
205924,1976,0,155,94285,35.00,-7.43,-4.70
205946,2539,0,169,93748,35.00,-7.42,-4.68
205968,2427,0,167,93465,35.00,-7.42,-4.72
205990,2259,0,155,93471,35.00,-7.42,-4.73
206579,1863,0,145,93863,36.53,-7.35,-4.72
206618,1403,0,147,93398,35.00,-7.58,-4.91
206640,2075,0,165,93078,35.00,-7.38,-4.86
206662,1983,0,157,93097,35.00,-7.43,-4.82
206684,3449,0,199,93414,35.00,-7.39,-4.83
206706,2771,0,176,93913,35.00,-7.41,-4.86
206728,4057,0,202,94472,35.00,-7.42,-4.85
206750,1371,0,142,95133,35.00,-7.40,-4.79
206772,2277,0,169,95828,35.00,-7.38,-4.86
206794,1583,0,139,96505,35.00,-7.33,-4.85
206816,1527,0,135,97141,35.00,-7.42,-4.80
206859,1607,0,143,97706,35.00,-7.25,-4.74
206881,2453,0,163,97722,35.00,-7.78,-4.86
206903,2322,0,169,97659,35.00,-7.64,-4.67
206925,1271,0,152,97555,35.00,-7.67,-5.00
206947,1030,0,159,97438,35.00,-7.58,-4.74
206969,0,0,149,97375,35.00,-7.86,-4.97
206991,0,0,127,97506,35.00,-6.87,-4.78
207597,2269,0,165,97732,36.54,-7.48,-4.86
207628,1947,0,148,98572,35.00,-7.09,-4.62
207650,1736,0,135,99336,35.00,-7.07,-4.67
207672,1351,0,125,99336,35.00,-7.25,-4.79
207694,1079,0,127,99336,35.00,-7.26,-4.73
207716,1179,0,139,99336,35.00,-7.32,-4.74
207738,1373,0,143,99336,35.00,-7.30,-4.76
207760,1771,0,163,99437,35.00,-7.27,-4.74
207801,2157,0,169,96972,35.00,-7.27,-4.81
207823,1997,0,166,96839,35.00,-7.33,-4.80
207845,1919,0,163,96515,35.00,-7.37,-4.77
207867,1855,0,155,96145,35.00,-7.43,-4.77
207889,1618,0,141,95835,35.00,-7.27,-4.73
207911,1386,0,139,95277,35.00,-7.38,-4.75
207933,1259,0,132,94486,35.00,-7.36,-4.76
207955,1017,0,133,93694,35.00,-7.33,-4.79
207977,1193,0,143,93201,35.00,-7.36,-4.71
207999,1374,0,153,93035,35.00,-7.35,-4.89
208042,1786,0,165,94088,35.00,-7.33,-4.73
208064,2159,0,165,94391,35.00,-7.38,-4.77
208086,2093,0,157,94514,35.00,-7.39,-4.76
208108,1814,0,147,94612,35.00,-7.30,-4.75
208130,1525,0,134,94766,35.00,-7.33,-4.79
208152,1245,0,134,94918,35.00,-7.42,-4.76
208174,1121,0,133,94929,35.00,-7.36,-4.76
208196,1191,0,137,94916,35.00,-7.40,-4.74
208218,1451,0,152,94839,35.00,-7.35,-4.80
208240,1823,0,159,94728,35.00,-7.42,-4.76
208282,2133,0,167,94870,35.00,-7.35,-4.74
208304,2296,0,165,95018,35.00,-7.31,-4.72
208326,2251,0,159,95056,35.00,-7.37,-4.77
208348,2087,0,151,95076,35.00,-7.45,-4.80
208370,1641,0,138,95092,35.00,-7.29,-4.74
208392,1349,0,138,95063,35.00,-7.27,-4.67
208414,1439,0,139,95018,35.00,-7.44,-4.80
208436,1444,0,147,94978,35.00,-7.34,-4.76
208458,1727,0,155,94973,35.00,-7.41,-4.72
208480,2053,0,172,94992,35.00,-7.39,-4.73
208502,2171,0,163,94878,35.00,-7.36,-4.75
208543,2449,0,168,93054,35.00,-7.38,-4.72
208565,2375,0,159,92735,35.00,-7.38,-4.74
208587,2096,0,143,92576,35.00,-7.34,-4.77
208609,1773,0,139,92556,35.00,-7.37,-4.76
208631,1483,0,133,92764,35.00,-7.37,-4.77
208653,1285,0,138,93028,35.00,-7.41,-4.77
208675,1363,0,141,93179,35.00,-7.39,-4.75
208697,1564,0,151,93249,35.00,-7.40,-4.74
208719,1881,0,159,93395,35.00,-7.39,-4.76
208741,2284,0,167,93522,35.00,-7.38,-4.70
208783,2475,0,171,93684,35.00,-7.38,-4.71
208805,2459,0,163,93693,35.00,-7.38,-4.72
208827,2077,0,149,93841,35.00,-7.38,-4.74
208849,1719,0,139,94019,35.00,-7.39,-4.71
208871,1431,0,138,94151,35.00,-7.51,-4.81
208893,1069,0,127,94186,35.00,-7.24,-4.66
208915,1819,0,153,94116,35.00,-7.46,-4.74
208937,1785,0,155,94086,35.00,-7.35,-4.79
208959,1841,0,163,94148,35.00,-7.34,-4.76
208981,2366,0,173,94243,35.00,-7.37,-4.77
209378,2025,0,167,94372,36.79,-7.38,-4.81
209406,2381,0,169,98166,35.00,-7.21,-4.91
209428,1370,0,123,98274,35.00,-7.23,-4.86
209450,1255,0,125,98103,35.00,-7.24,-4.88
209472,1119,0,131,98076,35.00,-7.30,-4.78
209494,1310,0,141,98164,35.00,-7.21,-4.89
209516,1579,0,152,97926,35.00,-7.69,-4.94
209538,1927,0,163,97552,35.00,-7.35,-4.83
209560,2681,0,179,97145,35.00,-7.33,-4.76
209582,2547,0,169,96949,35.00,-7.38,-4.79
209604,2354,0,155,97135,35.00,-7.32,-4.78
209645,2055,0,140,97557,35.00,-7.35,-4.77
209667,1802,0,135,96763,35.00,-7.63,-4.82
209689,1595,0,135,96081,35.00,-7.40,-4.73
209711,1712,0,134,95579,35.00,-7.22,-4.74
209733,1382,0,135,95432,35.00,-7.55,-4.92
209755,584,0,127,95601,35.00,-7.25,-4.76
209777,1622,0,152,95802,35.00,-7.30,-4.86
209799,2991,0,171,96061,35.00,-7.28,-4.78
209821,3163,0,167,96479,35.00,-7.36,-4.84
209843,2951,0,165,97130,35.00,-7.31,-4.74
209865,2557,0,151,97818,35.00,-7.43,-4.78
209906,2595,0,149,98731,35.00,-7.27,-4.89
209928,2643,0,140,99070,35.00,-7.59,-5.07
209950,2021,0,139,99707,35.00,-7.35,-4.96
209972,1160,0,125,99707,35.00,-7.29,-4.85
209994,1321,0,148,99707,35.00,-7.28,-4.89
210395,1756,0,163,99707,36.79,-7.54,-4.94
210427,1207,0,158,99707,35.00,-6.64,-4.67
210449,1021,0,137,99707,35.00,-7.39,-4.53
210471,861,0,147,99707,35.00,-7.42,-4.26
210493,1846,0,157,99707,35.00,-7.46,-4.63
210515,2374,0,165,99707,35.00,-7.68,-4.64
210537,0,0,149,99707,35.00,-7.25,-5.03
210559,0,0,143,99707,35.00,-6.96,-4.70
210581,0,0,141,99707,35.00,-0.84,-3.78
210603,1285,0,153,99707,35.00,-6.24,-4.57
210625,1323,0,151,99707,35.00,-6.71,-4.16
210647,0,0,95,99707,35.00,-5.21,-9.86
210688,4095,0,207,99707,35.00,-7.17,-5.99
210710,0,0,119,99707,35.00,-5.96,-7.01
210732,0,0,124,99707,35.00,-11.70,9.96
210754,1722,0,173,99707,35.00,-5.56,-7.46
210776,617,0,155,99707,35.00,-7.21,-7.83
210798,0,0,141,99707,35.00,-4.21,-7.36
210820,23,0,150,99707,35.00,-6.54,-8.08
210842,0,0,95,99707,35.00,-8.56,-6.99
210864,1032,0,119,99707,35.00,-5.14,-7.92
210886,1599,0,155,99707,35.00,-4.79,-8.97
210929,0,0,103,99707,35.00,-3.66,-9.04
210951,0,0,109,99707,35.00,-3.01,-8.40
210973,0,0,125,99707,35.00,-4.19,-8.28
210995,0,0,146,99707,35.00,-3.38,-8.04
211413,0,0,147,99707,36.27,-5.51,-7.95
211450,2153,0,159,99707,35.00,-4.85,-8.02
211472,1417,0,149,99707,35.00,-4.26,-7.74
211494,0,0,125,99707,35.00,-4.98,-7.33
211516,0,0,142,99707,35.00,-4.19,-6.84
211538,33,0,127,99707,35.00,-5.97,-6.94
211560,0,0,125,99707,35.00,-5.70,-6.24
211582,4023,0,185,99707,35.00,-5.84,-6.45
211604,4095,0,171,99707,35.00,-6.94,-5.55
211626,4095,0,152,99707,35.00,-6.31,-5.76
211648,0,0,81,99707,35.00,-7.16,-5.46
211691,0,0,115,99707,35.00,-6.46,-5.02
211713,3286,0,156,99707,35.00,-6.22,-5.05
211735,327,0,120,99707,35.00,-6.21,-5.00
211757,0,0,121,99707,35.00,-7.35,-4.79
211779,4095,0,189,99707,35.00,-6.66,-4.69
211801,4095,0,183,99707,35.00,-5.79,-4.47
211823,4095,0,173,99707,35.00,-6.25,-5.58
211845,4095,0,169,99707,35.00,-6.78,-5.86
211867,0,0,103,99707,35.00,-5.88,-5.92
211889,1198,0,149,99707,35.00,-6.62,-5.63
211931,1369,0,153,99707,35.00,-6.01,-5.50
211953,3349,0,183,99707,35.00,-6.63,-5.91
211975,4095,0,187,99707,35.00,-6.64,-6.22
211997,4095,0,182,99707,35.00,-6.40,-6.09
212429,4095,0,181,99707,36.37,-6.00,-6.14
212458,844,0,147,99707,35.00,-6.19,-6.12
212480,1049,0,137,99707,35.00,-6.05,-6.10
212502,1598,0,139,99707,35.00,-6.88,-6.26
212524,1983,0,133,99707,35.00,-7.74,-5.60
212546,1125,0,123,99707,35.00,-6.70,-5.87
212568,709,0,133,99707,35.00,-6.45,-6.00
212590,1048,0,138,99707,35.00,-6.52,-6.03
212612,1547,0,155,99707,35.00,-6.50,-6.00
212653,1949,0,159,99707,35.00,-6.19,-5.80
212675,2131,0,166,99707,35.00,-6.55,-5.91
212697,2317,0,165,99707,35.00,-6.50,-5.91
212719,2445,0,159,99707,35.00,-6.50,-5.89
212741,1774,0,143,99707,35.00,-6.47,-5.89
212763,1227,0,123,99707,35.00,-7.22,-5.57
212785,739,0,119,99707,35.00,-6.14,-5.92
212807,727,0,125,99707,35.00,-6.60,-6.05
212829,1259,0,140,99707,35.00,-6.58,-5.60
212851,1907,0,159,99707,35.00,-7.28,-5.81
212894,2351,0,165,99707,35.00,-6.48,-6.00
212916,3155,0,173,99707,35.00,-6.45,-5.86
212938,2664,0,157,99707,35.00,-6.81,-5.96
212960,2153,0,145,99707,35.00,-6.34,-5.92
212982,1913,0,135,99707,35.00,-6.23,-5.99
213703,1701,0,133,99707,36.38,-6.56,-5.97
213736,1895,0,134,99707,35.00,-6.47,-5.72
213758,2943,0,153,99707,35.00,-6.16,-5.63
213780,2730,0,143,99707,35.00,-6.83,-5.73
213802,2655,0,141,99707,35.00,-6.48,-5.70
213824,3319,0,155,99707,35.00,-6.50,-5.66
213846,749,0,117,99707,35.00,-6.39,-5.81
213868,0,0,124,99707,35.00,-6.49,-5.68
213890,78,0,140,99707,35.00,-6.52,-5.88
213912,2683,0,175,99707,35.00,-6.55,-5.73
213934,2302,0,175,99707,35.00,-6.56,-5.71
213976,2220,0,159,99707,35.00,-6.56,-5.70
213998,2491,0,157,99707,35.00,-6.54,-5.70
214020,432,0,121,99707,35.00,-6.55,-5.75
214042,106,0,121,99707,35.00,-6.48,-5.67
214064,71,0,125,99707,35.00,-6.60,-5.59
214086,185,0,141,99707,35.00,-6.29,-5.65
214108,2494,0,173,99707,35.00,-6.50,-5.80
214130,2507,0,171,99707,35.00,-6.62,-5.73
214152,3528,0,187,99707,35.00,-6.51,-5.70
214174,3187,0,181,99707,35.00,-6.54,-5.78
214196,3345,0,170,99707,35.00,-6.52,-5.79
214237,2698,0,150,99707,35.00,-6.50,-5.72
214259,2077,0,139,99707,35.00,-6.57,-5.75
214281,1870,0,135,99707,35.00,-6.61,-5.93
214303,1561,0,125,99707,35.00,-6.59,-5.63
214325,1711,0,139,99707,35.00,-6.53,-5.71
214347,2918,0,164,99707,35.00,-6.56,-5.74
214369,3821,0,182,99707,35.00,-6.58,-5.70
214391,4053,0,184,99707,35.00,-6.59,-5.72
214413,4095,0,185,99707,35.00,-6.53,-5.70
214435,2489,0,159,99707,35.00,-6.38,-5.67
214478,978,0,127,99707,35.00,-6.80,-5.71
214500,405,0,118,99707,35.00,-5.36,-5.78
214522,0,0,115,99707,35.00,-6.41,-5.56
214544,137,0,121,99707,35.00,-7.20,-5.73
214566,4095,0,199,99707,35.00,-6.46,-5.29
214588,1821,0,131,99707,35.00,-5.63,-5.25
214610,1293,0,137,99707,35.00,-6.72,-5.70
214632,0,0,133,99707,35.00,-6.60,-5.47
214654,653,0,133,99707,35.00,-6.14,-7.13
214676,0,0,117,99707,35.00,-6.78,-4.65
214718,0,0,121,99707,35.00,-7.31,-4.97
214740,4095,0,180,99707,35.00,-6.98,-6.33
214762,4095,0,173,99707,35.00,-6.41,-4.85
214784,4095,0,175,99707,35.00,-7.00,-5.36
214806,4095,0,180,99707,35.00,-5.87,-5.57
214828,4095,0,183,99707,35.00,-6.48,-5.52
214850,4095,0,178,99707,35.00,-6.70,-5.63
214872,2485,0,141,99707,35.00,-6.66,-5.57
214894,1626,0,115,99707,35.00,-6.56,-5.87
214916,4095,0,152,99707,35.00,-7.25,-5.81
214938,0,0,91,99707,35.00,-6.68,-5.66
214979,0,0,135,99707,35.00,-6.62,-5.72
215738,994,0,136,99707,36.65,-6.60,-5.60
215781,750,0,117,99707,35.00,-6.63,-5.75
215803,2251,0,151,99707,35.00,-6.62,-5.73
215825,2019,0,155,99707,35.00,-6.61,-5.74
215847,2379,0,167,99707,35.00,-6.60,-5.69
215869,1983,0,169,99707,35.00,-6.63,-5.77
215891,4095,0,201,99707,35.00,-6.63,-5.73
215913,4040,0,189,99707,35.00,-6.59,-5.77
215935,1553,0,114,99707,35.00,-6.93,-5.86
215957,59,0,108,99707,35.00,-6.56,-5.76
215979,647,0,124,99707,35.00,-6.64,-5.71
216021,1906,0,146,99376,35.00,-6.65,-5.78
216043,4095,0,179,99046,35.00,-7.16,-5.75
216065,1907,0,157,98947,35.00,-6.54,-5.71
216087,2629,0,169,98900,35.00,-6.64,-5.81
216109,2037,0,159,98930,35.00,-6.64,-5.79
216131,2257,0,166,99039,35.00,-6.61,-5.77
216153,2055,0,157,99174,35.00,-6.53,-5.79
216175,1506,0,135,99324,35.00,-6.62,-5.82
216197,1311,0,137,99461,35.00,-6.56,-5.76
216219,1239,0,135,99594,35.00,-6.65,-5.78
216241,758,0,127,99663,35.00,-6.58,-5.81
216282,1246,0,147,99674,35.00,-6.63,-5.81
216304,1455,0,149,99756,35.00,-6.62,-5.81
216326,1893,0,157,99924,35.00,-6.63,-5.82
216348,1804,0,159,99924,35.00,-6.60,-5.82
216370,2106,0,167,99924,35.00,-6.59,-5.77
216392,1929,0,149,99924,35.00,-6.56,-5.75
216414,1645,0,142,99924,35.00,-6.57,-5.80
216436,1679,0,139,99924,35.00,-6.57,-5.81
216458,1469,0,139,99924,35.00,-6.61,-5.79
216480,1305,0,135,99924,35.00,-6.62,-5.78
216502,1461,0,151,99924,35.00,-6.69,-5.79
216543,1595,0,157,99924,35.00,-6.64,-5.81
216565,1909,0,156,99924,35.00,-6.55,-5.76
216587,2269,0,171,99765,35.00,-6.59,-5.75
216609,2388,0,173,99349,35.00,-6.56,-5.80
216631,894,0,137,99127,35.00,-6.64,-5.80
216653,968,0,139,99046,35.00,-6.64,-5.80
216675,1901,0,147,99065,35.00,-6.60,-5.79
216697,2725,0,155,99343,35.00,-6.58,-5.75
216719,3293,0,159,99640,35.00,-6.47,-5.81
216741,1406,0,143,99809,35.00,-6.54,-5.80
216783,1556,0,143,99809,35.00,-6.57,-5.78
216805,2029,0,162,99809,35.00,-6.64,-5.81
216827,1197,0,149,99809,35.00,-6.62,-5.77
216849,1319,0,157,99809,35.00,-6.61,-5.78
216871,1894,0,158,99938,35.00,-6.61,-5.79
216893,1980,0,153,99848,35.00,-6.64,-5.76
216915,1643,0,141,99841,35.00,-6.59,-5.83
216937,1334,0,135,99768,35.00,-6.56,-5.80
216959,1451,0,139,99646,35.00,-6.64,-5.80
216981,1892,0,151,99501,35.00,-6.62,-5.82
217518,2263,0,169,99373,36.63,-6.62,-5.80
217548,1391,0,143,98539,35.00,-6.58,-5.80
217570,2229,0,155,98768,35.00,-6.71,-5.85
217592,1962,0,148,98951,35.00,-6.61,-5.80
217614,1625,0,134,98885,35.00,-6.62,-5.81
217636,1399,0,127,98752,35.00,-6.61,-5.83
217658,1483,0,137,98910,35.00,-6.59,-5.77
217680,1865,0,149,99280,35.00,-6.57,-5.79
217702,2219,0,156,99301,35.00,-6.59,-5.82
217724,2235,0,165,98867,35.00,-6.64,-5.81
217766,2419,0,167,98388,35.00,-6.65,-5.80
217788,1780,0,157,98420,35.00,-6.55,-5.72
217810,1747,0,146,98389,35.00,-6.60,-5.78
217832,1461,0,134,98056,35.00,-6.61,-5.83
217854,991,0,137,97586,35.00,-6.61,-5.82
217876,1132,0,131,97219,35.00,-6.63,-5.75
217898,2030,0,155,96902,35.00,-6.60,-5.71
217920,1848,0,144,96481,35.00,-6.64,-5.79
217942,2263,0,159,96069,35.00,-6.60,-5.80
217964,3320,0,183,95751,35.00,-6.64,-5.80
218536,4095,0,199,95265,36.61,-6.59,-5.83
218568,1648,0,147,95830,35.00,-6.61,-5.79
218590,1765,0,137,96175,35.00,-6.59,-5.81
218612,1465,0,137,96511,35.00,-6.58,-5.81
218634,1383,0,138,96773,35.00,-6.60,-5.82
218656,1501,0,137,96888,35.00,-6.63,-5.79
218678,1709,0,149,96980,35.00,-6.64,-5.84
218700,2149,0,159,97140,35.00,-6.62,-5.82
218722,2971,0,183,97406,35.00,-6.57,-5.85
218744,4094,0,207,97804,35.00,-6.58,-5.84
218766,4095,0,189,97880,35.00,-6.52,-5.79
218809,2585,0,157,96926,35.00,-6.69,-5.91
218831,1770,0,137,96669,35.00,-6.53,-5.87
218853,1559,0,134,95837,35.00,-6.54,-5.85
218875,1319,0,135,94805,35.00,-6.57,-5.89
218897,1213,0,133,94134,35.00,-6.62,-5.92
218919,1443,0,145,94042,35.00,-6.56,-5.89
218941,1595,0,155,94428,35.00,-6.45,-5.89
218963,1771,0,159,95048,35.00,-6.64,-5.94
218985,3025,0,183,95643,35.00,-6.89,-6.25
219553,2095,0,163,96321,36.61,-6.36,-5.79
219591,1935,0,141,96321,35.00,-6.59,-5.83
219613,0,0,111,96321,35.00,-6.60,-5.87
219635,0,0,115,99933,35.00,-6.62,-5.84
219657,1487,0,149,99858,35.00,-6.53,-5.85
219679,2557,0,167,99858,35.00,-6.56,-5.84
219701,2932,0,143,99858,35.00,-6.58,-5.84
219723,4095,0,181,99858,35.00,-6.62,-5.82
219745,621,0,144,99858,35.00,-6.39,-5.70
219767,0,0,111,99858,35.00,-6.52,-5.78
219789,2409,0,179,99858,35.00,-6.60,-5.84
219831,2639,0,157,99858,35.00,-6.59,-5.85
219853,1195,0,119,99858,35.00,-6.59,-5.81
219875,0,0,122,99858,35.00,-6.62,-5.85
219897,0,0,137,99858,35.00,-6.58,-5.83
219919,1427,0,158,99858,35.00,-6.57,-5.85
219941,3365,0,187,99858,35.00,-6.59,-5.87
219963,3291,0,181,99858,35.00,-6.57,-5.82
219985,2419,0,159,99858,35.00,-6.58,-5.87
220571,1893,0,155,99858,36.88,-6.62,-5.83
220613,1637,0,135,99858,35.00,-6.62,-5.85
220635,1717,0,141,99858,35.00,-6.61,-5.84
220657,2193,0,155,99858,35.00,-6.62,-5.86
220679,2364,0,165,99664,35.00,-6.60,-5.86
220701,2669,0,173,99144,35.00,-6.56,-5.82
220723,2695,0,175,98770,35.00,-6.61,-5.85
220745,2317,0,153,98570,35.00,-6.57,-5.83
220767,2063,0,139,98579,35.00,-6.61,-5.85
220789,1625,0,123,98717,35.00,-6.61,-5.84
220811,1402,0,123,98868,35.00,-6.58,-5.83
220833,1339,0,135,98981,35.00,-6.60,-5.84
220874,1549,0,140,99003,35.00,-6.61,-5.87
220896,1691,0,148,98935,35.00,-6.57,-5.85
220918,2005,0,156,98918,35.00,-6.56,-5.84
220940,2311,0,159,98964,35.00,-6.58,-5.84
220962,2488,0,165,99019,35.00,-6.60,-5.84
220984,2415,0,151,98985,35.00,-6.60,-5.86
221588,2156,0,148,98955,37.16,-6.55,-5.84
221619,1203,0,124,97846,35.00,-6.60,-5.84
221641,2359,0,165,97830,35.00,-6.58,-5.83
221663,2441,0,169,97869,35.00,-6.59,-5.87
221685,1933,0,148,97928,35.00,-6.59,-5.68
221707,1049,0,119,98026,35.00,-6.66,-5.83
221729,1014,0,118,98071,35.00,-6.56,-5.88
221751,1123,0,125,98066,35.00,-6.56,-5.84
221773,1271,0,140,98127,35.00,-6.60,-5.82
221795,1746,0,151,98153,35.00,-6.58,-5.81
221836,2155,0,163,97322,35.00,-6.59,-5.85
221858,2207,0,166,97094,35.00,-6.59,-5.85
221880,2556,0,172,97028,35.00,-6.63,-5.82
221902,2517,0,165,97121,35.00,-6.61,-5.87
221924,2215,0,149,97295,35.00,-6.60,-5.85
221946,1727,0,137,97489,35.00,-6.58,-5.83
221968,1551,0,133,97648,35.00,-6.56,-5.82
221990,1390,0,136,97757,35.00,-6.60,-5.87
222352,1373,0,136,97820,36.89,-6.59,-5.87
222380,1773,0,156,97083,35.00,-6.58,-5.84
222402,2344,0,155,96753,35.00,-6.58,-5.86
222424,2041,0,147,96570,35.00,-6.58,-5.85
222446,1545,0,126,96543,35.00,-6.60,-5.83
222468,1297,0,125,96604,35.00,-6.57,-5.86
222490,1311,0,125,96724,35.00,-6.59,-5.84
222512,1495,0,137,96829,35.00,-6.60,-5.84
222534,1741,0,151,96916,35.00,-6.59,-5.86
222556,2087,0,159,96984,35.00,-6.58,-5.83
222598,2509,0,169,97136,35.00,-6.63,-5.81
222620,2603,0,168,97105,35.00,-6.59,-5.83
222642,2411,0,152,97045,35.00,-6.60,-5.84
222664,2009,0,138,96999,35.00,-6.61,-5.84
222686,1647,0,122,96998,35.00,-6.57,-5.87
222708,1392,0,123,96995,35.00,-6.60,-5.85
222730,1379,0,126,96972,35.00,-6.61,-5.81
222752,1549,0,137,96977,35.00,-6.62,-5.85
222774,1845,0,152,97032,35.00,-6.59,-5.88
222796,2197,0,163,97156,35.00,-6.57,-5.87
222818,2341,0,165,97311,35.00,-6.61,-5.87
222859,2303,0,164,98121,35.00,-6.59,-5.87
222881,2628,0,165,98313,35.00,-6.59,-5.93
222903,2283,0,154,98275,35.00,-6.56,-5.83
222925,1943,0,142,97861,35.00,-6.55,-5.81
222947,1268,0,124,97133,35.00,-6.61,-5.87
222969,1066,0,123,96313,35.00,-6.61,-5.86
222991,1177,0,137,95852,35.00,-6.60,-5.84
223369,1587,0,146,95710,36.70,-6.59,-5.87
223400,1277,0,132,98656,35.00,-6.56,-5.85
223422,1980,0,137,99029,35.00,-6.58,-5.89
223444,1576,0,133,99312,35.00,-6.59,-5.84
223466,1577,0,125,99508,35.00,-6.60,-5.87
223488,1251,0,127,99623,35.00,-6.62,-5.84
223510,1396,0,139,99390,35.00,-6.59,-5.86
223532,1725,0,149,98870,35.00,-6.60,-5.88
223554,1975,0,157,98347,35.00,-6.59,-5.85
223576,2056,0,162,97996,35.00,-6.55,-5.83
223598,2450,0,163,97864,35.00,-6.58,-5.83
223620,2507,0,155,97857,35.00,-6.60,-5.90
223661,1849,0,131,97142,35.00,-6.60,-5.85
223683,1846,0,124,96730,35.00,-6.62,-5.90
223705,1435,0,121,96628,35.00,-6.61,-5.88
223727,1715,0,132,96872,35.00,-6.66,-5.86
223749,1876,0,141,97366,35.00,-6.58,-5.86
223771,1943,0,151,98028,35.00,-6.60,-5.81
223793,2269,0,161,98785,35.00,-6.59,-5.86
223815,2447,0,171,99432,35.00,-6.58,-5.83
223837,2833,0,176,99943,35.00,-6.58,-5.84
223859,2263,0,158,99943,35.00,-6.62,-5.86
223902,1972,0,149,99815,35.00,-6.59,-5.86
223924,1640,0,125,99347,35.00,-6.56,-5.85
223946,1525,0,134,98943,35.00,-6.56,-5.86
223968,1447,0,139,98694,35.00,-6.58,-5.86
223990,1467,0,142,98601,35.00,-6.59,-5.84
224386,1897,0,153,98600,36.89,-6.56,-5.84
224423,1396,0,138,97674,35.00,-6.61,-5.87
224445,1287,0,125,97674,35.00,-6.53,-5.84
224467,1319,0,127,97611,35.00,-6.58,-5.87
224489,1431,0,138,97527,35.00,-6.59,-5.85
224511,1803,0,152,97475,35.00,-6.61,-5.85
224533,2073,0,159,97425,35.00,-6.60,-5.85
224555,2441,0,167,97272,35.00,-6.60,-5.87
224577,2418,0,165,97132,35.00,-6.56,-5.85
224599,2261,0,153,97070,35.00,-6.61,-5.88
224621,1845,0,137,97095,35.00,-6.59,-5.84
224664,1431,0,123,97019,35.00,-6.62,-5.86
224686,1053,0,117,96583,35.00,-6.62,-5.87
224708,1221,0,133,96322,35.00,-6.61,-5.83
224730,1534,0,143,96368,35.00,-6.58,-5.84
224752,2011,0,157,96349,35.00,-6.61,-5.82
224774,2509,0,169,96249,35.00,-6.60,-5.88
224796,2476,0,164,96448,35.00,-6.60,-5.87
224818,2601,0,165,96836,35.00,-6.63,-5.83
224840,2184,0,151,97135,35.00,-6.60,-5.84
224862,1763,0,137,97268,35.00,-6.56,-5.85
224904,1421,0,136,97277,35.00,-6.58,-5.87
224926,1334,0,133,97355,35.00,-6.61,-5.87
224948,1481,0,139,97361,35.00,-6.59,-5.86
224970,1845,0,151,97268,35.00,-6.61,-5.85
224992,2095,0,165,97070,35.00,-6.60,-5.89
225404,2393,0,167,96959,36.96,-6.62,-5.84
225445,1352,0,132,96891,35.00,-6.60,-5.86
225467,1423,0,135,96785,35.00,-6.60,-5.88
225489,1774,0,148,96768,35.00,-6.60,-5.84
225511,2102,0,159,96920,35.00,-6.58,-5.94
225533,2215,0,159,97200,35.00,-6.57,-5.87
225555,2509,0,165,97455,35.00,-6.57,-5.85
225577,2231,0,151,97559,35.00,-6.60,-5.88
225599,1973,0,141,97716,35.00,-6.58,-5.84
225621,1573,0,124,97952,35.00,-6.56,-5.85
225643,1288,0,123,98167,35.00,-6.61,-5.86
225665,1255,0,124,98442,35.00,-6.63,-5.84
225706,1307,0,137,99767,35.00,-6.60,-5.90
225728,1709,0,141,99767,35.00,-6.57,-5.82
225750,2173,0,160,99767,35.00,-6.63,-5.85
225772,2261,0,165,99767,35.00,-6.62,-5.85
225794,2527,0,171,99767,35.00,-6.65,-5.89
225816,2537,0,166,99767,35.00,-6.63,-5.86
225838,2095,0,147,99767,35.00,-6.59,-5.84
225860,1725,0,138,99767,35.00,-6.62,-5.90
225882,1428,0,135,99767,35.00,-6.57,-5.88
225904,1318,0,125,99767,35.00,-6.59,-5.85
225926,1395,0,136,99767,35.00,-6.60,-5.85
225967,1772,0,152,99363,35.00,-6.61,-5.86
225989,1897,0,155,98886,35.00,-6.60,-5.86
226421,2175,0,163,98501,36.69,-6.62,-5.84
226450,1243,0,141,98501,35.00,-6.61,-5.91
226472,2323,0,181,98501,35.00,-6.59,-5.89
226494,2787,0,186,98501,35.00,-6.61,-5.93
226516,2531,0,175,98501,35.00,-6.63,-5.89
226538,2215,0,163,98501,35.00,-6.58,-5.94
226560,1687,0,152,98501,35.00,-6.60,-5.93
226582,1407,0,152,98501,35.00,-6.57,-5.90
226604,1253,0,157,98501,35.00,-6.60,-5.88
226626,1554,0,155,98501,35.00,-6.56,-5.87
226669,2123,0,165,98501,35.00,-6.61,-5.90
226691,2425,0,171,98501,35.00,-6.58,-5.91
226713,2074,0,163,98501,35.00,-6.56,-5.90
226735,2235,0,163,98501,35.00,-6.57,-5.90
226757,1917,0,141,98501,35.00,-6.58,-5.89
226779,1582,0,133,98501,35.00,-6.59,-5.94
226801,1308,0,124,98501,35.00,-6.62,-5.89
226823,1193,0,123,98501,35.00,-6.58,-5.90
226845,1433,0,138,98501,35.00,-6.57,-5.89
226867,1637,0,151,98501,35.00,-6.62,-5.87
226909,2310,0,171,98501,35.00,-6.56,-5.90
226931,2003,0,163,98501,35.00,-6.61,-5.93
226953,2351,0,171,98501,35.00,-6.60,-5.91
226975,2284,0,158,98501,35.00,-6.58,-5.88
226997,1926,0,141,98501,35.00,-6.61,-5.94
227439,1663,0,134,98501,36.46,-6.58,-5.88
227471,1461,0,121,98501,35.00,-6.57,-5.92
227493,2348,0,156,98501,35.00,-6.63,-5.91
227515,2557,0,149,98501,35.00,-6.58,-5.89
227537,1581,0,133,98501,35.00,-6.61,-5.88
227559,825,0,109,98501,35.00,-6.58,-5.90
227581,1017,0,121,98501,35.00,-6.59,-5.90
227603,1223,0,146,98501,35.00,-6.56,-5.90
227625,2021,0,159,98501,35.00,-6.60,-5.93
227647,2084,0,163,98501,35.00,-6.56,-5.88
227669,2310,0,171,98501,35.00,-6.65,-5.91
227711,2045,0,163,98501,35.00,-6.61,-5.91
227733,2083,0,153,98501,35.00,-6.57,-5.92
227755,1843,0,142,98501,35.00,-6.61,-5.90
227777,1593,0,134,98501,35.00,-6.58,-5.89
227799,1379,0,126,98501,35.00,-6.59,-5.87
227821,1341,0,127,98501,35.00,-6.62,-5.91
227843,1416,0,139,98501,35.00,-6.61,-5.92
227865,1705,0,150,98501,35.00,-6.58,-5.85
227887,2014,0,158,98501,35.00,-6.57,-5.87
227909,2291,0,167,98501,35.00,-6.59,-5.89
227931,2523,0,167,98501,35.00,-6.58,-5.87
227972,2367,0,157,98501,35.00,-6.57,-5.88
227994,2387,0,155,98501,35.00,-6.60,-5.87
228711,1879,0,145,98501,36.87,-6.55,-5.87
228735,2218,0,148,99164,35.00,-6.60,-5.87
228757,1498,0,126,99401,35.00,-6.58,-5.90
228779,1299,0,125,99539,35.00,-6.58,-5.91
228801,1365,0,137,99618,35.00,-6.59,-5.90
228823,1595,0,147,99745,35.00,-6.60,-5.88
228845,1951,0,159,99811,35.00,-6.59,-5.90
228867,2301,0,167,99799,35.00,-6.59,-5.88
228889,2519,0,167,99743,35.00,-6.62,-5.87
228911,2519,0,163,99711,35.00,-6.60,-5.87
228933,2197,0,147,99606,35.00,-6.61,-5.87
228974,1768,0,135,99413,35.00,-6.60,-5.88
228996,1515,0,124,99573,35.00,-6.58,-5.89
229728,1295,0,124,99843,36.62,-6.58,-5.89
229757,2450,0,158,99843,35.00,-6.59,-5.92
229779,1273,0,135,99843,35.00,-6.57,-5.89
229801,1566,0,142,99843,35.00,-6.60,-5.93
229823,1884,0,154,99940,35.00,-6.56,-5.88
229845,2173,0,164,99577,35.00,-6.61,-5.93
229867,2457,0,167,99423,35.00,-6.59,-5.92
229889,2441,0,163,99588,35.00,-6.60,-5.89
229911,2280,0,152,99980,35.00,-6.62,-5.88
229933,1906,0,139,99980,35.00,-6.56,-5.88
229955,1511,0,123,99980,35.00,-6.61,-5.89
229997,1275,0,123,99980,35.00,-6.59,-5.86
230746,1255,0,131,99980,36.51,-6.59,-5.91
230779,2365,0,163,98982,35.00,-6.56,-5.93
230801,1695,0,147,98978,35.00,-6.59,-5.89
230823,2133,0,163,98972,35.00,-6.57,-5.92
230845,2393,0,160,98952,35.00,-6.60,-5.89
230867,2549,0,163,99046,35.00,-6.60,-5.91
230889,2419,0,152,99191,35.00,-6.58,-5.88
230911,2085,0,139,99320,35.00,-6.55,-5.89
230933,1671,0,133,99311,35.00,-6.59,-5.88
230955,1384,0,123,99031,35.00,-6.62,-5.94
230977,1333,0,127,98600,35.00,-6.60,-5.92
230999,1465,0,141,98251,35.00,-6.61,-5.98
231040,1833,0,153,98164,35.00,-6.58,-5.87
231062,1935,0,152,98571,35.00,-6.62,-5.87
231084,2336,0,170,99112,35.00,-6.55,-5.90
231106,2485,0,166,99585,35.00,-6.57,-5.90
231128,2357,0,151,99585,35.00,-6.61,-5.89
231150,2125,0,147,99585,35.00,-6.57,-5.89
231172,1640,0,121,99585,35.00,-6.62,-5.88
231194,1462,0,117,99585,35.00,-6.56,-5.90
231216,1387,0,111,99585,35.00,-6.55,-5.89
231238,1151,0,107,99585,35.00,-6.57,-5.92
231280,1547,0,119,99585,35.00,-6.60,-5.93
231302,1907,0,144,99585,35.00,-6.56,-5.88
231324,2355,0,157,99585,35.00,-6.56,-5.89
231346,2685,0,173,99585,35.00,-6.60,-5.92
231368,2348,0,167,99585,35.00,-6.48,-5.92
231390,2520,0,178,99585,35.00,-6.59,-5.85
231412,1642,0,150,99585,35.00,-6.58,-5.90
231434,1597,0,151,99585,35.00,-6.58,-5.94
231456,1287,0,139,99585,35.00,-6.62,-5.91
231478,1609,0,147,99585,35.00,-6.56,-5.92
231500,1767,0,151,99585,35.00,-6.62,-5.90
231541,2059,0,157,99585,35.00,-6.55,-5.92
231563,2175,0,162,99585,35.00,-6.62,-5.88
231585,2579,0,167,99585,35.00,-6.59,-5.87
231607,2147,0,147,99585,35.00,-6.56,-5.88
231629,2053,0,135,99585,35.00,-6.61,-5.90
231651,1499,0,107,99585,35.00,-6.60,-5.92
231673,1381,0,99,99585,35.00,-6.56,-5.91
231695,1007,0,104,99585,35.00,-6.54,-5.93
231717,1187,0,121,99585,35.00,-6.62,-5.87
231739,1613,0,139,99585,35.00,-6.57,-5.95
231761,1854,0,158,99585,35.00,-6.58,-5.91
231802,2303,0,175,99585,35.00,-6.55,-5.88
231824,2835,0,197,99585,35.00,-6.56,-5.80
231846,2751,0,188,99585,35.00,-6.59,-5.89
231868,2541,0,171,99585,35.00,-6.61,-5.91
231890,2199,0,163,99585,35.00,-6.57,-5.88
231912,1997,0,149,99585,35.00,-6.60,-5.88
231934,1513,0,135,99585,35.00,-6.59,-5.93
231956,1359,0,133,99585,35.00,-6.60,-5.92
231978,1509,0,141,99585,35.00,-6.60,-5.90
232526,1879,0,156,99585,37.49,-6.61,-5.87
232564,2379,0,156,96954,35.00,-6.60,-5.88
232586,2517,0,156,96876,35.00,-6.62,-5.88
232608,2183,0,143,96654,35.00,-6.59,-5.92
232630,1835,0,135,96201,35.00,-6.60,-5.89
232652,1451,0,125,95765,35.00,-6.57,-5.91
232674,1435,0,132,95415,35.00,-6.58,-5.89
232696,1561,0,140,95287,35.00,-6.52,-5.93
232718,2011,0,149,95351,35.00,-6.54,-5.85
232740,2484,0,167,95538,35.00,-6.56,-5.90
232762,2572,0,166,95719,35.00,-6.56,-5.82
232804,2578,0,165,96481,35.00,-6.61,-5.89
232826,2391,0,151,96852,35.00,-6.61,-5.91
232848,1884,0,137,97122,35.00,-6.59,-5.91
232870,1655,0,127,97306,35.00,-6.63,-5.89
232892,1415,0,123,97457,35.00,-6.57,-5.87
232914,1237,0,125,97440,35.00,-6.58,-5.90
232936,1415,0,139,97199,35.00,-6.56,-5.93
232958,1763,0,151,96829,35.00,-6.55,-5.87
232980,2394,0,167,96516,35.00,-6.59,-5.87
233544,2583,0,171,96423,36.71,-6.56,-5.90
233586,3319,0,201,97741,35.00,-6.46,-5.92
233608,4095,0,159,97768,35.00,-6.66,-6.07
233630,4095,0,165,97780,35.00,-6.64,-5.99
233652,4095,0,169,97827,35.00,-6.54,-5.93
233674,2287,0,147,97951,35.00,-6.55,-5.96
233696,0,0,137,98137,35.00,-6.64,-6.04
233718,2147,0,184,98258,35.00,-6.55,-6.00
233740,4095,0,191,98240,35.00,-6.61,-6.14
233762,703,0,122,98416,35.00,-6.59,-5.99
233784,229,0,135,98698,35.00,-6.55,-5.99
233806,4095,0,185,98860,35.00,-6.51,-6.02
233847,758,0,93,97924,35.00,-6.54,-5.99
233869,0,0,125,97617,35.00,-6.53,-6.05
233891,37,0,127,97492,35.00,-6.58,-5.94
233913,752,0,121,97564,35.00,-6.55,-5.94
233935,1501,0,149,97826,35.00,-6.67,-5.98
233957,4095,0,192,98078,35.00,-6.78,-5.92
233979,3228,0,175,98275,35.00,-6.54,-6.01
234562,2398,0,157,98506,36.60,-6.58,-5.93
234593,4095,0,180,98506,35.00,-6.49,-5.92
234615,4095,0,189,98506,35.00,-6.57,-5.98
234637,4095,0,199,98506,35.00,-6.52,-5.93
234659,4095,0,205,98506,35.00,-6.50,-6.02
234681,0,0,140,98506,35.00,-6.56,-5.99
234703,0,0,147,98506,35.00,-6.61,-6.00
234725,0,0,137,98506,35.00,-6.59,-6.01
234747,0,0,125,98506,35.00,-6.56,-6.04
234789,3219,0,170,98506,35.00,-6.52,-6.03
234811,1351,0,127,98506,35.00,-6.58,-6.07
234833,2237,0,158,98506,35.00,-6.59,-5.98
234855,2589,0,172,98506,35.00,-6.54,-5.99
234877,4095,0,201,98506,35.00,-6.59,-6.01
234899,4095,0,197,98506,35.00,-6.59,-5.93
234921,4095,0,191,98506,35.00,-6.59,-6.00
234943,3015,0,145,98506,35.00,-6.60,-5.91
234965,1714,0,137,98506,35.00,-6.67,-5.83
234987,0,0,111,98506,35.00,-6.57,-5.90
235579,0,0,121,98993,36.62,-6.55,-5.86
235611,3720,0,214,98012,35.00,-6.62,-5.88
235633,2632,0,152,97996,35.00,-6.63,-5.91
235655,0,0,133,97665,35.00,-6.52,-5.98
235677,0,0,142,97177,35.00,-6.62,-5.90
235699,0,0,135,96687,35.00,-6.61,-5.89
235721,4095,0,181,96299,35.00,-6.52,-5.92
235743,4089,0,159,96062,35.00,-6.57,-5.93
235765,3451,0,143,96121,35.00,-6.48,-5.86
235787,2111,0,123,96358,35.00,-6.54,-5.90
235809,1653,0,119,96472,35.00,-6.61,-5.88
235831,1006,0,121,96531,35.00,-6.58,-5.91
235872,1575,0,138,96762,35.00,-6.56,-5.89
235894,880,0,137,96722,35.00,-6.58,-5.87
235916,1563,0,157,96620,35.00,-6.58,-5.93
235938,2401,0,169,96496,35.00,-6.61,-5.92
235960,3788,0,179,96364,35.00,-6.57,-5.90
235982,2034,0,136,96223,35.00,-6.63,-5.85
236344,2895,0,143,95989,36.28,-6.40,-5.69
236373,0,0,137,93227,35.00,-6.62,-5.90
236395,0,0,147,93454,35.00,-6.73,-5.81
236417,0,0,143,93763,35.00,-6.46,-6.05
236439,0,0,137,94109,35.00,-6.65,-5.87
236461,187,0,122,94430,35.00,-6.57,-5.90
236483,0,0,123,94439,35.00,-6.57,-5.92
236505,0,0,133,94411,35.00,-6.60,-5.97
236527,0,0,119,94304,35.00,-6.62,-5.98
236549,0,0,125,94146,35.00,-6.59,-5.92
236571,0,0,137,94112,35.00,-6.59,-5.87
236593,1532,0,166,94177,35.00,-6.59,-5.98
236634,4095,0,187,94307,35.00,-6.53,-6.01
236656,4095,0,181,94254,35.00,-6.62,-6.03
236678,4095,0,174,94261,35.00,-6.52,-6.05
236700,4095,0,168,94373,35.00,-6.18,-6.00
236722,4095,0,155,94526,35.00,-6.43,-6.14
236744,4095,0,153,94749,35.00,-6.73,-6.02
236766,0,0,85,94957,35.00,-6.64,-6.05
236788,0,0,125,95211,35.00,-6.40,-6.04
236810,0,0,139,95438,35.00,-6.59,-5.99
236832,0,0,149,95510,35.00,-6.57,-5.98
236875,0,0,147,94856,35.00,-6.59,-5.83
236897,0,0,137,94685,35.00,-6.57,-5.90
236919,2075,0,167,94728,35.00,-6.73,-5.94
236941,4095,0,169,94135,35.00,-6.54,-5.99
236963,4095,0,165,92117,35.00,-6.63,-5.99
236985,2951,0,139,90469,35.00,-6.63,-6.05
237360,0,0,114,89852,36.36,-6.57,-5.89
237396,909,0,119,89852,35.00,-6.53,-5.89
237418,1241,0,143,89852,35.00,-6.60,-5.88
237440,1163,0,147,89852,35.00,-6.57,-5.86
237462,1959,0,146,89852,35.00,-6.56,-5.93
237484,1963,0,133,89852,35.00,-6.56,-5.93
237506,2059,0,139,89852,35.00,-6.58,-5.88
237528,2025,0,139,89852,35.00,-6.60,-5.90
237550,1647,0,146,89852,35.00,-6.55,-5.94
237572,2073,0,159,89852,35.00,-6.62,-5.88
237594,139,0,133,89852,35.00,-6.56,-5.91
237637,4095,0,201,89852,35.00,-6.63,-5.90
237659,4095,0,169,89852,35.00,-6.54,-5.89
237681,3893,0,159,89852,35.00,-6.61,-5.89
237703,2999,0,143,89852,35.00,-6.54,-5.88
237725,1899,0,123,89852,35.00,-6.61,-5.87
237747,1651,0,137,89852,35.00,-6.62,-5.90
237769,1563,0,143,89852,35.00,-6.59,-5.90
237791,2079,0,163,89852,35.00,-6.57,-5.89
237813,2792,0,179,89852,35.00,-6.59,-5.87
237835,3079,0,170,89852,35.00,-6.61,-5.88
237877,3177,0,167,89852,35.00,-6.53,-5.96
237899,2757,0,155,89852,35.00,-6.58,-5.89
237921,2381,0,142,89852,35.00,-6.56,-5.88
237943,1965,0,135,89852,35.00,-6.56,-5.89
237965,1287,0,119,89852,35.00,-6.56,-5.87
237987,1895,0,143,89852,35.00,-6.56,-5.92
238377,1369,0,125,89852,36.42,-6.56,-5.91
238419,2569,0,151,99855,35.00,-6.69,-5.92
238441,2893,0,147,99722,35.00,-6.66,-5.93
238463,2789,0,149,99573,35.00,-6.57,-5.93
238485,1453,0,135,99468,35.00,-6.61,-5.89
238507,965,0,126,99443,35.00,-6.60,-5.92
238529,1119,0,149,99418,35.00,-6.58,-5.91
238551,1187,0,151,99380,35.00,-6.59,-5.89
238573,1452,0,157,99310,35.00,-6.56,-5.92
238595,1913,0,154,99015,35.00,-6.59,-5.90
238617,4095,0,191,98445,35.00,-6.63,-5.87
238659,4095,0,170,97593,35.00,-6.62,-5.88
238681,24,0,95,97616,35.00,-6.60,-5.89
238703,1432,0,151,97726,35.00,-6.56,-5.93
238725,0,0,109,97913,35.00,-6.58,-5.89
238747,0,0,125,98111,35.00,-6.56,-5.90
238769,0,0,134,98268,35.00,-6.64,-5.92
238791,0,0,136,98361,35.00,-6.61,-5.88
238813,1343,0,166,98411,35.00,-6.61,-5.86
238835,2183,0,153,98391,35.00,-6.56,-5.87
238857,2389,0,148,98380,35.00,-6.61,-5.93
238879,653,0,109,98347,35.00,-6.59,-5.94
238920,347,0,119,98511,35.00,-6.66,-6.06
238942,824,0,117,98643,35.00,-6.65,-5.88
238964,1021,0,119,98825,35.00,-6.61,-5.85
238986,1079,0,137,99063,35.00,-6.59,-5.90
239394,2745,0,168,99248,36.69,-6.61,-5.88
239422,1083,0,147,99421,35.00,-6.62,-5.86
239444,716,0,120,99517,35.00,-6.60,-5.87
239466,1385,0,141,99597,35.00,-6.69,-5.92
239488,2597,0,167,99637,35.00,-6.60,-5.87
239510,3567,0,182,99514,35.00,-6.59,-5.85
239532,4095,0,186,99421,35.00,-6.61,-5.89
239554,4095,0,181,99244,35.00,-6.60,-5.86
239576,4095,0,189,99117,35.00,-6.66,-5.87
239598,4095,0,173,99074,35.00,-6.54,-5.85
239620,3485,0,157,99061,35.00,-6.61,-5.87
239662,4095,0,173,98902,35.00,-6.61,-5.90
239684,4095,0,173,98785,35.00,-6.58,-5.76
239706,4095,0,180,98699,35.00,-6.57,-5.80
239728,3165,0,159,98588,35.00,-6.60,-5.85
239750,1629,0,159,98488,35.00,-6.65,-5.79
239772,1302,0,151,98386,35.00,-6.72,-5.85
239794,1828,0,157,98322,35.00,-6.66,-5.83
239816,2173,0,153,98337,35.00,-6.70,-5.83
239838,1304,0,133,98361,35.00,-6.66,-5.86
239860,1367,0,133,98303,35.00,-6.71,-5.79
239903,1230,0,125,97138,35.00,-6.59,-5.87
239925,2941,0,165,96779,35.00,-6.65,-5.77
239947,3036,0,165,96485,35.00,-6.60,-5.81
239969,2373,0,157,96370,35.00,-6.63,-5.83
239991,2687,0,171,96427,35.00,-6.63,-5.84
240412,2413,0,166,96507,36.15,-6.65,-5.81
240444,201,0,135,95695,35.00,-6.64,-5.82
240466,0,0,141,95453,35.00,-6.61,-5.79
240488,0,0,148,95056,35.00,-6.67,-5.76
240510,0,0,147,94636,35.00,-6.62,-5.80
240532,0,0,137,94362,35.00,-6.64,-5.81
240554,0,0,126,94296,35.00,-6.66,-5.81
240576,937,0,142,94347,35.00,-6.61,-5.82
240598,717,0,121,94419,35.00,-6.64,-5.83
240620,787,0,119,94556,35.00,-6.61,-5.76
240642,845,0,123,94692,35.00,-6.61,-5.84
240685,760,0,133,94736,35.00,-6.63,-5.80
240707,2456,0,165,94593,35.00,-6.63,-5.81
240729,0,0,123,94411,35.00,-6.63,-5.81
240751,0,0,125,94195,35.00,-6.65,-5.81
240773,2781,0,183,94000,35.00,-6.65,-5.79
240795,3917,0,171,93851,35.00,-6.62,-5.84
240817,1479,0,120,93783,35.00,-6.68,-5.83
240839,0,0,116,93770,35.00,-6.66,-5.78
240861,3963,0,173,93763,35.00,-6.68,-5.83
240883,465,0,122,93779,35.00,-6.61,-5.78
240925,3359,0,187,93992,35.00,-6.65,-5.79
240947,3069,0,163,93961,35.00,-6.66,-5.80
240969,3508,0,188,93912,35.00,-6.64,-5.80
240991,3785,0,180,93949,35.00,-6.61,-5.79
241430,2892,0,157,93998,36.69,-6.71,-5.79
241467,2166,0,153,92662,35.00,-6.68,-5.72
241489,2199,0,165,92804,35.00,-6.67,-5.76
241511,2119,0,165,92928,35.00,-6.65,-5.78
241533,1529,0,143,93002,35.00,-6.66,-5.86
241555,1491,0,135,93007,35.00,-6.67,-5.75
241577,723,0,121,92992,35.00,-6.68,-5.76
241599,1207,0,127,93009,35.00,-6.68,-5.80
241621,1429,0,139,92997,35.00,-6.67,-5.77
241643,1727,0,151,93031,35.00,-6.68,-5.77
241665,2181,0,163,92810,35.00,-6.62,-5.77
241707,2751,0,175,91927,35.00,-6.65,-5.80
241729,2909,0,174,91756,35.00,-6.65,-5.79
241751,2495,0,165,91814,35.00,-6.67,-5.79
241773,1895,0,143,91958,35.00,-6.67,-5.74
241795,1405,0,135,92083,35.00,-6.63,-5.74
241817,1229,0,137,92131,35.00,-6.64,-5.81
241839,1285,0,139,92062,35.00,-6.67,-5.75
241861,1443,0,147,91943,35.00,-6.63,-5.80
241883,2164,0,160,91735,35.00,-6.68,-5.78
241905,2327,0,165,91500,35.00,-6.65,-5.78
241927,2327,0,165,91406,35.00,-6.67,-5.80
241968,1959,0,157,91101,35.00,-6.66,-5.81
241990,1229,0,147,91042,35.00,-6.63,-5.81
242702,1949,0,155,91112,36.74,-6.63,-5.79
242730,1928,0,169,91926,35.00,-6.64,-5.79
242752,1955,0,142,91994,35.00,-6.63,-5.77
242774,393,0,117,92033,35.00,-6.64,-5.75
242796,581,0,125,92059,35.00,-6.65,-5.82
242818,0,0,126,92090,35.00,-6.62,-5.80
242840,0,0,139,92102,35.00,-6.75,-5.81
242862,2381,0,181,92116,35.00,-6.67,-5.74
242884,3588,0,190,92198,35.00,-6.67,-5.85
242906,1973,0,154,92217,35.00,-6.61,-5.75
242928,1583,0,155,91929,35.00,-6.67,-5.80
242971,2043,0,156,91278,35.00,-6.63,-5.80
242993,1669,0,141,91259,35.00,-6.57,-5.73
243719,1433,0,136,91332,36.59,-6.67,-5.80
243752,1316,0,143,93134,35.00,-6.67,-5.82
243774,1011,0,124,93236,35.00,-6.62,-5.81
243796,885,0,127,93324,35.00,-6.67,-5.81
243818,1243,0,138,93377,35.00,-6.69,-5.80
243840,1933,0,153,93310,35.00,-6.61,-5.80
243862,1941,0,157,93181,35.00,-6.64,-5.79
243884,2399,0,172,93158,35.00,-6.64,-5.77
243906,2201,0,165,93267,35.00,-6.64,-5.76
243928,2261,0,153,93255,35.00,-6.61,-5.78
243950,1866,0,137,93156,35.00,-6.66,-5.78
243972,932,0,119,93323,35.00,-6.62,-5.79
244737,681,0,123,95548,36.59,-6.64,-5.77
244775,3913,0,204,99028,35.00,-6.73,-5.68
244797,4095,0,184,99478,35.00,-6.69,-5.66
244819,4095,0,191,99478,35.00,-6.66,-5.67
244841,4095,0,199,99478,35.00,-6.66,-5.71
244863,4095,0,200,99478,35.00,-6.76,-5.71
244885,4095,0,185,99478,35.00,-6.71,-5.68
244907,0,0,119,99478,35.00,-6.68,-5.76
244929,0,0,143,99478,35.00,-6.75,-5.74
244951,0,0,140,99478,35.00,-6.70,-5.71
244973,0,0,139,99478,35.00,-6.70,-5.68
245755,0,0,127,99478,36.58,-6.67,-5.68
245798,54,0,121,99478,35.00,-6.62,-5.77
245820,2056,0,165,99478,35.00,-6.68,-5.74
245842,2463,0,155,99478,35.00,-6.65,-5.73
245864,1193,0,125,99478,35.00,-6.63,-5.81
245886,2019,0,137,99478,35.00,-6.64,-5.77
245908,1563,0,122,99478,35.00,-6.61,-5.75
245930,227,0,105,99478,35.00,-6.65,-5.78
245952,531,0,117,99478,35.00,-6.64,-5.76
245974,2037,0,157,99478,35.00,-6.65,-5.72
245996,1494,0,149,99478,35.00,-6.65,-5.75
246038,1391,0,158,99478,35.00,-6.67,-5.75
246060,2071,0,173,99478,35.00,-6.63,-5.73
246082,2270,0,173,99478,35.00,-6.66,-5.79
246104,1221,0,163,99478,35.00,-6.61,-5.74
246126,485,0,163,99478,35.00,-6.62,-5.76
246148,973,0,169,99478,35.00,-6.65,-5.73
246170,0,0,165,99478,35.00,-6.58,-5.76
246192,2012,0,175,99478,35.00,-6.66,-5.74
246214,1865,0,165,99478,35.00,-6.63,-5.74
246236,2427,0,174,99478,35.00,-6.64,-5.76
246258,3205,0,187,99478,35.00,-6.62,-5.76
246299,3763,0,197,99478,35.00,-6.67,-5.76
246321,1802,0,153,99478,35.00,-6.69,-5.74
246343,1491,0,151,99478,35.00,-6.69,-5.75
246365,4095,0,201,99478,35.00,-6.63,-5.74
246387,4095,0,183,99478,35.00,-6.66,-5.72
246409,4095,0,187,99478,35.00,-6.66,-5.75
246431,4095,0,174,99478,35.00,-6.68,-5.74
246453,4095,0,173,99478,35.00,-6.64,-5.74
246475,4095,0,181,99478,35.00,-6.65,-5.73
246497,2729,0,169,99478,35.00,-6.67,-5.72
246539,2981,0,180,99478,35.00,-6.62,-5.72
246561,2667,0,171,99478,35.00,-6.68,-5.73
246583,3431,0,171,99478,35.00,-6.65,-5.72
246605,533,0,106,99478,35.00,-6.64,-5.78
246627,1255,0,124,99478,35.00,-6.70,-5.75
246649,1767,0,135,99478,35.00,-6.66,-5.75
246671,2206,0,151,99478,35.00,-6.65,-5.79
246693,1625,0,137,99478,35.00,-6.65,-5.73
246715,1495,0,148,99478,35.00,-6.66,-5.72
246737,1019,0,151,99478,35.00,-6.66,-5.76
246759,1003,0,149,99478,35.00,-6.67,-5.73
246800,1747,0,155,99478,35.00,-6.64,-5.72
246822,1742,0,143,99478,35.00,-6.63,-5.74
246844,1548,0,141,99478,35.00,-6.65,-5.73
246866,1533,0,135,99478,35.00,-6.73,-5.74
246888,1485,0,132,99478,35.00,-6.65,-5.73
246910,1583,0,123,99478,35.00,-6.72,-5.71
246932,655,0,117,99478,35.00,-6.68,-5.76
246954,206,0,121,99478,35.00,-6.64,-5.69
246976,690,0,146,99478,35.00,-6.67,-5.71
246998,1801,0,167,99478,35.00,-6.64,-5.72
247041,2519,0,174,99478,35.00,-6.68,-5.70
247063,3149,0,163,99478,35.00,-6.67,-5.71
247085,2805,0,151,99478,35.00,-6.63,-5.70
247107,2539,0,141,99478,35.00,-6.65,-5.70
247129,1199,0,115,99478,35.00,-6.67,-5.73
247151,954,0,119,99478,35.00,-6.67,-5.64
247173,1741,0,143,99478,35.00,-6.70,-5.70
247195,2341,0,159,99478,35.00,-6.65,-5.70
247217,3062,0,180,99478,35.00,-6.68,-5.71
247239,3835,0,183,99478,35.00,-6.70,-5.73
247281,3771,0,181,99478,35.00,-6.66,-5.68
247303,4045,0,167,99478,35.00,-6.70,-5.70
247325,4084,0,166,99478,35.00,-6.67,-5.68
247347,2980,0,151,99478,35.00,-6.65,-5.73
247369,2296,0,139,99478,35.00,-6.69,-5.75
247391,1591,0,135,99478,35.00,-6.65,-5.67
247413,1063,0,135,99478,35.00,-6.72,-5.73
247435,1683,0,153,99478,35.00,-6.66,-5.72
247457,2707,0,179,99478,35.00,-6.73,-5.71
247479,3199,0,179,99478,35.00,-6.66,-5.70
247501,3091,0,172,99478,35.00,-6.65,-5.70
247542,2585,0,155,99478,35.00,-6.67,-5.72
247564,1132,0,135,99478,35.00,-6.71,-5.69
247586,535,0,118,99478,35.00,-6.63,-5.71
247608,1291,0,119,99478,35.00,-6.69,-5.71
247630,2297,0,142,99478,35.00,-6.66,-5.72
247652,2157,0,149,99478,35.00,-6.71,-5.73
247674,2333,0,159,99478,35.00,-6.68,-5.71
247696,2992,0,181,99478,35.00,-6.71,-5.68
247718,2856,0,172,99478,35.00,-6.67,-5.71
247740,2963,0,171,99478,35.00,-6.67,-5.71
247783,3692,0,178,99478,35.00,-6.66,-5.71
247805,3389,0,159,99478,35.00,-6.68,-5.69
247827,2629,0,141,99478,35.00,-6.68,-5.72
247849,1077,0,119,99478,35.00,-6.66,-5.73
247871,425,0,137,99478,35.00,-6.71,-5.73
247893,509,0,140,99478,35.00,-6.66,-5.71
247915,1493,0,160,99478,35.00,-6.69,-5.71
247937,2389,0,173,99478,35.00,-6.66,-5.72
247959,2541,0,166,99478,35.00,-6.67,-5.73
247981,2891,0,169,99478,35.00,-6.68,-5.70
248023,2741,0,151,99478,35.00,-6.67,-5.72
248045,1981,0,127,99478,35.00,-6.69,-5.76
248067,938,0,121,99478,35.00,-6.65,-5.72
248089,0,0,115,99478,35.00,-6.65,-5.71
248111,483,0,136,99478,35.00,-6.67,-5.74
248133,1469,0,148,99478,35.00,-6.64,-5.72
248155,1481,0,147,99478,35.00,-6.64,-5.70
248177,1277,0,145,99478,35.00,-6.65,-5.75
248199,2246,0,167,99478,35.00,-6.70,-5.72
248221,2963,0,155,99478,35.00,-6.73,-5.72
248243,982,0,117,99478,35.00,-6.69,-5.81
248284,921,0,137,99478,35.00,-6.67,-5.75
248306,0,0,123,99478,35.00,-6.65,-5.74
248328,0,0,123,99478,35.00,-6.64,-5.74
248350,411,0,135,99478,35.00,-6.66,-5.74
248372,725,0,141,99478,35.00,-6.66,-5.78
248394,1421,0,155,99478,35.00,-6.65,-5.77
248416,2231,0,165,99478,35.00,-6.68,-5.74
248438,2853,0,168,99478,35.00,-6.69,-5.77
248460,2453,0,153,99478,35.00,-6.68,-5.74
248482,1767,0,147,99478,35.00,-6.67,-5.76
248525,1384,0,141,99478,35.00,-6.65,-5.73
248547,1727,0,139,99478,35.00,-6.67,-5.70
248569,939,0,120,99478,35.00,-6.73,-5.74
248591,2327,0,152,99478,35.00,-6.69,-5.77
248613,4095,0,173,99478,35.00,-6.66,-5.74
248635,2185,0,151,99478,35.00,-6.64,-5.69
248657,0,0,143,99478,35.00,-6.67,-5.74
248679,0,0,141,99478,35.00,-6.67,-5.79
248701,0,0,125,99478,35.00,-6.68,-5.75
248723,1047,0,141,99478,35.00,-6.68,-5.75
248765,1530,0,139,99478,35.00,-6.69,-5.79
248787,1637,0,127,99478,35.00,-6.66,-5.76
248809,2065,0,149,99478,35.00,-6.67,-5.73
248831,1829,0,151,99478,35.00,-6.72,-5.75
248853,1819,0,151,99478,35.00,-6.63,-5.72
248875,2259,0,169,99478,35.00,-6.62,-5.70
248897,2389,0,165,99478,35.00,-6.64,-5.73
248919,1382,0,141,99478,35.00,-6.66,-5.76
248941,2665,0,155,99478,35.00,-6.66,-5.72
248963,2189,0,139,99478,35.00,-6.67,-5.76
248985,1774,0,133,99478,35.00,-6.67,-5.75
249026,1627,0,135,99478,35.00,-6.66,-5.76
249048,1557,0,135,99478,35.00,-6.69,-5.76
249070,1626,0,141,99478,35.00,-6.68,-5.73
249092,1758,0,148,99478,35.00,-6.70,-5.76
249114,2249,0,165,99478,35.00,-6.68,-5.75
249136,2605,0,173,99478,35.00,-6.66,-5.73
249158,2361,0,167,99478,35.00,-6.68,-5.72
249180,2374,0,160,99478,35.00,-6.69,-5.78
249202,1817,0,139,99478,35.00,-6.66,-5.76
249224,1545,0,140,99478,35.00,-6.69,-5.75
249267,1298,0,133,99478,35.00,-6.70,-5.74
249289,1673,0,140,99478,35.00,-6.69,-5.76
249311,1150,0,145,99478,35.00,-6.64,-5.77
249333,2072,0,169,99478,35.00,-6.69,-5.72
249355,2080,0,165,99478,35.00,-6.67,-5.74
249377,2781,0,181,99478,35.00,-6.67,-5.77
249399,2543,0,159,99478,35.00,-6.67,-5.74
249421,1887,0,145,99478,35.00,-6.69,-5.75
249443,1362,0,134,99478,35.00,-6.68,-5.75
249465,763,0,125,99478,35.00,-6.69,-5.74
249507,1194,0,143,99478,35.00,-6.68,-5.73
249529,2327,0,159,99478,35.00,-6.69,-5.70
249551,2212,0,155,99478,35.00,-6.67,-5.73
249573,2601,0,172,99478,35.00,-6.67,-5.74
249595,2479,0,172,99478,35.00,-6.71,-5.74
249617,1125,0,147,99478,35.00,-6.69,-5.76
249639,1199,0,141,99478,35.00,-6.68,-5.75
249661,1395,0,126,99478,35.00,-6.69,-5.74
249683,1467,0,133,99478,35.00,-6.67,-5.72
249705,843,0,118,99478,35.00,-6.67,-5.74
249727,415,0,119,99478,35.00,-6.66,-5.71
249768,716,0,143,99478,35.00,-6.68,-5.70
249790,2007,0,157,99478,35.00,-6.67,-5.70
249812,2907,0,178,99478,35.00,-6.67,-5.73
249834,3604,0,185,99478,35.00,-6.70,-5.72
249856,3087,0,171,99478,35.00,-6.69,-5.69
249878,2909,0,159,99478,35.00,-6.64,-5.73
249900,2985,0,154,99478,35.00,-6.69,-5.75
249922,2059,0,139,99478,35.00,-6.66,-5.75
249944,1597,0,135,99478,35.00,-6.68,-5.71
249966,1625,0,136,99478,35.00,-6.69,-5.73
250587,1675,0,141,99478,37.01,-6.63,-5.75
250618,2285,0,157,99478,35.00,-6.68,-5.76
250640,1609,0,126,99478,35.00,-6.65,-5.73
250662,1494,0,133,99478,35.00,-6.68,-5.74
250684,1439,0,133,99478,35.00,-6.68,-5.74
250706,1547,0,141,99478,35.00,-6.65,-5.73
250728,1851,0,151,99478,35.00,-6.65,-5.73
250770,1975,0,155,99478,35.00,-6.71,-5.73
250792,1938,0,163,99478,35.00,-6.65,-5.75
250814,2659,0,171,99478,35.00,-6.66,-5.71
250836,2054,0,151,99478,35.00,-6.67,-5.75
250858,2141,0,146,99478,35.00,-6.70,-5.74
250880,1626,0,137,99478,35.00,-6.66,-5.73
250902,941,0,124,99478,35.00,-6.69,-5.74
250924,1463,0,137,99478,35.00,-6.68,-5.72
250946,1365,0,135,99478,35.00,-6.65,-5.70
250968,1465,0,142,99478,35.00,-6.67,-5.74
250990,1641,0,154,99478,35.00,-6.67,-5.74
251031,2143,0,165,99478,35.00,-6.67,-5.75
251053,2598,0,175,99478,35.00,-6.68,-5.75
251075,2601,0,168,99478,35.00,-6.66,-5.77
251097,2524,0,160,99478,35.00,-6.67,-5.73
251119,2647,0,153,99478,35.00,-6.67,-5.71
251141,1381,0,133,99478,35.00,-6.70,-5.75
251163,1273,0,125,99478,35.00,-6.67,-5.74
251185,1755,0,143,99478,35.00,-6.64,-5.75
251207,1789,0,147,99478,35.00,-6.67,-5.74
251229,1289,0,145,99478,35.00,-6.66,-5.74
251251,2728,0,173,99478,35.00,-6.65,-5.69
251292,4095,0,187,99478,35.00,-6.66,-5.74
251314,2589,0,170,99478,35.00,-6.65,-5.72
251336,2899,0,160,99478,35.00,-6.70,-5.70
251358,2138,0,140,99478,35.00,-6.66,-5.76
251380,1438,0,137,99478,35.00,-6.70,-5.74
251402,1800,0,141,99478,35.00,-6.65,-5.76
251424,1013,0,125,99478,35.00,-6.65,-5.69
251446,1229,0,149,99478,35.00,-6.67,-5.71
251468,1059,0,147,99478,35.00,-6.66,-5.73
251490,1687,0,166,99478,35.00,-6.62,-5.75
251532,1925,0,169,99478,35.00,-6.65,-5.74
251554,2003,0,159,99478,35.00,-6.66,-5.73
251576,2108,0,152,99478,35.00,-6.65,-5.75
251598,1587,0,147,99478,35.00,-6.64,-5.75
251620,1227,0,123,99478,35.00,-6.65,-5.72
251642,713,0,121,99478,35.00,-6.67,-5.76
251664,971,0,132,99478,35.00,-6.66,-5.73
251686,1477,0,141,99478,35.00,-6.68,-5.73
251708,1769,0,155,99478,35.00,-6.65,-5.72
251730,2639,0,173,99478,35.00,-6.67,-5.77
251752,2617,0,166,99478,35.00,-6.67,-5.76
251793,2103,0,153,99478,35.00,-6.64,-5.73
251815,2254,0,155,99478,35.00,-6.66,-5.74
251837,1359,0,135,99478,35.00,-6.67,-5.75
251859,1273,0,112,99478,35.00,-6.66,-5.73
251881,839,0,125,99478,35.00,-6.67,-5.77
251903,1111,0,135,99478,35.00,-6.68,-5.70
251925,1261,0,140,99478,35.00,-6.64,-5.74
251947,1379,0,143,99478,35.00,-6.70,-5.75
251969,1968,0,169,99478,35.00,-6.63,-5.74
251991,2100,0,158,99478,35.00,-6.66,-5.72
252368,2699,0,167,99478,36.97,-6.66,-5.73
252396,2393,0,173,99478,35.00,-6.65,-5.72
252418,1479,0,125,99478,35.00,-6.65,-5.70
252440,1401,0,135,99478,35.00,-6.66,-5.75
252462,1417,0,137,99478,35.00,-6.68,-5.73
252484,1513,0,141,99478,35.00,-6.67,-5.74
252506,1899,0,159,99478,35.00,-6.68,-5.73
252528,2141,0,167,99478,35.00,-6.66,-5.71
252550,2519,0,169,99478,35.00,-6.67,-5.71
252572,2515,0,171,99478,35.00,-6.70,-5.72
252594,2409,0,159,99478,35.00,-6.69,-5.74
252635,2036,0,149,99478,35.00,-6.65,-5.72
252657,1895,0,141,99478,35.00,-6.66,-5.74
252679,1567,0,132,99478,35.00,-6.62,-5.73
252701,1386,0,135,99478,35.00,-6.65,-5.70
252723,1555,0,142,99478,35.00,-6.64,-5.71
252745,1803,0,153,99478,35.00,-6.71,-5.70
252767,2117,0,163,99478,35.00,-6.68,-5.72
252789,2357,0,167,99478,35.00,-6.68,-5.71
252811,2516,0,167,99478,35.00,-6.67,-5.74
252833,2425,0,157,99478,35.00,-6.64,-5.75
252855,2017,0,150,99478,35.00,-6.67,-5.71
252896,1660,0,137,99478,35.00,-6.67,-5.75
252918,1869,0,137,99478,35.00,-6.68,-5.77
252940,1483,0,133,99478,35.00,-6.66,-5.76
252962,1289,0,139,99478,35.00,-6.64,-5.73
252984,1591,0,149,99478,35.00,-6.65,-5.71
253386,1839,0,162,99478,36.75,-6.66,-5.74
253417,2227,0,166,99478,35.00,-6.69,-5.71
253439,1181,0,133,99478,35.00,-6.64,-5.75
253461,1363,0,136,99478,35.00,-6.64,-5.69
253483,1418,0,143,99478,35.00,-6.68,-5.71
253505,1935,0,157,99478,35.00,-6.65,-5.73
253527,2199,0,165,99478,35.00,-6.65,-5.76
253549,2213,0,165,99478,35.00,-6.69,-5.74
253571,2227,0,151,99478,35.00,-6.63,-5.75
253593,2237,0,151,99478,35.00,-6.68,-5.72
253615,1972,0,135,99478,35.00,-6.69,-5.71
253637,1455,84628,124,99478,35.00,-6.67,-5.74
253678,1333,26800,127,99478,35.00,-6.67,-5.70
253700,1387,3968,137,99478,35.00,-6.67,-5.75
253722,1578,1792,147,99478,35.00,-6.65,-5.73
253744,1950,512,157,99478,35.00,-6.69,-5.73
253766,2213,0,163,99478,35.00,-6.69,-5.74
253788,2413,0,167,99478,35.00,-6.66,-5.73
253810,2463,0,165,99478,35.00,-6.67,-5.73
253832,2243,0,149,99478,35.00,-6.70,-5.77
253854,1898,0,141,99478,35.00,-6.64,-5.77
253876,1589,0,137,99478,35.00,-6.63,-5.73
253919,1359,0,133,99478,35.00,-6.64,-5.72
253941,1512,0,141,99478,35.00,-6.67,-5.76
253963,1699,0,151,99478,35.00,-6.63,-5.74
253985,2021,0,159,99478,35.00,-6.68,-5.73
254403,2359,0,169,99478,37.01,-6.65,-5.74
254440,2226,0,158,99478,35.00,-6.69,-5.78
254462,1725,0,150,99478,35.00,-6.66,-5.74
254484,2063,0,164,99478,35.00,-6.68,-5.76
254506,2407,0,168,99478,35.00,-6.67,-5.70
254528,2519,0,167,99478,35.00,-6.64,-5.72
254550,2287,0,151,99478,35.00,-6.68,-5.74
254572,2079,0,145,99478,35.00,-6.66,-5.76
254594,1678,0,127,99478,35.00,-6.64,-5.72
254616,1399,0,133,99478,35.00,-6.69,-5.72
254638,1379,0,125,99478,35.00,-6.66,-5.71
254681,1493,0,141,99478,35.00,-6.66,-5.72
254703,1943,0,154,99478,35.00,-6.63,-5.69
254725,2248,0,160,99478,35.00,-6.71,-5.70
254747,2494,0,170,99478,35.00,-6.66,-5.75
254769,3563,0,171,99478,35.00,-6.67,-5.75
254791,2715,0,145,99478,35.00,-6.66,-5.75
254813,3401,0,155,99478,35.00,-6.66,-5.73
254835,3540,0,153,99478,35.00,-6.67,-5.74
254857,1624,0,123,99478,35.00,-6.70,-5.73
254879,1149,0,146,99478,35.00,-6.66,-5.72
254921,1308,0,145,99478,35.00,-6.67,-5.76
254943,1767,0,160,99478,35.00,-6.65,-5.70
254965,1979,0,159,99478,35.00,-6.68,-5.71
254987,2196,0,167,99478,35.00,-6.67,-5.74
255419,1891,0,146,99478,36.74,-6.66,-5.70
255448,1785,0,156,99478,35.00,-6.68,-5.71
255470,2005,0,145,99478,35.00,-6.63,-5.72
255492,1699,0,138,99478,35.00,-6.67,-5.75
255514,1389,0,135,99478,35.00,-6.69,-5.70
255536,1383,0,135,99478,35.00,-6.71,-5.72
255558,1414,0,141,99478,35.00,-6.68,-5.72
255580,1727,0,155,99478,35.00,-6.65,-5.77
255602,1933,0,167,99478,35.00,-6.63,-5.74
255643,2189,0,171,99478,35.00,-6.68,-5.75
255665,2385,0,166,99478,35.00,-6.66,-5.70
255687,2437,0,163,99478,35.00,-6.67,-5.77
255709,2251,0,150,99478,35.00,-6.68,-5.70
255731,1865,0,142,99478,35.00,-6.69,-5.74
255753,1479,0,135,99478,35.00,-6.65,-5.73
255775,1367,0,137,99478,35.00,-6.68,-5.71
255797,1253,0,137,99478,35.00,-6.65,-5.73
255819,1547,0,151,99478,35.00,-6.70,-5.71
255841,1983,0,159,99478,35.00,-6.65,-5.72
255863,2184,0,164,99478,35.00,-6.68,-5.73
255904,2426,0,160,99478,35.00,-6.69,-5.73
255926,2231,0,155,99478,35.00,-6.66,-5.71
255948,2375,0,157,99478,35.00,-6.71,-5.73
255970,1823,0,142,99478,35.00,-6.69,-5.69
255992,1561,0,133,99478,35.00,-6.68,-5.72
256438,1317,0,125,99478,36.65,-6.66,-5.71
256467,1989,0,157,99478,35.00,-6.71,-5.73
256489,1876,0,137,99478,35.00,-6.62,-5.73
256511,1641,0,133,99478,35.00,-6.65,-5.71
256533,1353,0,138,99478,35.00,-6.70,-5.79
256555,1354,0,135,99478,35.00,-6.69,-5.75
256577,1575,0,143,99478,35.00,-6.68,-5.72
256599,1831,0,151,99478,35.00,-6.69,-5.72
256621,2107,0,168,99478,35.00,-6.65,-5.74
256643,2429,0,169,99478,35.00,-6.65,-5.73
256665,2405,0,163,99478,35.00,-6.68,-5.73
256706,2227,0,155,99478,35.00,-6.65,-5.71
256728,1905,0,139,99478,35.00,-6.67,-5.74
256750,1607,0,137,99478,35.00,-6.66,-5.76
256772,1318,0,127,99478,35.00,-6.67,-5.69
256794,1327,0,133,99478,35.00,-6.67,-5.75
256816,1405,0,141,99478,35.00,-6.68,-5.74
256838,1747,0,153,99478,35.00,-6.68,-5.74
256860,2056,0,165,99478,35.00,-6.70,-5.73
256882,2357,0,168,99478,35.00,-6.70,-5.72
256904,2491,0,171,99478,35.00,-6.66,-5.73
256946,2239,0,151,99478,35.00,-6.69,-5.76
256968,2065,0,148,99478,35.00,-6.68,-5.73
256990,1471,0,123,99478,35.00,-6.69,-5.69
257710,1284,0,125,99478,36.84,-6.66,-5.70
257749,937,0,121,99478,35.00,-6.67,-5.69
257771,1123,0,119,99478,35.00,-6.68,-5.75
257793,1189,0,126,99478,35.00,-6.67,-5.75
257815,1447,0,147,99478,35.00,-6.65,-5.73
257837,1877,0,157,99478,35.00,-6.68,-5.75
257859,2249,0,165,99478,35.00,-6.66,-5.75
257881,2407,0,159,99478,35.00,-6.69,-5.77
257903,2036,0,155,99478,35.00,-6.66,-5.78
257925,1721,0,141,99478,35.00,-6.67,-5.74
257947,1547,0,133,99478,35.00,-6.66,-5.70
257989,1276,0,121,99478,35.00,-6.67,-5.73
258728,1337,0,123,99478,36.90,-6.64,-5.74
258753,1339,0,125,99478,35.00,-6.70,-5.72
258775,2037,0,155,99478,35.00,-6.66,-5.69
258797,3064,0,171,99478,35.00,-6.68,-5.69
258819,2089,0,153,99478,35.00,-6.65,-5.71
258841,1380,0,148,99478,35.00,-6.67,-5.76
258863,2539,0,157,99478,35.00,-6.66,-5.70
258885,1785,0,134,99478,35.00,-6.69,-5.73
258907,1187,0,121,99478,35.00,-6.67,-5.74
258929,1304,0,121,99478,35.00,-6.71,-5.72
258972,1499,0,137,99478,35.00,-6.70,-5.74
258994,2297,0,154,99478,35.00,-6.71,-5.74
259746,2777,0,167,99478,36.38,-6.71,-5.72
259774,1903,0,136,99478,35.00,-6.70,-5.76
259796,2837,0,175,99478,35.00,-6.68,-5.72
259818,2943,0,173,99478,35.00,-6.69,-5.74
259840,2423,0,159,99478,35.00,-6.66,-5.74
259862,2173,0,151,99478,35.00,-6.66,-5.71
259884,2777,0,153,99478,35.00,-6.66,-5.71
259906,1641,0,125,99478,35.00,-6.70,-5.74
259928,861,0,123,99478,35.00,-6.69,-5.70
259950,975,0,137,99478,35.00,-6.67,-5.75
259972,1325,0,148,99478,35.00,-6.67,-5.72
260514,1720,0,157,99478,36.71,-6.70,-5.75
260556,2509,0,171,99478,35.00,-6.67,-5.68
260578,2553,0,162,99478,35.00,-6.68,-5.70
260600,2460,0,153,99478,35.00,-6.65,-5.70
260622,1926,0,135,99478,35.00,-6.68,-5.76
260644,1682,0,127,99478,35.00,-6.67,-5.75
260666,1469,0,135,99478,35.00,-6.64,-5.74
260688,1483,0,135,99478,35.00,-6.70,-5.69
260710,1896,0,147,99478,35.00,-6.68,-5.74
260732,2091,0,159,99478,35.00,-6.66,-5.72
260754,2263,0,168,99478,35.00,-6.65,-5.75
260796,2616,0,171,99478,35.00,-6.67,-5.72
260818,2539,0,164,99478,35.00,-6.65,-5.73
260840,2362,0,152,99478,35.00,-6.69,-5.73
260862,2005,0,142,99478,35.00,-6.64,-5.73
260884,1835,0,133,99478,35.00,-6.64,-5.71
260906,1509,0,131,99478,35.00,-6.70,-5.75
260928,1497,0,140,99478,35.00,-6.65,-5.71
260950,1509,0,147,99478,35.00,-6.62,-5.72
260972,1914,0,158,99478,35.00,-6.70,-5.73
260994,2188,0,165,99478,35.00,-6.63,-5.72
261526,2445,0,166,99478,36.98,-6.68,-5.73
261558,1451,0,145,99478,35.00,-6.63,-5.73
261580,2825,0,150,99478,35.00,-6.66,-5.74
261602,1340,0,122,99478,35.00,-6.65,-5.77
261624,1077,0,135,99478,35.00,-6.62,-5.73
261646,1397,0,136,99478,35.00,-6.67,-5.74
261668,1620,0,151,99478,35.00,-6.69,-5.73
261690,2056,0,158,99478,35.00,-6.70,-5.74
261712,2587,0,168,99478,35.00,-6.68,-5.73
261734,2591,0,167,99478,35.00,-6.68,-5.75
261756,2223,0,155,99478,35.00,-6.68,-5.69
261778,2302,0,153,99478,35.00,-6.67,-5.74
261819,1439,0,127,99478,35.00,-6.67,-5.74
261841,1303,0,123,99478,35.00,-6.68,-5.70
261863,1041,0,124,99478,35.00,-6.64,-5.71
261885,1007,0,127,99478,35.00,-6.68,-5.72
261907,1258,0,139,99478,35.00,-6.66,-5.71
261929,1461,0,149,99478,35.00,-6.69,-5.74
261951,1976,0,169,99478,35.00,-6.71,-5.73
261973,2345,0,168,99478,35.00,-6.66,-5.73
261995,2493,0,169,99478,35.00,-6.69,-5.76
262544,2345,0,153,99478,36.53,-6.68,-5.72
262581,1533,0,142,99478,35.00,-6.68,-5.74
262603,1279,0,121,99478,35.00,-6.69,-5.73
262625,1379,0,139,99478,35.00,-6.73,-5.73
262647,1607,0,147,99478,35.00,-6.68,-5.73
262669,1993,0,156,99478,35.00,-6.69,-5.69
262691,2357,0,169,99478,35.00,-6.68,-5.70
262713,2588,0,165,99478,35.00,-6.69,-5.74
262735,2534,0,163,99478,35.00,-6.68,-5.71
262757,2171,0,143,99478,35.00,-6.65,-5.69
262779,1746,0,135,99478,35.00,-6.65,-5.73
262822,1402,0,125,99478,35.00,-6.68,-5.74
262844,1437,0,131,99478,35.00,-6.65,-5.72
262866,1615,0,143,99478,35.00,-6.68,-5.70
262888,2035,0,155,99478,35.00,-6.67,-5.70
262910,2359,0,164,99478,35.00,-6.67,-5.76
262932,2621,0,166,99478,35.00,-6.65,-5.71
262954,2483,0,165,99478,35.00,-6.66,-5.74
262976,2217,0,149,99478,35.00,-6.66,-5.76
262998,1877,0,135,99478,35.00,-6.67,-5.71
263020,1364,0,123,99478,35.00,-6.65,-5.72
263062,1264,0,125,99478,35.00,-6.67,-5.72
263084,1323,0,135,99478,35.00,-6.64,-5.73
263106,1607,0,148,99478,35.00,-6.68,-5.76
263128,2063,0,160,99478,35.00,-6.66,-5.72
263150,2396,0,166,99478,35.00,-6.70,-5.72
263172,1945,0,155,99478,35.00,-6.68,-5.67
263194,2679,0,165,99478,35.00,-6.68,-5.73
263216,2168,0,147,99478,35.00,-6.68,-5.73
263238,1800,0,137,99478,35.00,-6.66,-5.70
263260,1279,0,124,99478,35.00,-6.67,-5.76
263282,1349,0,132,99478,35.00,-6.67,-5.75
263323,1370,0,137,99478,35.00,-6.70,-5.74
263345,1462,0,141,99478,35.00,-6.66,-5.70
263367,1939,0,153,99478,35.00,-6.69,-5.72
263389,2239,0,167,99478,35.00,-6.66,-5.70
263411,2572,0,170,99478,35.00,-6.69,-5.71
263433,2531,0,165,99478,35.00,-6.67,-5.74
263455,2194,0,149,99478,35.00,-6.65,-5.75
263477,1840,0,135,99478,35.00,-6.66,-5.75
263499,1452,0,125,99478,35.00,-6.67,-5.71
263521,1274,0,124,99478,35.00,-6.67,-5.77
263564,1261,0,134,99478,35.00,-6.67,-5.72
263586,1708,0,149,99478,35.00,-6.64,-5.71
263608,1997,0,164,99478,35.00,-6.67,-5.75
263630,2468,0,169,99478,35.00,-6.65,-5.72
263652,2483,0,160,99478,35.00,-6.66,-5.76
263674,2325,0,155,99478,35.00,-6.62,-5.73
263696,2052,0,145,99478,35.00,-6.65,-5.72
263718,1593,0,134,99478,35.00,-6.68,-5.75
263740,1355,0,132,99478,35.00,-6.67,-5.73
263762,1316,0,135,99478,35.00,-6.65,-5.71
263804,1438,0,144,99478,35.00,-6.67,-5.70
263826,1769,0,154,99478,35.00,-6.66,-5.73
263848,2153,0,164,99478,35.00,-6.66,-5.72
263870,2427,0,170,99478,35.00,-6.70,-5.70
263892,2456,0,165,99478,35.00,-6.67,-5.73
263914,2327,0,155,99478,35.00,-6.68,-5.73
263936,2023,0,141,99478,35.00,-6.66,-5.70
263958,1545,0,125,99478,35.00,-6.72,-5.74
263980,1293,0,123,99478,35.00,-6.63,-5.70
264579,1331,0,128,99478,36.53,-6.65,-5.73
264610,1289,0,135,99478,35.00,-6.68,-5.73
264632,2376,0,153,99478,35.00,-6.69,-5.74
264654,2076,0,145,99478,35.00,-6.67,-5.72
264676,1739,0,133,99478,35.00,-6.68,-5.70
264698,1401,0,122,99478,35.00,-6.65,-5.74
264720,1307,0,125,99478,35.00,-6.70,-5.73
264742,1430,0,139,99478,35.00,-6.66,-5.70
264764,1762,0,149,99478,35.00,-6.66,-5.74
264807,2211,0,165,99478,35.00,-6.66,-5.75
264829,2328,0,160,99478,35.00,-6.64,-5.76
264851,2469,0,159,99478,35.00,-6.68,-5.73
264873,2180,0,143,99478,35.00,-6.71,-5.75
264895,1868,0,135,99478,35.00,-6.68,-5.73
264917,1447,0,125,99478,35.00,-6.70,-5.74
264939,1241,0,122,99478,35.00,-6.67,-5.73
264961,1405,0,138,99478,35.00,-6.67,-5.74
264983,1629,0,151,99478,35.00,-6.66,-5.72
265345,1956,0,159,99478,36.52,-6.69,-5.74
265373,2361,0,169,99096,35.00,-6.66,-5.72
265395,1368,0,122,98996,35.00,-6.66,-5.74
265417,1235,0,123,98932,35.00,-6.69,-5.73
265439,1259,0,133,98871,35.00,-6.66,-5.75
265461,1375,0,141,98871,35.00,-6.66,-5.74
265483,1863,0,156,98852,35.00,-6.67,-5.73
265505,2156,0,165,98798,35.00,-6.66,-5.70
265527,2463,0,165,98647,35.00,-6.67,-5.70
265569,2511,0,167,98165,35.00,-6.66,-5.73
265591,2298,0,153,97995,35.00,-6.70,-5.72
265613,1943,0,141,98073,35.00,-6.68,-5.73
265635,1605,0,131,98272,35.00,-6.70,-5.76
265657,1311,0,127,98545,35.00,-6.69,-5.73
265679,1331,0,133,98829,35.00,-6.68,-5.73
265701,1598,0,145,99068,35.00,-6.66,-5.67
265723,1893,0,152,99179,35.00,-6.68,-5.73
265745,2279,0,164,99220,35.00,-6.69,-5.72
265767,2453,0,167,99282,35.00,-6.67,-5.73
265809,2515,0,165,99836,35.00,-6.68,-5.73
265831,2315,0,150,99836,35.00,-6.70,-5.72
265853,1875,0,142,99836,35.00,-6.69,-5.73
265875,1421,0,123,99836,35.00,-6.66,-5.76
265897,1271,0,123,100000,35.00,-6.69,-5.74
265919,1316,0,135,99884,35.00,-6.65,-5.72
265941,1607,0,151,99912,35.00,-6.67,-5.74
265963,1838,0,153,99912,35.00,-6.67,-5.77
265985,2283,0,167,99912,35.00,-6.67,-5.73
266359,2599,0,169,99912,36.91,-6.64,-5.77
266391,1743,0,151,99912,35.00,-6.69,-5.76
266413,1753,0,137,99912,35.00,-6.71,-5.73
266435,1463,0,125,99912,35.00,-6.67,-5.70
266457,1299,0,123,99912,35.00,-6.72,-5.76
266479,1396,0,139,99912,35.00,-6.66,-5.73
266501,1763,0,149,99912,35.00,-6.67,-5.76
266523,2343,0,169,99912,35.00,-6.69,-5.74
266545,2350,0,168,99912,35.00,-6.69,-5.73
266567,2391,0,167,99912,35.00,-6.68,-5.76
266589,2425,0,156,99912,35.00,-6.74,-5.76
266631,2106,0,141,99912,35.00,-6.65,-5.76
266653,1593,0,125,99912,35.00,-6.68,-5.72
266675,1373,0,125,99912,35.00,-6.67,-5.73
266697,1235,0,133,99912,35.00,-6.68,-5.74
266719,1479,0,140,99912,35.00,-6.63,-5.70
266741,1675,0,152,99912,35.00,-6.69,-5.70
266763,2107,0,168,99912,35.00,-6.65,-5.75
266785,2413,0,165,99912,35.00,-6.66,-5.73
266807,2577,0,167,99912,35.00,-6.66,-5.76
266829,2387,0,150,99912,35.00,-6.70,-5.73
266851,2015,0,141,99912,35.00,-6.69,-5.73
266892,1605,0,128,99912,35.00,-6.68,-5.76
266914,1363,0,121,99912,35.00,-6.67,-5.74
266936,1225,0,125,99912,35.00,-6.68,-5.74
266958,1316,0,137,99912,35.00,-6.68,-5.74
266980,1670,0,149,99912,35.00,-6.69,-5.71
267377,1998,0,158,99912,36.74,-6.70,-5.67
267413,1686,0,143,99912,35.00,-6.69,-5.69
267435,1251,0,126,99912,35.00,-6.65,-5.70
267457,1555,0,135,99912,35.00,-6.67,-5.73
267479,1755,0,141,99912,35.00,-6.68,-5.73
267501,2147,0,153,99912,35.00,-6.65,-5.69
267523,2349,0,159,99912,35.00,-6.68,-5.71
267545,2441,0,157,99912,35.00,-6.67,-5.76
267567,2361,0,149,99912,35.00,-6.67,-5.73
267589,1947,0,135,99912,35.00,-6.65,-5.71
267611,1628,0,125,99912,35.00,-6.71,-5.73
267633,1241,0,119,99912,35.00,-6.65,-5.71
267674,1035,0,122,99912,35.00,-6.65,-5.72
267696,1433,0,133,99912,35.00,-6.70,-5.72
267718,1359,0,140,99912,35.00,-6.68,-5.70
267740,1797,0,151,99912,35.00,-6.67,-5.73
267762,2261,0,163,99912,35.00,-6.65,-5.74
267784,2367,0,165,99912,35.00,-6.65,-5.70
267806,2531,0,159,99912,35.00,-6.67,-5.70
267828,3273,0,165,99912,35.00,-6.73,-5.70
267850,1963,0,135,99912,35.00,-6.69,-5.69
267872,1541,0,135,99912,35.00,-6.73,-5.65
267915,1597,0,137,99912,35.00,-6.70,-5.72
267937,1357,0,141,99912,35.00,-6.66,-5.66
267959,1625,0,151,99912,35.00,-6.69,-5.66
267981,1876,0,157,99912,35.00,-6.75,-5.64
268393,1941,0,160,99912,37.03,-6.69,-5.64
268421,1739,0,141,99912,35.00,-6.68,-5.69
268443,2653,0,168,99912,35.00,-6.67,-5.70
268465,3051,0,173,99912,35.00,-6.59,-5.66
268487,2349,0,148,99912,35.00,-6.68,-5.70
268509,2487,0,149,99912,35.00,-6.67,-5.72
268531,1669,0,135,99912,35.00,-6.60,-5.75
268553,1213,0,131,99912,35.00,-6.62,-5.73
268575,1869,0,147,99912,35.00,-6.73,-5.80
268616,1511,0,149,99912,35.00,-6.64,-5.84
268638,1803,0,154,99912,35.00,-6.65,-5.79
268660,2366,0,156,99912,35.00,-6.62,-5.82
268682,2277,0,157,99912,35.00,-6.61,-5.82
268704,2375,0,155,99912,35.00,-6.64,-5.81
268726,2079,0,147,99912,35.00,-6.62,-5.80
268748,1641,0,135,99912,35.00,-6.60,-5.84
268770,1275,0,123,99912,35.00,-6.62,-5.83
268792,996,0,125,99912,35.00,-6.60,-5.84
268814,1173,0,135,99912,35.00,-6.62,-5.86
268836,1993,0,156,99912,35.00,-6.61,-5.85
268877,1117,0,149,99912,35.00,-6.63,-5.89
268899,1903,0,165,99912,35.00,-6.61,-5.84
268921,2309,0,167,99912,35.00,-6.46,-5.81
268943,2085,0,156,99912,35.00,-6.59,-5.88
268965,2281,0,153,99912,35.00,-6.60,-5.88
268987,1629,0,137,99912,35.00,-6.64,-5.82
269412,1371,0,136,99912,36.61,-6.61,-5.88
269441,1559,0,145,99912,35.00,-6.65,-5.78
269463,2301,0,159,99912,35.00,-6.62,-5.81
269485,2317,0,153,99912,35.00,-6.59,-5.83
269507,1924,0,139,99912,35.00,-6.61,-5.81
269529,1529,0,133,99912,35.00,-6.58,-5.82
269551,1506,0,141,99912,35.00,-6.61,-5.82
269573,1391,0,139,99912,35.00,-6.60,-5.83
269595,1763,0,150,99912,35.00,-6.64,-5.88
269617,1944,0,157,99912,35.00,-6.61,-5.84
269659,2200,0,163,99912,35.00,-6.61,-5.81
269681,2248,0,158,99912,35.00,-6.58,-5.74
269703,2093,0,154,99912,35.00,-6.62,-5.84
269725,2431,0,157,99912,35.00,-6.68,-5.78
269747,1904,0,140,99912,35.00,-6.66,-5.79
269769,1798,0,136,99912,35.00,-6.58,-5.76
269791,1607,0,134,99912,35.00,-6.65,-5.79
269813,1596,0,139,99912,35.00,-6.59,-5.85
269835,1624,0,151,99912,35.00,-6.62,-5.79
269857,2056,0,159,99912,35.00,-6.61,-5.82
269900,2783,0,177,99912,35.00,-6.63,-5.84
269922,2479,0,163,99912,35.00,-6.53,-5.81
269944,1873,0,149,99912,35.00,-6.50,-5.78
269966,2235,0,147,99912,35.00,-6.57,-5.84
269988,1519,0,135,99912,35.00,-6.61,-5.81
270430,1739,0,141,99912,36.69,-6.81,-5.94
270461,1213,0,137,99912,35.00,-6.60,-5.90
270483,2520,0,157,99912,35.00,-6.53,-5.85
270505,1927,0,139,99912,35.00,-6.58,-5.91
270527,2057,0,149,99912,35.00,-6.62,-6.01
270549,1389,0,127,99912,35.00,-6.65,-5.93
270571,1419,0,139,99912,35.00,-6.61,-5.96
270593,1484,0,146,99912,35.00,-6.58,-5.96
270615,1333,0,147,99912,35.00,-6.54,-5.96
270637,2207,0,155,99912,35.00,-6.46,-5.89
270659,2364,0,165,99912,35.00,-6.60,-5.92
270702,2220,0,157,99912,35.00,-6.63,-5.86
270724,1369,0,125,99912,35.00,-6.50,-5.87
270746,1390,0,141,99912,35.00,-6.61,-5.83
270768,1277,0,135,99912,35.00,-6.61,-5.79
270790,1527,0,139,99912,35.00,-6.59,-5.78
270812,1640,0,147,99912,35.00,-6.56,-5.79
270834,1849,0,154,99912,35.00,-6.60,-5.78
270856,2105,0,163,99912,35.00,-6.62,-5.78
270878,2175,0,173,99912,35.00,-6.56,-5.84
270900,2777,0,175,99912,35.00,-6.69,-5.81
270942,1432,0,147,99912,35.00,-6.59,-5.70
270964,0,0,110,99912,35.00,-6.59,-5.69
270986,0,0,110,99912,35.00,-6.51,-5.67
271701,4095,0,179,99912,36.67,-6.77,-6.53
271725,4036,0,187,99912,35.00,-6.61,-5.67
271747,437,0,122,99912,35.00,-6.73,-5.73
271769,196,0,123,99912,35.00,-6.81,-5.73
271791,957,0,147,99912,35.00,-6.74,-5.70
271813,1607,0,160,99912,35.00,-6.81,-5.78
271835,1763,0,165,99912,35.00,-6.79,-5.72
271857,1811,0,169,99912,35.00,-6.83,-5.72
271879,1853,0,167,99912,35.00,-6.90,-5.67
271901,4095,0,201,99912,35.00,-6.76,-5.79
271923,4095,0,173,99912,35.00,-6.62,-5.82
271965,4095,0,167,99912,35.00,-6.81,-5.97
271987,1816,0,149,99912,35.00,-6.82,-5.83
272719,3739,0,173,99912,36.39,-6.77,-5.92
272747,2133,0,153,99912,35.00,-6.56,-6.13
272769,1493,0,143,99912,35.00,-6.51,-6.06
272791,1992,0,159,99912,35.00,-6.51,-6.11
272813,2510,0,172,99912,35.00,-6.52,-6.13
272835,2577,0,171,99912,35.00,-6.51,-6.12
272857,2652,0,168,99912,35.00,-6.55,-6.12
272879,2469,0,154,99912,35.00,-6.55,-6.13
272901,2261,0,149,99912,35.00,-6.56,-6.14
272923,1823,0,140,99912,35.00,-6.54,-6.15
272945,1595,0,127,99912,35.00,-6.53,-6.13
272988,1240,0,127,99912,35.00,-6.52,-6.12
273737,1548,0,143,99912,36.91,-6.36,-6.07
273770,2312,0,149,99912,35.00,-6.50,-6.14
273792,2420,0,171,99912,35.00,-6.56,-6.15
273814,2787,0,179,99912,35.00,-6.52,-6.13
273836,2857,0,175,99912,35.00,-6.51,-6.15
273858,2599,0,165,99912,35.00,-6.54,-6.16
273880,2283,0,153,99912,35.00,-6.56,-6.15
273902,1863,0,143,99912,35.00,-6.51,-6.13
273924,1529,0,143,99912,35.00,-6.52,-6.11
273946,1605,0,141,99912,35.00,-6.52,-6.13
273968,1714,0,152,99912,35.00,-6.53,-6.13
274754,2136,0,165,99912,36.63,-6.49,-6.13
274792,2103,0,163,99912,35.00,-6.50,-6.16
274814,2366,0,160,99912,35.00,-6.52,-6.13
274836,2139,0,153,99912,35.00,-6.50,-6.15
274858,2111,0,149,99912,35.00,-6.54,-6.14
274880,1549,0,137,99912,35.00,-6.51,-6.16
274902,1252,0,139,99912,35.00,-6.52,-6.12
274924,1257,0,139,99912,35.00,-6.55,-6.19
274946,1373,0,147,99912,35.00,-6.52,-6.15
274968,1701,0,156,99912,35.00,-6.51,-6.11
274990,2089,0,165,99912,35.00,-6.56,-6.13
275518,2423,0,169,99912,36.71,-6.52,-6.13
275554,1196,0,117,99912,35.00,-6.49,-6.14
275576,1877,0,144,99912,35.00,-6.46,-6.12
275598,1559,0,135,99912,35.00,-6.53,-6.10
275620,1223,0,127,99912,35.00,-6.52,-6.14
275642,1244,0,133,99912,35.00,-6.51,-6.16
275664,1428,0,143,99912,35.00,-6.52,-6.17
275686,1719,0,155,99912,35.00,-6.52,-6.15
275708,1983,0,168,99912,35.00,-6.62,-6.19
275730,2471,0,179,99912,35.00,-6.52,-6.11
275752,2662,0,174,99912,35.00,-6.53,-6.15
275774,2658,0,165,99912,35.00,-6.52,-6.20
275815,2299,0,155,99912,35.00,-6.52,-6.16
275837,1971,0,146,99912,35.00,-6.50,-6.13
275859,1605,0,138,99912,35.00,-6.52,-6.16
275881,1321,0,133,99912,35.00,-6.50,-6.16
275903,1271,0,138,99912,35.00,-6.52,-6.15
275925,1587,0,147,99912,35.00,-6.55,-6.15
275947,1909,0,159,99912,35.00,-6.52,-6.15
275969,2249,0,169,99912,35.00,-6.56,-6.13
275991,2398,0,166,99912,35.00,-6.50,-6.11
276535,2531,0,168,99912,36.32,-6.50,-6.16
276577,1580,0,126,99912,35.00,-6.50,-6.19
276599,1531,0,134,99912,35.00,-6.49,-6.18
276621,1405,0,135,99912,35.00,-6.52,-6.15
276643,1429,0,139,99912,35.00,-6.56,-6.16
276665,1675,0,152,99912,35.00,-6.53,-6.16
276687,1965,0,166,99912,35.00,-6.49,-6.15
276709,2271,0,165,99912,35.00,-6.54,-6.13
276731,2509,0,166,99912,35.00,-6.52,-6.14
276753,2427,0,165,99912,35.00,-6.52,-6.14
276775,2087,0,149,99912,35.00,-6.50,-6.13
276818,1597,0,138,99912,35.00,-6.51,-6.16
276840,1269,0,134,99912,35.00,-6.52,-6.13
276862,1300,0,135,99912,35.00,-6.55,-6.18
276884,1623,0,147,99912,35.00,-6.52,-6.17
276906,1884,0,159,99912,35.00,-6.54,-6.19
276928,2220,0,167,99912,35.00,-6.51,-6.20
276950,2490,0,173,99912,35.00,-6.53,-6.14
276972,2411,0,165,99912,35.00,-6.51,-6.17
276994,2116,0,152,99912,35.00,-6.51,-6.14
277553,1561,0,136,99912,36.83,-6.56,-6.15
277583,1939,0,137,99912,35.00,-6.50,-6.14
277605,2084,0,157,99912,35.00,-6.55,-6.16
277627,2419,0,166,99912,35.00,-6.49,-6.16
277649,2611,0,171,99912,35.00,-6.53,-6.18
277671,2504,0,159,99912,35.00,-6.54,-6.16
277693,2077,0,145,99912,35.00,-6.48,-6.14
277715,1679,0,135,99912,35.00,-6.52,-6.18
277737,1259,0,125,99912,35.00,-6.54,-6.14
277759,1117,0,125,99912,35.00,-6.53,-6.16
277800,1407,0,145,99912,35.00,-6.56,-6.19
277822,1501,0,143,99912,35.00,-6.52,-6.15
277844,1901,0,159,99912,35.00,-6.51,-6.13
277866,2259,0,170,99912,35.00,-6.50,-6.15
277888,2535,0,175,99912,35.00,-6.52,-6.18
277910,2491,0,168,99912,35.00,-6.54,-6.15
277932,2291,0,156,99912,35.00,-6.53,-6.18
277954,1831,0,143,99912,35.00,-6.53,-6.16
277976,1388,0,132,99912,35.00,-6.53,-6.16
277998,1157,0,127,99912,35.00,-6.51,-6.18
278020,1224,0,136,99912,35.00,-6.57,-6.14
278061,1581,0,142,99912,35.00,-6.48,-6.16
278083,1791,0,151,99912,35.00,-6.53,-6.15
278105,2135,0,165,99912,35.00,-6.54,-6.17
278127,2347,0,170,99912,35.00,-6.53,-6.17
278149,2445,0,165,99912,35.00,-6.52,-6.17
278171,2343,0,157,99912,35.00,-6.51,-6.11
278193,1879,0,139,99912,35.00,-6.54,-6.15
278215,1527,0,136,99912,35.00,-6.49,-6.14
278237,1332,0,135,99912,35.00,-6.49,-6.16
278259,1309,0,127,99912,35.00,-6.49,-6.16
278302,1455,0,141,99912,35.00,-6.56,-6.18
278324,1887,0,157,99912,35.00,-6.52,-6.15
278346,2291,0,169,99912,35.00,-6.51,-6.16
278368,2514,0,173,99912,35.00,-6.52,-6.13
278390,2261,0,158,99912,35.00,-6.53,-6.19
278412,2010,0,149,99912,35.00,-6.50,-6.13
278434,1661,0,135,99912,35.00,-6.55,-6.18
278456,1343,0,125,99912,35.00,-6.52,-6.17
278478,1285,0,132,99912,35.00,-6.53,-6.12
278500,1316,0,139,99912,35.00,-6.53,-6.14
278542,1686,0,155,99912,35.00,-6.51,-6.16
278564,2065,0,163,99912,35.00,-6.50,-6.10
278586,2184,0,167,99912,35.00,-6.60,-6.18
278608,2412,0,165,99912,35.00,-6.52,-6.13
278630,2391,0,158,99912,35.00,-6.49,-6.16
278652,2073,0,149,99912,35.00,-6.50,-6.13
278674,1691,0,135,99912,35.00,-6.53,-6.16
278696,1355,0,127,99912,35.00,-6.55,-6.14
278718,1271,0,135,99912,35.00,-6.52,-6.14
278740,1721,0,151,99912,35.00,-6.53,-6.16
278762,1820,0,158,99912,35.00,-6.46,-6.14
278803,1835,0,159,99912,35.00,-6.54,-6.16
278825,2183,0,165,99912,35.00,-6.53,-6.18
278847,2520,0,169,99912,35.00,-6.48,-6.18
278869,2557,0,166,99912,35.00,-6.54,-6.14
278891,2263,0,155,99912,35.00,-6.53,-6.16
278913,2173,0,155,99912,35.00,-6.51,-6.17
278935,1336,0,134,99912,35.00,-6.52,-6.15
278957,1188,0,135,99912,35.00,-6.49,-6.13
278979,1287,0,139,99912,35.00,-6.53,-6.18
279341,1405,0,141,99912,36.98,-6.53,-6.16
279369,2153,0,165,99912,35.00,-6.49,-6.17
279391,1887,0,137,99912,35.00,-6.54,-6.15
279413,1613,0,133,99912,35.00,-6.56,-6.15
279435,1303,0,123,99912,35.00,-6.52,-6.16
279457,1294,0,136,99912,35.00,-6.56,-6.14
279479,1405,0,147,99912,35.00,-6.54,-6.17
279501,1703,0,153,99912,35.00,-6.48,-6.14
279523,2031,0,165,99912,35.00,-6.54,-6.18
279565,2391,0,171,99912,35.00,-6.52,-6.11
279587,2519,0,165,99912,35.00,-6.54,-6.17
279609,2381,0,156,99912,35.00,-6.51,-6.17
279631,2287,0,155,99912,35.00,-6.51,-6.20
279653,1611,0,136,99912,35.00,-6.53,-6.15
279675,1321,0,135,99912,35.00,-6.56,-6.16
279697,971,0,135,99912,35.00,-6.52,-6.15
279719,1513,0,147,99912,35.00,-6.50,-6.15
279741,1643,0,148,99912,35.00,-6.51,-6.14
279763,2164,0,167,99912,35.00,-6.55,-6.19
279805,2479,0,167,99912,35.00,-6.50,-6.17
279827,2549,0,167,99912,35.00,-6.49,-6.15
279849,2315,0,155,99912,35.00,-6.54,-6.17
279871,1942,0,152,99912,35.00,-6.50,-6.16
279893,1477,0,137,99912,35.00,-6.51,-6.18
279915,1315,0,142,99912,35.00,-6.56,-6.20
279937,887,0,127,99912,35.00,-6.55,-6.18
279959,1497,0,146,99912,35.00,-6.50,-6.14
279981,2265,0,166,99912,35.00,-6.50,-6.14
280351,2252,0,165,99912,36.81,-6.54,-6.15
280387,1418,0,127,99912,35.00,-6.55,-6.14
280409,2223,0,148,99912,35.00,-6.53,-6.17
280431,1780,0,139,99912,35.00,-6.52,-6.16
280453,1176,0,123,99912,35.00,-6.55,-6.15
280475,1196,0,135,99912,35.00,-6.51,-6.16
280497,1301,0,136,99912,35.00,-6.52,-6.15
280519,1613,0,149,99912,35.00,-6.54,-6.13
280541,2004,0,165,99912,35.00,-6.54,-6.11
280563,2285,0,167,99912,35.00,-6.53,-6.15
280585,2505,0,169,99912,35.00,-6.53,-6.16
280628,2367,0,163,99912,35.00,-6.53,-6.10
280650,1981,0,141,99912,35.00,-6.51,-6.16
280672,1451,0,126,99912,35.00,-6.52,-6.16
280694,1312,0,133,99912,35.00,-6.53,-6.17
280716,1257,0,136,99912,35.00,-6.54,-6.12
280738,1471,0,149,99912,35.00,-6.52,-6.14
280760,1903,0,158,99912,35.00,-6.56,-6.15
280782,2220,0,168,99912,35.00,-6.52,-6.14
280804,2503,0,171,99912,35.00,-6.52,-6.21
280826,2479,0,167,99912,35.00,-6.53,-6.13
280868,2211,0,154,99912,35.00,-6.50,-6.18
280890,1750,0,139,99912,35.00,-6.55,-6.15
280912,1439,0,135,99912,35.00,-6.54,-6.16
280934,1253,0,135,99912,35.00,-6.55,-6.16
280956,1482,0,141,99912,35.00,-6.53,-6.13
280978,1510,0,147,99912,35.00,-6.56,-6.13
281368,2091,0,169,99912,36.72,-6.53,-6.17
281410,1547,0,137,99912,35.00,-6.51,-6.14
281432,1262,0,120,99912,35.00,-6.51,-6.15
281454,1145,0,123,99912,35.00,-6.52,-6.14
281476,1299,0,139,99912,35.00,-6.53,-6.15
281498,1712,0,153,99912,35.00,-6.53,-6.09
281520,2134,0,167,99912,35.00,-6.51,-6.13
281542,2355,0,164,99912,35.00,-6.56,-6.15
281564,2531,0,169,99912,35.00,-6.52,-6.14
281586,2429,0,158,99912,35.00,-6.53,-6.11
281608,2022,0,147,99912,35.00,-6.54,-6.15
281650,1363,0,124,99912,35.00,-6.55,-6.17
281672,1321,0,123,99912,35.00,-6.56,-6.18
281694,1310,0,133,99912,35.00,-6.51,-6.12
281716,1619,0,140,99912,35.00,-6.53,-6.17
281738,1845,0,151,99912,35.00,-6.52,-6.14
281760,2223,0,166,99912,35.00,-6.55,-6.18
281782,2553,0,172,99912,35.00,-6.54,-6.15
281804,2502,0,167,99912,35.00,-6.50,-6.13
281826,2285,0,151,99912,35.00,-6.53,-6.18
281848,1883,0,137,99912,35.00,-6.55,-6.17
281870,1599,0,133,99912,35.00,-6.53,-6.17
281911,1357,0,124,99912,35.00,-6.54,-6.12
281933,1259,0,127,99912,35.00,-6.55,-6.17
281955,1419,0,138,99912,35.00,-6.51,-6.16
281977,1690,0,151,99912,35.00,-6.53,-6.14
281999,1929,0,157,99912,35.00,-6.48,-6.16
282021,2458,0,173,99912,35.00,-6.54,-6.14
282043,2471,0,167,99912,35.00,-6.54,-6.17
282065,2411,0,151,99912,35.00,-6.54,-6.15
282087,2091,0,141,99912,35.00,-6.55,-6.16
282109,1765,0,126,99912,35.00,-6.49,-6.12
282152,1395,0,125,99912,35.00,-6.48,-6.17
282174,1289,0,127,99912,35.00,-6.53,-6.15
282196,1560,0,138,99912,35.00,-6.55,-6.15
282218,1898,0,156,99912,35.00,-6.53,-6.18
282240,2253,0,168,99912,35.00,-6.52,-6.16
282262,2519,0,171,99912,35.00,-6.51,-6.15
282284,2573,0,167,99912,35.00,-6.52,-6.16
282306,2265,0,153,99912,35.00,-6.51,-6.17
282328,1889,0,141,99912,35.00,-6.49,-6.16
282350,1490,0,127,99912,35.00,-6.56,-6.16
282392,1271,0,125,99912,35.00,-6.51,-6.17
282414,1209,0,138,99912,35.00,-6.53,-6.14
282436,1547,0,151,99912,35.00,-6.53,-6.16
282458,1972,0,159,99912,35.00,-6.53,-6.15
282480,2376,0,167,99912,35.00,-6.52,-6.18
282502,2535,0,169,99912,35.00,-6.53,-6.15
282524,2553,0,165,99912,35.00,-6.50,-6.19
282546,2133,0,149,99912,35.00,-6.49,-6.16
282568,1767,0,134,99912,35.00,-6.54,-6.15
282590,1419,0,125,99912,35.00,-6.51,-6.12
282612,1273,0,125,99912,35.00,-6.56,-6.12
282653,1381,0,137,99912,35.00,-6.48,-6.20
282675,1439,0,141,99912,35.00,-6.53,-6.18
282697,1831,0,155,99912,35.00,-6.52,-6.15
282719,2213,0,169,99912,35.00,-6.53,-6.12
282741,2184,0,165,99912,35.00,-6.52,-6.17
282763,2360,0,168,99912,35.00,-6.51,-6.21
282785,2121,0,152,99912,35.00,-6.52,-6.15
282807,1719,0,140,99912,35.00,-6.51,-6.15
282829,1303,0,135,99912,35.00,-6.56,-6.13
282851,920,0,126,99912,35.00,-6.51,-6.18
282894,1134,0,137,99912,35.00,-6.53,-6.16
282916,1805,0,153,99912,35.00,-6.50,-6.14
282938,2088,0,165,99912,35.00,-6.50,-6.15
282960,2474,0,173,99912,35.00,-6.54,-6.16
282982,2921,0,174,99912,35.00,-6.49,-6.17
283403,2358,0,160,99912,36.54,-6.55,-6.16
283435,2129,0,149,99912,35.00,-6.53,-6.14
283457,2034,0,166,99912,35.00,-6.49,-6.14
283479,2409,0,170,99912,35.00,-6.54,-6.17
283501,2552,0,173,99912,35.00,-6.54,-6.14
283523,2422,0,159,99912,35.00,-6.55,-6.14
283545,2031,0,148,99912,35.00,-6.54,-6.16
283567,1603,0,139,99912,35.00,-6.52,-6.13
283589,1268,0,127,99912,35.00,-6.55,-6.19
283611,1093,0,135,99912,35.00,-6.52,-6.14
283633,1379,0,140,99912,35.00,-6.50,-6.12
283676,1804,0,154,99912,35.00,-6.53,-6.17
283698,2403,0,171,99912,35.00,-6.52,-6.12
283720,2777,0,179,99912,35.00,-6.50,-6.16
283742,2533,0,169,99912,35.00,-6.53,-6.15
283764,2219,0,158,99912,35.00,-6.54,-6.16
283786,1901,0,149,99912,35.00,-6.51,-6.11
283808,1221,0,127,99912,35.00,-6.48,-6.18
283830,1236,0,135,99912,35.00,-6.51,-6.17
283852,1516,0,140,99912,35.00,-6.49,-6.18
283874,1854,0,157,99912,35.00,-6.52,-6.13
283916,1939,0,167,99912,35.00,-6.53,-6.13
283938,2303,0,173,99912,35.00,-6.53,-6.07
283960,2443,0,171,99912,35.00,-6.56,-6.13
283982,2406,0,163,99912,35.00,-6.50,-6.16
284420,2066,0,149,99912,37.04,-6.56,-6.15
284458,2293,0,153,99912,35.00,-6.53,-6.17
284480,2437,0,165,99912,35.00,-6.54,-6.14
284502,2205,0,154,99912,35.00,-6.53,-6.17
284524,1848,0,143,99912,35.00,-6.54,-6.15
284546,1469,0,136,99912,35.00,-6.53,-6.14
284568,1279,0,133,99912,35.00,-6.53,-6.15
284590,1238,0,137,99912,35.00,-6.54,-6.15
284612,1469,0,147,99912,35.00,-6.52,-6.16
284634,1829,0,156,99912,35.00,-6.50,-6.13
284656,2197,0,165,99912,35.00,-6.54,-6.11
284698,2537,0,173,99912,35.00,-6.51,-6.16
284720,2527,0,166,99912,35.00,-6.53,-6.14
284742,2302,0,156,99912,35.00,-6.51,-6.12
284764,1866,0,141,99912,35.00,-6.53,-6.13
284786,1467,0,135,99912,35.00,-6.53,-6.13
284808,1513,0,141,99912,35.00,-6.56,-6.15
284830,1279,0,137,99912,35.00,-6.54,-6.13
284852,1513,0,143,99912,35.00,-6.55,-6.11
284874,1880,0,157,99912,35.00,-6.55,-6.16
284896,2333,0,168,99912,35.00,-6.51,-6.16
284918,2475,0,173,99912,35.00,-6.53,-6.16
284959,2543,0,167,99912,35.00,-6.52,-6.14
284981,2431,0,155,99912,35.00,-6.52,-6.17
285692,2005,0,147,99912,36.54,-6.51,-6.14
285721,2159,0,167,99912,35.00,-6.55,-6.15
285743,1817,0,137,99912,35.00,-6.50,-6.16
285765,1514,0,127,99912,35.00,-6.49,-6.16
285787,1289,0,133,99912,35.00,-6.54,-6.16
285809,1367,0,138,99912,35.00,-6.53,-6.17
285831,1593,0,149,99912,35.00,-6.53,-6.17
285853,2007,0,159,99912,35.00,-6.52,-6.14
285875,2315,0,164,99912,35.00,-6.54,-6.14
285897,2503,0,166,99912,35.00,-6.52,-6.11
285919,2507,0,163,99912,35.00,-6.58,-6.16
285961,2230,0,155,99912,35.00,-6.53,-6.14
285983,1797,0,139,99912,35.00,-6.50,-6.16
286709,1403,0,136,99912,36.54,-6.53,-6.15
286743,1757,0,152,99912,35.00,-6.53,-6.14
286765,1278,0,125,99912,35.00,-6.50,-6.16
286787,1279,0,134,99912,35.00,-6.52,-6.17
286809,1509,0,143,99912,35.00,-6.51,-6.13
286831,1890,0,153,99912,35.00,-6.49,-6.13
286853,2187,0,165,99912,35.00,-6.54,-6.18
286875,2455,0,167,99912,35.00,-6.53,-6.16
286897,2449,0,159,99912,35.00,-6.55,-6.16
286919,2221,0,151,99912,35.00,-6.55,-6.18
286941,2007,0,139,99912,35.00,-6.54,-6.16
286963,1373,0,123,99912,35.00,-6.51,-6.16
287727,1593,0,135,99912,37.10,-6.48,-6.17
287766,1711,0,149,99912,35.00,-6.53,-6.16
287788,1581,0,143,99912,35.00,-6.51,-6.16
287810,1869,0,154,99912,35.00,-6.53,-6.15
287832,2280,0,159,99912,35.00,-6.50,-6.15
287854,2461,0,163,99912,35.00,-6.50,-6.17
287876,2488,0,159,99912,35.00,-6.54,-6.15
287898,2185,0,149,99912,35.00,-6.53,-6.16
287920,1741,0,137,99912,35.00,-6.54,-6.13
287942,1459,0,133,99912,35.00,-6.53,-6.16
287964,1303,0,123,99912,35.00,-6.55,-6.14
287986,1363,0,138,99912,35.00,-6.56,-6.16
288027,1705,0,149,99912,35.00,-6.50,-6.16
288049,1800,0,149,99912,35.00,-6.50,-6.15
288071,2149,0,166,99912,35.00,-6.52,-6.14
288093,2439,0,167,99912,35.00,-6.51,-6.14
288115,2483,0,168,99912,35.00,-6.51,-6.14
288137,2339,0,155,99912,35.00,-6.52,-6.11
288159,1910,0,141,99912,35.00,-6.51,-6.16
288181,1581,0,127,99912,35.00,-6.52,-6.16
288203,1297,0,125,99912,35.00,-6.52,-6.15
288225,1322,0,133,99912,35.00,-6.50,-6.17
288267,1587,0,143,99912,35.00,-6.54,-6.10
288289,1846,0,154,99912,35.00,-6.54,-6.13
288311,2165,0,163,99912,35.00,-6.54,-6.16
288333,2364,0,167,99912,35.00,-6.56,-6.13
288355,2547,0,163,99912,35.00,-6.51,-6.14
288377,2285,0,151,99912,35.00,-6.54,-6.13
288399,1899,0,138,99912,35.00,-6.52,-6.17
288421,1403,0,124,99912,35.00,-6.55,-6.11
288443,1263,0,123,99912,35.00,-6.52,-6.13
288465,1275,0,135,99912,35.00,-6.45,-6.12
288487,1533,0,147,99912,35.00,-6.55,-6.15
288528,1883,0,157,99912,35.00,-6.50,-6.14
288550,2019,0,165,99912,35.00,-6.55,-6.12
288572,2444,0,169,99912,35.00,-6.50,-6.15
288594,2515,0,164,99912,35.00,-6.51,-6.13
288616,2421,0,154,99912,35.00,-6.57,-6.16
288638,1994,0,145,99912,35.00,-6.54,-6.20
288660,1621,0,133,99912,35.00,-6.52,-6.16
288682,1289,0,125,99912,35.00,-6.54,-6.17
288704,1267,0,135,99912,35.00,-6.53,-6.15
288726,1499,0,141,99912,35.00,-6.52,-6.18
288748,1813,0,151,99912,35.00,-6.50,-6.15
288789,2213,0,167,99912,35.00,-6.50,-6.16
288811,2383,0,166,99912,35.00,-6.53,-6.13
288833,2597,0,169,99912,35.00,-6.55,-6.14
288855,2606,0,163,99912,35.00,-6.48,-6.13
288877,2101,0,148,99912,35.00,-6.56,-6.12
288899,1737,0,135,99912,35.00,-6.52,-6.16
288921,1387,0,134,99912,35.00,-6.54,-6.15
288943,1223,0,134,99912,35.00,-6.52,-6.15
288965,1367,0,143,99912,35.00,-6.54,-6.15
288987,1720,0,152,99912,35.00,-6.51,-6.17
289029,2025,0,165,99912,35.00,-6.56,-6.16
289051,2483,0,171,99912,35.00,-6.52,-6.11
289073,2541,0,167,99912,35.00,-6.54,-6.12
289095,2421,0,159,99912,35.00,-6.53,-6.15
289117,2132,0,143,99912,35.00,-6.54,-6.16
289139,1581,0,135,99912,35.00,-6.53,-6.15
289161,1399,0,133,99912,35.00,-6.50,-6.17
289183,1299,0,135,99912,35.00,-6.56,-6.15
289205,1460,0,143,99912,35.00,-6.56,-6.13
289227,1753,0,153,99912,35.00,-6.56,-6.16
289249,1957,0,159,99912,35.00,-6.51,-6.18
289290,2413,0,172,99912,35.00,-6.52,-6.15
289312,2520,0,169,99912,35.00,-6.53,-6.15
289334,2476,0,167,99912,35.00,-6.53,-6.15
289356,2175,0,151,99912,35.00,-6.51,-6.12
289378,1820,0,141,99912,35.00,-6.52,-6.13
289400,1711,0,137,99912,35.00,-6.51,-6.13
289422,1309,0,127,99912,35.00,-6.51,-6.15
289444,1389,0,139,99912,35.00,-6.49,-6.19
289466,1604,0,151,99912,35.00,-6.54,-6.14
289488,1967,0,159,99912,35.00,-6.54,-6.16
289531,2314,0,167,99912,35.00,-6.53,-6.15
289553,2453,0,159,99912,35.00,-6.51,-6.19
289575,2330,0,151,99912,35.00,-6.55,-6.14
289597,1925,0,140,99912,35.00,-6.52,-6.13
289619,1503,0,135,99912,35.00,-6.52,-6.11
289641,1157,0,133,99912,35.00,-6.55,-6.18
289663,1359,0,137,99912,35.00,-6.52,-6.14
289685,1549,0,143,99912,35.00,-6.53,-6.17
289707,1918,0,158,99912,35.00,-6.52,-6.17
289729,2263,0,167,99912,35.00,-6.51,-6.13
289771,2509,0,171,99912,35.00,-6.53,-6.16
289793,2318,0,161,99912,35.00,-6.53,-6.15
289815,2251,0,157,99912,35.00,-6.52,-6.12
289837,2013,0,147,99912,35.00,-6.52,-6.14
289859,1460,0,133,99912,35.00,-6.54,-6.13
289881,1175,0,133,99912,35.00,-6.54,-6.15
289903,1331,0,141,99912,35.00,-6.53,-6.17
289925,1557,0,143,99912,35.00,-6.54,-6.15
289947,1977,0,155,99912,35.00,-6.51,-6.16
289969,2315,0,164,99912,35.00,-6.53,-6.16
289991,2511,0,167,99912,35.00,-6.50,-6.15
290032,2571,0,163,99912,35.00,-6.55,-6.14
290054,2419,0,153,99912,35.00,-6.53,-6.18
290076,1835,0,140,99912,35.00,-6.51,-6.13
290098,1631,0,137,99912,35.00,-6.53,-6.14
290120,1307,0,125,99912,35.00,-6.52,-6.17
290142,1285,0,135,99912,35.00,-6.52,-6.14
290164,1516,0,149,99912,35.00,-6.52,-6.14
290186,1850,0,156,99912,35.00,-6.55,-6.13
290208,2171,0,167,99912,35.00,-6.52,-6.12
290230,2485,0,169,99912,35.00,-6.56,-6.12
290273,2549,0,168,99912,35.00,-6.51,-6.20
290295,2052,0,141,99912,35.00,-6.54,-6.13
290317,1683,0,137,99912,35.00,-6.54,-6.13
290339,1364,0,136,99912,35.00,-6.54,-6.17
290361,1308,0,125,99912,35.00,-6.50,-6.13
290383,1361,0,139,99912,35.00,-6.55,-6.12
290405,1759,0,150,99912,35.00,-6.54,-6.14
290427,2104,0,171,99735,35.00,-6.52,-6.13
290449,2405,0,169,99539,35.00,-6.56,-6.16
290471,2473,0,165,99609,35.00,-6.55,-6.18
290513,2375,0,156,99609,35.00,-6.55,-6.14
290535,1979,0,142,99609,35.00,-6.55,-6.16
290557,1553,0,140,99609,35.00,-6.51,-6.11
290579,1304,0,124,99609,35.00,-6.52,-6.16
290601,1307,0,135,99609,35.00,-6.50,-6.14
290623,1525,0,146,99609,35.00,-6.52,-6.12
290645,1821,0,151,99609,35.00,-6.49,-6.15
290667,2069,0,159,99609,35.00,-6.53,-6.12
290689,2351,0,171,99609,35.00,-6.54,-6.15
290711,2424,0,157,99609,35.00,-6.53,-6.12
290733,2793,0,164,99609,35.00,-6.52,-6.11
290774,1555,0,123,99609,35.00,-6.57,-6.16
290796,1349,0,123,99609,35.00,-6.55,-6.17
290818,999,0,121,99609,35.00,-6.59,-6.18
290840,981,0,133,99609,35.00,-6.50,-6.15
290862,1179,0,141,99609,35.00,-6.52,-6.16
290884,1617,0,153,99609,35.00,-6.54,-6.12
290906,2003,0,166,99609,35.00,-6.50,-6.10
290928,2355,0,171,99609,35.00,-6.55,-6.13
290950,2540,0,171,99609,35.00,-6.56,-6.10
290972,2485,0,167,99609,35.00,-6.53,-6.16
291542,2021,0,149,99609,37.07,-6.52,-6.14
291576,1880,0,157,99609,35.00,-6.51,-6.14
291598,1179,0,123,99609,35.00,-6.52,-6.15
291620,1251,0,137,99609,35.00,-6.54,-6.17
291642,1497,0,143,99609,35.00,-6.53,-6.15
291664,1847,0,157,99609,35.00,-6.51,-6.15
291686,2253,0,165,99609,35.00,-6.50,-6.17
291708,2494,0,169,99609,35.00,-6.51,-6.11
291730,2509,0,168,99609,35.00,-6.50,-6.13
291752,2215,0,152,99609,35.00,-6.52,-6.14
291774,1799,0,141,99609,35.00,-6.53,-6.18
291817,1385,0,125,99609,35.00,-6.53,-6.13
291839,1288,0,127,99609,35.00,-6.50,-6.13
291861,1433,0,143,99609,35.00,-6.53,-6.16
291883,1767,0,154,99609,35.00,-6.53,-6.18
291905,2142,0,167,99609,35.00,-6.55,-6.13
291927,2431,0,169,99609,35.00,-6.55,-6.18
291949,2501,0,167,99609,35.00,-6.53,-6.19
291971,2349,0,159,99609,35.00,-6.51,-6.15
291993,1949,0,141,99609,35.00,-6.51,-6.14
292560,1555,0,135,99609,36.81,-6.54,-6.15
292599,1803,0,155,99609,35.00,-6.55,-6.14
292621,1671,0,149,99609,35.00,-6.55,-6.16
292643,2001,0,164,99609,35.00,-6.54,-6.13
292665,2409,0,169,99609,35.00,-6.49,-6.19
292687,2493,0,171,99609,35.00,-6.50,-6.18
292709,2429,0,159,99609,35.00,-6.51,-6.15
292731,2125,0,153,99609,35.00,-6.52,-6.17
292753,1687,0,139,99609,35.00,-6.53,-6.16
292775,1293,0,127,99609,35.00,-6.53,-6.15
292797,1255,0,127,99609,35.00,-6.53,-6.12
292839,1288,0,137,99609,35.00,-6.52,-6.15
292861,1654,0,149,99609,35.00,-6.51,-6.18
292883,2075,0,163,99609,35.00,-6.55,-6.12
292905,2355,0,171,99609,35.00,-6.55,-6.14
292927,2539,0,169,99609,35.00,-6.54,-6.14
292949,2381,0,157,99609,35.00,-6.52,-6.14
292971,2002,0,141,99609,35.00,-6.50,-6.15
292993,1597,0,135,99609,35.00,-6.52,-6.16
293577,1263,0,107,99609,36.71,-6.50,-6.20
293608,1499,0,141,99609,35.00,-6.53,-6.21
293630,1913,0,139,99609,35.00,-6.55,-6.17
293652,1581,0,136,99609,35.00,-6.50,-6.16
293674,1309,0,127,99609,35.00,-6.51,-6.12
293696,1237,0,138,99609,35.00,-6.52,-6.11
293718,1428,0,146,99609,35.00,-6.52,-6.13
293740,1773,0,155,99609,35.00,-6.54,-6.18
293782,2107,0,165,99609,35.00,-6.52,-6.15
293804,2484,0,169,99609,35.00,-6.50,-6.15
293826,2458,0,167,99609,35.00,-6.54,-6.15
293848,2367,0,163,99609,35.00,-6.54,-6.15
293870,1928,0,147,99609,35.00,-6.54,-6.17
293892,1407,0,135,99609,35.00,-6.56,-6.17
293914,1305,0,135,99609,35.00,-6.51,-6.15
293936,1369,0,139,99609,35.00,-6.50,-6.14
293958,1529,0,148,99609,35.00,-6.54,-6.16
293980,649,0,137,99609,35.00,-6.55,-6.13
294022,2317,0,169,99609,35.00,-6.61,-6.19
294044,2531,0,166,99609,35.00,-6.56,-6.14
294066,2645,0,163,99609,35.00,-6.55,-6.20
294088,2361,0,151,99609,35.00,-6.48,-6.16
294110,1948,0,138,99609,35.00,-6.54,-6.16
294132,1515,0,133,99609,35.00,-6.53,-6.12
294154,1324,0,127,99609,35.00,-6.54,-6.17
294176,1453,0,139,99609,35.00,-6.52,-6.15
294198,1651,0,147,99609,35.00,-6.52,-6.11
294220,2031,0,166,99609,35.00,-6.56,-6.18
294242,2345,0,165,99609,35.00,-6.52,-6.16
294283,2569,0,169,99609,35.00,-6.52,-6.15
294305,2589,0,169,99609,35.00,-6.55,-6.13
294327,2351,0,153,99609,35.00,-6.56,-6.22
294349,1913,0,141,99609,35.00,-6.54,-6.16
294371,1497,0,127,99609,35.00,-6.53,-6.12
294393,1615,0,135,99609,35.00,-6.50,-6.12
294415,1150,0,125,99609,35.00,-6.50,-6.14
294437,1394,0,139,99609,35.00,-6.56,-6.19
294459,1673,0,153,99609,35.00,-6.56,-6.11
294481,1895,0,154,99609,35.00,-6.55,-6.16
294503,2173,0,165,99609,35.00,-6.57,-6.14
294544,2455,0,165,99609,35.00,-6.55,-6.16
294566,2501,0,157,99609,35.00,-6.53,-6.17
294588,2161,0,147,99609,35.00,-6.56,-6.17
294610,1759,0,139,99609,35.00,-6.49,-6.15
294632,1307,0,127,99609,35.00,-6.54,-6.18
294654,1333,0,133,99609,35.00,-6.53,-6.13
294676,1542,0,143,99609,35.00,-6.52,-6.13
294698,1855,0,153,99609,35.00,-6.56,-6.15
294720,2188,0,167,99609,35.00,-6.51,-6.14
294742,2597,0,170,99609,35.00,-6.52,-6.14
294784,2568,0,171,99609,35.00,-6.56,-6.14
294806,2429,0,156,99609,35.00,-6.56,-6.14
294828,2141,0,146,99609,35.00,-6.51,-6.16
294850,1635,0,132,99609,35.00,-6.54,-6.11
294872,1197,0,119,99609,35.00,-6.51,-6.14
294894,1115,0,136,99609,35.00,-6.53,-6.13
294916,1316,0,137,99609,35.00,-6.50,-6.17
294938,1599,0,146,99609,35.00,-6.54,-6.16
294960,1947,0,158,99609,35.00,-6.56,-6.14
294982,2303,0,167,99609,35.00,-6.51,-6.12
295358,2395,0,164,99609,36.51,-6.52,-6.15
295386,2228,0,167,99609,35.00,-6.50,-6.16
295408,1785,0,136,99609,35.00,-6.57,-6.13
295430,1426,0,125,99609,35.00,-6.52,-6.12
295452,1311,0,132,99609,35.00,-6.54,-6.13
295474,1297,0,137,99609,35.00,-6.52,-6.17
295496,1555,0,141,99609,35.00,-6.52,-6.12
295518,1938,0,155,99609,35.00,-6.50,-6.15
295540,2283,0,167,99609,35.00,-6.50,-6.16
295562,2503,0,167,99609,35.00,-6.54,-6.16
295584,2507,0,164,99609,35.00,-6.56,-6.10
295606,2189,0,151,99609,35.00,-6.53,-6.17
295647,1832,0,137,99609,35.00,-6.54,-6.18
295669,1603,0,136,99609,35.00,-6.50,-6.16
295691,1368,0,125,99609,35.00,-6.52,-6.16
295713,1260,0,133,99609,35.00,-6.53,-6.15
295735,1501,0,137,99609,35.00,-6.52,-6.16
295757,1798,0,153,99609,35.00,-6.51,-6.15
295779,2208,0,167,99609,35.00,-6.50,-6.11
295801,2513,0,169,99609,35.00,-6.54,-6.16
295823,2587,0,166,99609,35.00,-6.53,-6.15
295845,2357,0,153,99609,35.00,-6.50,-6.13
295888,1883,0,139,99609,35.00,-6.54,-6.16
295910,1517,0,128,99609,35.00,-6.53,-6.11
295932,1361,0,134,99609,35.00,-6.52,-6.16
295954,1367,0,135,99609,35.00,-6.54,-6.18
295976,1555,0,143,99609,35.00,-6.49,-6.12
295998,1982,0,159,99609,35.00,-6.54,-6.17
296020,2155,0,159,99609,35.00,-6.53,-6.12
296042,2363,0,167,99609,35.00,-6.51,-6.14
296064,2328,0,157,99609,35.00,-6.52,-6.16
296086,1945,0,147,99609,35.00,-6.52,-6.18
296128,1509,0,133,99609,35.00,-6.58,-6.11
296150,1133,0,125,99609,35.00,-6.54,-6.16
296172,1159,0,133,99609,35.00,-6.50,-6.12
296194,1337,0,139,99609,35.00,-6.52,-6.13
296216,1783,0,163,99609,35.00,-6.53,-6.13
296238,2253,0,169,99609,35.00,-6.53,-6.15
296260,2391,0,168,99609,35.00,-6.53,-6.13
296282,2535,0,164,99609,35.00,-6.54,-6.14
296304,2623,0,165,99609,35.00,-6.55,-6.11
296326,2186,0,143,99609,35.00,-6.54,-6.12
296348,1567,0,125,99609,35.00,-6.51,-6.14
296389,1405,0,127,99609,35.00,-6.54,-6.14
296411,1301,0,125,99609,35.00,-6.51,-6.13
296433,1381,0,137,99609,35.00,-6.52,-6.14
296455,1592,0,149,99609,35.00,-6.54,-6.17
296477,2073,0,165,99609,35.00,-6.51,-6.12
296499,2187,0,165,99609,35.00,-6.54,-6.13
296521,2681,0,169,99609,35.00,-6.56,-6.19
296543,2429,0,159,99609,35.00,-6.50,-6.13
296565,2105,0,149,99609,35.00,-6.51,-6.16
296587,1719,0,137,99609,35.00,-6.53,-6.15
296629,1404,0,127,99609,35.00,-6.50,-6.12
296651,1251,0,133,99609,35.00,-6.51,-6.14
296673,1465,0,141,99609,35.00,-6.55,-6.17
296695,1736,0,153,99609,35.00,-6.52,-6.13
296717,2118,0,163,99609,35.00,-6.53,-6.16
296739,2379,0,166,99609,35.00,-6.51,-6.16
296761,2553,0,167,99609,35.00,-6.53,-6.14
296783,2332,0,154,99609,35.00,-6.48,-6.11
296805,2009,0,142,99609,35.00,-6.51,-6.12
296827,1621,0,135,99609,35.00,-6.52,-6.13
296849,1311,0,131,99609,35.00,-6.50,-6.16
296890,1308,0,133,99609,35.00,-6.52,-6.14
296912,1271,0,136,99609,35.00,-6.51,-6.20
296934,1497,0,147,99609,35.00,-6.56,-6.16
296956,2037,0,159,99609,35.00,-6.54,-6.17
296978,2310,0,162,99609,35.00,-6.50,-6.15
297393,2527,0,169,99609,36.77,-6.53,-6.13
297432,2535,0,173,99609,35.00,-6.53,-6.15
297454,1491,0,137,99609,35.00,-6.54,-6.10
297476,1613,0,152,99609,35.00,-6.51,-6.10
297498,2283,0,169,99609,35.00,-6.56,-6.14
297520,2275,0,167,99609,35.00,-6.51,-6.09
297542,2341,0,160,99609,35.00,-6.51,-6.13
297564,1811,0,143,99609,35.00,-6.55,-6.14
297586,1327,0,133,99609,35.00,-6.59,-6.15
297608,1179,0,133,99609,35.00,-6.54,-6.19
297630,1012,0,133,99609,35.00,-6.54,-6.15
297672,1579,0,148,99609,35.00,-6.52,-6.11
297694,1855,0,153,99609,35.00,-6.54,-6.15
297716,2301,0,169,99609,35.00,-6.51,-6.07
297738,2569,0,171,99609,35.00,-6.54,-6.14
297760,2569,0,169,99609,35.00,-6.51,-6.13
297782,2267,0,155,99609,35.00,-6.58,-6.17
297804,1939,0,143,99609,35.00,-6.54,-6.14
297826,1481,0,134,99609,35.00,-6.54,-6.12
297848,1273,0,135,99609,35.00,-6.54,-6.13
297870,1269,0,136,99609,35.00,-6.54,-6.10
297892,1507,0,145,99609,35.00,-6.56,-6.14
297933,1871,0,157,99609,35.00,-6.55,-6.11
297955,2089,0,164,99609,35.00,-6.56,-6.15
297977,2359,0,171,99609,35.00,-6.49,-6.13
297999,2427,0,169,99609,35.00,-6.52,-6.10
298021,2493,0,163,99609,35.00,-6.55,-6.13
298043,1983,0,152,99609,35.00,-6.56,-6.13
298065,1565,0,135,99609,35.00,-6.55,-6.13
298087,1303,0,136,99609,35.00,-6.52,-6.12
298109,1261,0,137,99609,35.00,-6.53,-6.14
298131,1443,0,151,99609,35.00,-6.56,-6.12
298174,1694,0,153,99609,35.00,-6.52,-6.14
298196,2345,0,169,99609,35.00,-6.50,-6.15
298218,2475,0,168,99609,35.00,-6.52,-6.10
298240,2420,0,165,99609,35.00,-6.54,-6.08
298262,2185,0,151,99609,35.00,-6.55,-6.09
298284,1747,0,139,99609,35.00,-6.53,-6.13
298306,1336,0,127,99609,35.00,-6.55,-6.13
298328,1223,0,136,99609,35.00,-6.52,-6.11
298350,1284,0,141,99609,35.00,-6.54,-6.10
298372,1571,0,151,99609,35.00,-6.53,-6.11
298414,2011,0,159,99609,35.00,-6.57,-6.07
298436,2405,0,169,99609,35.00,-6.49,-6.08
298458,2302,0,169,99609,35.00,-6.51,-6.12
298480,2379,0,167,99609,35.00,-6.52,-6.08
298502,1959,0,147,99609,35.00,-6.49,-6.10
298524,1495,0,134,99609,35.00,-6.52,-6.13
298546,1175,0,126,99609,35.00,-6.53,-6.12
298568,1161,0,135,99609,35.00,-6.53,-6.11
298590,1240,0,141,99609,35.00,-6.56,-6.07
298612,1549,0,148,99609,35.00,-6.52,-6.18
298634,2031,0,165,99609,35.00,-6.55,-6.12
298675,2444,0,178,99609,35.00,-6.60,-6.10
298697,2621,0,174,99609,35.00,-6.54,-6.12
298719,2547,0,165,99609,35.00,-6.55,-6.12
298741,2339,0,154,99609,35.00,-6.55,-6.14
298763,1833,0,143,99609,35.00,-6.58,-6.13
298785,1437,0,132,99609,35.00,-6.53,-6.14
298807,1331,0,133,99609,35.00,-6.54,-6.12
298829,1311,0,140,99609,35.00,-6.54,-6.13
298851,1657,0,151,99609,35.00,-6.57,-6.11
298873,2087,0,159,99609,35.00,-6.53,-6.12
298916,2375,0,169,99609,35.00,-6.56,-6.11
298938,2643,0,173,99609,35.00,-6.58,-6.13
298960,2459,0,159,99609,35.00,-6.51,-6.14
298982,1823,0,141,99609,35.00,-6.54,-6.08
299428,1684,0,137,99609,37.02,-6.50,-6.11
299457,1849,0,149,99609,35.00,-6.56,-6.09
299479,2567,0,158,99609,35.00,-6.51,-6.11
299501,2133,0,148,99609,35.00,-6.56,-6.09
299523,1636,0,133,99609,35.00,-6.56,-6.08
299545,1303,0,133,99609,35.00,-6.58,-6.14
299567,1301,0,135,99609,35.00,-6.56,-6.13
299589,1399,0,141,99609,35.00,-6.53,-6.13
299611,1671,0,153,99609,35.00,-6.54,-6.11
299633,2118,0,167,99609,35.00,-6.53,-6.07
299655,2317,0,168,99609,35.00,-6.55,-6.16
299698,2431,0,165,99609,35.00,-6.57,-6.11
299720,2103,0,147,99609,35.00,-6.54,-6.10
299742,1673,0,138,99609,35.00,-6.55,-6.07
299764,1349,0,127,99609,35.00,-6.55,-6.09
299786,1251,0,135,99609,35.00,-6.51,-6.08
299808,1479,0,143,99609,35.00,-6.50,-6.10
299830,1787,0,151,99609,35.00,-6.52,-6.12
299852,2007,0,159,99609,35.00,-6.55,-6.12
299874,2315,0,168,99609,35.00,-6.50,-6.12
299896,2461,0,168,99609,35.00,-6.52,-6.13
299938,2440,0,159,99609,35.00,-6.52,-6.09
299960,1973,0,147,99609,35.00,-6.54,-6.08
299982,1561,0,136,99609,35.00,-6.57,-6.08
300699,1357,0,135,99609,36.93,-6.56,-6.07
300740,1468,0,133,99609,35.00,-6.54,-6.16
300762,1158,0,120,99609,35.00,-6.51,-6.13
300784,1107,0,125,99609,35.00,-6.54,-6.15
300806,1229,0,137,99609,35.00,-6.56,-6.15
300828,1430,0,149,99609,35.00,-6.55,-6.13
300850,1839,0,164,99609,35.00,-6.56,-6.13
300872,2191,0,169,99609,35.00,-6.55,-6.14
300894,2579,0,175,99609,35.00,-6.54,-6.12
300916,2619,0,171,99609,35.00,-6.55,-6.13
300938,2141,0,150,99609,35.00,-6.55,-6.12
300960,2001,0,143,99609,35.00,-6.55,-6.10
301717,1579,0,135,99609,36.50,-6.53,-6.08
301743,1255,0,133,99609,35.00,-6.58,-6.12
301765,0,0,121,99609,35.00,-6.56,-6.14
301787,105,0,138,99609,35.00,-6.54,-6.12
301809,1553,0,167,99609,35.00,-6.60,-6.15
301831,2504,0,181,99609,35.00,-6.56,-6.14
301853,2570,0,178,99609,35.00,-6.54,-6.11
301875,2683,0,167,99609,35.00,-6.60,-6.13
301897,2253,0,152,99609,35.00,-6.83,-6.21
301919,1939,0,137,99609,35.00,-6.57,-6.16
301941,1335,0,125,99609,35.00,-6.56,-6.13
301984,1123,0,119,99609,35.00,-6.57,-6.15
302734,1457,0,141,99609,36.21,-6.56,-6.15
302766,2201,0,143,99609,35.00,-6.55,-6.14
302788,2077,0,167,99609,35.00,-6.56,-6.14
302810,2585,0,175,99609,35.00,-6.54,-6.15
302832,2844,0,179,99609,35.00,-6.54,-6.12
302854,2611,0,164,99609,35.00,-6.53,-6.15
302876,2065,0,143,99609,35.00,-6.54,-6.11
302898,1682,0,135,99609,35.00,-6.55,-6.14
302920,1094,0,122,99609,35.00,-6.52,-6.16
302942,968,0,125,99609,35.00,-6.56,-6.15
302964,1173,0,139,99609,35.00,-6.57,-6.13
303506,1641,0,155,99609,37.01,-6.55,-6.16
303548,2423,0,176,99609,35.00,-6.50,-6.15
303570,2921,0,182,99609,35.00,-6.52,-6.13
303592,2613,0,172,99609,35.00,-6.58,-6.12
303614,2351,0,163,99609,35.00,-6.59,-6.10
303636,1819,0,139,99609,35.00,-6.57,-6.13
303658,1353,0,123,99609,35.00,-6.53,-6.15
303680,1011,0,122,99609,35.00,-6.50,-6.11
303702,885,0,126,99609,35.00,-6.54,-6.15
303724,1221,0,146,99609,35.00,-6.55,-6.14
303746,1711,0,159,99609,35.00,-6.52,-6.18
303788,2430,0,179,99609,35.00,-6.53,-6.19
303810,2607,0,172,99609,35.00,-6.55,-6.12
303832,2633,0,167,99609,35.00,-6.59,-6.16
303854,2227,0,152,99609,35.00,-6.55,-6.16
303876,1755,0,139,99609,35.00,-6.53,-6.16
303898,1234,0,125,99609,35.00,-6.57,-6.16
303920,1063,0,125,99609,35.00,-6.55,-6.15
303942,1163,0,137,99609,35.00,-6.55,-6.15
303964,1499,0,151,99609,35.00,-6.52,-6.12
303986,2005,0,167,99609,35.00,-6.53,-6.12
304515,2473,0,179,99609,37.11,-6.54,-6.17
304550,1117,0,125,99609,35.00,-6.56,-6.14
304572,2269,0,153,99609,35.00,-6.52,-6.16
304594,1653,0,125,99609,35.00,-6.55,-6.18
304616,1287,0,120,99609,35.00,-6.57,-6.11
304638,1061,0,121,99609,35.00,-6.57,-6.14
304660,991,0,127,99609,35.00,-6.51,-6.17
304682,1438,0,148,99609,35.00,-6.55,-6.16
304704,1900,0,157,99609,35.00,-6.55,-6.13
304726,2259,0,167,99609,35.00,-6.58,-6.15
304748,2913,0,174,99609,35.00,-6.56,-6.15
304770,2809,0,167,99609,35.00,-6.55,-6.19
304811,2156,0,147,99609,35.00,-6.58,-6.18
304833,1691,0,138,99609,35.00,-6.51,-6.09
304855,1123,0,124,99609,35.00,-6.54,-6.12
304877,1099,0,127,99609,35.00,-6.55,-6.17
304899,949,0,127,99609,35.00,-6.53,-6.15
304921,1229,0,136,99609,35.00,-6.58,-6.14
304943,1821,0,157,99609,35.00,-6.50,-6.12
304965,2328,0,171,99609,35.00,-6.52,-6.17
304987,2649,0,178,99609,35.00,-6.55,-6.11
305533,2941,0,175,99609,36.67,-6.54,-6.13
305573,1405,0,124,99609,35.00,-6.54,-6.14
305595,1574,0,134,99609,35.00,-6.57,-6.11
305617,1293,0,127,99609,35.00,-6.53,-6.16
305639,1386,0,137,99609,35.00,-6.53,-6.15
305661,1041,0,148,99609,35.00,-6.54,-6.19
305683,1620,0,163,99609,35.00,-6.55,-6.14
305705,2415,0,175,99609,35.00,-6.55,-6.16
305727,2675,0,180,99609,35.00,-6.54,-6.16
305749,2701,0,170,99609,35.00,-6.57,-6.19
305771,2183,0,153,99609,35.00,-6.54,-6.18
305814,1717,0,139,99609,35.00,-6.50,-6.15
305836,923,0,121,99609,35.00,-6.55,-6.14
305858,1446,0,137,99609,35.00,-6.56,-6.15
305880,1260,0,137,99609,35.00,-6.53,-6.17
305902,1817,0,159,99609,35.00,-6.54,-6.16
305924,2015,0,169,99609,35.00,-6.55,-6.15
305946,2477,0,181,99609,35.00,-6.53,-6.16
305968,2587,0,169,99609,35.00,-6.53,-6.14
305990,2442,0,159,99609,35.00,-6.53,-6.13
306550,1789,0,140,99609,37.01,-6.54,-6.18
306580,2004,0,135,99609,35.00,-6.55,-6.15
306602,3339,0,181,99609,35.00,-6.55,-6.14
306624,4095,0,181,99609,35.00,-6.56,-6.16
306646,4095,0,182,99609,35.00,-6.53,-6.16
306668,4095,0,174,99609,35.00,-6.56,-6.16
306690,4095,0,170,99609,35.00,-6.54,-6.16
306712,4095,0,173,99609,35.00,-6.56,-6.16
306734,1453,0,119,99609,35.00,-6.55,-6.18
306776,0,0,121,99609,35.00,-6.52,-6.18
306798,0,0,135,99609,35.00,-6.54,-6.16
306820,1531,0,163,99609,35.00,-6.54,-6.14
306842,1943,0,169,99609,35.00,-6.54,-6.16
306864,1365,0,156,99609,35.00,-6.55,-6.12
306886,74,0,141,99609,35.00,-6.49,-6.18
306908,511,0,149,99609,35.00,-6.48,-6.18
306930,703,0,141,99609,35.00,-6.51,-6.18
306952,57,0,121,99609,35.00,-6.53,-6.13
306974,0,0,123,99609,35.00,-6.50,-6.16
307567,183,0,132,99609,37.37,-6.54,-6.14
307598,1688,0,151,99609,35.00,-6.58,-6.12
307620,1363,0,163,99609,35.00,-6.62,-6.03
307642,1761,0,173,99609,35.00,-6.57,-6.11
307664,1653,0,163,99609,35.00,-6.54,-6.13
307686,2346,0,167,99609,35.00,-6.57,-6.20
307708,2409,0,154,99609,35.00,-6.63,-6.10
307730,2731,0,156,99609,35.00,-6.53,-6.16
307752,1544,0,125,99609,35.00,-6.50,-6.11
307774,889,0,133,99609,35.00,-6.55,-6.13
307796,1041,0,138,99609,35.00,-6.58,-6.16
307818,677,0,139,99609,35.00,-6.67,-5.94
307859,1679,0,159,99609,35.00,-6.54,-6.00
307881,594,0,151,99609,35.00,-6.56,-6.15
307903,1851,0,165,99609,35.00,-7.17,-6.22
307925,4095,0,184,99609,35.00,-6.60,-6.18
307947,4095,0,179,99609,35.00,-6.71,-6.06
307969,3223,0,157,99609,35.00,-6.57,-6.06
307991,2555,0,153,99609,35.00,-6.52,-6.07
308585,1917,0,138,99609,36.92,-6.51,-6.11
308621,2321,0,155,99609,35.00,-6.57,-6.16
308643,2351,0,170,99609,35.00,-6.54,-6.10
308665,2383,0,169,99609,35.00,-6.58,-6.11
308687,2586,0,161,99609,35.00,-6.59,-6.16
308709,4095,0,181,99609,35.00,-6.60,-6.07
308731,3453,0,164,99609,35.00,-6.78,-6.22
308753,1273,0,140,99609,35.00,-6.64,-6.15
308775,1193,0,139,99609,35.00,-6.64,-6.15
308797,1662,0,159,99609,35.00,-6.56,-6.15
308819,4093,0,197,99609,35.00,-6.66,-6.15
308862,3080,0,183,99609,35.00,-6.55,-6.14
308884,2261,0,166,99609,35.00,-6.49,-6.16
308906,2358,0,163,99609,35.00,-6.58,-6.12
308928,2425,0,157,99609,35.00,-6.57,-6.09
308950,1403,0,119,99609,35.00,-6.59,-6.17
308972,4095,0,181,99609,35.00,-6.48,-5.91
308994,1195,0,116,99609,35.00,-6.55,-6.17
309356,0,0,121,99609,36.98,-6.88,-6.34
309384,2707,0,183,99609,35.00,-6.56,-6.11
309406,2516,0,136,99609,35.00,-6.55,-6.06
309428,3341,0,165,99609,35.00,-6.57,-6.01
309450,741,0,133,99609,35.00,-6.63,-6.02
309472,2622,0,187,99609,35.00,-6.22,-6.12
309494,2326,0,147,99609,35.00,-6.55,-6.02
309516,792,0,145,99609,35.00,-6.50,-5.98
309538,1277,0,152,99609,35.00,-6.61,-5.97
309560,2536,0,211,99609,35.00,-6.57,-6.09
309582,0,0,135,99609,35.00,-6.78,-6.31
309624,4095,0,199,99609,35.00,-6.48,-6.07
309646,613,0,135,99609,35.00,-6.57,-6.11
309668,423,0,121,99609,35.00,-6.57,-6.13
309690,3224,0,176,99609,35.00,-6.46,-6.13
309712,1816,0,141,99609,35.00,-6.49,-6.14
309734,2072,0,147,99609,35.00,-6.58,-6.11
309756,895,0,147,99609,35.00,-6.43,-6.16
309778,4095,0,207,99609,35.00,-6.63,-6.24
309800,4095,0,184,99609,35.00,-6.67,-6.11
309822,4095,0,183,99609,35.00,-6.48,-6.13
309864,617,0,120,99609,35.00,-6.45,-6.18
309886,2869,0,165,99609,35.00,-6.27,-6.03
309908,3259,0,155,99609,35.00,-6.43,-6.15
309930,2407,0,157,99609,35.00,-6.25,-6.23
309952,4095,0,179,99609,35.00,-6.54,-6.14
309974,4095,0,179,99609,35.00,-6.46,-6.14
309996,4095,0,179,99609,35.00,-6.53,-6.14
310366,4095,0,183,99609,36.82,-6.43,-6.16
310406,0,0,117,99609,35.00,-6.60,-6.06
310428,0,0,122,99609,35.00,-6.48,-6.13
310450,0,0,125,99609,35.00,-6.50,-6.11
310472,0,0,127,99609,35.00,-6.42,-6.13
310494,1957,0,179,99609,35.00,-6.49,-6.14
310516,4095,0,189,99609,35.00,-6.54,-6.25
310538,1118,0,118,99609,35.00,-6.49,-6.14
310560,0,0,137,99609,35.00,-6.42,-6.15
310582,0,0,135,99609,35.00,-6.51,-6.22
310604,1041,0,151,99609,35.00,-6.51,-6.25
310646,3592,0,169,99609,35.00,-6.40,-6.11
310668,4095,0,173,99609,35.00,-6.39,-6.18
310690,4095,0,173,99609,35.00,-6.50,-6.26
310712,0,0,111,99609,35.00,-6.27,-6.35
310734,0,0,137,99609,35.00,-6.25,-6.12
310756,0,0,145,99609,35.00,-6.49,-6.21
310778,0,0,143,99609,35.00,-6.30,-6.21
310800,0,0,140,99609,35.00,-6.43,-6.17
310822,0,0,137,99609,35.00,-6.44,-6.20
310844,0,0,127,99609,35.00,-6.41,-6.22
310866,0,0,123,99609,35.00,-6.49,-6.22
310907,248,0,126,99609,35.00,-6.43,-6.21
310929,869,0,126,99609,35.00,-6.48,-6.17
310951,540,0,133,99609,35.00,-6.48,-6.20
310973,98,0,135,99609,35.00,-6.46,-6.18
310995,1247,0,157,99609,35.00,-6.43,-6.22
311383,2495,0,175,99609,36.56,-6.45,-6.16
311411,2508,0,147,99609,35.00,-6.43,-6.19
311433,2201,0,155,99609,35.00,-6.45,-6.18
311455,2456,0,167,99609,35.00,-6.45,-6.20
311477,2932,0,179,99609,35.00,-6.47,-6.21
311499,3757,0,187,99609,35.00,-6.44,-6.21
311521,3175,0,167,99609,35.00,-6.44,-6.19
311543,2795,0,157,99609,35.00,-6.46,-6.22
311565,2167,0,145,99609,35.00,-6.39,-6.18
311587,1837,0,137,99609,35.00,-6.42,-6.17
311629,1712,0,139,99609,35.00,-6.46,-6.23
311651,1611,0,141,99609,35.00,-6.44,-6.17
311673,2115,0,156,99609,35.00,-6.44,-6.20
311695,2404,0,169,99609,35.00,-6.45,-6.18
311717,2731,0,175,99609,35.00,-6.42,-6.19
311739,2807,0,180,99609,35.00,-6.42,-6.20
311761,2649,0,168,99609,35.00,-6.45,-6.20
311783,2463,0,154,99609,35.00,-6.45,-6.22
311805,2171,0,141,99609,35.00,-6.46,-6.16
311827,1699,0,135,99609,35.00,-6.38,-6.19
311869,1421,0,135,99609,35.00,-6.45,-6.18
311891,1688,0,147,99609,35.00,-6.42,-6.16
311913,1938,0,157,99609,35.00,-6.45,-6.20
311935,2201,0,164,99609,35.00,-6.42,-6.21
311957,2823,0,175,99609,35.00,-6.41,-6.20
311979,3150,0,174,99609,35.00,-6.41,-6.18
312400,1861,0,147,99609,36.95,-6.46,-6.18
312431,2205,0,147,99609,35.00,-6.47,-6.14
312453,2023,0,157,99609,35.00,-6.42,-6.11
312475,2711,0,173,99609,35.00,-6.49,-6.13
312497,2134,0,158,99609,35.00,-6.48,-6.12
312519,2317,0,155,99609,35.00,-6.44,-6.14
312541,1861,0,151,99609,35.00,-6.47,-6.14
312563,1554,0,134,99609,35.00,-6.48,-6.15
312585,786,0,115,99609,35.00,-6.55,-6.19
312607,1685,0,137,99609,35.00,-6.61,-6.18
312629,1931,0,141,99609,35.00,-6.54,-6.12
312671,1764,0,154,99609,35.00,-6.44,-6.14
312693,1833,0,159,99609,35.00,-6.50,-6.11
312715,2228,0,169,99609,35.00,-6.44,-6.10
312737,1459,0,153,99609,35.00,-6.39,-6.15
312759,1879,0,155,99609,35.00,-6.48,-6.06
312781,2279,0,155,99609,35.00,-6.45,-6.15
312803,1812,0,137,99609,35.00,-6.53,-6.11
312825,1459,0,125,99609,35.00,-6.39,-6.07
312847,1214,0,134,99609,35.00,-6.51,-6.07
312869,1399,0,138,99609,35.00,-6.49,-6.09
312891,1689,0,149,99609,35.00,-6.45,-6.06
312932,2080,0,159,99609,35.00,-6.49,-6.04
312954,2197,0,167,99609,35.00,-6.39,-6.12
312976,2155,0,172,99609,35.00,-6.46,-6.07
312998,2835,0,175,99609,35.00,-6.42,-6.04
313020,2040,0,153,99609,35.00,-6.49,-6.10
313042,0,0,117,99609,35.00,-6.52,-6.12
313064,0,0,133,99609,35.00,-6.46,-6.11
313086,0,0,125,99609,35.00,-6.39,-6.02
313108,0,0,135,99609,35.00,-6.49,-6.10
313130,0,0,137,99609,35.00,-6.46,-6.06
313152,0,0,141,99609,35.00,-6.46,-6.17
313193,4095,0,199,99609,35.00,-6.47,-6.11
313215,4095,0,179,99609,35.00,-6.49,-6.08
313237,4095,0,185,99609,35.00,-6.47,-6.06
313259,4095,0,175,99609,35.00,-6.50,-6.11
313281,4095,0,173,99609,35.00,-6.49,-6.11
313303,4095,0,171,99609,35.00,-6.46,-6.05
313325,4095,0,179,99609,35.00,-6.43,-6.03
313347,2397,0,142,99609,35.00,-6.53,-6.06
313369,3051,0,165,99609,35.00,-6.49,-6.02
313391,3007,0,167,99609,35.00,-6.47,-6.04
313433,3725,0,187,99609,35.00,-6.49,-6.09
313455,4095,0,185,99609,35.00,-6.46,-6.04
313477,4009,0,182,99609,35.00,-6.57,-6.21
313499,773,0,134,99609,35.00,-6.56,-6.09
313521,1749,0,151,99609,35.00,-6.52,-6.14
313543,1951,0,141,99609,35.00,-6.51,-6.10
313565,1893,0,141,99609,35.00,-6.48,-6.11
313587,1813,0,143,99609,35.00,-6.46,-6.11
313609,2185,0,155,99609,35.00,-6.50,-6.10
313631,2467,0,165,99609,35.00,-6.48,-6.08
313653,2747,0,173,99609,35.00,-6.49,-6.10
313694,2680,0,176,99609,35.00,-6.51,-6.09
313716,3129,0,181,99609,35.00,-6.53,-6.08
313738,2489,0,167,99609,35.00,-6.43,-5.98
313760,2028,0,141,99609,35.00,-6.46,-6.10
313782,2532,0,152,99609,35.00,-6.50,-6.12
313804,1565,0,125,99609,35.00,-6.53,-6.11
313826,763,0,123,99609,35.00,-6.44,-6.03
313848,1599,0,149,99609,35.00,-6.53,-6.06
313870,78,0,137,99609,35.00,-6.54,-6.09
313892,2287,0,173,99609,35.00,-6.57,-6.11
313914,1429,0,159,99609,35.00,-6.53,-6.11
313955,1624,0,166,99609,35.00,-6.49,-6.10
313977,1023,0,139,99609,35.00,-6.58,-6.14
313999,1209,0,143,99609,35.00,-6.52,-6.06
314021,779,0,119,99609,35.00,-6.50,-6.08
314043,1323,0,135,99609,35.00,-6.53,-6.10
314065,1483,0,136,99609,35.00,-6.46,-6.12
314087,1652,0,138,99609,35.00,-6.48,-6.09
314109,3001,0,177,99609,35.00,-6.46,-6.10
314131,3399,0,181,99609,35.00,-6.51,-6.07
314153,2954,0,179,99609,35.00,-6.49,-6.10
314195,3699,0,185,99609,35.00,-6.51,-6.10
314217,2735,0,155,99609,35.00,-6.53,-6.10
314239,2509,0,154,99609,35.00,-6.43,-6.07
314261,1883,0,143,99609,35.00,-6.44,-6.06
314283,1265,0,125,99609,35.00,-6.42,-6.10
314305,1005,0,125,99609,35.00,-6.48,-6.10
314327,690,0,137,99609,35.00,-6.44,-6.09
314349,0,0,133,99609,35.00,-6.40,-6.09
314371,613,0,147,99609,35.00,-6.56,-6.11
314393,731,0,153,99609,35.00,-6.46,-6.10
314415,1405,0,157,99609,35.00,-6.66,-6.06
314456,1012,0,150,99609,35.00,-6.59,-6.16
314478,4095,0,183,99609,35.00,-6.57,-6.08
314500,3853,0,167,99609,35.00,-6.44,-6.07
314522,1851,0,127,99609,35.00,-6.46,-6.07
314544,1643,0,132,99609,35.00,-6.48,-6.08
314566,1231,0,133,99609,35.00,-6.44,-6.10
314588,1849,0,153,99609,35.00,-6.49,-6.09
314610,2535,0,167,99609,35.00,-6.56,-6.12
314632,2693,0,176,99609,35.00,-6.51,-6.08
314654,2949,0,181,99609,35.00,-6.50,-6.09
314676,2829,0,168,99609,35.00,-6.51,-6.12
314717,2681,0,157,99609,35.00,-6.48,-6.09
314739,2767,0,151,99609,35.00,-6.45,-6.11
314761,2428,0,141,99609,35.00,-6.37,-6.15
314783,4095,0,175,99609,35.00,-6.55,-6.10
314805,939,0,119,99609,35.00,-6.44,-6.09
314827,0,0,125,99609,35.00,-6.50,-6.08
314849,469,0,145,99609,35.00,-6.56,-6.07
314871,0,0,139,99609,35.00,-6.42,-6.04
314893,1875,0,169,99609,35.00,-6.50,-6.08
314915,2571,0,181,99609,35.00,-6.50,-6.11
314957,4095,0,175,99609,35.00,-6.38,-5.94
314979,2633,0,141,99609,35.00,-6.61,-6.08
315707,989,0,121,99609,37.15,-6.45,-6.07
315740,407,0,137,99609,35.00,-6.52,-6.09
315762,1291,0,137,99609,35.00,-6.48,-6.10
315784,2185,0,153,99609,35.00,-6.46,-6.09
315806,2004,0,155,99609,35.00,-6.49,-6.07
315828,2824,0,173,99609,35.00,-6.41,-6.06
315850,3321,0,189,99609,35.00,-6.44,-6.14
315872,2617,0,165,99609,35.00,-6.50,-6.06
315894,2985,0,175,99609,35.00,-6.55,-6.11
315916,4095,0,184,99609,35.00,-6.59,-6.10
315938,1781,0,123,99609,35.00,-6.48,-6.11
315980,1799,0,141,99609,35.00,-6.50,-6.12
316724,2397,0,157,99609,37.34,-6.55,-6.14
316762,1511,0,153,99609,35.00,-6.51,-6.09
316784,1237,0,143,99609,35.00,-6.51,-6.08
316806,1696,0,151,99609,35.00,-6.50,-6.07
316828,2031,0,165,99609,35.00,-6.50,-6.08
316850,2285,0,169,99609,35.00,-6.47,-6.04
316872,2537,0,169,99609,35.00,-6.53,-6.08
316894,2023,0,153,99609,35.00,-6.48,-6.10
316916,1675,0,139,99609,35.00,-6.50,-6.07
316938,1323,0,125,99609,35.00,-6.52,-6.05
316960,1004,0,124,99609,35.00,-6.51,-6.09
316982,3449,0,172,99609,35.00,-6.47,-6.04
317023,1229,0,139,99609,35.00,-6.47,-6.07
317045,1316,0,147,99609,35.00,-6.54,-6.10
317067,1887,0,173,99609,35.00,-6.45,-6.07
317089,2233,0,173,99609,35.00,-6.48,-6.05
317111,2423,0,168,99609,35.00,-6.52,-6.06
317133,2275,0,157,99609,35.00,-6.46,-6.04
317155,1901,0,143,99609,35.00,-6.45,-6.04
317177,1369,0,125,99609,35.00,-6.50,-6.10
317199,921,0,123,99609,35.00,-6.50,-6.07
317221,793,0,126,99609,35.00,-6.47,-6.09
317264,891,0,137,99609,35.00,-6.49,-6.08
317286,1256,0,157,99609,35.00,-6.46,-6.05
317308,2065,0,168,99609,35.00,-6.45,-6.06
317330,1973,0,165,99609,35.00,-6.49,-6.06
317352,2628,0,167,99609,35.00,-6.46,-6.09
317374,2670,0,157,99609,35.00,-6.51,-6.11
317396,1307,0,125,99609,35.00,-6.48,-6.10
317418,671,0,117,99609,35.00,-6.47,-6.09
317440,1096,0,124,99609,35.00,-6.52,-6.13
317462,1149,0,139,99609,35.00,-6.49,-6.11
317504,1830,0,152,99609,35.00,-6.53,-6.09
317526,1830,0,165,99609,35.00,-6.50,-6.08
317548,2808,0,183,99609,35.00,-6.49,-6.09
317570,4095,0,198,99609,35.00,-6.46,-6.08
317592,3006,0,157,99609,35.00,-6.54,-6.05
317614,1519,0,141,99609,35.00,-6.49,-6.11
317636,2605,0,152,99609,35.00,-6.65,-6.08
317658,1190,0,133,99609,35.00,-6.48,-6.11
317680,1555,0,137,99609,35.00,-6.53,-6.10
317702,1055,0,125,99609,35.00,-6.49,-6.08
317724,1829,0,159,99609,35.00,-6.51,-6.06
317765,1895,0,159,99609,35.00,-6.60,-6.12
317787,2677,0,175,99609,35.00,-6.41,-6.07
317809,3543,0,187,99609,35.00,-6.55,-6.07
317831,2441,0,159,99609,35.00,-6.51,-6.11
317853,2716,0,157,99609,35.00,-6.53,-6.09
317875,1318,0,126,99609,35.00,-6.51,-6.09
317897,1549,0,137,99609,35.00,-6.49,-6.13
317919,1285,0,123,99609,35.00,-6.56,-6.07
317941,987,0,133,99609,35.00,-6.47,-6.09
317963,1917,0,153,99609,35.00,-6.54,-6.13
318506,1746,0,159,99609,36.69,-6.49,-6.14
318547,3559,0,187,99609,35.00,-6.52,-6.10
318569,2591,0,169,99609,35.00,-6.48,-6.10
318591,2259,0,159,99609,35.00,-6.46,-6.09
318613,1835,0,142,99609,35.00,-6.50,-6.09
318635,879,0,123,99609,35.00,-6.50,-6.08
318657,309,0,125,99609,35.00,-6.44,-6.11
318679,997,0,136,99609,35.00,-6.47,-6.06
318701,1528,0,153,99609,35.00,-6.47,-6.14
318723,3165,0,175,99609,35.00,-6.50,-6.12
318745,2421,0,165,99609,35.00,-6.48,-6.12
318767,2253,0,173,99609,35.00,-6.50,-6.11
318808,2357,0,169,99609,35.00,-6.44,-6.13
318830,3865,0,187,99609,35.00,-6.48,-6.13
318852,1622,0,127,99609,35.00,-6.50,-6.09
318874,1307,0,134,99609,35.00,-6.47,-6.11
318896,1705,0,139,99609,35.00,-6.44,-6.16
318918,1523,0,139,99609,35.00,-6.48,-6.13
318940,1581,0,146,99609,35.00,-6.47,-6.12
318962,2261,0,163,99609,35.00,-6.50,-6.13
318984,2143,0,165,99609,35.00,-6.52,-6.10
319523,3573,0,207,99609,37.05,-6.43,-6.04
319553,3591,0,189,99609,35.00,-6.55,-6.06
319575,341,0,121,99609,35.00,-6.45,-6.10
319597,1339,0,139,99609,35.00,-6.56,-6.10
319619,1501,0,141,99609,35.00,-6.50,-6.12
319641,0,0,127,99609,35.00,-6.45,-6.12
319663,0,0,138,99609,35.00,-6.55,-6.10
319685,2325,0,189,99609,35.00,-6.49,-6.05
319707,2808,0,173,99609,35.00,-6.56,-6.08
319729,2636,0,157,99609,35.00,-6.54,-6.09
319770,1321,0,127,99609,35.00,-6.50,-6.10
319792,1707,0,133,99609,35.00,-6.45,-6.08
319814,1063,0,121,99609,35.00,-6.52,-6.09
319836,1065,0,119,99609,35.00,-6.50,-6.10
319858,547,0,133,99609,35.00,-6.50,-6.09
319880,1741,0,153,99609,35.00,-6.52,-6.12
319902,2148,0,163,99609,35.00,-6.48,-6.10
319924,1913,0,157,99609,35.00,-6.47,-6.10
319946,2693,0,179,99609,35.00,-6.45,-6.12
319968,3901,0,181,99609,35.00,-6.51,-6.12
319990,3334,0,169,99609,35.00,-6.45,-6.11
320031,1247,0,121,99609,35.00,-6.46,-6.09
320053,2231,0,145,99609,35.00,-6.50,-6.05
320075,1415,0,123,99609,35.00,-6.49,-6.05
320097,0,0,115,99609,35.00,-6.39,-6.11
320119,0,0,134,99609,35.00,-6.61,-6.06
320141,1295,0,157,99609,35.00,-6.44,-6.13
320163,4095,0,202,99609,35.00,-6.46,-6.12
320185,4095,0,183,99609,35.00,-6.50,-6.09
320207,4095,0,176,99609,35.00,-6.58,-6.10
320229,580,0,117,99609,35.00,-6.53,-6.07
320272,53,0,137,99609,35.00,-6.43,-6.05
320294,1435,0,111,99609,35.00,-6.44,-6.07
320316,540,0,117,99609,35.00,-6.51,-6.10
320338,1823,0,153,99609,35.00,-6.49,-6.08
320360,2348,0,158,99609,35.00,-6.52,-6.07
320382,2009,0,159,99609,35.00,-6.49,-6.09
320404,2424,0,171,99609,35.00,-6.52,-6.08
320426,3020,0,175,99609,35.00,-6.50,-6.07
320448,3149,0,166,99609,35.00,-6.55,-6.09
320470,2611,0,149,99609,35.00,-6.49,-6.10
320512,1723,0,125,99609,35.00,-6.51,-6.03
320534,1589,0,137,99609,35.00,-6.49,-6.08
320556,2019,0,143,99609,35.00,-6.54,-6.10
320578,1493,0,139,99609,35.00,-6.52,-6.05
320600,1467,0,151,99609,35.00,-6.51,-6.08
320622,2103,0,168,99609,35.00,-6.50,-6.10
320644,2535,0,169,99609,35.00,-6.47,-6.09
320666,2467,0,165,99609,35.00,-6.54,-6.06
320688,2449,0,156,99609,35.00,-6.50,-6.08
320710,2013,0,145,99609,35.00,-6.48,-6.09
320732,1353,0,125,99609,35.00,-6.51,-6.09
320773,1067,0,123,99609,35.00,-6.50,-6.03
320795,1577,0,136,99609,35.00,-6.50,-6.08
320817,1284,0,135,99609,35.00,-6.47,-6.08
320839,1684,0,151,99609,35.00,-6.48,-6.05
320861,2431,0,169,99609,35.00,-6.49,-6.08
320883,3100,0,181,99609,35.00,-6.50,-6.03
320905,3624,0,181,99609,35.00,-6.55,-6.07
320927,2955,0,159,99609,35.00,-6.51,-6.06
320949,2345,0,142,99609,35.00,-6.53,-6.08
320971,1561,0,122,99609,35.00,-6.53,-6.07
321558,1207,0,121,99609,37.17,-6.56,-6.04
321595,1427,0,158,99609,35.00,-6.51,-6.09
321617,1271,0,135,99609,35.00,-6.50,-6.07
321639,2351,0,163,99609,35.00,-6.54,-6.06
321661,3611,0,189,99609,35.00,-6.63,-6.09
321683,4095,0,180,99609,35.00,-6.62,-6.09
321705,1835,0,155,99609,35.00,-6.53,-6.08
321727,2205,0,152,99609,35.00,-6.52,-6.10
321749,1576,0,125,99609,35.00,-6.50,-6.07
321771,389,0,116,99609,35.00,-6.55,-6.04
321793,775,0,123,99609,35.00,-6.49,-6.08
321836,1077,0,137,99609,35.00,-6.47,-6.14
321858,1679,0,154,99609,35.00,-6.55,-6.03
321880,3608,0,185,99609,35.00,-6.54,-6.06
321902,1769,0,155,99609,35.00,-6.49,-6.09
321924,2219,0,167,99609,35.00,-6.50,-6.07
321946,2231,0,157,99609,35.00,-6.52,-6.06
321968,1851,0,138,99609,35.00,-6.53,-6.10
321990,1813,0,137,99609,35.00,-6.53,-6.07
322575,1333,0,121,99609,36.83,-6.56,-6.47
322618,1929,0,153,99609,35.00,-6.53,-6.07
322640,2533,0,169,99609,35.00,-6.53,-6.07
322662,2846,0,175,99609,35.00,-6.49,-6.05
322684,2535,0,163,99609,35.00,-6.48,-6.07
322706,1738,0,139,99609,35.00,-6.56,-6.04
322728,1534,0,135,99609,35.00,-6.57,-6.04
322750,1149,0,121,99609,35.00,-6.55,-6.07
322772,859,0,125,99609,35.00,-6.55,-6.03
322794,1340,0,139,99609,35.00,-6.66,-5.98
322816,1991,0,157,99609,35.00,-6.55,-6.10
322858,2395,0,167,99609,35.00,-6.53,-6.07
322880,2733,0,177,99609,35.00,-6.52,-6.05
322902,3046,0,175,99609,35.00,-6.50,-6.09
322924,3196,0,173,99609,35.00,-6.49,-6.03
322946,2249,0,145,99609,35.00,-6.46,-6.06
322968,1624,0,123,99609,35.00,-6.51,-6.08
322990,1588,0,127,99609,35.00,-6.60,-6.02
323593,1191,0,131,99609,36.51,-6.58,-6.05
323624,1917,0,151,99609,35.00,-6.49,-6.09
323646,990,0,137,99609,35.00,-6.50,-6.09
323668,1075,0,125,99609,35.00,-6.56,-6.05
323690,983,0,122,99609,35.00,-6.52,-6.06
323712,1293,0,134,99609,35.00,-6.54,-6.07
323734,1675,0,148,99609,35.00,-6.56,-6.12
323756,2381,0,167,99609,35.00,-6.52,-6.06
323778,2637,0,173,99609,35.00,-6.54,-6.07
323821,2520,0,168,99609,35.00,-6.54,-6.10
323843,2011,0,149,99609,35.00,-6.50,-6.07
323865,1951,0,141,99609,35.00,-6.53,-6.08
323887,1469,0,123,99609,35.00,-6.48,-6.09
323909,483,0,115,99609,35.00,-6.51,-6.07
323931,405,0,121,99609,35.00,-6.49,-6.05
323953,1322,0,147,99609,35.00,-6.52,-6.10
323975,2325,0,167,99609,35.00,-6.50,-6.08
323997,2397,0,169,99609,35.00,-6.51,-6.07
324359,2329,0,164,99609,36.56,-6.52,-6.09
324387,2789,0,163,99609,35.00,-6.52,-6.07
324409,1300,0,120,99609,35.00,-6.52,-6.04
324431,1003,0,134,99609,35.00,-6.47,-6.08
324453,2136,0,151,99609,35.00,-6.59,-6.01
324475,3412,0,168,99609,35.00,-6.51,-6.11
324497,2841,0,174,99609,35.00,-6.53,-6.06
324519,1991,0,155,99609,35.00,-6.53,-6.10
324541,2724,0,169,99609,35.00,-6.52,-6.05
324583,1815,0,141,99609,35.00,-6.49,-6.04
324605,1405,0,149,99609,35.00,-6.52,-6.06
324627,777,0,119,99609,35.00,-6.53,-6.07
324649,1203,0,133,99609,35.00,-6.49,-6.09
324671,1084,0,136,99609,35.00,-6.53,-6.07
324693,1222,0,147,99609,35.00,-6.50,-6.08
324715,1433,0,151,99609,35.00,-6.49,-6.09
324737,2348,0,171,99609,35.00,-6.54,-6.06
324759,2777,0,175,99609,35.00,-6.51,-6.06
324781,2762,0,163,99609,35.00,-6.51,-6.08
324823,2483,0,152,99609,35.00,-6.52,-6.09
324845,1380,0,122,99609,35.00,-6.52,-6.06
324867,1229,0,127,99609,35.00,-6.51,-6.07
324889,1263,0,127,99609,35.00,-6.48,-6.05
324911,943,0,133,99609,35.00,-6.54,-6.09
324933,1131,0,147,99609,35.00,-6.55,-6.08
324955,2066,0,169,99609,35.00,-6.52,-6.05
324977,3387,0,189,99609,35.00,-6.54,-6.03
324999,4095,0,191,99609,35.00,-6.51,-6.09
325021,4095,0,171,99609,35.00,-6.67,-6.02
325043,0,0,111,99609,35.00,-6.54,-6.05
325084,1515,0,154,99609,35.00,-6.49,-6.05
325106,1403,0,111,99609,35.00,-6.48,-6.03
325128,1783,0,139,99609,35.00,-6.43,-6.09
325150,107,0,103,99609,35.00,-6.55,-6.07
325172,0,0,133,99609,35.00,-6.49,-6.07
325194,857,0,155,99609,35.00,-6.52,-6.09
325216,3078,0,180,99609,35.00,-6.54,-6.09
325238,2157,0,159,99609,35.00,-6.50,-6.10
325260,3115,0,173,99609,35.00,-6.52,-6.06
325282,2429,0,147,99609,35.00,-6.50,-6.10
325325,1253,0,117,99609,35.00,-6.50,-6.08
325347,0,0,115,99609,35.00,-6.53,-6.08
325369,1907,0,153,99609,35.00,-6.51,-6.03
325391,2315,0,154,99609,35.00,-6.56,-6.08
325413,2141,0,155,99609,35.00,-6.48,-6.05
325435,1997,0,163,99609,35.00,-6.47,-6.07
325457,2379,0,167,99609,35.00,-6.51,-6.11
325479,2661,0,167,99609,35.00,-6.51,-6.09
325501,2327,0,152,99609,35.00,-6.50,-6.07
325523,1047,0,115,99609,35.00,-6.53,-6.09
325565,1339,0,135,99609,35.00,-6.52,-6.05
325587,905,0,116,99609,35.00,-6.52,-6.04
325609,521,0,125,99609,35.00,-6.53,-6.07
325631,1099,0,149,99609,35.00,-6.51,-6.07
325653,1976,0,159,99609,35.00,-6.53,-6.07
325675,2699,0,173,99609,35.00,-6.51,-6.08
325697,2263,0,165,99609,35.00,-6.51,-6.10
325719,2827,0,166,99609,35.00,-6.53,-6.08
325741,2445,0,149,99609,35.00,-6.51,-6.07
325763,2095,0,137,99609,35.00,-6.49,-6.06
325785,1823,0,136,99609,35.00,-6.48,-6.06
325826,845,0,118,99609,35.00,-6.50,-6.08
325848,1032,0,123,99609,35.00,-6.51,-6.07
325870,555,0,123,99609,35.00,-6.53,-6.07
325892,1559,0,153,99609,35.00,-6.58,-6.09
325914,1990,0,160,99609,35.00,-6.50,-6.09
325936,3271,0,184,99609,35.00,-6.50,-6.10
325958,3253,0,173,99609,35.00,-6.50,-6.10
325980,2087,0,151,99609,35.00,-6.53,-6.08
326391,1624,0,137,99609,36.60,-6.49,-6.13
326427,2713,0,176,99609,35.00,-6.51,-6.06
326449,1483,0,140,99609,35.00,-6.53,-6.05
326471,2101,0,163,99609,35.00,-6.54,-6.06
326493,2042,0,158,99609,35.00,-6.50,-6.06
326515,2162,0,166,99609,35.00,-6.52,-6.05
326537,2340,0,160,99609,35.00,-6.52,-6.08
326559,1909,0,147,99609,35.00,-6.54,-6.05
326581,1311,0,125,99609,35.00,-6.54,-6.10
326603,1095,0,125,99609,35.00,-6.56,-6.06
326625,893,0,121,99609,35.00,-6.53,-6.06
326647,1103,0,127,99609,35.00,-6.52,-6.05
326688,1305,0,140,99609,35.00,-6.54,-6.07
326710,1563,0,147,99609,35.00,-6.51,-6.07
326732,2680,0,173,99609,35.00,-6.49,-6.06
326754,3059,0,178,99609,35.00,-6.50,-6.10
326776,3291,0,179,99609,35.00,-6.50,-6.05
326798,2257,0,153,99609,35.00,-6.55,-6.06
326820,2017,0,143,99609,35.00,-6.53,-6.05
326842,1289,0,125,99609,35.00,-6.53,-6.08
326864,677,0,116,99609,35.00,-6.51,-6.09
326886,3340,0,169,99609,35.00,-6.54,-6.06
326929,3079,0,157,99609,35.00,-6.54,-6.08
326951,1572,0,147,99609,35.00,-6.54,-6.03
326973,1573,0,157,99609,35.00,-6.49,-6.08
326995,2350,0,169,99609,35.00,-6.51,-6.06
327407,3075,0,167,99609,36.94,-6.57,-6.00
327435,1181,0,141,99609,35.00,-6.66,-6.14
327457,1909,0,141,99609,35.00,-6.48,-6.17
327479,1786,0,139,99609,35.00,-6.50,-6.04
327501,1865,0,137,99609,35.00,-6.61,-6.12
327523,3871,0,167,99609,35.00,-6.48,-6.02
327545,3947,0,169,99609,35.00,-6.63,-6.09
327567,1527,0,136,99609,35.00,-6.55,-6.08
327589,0,0,121,99609,35.00,-6.49,-6.08
327630,663,0,149,99609,35.00,-6.56,-6.02
327652,4095,0,195,99609,35.00,-6.60,-5.88
327674,4095,0,179,99609,35.00,-6.69,-5.98
327696,1068,0,133,99609,35.00,-6.59,-6.02
327718,1517,0,137,99609,35.00,-6.51,-6.00
327740,779,0,122,99609,35.00,-6.49,-6.03
327762,397,0,117,99609,35.00,-6.54,-6.02
327784,775,0,119,99609,35.00,-6.50,-6.06
327806,1613,0,151,99609,35.00,-6.50,-6.04
327828,4095,0,183,99609,35.00,-6.54,-6.08
327850,2184,0,164,99609,35.00,-6.51,-6.06
327891,782,0,148,99609,35.00,-6.55,-6.03
327913,2669,0,173,99609,35.00,-6.52,-6.03
327935,2725,0,171,99609,35.00,-6.57,-6.02
327957,3027,0,165,99609,35.00,-6.51,-5.96
327979,1340,0,135,99609,35.00,-6.51,-6.07
328426,681,0,117,99609,37.05,-6.55,-6.01
328455,2029,0,151,99609,35.00,-6.56,-6.02
328477,2347,0,140,99609,35.00,-6.55,-6.08
328499,2071,0,137,99609,35.00,-6.52,-6.07
328521,1479,0,123,99609,35.00,-6.55,-6.05
328543,1319,0,125,99609,35.00,-6.55,-6.06
328565,1383,0,137,99609,35.00,-6.52,-6.04
328587,1707,0,149,99609,35.00,-6.56,-6.06
328609,2419,0,168,99609,35.00,-6.50,-6.08
328631,3337,0,186,99609,35.00,-6.51,-6.04
328673,3379,0,182,99609,35.00,-6.38,-5.96
328695,2632,0,157,99609,35.00,-6.54,-6.08
328717,2603,0,153,99609,35.00,-6.58,-6.12
328739,1717,0,125,99609,35.00,-6.52,-6.05
328761,1699,0,136,99609,35.00,-6.60,-6.09
328783,957,0,122,99609,35.00,-6.52,-6.03
328805,297,0,120,99609,35.00,-6.52,-6.05
328827,1705,0,147,99609,35.00,-6.69,-6.06
328849,2296,0,167,99609,35.00,-6.53,-6.05
328871,372,0,107,99609,35.00,-6.41,-6.28
328914,4095,0,203,99609,35.00,-6.53,-6.01
328936,2285,0,155,99609,35.00,-6.44,-6.11
328958,3189,0,151,99609,35.00,-6.51,-6.09
328980,1496,0,124,99609,35.00,-6.52,-6.03
329697,522,0,117,99609,36.90,-6.38,-6.15
329736,1479,0,123,99609,35.00,-6.49,-6.08
329758,1659,0,139,99609,35.00,-6.50,-6.08
329780,1253,0,123,99609,35.00,-6.54,-6.09
329802,1325,0,136,99609,35.00,-6.51,-6.06
329824,1485,0,141,99609,35.00,-6.50,-6.07
329846,1691,0,151,99609,35.00,-6.49,-6.07
329868,2163,0,165,99609,35.00,-6.51,-6.09
329890,2413,0,167,99609,35.00,-6.50,-6.09
329912,2057,0,157,99609,35.00,-6.54,-6.00
329934,2217,0,155,99609,35.00,-6.49,-6.11
329976,2315,0,143,99609,35.00,-6.40,-6.13
329998,1817,0,125,99609,35.00,-6.45,-6.10
330020,1193,0,133,99609,35.00,-6.56,-6.05
330042,1115,0,139,99609,35.00,-6.51,-6.05
330064,1179,0,139,99609,35.00,-6.53,-6.07
330086,1975,0,166,99609,35.00,-6.48,-6.03
330108,2522,0,171,99609,35.00,-6.59,-6.08
330130,3029,0,180,99609,35.00,-6.45,-5.99
330152,3238,0,173,99609,35.00,-6.46,-6.08
330174,2489,0,155,99609,35.00,-6.50,-6.07
330196,1083,0,123,99609,35.00,-6.51,-6.03
330237,901,0,119,99609,35.00,-6.51,-6.02
330259,955,0,121,99609,35.00,-6.53,-6.04
330281,1016,0,121,99609,35.00,-6.51,-6.04
330303,1359,0,137,99609,35.00,-6.55,-6.05
330325,1671,0,148,99609,35.00,-6.55,-6.07
330347,2087,0,160,99609,35.00,-6.50,-6.04
330369,2579,0,169,99609,35.00,-6.54,-6.05
330391,2835,0,173,99609,35.00,-6.53,-6.05
330413,2493,0,156,99609,35.00,-6.49,-6.07
330435,2063,0,147,99609,35.00,-6.50,-6.05
330477,1574,0,133,99609,35.00,-6.51,-6.09
330499,1233,0,121,99609,35.00,-6.51,-6.05
330521,1200,0,127,99609,35.00,-6.54,-6.06
330543,1593,0,147,99609,35.00,-6.56,-6.06
330565,1903,0,151,99609,35.00,-6.50,-6.08
330587,2408,0,171,99609,35.00,-6.56,-6.06
330609,2551,0,172,99609,35.00,-6.49,-6.08
330631,2552,0,169,99609,35.00,-6.54,-6.07
330653,2361,0,155,99609,35.00,-6.51,-6.07
330675,1897,0,141,99609,35.00,-6.55,-6.09
330697,1453,0,133,99609,35.00,-6.56,-6.04
330738,1273,0,137,99609,35.00,-6.52,-6.08
330760,1129,0,133,99609,35.00,-6.53,-6.07
330782,1273,0,140,99609,35.00,-6.53,-6.04
330804,1541,0,149,99609,35.00,-6.54,-6.04
330826,2040,0,159,99609,35.00,-6.56,-6.07
330848,2367,0,167,99609,35.00,-6.52,-6.04
330870,2535,0,168,99609,35.00,-6.50,-6.09
330892,2579,0,163,99609,35.00,-6.53,-6.12
330914,2015,0,142,99609,35.00,-6.53,-6.08
330936,1695,0,138,99609,35.00,-6.50,-6.08
330979,1214,0,133,99609,35.00,-6.58,-6.05
331733,1147,0,136,99609,36.83,-6.55,-6.07
331761,2091,0,143,99609,35.00,-6.52,-6.08
331783,2174,0,155,99609,35.00,-6.33,-6.07
331805,2665,0,181,99609,35.00,-6.35,-5.93
331827,2782,0,173,99609,35.00,-6.44,-6.10
331849,3213,0,183,99609,35.00,-6.50,-6.04
331871,2796,0,163,99609,35.00,-6.56,-6.10
331893,2365,0,153,99609,35.00,-6.51,-6.10
331915,1541,0,133,99609,35.00,-6.54,-6.10
331937,1159,0,124,99609,35.00,-6.51,-6.09
331959,1112,0,135,99609,35.00,-6.53,-6.08
332501,1356,0,146,99609,36.71,-6.49,-6.11
332543,3147,0,180,99609,35.00,-6.56,-6.23
332565,2440,0,164,99609,35.00,-6.48,-6.10
332587,1978,0,157,99609,35.00,-6.47,-6.08
332609,2267,0,163,99609,35.00,-6.51,-6.03
332631,2165,0,146,99609,35.00,-6.48,-6.05
332653,1489,0,132,99609,35.00,-6.50,-6.11
332675,921,0,125,99609,35.00,-6.45,-6.11
332697,0,0,114,99609,35.00,-6.57,-6.04
332719,411,0,127,99609,35.00,-6.45,-6.11
332741,1223,0,147,99609,35.00,-6.51,-6.06
332783,1973,0,165,99609,35.00,-6.51,-6.07
332805,2905,0,173,99609,35.00,-6.55,-6.07
332827,2617,0,165,99609,35.00,-6.60,-6.19
332849,2131,0,155,99609,35.00,-6.51,-6.05
332871,2231,0,149,99609,35.00,-6.50,-6.06
332893,1834,0,135,99609,35.00,-6.51,-6.07
332915,1609,0,127,99609,35.00,-6.51,-6.07
332937,1406,0,121,99609,35.00,-6.52,-6.05
332959,1403,0,135,99609,35.00,-6.50,-6.07
332981,1688,0,153,99609,35.00,-6.50,-6.09
333513,1893,0,165,99609,36.80,-6.50,-6.07
333545,0,0,121,99609,35.00,-6.41,-6.18
333567,409,0,139,99609,35.00,-6.51,-6.10
333589,4095,0,187,99609,35.00,-6.43,-6.15
333611,2769,0,149,99609,35.00,-6.48,-6.16
333633,1652,0,127,99609,35.00,-6.40,-6.12
333655,821,0,116,99609,35.00,-6.47,-6.10
333677,952,0,133,99609,35.00,-6.43,-6.16
333699,1965,0,153,99609,35.00,-6.45,-6.15
333721,2585,0,165,99609,35.00,-6.45,-6.14
333743,1917,0,153,99609,35.00,-6.50,-6.10
333765,2287,0,165,99609,35.00,-6.49,-6.16
333806,2706,0,169,99609,35.00,-6.50,-6.16
333828,3261,0,169,99609,35.00,-6.60,-6.15
333850,2324,0,147,99609,35.00,-6.50,-6.18
333872,2067,0,137,99609,35.00,-6.47,-6.16
333894,1245,0,119,99609,35.00,-6.46,-6.16
333916,473,0,117,99609,35.00,-6.47,-6.15
333938,2121,0,151,99609,35.00,-6.46,-6.16
333960,2810,0,157,99609,35.00,-6.45,-6.17
333982,3887,0,182,99609,35.00,-6.47,-6.11
334531,3087,0,180,99609,36.89,-6.49,-6.16
334568,786,0,116,99609,35.00,-6.48,-6.11
334590,1778,0,135,99609,35.00,-6.49,-6.14
334612,1325,0,121,99609,35.00,-6.50,-6.11
334634,741,0,120,99609,35.00,-6.51,-6.13
334656,419,0,123,99609,35.00,-6.48,-6.14
334678,1034,0,145,99609,35.00,-6.47,-6.12
334700,1671,0,155,99609,35.00,-6.48,-6.12
334722,1909,0,167,99609,35.00,-6.49,-6.16
334744,2165,0,167,99609,35.00,-6.45,-6.13
334766,2407,0,164,99609,35.00,-6.46,-6.14
334808,2403,0,156,99609,35.00,-6.52,-6.16
334830,2265,0,128,99609,35.00,-6.52,-6.14
334852,1655,0,117,99609,35.00,-6.49,-6.11
334874,1289,0,117,99609,35.00,-6.49,-6.15
334896,664,0,115,99609,35.00,-6.53,-6.18
334918,1201,0,125,99609,35.00,-6.37,-6.11
334940,2019,0,155,99609,35.00,-6.49,-6.17
334962,2631,0,171,99609,35.00,-6.48,-6.12
334984,3945,0,183,99609,35.00,-6.40,-6.20
335548,3898,0,179,99609,37.15,-6.43,-6.10
335590,1423,0,121,99609,35.00,-6.45,-6.14
335612,1093,0,119,99609,35.00,-6.45,-6.16
335634,1128,0,121,99609,35.00,-6.44,-6.15
335656,1375,0,139,99609,35.00,-6.47,-6.15
335678,1817,0,149,99609,35.00,-6.50,-6.16
335700,2347,0,167,99609,35.00,-6.45,-6.15
335722,2899,0,174,99609,35.00,-6.49,-6.18
335744,2843,0,166,99609,35.00,-6.48,-6.15
335766,2539,0,152,99609,35.00,-6.48,-6.10
335788,2093,0,140,99609,35.00,-6.48,-6.18
335810,1301,0,119,99609,35.00,-6.46,-6.16
335851,1142,0,120,99609,35.00,-6.48,-6.15
335873,1127,0,121,99609,35.00,-6.44,-6.15
335895,1419,0,134,99609,35.00,-6.39,-6.17
335917,1571,0,140,99609,35.00,-6.47,-6.12
335939,2287,0,165,99609,35.00,-6.47,-6.14
335961,2841,0,171,99609,35.00,-6.48,-6.16
335983,2485,0,167,99609,35.00,-6.46,-6.17
336566,2359,0,155,99609,36.88,-6.46,-6.17
336597,1718,0,127,99609,35.00,-6.48,-6.16
336619,2215,0,164,99609,35.00,-6.40,-6.13
336641,2803,0,170,99609,35.00,-6.39,-6.13
336663,2936,0,170,99609,35.00,-6.47,-6.23
336685,2147,0,143,99609,35.00,-6.44,-6.19
336707,2003,0,135,99609,35.00,-6.48,-6.18
336729,1623,0,123,99609,35.00,-6.48,-6.17
336751,1396,0,117,99609,35.00,-6.44,-6.10
336794,1335,0,123,99609,35.00,-6.50,-6.17
336816,1619,0,141,99609,35.00,-6.48,-6.16
336838,2196,0,159,99609,35.00,-6.50,-6.17
336860,2073,0,157,99609,35.00,-6.49,-6.16
336882,2351,0,159,99609,35.00,-6.43,-6.16
336904,2442,0,152,99609,35.00,-6.48,-6.12
336926,1815,0,127,99609,35.00,-6.46,-6.19
336948,1373,0,113,99609,35.00,-6.38,-6.17
336970,635,0,95,99609,35.00,-6.44,-6.14
336992,63,0,87,99609,35.00,-6.42,-6.10
337034,215,0,108,99609,35.00,-6.48,-6.36
337056,0,0,109,99609,35.00,-6.41,-5.73
337078,1721,0,167,99609,35.00,-6.32,-6.01
337100,3029,0,182,99609,35.00,-6.67,-6.10
337122,4029,0,205,99609,35.00,-6.22,-5.98
337144,2775,0,173,99609,35.00,-6.43,-6.19
337166,2941,0,167,99609,35.00,-6.47,-6.17
337188,3063,0,167,99609,35.00,-6.43,-6.18
337210,2229,0,151,99609,35.00,-6.50,-6.24
337232,2347,0,155,99609,35.00,-6.41,-6.27
337254,2809,0,175,99609,35.00,-6.67,-6.31
337295,3717,0,197,99609,35.00,-6.32,-6.17
337317,1633,0,154,99609,35.00,-6.43,-6.29
337339,4095,0,191,99609,35.00,-6.33,-6.24
337361,2515,0,151,99609,35.00,-6.48,-6.25
337383,3861,0,185,99609,35.00,-6.44,-6.22
337405,1882,0,135,99609,35.00,-6.40,-6.24
337427,1480,0,133,99609,35.00,-6.47,-6.29
337449,821,0,121,99609,35.00,-6.48,-6.27
337471,1103,0,123,99609,35.00,-6.47,-6.23
337493,1145,0,136,99609,35.00,-6.26,-6.23
337535,1436,0,146,99609,35.00,-6.42,-6.26
337557,1307,0,154,99609,35.00,-6.41,-6.27
337579,1981,0,167,99609,35.00,-6.43,-6.29
337601,1977,0,158,99609,35.00,-6.42,-6.26
337623,2069,0,153,99609,35.00,-6.43,-6.19
337645,1611,0,135,99609,35.00,-6.42,-6.24
337667,1133,0,121,99609,35.00,-6.44,-6.17
337689,702,0,114,99609,35.00,-6.44,-6.22
337711,1043,0,123,99609,35.00,-6.44,-6.25
337733,1075,0,139,99609,35.00,-6.43,-6.23
337755,1446,0,149,99609,35.00,-6.46,-6.24
337796,2333,0,175,99609,35.00,-6.47,-6.21
337818,2485,0,173,99609,35.00,-6.41,-6.19
337840,2617,0,170,99609,35.00,-6.42,-6.29
337862,2399,0,164,99609,35.00,-6.42,-6.22
337884,2100,0,141,99609,35.00,-6.46,-6.26
337906,1611,0,125,99609,35.00,-6.47,-6.28
337928,1268,0,119,99609,35.00,-6.47,-6.26
337950,1045,0,121,99609,35.00,-6.44,-6.30
337972,1087,0,127,99609,35.00,-6.42,-6.27
337994,1320,0,146,99609,35.00,-6.41,-6.24
338037,1947,0,156,99609,35.00,-6.47,-6.25
338059,2807,0,169,99609,35.00,-6.46,-6.26
338081,2517,0,159,99609,35.00,-6.44,-6.28
338103,2395,0,152,99609,35.00,-6.41,-6.27
338125,1879,0,137,99609,35.00,-6.42,-6.28
338147,1467,0,126,99609,35.00,-6.41,-6.30
338169,1233,0,121,99609,35.00,-6.48,-6.22
338191,1131,0,122,99609,35.00,-6.46,-6.26
338213,1629,0,142,99609,35.00,-6.45,-6.24
338235,1747,0,148,99609,35.00,-6.44,-6.25
338277,2164,0,157,99609,35.00,-6.41,-6.28
338299,2395,0,166,99609,35.00,-6.39,-6.23
338321,2567,0,164,99609,35.00,-6.44,-6.20
338343,2424,0,155,99609,35.00,-6.44,-6.26
338365,2031,0,135,99609,35.00,-6.45,-6.28
338387,1429,0,119,99609,35.00,-6.42,-6.26
338409,1267,0,119,99609,35.00,-6.45,-6.25
338431,1271,0,123,99609,35.00,-6.42,-6.19
338453,1303,0,140,99609,35.00,-6.44,-6.26
338475,1887,0,151,99609,35.00,-6.47,-6.24
338497,2257,0,165,99609,35.00,-6.46,-6.22
338538,2447,0,169,99609,35.00,-6.46,-6.26
338560,2824,0,167,99609,35.00,-6.40,-6.24
338582,2341,0,151,99609,35.00,-6.43,-6.27
338604,2346,0,149,99609,35.00,-6.46,-6.29
338626,1635,0,123,99609,35.00,-6.44,-6.24
338648,1395,0,121,99609,35.00,-6.47,-6.25
338670,1388,0,127,99609,35.00,-6.45,-6.22
338692,1309,0,139,99609,35.00,-6.38,-6.23
338714,1778,0,153,99609,35.00,-6.41,-6.23
338736,2163,0,163,99609,35.00,-6.40,-6.27
338779,2513,0,173,99609,35.00,-6.45,-6.27
338801,2677,0,163,99609,35.00,-6.50,-6.28
338823,2525,0,152,99609,35.00,-6.39,-6.26
338845,1926,0,132,99609,35.00,-6.37,-6.31
338867,1445,0,114,99609,35.00,-6.42,-6.27
338889,1383,0,120,99609,35.00,-6.44,-6.27
338911,1512,0,135,99609,35.00,-6.43,-6.27
338933,1976,0,149,99609,35.00,-6.44,-6.26
338955,2107,0,159,99609,35.00,-6.38,-6.25
338977,2552,0,167,99609,35.00,-6.41,-6.29
339363,2956,0,179,99609,37.67,-6.44,-6.26
339400,1514,0,111,99609,35.00,-6.46,-6.27
339422,2125,0,143,99609,35.00,-6.44,-6.26
339444,1688,0,126,99609,35.00,-6.44,-6.25
339466,1301,0,119,99609,35.00,-6.41,-6.25
339488,1139,0,119,99609,35.00,-6.44,-6.27
339510,1259,0,127,99609,35.00,-6.44,-6.27
339532,1635,0,141,99609,35.00,-6.41,-6.25
339554,2122,0,159,99609,35.00,-6.44,-6.29
339576,2489,0,169,99609,35.00,-6.44,-6.26
339598,2775,0,173,99609,35.00,-6.45,-6.28
339620,2651,0,164,99609,35.00,-6.43,-6.23
339661,1957,0,138,99609,35.00,-6.44,-6.27
339683,2011,0,138,99609,35.00,-6.40,-6.28
339705,1383,0,121,99609,35.00,-6.46,-6.28
339727,1179,0,123,99609,35.00,-6.43,-6.25
339749,1107,0,125,99609,35.00,-6.43,-6.27
339771,1350,0,140,99609,35.00,-6.46,-6.28
339793,1787,0,157,99609,35.00,-6.48,-6.27
339815,2263,0,165,99609,35.00,-6.45,-6.29
339837,2569,0,168,99609,35.00,-6.44,-6.30
339859,2687,0,160,99609,35.00,-6.39,-6.29
339901,2266,0,149,99609,35.00,-6.41,-6.27
339923,1932,0,134,99609,35.00,-6.43,-6.24
339945,1455,0,119,99609,35.00,-6.41,-6.26
339967,1092,0,120,99609,35.00,-6.46,-6.27
339989,1135,0,126,99609,35.00,-6.43,-6.27
340381,1644,0,143,99609,36.94,-6.44,-6.27
340423,1623,0,125,99609,35.00,-6.43,-6.25
340445,1043,0,120,99609,35.00,-6.44,-6.25
340467,1194,0,123,99609,35.00,-6.43,-6.29
340489,1198,0,125,99609,35.00,-6.46,-6.26
340511,1609,0,141,99609,35.00,-6.45,-6.27
340533,2069,0,157,99609,35.00,-6.44,-6.28
340555,2511,0,168,99609,35.00,-6.47,-6.27
340577,2759,0,170,99609,35.00,-6.43,-6.30
340599,2697,0,163,99609,35.00,-6.42,-6.28
340621,2229,0,147,99609,35.00,-6.42,-6.28
340663,1743,0,133,99609,35.00,-6.40,-6.27
340685,1327,0,123,99609,35.00,-6.43,-6.26
340707,1144,0,126,99609,35.00,-6.44,-6.27
340729,1269,0,135,99609,35.00,-6.45,-6.27
340751,1561,0,146,99609,35.00,-6.45,-6.31
340773,2071,0,159,99609,35.00,-6.46,-6.23
340795,2566,0,174,99609,35.00,-6.44,-6.22
340817,2667,0,165,99609,35.00,-6.47,-6.27
340839,2504,0,157,99609,35.00,-6.41,-6.25
340861,2119,0,141,99609,35.00,-6.41,-6.25
340883,1723,0,123,99609,35.00,-6.46,-6.32
340924,1240,0,119,99609,35.00,-6.43,-6.29
340946,1195,0,121,99609,35.00,-6.43,-6.25
340968,1165,0,123,99609,35.00,-6.43,-6.27
340990,1519,0,141,99609,35.00,-6.43,-6.27
341399,1823,0,158,99609,37.14,-6.41,-6.28
341427,2286,0,135,99609,35.00,-6.44,-6.28
341449,1523,0,137,99609,35.00,-6.39,-6.22
341471,1417,0,141,99609,35.00,-6.41,-6.28
341493,1909,0,165,99609,35.00,-6.45,-6.25
341515,2956,0,179,99609,35.00,-6.39,-6.28
341537,3212,0,169,99609,35.00,-6.42,-6.30
341559,2323,0,147,99609,35.00,-6.40,-6.25
341581,1653,0,127,99609,35.00,-6.48,-6.28
341603,1898,0,125,99609,35.00,-6.46,-6.31
341625,2091,0,133,99609,35.00,-6.42,-6.25
341666,939,0,119,99609,35.00,-6.42,-6.26
341688,1429,0,139,99609,35.00,-6.43,-6.24
341710,1891,0,149,99609,35.00,-6.40,-6.25
341732,2212,0,159,99609,35.00,-6.28,-6.27
341754,1849,0,154,99609,35.00,-6.40,-6.28
341776,2771,0,175,99609,35.00,-6.46,-6.25
341798,2599,0,156,99609,35.00,-6.43,-6.30
341820,2265,0,142,99609,35.00,-6.45,-6.25
341842,1541,0,122,99609,35.00,-6.45,-6.29
341864,1333,0,122,99609,35.00,-6.43,-6.25
341907,1497,0,125,99609,35.00,-6.46,-6.29
341929,1433,0,141,99609,35.00,-6.42,-6.29
341951,1912,0,156,99609,35.00,-6.45,-6.28
341973,3385,0,181,99609,35.00,-6.48,-6.25
341995,4095,0,179,99609,35.00,-6.44,-6.29
342416,1339,0,134,99609,37.39,-6.44,-6.27
342448,2124,0,135,99609,35.00,-6.44,-6.25
342470,1806,0,157,99609,35.00,-6.46,-6.28
342492,2495,0,172,99609,35.00,-6.42,-6.27
342514,2909,0,173,99609,35.00,-6.46,-6.25
342536,2797,0,163,99609,35.00,-6.42,-6.32
342558,2065,0,140,99609,35.00,-6.42,-6.30
342580,1706,0,135,99609,35.00,-6.43,-6.31
342602,1527,0,121,99609,35.00,-6.44,-6.28
342624,1135,0,120,99609,35.00,-6.41,-6.27
342646,989,0,119,99609,35.00,-6.43,-6.30
342689,1116,0,134,99609,35.00,-6.42,-6.29
342711,3439,0,175,99609,35.00,-6.45,-6.26
342733,3039,0,171,99609,35.00,-6.42,-6.28
342755,2079,0,155,99609,35.00,-6.40,-6.28
342777,2377,0,154,99609,35.00,-6.44,-6.29
342799,1945,0,139,99609,35.00,-6.44,-6.23
342821,1103,0,111,99609,35.00,-6.44,-6.31
342843,1259,0,125,99609,35.00,-6.45,-6.23
342865,1414,0,135,99609,35.00,-6.43,-6.23
342887,1303,0,140,99609,35.00,-6.43,-6.28
342929,1807,0,157,99609,35.00,-6.40,-6.27
342951,1497,0,153,99609,35.00,-6.47,-6.27
342973,2109,0,155,99609,35.00,-6.43,-6.23
342995,2895,0,172,99609,35.00,-6.42,-6.25
343434,2197,0,149,99609,36.86,-6.45,-6.26
343471,2143,0,151,99609,35.00,-6.46,-6.27
343493,2927,0,173,99609,35.00,-6.43,-6.29
343515,2491,0,157,99609,35.00,-6.47,-6.28
343537,2189,0,148,99609,35.00,-6.42,-6.28
343559,1951,0,135,99609,35.00,-6.43,-6.28
343581,1493,0,121,99609,35.00,-6.41,-6.27
343603,1160,0,124,99609,35.00,-6.45,-6.29
343625,1213,0,134,99609,35.00,-6.44,-6.29
343647,1707,0,153,99609,35.00,-6.44,-6.27
343669,2069,0,163,99609,35.00,-6.43,-6.26
343711,2357,0,171,99609,35.00,-6.44,-6.31
343733,2482,0,169,99609,35.00,-6.37,-6.24
343755,2739,0,169,99609,35.00,-6.40,-6.27
343777,2707,0,155,99609,35.00,-6.42,-6.29
343799,1549,0,124,99609,35.00,-6.42,-6.27
343821,983,0,119,99609,35.00,-6.43,-6.30
343843,999,0,125,99609,35.00,-6.41,-6.26
343865,1315,0,135,99609,35.00,-6.45,-6.28
343887,1613,0,145,99609,35.00,-6.42,-6.29
343909,1964,0,159,99609,35.00,-6.45,-6.27
343931,2452,0,168,99609,35.00,-6.45,-6.29
343972,2653,0,171,99609,35.00,-6.43,-6.30
343994,2632,0,163,99609,35.00,-6.45,-6.28
344706,2425,0,156,99609,36.67,-6.43,-6.26
344734,1949,0,163,99609,35.00,-6.44,-6.26
344756,2147,0,145,99609,35.00,-6.42,-6.29
344778,1518,0,127,99609,35.00,-6.42,-6.27
344800,1195,0,121,99609,35.00,-6.43,-6.28
344822,1221,0,125,99609,35.00,-6.41,-6.27
344844,1203,0,139,99609,35.00,-6.41,-6.27
344866,1631,0,147,99609,35.00,-6.46,-6.24
344888,2329,0,167,99609,35.00,-6.41,-6.28
344910,2469,0,169,99609,35.00,-6.44,-6.29
344932,2892,0,173,99609,35.00,-6.40,-6.28
344975,2671,0,163,99609,35.00,-6.44,-6.27
344997,1919,0,137,99609,35.00,-6.46,-6.29
345723,1109,0,117,99609,36.84,-6.43,-6.25
345757,1895,0,139,99609,35.00,-6.47,-6.28
345779,1051,0,115,99609,35.00,-6.44,-6.28
345801,293,0,119,99609,35.00,-6.40,-6.27
345823,651,0,137,99609,35.00,-6.44,-6.31
345845,1309,0,143,99609,35.00,-6.39,-6.29
345867,1591,0,179,99609,35.00,-6.44,-6.28
345889,2197,0,165,99609,35.00,-6.46,-6.25
345911,2282,0,165,99609,35.00,-6.41,-6.29
345933,2103,0,155,99609,35.00,-6.42,-6.30
345955,1938,0,140,99609,35.00,-6.44,-6.29
345997,1772,0,135,99609,35.00,-6.43,-6.32
346741,951,0,120,99609,36.84,-6.43,-6.26
346779,2001,0,145,99609,35.00,-6.46,-6.29
346801,1183,0,123,99609,35.00,-6.43,-6.30
346823,1351,0,137,99609,35.00,-6.41,-6.29
346845,1681,0,155,99609,35.00,-6.42,-6.30
346867,2413,0,169,99609,35.00,-6.44,-6.27
346889,4095,0,187,99609,35.00,-6.40,-6.29
346911,191,0,120,99609,35.00,-6.39,-6.29
346933,2793,0,163,99609,35.00,-6.44,-6.30
346955,2011,0,137,99609,35.00,-6.39,-6.28
346977,1939,0,127,99609,35.00,-6.42,-6.31
346999,1983,0,137,99609,35.00,-6.44,-6.27
347040,908,0,121,99609,35.00,-6.41,-6.24
347062,1085,0,137,99609,35.00,-6.44,-6.28
347084,1423,0,152,99609,35.00,-6.41,-6.31
347106,1975,0,167,99609,35.00,-6.46,-6.31
347128,2637,0,171,99609,35.00,-6.43,-6.30
347150,3064,0,171,99609,35.00,-6.39,-6.28
347172,2237,0,154,99609,35.00,-6.43,-6.27
347194,2441,0,151,99609,35.00,-6.38,-6.24
347216,1911,0,126,99609,35.00,-6.43,-6.28
347238,997,0,121,99609,35.00,-6.42,-6.29
347280,841,0,135,99609,35.00,-6.42,-6.29
347302,955,0,139,99609,35.00,-6.44,-6.23
347324,1509,0,153,99609,35.00,-6.43,-6.28
347346,1977,0,167,99609,35.00,-6.43,-6.26
347368,2333,0,167,99609,35.00,-6.41,-6.26
347390,2484,0,170,99609,35.00,-6.43,-6.27
347412,2248,0,157,99609,35.00,-6.43,-6.26
347434,1893,0,141,99609,35.00,-6.45,-6.29
347456,1240,0,121,99609,35.00,-6.45,-6.27
347478,1002,0,119,99609,35.00,-6.40,-6.29
347500,973,0,125,99609,35.00,-6.42,-6.28
347541,1301,0,139,99609,35.00,-6.45,-6.29
347563,1617,0,146,99609,35.00,-6.43,-6.28
347585,2037,0,163,99609,35.00,-6.42,-6.29
347607,2233,0,163,99609,35.00,-6.44,-6.28
347629,2565,0,171,99609,35.00,-6.45,-6.30
347651,2405,0,157,99609,35.00,-6.43,-6.28
347673,1993,0,143,99609,35.00,-6.46,-6.28
347695,1465,0,125,99609,35.00,-6.41,-6.29
347717,1115,0,120,99609,35.00,-6.46,-6.30
347739,1051,0,119,99609,35.00,-6.43,-6.27
347761,1363,0,141,99609,35.00,-6.46,-6.30
347802,1769,0,151,99609,35.00,-6.42,-6.29
347824,2099,0,159,99609,35.00,-6.40,-6.27
347846,2923,0,179,99609,35.00,-6.39,-6.31
347868,3811,0,184,99609,35.00,-6.43,-6.30
347890,4044,0,185,99609,35.00,-6.46,-6.28
347912,2975,0,156,99609,35.00,-6.44,-6.28
347934,3055,0,157,99609,35.00,-6.46,-6.30
347956,3793,0,165,99609,35.00,-6.46,-6.28
347978,2391,0,141,99609,35.00,-6.38,-6.30
348521,2698,0,158,99609,37.48,-6.45,-6.28
348564,0,0,115,99609,35.00,-6.43,-6.25
348586,1615,0,169,99609,35.00,-6.43,-6.32
348608,3883,0,190,99609,35.00,-6.39,-6.35
348630,189,0,125,99609,35.00,-6.45,-6.27
348652,0,0,142,99609,35.00,-6.46,-6.30
348674,0,0,141,99609,35.00,-6.48,-6.22
348696,0,0,139,99609,35.00,-6.44,-6.27
348718,0,0,130,99609,35.00,-6.47,-6.27
348740,0,0,146,99609,35.00,-6.42,-6.31
348762,0,0,137,99609,35.00,-6.10,-6.27
348804,0,0,149,99609,35.00,-6.57,-6.30
348826,0,0,134,99609,35.00,-6.45,-6.29
348848,0,0,127,99609,35.00,-6.46,-6.25
348870,739,0,137,99609,35.00,-6.44,-6.28
348892,2331,0,143,99609,35.00,-6.39,-6.22
348914,2139,0,127,99609,35.00,-6.41,-6.29
348936,826,0,117,99609,35.00,-6.42,-6.26
348958,0,0,120,99609,35.00,-6.40,-6.24
348980,0,0,139,99609,35.00,-6.44,-6.30
349539,0,0,136,99609,36.57,-6.42,-6.27
349569,2287,0,153,99609,35.00,-6.42,-6.28
349591,2425,0,147,99609,35.00,-6.45,-6.26
349613,2771,0,146,99609,35.00,-6.42,-6.25
349635,2361,0,127,99609,35.00,-6.45,-6.27
349657,1343,0,122,99609,35.00,-6.46,-6.23
349679,1775,0,141,99609,35.00,-6.44,-6.28
349701,1563,0,143,99609,35.00,-6.43,-6.26
349723,1372,0,155,99609,35.00,-6.44,-6.26
349745,2181,0,164,99609,35.00,-6.45,-6.25
349787,2840,0,171,99609,35.00,-6.46,-6.27
349809,2362,0,147,99609,35.00,-6.44,-6.24
349831,2076,0,139,99609,35.00,-6.44,-6.23
349853,1693,0,126,99609,35.00,-6.48,-6.30
349875,1378,0,124,99609,35.00,-6.43,-6.27
349897,1426,0,125,99609,35.00,-6.47,-6.28
349919,1672,0,140,99609,35.00,-6.44,-6.27
349941,2041,0,153,99609,35.00,-6.41,-6.27
349963,2285,0,163,99609,35.00,-6.44,-6.26
349985,2502,0,166,99609,35.00,-6.45,-6.27
350027,2494,0,159,99609,35.00,-6.44,-6.30
350049,2437,0,153,99609,35.00,-6.39,-6.29
350071,2038,0,146,99609,35.00,-6.43,-6.28
350093,1575,0,125,99609,35.00,-6.43,-6.28
350115,1311,0,125,99609,35.00,-6.47,-6.30
350137,1336,0,135,99609,35.00,-6.44,-6.27
350159,1576,0,147,99609,35.00,-6.46,-6.27
350181,1827,0,155,99609,35.00,-6.48,-6.24
350203,2167,0,164,99609,35.00,-6.42,-6.22
350225,2452,0,167,99609,35.00,-6.43,-6.27
350247,2431,0,157,99609,35.00,-6.44,-6.28
350288,2195,0,149,99609,35.00,-6.43,-6.28
350310,2045,0,145,99609,35.00,-6.50,-6.27
350332,1617,0,135,99609,35.00,-6.45,-6.22
350354,1350,0,123,99609,35.00,-6.44,-6.29
350376,1257,0,126,99609,35.00,-6.40,-6.29
350398,1403,0,139,99609,35.00,-6.44,-6.26
350420,1753,0,152,99609,35.00,-6.44,-6.30
350442,2093,0,163,99609,35.00,-6.44,-6.27
350464,2431,0,167,99609,35.00,-6.47,-6.27
350486,2487,0,165,99609,35.00,-6.45,-6.28
350508,2397,0,154,99609,35.00,-6.43,-6.24
350549,2073,0,143,99609,35.00,-6.42,-6.28
350571,1837,0,136,99609,35.00,-6.46,-6.33
350593,1468,0,125,99609,35.00,-6.41,-6.24
350615,1435,0,133,99609,35.00,-6.41,-6.25
350637,1434,0,135,99609,35.00,-6.45,-6.27
350659,1751,0,147,99609,35.00,-6.43,-6.26
350681,2027,0,155,99609,35.00,-6.45,-6.27
350703,2240,0,164,99609,35.00,-6.47,-6.26
350725,2451,0,166,99609,35.00,-6.45,-6.26
350747,2439,0,159,99609,35.00,-6.42,-6.28
350789,1978,0,138,99609,35.00,-6.41,-6.29
350811,1759,0,132,99609,35.00,-6.41,-6.24
350833,1287,0,119,99609,35.00,-6.45,-6.25
350855,1148,0,125,99609,35.00,-6.43,-6.25
350877,1304,0,139,99609,35.00,-6.47,-6.29
350899,1591,0,144,99609,35.00,-6.40,-6.26
350921,1971,0,159,99609,35.00,-6.47,-6.26
350943,2259,0,165,99609,35.00,-6.45,-6.27
350965,2458,0,165,99609,35.00,-6.43,-6.27
350987,2461,0,157,99609,35.00,-6.43,-6.27
351574,2142,0,151,99609,36.84,-6.43,-6.29
351611,1255,0,125,99609,35.00,-6.43,-6.28
351633,1121,0,122,99609,35.00,-6.42,-6.26
351655,1131,0,133,99609,35.00,-6.47,-6.27
351677,1443,0,141,99609,35.00,-6.48,-6.25
351699,1767,0,151,99609,35.00,-6.41,-6.27
351721,2095,0,160,99609,35.00,-6.43,-6.26
351743,2419,0,172,99609,35.00,-6.44,-6.33
351765,2901,0,169,99609,35.00,-6.47,-6.33
351787,2391,0,147,99609,35.00,-6.45,-6.24
351809,2669,0,146,99609,35.00,-6.42,-6.26
351831,2007,0,124,99609,35.00,-6.45,-6.24
351872,1443,0,125,99609,35.00,-6.47,-6.29
351894,1101,0,134,99609,35.00,-6.45,-6.29
351916,995,0,135,99609,35.00,-6.46,-6.25
351938,959,0,140,99609,35.00,-6.41,-6.22
351960,1464,0,152,99609,35.00,-6.46,-6.23
351982,1756,0,162,99609,35.00,-6.46,-6.31
352344,3635,0,171,99609,36.92,-6.48,-6.33
352373,3039,0,165,99609,35.00,-6.51,-6.27
352395,2092,0,146,99609,35.00,-6.46,-6.30
352417,2007,0,152,99609,35.00,-6.40,-6.31
352439,2055,0,155,99609,35.00,-6.44,-6.26
352461,1979,0,163,99609,35.00,-6.40,-6.25
352483,2895,0,173,99609,35.00,-6.39,-6.31
352505,1113,0,134,99609,35.00,-6.43,-6.30
352527,1769,0,146,99609,35.00,-6.40,-6.30
352549,1011,0,120,99609,35.00,-6.44,-6.29
352571,1874,0,135,99609,35.00,-6.42,-6.16
352593,2232,0,151,99609,35.00,-6.49,-6.26
352634,2159,0,151,99609,35.00,-6.43,-6.28
352656,2510,0,158,99609,35.00,-6.45,-6.27
352678,1467,0,139,99609,35.00,-6.43,-6.29
352700,2590,0,175,99609,35.00,-6.38,-6.29
352722,2487,0,165,99609,35.00,-6.45,-6.28
352744,2167,0,157,99609,35.00,-6.41,-6.27
352766,1919,0,147,99609,35.00,-6.44,-6.27
352788,1757,0,135,99609,35.00,-6.43,-6.27
352810,1011,0,117,99609,35.00,-6.43,-6.34
352832,665,0,119,99609,35.00,-6.43,-6.32
352875,747,0,125,99609,35.00,-6.45,-6.25
352897,1203,0,141,99609,35.00,-6.42,-6.27
352919,1810,0,155,99609,35.00,-6.40,-6.26
352941,2080,0,157,99609,35.00,-6.35,-6.24
352963,2383,0,165,99609,35.00,-6.40,-6.28
352985,2216,0,155,99609,35.00,-6.43,-6.27
353355,1817,0,142,99609,37.15,-6.44,-6.30
353396,1955,0,155,99609,35.00,-6.41,-6.26
353418,2119,0,157,99609,35.00,-6.39,-6.28
353440,2373,0,167,99609,35.00,-6.39,-6.29
353462,2637,0,167,99609,35.00,-6.43,-6.25
353484,2316,0,155,99609,35.00,-6.46,-6.30
353506,1989,0,139,99609,35.00,-6.43,-6.29
353528,1687,0,135,99609,35.00,-6.43,-6.28
353550,1063,0,123,99609,35.00,-6.43,-6.27
353572,952,0,132,99609,35.00,-6.47,-6.29
353594,1655,0,145,99609,35.00,-6.42,-6.25
353637,1749,0,145,99609,35.00,-6.49,-6.26
353659,2411,0,163,99609,35.00,-6.46,-6.27
353681,1672,0,151,99609,35.00,-6.44,-6.27
353703,1739,0,155,99609,35.00,-6.46,-6.26
353725,1399,0,141,99609,35.00,-6.43,-6.30
353747,2716,0,155,99609,35.00,-6.46,-6.29
353769,1881,0,133,99609,35.00,-6.46,-6.31
353791,2037,0,145,99609,35.00,-6.44,-6.27
353813,1657,0,139,99609,35.00,-6.39,-6.25
353835,1972,0,151,99609,35.00,-6.45,-6.30
353877,1832,0,153,99609,35.00,-6.47,-6.29
353899,2396,0,169,99609,35.00,-6.42,-6.27
353921,2571,0,165,99609,35.00,-6.44,-6.28
353943,2681,0,159,99609,35.00,-6.43,-6.29
353965,2376,0,147,99609,35.00,-6.45,-6.27
353987,2005,0,137,99609,35.00,-6.41,-6.27
354372,1711,0,125,99609,37.02,-6.42,-6.30
354400,1551,0,139,99609,35.00,-6.40,-6.28
354422,2253,0,156,99609,35.00,-6.43,-6.30
354444,2031,0,147,99609,35.00,-6.44,-6.30
354466,1915,0,139,99609,35.00,-6.44,-6.29
354488,1576,0,135,99609,35.00,-6.43,-6.24
354510,1245,0,123,99609,35.00,-6.43,-6.27
354532,1212,0,137,99609,35.00,-6.44,-6.27
354554,1695,0,148,99609,35.00,-6.44,-6.27
354576,1966,0,157,99609,35.00,-6.47,-6.27
354598,2151,0,165,99609,35.00,-6.44,-6.28
354639,2312,0,165,99609,35.00,-6.41,-6.27
354661,2461,0,160,99609,35.00,-6.41,-6.30
354683,2201,0,151,99609,35.00,-6.42,-6.30
354705,1929,0,141,99609,35.00,-6.39,-6.27
354727,1723,0,137,99609,35.00,-6.41,-6.29
354749,1383,0,123,99609,35.00,-6.45,-6.30
354771,1251,0,134,99609,35.00,-6.43,-6.27
354793,1415,0,139,99609,35.00,-6.40,-6.32
354815,1844,0,155,99609,35.00,-6.44,-6.26
354837,2031,0,157,99609,35.00,-6.46,-6.27
354859,2373,0,167,99609,35.00,-6.42,-6.28
354900,2487,0,163,99609,35.00,-6.44,-6.26
354922,2429,0,156,99609,35.00,-6.43,-6.28
354944,2157,0,145,99609,35.00,-6.41,-6.28
354966,1719,0,135,99609,35.00,-6.46,-6.29
354988,1373,0,125,99609,35.00,-6.41,-6.26
355390,1257,0,125,99609,37.02,-6.44,-6.27
355421,677,0,121,99609,35.00,-6.37,-6.32
355443,1911,0,149,99609,35.00,-6.44,-6.33
355465,1853,0,137,99609,35.00,-6.44,-6.25
355487,1101,0,132,99609,35.00,-6.41,-6.31
355509,1386,0,135,99609,35.00,-6.50,-6.29
355531,1968,0,145,99609,35.00,-6.44,-6.30
355553,1519,0,139,99609,35.00,-6.47,-6.32
355575,2267,0,153,99609,35.00,-6.47,-6.27
355597,2285,0,159,99609,35.00,-6.40,-6.25
355619,2617,0,158,99609,35.00,-6.43,-6.25
355641,4095,0,179,99609,35.00,-6.43,-6.26
355682,4095,0,157,99609,35.00,-6.42,-6.27
355704,0,0,101,99609,35.00,-6.47,-6.27
355726,0,0,100,99609,35.00,-6.34,-6.24
355748,0,0,115,99609,35.00,-6.47,-6.25
355770,0,0,141,99609,35.00,-6.42,-6.31
355792,1624,0,157,99609,35.00,-6.42,-6.27
355814,0,0,119,99609,35.00,-6.44,-6.25
355836,0,0,115,99609,35.00,-6.35,-6.27
355858,4095,0,207,99609,35.00,-6.52,-6.22
355880,4095,0,191,99609,35.00,-6.39,-6.24
355923,4095,0,220,99609,35.00,-6.50,-6.31
355945,0,0,124,99609,35.00,-6.49,-6.28
355967,0,0,136,99609,35.00,-6.47,-6.40
355989,3834,0,219,99609,35.00,-6.49,-6.17
356407,4095,0,182,99609,37.14,-6.40,-6.31
356444,0,0,121,99609,35.00,-6.43,-6.25
356466,0,0,123,99609,35.00,-6.43,-6.23
356488,0,0,123,99609,35.00,-6.45,-6.29
356510,2840,0,157,99609,35.00,-6.43,-6.27
356532,3013,0,156,99609,35.00,-6.43,-6.24
356554,1613,0,145,99609,35.00,-6.42,-6.21
356576,1640,0,157,99609,35.00,-6.45,-6.27
356598,2911,0,179,99609,35.00,-6.44,-6.27
356620,2587,0,157,99609,35.00,-6.46,-6.26
356642,1164,0,133,99609,35.00,-6.44,-6.25
356685,0,0,120,99609,35.00,-6.44,-6.21
356707,141,0,115,99609,35.00,-6.47,-6.27
356729,0,0,125,99609,35.00,-6.45,-6.26
356751,0,0,136,99609,35.00,-6.45,-6.31
356773,1365,0,155,99609,35.00,-6.43,-6.26
356795,2479,0,174,99609,35.00,-6.48,-6.28
356817,2971,0,180,99609,35.00,-6.40,-6.26
356839,2741,0,167,99609,35.00,-6.46,-6.22
356861,2735,0,159,99609,35.00,-6.44,-6.27
356883,2665,0,151,99609,35.00,-6.47,-6.27
356925,3484,0,159,99609,35.00,-6.44,-6.25
356947,409,0,115,99609,35.00,-6.45,-6.25
356969,739,0,135,99609,35.00,-6.42,-6.21
356991,1533,0,151,99609,35.00,-6.41,-6.27
357425,1885,0,159,99609,36.78,-6.50,-6.26
357467,1483,0,125,99609,35.00,-6.43,-6.25
357489,1592,0,136,99609,35.00,-6.44,-6.25
357511,1620,0,147,99609,35.00,-6.46,-6.25
357533,1884,0,155,99609,35.00,-6.45,-6.22
357555,2223,0,165,99609,35.00,-6.47,-6.25
357577,2331,0,163,99609,35.00,-6.43,-6.25
357599,2171,0,157,99609,35.00,-6.43,-6.24
357621,2074,0,147,99609,35.00,-6.44,-6.28
357643,1635,0,133,99609,35.00,-6.46,-6.25
357665,1271,0,125,99609,35.00,-6.46,-6.30
357707,1213,0,125,99609,35.00,-6.44,-6.27
357729,1358,0,138,99609,35.00,-6.48,-6.28
357751,1693,0,153,99609,35.00,-6.43,-6.31
357773,1815,0,158,99609,35.00,-6.43,-6.23
357795,2405,0,169,99609,35.00,-6.46,-6.23
357817,2455,0,166,99609,35.00,-6.47,-6.29
357839,2219,0,155,99609,35.00,-6.45,-6.24
357861,1725,0,139,99609,35.00,-6.44,-6.29
357883,1524,0,124,99609,35.00,-6.44,-6.27
357905,1275,0,121,99609,35.00,-6.43,-6.20
357927,1461,0,126,99609,35.00,-6.43,-6.22
357968,1395,0,136,99609,35.00,-6.42,-6.24
357990,1045,0,142,99609,35.00,-6.44,-6.25
358697,1437,0,155,99609,36.89,-6.46,-6.23
358730,2266,0,146,99609,35.00,-6.44,-6.22
358752,1877,0,155,99609,35.00,-6.42,-6.28
358774,2335,0,173,99609,35.00,-6.43,-6.28
358796,2549,0,167,99609,35.00,-6.44,-6.31
358818,2447,0,155,99609,35.00,-6.45,-6.23
358840,1931,0,139,99609,35.00,-6.44,-6.26
358862,1511,0,127,99609,35.00,-6.47,-6.28
358884,905,0,125,99609,35.00,-6.46,-6.23
358906,3341,0,170,99609,35.00,-6.45,-6.27
358928,4095,0,175,99609,35.00,-6.40,-6.23
358970,4095,0,179,99609,35.00,-6.44,-6.25
358992,1748,0,151,99609,35.00,-6.39,-6.25
359715,1395,0,156,99609,36.57,-6.41,-6.29
359753,0,0,127,99609,35.00,-6.45,-6.21
359775,0,0,141,99609,35.00,-6.49,-6.26
359797,0,0,135,99609,35.00,-6.41,-6.27
359819,0,0,139,99609,35.00,-6.43,-6.26
359841,0,0,134,99609,35.00,-6.26,-6.36
359863,0,0,137,99609,35.00,-6.44,-6.26
359885,0,0,137,99609,35.00,-6.40,-6.28
359907,122,0,139,99609,35.00,-6.45,-6.28
359929,1017,0,137,99609,35.00,-6.42,-6.30
359951,805,0,155,99609,35.00,-6.43,-6.25
359993,1749,0,159,99609,35.00,-6.43,-6.25
360732,237,0,140,99609,37.10,-6.44,-6.26
360757,4095,0,179,99609,35.00,-6.45,-6.28
360779,4095,0,165,99609,35.00,-6.44,-6.24
360801,716,0,102,99609,35.00,-6.40,-6.28
360823,2041,0,141,99609,35.00,-6.47,-6.26
360845,2685,0,155,99609,35.00,-6.46,-6.24
360867,3097,0,159,99609,35.00,-6.45,-6.27
360889,2949,0,170,99609,35.00,-6.43,-6.28
360911,2641,0,169,99609,35.00,-6.45,-6.29
360933,2852,0,173,99609,35.00,-6.45,-6.26
360976,2972,0,169,99609,35.00,-6.41,-6.25
360998,2323,0,141,99609,35.00,-6.47,-6.26
361020,1545,0,131,99609,35.00,-6.46,-6.27
361042,1513,0,126,99609,35.00,-6.44,-6.28
361064,1353,0,135,99609,35.00,-6.41,-6.26
361086,1673,0,149,99609,35.00,-6.43,-6.24
361108,2009,0,159,99609,35.00,-6.43,-6.24
361130,2376,0,174,99609,35.00,-6.44,-6.27
361152,2607,0,172,99609,35.00,-6.44,-6.30
361174,2509,0,167,99609,35.00,-6.40,-6.28
361216,2427,0,156,99609,35.00,-6.49,-6.30
361238,2087,0,141,99609,35.00,-6.46,-6.26
361260,1688,0,133,99609,35.00,-6.44,-6.24
361282,1061,0,133,99609,35.00,-6.44,-6.25
361304,1629,0,147,99609,35.00,-6.45,-6.26
361326,1885,0,157,99609,35.00,-6.41,-6.26
361348,1621,0,159,99609,35.00,-6.45,-6.27
361370,1917,0,171,99609,35.00,-6.41,-6.22
361392,2063,0,165,99609,35.00,-6.41,-6.27
361414,2359,0,165,99609,35.00,-6.44,-6.26
361436,2763,0,157,99609,35.00,-6.41,-6.26
361477,1306,0,125,99609,35.00,-6.46,-6.25
361499,1080,0,123,99609,35.00,-6.47,-6.27
361521,1053,0,121,99609,35.00,-6.47,-6.28
361543,955,0,127,99609,35.00,-6.45,-6.27
361565,1106,0,141,99609,35.00,-6.43,-6.28
361587,1557,0,153,99609,35.00,-6.43,-6.26
361609,2015,0,164,99609,35.00,-6.44,-6.27
361631,2251,0,168,99609,35.00,-6.47,-6.27
361653,2326,0,165,99609,35.00,-6.45,-6.25
361675,2063,0,149,99609,35.00,-6.42,-6.25
361718,1568,0,137,99609,35.00,-6.44,-6.21
361740,1213,0,123,99609,35.00,-6.43,-6.24
361762,1711,0,146,99609,35.00,-6.42,-6.23
361784,1493,0,139,99609,35.00,-6.44,-6.28
361806,1421,0,147,99609,35.00,-6.41,-6.25
361828,1861,0,155,99609,35.00,-6.45,-6.27
361850,2164,0,167,99609,35.00,-6.46,-6.25
361872,2213,0,168,99609,35.00,-6.46,-6.25
361894,1989,0,153,99609,35.00,-6.43,-6.24
361916,1676,0,140,99609,35.00,-6.42,-6.27
361958,1434,0,125,99609,35.00,-6.43,-6.26
361980,1165,0,119,99609,35.00,-6.44,-6.24
362512,1001,0,123,99609,36.65,-6.44,-6.28
362542,2687,0,149,99609,35.00,-6.45,-6.27
362564,1715,0,145,99609,35.00,-6.40,-6.25
362586,2189,0,156,99609,35.00,-6.44,-6.28
362608,2406,0,169,99609,35.00,-6.40,-6.28
362630,2567,0,169,99609,35.00,-6.48,-6.24
362652,2569,0,166,99609,35.00,-6.42,-6.27
362674,2301,0,151,99609,35.00,-6.48,-6.28
362696,2044,0,138,99609,35.00,-6.47,-6.27
362718,1852,0,133,99609,35.00,-6.43,-6.28
362760,1511,0,125,99609,35.00,-6.42,-6.25
362782,1111,0,126,99609,35.00,-6.44,-6.23
362804,713,0,137,99609,35.00,-6.45,-6.24
362826,1349,0,155,99609,35.00,-6.42,-6.24
362848,2171,0,167,99609,35.00,-6.46,-6.25
362870,2579,0,171,99609,35.00,-6.39,-6.27
362892,2921,0,173,99609,35.00,-6.43,-6.24
362914,3048,0,159,99609,35.00,-6.44,-6.24
362936,2749,0,149,99609,35.00,-6.48,-6.24
362958,2521,0,147,99609,35.00,-6.44,-6.25
362980,2196,0,139,99609,35.00,-6.42,-6.24
363021,1875,0,145,99609,35.00,-6.40,-6.25
363043,907,0,140,99609,35.00,-6.46,-6.25
363065,1251,0,150,99609,35.00,-6.45,-6.25
363087,1911,0,165,99609,35.00,-6.42,-6.23
363109,2323,0,167,99609,35.00,-6.43,-6.23
363131,2661,0,173,99609,35.00,-6.44,-6.30
363153,2331,0,155,99609,35.00,-6.40,-6.24
363175,1879,0,145,99609,35.00,-6.46,-6.24
363197,983,0,123,99609,35.00,-6.44,-6.29
363219,823,0,125,99609,35.00,-6.46,-6.26
363262,697,0,135,99609,35.00,-6.44,-6.21
363284,1335,0,147,99609,35.00,-6.46,-6.25
363306,1677,0,155,99770,35.00,-6.41,-6.26
363328,2099,0,168,98999,35.00,-6.48,-6.24
363350,2589,0,171,98325,35.00,-6.47,-6.27
363372,2102,0,155,98032,35.00,-6.44,-6.27
363394,1765,0,147,97901,35.00,-6.49,-6.27
363416,1335,0,135,98172,35.00,-6.44,-6.25
363438,922,0,124,98664,35.00,-6.40,-6.26
363460,1173,0,134,99372,35.00,-6.42,-6.27
363502,1231,0,143,99372,35.00,-6.41,-6.24
363524,1675,0,153,99372,35.00,-6.46,-6.28
363546,3025,0,185,99372,35.00,-6.44,-6.25
363568,2277,0,173,99372,35.00,-6.46,-6.22
363590,2431,0,167,99372,35.00,-6.43,-6.27
363612,1683,0,135,99372,35.00,-6.44,-6.28
363634,1769,0,140,99372,35.00,-6.43,-6.26
363656,1451,0,125,99372,35.00,-6.45,-6.25
363678,1327,0,125,99372,35.00,-6.44,-6.27
363700,1170,0,127,99372,35.00,-6.44,-6.26
363722,1387,0,148,99372,35.00,-6.43,-6.27
363763,1799,0,153,99372,35.00,-6.42,-6.28
363785,2033,0,159,99372,35.00,-6.47,-6.27
363807,2442,0,168,99372,35.00,-6.46,-6.23
363829,2633,0,171,99372,35.00,-6.44,-6.27
363851,2687,0,168,99372,35.00,-6.47,-6.30
363873,2365,0,153,99372,35.00,-6.46,-6.30
363895,1871,0,139,99372,35.00,-6.42,-6.25
363917,1565,0,134,99372,35.00,-6.47,-6.27
363939,1349,0,125,99372,35.00,-6.47,-6.25
363961,1303,0,137,99372,35.00,-6.46,-6.24
364548,1525,0,148,99372,37.17,-6.44,-6.27
364585,1290,0,148,99372,35.00,-6.48,-6.25
364607,2334,0,169,99372,35.00,-6.45,-6.26
364629,1951,0,155,99372,35.00,-6.42,-6.27
364651,955,0,135,99372,35.00,-6.46,-6.26
364673,807,0,133,99372,35.00,-6.47,-6.27
364695,2733,0,157,99372,35.00,-6.42,-6.27
364717,1907,0,124,99372,35.00,-6.44,-6.29
364739,1591,0,133,99372,35.00,-6.44,-6.27
364761,2045,0,147,99372,35.00,-6.44,-6.26
364783,2555,0,167,99372,35.00,-6.43,-6.26
364826,2795,0,175,99372,35.00,-6.46,-6.29
364848,3109,0,172,99372,35.00,-6.44,-6.27
364870,3101,0,168,99372,35.00,-6.46,-6.26
364892,2715,0,151,99372,35.00,-6.43,-6.29
364914,2059,0,134,99372,35.00,-6.44,-6.25
364936,1689,0,122,99372,35.00,-6.43,-6.26
364958,1431,0,123,99372,35.00,-6.45,-6.25
364980,1671,0,142,99372,35.00,-6.43,-6.28
365565,2043,0,153,99372,37.14,-6.45,-6.22
365608,2408,0,164,99372,35.00,-6.43,-6.26
365630,2252,0,148,99372,35.00,-6.44,-6.28
365652,1783,0,133,99372,35.00,-6.47,-6.23
365674,1171,0,118,99372,35.00,-6.40,-6.27
365696,931,0,122,99372,35.00,-6.46,-6.25
365718,957,0,120,99372,35.00,-6.43,-6.27
365740,1357,0,139,99372,35.00,-6.47,-6.30
365762,1823,0,151,99372,35.00,-6.42,-6.23
365784,2277,0,163,99372,35.00,-6.44,-6.25
365806,2503,0,165,99372,35.00,-6.44,-6.24
365848,2542,0,165,99372,35.00,-6.44,-6.27
365870,2217,0,147,99372,35.00,-6.43,-6.24
365892,1822,0,133,99372,35.00,-6.43,-6.26
365914,1239,0,117,99372,35.00,-6.47,-6.28
365936,1113,0,117,99372,35.00,-6.46,-6.31
365958,1221,0,125,99372,35.00,-6.45,-6.28
365980,1463,0,141,99372,35.00,-6.47,-6.28
366583,1908,0,153,99372,36.75,-6.44,-6.29
366614,4095,0,157,99372,35.00,-6.45,-6.24
366636,4095,0,157,99372,35.00,-6.51,-6.27
366658,1260,0,124,99372,35.00,-6.44,-6.27
366680,1574,0,149,99372,35.00,-6.44,-6.29
366702,1780,0,164,99372,35.00,-6.53,-6.20
366724,3977,0,185,99372,35.00,-6.45,-6.22
366746,3112,0,167,99372,35.00,-6.37,-6.30
366768,2411,0,159,99372,35.00,-6.43,-6.33
366790,4095,0,167,99372,35.00,-6.39,-6.24
366831,4095,0,165,99372,35.00,-6.45,-6.25
366853,0,0,108,99372,35.00,-6.43,-6.29
366875,0,0,131,99372,35.00,-6.40,-6.27
366897,95,0,123,99372,35.00,-6.50,-6.23
366919,669,0,155,99372,35.00,-6.43,-6.32
366941,1993,0,151,99372,35.00,-6.58,-6.34
366963,0,0,121,99372,35.00,-6.60,-6.33
366985,0,0,135,99372,35.00,-6.46,-6.25
367347,0,0,137,99372,36.77,-6.47,-6.22
367375,629,0,133,99372,35.00,-6.46,-6.28
367397,1817,0,139,99372,35.00,-6.37,-6.22
367419,733,0,139,99372,35.00,-6.45,-6.26
367441,885,0,147,99372,35.00,-6.49,-6.26
367463,2291,0,168,99372,35.00,-6.45,-6.30
367485,2279,0,165,99372,35.00,-6.44,-6.30
367507,2152,0,155,99372,35.00,-6.41,-6.27
367529,3214,0,167,99372,35.00,-6.47,-6.26
367551,2459,0,139,99372,35.00,-6.40,-6.28
367593,1684,0,127,99372,35.00,-6.17,-6.18
367615,2333,0,140,99372,35.00,-6.39,-6.27
367637,2187,0,143,99372,35.00,-6.45,-6.28
367659,2489,0,156,99372,35.00,-6.43,-6.26
367681,3035,0,171,99372,35.00,-6.44,-6.29
367703,3021,0,171,99372,35.00,-6.46,-6.24
367725,2468,0,166,99372,35.00,-6.43,-6.26
367747,2800,0,163,99372,35.00,-6.43,-6.25
367769,2853,0,153,99372,35.00,-6.44,-6.23
367791,2281,0,144,99372,35.00,-6.44,-6.23
367834,1403,0,125,99372,35.00,-6.44,-6.27
367856,1492,0,137,99372,35.00,-6.43,-6.27
367878,2139,0,167,99372,35.00,-6.43,-6.28
367900,3131,0,173,99372,35.00,-6.48,-6.27
367922,4095,0,183,99372,35.00,-6.44,-6.27
367944,3749,0,171,99372,35.00,-6.47,-6.27
367966,1323,0,124,99372,35.00,-6.47,-6.27
367988,1357,0,141,99372,35.00,-6.49,-6.24
368363,1195,0,133,99372,37.02,-6.39,-6.24
368395,2471,0,165,99372,35.00,-6.39,-6.25
368417,1992,0,149,99372,35.00,-6.41,-6.27
368439,2296,0,160,99372,35.00,-6.47,-6.24
368461,1891,0,158,99372,35.00,-6.43,-6.29
368483,1877,0,154,99372,35.00,-6.40,-6.29
368505,2211,0,165,99372,35.00,-6.45,-6.29
368527,2165,0,151,99372,35.00,-6.38,-6.24
368549,1908,0,141,99372,35.00,-6.40,-6.27
368571,1909,0,139,99372,35.00,-6.43,-6.27
368593,1849,0,139,99372,35.00,-6.44,-6.24
368636,1947,0,147,99372,35.00,-6.43,-6.28
368658,1727,0,149,99372,35.00,-6.44,-6.27
368680,1837,0,158,99372,35.00,-6.40,-6.22
368702,2108,0,165,99372,35.00,-6.42,-6.24
368724,2335,0,165,99372,35.00,-6.45,-6.24
368746,2099,0,153,99372,35.00,-6.46,-6.26
368768,2134,0,149,99372,35.00,-6.45,-6.31
368790,1658,0,136,99372,35.00,-6.42,-6.24
368812,1123,0,125,99372,35.00,-6.47,-6.28
368834,1784,0,139,99372,35.00,-6.44,-6.27
368876,1467,0,135,99372,35.00,-6.43,-6.29
368898,1775,0,150,99372,35.00,-6.43,-6.26
368920,1881,0,157,99372,35.00,-6.43,-6.26
368942,2330,0,172,99372,35.00,-6.41,-6.26
368964,2824,0,171,99372,35.00,-6.45,-6.22
368986,2489,0,153,99372,35.00,-6.43,-6.27
369381,1747,0,140,99372,36.91,-6.46,-6.29
369418,2571,0,169,99372,35.00,-6.41,-6.23
369440,2131,0,157,99372,35.00,-6.43,-6.24
369462,2155,0,163,99372,35.00,-6.44,-6.27
369484,3100,0,171,99372,35.00,-6.43,-6.26
369506,2476,0,155,99372,35.00,-6.43,-6.28
369528,1491,0,138,99372,35.00,-6.45,-6.28
369550,1588,0,138,99372,35.00,-6.45,-6.27
369572,1240,0,126,99372,35.00,-6.43,-6.24
369594,1183,0,133,99372,35.00,-6.41,-6.25
369616,1663,0,151,99372,35.00,-6.45,-6.27
369658,1701,0,154,99372,35.00,-6.43,-6.30
369680,2585,0,171,99372,35.00,-6.40,-6.23
369702,2015,0,164,99372,35.00,-6.45,-6.24
369724,2363,0,168,99372,35.00,-6.47,-6.27
369746,2237,0,149,99372,35.00,-6.43,-6.25
369768,1799,0,138,99372,35.00,-6.42,-6.29
369790,1343,0,139,99372,35.00,-6.47,-6.29
369812,1215,0,123,99372,35.00,-6.42,-6.25
369834,1303,0,137,99372,35.00,-6.41,-6.26
369856,1771,0,148,99372,35.00,-6.46,-6.24
369878,1710,0,151,99372,35.00,-6.40,-6.31
369919,1994,0,159,99372,35.00,-6.45,-6.22
369941,2413,0,167,99372,35.00,-6.44,-6.26
369963,2542,0,167,99372,35.00,-6.43,-6.26
369985,2423,0,152,99372,35.00,-6.44,-6.27
370397,1896,0,135,99372,37.25,-6.38,-6.26
370425,1739,0,157,99372,35.00,-6.46,-6.26
370447,1803,0,139,99372,35.00,-6.47,-6.24
370469,2583,0,143,99372,35.00,-6.44,-6.23
370491,413,0,105,99372,35.00,-6.52,-6.27
370513,1882,0,146,99372,35.00,-6.41,-6.29
370535,1599,0,147,99372,35.00,-6.43,-6.25
370557,1759,0,152,99372,35.00,-6.47,-6.27
370579,2387,0,170,99939,35.00,-6.42,-6.25
370621,1815,0,153,99939,35.00,-6.41,-6.26
370643,2987,0,170,99939,35.00,-6.43,-6.26
370665,2343,0,152,99939,35.00,-6.45,-6.23
370687,957,0,127,99939,35.00,-6.43,-6.23
370709,1333,0,126,99939,35.00,-6.41,-6.22
370731,760,0,122,99939,35.00,-6.47,-6.27
370753,496,0,133,99939,35.00,-6.42,-6.30
370775,2013,0,153,99939,35.00,-6.43,-6.25
370797,1902,0,151,99939,35.00,-6.44,-6.28
370819,2119,0,163,99939,35.00,-6.47,-6.27
370861,2053,0,156,99939,35.00,-6.41,-6.30
370883,1989,0,151,99939,35.00,-6.41,-6.27
370905,1308,0,139,99939,35.00,-6.42,-6.30
370927,2157,0,151,99939,35.00,-6.39,-6.26
370949,1651,0,133,99939,35.00,-6.40,-6.22
370971,581,0,121,99939,35.00,-6.41,-6.27
370993,831,0,127,99939,35.00,-6.45,-6.25
371416,927,0,146,99939,37.25,-6.36,-6.18
371445,2204,0,157,99939,35.00,-6.42,-6.25
371467,1757,0,125,99939,35.00,-6.42,-6.29
371489,1493,0,124,99939,35.00,-6.47,-6.25
371511,1528,0,132,99939,35.00,-6.43,-6.29
371533,1725,0,137,99939,35.00,-6.44,-6.28
371555,1983,0,148,99939,35.00,-6.48,-6.29
371577,2028,0,152,99939,35.00,-6.41,-6.27
371599,2030,0,159,99939,35.00,-6.45,-6.27
371621,2429,0,165,99939,35.00,-6.45,-6.29
371663,2683,0,156,99939,35.00,-6.48,-6.22
371685,2259,0,139,99939,35.00,-6.44,-6.25
371707,1466,0,127,99939,35.00,-6.46,-6.25
371729,1567,0,133,99939,35.00,-6.46,-6.26
371751,1579,0,126,99939,35.00,-6.46,-6.23
371773,1594,0,139,99939,35.00,-6.45,-6.26
371795,1622,0,147,99939,35.00,-6.44,-6.28
371817,1867,0,151,99939,35.00,-6.43,-6.27
371839,2317,0,165,99939,35.00,-6.46,-6.25
371861,2329,0,157,99939,35.00,-6.46,-6.26
371883,2377,0,152,99939,35.00,-6.45,-6.27
371924,2130,0,143,99939,35.00,-6.48,-6.26
371946,2107,0,135,99939,35.00,-6.42,-6.27
371968,1533,0,125,99939,35.00,-6.40,-6.28
371990,1251,0,121,99939,35.00,-6.44,-6.26
372433,1171,0,133,99939,36.88,-6.45,-6.28
372465,2013,0,152,99939,35.00,-6.47,-6.24
372487,1483,0,121,99939,35.00,-6.45,-6.26
372509,1315,0,121,99939,35.00,-6.44,-6.26
372531,1377,0,133,99939,35.00,-6.39,-6.23
372553,1655,0,141,99939,35.00,-6.44,-6.30
372575,1929,0,153,99939,35.00,-6.39,-6.25
372597,2509,0,165,99939,35.00,-6.43,-6.26
372619,2921,0,167,99939,35.00,-6.40,-6.23
372641,2655,0,163,99939,35.00,-6.45,-6.25
372663,2077,0,151,99939,35.00,-6.45,-6.24
372685,1531,0,131,99939,35.00,-6.42,-6.26
372726,1311,0,134,99939,35.00,-6.42,-6.27
372748,1621,0,125,99939,35.00,-6.42,-6.26
372770,1423,0,135,99939,35.00,-6.39,-6.25
372792,1519,0,139,99939,35.00,-6.41,-6.22
372814,1935,0,152,99939,35.00,-6.42,-6.29
372836,1783,0,156,99939,35.00,-6.43,-6.28
372858,2407,0,169,99939,35.00,-6.38,-6.26
372880,2271,0,165,99939,35.00,-6.45,-6.28
372902,2212,0,154,99939,35.00,-6.43,-6.28
372924,2027,0,143,99939,35.00,-6.44,-6.29
372946,1771,0,133,99939,35.00,-6.47,-6.26
372987,1425,0,126,99939,35.00,-6.40,-6.25
373705,837,0,120,99939,36.63,-6.45,-6.27
373729,1481,0,125,99939,35.00,-6.44,-6.26
373751,1353,0,138,99939,35.00,-6.42,-6.30
373773,2006,0,151,99939,35.00,-6.46,-6.27
373795,2011,0,153,99939,35.00,-6.43,-6.30
373817,2389,0,160,99939,35.00,-6.46,-6.28
373839,2631,0,165,99939,35.00,-6.43,-6.26
373861,2206,0,143,99939,35.00,-6.43,-6.30
373883,1967,0,137,99939,35.00,-6.40,-6.25
373905,1640,0,131,99939,35.00,-6.41,-6.27
373927,1355,0,123,99939,35.00,-6.42,-6.27
373969,1507,0,133,99939,35.00,-6.45,-6.25
373991,1525,0,139,99939,35.00,-6.44,-6.28
374723,1843,0,145,99939,37.01,-6.43,-6.28
374751,1577,0,125,99939,35.00,-6.43,-6.30
374773,1787,0,153,99939,35.00,-6.43,-6.25
374795,2149,0,163,99939,35.00,-6.42,-6.28
374817,2237,0,154,99939,35.00,-6.43,-6.28
374839,2484,0,154,99939,35.00,-6.49,-6.34
374861,2165,0,141,99939,35.00,-6.41,-6.29
374883,1981,0,127,99939,35.00,-6.42,-6.29
374905,1156,0,120,99939,35.00,-6.43,-6.27
374927,1545,0,133,99939,35.00,-6.45,-6.25
374949,1625,0,139,99939,35.00,-6.44,-6.27
374971,2015,0,151,99939,35.00,-6.44,-6.29
375740,1867,0,151,99939,36.89,-6.42,-6.29
375774,1593,0,125,99939,35.00,-6.42,-6.30
375796,1447,0,139,99939,35.00,-6.42,-6.27
375818,2531,0,155,99939,35.00,-6.42,-6.29
375840,1161,0,107,99939,35.00,-6.41,-6.27
375862,1828,0,137,99939,35.00,-6.43,-6.26
375884,930,0,115,99939,35.00,-6.41,-6.28
375906,1213,0,125,99939,35.00,-6.43,-6.27
375928,1703,0,141,99939,35.00,-6.44,-6.26
375950,1929,0,147,99939,35.00,-6.38,-6.27
375972,3114,0,173,99939,35.00,-6.44,-6.27
375994,2376,0,150,99939,35.00,-6.42,-6.31
376035,2239,0,151,99939,35.00,-6.44,-6.27
376057,2991,0,169,99939,35.00,-6.43,-6.24
376079,2087,0,139,99939,35.00,-6.39,-6.29
376101,1227,0,120,99939,35.00,-6.42,-6.26
376123,1207,0,123,99939,35.00,-6.46,-6.24
376145,1149,0,121,99939,35.00,-6.43,-6.25
376167,1671,0,138,99939,35.00,-6.44,-6.27
376189,2299,0,153,99939,35.00,-6.41,-6.27
376211,790,0,137,99939,35.00,-6.44,-6.31
376233,1819,0,159,99939,35.00,-6.41,-6.26
376275,2612,0,165,99939,35.00,-6.41,-6.24
376297,2393,0,151,99939,35.00,-6.44,-6.27
376319,2208,0,139,99939,35.00,-6.43,-6.26
376341,1559,0,121,99939,35.00,-6.41,-6.22
376363,1781,0,135,99939,35.00,-6.45,-6.30
376385,331,0,107,99939,35.00,-6.43,-6.30
376407,471,0,125,99939,35.00,-6.46,-6.30
376429,2139,0,155,99939,35.00,-6.42,-6.27
376451,1547,0,139,99939,35.00,-6.39,-6.26
376473,2677,0,171,99939,35.00,-6.46,-6.26
376495,4095,0,175,99540,35.00,-6.39,-6.29
376536,1943,0,141,99376,35.00,-6.44,-6.28
376558,2347,0,149,99450,35.00,-6.41,-6.25
376580,1623,0,139,99518,35.00,-6.43,-6.28
376602,983,0,123,99628,35.00,-6.41,-6.22
376624,1032,0,125,99772,35.00,-6.43,-6.27
376646,1432,0,137,99902,35.00,-6.47,-6.30
376668,2159,0,155,99902,35.00,-6.45,-6.30
376690,2065,0,151,99902,35.00,-6.42,-6.24
376712,1823,0,157,99902,35.00,-6.44,-6.27
376734,2463,0,165,99902,35.00,-6.47,-6.26
376756,2707,0,164,99902,35.00,-6.44,-6.24
376797,3279,0,163,99902,35.00,-6.41,-6.26
376819,729,0,125,99902,35.00,-6.38,-6.23
376841,1480,0,133,99902,35.00,-6.45,-6.31
376863,2043,0,139,99902,35.00,-6.40,-6.30
376885,1449,0,123,99902,35.00,-6.48,-6.27
376907,1813,0,149,99902,35.00,-6.42,-6.27
376929,2137,0,153,99902,35.00,-6.42,-6.26
376951,2079,0,157,99902,35.00,-6.42,-6.28
376973,2770,0,171,99902,35.00,-6.40,-6.28
376995,2515,0,157,99902,35.00,-6.41,-6.30
377037,2169,0,149,99926,35.00,-6.44,-6.28
377059,0,0,115,99613,35.00,-6.43,-6.27
377081,3348,0,159,99132,35.00,-6.53,-6.28
377103,1299,0,109,98708,35.00,-6.48,-6.27
377125,658,0,121,98461,35.00,-6.45,-6.30
377147,2181,0,155,98485,35.00,-6.45,-6.29
377169,693,0,136,98663,35.00,-6.45,-6.29
377191,1752,0,149,98834,35.00,-6.49,-6.29
377213,2415,0,171,98989,35.00,-6.45,-6.29
377235,2583,0,159,99157,35.00,-6.44,-6.31
377257,2149,0,149,99322,35.00,-6.43,-6.27
377298,1588,0,137,99673,35.00,-6.43,-6.29
377320,1285,0,118,99631,35.00,-6.40,-6.30
377342,1407,0,126,99591,35.00,-6.45,-6.22
377364,1339,0,133,99553,35.00,-6.44,-6.30
377386,457,0,120,99521,35.00,-6.43,-6.28
377408,2105,0,157,99574,35.00,-6.41,-6.28
377430,1643,0,156,99683,35.00,-6.43,-6.32
377452,2327,0,160,99795,35.00,-6.43,-6.24
377474,2267,0,156,99838,35.00,-6.44,-6.27
377496,1934,0,141,99872,35.00,-6.45,-6.27
377518,1263,0,125,99887,35.00,-6.43,-6.31
377559,2147,0,139,99696,35.00,-6.43,-6.28
377581,1804,0,139,99667,35.00,-6.41,-6.29
377603,1917,0,135,99661,35.00,-6.39,-6.27
377625,1593,0,139,99627,35.00,-6.39,-6.25
377647,1479,0,141,99645,35.00,-6.44,-6.26
377669,1546,0,152,99478,35.00,-6.46,-6.27
377691,2415,0,167,99050,35.00,-6.42,-6.28
377713,2185,0,159,98604,35.00,-6.42,-6.27
377735,2901,0,168,98402,35.00,-6.42,-6.32
377757,2233,0,146,98327,35.00,-6.41,-6.29
377799,1413,0,127,98054,35.00,-6.39,-6.29
377821,1225,0,117,98168,35.00,-6.44,-6.24
377843,1163,0,133,98298,35.00,-6.42,-6.28
377865,1695,0,145,98412,35.00,-6.40,-6.27
377887,1523,0,141,98700,35.00,-6.44,-6.26
377909,1721,0,155,98990,35.00,-6.43,-6.32
377931,2443,0,168,99133,35.00,-6.44,-6.28
377953,2425,0,160,99191,35.00,-6.42,-6.27
377975,2216,0,151,99206,35.00,-6.44,-6.29
377997,2313,0,147,99170,35.00,-6.40,-6.28
378539,1567,0,123,99114,36.85,-6.40,-6.29
378582,1617,0,135,97258,35.00,-6.41,-6.27
378604,1163,0,127,97277,35.00,-6.41,-6.29
378626,1907,0,152,97247,35.00,-6.44,-6.27
378648,1887,0,154,97120,35.00,-6.43,-6.27
378670,1965,0,155,96842,35.00,-6.45,-6.26
378692,2585,0,166,96481,35.00,-6.42,-6.24
378714,2148,0,151,96208,35.00,-6.43,-6.26
378736,2166,0,145,96109,35.00,-6.42,-6.27
378758,1679,0,133,96149,35.00,-6.43,-6.27
378780,1515,0,123,96415,35.00,-6.38,-6.26
378822,1082,0,123,96901,35.00,-6.44,-6.24
378844,1369,0,137,96768,35.00,-6.47,-6.29
378866,1544,0,149,96784,35.00,-6.42,-6.31
378888,2587,0,165,96931,35.00,-6.40,-6.28
378910,2208,0,155,96846,35.00,-6.44,-6.25
378932,1983,0,153,96347,35.00,-6.46,-6.27
378954,2629,0,156,95676,35.00,-6.44,-6.27
378976,1780,0,126,95224,35.00,-6.40,-6.29
378998,1663,0,133,95086,35.00,-6.43,-6.28
379020,1374,0,122,95133,35.00,-6.40,-6.27
379042,1363,0,124,95216,35.00,-6.42,-6.27
379083,1465,0,139,95768,35.00,-6.43,-6.29
379105,1514,0,147,95947,35.00,-6.42,-6.24
379127,2067,0,165,96063,35.00,-6.44,-6.28
379149,2401,0,167,96088,35.00,-6.43,-6.27
379171,2255,0,159,96049,35.00,-6.44,-6.29
379193,2514,0,159,96019,35.00,-6.38,-6.27
379215,2024,0,141,96011,35.00,-6.44,-6.29
379237,1685,0,135,95971,35.00,-6.41,-6.26
379259,1460,0,133,95961,35.00,-6.41,-6.24
379281,1273,0,135,95993,35.00,-6.41,-6.24
379323,1451,0,141,96270,35.00,-6.42,-6.25
379345,1685,0,145,96289,35.00,-6.44,-6.27
379367,2147,0,159,96365,35.00,-6.39,-6.29
379389,2411,0,165,96436,35.00,-6.41,-6.25
379411,2159,0,156,96449,35.00,-6.37,-6.27
379433,2455,0,155,96517,35.00,-6.43,-6.28
379455,1891,0,139,96552,35.00,-6.38,-6.29
379477,1507,0,136,96547,35.00,-6.42,-6.27
379499,1482,0,135,96567,35.00,-6.44,-6.30
379521,1157,0,123,96485,35.00,-6.45,-6.28
379543,1381,0,137,96264,35.00,-6.43,-6.28
379584,1891,0,149,95858,35.00,-6.41,-6.31
379606,1899,0,152,95969,35.00,-6.41,-6.30
379628,2456,0,169,96127,35.00,-6.40,-6.28
379650,2313,0,159,96286,35.00,-6.40,-6.25
379672,2271,0,157,96433,35.00,-6.42,-6.27
379694,2268,0,142,96554,35.00,-6.41,-6.28
379716,1757,0,124,96595,35.00,-6.42,-6.29
379738,1373,0,120,96578,35.00,-6.38,-6.28
379760,1277,0,125,96590,35.00,-6.44,-6.28
379782,1471,0,134,96647,35.00,-6.39,-6.28
379825,1654,0,151,96473,35.00,-6.45,-6.29
379847,2132,0,157,96469,35.00,-6.41,-6.27
379869,2444,0,168,96597,35.00,-6.45,-6.29
379891,2323,0,157,96689,35.00,-6.44,-6.30
379913,2236,0,151,96737,35.00,-6.44,-6.27
379935,1855,0,138,96742,35.00,-6.39,-6.25
379957,1691,0,136,96779,35.00,-6.44,-6.27
379979,1187,0,123,96872,35.00,-6.44,-6.26
380574,1477,0,135,96964,36.70,-6.41,-6.31
380607,1511,0,125,97896,35.00,-6.43,-6.23
380629,2323,0,155,97921,35.00,-6.43,-6.28
380651,2375,0,153,97979,35.00,-6.41,-6.29
380673,1983,0,137,98057,35.00,-6.41,-6.32
380695,1620,0,135,98065,35.00,-6.40,-6.25
380717,1470,0,133,98004,35.00,-6.39,-6.30
380739,1509,0,134,97865,35.00,-6.45,-6.26
380761,1311,0,137,97703,35.00,-6.48,-6.34
380783,1839,0,151,97692,35.00,-6.41,-6.27
380805,2095,0,159,97669,35.00,-6.44,-6.27
380847,2391,0,163,96458,35.00,-6.40,-6.27
380869,2378,0,158,96283,35.00,-6.43,-6.32
380891,2413,0,151,96293,35.00,-6.43,-6.29
380913,2067,0,137,96428,35.00,-6.43,-6.28
380935,1677,0,123,96667,35.00,-6.44,-6.30
380957,1626,0,125,96854,35.00,-6.47,-6.25
380979,1380,0,127,96972,35.00,-6.45,-6.30
381341,1511,0,138,97184,37.17,-6.47,-6.28
381369,1912,0,151,98656,35.00,-6.40,-6.29
381391,2160,0,141,98532,35.00,-6.47,-6.27
381413,1927,0,137,98342,35.00,-6.45,-6.29
381435,1610,0,125,97912,35.00,-6.42,-6.29
381457,1241,0,122,97366,35.00,-6.46,-6.27
381479,1553,0,138,96959,35.00,-6.39,-6.31
381501,1951,0,153,96725,35.00,-6.47,-6.31
381523,1967,0,153,96634,35.00,-6.43,-6.27
381545,2218,0,164,96635,35.00,-6.41,-6.25
381567,2330,0,164,96732,35.00,-6.43,-6.28
381609,2485,0,163,97220,35.00,-6.40,-6.27
381631,2041,0,146,97278,35.00,-6.43,-6.29
381653,1565,0,139,97221,35.00,-6.41,-6.29
381675,1396,0,125,97091,35.00,-6.43,-6.29
381697,1357,0,123,96983,35.00,-6.41,-6.33
381719,1271,0,136,96945,35.00,-6.43,-6.27
381741,1723,0,147,96965,35.00,-6.44,-6.28
381763,2086,0,159,96988,35.00,-6.40,-6.27
381785,2219,0,163,96998,35.00,-6.42,-6.27
381807,2461,0,165,97093,35.00,-6.40,-6.30
381829,2342,0,154,97216,35.00,-6.41,-6.24
381870,1653,0,138,97164,35.00,-6.45,-6.27
381892,1776,0,131,97199,35.00,-6.39,-6.30
381914,1468,0,133,97236,35.00,-6.41,-6.28
381936,1387,0,135,97355,35.00,-6.40,-6.26
381958,1333,0,136,97511,35.00,-6.41,-6.32
381980,1595,0,143,97711,35.00,-6.40,-6.27
382354,1727,0,153,97961,36.65,-6.43,-6.29
382392,1227,0,124,97198,35.00,-6.41,-6.29
382414,1447,0,122,97316,35.00,-6.44,-6.28
382436,1429,0,133,97495,35.00,-6.41,-6.28
382458,1463,0,139,97799,35.00,-6.45,-6.30
382480,1811,0,148,98066,35.00,-6.43,-6.28
382502,1711,0,152,98189,35.00,-6.45,-6.28
382524,2597,0,169,98253,35.00,-6.44,-6.27
382546,2215,0,156,98282,35.00,-6.43,-6.32
382568,2275,0,171,98282,35.00,-6.42,-6.25
382590,2204,0,145,98322,35.00,-6.44,-6.31
382632,1327,0,120,98512,35.00,-6.41,-6.30
382654,1363,0,119,98530,35.00,-6.41,-6.26
382676,1267,0,135,98237,35.00,-6.40,-6.30
382698,1631,0,136,97652,35.00,-6.43,-6.26
382720,1545,0,146,97192,35.00,-6.44,-6.30
382742,2206,0,157,96930,35.00,-6.47,-6.27
382764,2333,0,163,96857,35.00,-6.41,-6.30
382786,2360,0,159,96897,35.00,-6.40,-6.28
382808,2344,0,152,97074,35.00,-6.41,-6.27
382830,1880,0,138,97289,35.00,-6.44,-6.27
382852,1581,0,126,97424,35.00,-6.39,-6.27
382893,1315,0,133,97734,35.00,-6.37,-6.26
382915,1395,0,123,97808,35.00,-6.40,-6.28
382937,1445,0,137,97840,35.00,-6.43,-6.28
382959,1645,0,149,97862,35.00,-6.45,-6.29
382981,1849,0,155,97864,35.00,-6.44,-6.29
383372,2295,0,165,97859,36.97,-6.44,-6.27
383414,1389,0,119,96323,35.00,-6.41,-6.29
383436,1160,0,125,96402,35.00,-6.45,-6.28
383458,1783,0,151,96622,35.00,-6.43,-6.30
383480,1891,0,155,96870,35.00,-6.45,-6.28
383502,2133,0,159,97078,35.00,-6.40,-6.29
383524,2599,0,168,97177,35.00,-6.41,-6.27
383546,2509,0,155,97264,35.00,-6.44,-6.27
383568,2078,0,141,97314,35.00,-6.43,-6.29
383590,1727,0,137,97316,35.00,-6.41,-6.29
383612,1581,0,133,97378,35.00,-6.42,-6.30
383634,1350,0,135,97500,35.00,-6.42,-6.26
383675,1582,0,146,97823,35.00,-6.43,-6.33
383697,1543,0,139,97831,35.00,-6.40,-6.26
383719,1870,0,153,97830,35.00,-6.42,-6.28
383741,2247,0,165,97845,35.00,-6.43,-6.27
383763,2295,0,165,97894,35.00,-6.46,-6.28
383785,2461,0,159,98028,35.00,-6.41,-6.26
383807,2185,0,149,98182,35.00,-6.39,-6.31
383829,1711,0,137,98298,35.00,-6.44,-6.28
383851,1387,0,124,98346,35.00,-6.44,-6.25
383873,1235,0,127,98361,35.00,-6.45,-6.28
383916,1171,0,135,98542,35.00,-6.42,-6.27
383938,567,0,138,98566,35.00,-6.41,-6.29
383960,2075,0,169,98573,35.00,-6.45,-6.30
383982,2446,0,167,98568,35.00,-6.42,-6.27
384390,2069,0,152,98374,36.99,-6.40,-6.27
384418,567,0,105,98809,35.00,-6.39,-6.29
384440,1451,0,149,98874,35.00,-6.44,-6.27
384462,1737,0,159,98961,35.00,-6.45,-6.23
384484,1785,0,152,99081,35.00,-6.40,-6.26
384506,1683,0,142,99206,35.00,-6.45,-6.29
384528,1426,0,125,99279,35.00,-6.43,-6.29
384550,1403,0,126,99290,35.00,-6.47,-6.24
384572,1156,0,123,99281,35.00,-6.46,-6.26
384594,1316,0,127,99276,35.00,-6.40,-6.27
384616,1545,0,143,99311,35.00,-6.40,-6.27
384657,1884,0,149,98555,35.00,-6.40,-6.24
384679,2223,0,159,98003,35.00,-6.42,-6.28
384701,2445,0,167,97640,35.00,-6.41,-6.27
384723,2709,0,167,97519,35.00,-6.44,-6.23
384745,2671,0,157,97601,35.00,-6.42,-6.20
384767,2025,0,137,97794,35.00,-6.43,-6.29
384789,1657,0,127,98012,35.00,-6.42,-6.26
384811,1229,0,125,98199,35.00,-6.39,-6.26
384833,1223,0,133,98317,35.00,-6.43,-6.26
384855,1118,0,134,98472,35.00,-6.40,-6.24
384877,1591,0,151,98631,35.00,-6.44,-6.27
384918,1918,0,159,98662,35.00,-6.43,-6.29
384940,2074,0,154,98623,35.00,-6.43,-6.24
384962,1842,0,150,98640,35.00,-6.50,-6.28
384984,2157,0,151,98693,35.00,-6.44,-6.30
385407,1740,0,139,98771,36.91,-6.42,-6.25
385440,1509,0,123,99191,35.00,-6.45,-6.29
385462,2170,0,151,99335,35.00,-6.47,-6.24
385484,1769,0,140,99455,35.00,-6.35,-6.30
385506,2075,0,147,99483,35.00,-6.50,-6.30
385528,1771,0,133,99430,35.00,-6.44,-6.27
385550,1439,0,133,99322,35.00,-6.44,-6.32
385572,1511,0,135,99236,35.00,-6.43,-6.27
385594,1719,0,139,99199,35.00,-6.40,-6.24
385616,2285,0,163,99201,35.00,-6.40,-6.31
385638,2175,0,160,99268,35.00,-6.43,-6.32
385680,2597,0,166,99539,35.00,-6.35,-6.27
385702,3278,0,173,99609,35.00,-6.36,-6.24
385724,2675,0,153,99710,35.00,-6.41,-6.25
385746,1815,0,137,99799,35.00,-6.36,-6.22
385768,1371,0,132,99861,35.00,-6.39,-6.20
385790,1903,0,139,99890,35.00,-6.37,-6.27
385812,2343,0,151,99890,35.00,-6.42,-6.28
385834,2479,0,155,99890,35.00,-6.40,-6.23
385856,2584,0,166,99890,35.00,-6.38,-6.24
385878,2191,0,163,99890,35.00,-6.45,-6.26
385900,3435,0,185,99890,35.00,-6.42,-6.31
385941,4095,0,180,99890,35.00,-6.33,-6.25
385963,2579,0,157,99890,35.00,-6.44,-6.28
385985,2548,0,148,99610,35.00,-6.43,-6.24
386424,1000,0,117,98989,36.98,-6.43,-6.29
386462,2165,0,125,98989,35.00,-6.45,-6.21
386484,2714,0,150,98989,35.00,-6.47,-6.27
386506,2715,0,149,98989,35.00,-6.43,-6.25
386528,3027,0,153,98989,35.00,-6.45,-6.22
386550,2043,0,137,98989,35.00,-6.39,-6.22
386572,1637,0,149,98989,35.00,-6.45,-6.21
386594,2106,0,155,98989,35.00,-6.38,-6.21
386616,2473,0,169,98989,35.00,-6.50,-6.25
386638,2553,0,167,98989,35.00,-6.50,-6.22
386660,2381,0,159,98989,35.00,-6.43,-6.24
386682,3461,0,175,98989,35.00,-6.47,-6.33
386723,2787,0,153,99403,35.00,-6.46,-6.27
386745,4095,0,171,98944,35.00,-6.43,-6.28
386767,4095,0,167,98686,35.00,-6.39,-6.22
386789,4095,0,165,98592,35.00,-6.42,-6.20
386811,4095,0,173,98688,35.00,-6.33,-6.39
386833,293,0,99,98901,35.00,-6.49,-6.25
386855,4095,0,201,99180,35.00,-6.21,-6.23
386877,0,0,125,99408,35.00,-6.34,-6.25
386899,0,0,133,99597,35.00,-6.26,-6.29
386921,0,0,122,99763,35.00,-6.38,-6.21
386964,0,0,121,99798,35.00,-6.40,-6.18
386986,0,0,119,99729,35.00,-6.58,-6.21
387697,3260,0,201,99681,36.73,-6.33,-6.10
387726,2777,0,175,99578,35.00,-6.36,-6.25
387748,1335,0,118,99662,35.00,-6.33,-5.98
387770,0,0,126,99776,35.00,-6.60,-6.13
387792,0,0,137,99846,35.00,-6.35,-6.10
387814,0,0,137,99860,35.00,-6.53,-6.18
387836,1915,0,173,99908,35.00,-6.43,-6.14
387858,2463,0,162,99925,35.00,-6.84,-6.30
387880,0,0,125,99953,35.00,-6.45,-6.17
387902,0,0,123,99979,35.00,-6.42,-6.08
387924,0,0,123,99979,35.00,-6.50,-6.18
387966,0,0,123,99997,35.00,-6.51,-6.20
387988,0,0,120,99559,35.00,-6.54,-6.16
388714,1691,0,155,99020,36.85,-6.52,-6.17
388748,4005,0,175,98938,35.00,-6.41,-6.18
388770,2511,0,164,99121,35.00,-6.55,-6.20
388792,2549,0,163,99293,35.00,-6.53,-6.22
388814,2556,0,167,99438,35.00,-6.47,-6.22
388836,2961,0,169,99567,35.00,-6.44,-6.18
388858,2803,0,164,99587,35.00,-6.49,-6.20
388880,2675,0,153,99534,35.00,-6.46,-6.19
388902,2644,0,147,99509,35.00,-6.43,-6.18
388924,2479,0,143,99529,35.00,-6.43,-6.21
388946,2645,0,148,99586,35.00,-6.52,-6.19
388968,2311,0,151,99655,35.00,-6.37,-6.20
389732,4095,0,179,99885,37.31,-6.39,-6.16
389771,2542,0,164,99885,35.00,-6.49,-6.12
389793,2681,0,168,99885,35.00,-6.47,-6.15
389815,2771,0,163,99885,35.00,-6.50,-6.12
389837,2651,0,151,99885,35.00,-6.48,-6.11
389859,1814,0,135,99885,35.00,-6.47,-6.11
389881,2028,0,141,99600,35.00,-6.37,-5.99
389903,754,0,115,98862,35.00,-6.50,-6.13
389925,2717,0,164,98422,35.00,-6.67,-6.11
389947,919,0,137,98295,35.00,-6.49,-6.18
389969,1709,0,151,98366,35.00,-6.53,-6.19
390749,2313,0,165,99022,36.69,-6.63,-6.27
390774,937,0,134,99494,35.00,-6.44,-6.17
390796,0,0,124,99650,35.00,-6.48,-6.24
390818,0,0,119,99722,35.00,-6.48,-6.24
390840,0,0,119,99693,35.00,-6.27,-6.16
390862,2254,0,147,99605,35.00,-6.52,-6.19
390884,3621,0,164,99483,35.00,-6.40,-6.16
390906,3404,0,167,99389,35.00,-6.45,-6.07
390928,3213,0,176,99383,35.00,-6.54,-6.12
390950,4095,0,179,99448,35.00,-6.39,-6.15
390972,4095,0,175,99556,35.00,-6.42,-6.17
391514,4095,0,170,99881,36.89,-6.53,-6.21
391556,1772,0,133,99132,35.00,-6.45,-6.16
391578,1657,0,121,99180,35.00,-6.43,-6.21
391600,1277,0,121,99256,35.00,-6.43,-6.17
391622,659,0,123,99457,35.00,-6.46,-6.22
391644,885,0,139,99605,35.00,-6.48,-6.18
391666,1317,0,149,99650,35.00,-6.50,-6.21
391688,1958,0,164,99615,35.00,-6.47,-6.14
391710,2213,0,159,99558,35.00,-6.51,-6.18
391732,2441,0,159,99575,35.00,-6.44,-6.18
391754,2285,0,149,99699,35.00,-6.44,-6.18
391796,1661,0,127,99920,35.00,-6.44,-6.19
391818,1071,0,117,99877,35.00,-6.44,-6.16
391840,1162,0,121,99833,35.00,-6.47,-6.20
391862,1149,0,135,99875,35.00,-6.46,-6.15
391884,1545,0,148,99807,35.00,-6.44,-6.16
391906,1960,0,157,99363,35.00,-6.49,-6.20
391928,2377,0,167,98716,35.00,-6.45,-6.17
391950,2565,0,165,98188,35.00,-6.47,-6.19
391972,2277,0,149,97934,35.00,-6.46,-6.18
391994,1863,0,139,97907,35.00,-6.47,-6.19
392530,1163,0,121,98039,36.61,-6.45,-6.15
392560,2325,0,141,98724,35.00,-6.45,-6.22
392582,1691,0,139,98300,35.00,-6.46,-6.19
392604,2129,0,155,98133,35.00,-6.48,-6.20
392626,2409,0,160,98175,35.00,-6.43,-6.19
392648,2543,0,165,98359,35.00,-6.46,-6.17
392670,2239,0,153,98602,35.00,-6.45,-6.19
392692,1870,0,135,98797,35.00,-6.45,-6.22
392714,1653,0,137,98986,35.00,-6.46,-6.17
392736,1463,0,123,99183,35.00,-6.45,-6.19
392758,1459,0,137,99375,35.00,-6.46,-6.18
392799,1599,0,139,99468,35.00,-6.45,-6.15
392821,1567,0,140,99407,35.00,-6.43,-6.18
392843,1851,0,151,99385,35.00,-6.44,-6.18
392865,2217,0,167,99392,35.00,-6.49,-6.19
392887,2429,0,167,99449,35.00,-6.50,-6.17
392909,2587,0,163,99496,35.00,-6.50,-6.18
392931,2534,0,151,99553,35.00,-6.47,-6.18
392953,1913,0,135,99644,35.00,-6.48,-6.15
392975,1502,0,121,99783,35.00,-6.50,-6.18
392997,941,0,118,99873,35.00,-6.45,-6.18
393040,932,0,125,99873,35.00,-6.49,-6.19
393062,1689,0,149,99873,35.00,-6.47,-6.18
393084,2188,0,165,99873,35.00,-6.44,-6.13
393106,2602,0,171,99873,35.00,-6.48,-6.16
393128,2605,0,165,99873,35.00,-6.46,-6.19
393150,2303,0,151,99873,35.00,-6.50,-6.17
393172,2020,0,140,99873,35.00,-6.50,-6.17
393194,1469,0,127,99873,35.00,-6.48,-6.16
393216,1333,0,132,99575,35.00,-6.45,-6.20
393238,1398,0,133,98899,35.00,-6.44,-6.14
393280,1557,0,141,98260,35.00,-6.47,-6.16
393302,1685,0,150,98437,35.00,-6.52,-6.16
393324,2054,0,163,98692,35.00,-6.48,-6.17
393346,2422,0,165,98948,35.00,-6.44,-6.19
393368,2349,0,159,99161,35.00,-6.47,-6.16
393390,2135,0,149,99292,35.00,-6.46,-6.16
393412,1879,0,139,99441,35.00,-6.46,-6.19
393434,1477,0,121,99557,35.00,-6.48,-6.16
393456,1307,0,127,99644,35.00,-6.46,-6.17
393478,1397,0,134,99670,35.00,-6.45,-6.16
393500,1653,0,145,99678,35.00,-6.44,-6.13
393541,1948,0,157,99773,35.00,-6.48,-6.18
393563,1887,0,155,99857,35.00,-6.49,-6.19
393585,2301,0,166,99924,35.00,-6.45,-6.17
393607,2527,0,165,99931,35.00,-6.45,-6.18
393629,2484,0,155,99951,35.00,-6.47,-6.18
393651,1893,0,140,100000,35.00,-6.45,-6.20
393673,1561,0,133,100000,35.00,-6.50,-6.18
393695,1215,0,125,100000,35.00,-6.49,-6.17
393717,1255,0,125,100000,35.00,-6.49,-6.19
393739,1460,0,139,100000,35.00,-6.46,-6.19
393781,1746,0,151,100000,35.00,-6.47,-6.18
393803,2119,0,167,100000,35.00,-6.49,-6.16
393825,2232,0,163,100000,35.00,-6.49,-6.17
393847,2275,0,159,100000,35.00,-6.46,-6.17
393869,1875,0,147,100000,35.00,-6.48,-6.16
393891,1513,0,125,100000,35.00,-6.47,-6.19
393913,1381,0,127,99333,35.00,-6.45,-6.16
393935,1115,0,123,98657,35.00,-6.47,-6.21
393957,1501,0,136,98189,35.00,-6.48,-6.15
393979,1587,0,146,97989,35.00,-6.47,-6.20
394565,1828,0,151,98067,37.17,-6.48,-6.18
394603,2167,0,150,97423,35.00,-6.46,-6.17
394625,3389,0,179,97398,35.00,-6.59,-6.32
394647,1677,0,140,97484,35.00,-6.48,-6.24
394669,1387,0,137,97665,35.00,-6.42,-6.16
394691,1141,0,121,97889,35.00,-6.39,-6.17
394713,965,0,123,98134,35.00,-6.42,-6.20
394735,2341,0,151,98318,35.00,-6.46,-6.18
394757,395,0,121,98486,35.00,-6.47,-6.19
394779,1938,0,153,98583,35.00,-6.44,-6.22
394801,2250,0,159,98589,35.00,-6.43,-6.23
394823,2227,0,156,98570,35.00,-6.42,-6.22
394864,2091,0,157,98542,35.00,-6.44,-6.17
394886,1937,0,149,98535,35.00,-6.47,-6.19
394908,1482,0,137,98595,35.00,-6.42,-6.16
394930,1418,0,136,98696,35.00,-6.43,-6.20
394952,1383,0,123,98793,35.00,-6.44,-6.23
394974,909,0,120,98923,35.00,-6.45,-6.20
394996,1181,0,135,99022,35.00,-6.45,-6.21
395583,1693,0,145,99072,37.35,-6.45,-6.17
395614,2383,0,153,98934,35.00,-6.44,-6.17
395636,1703,0,141,98943,35.00,-6.44,-6.21
395658,1979,0,151,98949,35.00,-6.45,-6.21
395680,2301,0,159,98955,35.00,-6.40,-6.20
395702,2537,0,163,98976,35.00,-6.41,-6.22
395724,2391,0,157,99025,35.00,-6.41,-6.18
395767,2187,0,139,99224,35.00,-6.43,-6.22
395789,1639,0,125,99174,35.00,-6.46,-6.18
395811,1368,0,121,98865,35.00,-6.41,-6.19
395833,1427,0,126,98282,35.00,-6.44,-6.19
395855,1543,0,141,97739,35.00,-6.44,-6.23
395877,1846,0,151,97398,35.00,-6.45,-6.18
395899,2181,0,157,97311,35.00,-6.42,-6.20
395921,2421,0,159,97383,35.00,-6.42,-6.20
395943,2491,0,159,97567,35.00,-6.42,-6.17
395965,2298,0,151,97849,35.00,-6.44,-6.22
396347,1919,0,136,98409,37.08,-6.42,-6.22
396388,1495,0,120,99126,35.00,-6.42,-6.22
396410,1389,0,119,99097,35.00,-6.41,-6.21
396432,1355,0,125,99068,35.00,-6.47,-6.18
396454,1547,0,138,99110,35.00,-6.44,-6.19
396476,1775,0,142,99222,35.00,-6.44,-6.19
396498,2129,0,155,99269,35.00,-6.47,-6.23
396520,2421,0,159,98955,35.00,-6.43,-6.20
396542,2501,0,157,98294,35.00,-6.47,-6.20
396564,2292,0,152,97671,35.00,-6.43,-6.22
396586,1975,0,141,97297,35.00,-6.46,-6.17
396629,1567,0,122,97445,35.00,-6.43,-6.17
396651,1294,0,120,97698,35.00,-6.49,-6.19
396673,1371,0,133,97955,35.00,-6.42,-6.16
396695,1652,0,147,98143,35.00,-6.44,-6.19
396717,2029,0,153,98324,35.00,-6.43,-6.25
396739,2335,0,159,98525,35.00,-6.46,-6.16
396761,2429,0,158,98623,35.00,-6.43,-6.16
396783,2299,0,152,98617,35.00,-6.39,-6.21
396805,2020,0,137,98537,35.00,-6.42,-6.24
396827,1652,0,137,98434,35.00,-6.47,-6.19
396869,1389,0,121,98590,35.00,-6.41,-6.16
396891,1263,0,125,98651,35.00,-6.43,-6.25
396913,1455,0,138,98733,35.00,-6.46,-6.20
396935,1864,0,152,98818,35.00,-6.43,-6.18
396957,2207,0,154,98873,35.00,-6.41,-6.18
396979,2429,0,163,98908,35.00,-6.46,-6.19
397363,2545,0,159,98927,36.98,-6.45,-6.19
397391,1929,0,133,97995,35.00,-6.43,-6.21
397413,1622,0,142,98157,35.00,-6.44,-6.23
397435,2006,0,153,98302,35.00,-6.45,-6.23
397457,2408,0,164,98391,35.00,-6.43,-6.20
397479,2573,0,166,98421,35.00,-6.44,-6.20
397501,2429,0,157,98372,35.00,-6.42,-6.20
397523,2215,0,147,98306,35.00,-6.39,-6.18
397545,1851,0,135,98282,35.00,-6.44,-6.17
397567,1711,0,131,98315,35.00,-6.44,-6.16
397589,1455,0,123,98347,35.00,-6.42,-6.19
397631,1327,0,133,98627,35.00,-6.43,-6.19
397653,1691,0,159,98663,35.00,-6.45,-6.19
397675,2043,0,153,98687,35.00,-6.46,-6.23
397697,2251,0,168,98724,35.00,-6.45,-6.22
397719,2381,0,163,98783,35.00,-6.44,-6.18
397741,2427,0,156,98800,35.00,-6.43,-6.23
397763,2131,0,145,98850,35.00,-6.45,-6.16
397785,1657,0,133,98926,35.00,-6.45,-6.20
397807,1380,0,125,98966,35.00,-6.44,-6.17
397829,1319,0,127,98972,35.00,-6.44,-6.18
397851,1471,0,139,98977,35.00,-6.44,-6.18
397892,1875,0,143,98555,35.00,-6.42,-6.21
397914,1821,0,153,97946,35.00,-6.43,-6.19
397936,2218,0,163,97437,35.00,-6.44,-6.21
397958,2439,0,167,97187,35.00,-6.43,-6.21
397980,2471,0,157,97154,35.00,-6.42,-6.18
398381,2205,0,142,97225,36.92,-6.46,-6.20
398413,1850,0,135,98617,35.00,-6.44,-6.20
398435,2191,0,160,98618,35.00,-6.42,-6.19
398457,2404,0,165,98586,35.00,-6.44,-6.21
398479,2483,0,158,98573,35.00,-6.44,-6.16
398501,2223,0,147,98525,35.00,-6.45,-6.22
398523,1799,0,127,98325,35.00,-6.40,-6.18
398545,1503,0,125,97826,35.00,-6.46,-6.20
398567,1259,0,121,97261,35.00,-6.38,-6.18
398589,1403,0,133,96852,35.00,-6.44,-6.20
398611,1637,0,143,96710,35.00,-6.43,-6.16
398633,1939,0,149,96820,35.00,-6.41,-6.20
398674,2261,0,159,97513,35.00,-6.44,-6.20
398696,2301,0,155,97714,35.00,-6.43,-6.17
398718,2477,0,159,97863,35.00,-6.41,-6.19
398740,2333,0,146,97966,35.00,-6.45,-6.22
398762,1944,0,133,98069,35.00,-6.43,-6.18
398784,1559,0,123,98101,35.00,-6.43,-6.19
398806,1306,0,121,98122,35.00,-6.44,-6.18
398828,1365,0,127,98119,35.00,-6.48,-6.19
398850,1517,0,143,98122,35.00,-6.44,-6.18
398872,1898,0,153,98142,35.00,-6.43,-6.22
398915,2312,0,160,98352,35.00,-6.40,-6.19
398937,2489,0,158,98497,35.00,-6.67,-6.43
398959,2271,0,151,98646,35.00,-6.46,-6.19
398981,2110,0,139,98773,35.00,-6.41,-6.19
399399,1619,0,125,98898,37.11,-6.39,-6.21
399436,1823,0,135,99411,35.00,-6.45,-6.19
399458,2531,0,155,99418,35.00,-6.43,-6.18
399480,2229,0,145,99461,35.00,-6.44,-6.15
399502,1690,0,123,99475,35.00,-6.38,-6.14
399524,1289,0,126,99557,35.00,-6.47,-6.23
399546,1173,0,125,99636,35.00,-6.43,-6.20
399568,1717,0,146,99736,35.00,-6.46,-6.17
399590,1852,0,149,99800,35.00,-6.32,-6.17
399612,1979,0,163,99839,35.00,-6.43,-6.18
399634,2516,0,167,99880,35.00,-6.43,-6.23
399656,2263,0,159,99925,35.00,-6.45,-6.15
399697,2212,0,149,99957,35.00,-6.48,-6.23
399719,2223,0,147,99985,35.00,-6.42,-6.22
399741,1781,0,135,99985,35.00,-6.50,-6.22
399763,1571,0,127,99985,35.00,-6.47,-6.24
399785,1394,0,125,99985,35.00,-6.43,-6.19
399807,1257,0,125,99985,35.00,-6.41,-6.16
399829,1903,0,150,99985,35.00,-6.41,-6.22
399851,2063,0,156,99454,35.00,-6.44,-6.22
399873,2565,0,167,98758,35.00,-6.48,-6.21
399895,2807,0,167,98278,35.00,-6.46,-6.22
399937,2736,0,160,98376,35.00,-6.44,-6.17
399959,2342,0,145,98617,35.00,-6.43,-6.18
399981,1767,0,134,98824,35.00,-6.44,-6.21
400416,1301,0,119,99032,37.29,-6.45,-6.19
400459,1891,0,141,99032,35.00,-6.43,-6.22
400481,1883,0,133,99768,35.00,-6.43,-6.21
400503,1207,0,122,99174,35.00,-6.47,-6.20
400525,778,0,125,98496,35.00,-6.44,-6.22
400547,1387,0,139,98003,35.00,-6.72,-6.46
400569,503,0,138,97797,35.00,-6.65,-6.28
400591,2716,0,175,97837,35.00,-6.49,-6.23
400613,3683,0,183,98003,35.00,-6.46,-6.22
400635,3222,0,168,98238,35.00,-6.44,-6.21
400657,2403,0,147,98440,35.00,-6.44,-6.15
400700,1130,0,127,98846,35.00,-6.45,-6.20
400722,4037,0,197,98964,35.00,-6.98,-6.25
400744,4095,0,167,99053,35.00,-6.60,-6.26
400766,2459,0,139,99095,35.00,-6.54,-6.16
400788,4095,0,173,99082,35.00,-6.46,-6.09
400810,4095,0,179,99032,35.00,-6.21,-6.14
400832,563,0,133,99065,35.00,-6.74,-6.18
400854,4095,0,180,99177,35.00,-6.31,-6.12
400876,2905,0,152,99239,35.00,-6.43,-6.18
400898,4095,0,167,99286,35.00,-6.42,-6.17
400940,4095,0,164,99567,35.00,-6.60,-6.24
400962,4095,0,167,99617,35.00,-6.24,-6.14
400984,0,0,115,99692,35.00,-6.42,-6.22
401688,4095,0,198,99803,36.70,-6.46,-6.23
401722,3857,0,185,99803,35.00,-6.48,-6.12
401744,1977,0,136,99803,35.00,-6.44,-6.09
401766,3053,0,164,99803,35.00,-6.50,-6.09
401788,3883,0,175,99563,35.00,-6.47,-6.11
401810,4095,0,174,98892,35.00,-6.78,-6.19
401832,4095,0,173,98433,35.00,-6.52,-6.11
401854,4095,0,171,98250,35.00,-6.47,-6.11
401876,3485,0,152,98247,35.00,-6.44,-6.08
401898,4095,0,167,98369,35.00,-6.36,-6.09
401920,4095,0,164,98576,35.00,-6.50,-6.12
401942,4095,0,167,98851,35.00,-6.54,-6.13
401983,4095,0,170,99447,35.00,-6.50,-6.13
402706,4095,0,168,99468,36.64,-6.50,-6.06
402745,4095,0,181,99814,35.00,-6.35,-6.22
402767,1287,0,137,99850,35.00,-6.42,-6.11
402789,1693,0,160,99911,35.00,-6.47,-6.18
402811,2265,0,155,99969,35.00,-6.43,-6.13
402833,1605,0,139,99969,35.00,-6.47,-6.16
402855,1597,0,133,99969,35.00,-6.41,-6.15
402877,1016,0,119,99969,35.00,-6.43,-6.15
402899,805,0,109,99969,35.00,-6.46,-6.10
402921,439,0,113,99969,35.00,-6.48,-6.01
402943,763,0,132,99969,35.00,-6.42,-6.12
402986,1404,0,143,99969,35.00,-6.39,-6.13
403724,2107,0,159,99969,36.79,-6.44,-6.15
403749,2281,0,157,98569,35.00,-6.45,-6.12
403771,2567,0,152,98922,35.00,-6.46,-6.15
403793,2199,0,137,99137,35.00,-6.44,-6.10
403815,1871,0,124,99328,35.00,-6.40,-6.19
403837,1277,0,117,99533,35.00,-6.45,-6.13
403859,1531,0,126,99743,35.00,-6.45,-6.14
403881,1023,0,125,99836,35.00,-6.44,-6.10
403903,1603,0,149,99817,35.00,-6.43,-6.12
403925,2213,0,157,99791,35.00,-6.39,-6.10
403947,2899,0,167,99785,35.00,-6.43,-6.12
403988,3427,0,173,99799,35.00,-6.63,-6.26
404741,2659,0,165,99815,36.87,-6.47,-6.20
404770,1677,0,141,99815,35.00,-6.51,-6.16
404792,2747,0,152,99815,35.00,-6.46,-6.19
404814,1507,0,117,99815,35.00,-6.48,-6.12
404836,1926,0,126,99815,35.00,-6.46,-6.13
404858,1949,0,133,99815,35.00,-6.44,-6.12
404880,1589,0,135,99815,35.00,-6.44,-6.11
404902,1865,0,147,99815,35.00,-6.44,-6.14
404924,2393,0,160,99815,35.00,-6.53,-6.13
404946,2189,0,166,99815,35.00,-6.52,-6.16
404968,2292,0,157,99685,35.00,-6.40,-6.13
404990,2950,0,163,99089,35.00,-6.54,-6.18
405031,1557,0,119,99005,35.00,-6.43,-6.12
405053,1753,0,133,99282,35.00,-6.43,-6.13
405075,1197,0,120,99518,35.00,-6.48,-6.10
405097,855,0,113,99665,35.00,-6.51,-6.15
405119,1194,0,125,99744,35.00,-6.42,-6.11
405141,1272,0,136,99776,35.00,-6.46,-6.14
405163,1596,0,147,99887,35.00,-6.50,-6.11
405185,1059,0,139,99901,35.00,-6.42,-6.14
405207,1893,0,150,99919,35.00,-6.45,-6.16
405229,1915,0,147,99979,35.00,-6.45,-6.15
405272,1092,0,123,99783,35.00,-6.41,-6.13
405294,1141,0,119,99681,35.00,-6.47,-6.10
405316,985,0,119,99766,35.00,-6.50,-6.22
405338,327,0,121,99894,35.00,-6.47,-6.11
405360,1269,0,141,99894,35.00,-6.50,-6.05
405382,0,0,123,99894,35.00,-6.43,-6.14
405404,2043,0,169,99894,35.00,-6.47,-6.13
405426,1837,0,159,99894,35.00,-6.44,-6.17
405448,1812,0,153,99894,35.00,-6.56,-6.17
405470,1784,0,139,99894,35.00,-6.43,-6.14
405512,1490,0,125,99894,35.00,-6.44,-6.13
405534,958,0,111,99840,35.00,-6.43,-6.13
405556,2736,0,147,99227,35.00,-6.45,-6.14
405578,3180,0,155,98840,35.00,-6.44,-6.12
405600,3537,0,172,98764,35.00,-6.46,-6.13
405622,3723,0,175,98880,35.00,-6.44,-6.16
405644,3987,0,181,99060,35.00,-6.45,-6.15
405666,4095,0,185,99291,35.00,-6.45,-6.20
405688,3924,0,174,99511,35.00,-6.46,-6.14
405710,3187,0,152,99605,35.00,-6.44,-6.12
405732,1901,0,127,99711,35.00,-6.44,-6.14
405773,1225,0,120,99958,35.00,-6.40,-6.14
405795,1223,0,120,99938,35.00,-6.47,-6.13
405817,2584,0,153,99907,35.00,-6.41,-6.15
405839,1893,0,137,99909,35.00,-6.42,-6.07
405861,4095,0,189,99949,35.00,-6.57,-6.08
405883,2835,0,157,99980,35.00,-6.43,-6.22
405905,1060,0,125,99980,35.00,-6.39,-6.13
405927,1271,0,152,99980,35.00,-6.46,-6.10
405949,3429,0,165,99980,35.00,-6.37,-6.08
405971,1465,0,123,99980,35.00,-6.45,-6.14
406522,1417,0,133,99980,37.07,-6.51,-6.12
406555,3255,0,163,99929,35.00,-6.43,-6.16
406577,975,0,122,99984,35.00,-6.56,-6.16
406599,230,0,123,99984,35.00,-6.34,-6.49
406621,2647,0,181,99984,35.00,-6.32,-6.85
406643,4095,0,187,99984,35.00,-5.53,-6.80
406665,4095,0,176,99984,35.00,-6.98,-6.82
406687,2301,0,137,99984,35.00,-6.11,-6.86
406709,0,0,118,99984,35.00,-7.26,-4.53
406731,0,0,121,99984,35.00,-6.33,-6.26
406753,151,0,116,99984,35.00,-6.35,-6.29
406796,0,0,119,98662,35.00,-5.92,-7.50
406818,2287,0,153,98263,35.00,-7.18,-4.19
406840,4095,0,173,98150,35.00,-6.02,-6.70
406862,4095,0,175,98223,35.00,-6.33,-6.49
406884,1523,0,143,98397,35.00,-6.39,-6.35
406906,2579,0,160,98618,35.00,-6.32,-6.30
406928,2531,0,150,98760,35.00,-6.37,-6.33
406950,1907,0,135,98856,35.00,-6.39,-6.32
406972,1387,0,125,98911,35.00,-6.39,-6.30
406994,1433,0,126,98986,35.00,-6.38,-6.33
407036,1459,0,136,98773,35.00,-6.38,-6.33
407058,1891,0,151,98711,35.00,-6.37,-6.34
407080,1991,0,158,98764,35.00,-6.36,-6.35
407102,2199,0,159,98844,35.00,-6.39,-6.34
407124,2235,0,159,98891,35.00,-6.38,-6.32
407146,1645,0,145,98969,35.00,-6.35,-6.34
407168,7,0,106,99117,35.00,-6.49,-6.46
407190,2329,0,159,99257,35.00,-6.28,-6.38
407212,2957,0,140,99371,35.00,-6.41,-6.44
407234,4095,0,171,99501,35.00,-6.80,-6.33
407256,4095,0,165,99643,35.00,-6.98,-7.85
407297,4095,0,173,99978,35.00,-7.83,-4.28
407319,4095,0,175,99978,35.00,-7.38,-6.14
407341,2445,0,173,99978,35.00,-6.19,-6.28
407363,1021,0,139,99978,35.00,-6.41,-6.46
407385,1050,0,149,99978,35.00,-6.42,-6.41
407407,1480,0,140,99978,35.00,-6.32,-6.38
407429,1767,0,139,99738,35.00,-6.40,-6.39
407451,827,0,117,99047,35.00,-6.47,-6.38
407473,575,0,121,98409,35.00,-6.37,-6.36
407495,3,0,117,98067,35.00,-6.40,-6.38
407537,0,0,125,98370,35.00,-6.36,-6.33
407559,493,0,141,98657,35.00,-6.35,-6.32
407581,552,0,145,98941,35.00,-6.38,-6.37
407603,527,0,140,99216,35.00,-6.33,-6.40
407625,71,0,123,99487,35.00,-6.36,-6.39
407647,0,0,115,99721,35.00,-6.36,-6.38
407669,837,0,117,99838,35.00,-6.38,-6.38
407691,789,0,115,99858,35.00,-6.36,-6.37
407713,61,0,103,99934,35.00,-6.32,-6.36
407735,1144,0,135,99934,35.00,-6.33,-6.36
407757,1436,0,141,99934,35.00,-6.35,-6.36
407798,2025,0,152,99934,35.00,-6.34,-6.32
407820,2184,0,159,99934,35.00,-6.36,-6.31
407842,2504,0,163,99934,35.00,-6.39,-6.33
407864,2299,0,156,99934,35.00,-6.18,-6.32
407886,2347,0,148,99934,35.00,-6.40,-6.29
407908,1502,0,133,99934,35.00,-6.44,-6.30
407930,2199,0,135,99934,35.00,-6.49,-6.28
407952,1221,0,111,99934,35.00,-6.33,-6.31
407974,1005,0,139,99934,35.00,-6.30,-6.44
407996,4095,0,175,99934,35.00,-7.13,-5.57
408557,2675,0,153,99934,36.88,-5.89,-4.96
408587,2975,0,171,99934,35.00,-6.42,-6.14
408609,2251,0,123,99934,35.00,-6.42,-6.14
408631,1381,0,113,99934,35.00,-6.43,-6.14
408653,925,0,115,99934,35.00,-6.43,-6.20
408675,504,0,119,99934,35.00,-6.39,-6.18
408697,0,0,127,99934,35.00,-6.36,-6.20
408719,0,0,133,99934,35.00,-6.37,-6.16
408761,2367,0,171,99934,35.00,-6.40,-6.20
408783,4095,0,169,99934,35.00,-6.42,-6.17
408805,3491,0,153,99934,35.00,-6.43,-6.18
408827,3002,0,139,99934,35.00,-6.40,-6.20
408849,1333,0,111,99934,35.00,-6.42,-6.17
408871,1017,0,117,99934,35.00,-6.45,-6.24
408893,1251,0,133,99934,35.00,-6.42,-6.21
408915,1097,0,137,99934,35.00,-6.39,-6.18
408937,437,0,139,99934,35.00,-6.37,-6.19
408959,2023,0,157,99934,35.00,-6.44,-6.18
409575,1733,0,153,99934,37.02,-6.45,-6.22
409606,1941,0,156,99934,35.00,-6.41,-6.20
409628,1043,0,115,99934,35.00,-6.37,-6.22
409650,953,0,115,99934,35.00,-6.44,-6.17
409672,1065,0,121,99934,35.00,-6.39,-6.20
409694,1457,0,139,99934,35.00,-6.41,-6.16
409716,1303,0,143,99934,35.00,-6.38,-6.23
409738,2508,0,167,99934,35.00,-6.39,-6.22
409760,2685,0,167,99934,35.00,-6.41,-6.19
409782,2681,0,166,99934,35.00,-6.39,-6.21
409823,2367,0,139,99934,35.00,-6.36,-6.21
409845,2025,0,135,99934,35.00,-6.39,-6.22
409867,1613,0,120,99934,35.00,-6.43,-6.22
409889,1259,0,119,99934,35.00,-6.41,-6.23
409911,1350,0,123,99934,35.00,-6.41,-6.22
409933,1548,0,141,99934,35.00,-6.43,-6.18
409955,1947,0,150,99934,35.00,-6.40,-6.22
409977,2442,0,163,99934,35.00,-6.42,-6.24
409999,2683,0,169,99934,35.00,-6.41,-6.23
410021,2923,0,167,99934,35.00,-6.38,-6.22
410043,2596,0,148,99934,35.00,-6.36,-6.20
410084,2065,0,133,99934,35.00,-6.39,-6.22
410106,1819,0,123,99934,35.00,-6.46,-6.21
410128,1207,0,111,99934,35.00,-6.40,-6.18
410150,1177,0,117,99934,35.00,-6.40,-6.22
410172,1351,0,133,99934,35.00,-6.38,-6.22
410194,1725,0,143,99934,35.00,-6.39,-6.17
410216,1641,0,147,99934,35.00,-6.41,-6.23
410238,2287,0,171,99934,35.00,-6.35,-6.26
410260,2902,0,167,99934,35.00,-6.42,-6.20
410282,2634,0,151,99934,35.00,-6.41,-6.18
410304,2137,0,137,99934,35.00,-6.40,-6.21
410345,1652,0,121,99934,35.00,-6.39,-6.22
410367,1149,0,115,99934,35.00,-6.40,-6.18
410389,1067,0,137,99934,35.00,-6.43,-6.20
410411,1464,0,132,99934,35.00,-6.41,-6.21
410433,2055,0,145,99934,35.00,-6.39,-6.18
410455,2101,0,151,99934,35.00,-6.36,-6.20
410477,2572,0,167,99934,35.00,-6.36,-6.18
410499,2279,0,157,99934,35.00,-6.37,-6.20
410521,2489,0,155,99934,35.00,-6.39,-6.21
410543,2236,0,143,99934,35.00,-6.34,-6.21
410585,1735,0,123,99934,35.00,-6.40,-6.20
410607,1285,0,117,99934,35.00,-6.37,-6.20
410629,1171,0,117,99934,35.00,-6.41,-6.18
410651,939,0,123,99934,35.00,-6.39,-6.21
410673,1615,0,141,99934,35.00,-6.49,-6.23
410695,1493,0,147,99934,35.00,-6.39,-6.22
410717,2575,0,167,99934,35.00,-6.37,-6.21
410739,2586,0,163,99934,35.00,-6.40,-6.19
410761,2585,0,153,99934,35.00,-6.43,-6.18
410783,2405,0,139,99934,35.00,-6.38,-6.19
410805,1497,0,119,99934,35.00,-6.39,-6.22
410846,989,0,115,99934,35.00,-6.41,-6.21
410868,704,0,112,99934,35.00,-6.36,-6.22
410890,1065,0,124,99934,35.00,-6.36,-6.19
410912,1267,0,134,99934,35.00,-6.38,-6.19
410934,1695,0,148,99934,35.00,-6.40,-6.21
410956,2175,0,159,99934,35.00,-6.40,-6.20
410978,2860,0,171,99934,35.00,-6.41,-6.20
411355,2874,0,167,99934,36.73,-6.37,-6.23
411387,2443,0,167,99934,35.00,-6.42,-6.22
411409,4095,0,180,99934,35.00,-6.37,-6.21
411431,2001,0,135,99934,35.00,-6.37,-6.23
411453,2326,0,155,99934,35.00,-6.40,-6.22
411475,2629,0,159,99934,35.00,-6.40,-6.21
411497,2659,0,171,99934,35.00,-6.35,-6.24
411519,3117,0,172,99934,35.00,-6.41,-6.23
411541,2907,0,154,99934,35.00,-6.40,-6.18
411563,1589,0,133,99934,35.00,-6.33,-6.15
411585,1083,0,118,99934,35.00,-6.36,-6.18
411607,1311,0,121,99934,35.00,-6.33,-6.22
411648,2643,0,149,99934,35.00,-6.39,-6.20
411670,1195,0,135,99934,35.00,-6.38,-6.19
411692,1389,0,147,99934,35.00,-6.37,-6.18
411714,1803,0,155,99934,35.00,-6.40,-6.22
411736,1323,0,150,99934,35.00,-6.37,-6.20
411758,565,0,139,99934,35.00,-6.38,-6.17
411780,1874,0,154,99934,35.00,-6.37,-6.17
411802,1321,0,127,99934,35.00,-6.38,-6.18
411824,1019,0,117,99934,35.00,-6.37,-6.20
411846,0,0,103,99934,35.00,-6.41,-6.22
411868,869,0,125,99934,35.00,-6.37,-6.16
411909,415,0,125,99934,35.00,-6.41,-6.18
411931,887,0,133,99934,35.00,-6.40,-6.16
411953,1227,0,148,99934,35.00,-6.39,-6.23
411975,2697,0,171,99934,35.00,-6.41,-6.23
411997,2678,0,171,99934,35.00,-6.36,-6.23
412373,2037,0,158,99934,37.02,-6.42,-6.19
412410,2908,0,176,99934,35.00,-6.37,-6.21
412432,1549,0,149,99934,35.00,-6.36,-6.16
412454,1839,0,159,99934,35.00,-6.40,-6.21
412476,2582,0,171,99934,35.00,-6.38,-6.20
412498,3417,0,179,99934,35.00,-6.42,-6.21
412520,2979,0,157,99934,35.00,-6.39,-6.24
412542,2251,49688,127,99934,35.00,-6.44,-6.20
412564,759,16352,118,99934,35.00,-6.38,-6.21
412586,1111,5440,127,99934,35.00,-6.41,-6.17
412608,1745,2176,139,99934,35.00,-6.39,-6.18
412630,2155,512,151,99934,35.00,-6.38,-6.20
412671,2068,512,153,99934,35.00,-6.38,-6.18
412693,1959,512,156,99934,35.00,-6.39,-6.17
412715,2293,512,159,99934,35.00,-6.40,-6.20
412737,2375,512,155,99934,35.00,-6.39,-6.19
412759,2555,512,155,99934,35.00,-6.43,-6.22
412781,2266,512,149,99934,35.00,-6.41,-6.15
412803,1589,512,121,99934,35.00,-6.39,-6.22
412825,1421,512,121,99934,35.00,-6.36,-6.20
412847,1017,512,121,99934,35.00,-6.39,-6.21
412869,1434,512,141,99934,35.00,-6.40,-6.21
412911,1773,512,153,99807,35.00,-6.39,-6.24
412933,2331,512,167,99807,35.00,-6.41,-6.21
412955,2477,512,167,99807,35.00,-6.39,-6.20
412977,3059,512,175,99807,35.00,-6.40,-6.25
412999,2871,512,163,99807,35.00,-6.39,-6.20
413021,2405,512,139,99807,35.00,-6.42,-6.21
413043,1944,57400,135,99807,35.00,-6.40,-6.18
413065,1577,18192,127,99807,35.00,-6.38,-6.27
413087,1173,5952,119,99807,35.00,-6.40,-6.18
413109,1814,2176,148,99807,35.00,-6.41,-6.18
413131,2039,512,157,99807,35.00,-6.36,-6.22
413172,1787,0,163,99807,35.00,-6.38,-6.20
413194,3295,0,185,99807,35.00,-6.39,-6.18
413216,3411,0,179,99807,35.00,-6.38,-6.17
413238,2889,0,155,99807,35.00,-6.40,-6.17
413260,4095,0,169,99807,35.00,-6.39,-6.22
413282,4095,0,165,99807,35.00,-6.41,-6.18
413304,1451,0,118,99807,35.00,-6.42,-6.12
413326,1885,0,146,99807,35.00,-6.41,-6.23
413348,1357,0,138,99807,35.00,-6.38,-6.18
413370,2955,0,168,99807,35.00,-6.40,-6.18
413413,4095,0,184,99807,35.00,-6.39,-6.20
413435,4095,0,171,99807,35.00,-6.35,-6.17
413457,744,0,133,99807,35.00,-6.40,-6.19
413479,0,0,121,99629,35.00,-6.39,-6.16
413501,3303,0,179,99442,35.00,-6.20,-6.11
413523,4095,0,164,99494,35.00,-6.40,-6.20
413545,0,0,99,99679,35.00,-6.33,-6.17
413567,0,0,125,99885,35.00,-6.43,-6.14
413589,0,0,133,99989,35.00,-6.48,-6.15
413611,0,0,135,99989,35.00,-6.35,-6.20
413653,4095,0,205,99989,35.00,-6.41,-6.17
413675,0,0,135,99989,35.00,-6.39,-6.22
413697,0,0,127,99989,35.00,-6.38,-6.24
413719,3339,0,186,99989,35.00,-6.38,-6.20
413741,3241,0,152,99951,35.00,-6.49,-6.14
413763,0,0,103,99878,35.00,-6.39,-6.16
413785,381,0,133,99903,35.00,-6.35,-6.21
413807,3689,0,170,99999,35.00,-6.54,-6.13
413829,0,0,119,99999,35.00,-6.30,-6.21
413851,0,0,137,99999,35.00,-6.46,-6.18
413873,0,0,136,99999,35.00,-6.38,-6.20
413914,2039,0,179,99999,35.00,-6.40,-6.22
413936,4095,0,175,99999,35.00,-6.44,-6.22
413958,1208,0,135,99999,35.00,-6.42,-6.25
413980,2091,0,153,99999,35.00,-6.36,-6.25
414408,1501,0,125,99999,37.24,-6.40,-6.22
414437,0,0,141,99999,35.00,-6.36,-6.31
414459,4095,0,171,99999,35.00,-6.37,-6.32
414481,4095,0,167,99999,35.00,-6.33,-6.31
414503,3359,0,153,99999,35.00,-6.35,-6.33
414525,1482,0,125,99999,35.00,-6.39,-6.30
414547,1015,0,133,99999,35.00,-6.35,-6.31
414569,1407,0,148,99999,35.00,-6.42,-6.30
414591,2155,0,169,99999,35.00,-6.40,-6.32
414613,0,0,125,99999,35.00,-6.34,-6.31
414635,3619,0,181,99999,35.00,-6.37,-6.27
414676,3032,0,157,99999,35.00,-6.36,-6.34
414698,2981,0,163,99999,35.00,-6.44,-6.29
414720,3387,0,152,99999,35.00,-6.50,-6.33
414742,1852,0,119,99999,35.00,-6.40,-6.27
414764,4007,0,168,99999,35.00,-6.32,-6.32
414786,633,0,117,99999,35.00,-6.40,-6.34
414808,242,0,135,99999,35.00,-6.37,-6.33
414830,1383,0,160,99999,35.00,-6.39,-6.28
414852,2699,0,179,99999,35.00,-6.34,-6.31
414874,2366,0,157,99999,35.00,-6.31,-6.31
414917,2228,0,147,99999,35.00,-6.36,-6.33
414939,649,0,118,99999,35.00,-6.34,-6.32
414961,1647,0,131,99999,35.00,-6.43,-6.30
414983,1139,0,118,99999,35.00,-6.38,-6.34
415426,0,0,115,99999,37.38,-6.35,-6.38
415458,726,0,141,99999,35.00,-6.39,-6.26
415480,1051,0,115,99999,35.00,-6.41,-6.25
415502,3615,0,167,99999,35.00,-6.40,-6.24
415524,0,0,95,99999,35.00,-6.43,-6.30
415546,800,0,135,99999,35.00,-6.43,-6.24
415568,2237,0,155,99999,35.00,-6.40,-6.27
415590,2957,0,187,99999,35.00,-6.38,-6.28
415612,1507,0,137,99999,35.00,-6.36,-6.26
415634,1031,0,139,99999,35.00,-6.40,-6.26
415656,1323,0,137,99999,35.00,-6.42,-6.25
415699,2015,0,154,99999,35.00,-6.35,-6.25
415721,2718,0,135,99999,35.00,-6.40,-6.26
415743,0,0,111,99999,35.00,-6.37,-6.29
415765,994,0,149,99999,35.00,-6.41,-6.29
415787,0,0,127,99999,35.00,-6.37,-6.30
415809,4095,0,197,99999,35.00,-6.40,-6.22
415831,4095,0,179,99999,35.00,-6.36,-6.25
415853,2265,0,165,99999,35.00,-6.40,-6.28
415875,0,0,120,99999,35.00,-6.42,-6.25
415897,0,0,121,99999,35.00,-6.39,-6.26
415939,1436,0,137,99999,35.00,-6.41,-6.26
415961,2861,0,149,99999,35.00,-6.42,-6.30
415983,857,0,110,99999,35.00,-6.42,-6.26
416698,0,0,132,99999,37.00,-6.41,-6.25
416722,0,0,90,99999,35.00,-6.35,-6.26
416744,587,0,137,99999,35.00,-6.69,-6.30
416766,1989,0,189,99999,35.00,-6.31,-6.30
416788,1355,0,183,99999,35.00,-6.38,-6.33
416810,199,0,181,99999,35.00,-6.34,-6.32
416832,0,0,155,99999,35.00,-6.35,-6.28
416854,355,0,147,99999,35.00,-6.32,-6.30
416876,1752,0,148,99999,35.00,-6.39,-6.28
416898,629,0,115,99999,35.00,-6.40,-6.34
416920,0,0,120,99999,35.00,-6.41,-6.36
416962,0,0,133,99999,35.00,-6.41,-6.36
416984,0,0,135,99999,35.00,-6.37,-6.28
417716,0,0,138,99999,36.99,-6.35,-6.26
417744,1263,0,117,99999,35.00,-6.43,-6.22
417766,1883,0,163,99999,35.00,-6.43,-6.23
417788,2356,0,170,99999,35.00,-6.43,-6.25
417810,2459,0,160,99999,35.00,-6.41,-6.24
417832,2521,0,157,99999,35.00,-6.37,-6.25
417854,2587,0,153,99999,35.00,-6.42,-6.22
417876,2105,0,123,99999,35.00,-6.41,-6.21
417898,2011,0,133,99999,35.00,-6.43,-6.24
417920,1703,0,127,99999,35.00,-6.40,-6.23
417942,1835,0,145,99999,35.00,-6.41,-6.22
417984,2106,0,154,99999,35.00,-6.42,-6.24
418733,2669,0,175,99999,37.56,-6.39,-6.23
418767,1436,0,117,99999,35.00,-6.44,-6.22
418789,2791,0,167,99999,35.00,-6.38,-6.24
418811,2364,0,147,99999,35.00,-6.46,-6.26
418833,1799,0,124,99999,35.00,-6.42,-6.27
418855,1143,0,115,99999,35.00,-6.40,-6.21
418877,799,0,111,99999,35.00,-6.37,-6.22
418899,1061,0,121,99999,35.00,-6.39,-6.21
418921,1575,0,138,99999,35.00,-6.40,-6.24
418943,2227,0,156,99999,35.00,-6.39,-6.23
418965,2606,0,169,99999,35.00,-6.38,-6.22
419751,2517,0,167,99999,37.20,-6.40,-6.22
419789,1567,0,118,99999,35.00,-6.41,-6.22
419811,1875,0,135,99999,35.00,-6.41,-6.22
419833,1405,0,123,99999,35.00,-6.39,-6.26
419855,891,0,111,99999,35.00,-6.36,-6.22
419877,733,0,120,99999,35.00,-6.41,-6.26
419899,966,0,139,99999,35.00,-6.40,-6.26
419921,1469,0,151,99999,35.00,-6.37,-6.26
419943,2083,0,169,99999,35.00,-6.41,-6.28
419965,2459,0,172,99999,35.00,-6.40,-6.25
419987,2811,0,171,99999,35.00,-6.42,-6.26
420514,2539,0,158,99999,36.65,-6.41,-6.27
420551,1065,0,121,99999,35.00,-6.38,-6.24
420573,1160,0,117,99999,35.00,-6.36,-6.29
420595,946,0,117,99999,35.00,-6.41,-6.24
420617,973,0,122,99999,35.00,-6.41,-6.25
420639,1443,0,141,99999,35.00,-6.39,-6.26
420661,1951,0,159,99999,35.00,-6.41,-6.24
420683,2491,0,171,99999,35.00,-6.37,-6.25
420705,2949,0,173,99999,35.00,-6.38,-6.28
420727,2807,0,169,99999,35.00,-6.41,-6.25
420749,2283,0,146,99999,35.00,-6.40,-6.29
420792,1597,0,125,99999,35.00,-6.39,-6.25
420814,957,0,116,99999,35.00,-6.36,-6.28
420836,950,0,122,99999,35.00,-6.39,-6.30
420858,1289,0,141,99999,35.00,-6.36,-6.24
420880,1861,0,155,99999,35.00,-6.39,-6.24
420902,2311,0,169,99999,35.00,-6.40,-6.23
420924,2729,0,181,99999,35.00,-6.39,-6.26
420946,2781,0,171,99999,35.00,-6.40,-6.29
420968,2523,0,159,99999,35.00,-6.38,-6.25
420990,2021,0,139,99999,35.00,-6.41,-6.26
421032,1273,0,120,99999,35.00,-6.42,-6.27
421054,793,0,119,99999,35.00,-6.36,-6.30
421076,1053,0,127,99999,35.00,-6.39,-6.25
421098,1519,0,148,99999,35.00,-6.39,-6.24
421120,1789,0,152,99999,35.00,-6.41,-6.27
421142,2591,0,174,99999,35.00,-6.42,-6.24
421164,2779,0,171,99999,35.00,-6.34,-6.28
421186,2875,0,165,99999,35.00,-6.38,-6.27
421208,2427,0,149,99999,35.00,-6.41,-6.27
421230,1865,0,126,99999,35.00,-6.39,-6.25
421252,1225,0,115,99999,35.00,-6.38,-6.26
421293,1064,0,122,99999,35.00,-6.39,-6.26
421315,1087,0,123,99999,35.00,-6.41,-6.22
421337,1271,0,137,99999,35.00,-6.44,-6.22
421359,1663,0,149,99999,35.00,-6.40,-6.28
421381,2196,0,167,99999,35.00,-6.39,-6.25
421403,2699,0,175,99999,35.00,-6.37,-6.24
421425,2967,0,173,99999,35.00,-6.40,-6.24
421447,2603,0,155,99999,35.00,-6.38,-6.26
421469,2057,0,139,99999,35.00,-6.40,-6.27
421491,1426,0,119,99999,35.00,-6.39,-6.22
421534,1054,0,117,99999,35.00,-6.41,-6.24
421556,1187,0,127,99999,35.00,-6.39,-6.29
421578,1591,0,147,99999,35.00,-6.40,-6.27
421600,2123,0,168,99999,35.00,-6.36,-6.27
421622,2537,0,171,99999,35.00,-6.40,-6.25
421644,2707,0,170,99999,35.00,-6.38,-6.26
421666,2695,0,163,99999,35.00,-6.39,-6.27
421688,2237,0,141,99999,35.00,-6.43,-6.29
421710,1679,0,123,99999,35.00,-6.40,-6.25
421732,1257,0,119,99999,35.00,-6.38,-6.27
421774,1067,0,117,99999,35.00,-6.40,-6.27
421796,1143,0,132,99999,35.00,-6.38,-6.26
421818,1509,0,145,99999,35.00,-6.39,-6.27
421840,2044,0,165,99999,35.00,-6.34,-6.26
421862,2475,0,168,99999,35.00,-6.38,-6.27
421884,2635,0,171,99999,35.00,-6.43,-6.26
421906,2406,0,153,99999,35.00,-6.33,-6.24
421928,2055,0,139,99999,35.00,-6.38,-6.29
421950,1437,0,123,99999,35.00,-6.40,-6.29
421972,1023,0,111,99999,35.00,-6.34,-6.23
421994,940,0,119,99999,35.00,-6.39,-6.24
422035,1295,0,135,99999,35.00,-6.41,-6.29
422057,1509,0,147,99999,35.00,-6.36,-6.28
422079,2044,0,165,99999,35.00,-6.36,-6.29
422101,2491,0,172,99999,35.00,-6.39,-6.29
422123,2936,0,175,99999,35.00,-6.40,-6.30
422145,2715,0,165,99999,35.00,-6.40,-6.28
422167,2233,0,149,99999,35.00,-6.36,-6.29
422189,1641,0,127,99999,35.00,-6.33,-6.30
422211,1106,0,121,99999,35.00,-6.40,-6.29
422233,1014,0,120,99999,35.00,-6.41,-6.34
422276,1081,0,136,99999,35.00,-6.37,-6.30
422298,1887,0,152,99999,35.00,-6.34,-6.32
422320,2457,89556,168,99999,35.00,-6.40,-6.25
422342,2750,28592,175,99999,35.00,-6.36,-6.26
422364,2607,9504,171,99999,35.00,-6.39,-6.29
422386,2451,3968,155,99999,35.00,-6.36,-6.31
422408,2029,2176,140,99999,35.00,-6.34,-6.29
422430,1437,1792,122,99999,35.00,-6.39,-6.30
422452,1019,1280,114,99999,35.00,-6.39,-6.27
422474,1252,11680,125,99999,35.00,-6.41,-6.29
422516,2413,11680,159,99999,35.00,-6.38,-6.25
422538,4095,11680,179,99999,35.00,-6.33,-6.30
422560,2315,11680,165,99999,35.00,-6.35,-6.33
422582,2533,11680,169,99999,35.00,-6.37,-6.26
422604,1941,11680,155,99999,35.00,-6.37,-6.28
422626,2533,11680,159,99999,35.00,-6.36,-6.30
422648,2943,11680,152,99999,35.00,-6.37,-6.29
422670,543,11680,102,99999,35.00,-6.37,-6.33
422692,0,11680,116,99999,35.00,-6.35,-6.30
422714,0,11680,120,99999,35.00,-6.38,-6.30
422736,0,11680,123,99999,35.00,-6.39,-6.25
422777,2833,11680,179,99999,35.00,-6.37,-6.29
422799,1831,11680,155,99999,35.00,-6.39,-6.27
422821,1647,11680,165,99999,35.00,-6.40,-6.26
422843,2595,11680,170,99999,35.00,-6.36,-6.27
422865,2277,11680,147,99999,35.00,-6.37,-6.28
422887,2619,11680,152,99999,35.00,-6.36,-6.28
422909,1875,11680,122,99999,35.00,-6.37,-6.28
422931,675,11680,111,99999,35.00,-6.35,-6.29
422953,189,11680,115,99999,35.00,-6.37,-6.29
422975,1107,11680,141,99999,35.00,-6.38,-6.33
423567,2408,11680,164,99999,37.49,-6.36,-6.27
423599,0,11680,112,99999,35.00,-6.35,-6.28
423621,1171,11680,155,99999,35.00,-6.38,-6.30
423643,357,11680,137,99999,35.00,-6.39,-6.30
423665,2301,11680,163,99999,35.00,-6.39,-6.31
423687,4095,11680,165,99999,35.00,-6.38,-6.27
423709,3544,11680,152,99999,35.00,-6.34,-6.25
423731,1827,11680,123,99999,35.00,-6.36,-6.28
423753,1619,11680,140,99999,35.00,-6.38,-6.29
423775,1305,11680,141,99999,35.00,-6.40,-6.32
423797,4095,11680,191,99999,35.00,-6.34,-6.28
423840,1637,11680,149,99999,35.00,-6.39,-6.33
423862,3397,11680,175,99999,35.00,-6.35,-6.31
423884,2695,11680,155,99999,35.00,-6.35,-6.34
423906,2152,11680,137,99999,35.00,-6.41,-6.34
423928,0,11680,100,99999,35.00,-6.36,-6.30
423950,1967,11680,149,99999,35.00,-6.38,-6.32
423972,1031,11680,118,99999,35.00,-6.36,-6.33
423994,1357,11680,143,99999,35.00,-6.37,-6.35
424584,2235,11680,159,99999,36.70,-6.37,-6.30
424622,1673,11680,119,99999,35.00,-6.38,-6.23
424644,4095,11680,158,99999,35.00,-6.37,-6.27
424666,2412,11680,120,99999,35.00,-6.40,-6.26
424688,0,11680,119,99999,35.00,-6.39,-6.29
424710,0,11680,119,99999,35.00,-6.35,-6.25
424732,1933,11680,149,99999,35.00,-6.36,-6.28
424754,2808,11680,165,99999,35.00,-6.39,-6.25
424776,4095,11680,181,99999,35.00,-6.40,-6.28
424798,2861,11680,159,99999,35.00,-6.39,-6.25
424820,2953,11680,175,99999,35.00,-6.38,-6.25
424862,4095,11680,173,99999,35.00,-6.39,-6.30
424884,0,11680,117,99999,35.00,-6.41,-6.30
424906,0,11680,121,99999,35.00,-6.37,-6.27
424928,0,11680,119,99999,35.00,-6.38,-6.30
424950,4095,11680,169,99999,35.00,-6.39,-6.26
424972,4095,11680,173,99999,35.00,-6.39,-6.32
424994,0,11680,125,99999,35.00,-6.33,-6.27
425356,0,11680,137,99999,37.23,-6.40,-6.31
425384,4095,11680,186,99999,35.00,-6.38,-6.31
