Timestamp,ECG,GSR,Gas,Pulse_IR,Temp_Max,Label
11725,1876,55512,184,98270,36.34,-8.76,-4.01
11762,0,56024,167,98178,35.00,-8.68,-4.06
11784,0,56024,175,98275,35.00,-8.68,-4.09
11806,4095,56024,253,98376,35.00,-8.69,-4.15
11828,4095,56024,216,98480,35.00,-8.68,-4.10
11850,4095,56024,199,98574,35.00,-8.59,-4.02
11872,4095,56024,191,98663,35.00,-8.61,-4.14
11894,4095,56024,197,98759,35.00,-8.63,-4.04
11916,4095,56024,190,98858,35.00,-8.61,-4.10
11938,4095,56024,202,98937,35.00,-8.66,-4.09
11960,4095,56024,213,99030,35.00,-8.72,-4.09
11982,4095,56024,221,99140,35.00,-8.70,-4.09
12023,4095,56024,218,99371,35.00,-8.65,-3.96
12045,4095,56024,211,99461,35.00,-8.67,-4.09
12067,4095,56024,210,99526,35.00,-8.70,-4.13
12089,4095,56024,211,99601,35.00,-8.66,-4.11
12111,4095,56024,203,99681,35.00,-8.51,-4.13
12133,4095,56024,185,99753,35.00,-8.58,-4.08
12155,4095,56024,189,99849,35.00,-8.72,-4.07
12177,4095,56024,201,99917,35.00,-8.68,-4.13
12199,4095,56024,214,99892,35.00,-8.71,-4.11
12221,4095,56024,219,99693,35.00,-8.63,-4.10
12264,4095,56024,233,98700,35.00,-8.59,-4.09
12286,4095,56024,203,98391,35.00,-8.60,-4.06
12308,4095,56024,199,98118,35.00,-8.58,-4.08
12330,0,56792,117,97835,35.00,-8.59,-4.05
12352,0,56792,145,97563,35.00,-8.72,-4.06
12374,0,56792,149,97361,35.00,-8.68,-4.06
12396,0,56792,155,97257,35.00,-8.71,-3.97
12418,0,56792,157,97244,35.00,-8.71,-3.94
12440,0,56024,163,97328,35.00,-8.67,-3.92
12462,0,56792,167,97476,35.00,-8.78,-3.97
12504,819,56792,175,97930,35.00,-8.75,-3.99
12526,0,56792,159,98023,35.00,-8.74,-4.02
12548,0,56024,153,98112,35.00,-8.75,-4.05
12570,0,56024,151,98198,35.00,-8.69,-4.04
12592,0,55512,147,98292,35.00,-8.67,-3.99
12614,0,55512,149,98386,35.00,-8.70,-3.92
12636,0,55128,153,98501,35.00,-8.68,-3.95
12658,1066,53336,184,98593,35.00,-8.74,-3.92
12680,3305,51864,203,98687,35.00,-8.73,-3.94
12702,2185,50968,175,98779,35.00,-8.70,-3.99
12724,2843,50968,185,98879,35.00,-8.67,-4.01
12765,2727,50968,182,99125,35.00,-8.74,-4.01
12787,2217,51864,154,99217,35.00,-8.72,-3.96
12809,588,51864,139,99308,35.00,-8.76,-3.94
12831,3386,50968,203,99375,35.00,-8.74,-3.99
12853,4095,50968,189,99459,35.00,-8.71,-4.02
12875,4095,50456,199,99528,35.00,-8.81,-3.99
12897,1239,50456,149,99609,35.00,-8.59,-4.07
12919,628,50456,164,99693,35.00,-8.57,-3.94
12941,0,49688,163,99782,35.00,-8.69,-3.94
12963,0,49688,165,99865,35.00,-8.77,-3.95
13505,3197,49688,214,99412,36.10,-8.69,-4.05
13547,88,13664,151,99104,35.00,-8.76,-4.07
13569,917,14560,152,99205,35.00,-8.73,-4.04
13591,1897,14560,171,99284,35.00,-8.66,-3.96
13613,2668,15072,189,99362,35.00,-8.69,-3.97
13635,4093,15840,216,99433,35.00,-8.68,-3.99
13657,4095,14560,213,99493,35.00,-8.75,-4.05
13679,4095,13664,216,99583,35.00,-8.60,-4.03
13701,3358,10912,202,99659,35.00,-8.63,-3.99
13723,2451,8736,185,99740,35.00,-8.80,-4.06
13745,2041,5952,182,99811,35.00,-8.73,-3.96
13788,3801,4672,201,99547,35.00,-8.68,-4.01
13810,4095,3968,185,99235,35.00,-8.77,-4.01
13832,4095,3968,188,98906,35.00,-8.73,-3.99
13854,3113,4160,183,98571,35.00,-8.68,-4.06
13876,3979,5440,212,98273,35.00,-8.73,-3.99
13898,3447,6336,211,97964,35.00,-8.67,-3.95
13920,3151,6848,203,97670,35.00,-8.73,-4.02
13942,2281,8128,181,97439,35.00,-8.70,-4.04
13964,0,8128,153,97272,35.00,-8.64,-4.00
13986,1397,10400,184,97239,35.00,-8.72,-3.93
14028,2923,16352,184,97559,35.00,-8.76,-3.98
14050,575,22736,127,97730,35.00,-8.74,-3.89
14072,568,25904,157,97887,35.00,-8.64,-4.11
14094,201,28080,154,98018,35.00,-8.69,-4.06
14116,885,30064,179,98134,35.00,-8.69,-3.98
14138,507,29296,166,98223,35.00,-8.67,-4.05
14160,0,30576,173,98326,35.00,-8.67,-4.13
14182,409,32776,178,98426,35.00,-8.73,-4.01
14204,0,36744,153,98529,35.00,-8.64,-3.95
14226,99,38216,147,98621,35.00,-8.61,-3.95
14248,59,40392,149,98719,35.00,-8.70,-4.01
14289,351,39624,157,98959,35.00,-8.67,-4.06
14311,2507,31472,183,99064,35.00,-8.63,-4.07
14333,3623,34952,200,99155,35.00,-8.72,-4.01
14355,4095,36232,209,99235,35.00,-8.61,-4.00
14377,4095,37448,215,99306,35.00,-8.64,-3.97
14399,3191,37448,202,99381,35.00,-8.68,-3.97
14421,1571,40904,167,99451,35.00,-8.71,-4.00
14443,1780,45160,174,99524,35.00,-8.80,-4.14
14465,529,49176,157,99595,35.00,-8.61,-4.06
14487,563,51352,154,99669,35.00,-8.55,-3.94
14529,1211,53144,165,99901,35.00,-8.78,-4.02
14551,661,55512,154,99864,35.00,-8.76,-4.05
14573,1195,57304,179,99655,35.00,-8.66,-4.02
14595,2153,60088,187,99359,35.00,-8.69,-4.04
14617,1045,61560,175,99043,35.00,-8.66,-4.05
14639,844,62072,184,98744,35.00,-8.72,-4.11
14661,1255,63352,189,98460,35.00,-8.70,-4.00
14683,1723,63736,182,98196,35.00,-8.67,-4.04
14705,2251,64248,175,97930,35.00,-8.64,-4.03
14727,2029,65528,163,97690,35.00,-8.73,-3.97
14749,1879,60856,159,97506,35.00,-8.76,-4.06
14790,1130,57400,151,97487,35.00,-8.72,-3.95
14812,2596,57304,187,97625,35.00,-8.65,-4.05
14834,3237,58680,185,97806,35.00,-8.76,-4.05
14856,1741,59192,171,97957,35.00,-8.74,-4.06
14878,3037,60856,209,98092,35.00,-8.69,-4.08
14900,4095,62072,231,98190,35.00,-8.65,-3.96
14922,4095,63736,214,98294,35.00,-8.73,-4.00
14944,4095,65016,209,98394,35.00,-8.70,-3.96
14966,4095,65540,198,98491,35.00,-8.71,-4.00
14988,4095,66820,189,98579,35.00,-8.77,-4.08
15537,4095,67716,187,98677,36.28,-8.70,-3.95
15572,0,83732,147,97640,35.00,-8.63,-4.05
15594,840,85908,167,97802,35.00,-8.70,-4.08
15616,0,86612,149,97973,35.00,-8.73,-3.98
15638,0,87380,156,98104,35.00,-8.68,-4.06
15660,0,86612,152,98214,35.00,-8.71,-4.03
15682,0,83220,151,98301,35.00,-8.71,-3.95
15704,0,80100,149,98396,35.00,-8.70,-4.03
15726,0,80100,145,98487,35.00,-8.72,-4.04
15748,893,81380,173,98559,35.00,-8.70,-3.99
15770,3257,82452,199,98645,35.00,-8.66,-4.01
15792,2841,83220,201,98737,35.00,-8.63,-3.96
15833,4095,83220,223,98947,35.00,-8.64,-3.99
15855,4095,82452,223,99044,35.00,-8.67,-3.98
15877,4095,83220,217,99125,35.00,-8.69,-3.99
15899,4095,84116,212,99202,35.00,-8.78,-4.08
15921,4095,84628,209,99275,35.00,-8.81,-3.98
15943,4095,84628,207,99338,35.00,-8.66,-3.95
15965,4095,84628,201,99421,35.00,-8.72,-4.11
15987,4095,85396,190,99493,35.00,-8.62,-4.11
16553,4095,85908,196,99559,36.59,-8.70,-3.95
16595,629,84628,188,99124,35.00,-8.71,-4.11
16617,1399,84116,173,99222,35.00,-8.70,-3.99
16639,0,84116,153,99317,35.00,-8.67,-4.01
16661,700,84628,169,99391,35.00,-8.74,-4.03
16683,443,84116,146,99466,35.00,-8.65,-4.05
16705,0,83732,143,99531,35.00,-8.77,-4.04
16727,0,83732,154,99607,35.00,-8.66,-4.05
16749,0,84116,159,99683,35.00,-8.55,-4.01
16771,0,83732,151,99762,35.00,-8.41,-3.94
16793,91,84116,167,99856,35.00,-8.72,-4.02
16835,2068,84116,201,99833,35.00,-8.64,-4.10
16857,4067,85396,207,99564,35.00,-8.59,-4.13
16879,4095,85908,205,99258,35.00,-8.60,-4.18
16901,4095,86100,199,98953,35.00,-8.66,-4.03
16923,4095,86100,183,98676,35.00,-8.70,-4.01
16945,4095,85908,187,98430,35.00,-8.71,-3.98
16967,428,85908,121,98202,35.00,-8.73,-3.98
16989,335,85908,166,97988,35.00,-8.82,-3.95
17570,199,85908,175,97804,36.29,-8.82,-3.93
17601,1002,85908,171,99438,35.00,-8.78,-4.04
17623,887,86100,154,99152,35.00,-8.70,-4.12
17645,1625,85908,173,98869,35.00,-8.70,-4.02
17667,2189,85908,171,98608,35.00,-8.62,-4.03
17689,1502,85396,165,98378,35.00,-8.73,-4.07
17711,631,84628,159,98177,35.00,-8.74,-3.99
17733,1599,84628,203,98000,35.00,-8.65,-4.19
17755,1917,85396,192,97845,35.00,-8.75,-4.02
17777,2251,85396,204,97731,35.00,-8.63,-4.09
17818,1850,85908,190,97776,35.00,-8.73,-4.13
17840,1979,85396,185,97909,35.00,-8.65,-4.07
17862,2133,83220,185,98062,35.00,-8.63,-4.03
17884,1253,83220,155,98215,35.00,-8.68,-4.09
17906,2067,83220,171,98330,35.00,-8.66,-4.05
17928,1379,83220,152,98428,35.00,-8.68,-4.05
17950,581,83732,156,98529,35.00,-8.68,-4.10
17972,1031,83732,182,98617,35.00,-8.73,-4.11
17994,1511,83732,200,98706,35.00,-8.66,-4.05
18586,0,83732,159,98794,36.40,-8.63,-4.05
18620,0,83220,151,98461,35.00,-8.85,-4.12
18642,1775,83220,171,98536,35.00,-8.81,-4.03
18664,1567,82452,159,98598,35.00,-8.78,-3.94
18686,4095,82452,207,98657,35.00,-8.72,-3.96
18708,1567,82452,147,98714,35.00,-8.74,-3.94
18730,1259,81380,167,98773,35.00,-8.67,-3.96
18752,1617,80612,184,98851,35.00,-8.68,-3.98
18774,3039,81380,213,98918,35.00,-8.70,-4.02
18796,3347,81380,201,98987,35.00,-8.73,-4.00
18818,4095,81380,207,99059,35.00,-8.64,-3.95
18840,2438,80612,171,99140,35.00,-8.66,-4.03
18881,0,81380,122,99335,35.00,-8.79,-4.00
18903,715,81940,159,99419,35.00,-8.77,-3.98
18925,931,82452,133,99478,35.00,-8.78,-3.96
18947,4095,82452,227,99547,35.00,-8.61,-3.82
18969,1646,82452,169,99613,35.00,-8.73,-3.96
18991,521,82452,169,99685,35.00,-8.77,-3.97
19353,572,82452,179,99759,36.88,-8.61,-3.91
19382,1745,81892,199,98632,35.00,-8.79,-4.05
19404,0,81892,125,98712,35.00,-8.61,-4.01
19426,1427,81892,166,98774,35.00,-8.65,-3.98
19448,1414,81892,185,98846,35.00,-8.59,-3.98
19470,2186,81892,189,98915,35.00,-8.76,-4.09
19492,2229,81940,203,98981,35.00,-8.67,-3.99
19514,2171,81940,179,99049,35.00,-8.66,-4.08
19536,2203,81940,179,99122,35.00,-8.69,-4.06
19558,1877,81940,173,99196,35.00,-8.67,-4.00
19580,1257,81892,167,99266,35.00,-8.68,-4.06
19602,1995,81380,175,99344,35.00,-8.66,-4.00
19643,589,81380,147,99542,35.00,-8.71,-4.05
19665,1967,80100,190,99614,35.00,-8.68,-3.96
19687,2893,80100,203,99686,35.00,-8.58,-4.04
19709,3020,80100,207,99750,35.00,-8.78,-4.22
19731,1677,79716,185,99818,35.00,-8.63,-3.99
19753,0,79716,156,99889,35.00,-8.40,-4.01
19775,1699,79204,181,99957,35.00,-8.72,-4.07
19797,573,78436,145,100034,35.00,-8.70,-4.00
19819,1933,78436,175,100090,35.00,-8.73,-4.11
19841,1779,78436,157,100066,35.00,-8.68,-4.06
19884,1440,77924,153,99418,35.00,-8.68,-4.07
19906,1775,77924,183,99215,35.00,-8.60,-4.06
19928,1203,77732,160,99021,35.00,-8.63,-4.12
19950,3417,77732,216,98853,35.00,-8.59,-4.07
19972,2713,77732,200,98706,35.00,-8.76,-4.03
19994,1959,77220,167,98591,35.00,-8.69,-4.02
20365,1955,77732,169,98520,36.09,-8.66,-3.95
20405,1837,77732,176,99634,35.00,-8.73,-3.93
20427,1397,77732,174,99718,35.00,-8.80,-3.93
20449,1195,77732,173,99787,35.00,-8.76,-3.99
20471,1513,77732,185,99850,35.00,-8.78,-4.01
20493,1955,77732,181,99925,35.00,-8.74,-4.06
20515,2525,77732,179,99992,35.00,-8.53,-4.07
20537,1277,77732,149,100064,35.00,-8.57,-4.01
20559,631,77732,145,100147,35.00,-8.69,-4.02
20581,1352,77732,172,100202,35.00,-8.79,-4.05
20603,1959,77732,185,100163,35.00,-8.82,-4.01
20645,1499,77732,169,99545,35.00,-8.66,-4.05
20667,0,77732,135,99336,35.00,-8.74,-3.99
20689,1769,77924,189,99151,35.00,-8.77,-4.03
20711,392,77924,159,98979,35.00,-8.73,-4.01
20733,1211,77924,173,98837,35.00,-8.63,-3.95
20755,107,77924,149,98732,35.00,-8.67,-3.99
20777,87,77924,148,98646,35.00,-8.67,-4.01
20799,1743,77924,163,98615,35.00,-8.72,-4.03
20821,2117,77924,183,98624,35.00,-8.67,-4.10
20843,2136,77924,181,98684,35.00,-8.65,-4.03
20865,4095,77924,247,98772,35.00,-8.70,-4.00
20906,1069,77732,165,99033,35.00,-8.76,-4.07
20928,628,77732,181,99087,35.00,-8.68,-3.98
20950,854,77732,188,99149,35.00,-8.64,-3.97
20972,4095,77732,245,99214,35.00,-8.67,-4.04
20994,3236,77924,184,99268,35.00,-8.72,-4.06
21382,4079,77924,215,99327,36.19,-8.67,-4.08
21410,2195,77732,173,99753,35.00,-8.53,-4.12
21432,749,77732,147,99541,35.00,-8.59,-4.04
21454,693,77220,157,99344,35.00,-8.72,-4.02
21476,702,76452,166,99175,35.00,-8.71,-4.02
21498,0,75940,135,99026,35.00,-8.68,-3.95
21520,2774,75556,189,98924,35.00,-8.66,-3.98
21542,2985,75556,175,98853,35.00,-8.72,-3.94
21564,1295,73156,156,98809,35.00,-8.70,-3.86
21586,2509,69508,190,98827,35.00,-8.66,-3.94
21628,4095,67716,219,99043,35.00,-8.74,-3.90
21650,2906,67716,179,99112,35.00,-8.74,-3.99
21672,3848,67332,215,99169,35.00,-8.76,-3.97
21694,2941,67332,190,99213,35.00,-8.76,-3.95
21716,2684,67716,173,99265,35.00,-8.75,-3.95
21738,2301,68996,165,99314,35.00,-8.76,-3.92
21760,933,69508,154,99376,35.00,-8.68,-3.92
21782,1513,69700,173,99429,35.00,-8.76,-3.93
21804,2476,68228,199,99487,35.00,-8.76,-3.94
21826,2232,61560,186,99554,35.00,-8.71,-3.88
21869,2781,56792,211,99736,35.00,-8.61,-3.92
21891,2765,51352,203,99799,35.00,-8.77,-3.94
21913,2998,51864,199,99879,35.00,-8.68,-4.01
21935,2166,51864,169,99937,35.00,-8.70,-3.98
21957,1979,51352,164,99995,35.00,-8.75,-3.96
21979,1769,51864,153,100054,35.00,-8.66,-3.95
22398,647,53336,140,100122,36.40,-8.86,-3.99
22430,925,108716,137,99065,35.00,-8.69,-3.99
22452,1829,108716,182,99123,35.00,-8.64,-3.99
22474,2863,108332,191,99183,35.00,-8.73,-4.03
22496,2201,107820,178,99245,35.00,-8.77,-3.99
22518,1747,107052,151,99304,35.00,-8.71,-3.99
22540,1495,107052,157,99357,35.00,-8.71,-3.99
22562,0,106540,149,99424,35.00,-8.73,-3.99
22584,2407,106444,228,99486,35.00,-8.71,-4.01
22606,4095,106444,223,99553,35.00,-8.67,-4.01
22628,2391,105932,190,99615,35.00,-8.73,-4.02
22671,2218,105932,190,99812,35.00,-8.73,-3.96
22693,4095,105164,231,99888,35.00,-8.74,-3.92
22715,319,105164,122,99961,35.00,-8.71,-4.03
22737,2255,104652,163,100021,35.00,-8.71,-4.00
22759,1195,104268,147,100091,35.00,-8.77,-4.07
22781,1716,103756,169,100144,35.00,-8.61,-4.04
22803,557,103756,167,100216,35.00,-8.59,-3.95
22825,2231,103756,200,100288,35.00,-8.66,-3.96
22847,1902,104268,210,100355,35.00,-8.75,-3.98
22869,837,104268,174,100421,35.00,-8.82,-4.02
22911,747,103756,167,99996,35.00,-8.66,-4.09
22933,1803,102988,169,99719,35.00,-8.70,-4.09
22955,0,101772,139,99452,35.00,-8.62,-4.08
22977,1173,98828,164,99233,35.00,-8.71,-4.09
22999,313,97780,147,99039,35.00,-8.53,-3.93
23021,529,97780,153,98877,35.00,-8.75,-4.05
23043,1221,97012,187,98763,35.00,-8.70,-4.09
23065,1453,97012,189,98681,35.00,-8.65,-4.06
23087,3315,96500,223,98659,35.00,-8.63,-4.05
23109,4095,95604,227,98678,35.00,-8.71,-3.99
23131,4095,94132,211,98758,35.00,-8.78,-4.08
23172,4095,91444,197,99003,35.00,-8.71,-4.04
23194,2076,80100,152,99059,35.00,-8.46,-3.91
23216,1683,75044,165,99086,35.00,-8.56,-4.10
23238,981,69700,141,99112,35.00,-8.58,-4.10
23260,2095,63352,169,99116,35.00,-8.49,-4.02
23282,1413,58680,169,99135,35.00,-8.66,-4.17
23304,180,56792,165,99143,35.00,-8.58,-4.09
23326,0,54616,167,99172,35.00,-8.66,-4.08
23348,1259,53336,185,99211,35.00,-8.71,-4.00
23370,1083,51864,173,99257,35.00,-8.69,-3.93
23413,1799,51352,181,99453,35.00,-8.90,-4.04
23435,3911,51864,207,99538,35.00,-8.87,-3.99
23457,4095,52632,207,99617,35.00,-8.80,-4.07
23479,4095,53336,205,99681,35.00,-8.68,-4.09
23501,4095,55128,213,99735,35.00,-8.55,-4.13
23523,2589,56024,189,99810,35.00,-8.46,-4.11
23545,0,57304,155,99883,35.00,-8.56,-4.15
23567,0,57304,171,99954,35.00,-8.57,-4.07
23589,1838,57912,203,100020,35.00,-8.65,-3.99
23611,2643,58680,198,100092,35.00,-8.70,-3.87
23653,1401,59576,152,99904,35.00,-8.79,-3.88
23675,2796,61368,164,99598,35.00,-8.79,-3.90
23697,1711,62072,149,99274,35.00,-8.75,-4.08
23719,2824,62840,181,98981,35.00,-8.77,-4.03
23741,1663,63352,172,98707,35.00,-8.72,-3.93
23763,1077,63736,165,98504,35.00,-8.63,-4.00
23785,2275,64248,203,98377,35.00,-8.70,-4.08
23807,1075,64248,175,98285,35.00,-8.68,-4.06
23829,1723,65016,182,98245,35.00,-8.70,-4.05
23851,1854,65540,173,98223,35.00,-8.73,-3.97
23873,1929,66820,171,98277,35.00,-8.71,-3.92
23914,2133,66820,169,98559,35.00,-8.69,-3.90
23936,2203,66820,156,98657,35.00,-8.79,-3.98
23958,1524,66820,155,98729,35.00,-8.76,-3.97
23980,1555,66820,175,98796,35.00,-8.67,-3.94
24685,1402,66820,183,98851,36.30,-8.67,-3.98
24716,0,58680,169,98779,35.00,-8.61,-4.02
24738,0,57304,145,98842,35.00,-8.68,-4.10
24760,0,55128,165,98892,35.00,-8.70,-4.03
24782,1487,53848,198,98958,35.00,-8.62,-4.07
24804,2167,53848,216,99028,35.00,-8.68,-4.05
24826,1944,53848,205,99087,35.00,-8.73,-4.06
24848,1402,54616,173,99172,35.00,-8.70,-4.04
24870,2705,54616,201,99254,35.00,-8.64,-4.05
24892,1229,55128,138,99324,35.00,-8.64,-4.08
24914,171,55512,137,99413,35.00,-8.67,-4.04
24957,0,55512,149,99625,35.00,-8.67,-4.12
24979,1629,55512,185,99704,35.00,-8.61,-4.04
25702,1015,56024,168,99774,36.23,-8.60,-4.03
25739,2155,57912,199,99746,35.00,-8.71,-4.03
25761,1285,57912,174,99833,35.00,-8.73,-4.01
25783,3852,57912,229,99918,35.00,-8.66,-4.04
25805,1259,57912,184,99985,35.00,-8.80,-4.00
25827,2779,57912,205,100067,35.00,-8.77,-4.08
25849,409,57912,151,100133,35.00,-8.82,-4.02
25871,4095,57912,212,100220,35.00,-8.63,-3.94
25893,1139,57912,149,100301,35.00,-8.65,-3.94
25915,523,57912,173,100373,35.00,-8.82,-3.94
25937,2679,57912,235,100451,35.00,-8.94,-4.10
25979,2397,57912,212,100021,35.00,-8.70,-4.05
26718,2166,57912,211,99712,36.60,-8.64,-4.02
26743,4095,59576,206,99616,35.00,-8.68,-3.83
26765,4095,59576,190,99279,35.00,-8.77,-3.83
26787,4095,59576,187,98948,35.00,-8.72,-3.97
26809,4095,60088,188,98656,35.00,-8.93,-3.85
26831,4095,60856,191,98430,35.00,-8.76,-3.95
26853,1591,61368,153,98255,35.00,-8.78,-3.88
26875,2825,61368,207,98110,35.00,-8.82,-3.88
26897,972,61560,157,97996,35.00,-8.88,-3.84
26919,1963,61560,217,97919,35.00,-8.93,-3.95
26941,1635,61560,183,97926,35.00,-8.91,-3.89
26982,2129,61560,183,98289,35.00,-8.93,-3.91
27735,2056,61368,189,98444,36.00,-8.87,-3.88
27764,4095,59576,215,98520,35.00,-8.74,-3.87
27786,4095,59576,189,98629,35.00,-8.69,-3.79
27808,4095,59576,198,98689,35.00,-8.72,-3.77
27830,4095,60088,199,98735,35.00,-8.72,-3.90
27852,4095,60088,202,98765,35.00,-8.77,-3.96
27874,4095,60088,212,98787,35.00,-8.76,-4.02
27896,4095,60088,204,98832,35.00,-8.77,-4.05
27918,4095,60088,205,98876,35.00,-8.66,-4.03
27940,4095,60088,205,98932,35.00,-8.69,-4.01
27962,4095,60088,202,98995,35.00,-8.75,-4.00
28505,4095,60088,186,99217,36.50,-8.78,-3.95
28546,0,59576,158,98317,35.00,-8.59,-4.10
28568,0,59576,163,98447,35.00,-8.48,-4.18
28590,0,59576,163,98553,35.00,-8.44,-4.27
28612,0,59576,174,98643,35.00,-8.62,-4.20
28634,0,59576,177,98728,35.00,-8.50,-4.11
28656,0,59576,176,98806,35.00,-8.60,-4.15
28678,0,59576,173,98904,35.00,-8.56,-4.13
28700,0,59576,165,98995,35.00,-8.68,-4.05
28722,0,59576,157,99089,35.00,-8.69,-4.12
28744,0,59576,153,99184,35.00,-8.70,-4.09
28787,2204,59576,200,99457,35.00,-8.61,-4.14
28809,4095,59576,214,99548,35.00,-8.52,-4.15
28831,4095,59576,219,99633,35.00,-8.59,-4.16
28853,4095,59576,203,99720,35.00,-8.43,-4.13
28875,4095,60088,211,99796,35.00,-7.84,-3.75
28897,4095,60088,212,99873,35.00,-8.60,-4.33
28919,4095,60088,212,99948,35.00,-8.88,-4.25
28941,4095,60088,204,100023,35.00,-8.71,-3.78
28963,4095,60856,201,100087,35.00,-8.63,-3.72
28985,4095,61368,205,100163,35.00,-8.84,-3.78
29027,4095,61560,203,99900,35.00,-8.80,-3.81
29049,4095,62840,204,99543,35.00,-8.78,-3.95
29071,4095,63736,207,99155,35.00,-8.62,-4.04
29093,4095,64248,209,98771,35.00,-8.69,-4.10
29115,4095,64248,210,98459,35.00,-8.69,-4.12
29137,364,65016,133,98206,35.00,-8.71,-3.98
29159,0,65016,155,98019,35.00,-8.85,-3.93
29181,0,65016,151,97862,35.00,-8.89,-3.83
29203,0,65016,149,97747,35.00,-8.98,-3.87
29225,0,65016,150,97685,35.00,-8.78,-3.77
29247,0,65016,157,97697,35.00,-8.79,-3.74
29288,0,65528,158,98037,35.00,-8.74,-3.85
29310,0,65528,167,98150,35.00,-8.70,-3.82
29332,0,65528,167,98242,35.00,-8.67,-3.89
29354,377,65528,167,98315,35.00,-8.62,-3.91
29376,0,65528,155,98381,35.00,-8.67,-3.92
29398,0,65016,149,98464,35.00,-8.75,-3.91
29420,0,65016,148,98545,35.00,-8.77,-3.98
29442,0,65016,142,98644,35.00,-8.89,-3.95
29464,0,65016,141,98742,35.00,-8.98,-3.94
29486,1563,65016,179,98852,35.00,-8.98,-3.94
29529,1935,65016,183,99140,35.00,-8.79,-4.07
29551,3412,64248,217,99246,35.00,-8.89,-3.97
29573,4068,64248,233,99357,35.00,-8.95,-4.02
29595,3973,64248,235,99446,35.00,-8.81,-4.11
29617,1295,64248,177,99533,35.00,-8.68,-4.14
29639,2380,64248,205,99622,35.00,-8.65,-4.05
29661,2164,64248,180,99723,35.00,-8.52,-4.09
29683,0,64248,147,99805,35.00,-8.67,-4.16
29705,0,63736,167,99888,35.00,-8.58,-4.20
29727,0,63736,167,99980,35.00,-8.36,-4.15
29769,0,63736,170,100254,35.00,-8.63,-4.08
29791,0,63736,174,100245,35.00,-8.75,-4.14
29813,0,63736,173,100064,35.00,-8.69,-4.08
29835,2311,63736,221,99775,35.00,-8.67,-4.00
29857,1571,63736,173,99462,35.00,-8.75,-4.17
29879,1251,63736,169,99169,35.00,-8.71,-4.01
29901,0,63736,151,98906,35.00,-8.84,-4.00
29923,0,63736,163,98701,35.00,-8.64,-4.02
29945,0,63736,157,98521,35.00,-8.57,-4.03
29967,0,63352,165,98373,35.00,-8.59,-4.10
29989,0,63352,169,98275,35.00,-8.57,-4.06
30030,0,63352,169,98262,35.00,-8.40,-4.06
30052,0,63352,171,98398,35.00,-8.56,-4.06
30074,0,63352,167,98542,35.00,-8.71,-4.08
30096,1241,62840,199,98682,35.00,-8.59,-4.07
30118,3161,62840,201,98800,35.00,-8.56,-4.11
30140,4095,62840,190,98886,35.00,-8.54,-4.13
30162,4095,62840,187,98984,35.00,-8.63,-4.11
30184,4095,62840,180,99054,35.00,-8.68,-4.21
30206,4095,62840,198,99136,35.00,-8.62,-4.08
30228,4095,62840,198,99208,35.00,-8.47,-4.10
30271,4095,62840,213,99380,35.00,-8.48,-4.17
30293,4095,62840,209,99436,35.00,-8.63,-4.20
30315,4095,63352,201,99480,35.00,-8.74,-4.15
30337,773,63352,151,99514,35.00,-8.88,-3.96
30359,0,63352,142,99554,35.00,-8.82,-3.83
30381,2267,63352,187,99610,35.00,-8.94,-3.84
30403,4095,63352,187,99661,35.00,-8.82,-3.85
30425,4095,63736,185,99718,35.00,-8.85,-3.80
30447,4095,63736,199,99784,35.00,-8.95,-3.94
30469,4095,63352,213,99862,35.00,-8.88,-4.07
30511,4087,63352,213,100094,35.00,-8.67,-3.98
30533,2835,63352,183,100147,35.00,-8.67,-4.00
30555,4095,63352,205,100101,35.00,-8.65,-3.89
30577,4095,63352,201,99926,35.00,-8.75,-3.82
30599,2473,63352,169,99690,35.00,-8.71,-3.82
30621,3064,63352,185,99443,35.00,-8.68,-3.90
30643,2065,63352,155,99223,35.00,-8.71,-3.94
30665,1319,63352,154,99039,35.00,-8.70,-3.98
30687,605,63352,155,98878,35.00,-8.65,-3.98
30709,0,63352,156,98746,35.00,-8.78,-3.89
30731,0,63352,163,98653,35.00,-8.93,-3.96
30772,0,63352,160,98574,35.00,-8.92,-3.94
30794,1356,62840,179,98647,35.00,-8.85,-3.98
30816,1388,63352,164,98748,35.00,-8.78,-4.07
30838,4095,63352,220,98856,35.00,-8.75,-4.12
30860,4095,62840,207,98958,35.00,-8.85,-4.07
30882,0,62840,136,99037,35.00,-8.68,-4.06
30904,0,62840,159,99134,35.00,-8.68,-4.09
30926,595,62840,181,99209,35.00,-8.60,-4.05
30948,939,62840,197,99300,35.00,-8.46,-4.04
30970,0,62840,181,99393,35.00,-8.87,-4.07
31547,0,62840,187,99672,36.75,-8.71,-4.09
31577,4095,63352,217,99486,35.00,-8.62,-3.41
31599,4095,63352,187,99529,35.00,-8.73,-3.79
31621,4095,62840,191,99581,35.00,-8.98,-4.06
31643,4095,62840,204,99612,35.00,-9.13,-4.10
31665,4095,62840,206,99621,35.00,-8.63,-3.93
31687,4095,62840,203,99653,35.00,-8.57,-3.77
31709,4095,62840,205,99664,35.00,-8.25,-3.77
31731,4095,62840,211,99719,35.00,-8.42,-3.91
31753,4095,62840,203,99766,35.00,-8.80,-3.82
31795,4095,62840,200,99936,35.00,-8.94,-3.76
31817,3448,62840,173,100004,35.00,-8.99,-3.79
31839,3831,62840,181,100072,35.00,-9.18,-3.64
31861,2487,62840,169,100125,35.00,-8.89,-3.80
31883,2031,62840,185,100182,35.00,-8.97,-3.76
31905,4091,62840,213,100240,35.00,-8.77,-4.00
31927,4095,62840,219,100306,35.00,-8.76,-4.08
31949,4095,62840,222,100371,35.00,-8.59,-4.23
31971,0,62840,158,100425,35.00,-8.72,-4.33
31993,0,62072,168,100486,35.00,-8.59,-4.45
32035,0,62072,167,100724,35.00,-8.59,-4.22
32057,0,62072,155,100799,35.00,-8.62,-4.05
32079,0,62072,157,100908,35.00,-8.83,-3.95
32101,1941,62072,199,100988,35.00,-8.90,-4.03
32123,1235,62072,181,100934,35.00,-8.80,-3.96
32145,1592,62072,191,100745,35.00,-8.68,-4.04
32167,1225,62072,199,100542,35.00,-8.56,-4.06
32189,700,62072,187,100381,35.00,-8.38,-4.21
32211,0,62072,180,100252,35.00,-8.43,-4.28
32233,0,62072,169,100156,35.00,-8.51,-4.28
32255,4095,62072,233,100090,35.00,-8.51,-4.23
32296,4095,62072,203,99898,35.00,-8.52,-4.02
32318,4095,62072,187,99877,35.00,-8.72,-4.10
32340,4095,62072,199,99869,35.00,-8.56,-4.06
32362,4095,62072,200,99893,35.00,-8.56,-4.02
32384,4095,62072,211,99939,35.00,-8.67,-4.11
32406,4095,62072,227,99978,35.00,-8.63,-3.98
32428,4095,62072,231,100007,35.00,-8.82,-3.98
32450,4075,62072,227,100032,35.00,-8.83,-3.79
32472,0,62072,159,100048,35.00,-8.74,-3.74
32494,0,61560,159,100067,35.00,-8.63,-3.58
32537,1191,61560,163,100107,35.00,-8.51,-3.65
32559,837,61560,143,100118,35.00,-8.57,-3.75
32581,819,61560,159,100140,35.00,-8.70,-3.88
32603,159,61560,156,100165,35.00,-8.68,-3.96
32625,183,61560,166,100204,35.00,-8.84,-3.91
32647,0,61560,164,100235,35.00,-8.90,-3.79
32669,0,61560,166,100280,35.00,-8.86,-3.73
32691,419,61560,173,100332,35.00,-8.76,-3.57
32713,0,61560,158,100371,35.00,-8.78,-3.54
32735,0,61560,149,100420,35.00,-8.69,-3.51
32777,0,61368,141,100554,35.00,-8.65,-3.81
32799,0,61368,125,100594,35.00,-8.61,-3.93
32821,0,61368,125,100637,35.00,-8.62,-3.96
32843,0,61368,140,100671,35.00,-8.75,-3.87
32865,0,61368,149,100656,35.00,-9.02,-3.95
32887,0,60856,155,100519,35.00,-9.02,-3.92
32909,0,60856,155,100374,35.00,-8.87,-4.03
32931,0,61368,146,100212,35.00,-8.73,-4.12
32953,0,61368,142,100091,35.00,-8.56,-4.09
32975,0,60856,143,99991,35.00,-8.64,-4.11
32997,0,60856,143,99912,35.00,-8.69,-4.26
33038,0,60856,143,99692,35.00,-8.70,-4.17
33060,0,60856,146,99673,35.00,-8.78,-4.22
33082,0,60856,155,99658,35.00,-8.64,-4.10
33104,0,60856,166,99671,35.00,-8.64,-4.17
33126,0,60856,179,99709,35.00,-8.84,-4.15
33148,4076,60088,255,99768,35.00,-8.77,-4.20
33170,4095,60088,231,99825,35.00,-8.60,-4.23
33192,4095,59576,223,99870,35.00,-8.66,-4.26
33214,4095,59576,214,99897,35.00,-8.62,-4.23
33236,4095,59576,204,99947,35.00,-8.56,-4.18
33278,4095,59576,201,100097,35.00,-8.71,-4.22
33300,4095,59576,203,100144,35.00,-8.69,-4.27
33322,4095,59576,217,100195,35.00,-8.70,-4.24
33344,4095,59576,223,100247,35.00,-8.80,-4.11
33366,4095,59576,231,100305,35.00,-8.92,-4.10
33388,4095,59576,239,100350,35.00,-8.71,-3.95
33410,4095,59576,237,100397,35.00,-8.74,-3.92
33432,4095,59576,231,100440,35.00,-8.57,-3.87
33454,4095,60088,218,100495,35.00,-8.50,-3.82
33476,4095,60856,203,100526,35.00,-8.19,-3.78
33498,4095,61368,188,100549,35.00,-8.36,-3.89
33539,0,61368,135,100592,35.00,-8.50,-4.05
33561,6,61368,138,100598,35.00,-8.37,-3.93
33583,0,61368,145,100622,35.00,-8.67,-3.96
33605,0,61368,166,100658,35.00,-8.87,-4.10
33627,0,61560,160,100652,35.00,-9.05,-3.99
33649,0,61560,165,100534,35.00,-9.14,-3.75
33671,0,61368,159,100367,35.00,-8.96,-3.62
33693,0,61368,155,100229,35.00,-8.87,-3.51
33715,0,61368,153,100083,35.00,-8.89,-3.52
33737,0,61368,149,99980,35.00,-8.92,-3.69
33759,0,61368,147,99881,35.00,-8.81,-3.81
33800,1047,61368,173,99627,35.00,-8.71,-3.96
33822,887,61368,155,99591,35.00,-8.60,-4.08
33844,117,61368,143,99576,35.00,-8.47,-4.03
33866,910,61368,169,99581,35.00,-8.38,-3.92
33888,0,61368,148,99611,35.00,-8.45,-4.01
33910,0,61368,149,99654,35.00,-8.65,-4.05
33932,0,61368,141,99688,35.00,-8.73,-4.04
33954,0,61368,136,99719,35.00,-8.86,-4.01
33976,0,61368,127,99761,35.00,-8.95,-4.06
33998,0,61368,136,99790,35.00,-8.94,-4.12
34040,0,61368,143,99943,35.00,-9.01,-4.16
34062,0,61368,159,100003,35.00,-8.82,-4.11
34084,0,61368,175,100066,35.00,-8.99,-4.09
34106,1851,61368,229,100129,35.00,-8.88,-4.17
34128,3603,61560,238,100193,35.00,-8.83,-4.20
34150,4095,61560,233,100275,35.00,-8.57,-4.04
34172,4095,61560,227,100335,35.00,-8.63,-4.03
34194,4095,61368,215,100414,35.00,-8.68,-4.05
34216,4095,61560,205,100474,35.00,-8.67,-3.99
34238,4095,61368,209,100529,35.00,-8.60,-4.06
34260,4095,61368,213,100595,35.00,-8.65,-4.09
34301,4095,61368,215,100752,35.00,-8.73,-4.08
34323,4095,61368,217,100795,35.00,-8.73,-4.08
34345,4095,61368,222,100858,35.00,-8.63,-3.98
34367,4095,61368,217,100912,35.00,-8.72,-3.85
34389,4095,61368,212,100960,35.00,-8.76,-4.11
34411,4092,61368,203,100909,35.00,-8.48,-4.31
34433,4095,61368,189,100750,35.00,-8.51,-4.25
34455,173,61368,124,100534,35.00,-8.70,-3.83
34477,0,61368,152,100330,35.00,-8.62,-3.49
34499,0,61368,157,100162,35.00,-8.80,-3.69
34542,3869,61368,213,99754,35.00,-8.59,-3.41
34564,4095,61368,216,99650,35.00,-8.71,-3.57
34586,0,61368,132,99546,35.00,-8.78,-3.68
34608,1235,61368,169,99445,35.00,-8.85,-3.88
34630,2633,61368,186,99389,35.00,-8.92,-3.94
34652,4095,61368,188,99386,35.00,-8.89,-3.84
34674,3415,61368,170,99413,35.00,-8.93,-3.65
34696,3043,61368,186,99439,35.00,-8.90,-3.55
34718,2195,61368,171,99470,35.00,-8.90,-3.54
34740,4077,61368,205,99496,35.00,-8.90,-3.56
34782,3123,61368,205,99614,35.00,-8.86,-3.69
34804,3446,60856,204,99671,35.00,-8.79,-3.83
34826,1737,61368,169,99719,35.00,-8.78,-3.75
34848,82,61368,147,99783,35.00,-8.72,-3.82
34870,729,60856,157,99840,35.00,-8.77,-3.95
34892,269,60856,152,99909,35.00,-8.89,-4.00
34914,0,60856,155,99976,35.00,-8.87,-4.02
34936,4,60856,153,100044,35.00,-8.99,-4.01
34958,734,60856,181,100114,35.00,-9.25,-3.91
34980,1471,60856,203,100191,35.00,-9.39,-3.79
35360,1363,60856,229,100280,36.33,-9.19,-3.50
35388,0,60088,157,99298,35.00,-8.43,-4.05
35410,0,60856,150,99280,35.00,-8.47,-4.11
35432,0,60856,140,99296,35.00,-8.43,-4.08
35454,0,60856,125,99332,35.00,-8.56,-4.03
35476,0,60856,135,99378,35.00,-8.85,-3.98
35498,0,60856,139,99415,35.00,-9.03,-3.74
35520,0,60856,153,99430,35.00,-9.14,-3.54
35542,2985,60856,217,99452,35.00,-9.13,-3.53
35584,4095,60088,213,99532,35.00,-8.91,-3.46
35606,4095,60088,211,99551,35.00,-8.94,-3.57
35628,4095,60856,204,99576,35.00,-8.84,-3.67
35650,4095,60088,191,99599,35.00,-8.84,-3.77
35672,4095,60856,185,99636,35.00,-8.83,-3.75
35694,4095,60856,188,99689,35.00,-8.76,-3.83
35716,4095,60856,188,99740,35.00,-8.71,-3.80
35738,4095,60088,199,99798,35.00,-8.67,-3.86
35760,4063,60856,199,99874,35.00,-8.75,-3.87
35782,2519,60088,190,99956,35.00,-8.81,-3.83
35804,3005,60088,207,100050,35.00,-8.78,-3.70
35845,3466,60088,205,100300,35.00,-8.83,-3.78
35867,3711,59576,201,100374,35.00,-8.59,-3.83
35889,2579,60088,175,100446,35.00,-8.83,-3.70
35911,3284,60088,187,100519,35.00,-9.03,-3.86
35933,4095,60088,207,100531,35.00,-9.04,-3.88
35955,4095,60088,205,100393,35.00,-8.89,-3.90
35977,4095,60088,211,100175,35.00,-8.71,-3.91
35999,4095,59576,221,99943,35.00,-8.67,-3.99
36021,932,59576,163,99737,35.00,-8.70,-3.89
36043,924,60088,175,99558,35.00,-8.74,-4.07
36086,0,60088,168,99155,35.00,-8.79,-3.97
36108,0,60088,166,99072,35.00,-8.68,-3.85
36130,1477,59576,186,99021,35.00,-8.66,-3.97
36152,1002,59576,165,98985,35.00,-8.71,-3.92
36174,1197,59576,167,99001,35.00,-8.66,-3.90
36196,2075,59576,179,99057,35.00,-8.68,-3.89
36218,1397,59576,165,99143,35.00,-8.70,-3.89
36240,311,59576,165,99212,35.00,-8.63,-3.86
36262,357,59576,173,99281,35.00,-8.65,-3.92
36284,445,59576,175,99329,35.00,-8.61,-3.91
36326,1427,59576,175,99507,35.00,-8.65,-3.93
36348,703,59576,155,99556,35.00,-8.54,-3.89
36370,478,59576,147,99619,35.00,-8.45,-3.89
36392,0,59576,139,99673,35.00,-8.49,-3.87
36414,0,59576,137,99724,35.00,-8.67,-3.97
36436,0,59576,136,99768,35.00,-8.66,-3.90
36458,0,59576,140,99838,35.00,-8.61,-3.97
36480,0,59576,140,99886,35.00,-8.75,-3.87
36502,0,59576,147,99926,35.00,-8.84,-3.93
36524,2569,59576,205,99960,35.00,-8.98,-3.75
36546,3442,59576,174,99994,35.00,-8.95,-3.73
36587,4083,59576,187,100083,35.00,-9.10,-3.74
36609,4095,59576,187,100139,35.00,-8.89,-3.77
36631,4095,59576,187,100204,35.00,-8.73,-3.65
36653,4095,59576,185,100261,35.00,-8.74,-3.76
36675,4095,59576,182,100292,35.00,-8.89,-3.86
36697,4095,59192,187,100211,35.00,-8.81,-3.85
36719,4095,59192,201,100015,35.00,-8.71,-3.92
36741,4095,59576,201,99753,35.00,-8.59,-4.08
36763,4095,59576,205,99474,35.00,-8.60,-4.18
36785,391,59192,135,99224,35.00,-8.69,-4.22
36828,111,59192,151,98702,35.00,-8.99,-3.95
36850,2367,59192,205,98609,35.00,-8.87,-3.89
36872,2903,59192,192,98558,35.00,-8.79,-3.87
36894,4085,59192,211,98534,35.00,-8.72,-3.92
36916,4095,59192,211,98576,35.00,-8.66,-3.93
36938,4095,59192,215,98654,35.00,-8.67,-4.02
36960,4095,59192,229,98763,35.00,-8.72,-4.09
36982,2450,59192,186,98881,35.00,-8.64,-4.13
37394,347,59192,153,98966,36.65,-8.64,-4.11
37429,4095,58680,191,100600,35.00,-8.42,-4.01
37451,4095,58680,175,100560,35.00,-8.51,-4.12
37473,117,58680,114,100340,35.00,-8.55,-4.01
37495,0,58680,136,100058,35.00,-8.53,-3.98
37517,0,58680,139,99770,35.00,-8.62,-4.00
37539,0,59192,136,99484,35.00,-8.74,-4.04
37561,0,58680,141,99234,35.00,-9.04,-3.95
37583,0,58680,149,99002,35.00,-9.07,-3.78
37605,2325,58680,189,98803,35.00,-9.13,-3.59
37627,485,58680,155,98657,35.00,-9.02,-3.64
37670,3469,58680,197,98550,35.00,-8.74,-3.79
37692,4095,58680,179,98637,35.00,-8.69,-3.90
37714,4019,58680,189,98743,35.00,-8.78,-3.94
37736,4095,58680,201,98822,35.00,-8.78,-3.90
37758,4095,58680,202,98891,35.00,-8.91,-3.89
37780,4095,58680,205,98945,35.00,-8.85,-3.80
37802,4095,57912,211,98994,35.00,-8.75,-3.81
37824,4095,57912,201,99049,35.00,-8.76,-3.87
37846,4095,57912,205,99112,35.00,-8.76,-3.82
37868,2935,57912,175,99176,35.00,-8.89,-3.94
37910,1241,57912,142,99439,35.00,-8.76,-3.85
37932,2503,57912,165,99517,35.00,-8.86,-3.85
37954,2169,58680,170,99609,35.00,-8.71,-3.83
37976,3609,59192,211,99702,35.00,-8.86,-4.02
37998,4069,59192,223,99788,35.00,-8.75,-4.09
38020,4075,59192,227,99857,35.00,-8.74,-4.15
38042,367,59192,143,99949,35.00,-8.91,-4.13
38064,0,59192,159,100038,35.00,-8.82,-4.19
38086,84,59576,171,100110,35.00,-8.65,-4.05
38108,0,59576,149,100199,35.00,-8.62,-4.09
38130,0,59576,156,100292,35.00,-8.55,-4.12
38171,0,59576,155,100531,35.00,-8.58,-3.96
38193,0,59576,152,100613,35.00,-8.68,-3.97
38215,0,59576,163,100635,35.00,-8.82,-4.04
38237,2075,59576,211,100481,35.00,-8.53,-4.02
38259,1045,59576,171,100224,35.00,-8.67,-4.11
38281,0,59576,155,99936,35.00,-8.58,-4.15
38303,0,59576,169,99657,35.00,-8.63,-4.12
38325,535,59576,168,99413,35.00,-8.63,-4.05
38347,1881,59576,171,99201,35.00,-8.65,-4.03
38369,2419,59192,183,99024,35.00,-8.69,-3.96
38412,4085,59192,199,98712,35.00,-8.61,-4.01
38434,4095,59192,196,98705,35.00,-8.51,-4.10
38456,1114,59192,153,98749,35.00,-8.52,-4.04
38478,1831,59192,209,98827,35.00,-8.53,-4.01
38500,723,59192,173,98935,35.00,-8.65,-3.94
38522,0,59192,163,99016,35.00,-8.66,-3.89
38544,0,59192,147,99086,35.00,-8.74,-3.86
38566,0,59192,148,99143,35.00,-8.84,-3.87
38588,3327,59192,218,99176,35.00,-8.91,-3.82
38610,3983,59192,183,99199,35.00,-8.86,-3.83
38652,1933,59192,149,99307,35.00,-8.77,-3.87
38674,4092,58680,189,99351,35.00,-8.78,-3.99
38696,3497,58680,187,99410,35.00,-8.76,-3.90
38718,2741,58680,189,99470,35.00,-8.74,-3.95
38740,1801,58680,183,99538,35.00,-8.75,-3.85
38762,1925,58680,175,99608,35.00,-8.80,-3.88
38784,1195,58680,153,99701,35.00,-8.79,-3.84
38806,2581,57912,171,99775,35.00,-8.77,-3.87
38828,3128,57912,186,99859,35.00,-8.75,-3.90
38850,1935,57912,147,99930,35.00,-8.73,-3.93
38872,3310,57912,186,100002,35.00,-8.92,-4.01
38913,2312,57912,189,100221,35.00,-8.69,-3.94
38935,751,57912,139,100318,35.00,-8.66,-3.85
38957,2211,57912,189,100399,35.00,-8.70,-3.95
38979,1799,57912,200,100404,35.00,-8.92,-3.94
39682,2021,57400,201,100243,37.00,-8.82,-3.94
39715,285,24528,141,100431,35.00,-8.66,-3.76
39737,4095,24016,201,100449,35.00,-8.90,-3.90
39759,4095,23248,214,100377,35.00,-8.84,-3.99
39781,4095,23248,203,100139,35.00,-8.87,-3.84
39803,4095,22736,199,99834,35.00,-8.81,-3.87
39825,4095,22352,186,99527,35.00,-8.85,-3.89
39847,4095,22352,185,99235,35.00,-8.89,-3.78
39869,4095,21840,183,98994,35.00,-8.78,-3.81
39891,2657,21840,157,98803,35.00,-8.87,-3.83
39913,4072,22352,211,98656,35.00,-8.90,-3.89
39955,4095,22736,215,98488,35.00,-8.83,-3.98
39977,4095,23248,221,98537,35.00,-8.79,-3.99
39999,4095,23248,221,98630,35.00,-8.71,-3.91
40021,3081,23248,211,98752,35.00,-8.74,-3.91
40043,3091,23248,206,98870,35.00,-8.83,-4.00
40065,2443,23248,169,98987,35.00,-8.54,-3.81
40087,3129,23248,210,99060,35.00,-8.87,-3.82
40109,3911,22736,215,99130,35.00,-8.82,-3.82
40131,4095,22352,199,99203,35.00,-8.76,-3.94
40153,265,21072,119,99284,35.00,-8.74,-3.90
40175,2646,20560,211,99365,35.00,-8.69,-3.94
40216,891,20368,181,99637,35.00,-8.67,-4.05
40238,0,19856,179,99718,35.00,-8.63,-4.10
40260,0,19856,173,99818,35.00,-8.58,-4.07
40282,0,19856,165,99920,35.00,-8.65,-4.01
40304,1437,19856,181,100010,35.00,-8.65,-3.97
40326,73,19856,139,100098,35.00,-8.67,-4.02
40348,0,20368,141,100192,35.00,-8.74,-3.88
40370,0,20368,150,100276,35.00,-8.62,-3.92
40392,0,21072,153,100353,35.00,-8.60,-3.99
40414,0,22352,163,100419,35.00,-8.65,-3.99
40436,0,24016,169,100483,35.00,-8.77,-4.09
40477,2023,24528,215,100674,35.00,-8.35,-3.94
40499,3557,26800,203,100756,35.00,-8.30,-3.95
40521,1653,28784,163,100817,35.00,-8.60,-4.10
40543,2923,31472,200,100744,35.00,-8.73,-3.98
40565,1061,34952,118,100497,35.00,-8.73,-3.95
40587,461,37448,133,100181,35.00,-8.83,-3.98
40609,2605,39112,187,99859,35.00,-8.86,-4.02
40631,4092,41000,174,99542,35.00,-8.70,-4.05
40653,206,43176,121,99283,35.00,-8.66,-4.07
40675,2921,44968,200,99053,35.00,-8.66,-4.09
40717,0,45160,146,98628,35.00,-8.72,-4.06
40739,1381,46952,155,98570,35.00,-8.89,-3.97
40761,1069,48616,119,98555,35.00,-8.80,-3.65
40783,1527,49688,105,98604,35.00,-8.91,-3.61
40805,4095,52632,199,98663,35.00,-9.08,-3.54
40827,4077,55128,171,98747,35.00,-9.44,-3.60
40849,4015,57304,173,98803,35.00,-9.05,-3.59
40871,4093,57304,187,98849,35.00,-8.99,-3.36
40893,4094,57400,191,98877,35.00,-9.28,-3.37
40915,4089,57912,217,98917,35.00,-9.07,-3.49
40937,4095,57912,222,98967,35.00,-8.92,-3.65
40978,4092,57912,223,99178,35.00,-8.71,-3.79
41716,4095,58680,213,99264,37.19,-8.84,-3.88
41741,4095,68996,206,99221,35.00,-8.91,-3.48
41763,4095,68228,189,99310,35.00,-8.96,-3.49
41785,4095,68228,191,99400,35.00,-9.12,-3.61
41807,4095,68228,213,99498,35.00,-9.06,-3.46
41829,4095,68996,227,99607,35.00,-9.18,-3.33
41851,4095,68996,233,99711,35.00,-9.05,-3.46
41873,4095,68996,231,99819,35.00,-8.65,-3.59
41895,4095,68996,219,99906,35.00,-8.72,-3.86
41917,4095,68996,211,100009,35.00,-8.58,-3.85
41939,4095,69508,211,100082,35.00,-8.83,-3.93
41981,3307,68996,200,100236,35.00,-8.98,-3.91
42733,1948,68996,147,100284,37.35,-8.78,-3.89
42762,3621,59576,211,100120,35.00,-8.69,-3.92
42784,3055,59192,176,100220,35.00,-8.67,-3.87
42806,2825,60088,183,100298,35.00,-8.73,-3.89
42828,2093,61368,167,100395,35.00,-8.83,-3.75
42850,3195,61560,189,100481,35.00,-8.79,-3.79
42872,2915,61560,187,100571,35.00,-9.12,-3.72
42894,2619,62072,179,100576,35.00,-9.12,-3.88
42916,4095,62840,205,100405,35.00,-8.99,-3.77
42938,4095,63352,199,100131,35.00,-8.84,-3.84
42960,3213,63736,171,99841,35.00,-8.75,-3.79
42982,3077,63736,159,99574,35.00,-8.62,-3.71
43023,3723,63736,184,98993,35.00,-8.78,-4.08
43045,1827,63736,159,98875,35.00,-8.74,-4.06
43067,2744,63736,199,98805,35.00,-7.99,-3.87
43089,1768,63736,168,98794,35.00,-8.74,-3.93
43111,2635,63736,213,98839,35.00,-8.44,-3.96
43133,2935,63736,201,98921,35.00,-8.77,-3.95
43155,3179,63352,221,99047,35.00,-8.69,-3.95
43177,4095,63352,213,99168,35.00,-8.72,-4.14
43199,2739,63352,171,99271,35.00,-8.79,-3.97
43221,0,62840,139,99354,35.00,-8.76,-3.88
43243,0,62840,147,99436,35.00,-8.75,-3.88
43284,1071,62072,167,99625,35.00,-8.64,-3.85
43306,267,62072,154,99710,35.00,-8.57,-3.90
43328,0,62072,157,99775,35.00,-8.68,-3.95
43350,0,61560,157,99837,35.00,-8.74,-3.86
43372,2,61560,163,99902,35.00,-8.83,-3.91
43394,486,61560,151,99957,35.00,-8.85,-3.90
43416,1653,61560,183,100038,35.00,-8.85,-3.82
43438,1527,61560,169,100100,35.00,-8.73,-3.86
43460,2134,61560,172,100173,35.00,-8.73,-3.83
43482,1819,61560,165,100246,35.00,-8.75,-3.79
43524,529,62072,152,100461,35.00,-8.89,-3.91
43546,2967,62072,199,100532,35.00,-8.93,-3.87
43568,3036,62072,206,100602,35.00,-8.90,-3.83
43590,3671,61560,232,100678,35.00,-8.85,-3.84
43612,3411,62072,219,100773,35.00,-8.81,-3.80
43634,3080,62072,217,100860,35.00,-9.06,-3.79
43656,4095,62072,233,100934,35.00,-9.00,-3.89
43678,1461,62072,183,100878,35.00,-8.96,-3.97
43700,3940,62072,222,100629,35.00,-8.69,-3.94
43722,2206,62072,201,100335,35.00,-8.62,-3.90
43744,4095,62072,234,100063,35.00,-8.70,-3.97
43785,4095,62840,222,99516,35.00,-8.68,-4.03
43807,1161,62072,175,99397,35.00,-8.72,-3.88
43829,867,62840,180,99336,35.00,-8.73,-3.87
43851,1811,63352,203,99302,35.00,-8.77,-3.92
43873,0,63352,175,99300,35.00,-8.66,-3.89
43895,0,63352,155,99333,35.00,-8.69,-3.85
43917,0,63352,170,99427,35.00,-8.77,-3.93
43939,0,63352,164,99530,35.00,-8.75,-3.91
43961,0,63352,169,99628,35.00,-8.77,-3.93
43983,0,63352,159,99715,35.00,-8.75,-3.93
44511,0,63352,169,99801,36.00,-8.71,-3.87
44547,4095,59576,201,99279,35.00,-8.91,-3.66
44569,3114,59576,187,99172,35.00,-8.83,-3.62
44591,3465,59192,207,99103,35.00,-8.79,-3.69
44613,3293,59576,191,99073,35.00,-8.83,-3.74
44635,2707,59576,165,99085,35.00,-8.73,-3.80
44657,2619,60088,157,99142,35.00,-8.76,-3.83
44679,2363,60088,173,99223,35.00,-8.92,-3.84
44701,2663,60088,173,99318,35.00,-8.98,-3.78
44723,2458,60088,169,99399,35.00,-8.96,-3.85
44745,3833,60088,213,99474,35.00,-9.12,-3.83
44767,4079,60088,221,99553,35.00,-9.05,-3.84
44808,1343,60088,188,99777,35.00,-8.91,-3.71
44830,4095,60856,255,99890,35.00,-9.05,-3.83
44852,2011,60856,221,99995,35.00,-8.89,-3.81
44874,4095,61368,227,100092,35.00,-8.87,-3.78
44896,4095,61560,227,100192,35.00,-9.00,-3.90
44918,4095,61560,213,100285,35.00,-8.72,-3.69
44940,4095,62072,211,100390,35.00,-8.67,-3.88
44962,4095,62840,213,100495,35.00,-8.61,-3.83
44984,3119,62840,189,100600,35.00,-8.75,-3.83
45528,1981,63352,181,100689,35.85,-8.99,-3.70
45570,4095,62840,200,99814,35.00,-8.77,-3.66
45592,4095,62840,199,99855,35.00,-8.83,-3.96
45614,4095,62840,191,99899,35.00,-9.04,-4.03
45636,4095,63352,184,99966,35.00,-8.95,-4.02
45658,4095,63352,186,100045,35.00,-8.92,-3.81
45680,4095,63352,185,100127,35.00,-8.68,-3.62
45702,4095,63736,189,100223,35.00,-8.73,-3.59
45724,4095,63736,207,100309,35.00,-8.78,-3.52
45746,4095,63736,213,100385,35.00,-9.05,-3.63
45768,4095,63736,213,100454,35.00,-9.01,-3.52
45810,4095,63736,216,100628,35.00,-8.71,-3.71
45832,4095,63736,201,100676,35.00,-8.64,-3.65
45854,2175,63736,159,100722,35.00,-8.65,-3.65
45876,685,63352,146,100778,35.00,-8.77,-3.73
45898,0,63736,136,100743,35.00,-8.86,-3.73
45920,0,63352,141,100533,35.00,-9.31,-3.80
45942,108,63352,155,100207,35.00,-9.17,-3.71
45964,4095,63352,231,99889,35.00,-9.18,-3.76
45986,4095,63352,229,99598,35.00,-8.73,-3.68
46544,4095,63352,236,99350,36.08,-8.89,-3.63
46574,0,61560,149,100207,35.00,-8.93,-3.42
46596,4095,61368,203,100002,35.00,-9.01,-3.52
46618,4095,61368,180,100045,35.00,-9.03,-3.52
46640,4095,61560,184,99948,35.00,-8.97,-3.56
46662,4095,61560,191,99678,35.00,-8.97,-3.63
46684,4095,62072,203,99310,35.00,-8.91,-3.78
46706,4095,62840,203,98934,35.00,-8.89,-3.83
46728,4095,62840,212,98579,35.00,-8.85,-3.76
46750,4095,63352,211,98279,35.00,-8.91,-3.75
46772,4095,63352,207,98028,35.00,-8.80,-3.69
46813,4095,63352,199,97484,35.00,-8.78,-3.60
46835,3683,63352,171,97425,35.00,-8.77,-3.55
46857,2439,63352,158,97439,35.00,-8.69,-3.65
46879,2387,63352,158,97508,35.00,-8.87,-3.72
46901,2197,63352,159,97609,35.00,-8.81,-3.75
46923,1961,63352,165,97709,35.00,-8.94,-3.72
46945,2975,63352,197,97823,35.00,-9.03,-3.72
46967,3112,63352,186,97946,35.00,-9.02,-3.65
46989,4095,63352,209,98064,35.00,-8.99,-3.73
47561,4095,63352,201,98194,36.37,-9.12,-3.77
47595,0,62840,155,97813,35.00,-8.92,-3.80
47617,0,62840,127,97877,35.00,-8.87,-3.74
47639,0,62072,140,97983,35.00,-8.91,-3.82
47661,3852,61368,209,98088,35.00,-8.85,-3.77
47683,4095,60088,197,98167,35.00,-9.04,-3.67
47705,3398,59192,185,98226,35.00,-9.14,-3.72
47727,1992,59192,168,98289,35.00,-9.01,-3.75
47749,2655,58680,187,98328,35.00,-8.90,-3.71
47771,1497,58680,153,98384,35.00,-8.76,-3.67
47793,1979,57912,170,98449,35.00,-8.63,-3.63
47815,4095,59192,191,98525,35.00,-8.71,-3.68
47856,4095,59576,187,98739,35.00,-8.73,-3.76
47878,4095,59576,181,98840,35.00,-8.89,-3.78
47900,4095,59576,190,98933,35.00,-8.90,-3.82
47922,4095,59576,200,99011,35.00,-8.94,-3.86
47944,4095,59576,211,99087,35.00,-9.00,-3.87
47966,4095,60088,213,99184,35.00,-8.91,-3.71
47988,4095,60088,213,99292,35.00,-9.02,-3.70
48577,4095,60088,207,99396,36.67,-8.80,-3.74
48618,0,60856,117,98893,35.00,-9.15,-3.80
48640,0,60088,147,98979,35.00,-9.51,-3.47
48662,0,60088,156,99065,35.00,-9.24,-3.19
48684,0,60856,167,99141,35.00,-9.13,-3.29
48706,2909,61368,235,99235,35.00,-8.75,-3.46
48728,4095,61560,206,99293,35.00,-8.59,-3.37
48750,4095,61560,190,99349,35.00,-8.66,-3.76
48772,4095,61560,185,99383,35.00,-8.89,-4.16
48794,4095,62072,183,99360,35.00,-9.03,-4.01
48816,4095,62072,187,99193,35.00,-8.89,-3.84
48858,4095,62072,191,98114,35.00,-8.69,-3.64
48880,3847,62072,188,97754,35.00,-8.68,-3.49
48902,3788,62072,205,97426,35.00,-8.99,-3.54
48924,4095,62072,227,97114,35.00,-9.06,-3.65
48946,1209,62072,160,96872,35.00,-8.85,-3.80
48968,2460,62072,175,96729,35.00,-8.88,-3.75
48990,1300,62072,141,96649,35.00,-8.80,-3.80
49593,288,62072,123,96632,36.22,-8.94,-3.70
49624,0,57912,119,96845,35.00,-8.92,-3.76
49646,0,54616,141,96481,35.00,-9.05,-3.76
49668,0,53144,139,96227,35.00,-9.00,-3.64
49690,1097,53144,165,96102,35.00,-8.88,-3.60
49712,4095,53144,191,96075,35.00,-8.98,-3.49
49734,4095,53848,200,96114,35.00,-9.01,-3.55
49756,4095,55512,199,96225,35.00,-8.92,-3.57
49778,4095,57912,199,96377,35.00,-8.83,-3.69
49800,4095,61560,206,96542,35.00,-8.84,-3.78
49841,4095,63352,207,96788,35.00,-8.77,-3.82
49863,4095,64248,205,96856,35.00,-8.74,-3.77
49885,4095,65528,205,96912,35.00,-8.79,-3.74
49907,4095,65528,201,96989,35.00,-8.93,-3.81
49929,4095,65528,202,97094,35.00,-8.92,-3.78
49951,4095,65016,202,97197,35.00,-8.91,-3.78
49973,4095,63352,197,97330,35.00,-8.87,-3.77
49995,4095,57304,191,97460,35.00,-8.78,-3.72
50357,4095,53144,202,97591,36.71,-8.86,-3.78
50385,0,60856,171,96007,35.00,-8.67,-3.79
50407,0,60088,155,95945,35.00,-8.67,-3.86
50429,0,60088,151,95921,35.00,-8.61,-3.79
50451,0,60088,149,95957,35.00,-8.71,-3.79
50473,0,59576,151,96082,35.00,-8.71,-3.85
50495,687,59576,171,96245,35.00,-8.74,-3.75
50517,1967,60088,199,96434,35.00,-8.61,-3.86
50539,3411,60088,215,96580,35.00,-8.36,-3.84
50561,4015,60088,205,96721,35.00,-8.21,-4.05
50603,757,60088,137,96977,35.00,-8.45,-4.23
50625,0,60856,120,97039,35.00,-8.87,-4.16
50647,0,60088,131,97086,35.00,-9.24,-3.77
50669,0,60856,135,97118,35.00,-9.35,-3.53
50691,0,60088,137,97145,35.00,-9.22,-3.36
50713,0,60088,141,97185,35.00,-9.06,-3.26
50735,4095,60088,212,97261,35.00,-8.91,-3.33
50757,4095,60088,202,97335,35.00,-8.88,-3.48
50779,4095,60088,215,97422,35.00,-8.89,-3.60
50801,4095,60088,213,97502,35.00,-8.78,-3.80
50844,4095,60088,211,97706,35.00,-8.85,-3.96
50866,4095,59576,189,97759,35.00,-8.77,-3.79
50888,4095,59576,181,97802,35.00,-8.66,-3.62
50910,4095,59576,183,97839,35.00,-8.66,-3.59
50932,4095,59576,181,97867,35.00,-8.80,-3.60
50954,4095,60088,184,97735,35.00,-9.04,-3.72
50976,4095,60088,197,97435,35.00,-9.13,-3.67
50998,4095,60856,211,96984,35.00,-8.96,-3.82
51020,4095,61368,213,96374,35.00,-8.98,-3.88
51042,4095,61560,219,95748,35.00,-9.02,-3.68
51084,719,62072,157,95049,35.00,-8.82,-3.63
51106,1183,63736,173,95043,35.00,-8.82,-3.71
51128,2520,64248,187,95093,35.00,-8.88,-3.72
51150,4043,64248,203,95188,35.00,-9.01,-3.94
51172,4095,64248,211,95340,35.00,-8.73,-3.96
51194,4095,65016,209,95557,35.00,-8.86,-3.96
51216,3453,65016,203,95771,35.00,-8.70,-3.87
51238,2981,65016,213,95968,35.00,-8.70,-3.88
51260,3018,65016,206,96140,35.00,-8.80,-3.84
51282,983,65016,156,96257,35.00,-8.78,-3.87
51304,427,65016,155,96364,35.00,-8.65,-3.71
51345,869,65016,172,96574,35.00,-8.69,-3.89
51367,0,65016,158,96668,35.00,-8.66,-3.91
51389,0,65016,154,96757,35.00,-8.56,-3.93
51411,0,65016,149,96847,35.00,-8.61,-3.92
51433,0,64248,153,96947,35.00,-8.58,-3.98
51455,0,63736,163,97056,35.00,-8.68,-4.00
51477,0,63736,171,97199,35.00,-8.67,-3.80
51499,0,63352,173,97338,35.00,-8.75,-3.84
51521,0,62840,167,97500,35.00,-8.77,-3.90
51543,0,63352,157,97657,35.00,-8.72,-3.99
51586,0,62840,153,98106,35.00,-8.12,-4.08
51608,0,63352,137,98240,35.00,-8.11,-3.99
51630,0,63352,123,98371,35.00,-8.44,-4.18
51652,0,63352,116,98459,35.00,-8.66,-4.22
51674,0,63736,122,98397,35.00,-8.91,-3.90
51696,0,63352,135,98159,35.00,-9.18,-3.71
51718,0,63352,137,97825,35.00,-9.35,-3.64
51740,773,63736,155,97470,35.00,-9.09,-3.59
51762,4029,64248,189,97084,35.00,-8.84,-3.63
51784,751,64248,148,96725,35.00,-9.24,-3.33
51826,293,64248,174,96398,35.00,-9.06,-3.25
51848,4095,64248,203,96455,35.00,-9.03,-3.29
51870,4095,64248,186,96574,35.00,-8.79,-3.38
51892,4095,64248,189,96734,35.00,-8.60,-3.54
51914,4095,64248,198,96908,35.00,-8.74,-3.65
51936,4095,64248,211,97038,35.00,-8.68,-3.75
51958,4095,64248,213,97140,35.00,-8.74,-3.72
51980,4095,64248,211,97197,35.00,-9.04,-3.63
52388,4095,64248,201,97244,37.53,-8.87,-3.64
52428,0,64248,153,98077,35.00,-8.67,-3.94
52450,0,63736,149,97664,35.00,-8.73,-3.92
52472,0,63736,157,97164,35.00,-8.67,-3.90
52494,0,63736,169,96567,35.00,-8.76,-3.90
52516,0,63736,170,96037,35.00,-8.74,-3.87
52538,0,63736,173,95718,35.00,-8.68,-3.79
52560,0,64248,167,95574,35.00,-8.82,-3.88
52582,0,64248,159,95547,35.00,-8.67,-3.82
52604,0,64248,159,95583,35.00,-8.72,-3.78
52626,0,64248,153,95692,35.00,-8.68,-3.84
52668,0,64248,153,96249,35.00,-8.73,-3.86
52690,0,64248,151,96397,35.00,-8.72,-3.83
52712,0,64248,159,96516,35.00,-8.69,-4.08
52734,0,65016,159,96621,35.00,-8.77,-4.11
52756,0,65016,165,96718,35.00,-8.55,-3.95
52778,0,65016,147,96849,35.00,-8.59,-4.09
52800,0,65016,134,96997,35.00,-8.39,-3.70
52822,0,65016,135,97170,35.00,-8.51,-3.43
52844,0,65016,139,97337,35.00,-8.63,-3.52
52866,2923,65528,198,97505,35.00,-9.07,-3.55
52888,1997,65016,147,97679,35.00,-9.18,-3.58
52929,2463,65528,163,97837,35.00,-8.81,-3.55
52951,4009,65528,187,97547,35.00,-8.73,-3.68
52973,4029,65016,202,97093,35.00,-8.73,-3.71
52995,4039,65016,199,96502,35.00,-8.71,-3.75
53406,4027,65016,205,95965,37.75,-8.82,-3.84
53434,2631,65016,169,97565,35.00,-8.80,-3.92
53456,2463,65016,204,97681,35.00,-8.88,-3.96
53478,4095,64248,227,97743,35.00,-8.67,-3.83
53500,4095,64248,216,97821,35.00,-8.75,-3.66
53522,4095,63736,213,97891,35.00,-8.74,-3.86
53544,4092,63736,210,97976,35.00,-8.61,-3.87
53566,4045,63736,205,98041,35.00,-8.75,-3.80
53588,2239,63352,179,98112,35.00,-8.73,-3.89
53610,0,63736,155,98200,35.00,-8.77,-3.84
53651,0,63352,169,98402,35.00,-8.79,-3.93
53673,0,63352,169,98484,35.00,-8.82,-3.73
53695,0,63352,175,98556,35.00,-8.90,-3.78
53717,0,63352,175,98620,35.00,-8.60,-4.00
53739,0,63352,168,98691,35.00,-8.56,-3.75
53761,0,63352,159,98753,35.00,-8.73,-3.77
53783,0,63352,163,98838,35.00,-8.89,-3.88
53805,0,63352,157,98835,35.00,-8.80,-3.77
53827,0,63352,155,98600,35.00,-8.73,-3.89
53849,0,63352,158,98202,35.00,-8.76,-3.81
53892,0,63352,163,96710,35.00,-8.79,-3.79
53914,0,63352,175,96180,35.00,-8.70,-3.79
53936,0,63352,172,95818,35.00,-8.64,-3.83
53958,0,63736,168,95674,35.00,-8.70,-3.88
53980,0,63736,157,95686,35.00,-8.53,-3.88
54423,0,63736,149,95759,38.13,-8.57,-3.83
54453,4019,65016,185,97702,35.00,-8.95,-3.58
54475,4046,65016,212,97771,35.00,-8.74,-3.57
54497,4040,65528,206,97836,35.00,-8.73,-3.58
54519,4041,65528,206,97883,35.00,-8.84,-3.65
54541,2020,65528,155,97800,35.00,-9.05,-3.74
54563,3221,65528,183,97519,35.00,-9.08,-3.65
54585,2951,65528,167,97084,35.00,-9.02,-3.78
54607,3993,65540,199,96484,35.00,-8.94,-3.72
54629,1967,65528,165,95859,35.00,-8.95,-3.71
54651,767,65528,167,95433,35.00,-9.05,-3.84
54673,0,65528,181,95268,35.00,-8.83,-3.74
54714,0,65528,186,95200,35.00,-8.98,-3.61
54736,3127,65528,237,95266,35.00,-8.63,-3.73
54758,3380,65528,231,95365,35.00,-8.76,-3.72
54780,3555,65528,215,95505,35.00,-8.83,-3.72
54802,4045,65540,205,95698,35.00,-8.76,-3.72
54824,4061,65528,212,95886,35.00,-8.67,-3.78
54846,4083,65528,207,96034,35.00,-8.74,-3.91
54868,4087,65528,213,96118,35.00,-8.55,-3.88
54890,4085,65016,206,96145,35.00,-8.81,-3.82
54912,0,65016,155,96165,35.00,-8.74,-3.89
54954,0,64248,174,96321,35.00,-8.66,-3.70
54976,0,64248,170,96434,35.00,-8.77,-3.67
54998,0,65016,157,96582,35.00,-8.87,-3.67
55020,0,65016,152,96757,35.00,-8.87,-3.79
55042,0,65016,151,96931,35.00,-8.97,-3.87
55064,0,65016,151,97111,35.00,-9.94,-3.49
55086,0,65016,146,97277,35.00,-8.44,-3.71
55108,0,65528,153,97422,35.00,-8.52,-3.71
55130,0,65016,147,97557,35.00,-8.67,-3.75
55152,0,65528,151,97669,35.00,-8.72,-3.91
55174,0,65528,156,97757,35.00,-8.82,-3.92
55215,0,65528,156,97958,35.00,-8.43,-3.95
55237,2727,65540,207,98049,35.00,-8.64,-3.80
55259,4095,66052,199,98126,35.00,-8.66,-3.80
55281,4095,66052,197,98032,35.00,-8.74,-3.86
55303,4095,66052,186,97721,35.00,-8.51,-3.76
55325,4095,66052,185,97206,35.00,-8.35,-3.82
55347,4095,66052,187,96515,35.00,-8.37,-3.81
55369,1177,66052,125,95669,35.00,-8.50,-3.82
55391,0,66052,141,94955,35.00,-8.79,-3.92
55413,0,66820,125,94530,35.00,-9.16,-3.89
55435,0,67332,134,94289,35.00,-9.24,-3.71
55476,0,66820,137,94027,35.00,-9.10,-3.62
55498,3999,66820,185,94159,35.00,-8.90,-3.65
55520,4003,66820,183,94345,35.00,-8.78,-3.80
55542,4009,66820,183,94535,35.00,-8.71,-3.82
55564,4024,66052,185,94681,35.00,-8.82,-3.85
55586,4027,66052,185,94771,35.00,-8.80,-3.79
55608,4020,66820,186,94832,35.00,-8.61,-3.65
55630,4008,67332,185,94883,35.00,-8.71,-3.63
55652,4019,67332,187,94938,35.00,-8.71,-3.69
55674,4015,67716,184,95013,35.00,-8.61,-3.67
55716,4007,67716,183,95326,35.00,-8.79,-3.73
55738,4005,68228,181,95472,35.00,-8.86,-3.72
55760,4003,68228,181,95618,35.00,-8.80,-3.82
55782,3999,67716,189,95769,35.00,-8.94,-3.81
55804,3997,67332,197,95927,35.00,-9.02,-3.85
55826,3999,67332,205,96052,35.00,-8.94,-3.80
55848,3987,67332,217,96152,35.00,-9.01,-3.78
55870,3993,66820,222,96196,35.00,-8.95,-3.80
55892,3571,66052,217,96206,35.00,-9.01,-3.90
55914,0,66052,167,96199,35.00,-8.92,-3.92
55936,0,66052,169,96230,35.00,-8.93,-3.88
55977,0,66052,164,96507,35.00,-8.76,-3.76
55999,0,67332,140,96626,35.00,-8.71,-3.65
56021,0,67716,121,96582,35.00,-8.56,-3.50
56043,0,67716,126,96343,35.00,-8.58,-3.62
56065,0,68228,124,95915,35.00,-8.54,-3.66
56087,0,68228,123,95396,35.00,-8.83,-3.78
56109,132,68228,147,95062,35.00,-9.05,-3.80
56131,4003,68228,210,94943,35.00,-8.87,-3.84
56153,3999,68228,211,94942,35.00,-8.77,-3.84
56175,3991,68228,211,94953,35.00,-8.74,-3.72
56218,3995,67716,200,95037,35.00,-8.73,-3.77
56240,3992,67716,183,95133,35.00,-8.77,-3.67
56262,2887,68228,155,95237,35.00,-8.80,-3.80
56284,0,68228,135,95325,35.00,-8.89,-3.77
56306,0,68996,151,95386,35.00,-8.92,-3.74
56328,3759,69508,223,95442,35.00,-8.77,-3.60
56350,3964,69508,243,95534,35.00,-8.82,-3.57
56372,0,68996,155,95635,35.00,-8.87,-3.62
56394,1107,68996,187,95786,35.00,-8.87,-3.62
56416,1679,68228,180,95951,35.00,-8.84,-3.67
56458,2063,68228,169,96456,35.00,-8.74,-3.83
56480,3848,68228,217,96581,35.00,-8.74,-3.85
56502,2053,68996,173,96702,35.00,-8.54,-3.81
56524,38,68996,157,96838,35.00,-8.51,-3.76
56546,2034,68996,191,96946,35.00,-8.43,-3.67
56568,0,69508,166,97055,35.00,-8.30,-3.69
56590,0,69508,175,97141,35.00,-8.68,-3.80
56612,0,69508,163,97234,35.00,-8.79,-2.84
56634,0,69508,136,97316,35.00,-8.97,-3.86
56656,0,69508,123,97375,35.00,-8.81,-3.66
56678,0,69508,124,97438,35.00,-8.74,-3.56
56719,971,69508,133,97499,35.00,-9.11,-3.46
56741,0,69700,132,97236,35.00,-9.09,-3.62
56763,3643,69700,227,96764,35.00,-9.13,-3.54
56785,2423,69700,169,96094,35.00,-9.23,-3.44
56807,405,69700,151,95492,35.00,-9.17,-3.39
56829,957,69700,187,95110,35.00,-8.92,-3.41
56851,1519,69700,167,94935,35.00,-8.72,-3.46
56873,2541,69700,198,94817,35.00,-8.68,-3.50
56895,1671,70212,155,94711,35.00,-8.77,-3.56
56917,835,70212,152,94656,35.00,-8.84,-3.62
56960,3999,69700,204,94861,35.00,-8.98,-3.71
56982,3986,70212,184,95076,35.00,-8.98,-3.64
57730,3997,70212,198,95293,36.26,-9.12,-3.54
57762,4095,69700,203,95134,35.00,-8.38,-4.00
57784,0,69700,91,95219,35.00,-8.35,-3.98
57806,0,70212,135,95322,35.00,-8.74,-4.00
57828,0,70212,151,95427,35.00,-8.67,-3.87
57850,0,70980,123,95533,35.00,-8.91,-3.62
57872,0,70980,133,95665,35.00,-9.27,-3.56
57894,0,70212,125,95828,35.00,-9.39,-3.27
57916,0,70212,135,96017,35.00,-9.29,-3.07
57938,3221,69700,186,96224,35.00,-9.19,-3.10
57960,3989,69700,189,96435,35.00,-8.94,-3.24
58502,3958,70212,187,96958,39.17,-9.02,-3.63
58544,0,69700,166,95201,35.00,-8.66,-3.66
58566,0,69700,167,95300,35.00,-8.74,-3.76
58588,0,69508,171,95402,35.00,-8.73,-3.74
58610,0,69700,174,95478,35.00,-8.70,-3.72
58632,0,69508,175,95570,35.00,-8.73,-3.82
58654,0,69508,171,95672,35.00,-8.72,-3.78
58676,0,69508,159,95788,35.00,-8.73,-3.74
58698,0,69508,153,95907,35.00,-8.86,-3.67
58720,378,69508,167,96030,35.00,-8.83,-3.62
58742,2123,68996,185,96155,35.00,-8.69,-3.67
58784,4095,68996,217,96520,35.00,-8.60,-3.85
58806,4095,69508,204,96619,35.00,-8.08,-3.96
58828,0,69508,117,96743,35.00,-7.91,-4.04
58850,0,69700,135,96896,35.00,-7.96,-4.09
58872,0,69508,142,97047,35.00,-8.70,-4.08
58894,0,69700,141,97155,35.00,-8.93,-3.85
58916,0,70212,105,97080,35.00,-9.27,-3.55
58938,0,70980,107,96837,35.00,-9.39,-3.08
58960,0,70980,111,96400,35.00,-9.31,-3.11
58982,3287,70212,197,95832,35.00,-9.31,-3.14
59511,3933,70212,207,95385,39.16,-9.14,-3.06
59546,969,69508,181,96855,35.00,-8.58,-3.85
59568,711,69508,191,96897,35.00,-8.59,-3.87
59590,0,69508,167,96948,35.00,-8.52,-3.85
59612,0,69508,171,97012,35.00,-8.81,-3.70
59634,0,69508,169,97065,35.00,-8.95,-3.86
59656,0,69508,152,97000,35.00,-8.79,-3.70
59678,0,69508,170,96773,35.00,-8.58,-3.73
59700,0,69508,156,96429,35.00,-8.72,-3.87
59722,0,69508,159,95963,35.00,-8.79,-3.77
59744,0,69508,173,95434,35.00,-8.73,-3.73
59766,0,69508,171,95010,35.00,-8.79,-3.62
59807,0,69508,175,94543,35.00,-8.82,-3.58
59829,0,69508,173,94527,35.00,-8.70,-3.61
59851,72,69508,167,94545,35.00,-8.61,-3.69
59873,297,69508,169,94626,35.00,-8.55,-3.81
59895,1655,69508,178,94799,35.00,-8.35,-3.73
59917,238,69508,139,94987,35.00,-8.37,-3.78
59939,0,69508,127,95190,35.00,-8.34,-3.85
59961,0,69508,139,95341,35.00,-8.56,-3.88
59983,0,69700,139,95460,35.00,-8.83,-3.85
60528,0,70212,152,95557,36.53,-8.98,-3.77
60569,0,73156,149,95330,35.00,-8.96,-3.74
60591,149,72388,157,95335,35.00,-9.00,-3.68
60613,1759,72388,186,95423,35.00,-9.02,-3.65
60635,4071,71876,211,95599,35.00,-9.02,-3.71
60657,4084,71492,205,95815,35.00,-8.89,-3.72
60679,4093,71492,203,96025,35.00,-8.78,-3.69
60701,4079,71492,201,96201,35.00,-8.73,-3.76
60723,4083,70980,205,96366,35.00,-8.63,-3.80
60745,4077,70980,215,96513,35.00,-8.65,-3.84
60767,201,70212,151,96643,35.00,-8.60,-3.87
60810,0,69700,153,96921,35.00,-8.76,-3.85
60832,0,68996,154,96979,35.00,-8.77,-3.76
60854,0,68996,148,97059,35.00,-9.00,-3.79
60876,0,68228,149,97143,35.00,-9.03,-3.84
60898,0,68228,157,97269,35.00,-8.90,-3.83
60920,0,68228,168,97415,35.00,-9.02,-3.79
60942,0,67716,179,97573,35.00,-8.90,-3.72
60964,0,67332,175,97729,35.00,-8.71,-3.72
60986,0,67332,167,97870,35.00,-8.61,-3.74
61545,0,67332,155,98023,36.27,-8.67,-3.81
61575,0,69508,173,96724,35.00,-8.62,-3.96
61597,0,69508,151,96880,35.00,-8.58,-4.01
61619,0,69508,155,97022,35.00,-8.80,-3.89
61641,0,69508,159,97168,35.00,-9.02,-3.85
61663,0,69508,163,97306,35.00,-9.16,-3.72
61685,0,69508,167,97477,35.00,-9.02,-3.63
61707,0,69508,168,97691,35.00,-8.98,-3.53
61729,0,69508,158,97938,35.00,-8.88,-3.52
61751,0,69508,158,98255,35.00,-8.83,-3.66
61792,4047,69508,233,99217,35.00,-8.50,-3.80
61814,4051,69508,181,99468,35.00,-8.18,-3.75
61836,2147,68996,135,99665,35.00,-8.26,-3.62
61858,1418,68996,143,99775,35.00,-8.40,-3.80
61880,4037,68228,185,99779,35.00,-8.75,-3.87
61902,4021,68228,175,99555,35.00,-9.00,-3.68
61924,2493,68228,164,99189,35.00,-9.23,-3.64
61946,3419,68228,188,98754,35.00,-9.11,-3.64
61968,1267,68228,134,98289,35.00,-8.89,-3.64
61990,0,68228,123,97830,35.00,-8.82,-3.59
62033,1581,68996,155,96566,35.00,-9.08,-3.71
62055,3961,69508,173,96395,35.00,-8.71,-3.52
62077,3960,69508,183,96376,35.00,-9.01,-3.65
62099,3995,69508,196,96408,35.00,-9.13,-3.56
62121,3995,69508,199,96549,35.00,-9.16,-3.52
62143,1496,68996,170,96725,35.00,-8.89,-3.65
62165,3993,68996,199,96905,35.00,-8.64,-3.67
62187,4027,68228,187,97014,35.00,-8.73,-3.64
62209,250,68996,107,97064,35.00,-8.94,-3.61
62231,0,68996,139,97065,35.00,-9.04,-3.62
62273,1456,68996,173,97138,35.00,-8.95,-3.77
62295,1183,68228,153,97198,35.00,-8.75,-3.71
62317,1239,68228,169,97302,35.00,-8.73,-3.54
62339,999,68228,169,97426,35.00,-8.71,-3.32
62361,3801,68996,219,97569,35.00,-8.87,-3.33
62383,3945,68996,213,97713,35.00,-9.03,-3.47
62405,3251,68996,201,97851,35.00,-9.00,-3.79
62427,0,68996,155,98009,35.00,-8.95,-3.99
62449,0,68996,169,98142,35.00,-9.02,-4.07
62471,0,69508,155,98303,35.00,-9.00,-3.94
62493,0,69508,169,98469,35.00,-8.87,-3.74
62534,0,69508,167,98955,35.00,-8.78,-3.65
62556,0,69700,153,99105,35.00,-8.69,-3.59
62578,0,69700,153,99224,35.00,-8.61,-3.64
62600,0,69700,163,99324,35.00,-8.80,-3.65
62622,0,69700,152,99380,35.00,-8.91,-3.76
62644,0,69700,147,99301,35.00,-8.94,-3.81
62666,0,69700,147,99080,35.00,-9.03,-3.94
62688,0,69700,147,98777,35.00,-8.90,-3.89
62710,0,69700,149,98471,35.00,-8.69,-3.90
62732,0,69508,145,98168,35.00,-8.55,-3.84
62775,3979,69508,207,97439,35.00,-8.71,-3.84
62797,4015,68996,189,97332,35.00,-8.74,-3.95
62819,4011,68228,201,97301,35.00,-8.70,-3.90
62841,4041,67716,214,97292,35.00,-8.73,-3.93
62863,4025,67716,211,97349,35.00,-8.74,-3.89
62885,4019,67716,214,97443,35.00,-9.01,-3.79
62907,4024,67716,206,97576,35.00,-9.07,-3.85
62929,4040,67716,211,97711,35.00,-8.94,-3.70
62951,4031,67716,204,97813,35.00,-8.99,-3.61
62973,4024,67716,201,97873,35.00,-8.83,-3.52
63581,4027,67716,203,98108,36.76,-8.93,-3.57
63617,1043,65540,167,97686,35.00,-8.88,-3.66
63639,0,66052,164,97800,35.00,-8.70,-3.65
63661,431,66820,175,97973,35.00,-8.88,-3.67
63683,0,67332,170,98136,35.00,-8.77,-3.63
63705,862,67332,175,98297,35.00,-8.72,-3.65
63727,2503,67332,179,98430,35.00,-8.73,-3.74
63749,3999,67332,199,98549,35.00,-8.82,-3.73
63771,4053,67332,199,98659,35.00,-8.66,-3.76
63793,4055,67716,189,98745,35.00,-8.57,-3.74
63815,4037,67716,188,98847,35.00,-8.73,-3.81
63857,4032,67716,191,99125,35.00,-8.75,-3.72
63879,4029,67716,199,99185,35.00,-8.68,-3.70
63901,4039,68228,206,99213,35.00,-8.49,-3.68
63923,4039,67716,203,99237,35.00,-8.55,-3.63
63945,4029,67716,199,99245,35.00,-8.69,-3.70
63967,0,68228,121,99273,35.00,-8.91,-3.81
63989,0,68228,123,99267,35.00,-8.80,-3.73
64351,0,68228,121,99304,37.80,-8.85,-3.73
64379,1855,68228,169,97296,35.00,-8.99,-3.61
64401,919,68228,171,97480,35.00,-8.84,-3.56
64423,589,68228,169,97680,35.00,-8.91,-3.63
64445,923,68228,175,97819,35.00,-8.82,-3.50
64467,843,67716,163,97957,35.00,-8.86,-3.79
64489,0,67716,137,98062,35.00,-8.51,-3.65
64511,5,67716,159,98183,35.00,-8.84,-3.72
64533,0,67716,155,98297,35.00,-8.66,-3.73
64555,0,67716,155,98404,35.00,-8.72,-3.75
64577,0,68228,160,98509,35.00,-8.63,-3.69
64619,0,68228,165,98829,35.00,-8.67,-3.70
64641,0,68996,165,98946,35.00,-8.78,-3.83
64663,0,68996,167,99058,35.00,-8.72,-3.76
64685,0,68996,163,99157,35.00,-8.78,-3.78
64707,0,68996,157,99263,35.00,-8.87,-3.73
64729,275,68996,157,99354,35.00,-8.83,-3.74
64751,580,68996,158,99420,35.00,-8.65,-3.73
64773,905,68996,168,99480,35.00,-8.68,-3.70
64795,4056,68996,207,99542,35.00,-9.13,-3.88
64817,4061,68996,211,99612,35.00,-8.64,-3.68
64839,4068,68996,212,99671,35.00,-8.45,-3.74
64880,4075,68996,207,99892,35.00,-8.60,-3.76
64902,3963,68996,191,99888,35.00,-8.59,-3.82
64924,137,68996,139,99694,35.00,-8.59,-3.73
64946,0,68996,142,99404,35.00,-8.39,-3.78
64968,0,69508,125,99079,35.00,-8.42,-3.93
64990,0,69700,123,98769,35.00,-8.99,-3.70
65362,0,69700,107,98527,38.37,-8.94,-3.68
65402,3043,69700,187,98993,35.00,-9.39,-3.79
65424,3992,70212,213,99112,35.00,-9.15,-3.71
65446,3363,69700,199,99233,35.00,-8.99,-3.62
65468,2196,69700,181,99328,35.00,-8.64,-3.62
65490,1487,70212,170,99430,35.00,-8.82,-3.60
65512,2440,70212,189,99498,35.00,-8.84,-3.70
65534,2989,70212,201,99577,35.00,-8.74,-3.62
65556,2963,70212,203,99650,35.00,-8.76,-3.79
65578,3647,70980,222,99686,35.00,-8.74,-3.89
65600,3964,70980,221,99750,35.00,-8.87,-3.79
65642,537,70212,147,100020,35.00,-8.75,-3.76
65664,5,70212,169,100095,35.00,-9.00,-3.81
65686,371,70212,167,100145,35.00,-8.92,-3.78
65708,1323,70212,199,100046,35.00,-8.75,-3.75
65730,2260,70212,187,99819,35.00,-8.77,-3.68
65752,1273,70212,168,99588,35.00,-8.76,-3.86
65774,0,70212,159,99419,35.00,-8.73,-3.81
65796,0,70212,173,99293,35.00,-8.72,-3.82
65818,0,70212,175,99191,35.00,-8.65,-3.83
65840,0,70212,171,99112,35.00,-8.77,-3.78
65862,0,70212,168,99032,35.00,-8.87,-3.77
65903,0,70212,157,98892,35.00,-8.71,-3.77
65925,1292,70212,155,98926,35.00,-8.61,-3.80
65947,1175,70212,153,98982,35.00,-8.65,-3.84
65969,1179,70212,141,99064,35.00,-8.62,-3.82
65991,0,70212,137,99138,35.00,-8.62,-3.90
66380,0,70212,152,99202,36.72,-8.65,-3.99
66408,2040,71492,164,100518,35.00,-8.71,-3.64
66430,2926,71492,159,100599,35.00,-8.79,-3.72
66452,3997,71876,198,100610,35.00,-8.95,-3.73
66474,2451,71492,179,100505,35.00,-9.11,-3.80
66496,2741,71876,202,100376,35.00,-9.05,-3.70
66518,3401,71876,211,100256,35.00,-8.95,-3.63
66540,1215,71876,172,100183,35.00,-8.85,-3.52
66562,3213,71876,217,100131,35.00,-9.03,-3.60
66584,3013,71492,200,100104,35.00,-8.97,-3.59
66625,2197,71876,168,99974,35.00,-8.90,-3.64
66647,4037,71492,187,99953,35.00,-8.91,-3.77
66669,4041,71492,187,99934,35.00,-8.71,-4.06
66691,4095,70980,205,99918,35.00,-8.66,-4.00
66713,1951,70980,164,99926,35.00,-8.74,-4.05
66735,0,70980,175,99936,35.00,-8.72,-4.09
66757,0,70980,179,99968,35.00,-8.64,-3.89
66779,0,71492,179,99984,35.00,-8.70,-3.89
66801,0,70980,173,100024,35.00,-8.73,-3.89
66823,0,70980,167,100069,35.00,-8.77,-3.80
66865,0,70980,157,100215,35.00,-8.78,-3.80
66887,0,70980,153,100254,35.00,-8.88,-3.79
66909,0,70980,152,100303,35.00,-8.85,-3.87
66931,0,70980,159,100351,35.00,-8.78,-3.87
66953,0,70980,167,100407,35.00,-8.82,-3.85
66975,0,70980,174,100461,35.00,-8.72,-3.86
66997,0,71492,169,100517,35.00,-8.66,-3.86
67397,0,70980,168,100577,36.69,-8.67,-3.85
67427,4085,70980,191,100972,35.00,-8.85,-3.66
67449,3277,70980,159,101008,35.00,-8.78,-3.57
67471,2034,71492,165,101059,35.00,-8.85,-3.61
67493,2195,71492,181,101096,35.00,-8.96,-3.64
67515,2067,71492,188,101129,35.00,-9.03,-3.62
67537,3141,71492,215,101149,35.00,-9.01,-3.65
67559,2805,71492,187,101172,35.00,-9.02,-3.67
67581,2643,71492,183,101199,35.00,-8.97,-3.64
67603,2841,71492,185,101223,35.00,-9.14,-3.73
67625,4049,71876,207,101247,35.00,-9.10,-3.78
67667,4088,71492,203,101324,35.00,-8.75,-3.71
67689,4093,71492,204,101345,35.00,-8.79,-3.81
67711,4095,71492,215,101349,35.00,-8.84,-3.85
67733,4087,71492,215,101370,35.00,-8.76,-3.81
67755,3685,71492,215,101382,35.00,-8.67,-3.85
67777,1577,71492,173,101411,35.00,-8.65,-3.85
67799,111,71492,157,101433,35.00,-8.80,-3.81
67821,55,71492,165,101467,35.00,-8.87,-3.75
67843,666,71492,174,101515,35.00,-8.80,-3.77
67865,1163,71492,169,101547,35.00,-8.78,-3.72
67887,1327,70980,167,101578,35.00,-8.90,-3.88
67928,2569,70980,203,101678,35.00,-8.54,-3.81
67950,681,70980,165,101707,35.00,-8.69,-3.81
67972,0,70980,159,101730,35.00,-8.77,-3.84
67994,0,70980,168,101713,35.00,-8.88,-3.81
68414,0,70980,169,101634,36.36,-8.86,-3.76
68449,4095,71876,191,101920,35.00,-8.87,-3.74
68471,4095,71876,197,101953,35.00,-8.93,-3.66
68493,4095,71876,201,101986,35.00,-8.88,-3.65
68515,4095,71876,204,102015,35.00,-8.95,-3.54
68537,3285,72388,191,102051,35.00,-8.96,-3.54
68559,3612,72388,201,102080,35.00,-9.09,-3.65
68581,3188,73156,183,102093,35.00,-8.86,-3.58
68603,2959,73156,181,102105,35.00,-8.90,-3.59
68625,1882,73668,153,102108,35.00,-8.77,-3.55
68647,2365,73668,179,102112,35.00,-8.95,-3.75
68669,3703,73668,204,102123,35.00,-8.72,-3.66
68710,2665,73668,179,102153,35.00,-8.80,-3.72
68732,2157,73668,187,102145,35.00,-8.83,-3.68
68754,2095,73668,181,102109,35.00,-8.99,-3.61
68776,1946,73764,179,102022,35.00,-8.98,-3.60
68798,2471,73764,179,101965,35.00,-8.96,-3.68
68820,2148,73668,168,101920,35.00,-8.89,-3.65
68842,2335,73764,175,101917,35.00,-9.09,-3.66
68864,2413,73764,180,101913,35.00,-8.90,-3.62
68886,2069,73668,159,101916,35.00,-8.86,-3.65
68908,3240,73764,200,101925,35.00,-8.84,-3.65
68951,3976,73764,211,101927,35.00,-8.76,-3.91
68973,1989,73668,175,101941,35.00,-8.61,-3.91
68995,979,73764,167,101964,35.00,-8.77,-3.88
69431,0,73668,166,101964,36.16,-8.91,-3.67
69472,0,73668,170,102476,35.00,-8.80,-3.60
69494,0,73668,169,102500,35.00,-8.95,-3.57
69516,0,73668,164,102459,35.00,-8.86,-3.71
69538,0,73764,157,102397,35.00,-8.94,-3.74
69560,1353,73668,166,102344,35.00,-8.71,-3.73
69582,1609,73668,164,102316,35.00,-8.82,-3.70
69604,1035,73764,150,102331,35.00,-8.75,-3.63
69626,1239,73668,153,102347,35.00,-8.66,-3.57
69648,1754,73668,164,102371,35.00,-8.93,-3.56
69670,2147,73668,181,102399,35.00,-8.92,-3.66
69713,2589,73668,199,102458,35.00,-8.78,-3.52
69735,2381,73668,175,102489,35.00,-8.80,-3.59
69757,2760,73668,167,102523,35.00,-8.82,-3.64
69779,2157,73668,159,102541,35.00,-8.85,-3.64
69801,2281,73764,159,102550,35.00,-8.91,-3.70
69823,2799,73764,168,102553,35.00,-8.93,-3.64
69845,2743,73668,165,102557,35.00,-8.96,-3.54
69867,3247,73764,183,102575,35.00,-8.96,-3.48
69889,3443,73764,197,102583,35.00,-8.88,-3.50
69911,2871,73764,189,102602,35.00,-8.89,-3.53
69953,3111,73764,191,102656,35.00,-8.94,-3.60
69975,2460,73764,179,102670,35.00,-8.90,-3.61
69997,2489,73764,173,102692,35.00,-8.82,-3.57
70701,2407,73764,168,102705,36.44,-8.96,-3.62
70735,189,73156,141,102563,35.00,-8.71,-3.67
70757,0,73156,152,102608,35.00,-8.75,-3.71
70779,0,73668,135,102676,35.00,-8.87,-3.78
70801,0,73156,125,102742,35.00,-8.79,-3.73
70823,0,73156,125,102810,35.00,-8.88,-3.63
70845,0,73156,127,102862,35.00,-8.97,-3.56
70867,0,73668,137,102926,35.00,-9.12,-3.55
70889,0,73668,151,102982,35.00,-8.93,-3.50
70911,3079,73668,207,103029,35.00,-8.73,-3.42
70933,3979,73764,200,103068,35.00,-8.74,-3.32
70955,4077,74276,187,103111,35.00,-8.94,-3.43
70996,4083,74276,182,103049,35.00,-9.06,-3.50
71719,4089,73764,183,102976,37.68,-8.92,-3.52
71758,0,71876,141,102559,35.00,-8.82,-3.79
71780,0,72388,146,102481,35.00,-8.82,-3.73
71802,0,73156,151,102427,35.00,-8.81,-3.74
71824,0,72388,155,102387,35.00,-8.79,-3.78
71846,0,73668,155,102361,35.00,-8.69,-3.71
71868,0,73668,159,102355,35.00,-8.84,-3.70
71890,0,73668,155,102361,35.00,-8.86,-3.69
71912,0,73764,155,102369,35.00,-8.84,-3.85
71934,0,73764,139,102388,35.00,-8.75,-3.60
71956,0,73764,139,102413,35.00,-8.91,-3.64
71998,39,74276,121,102515,35.00,-9.07,-3.44
72020,1170,73764,153,102531,35.00,-9.02,-3.34
72042,2872,73764,181,102539,35.00,-9.08,-3.26
72064,4021,73764,201,102554,35.00,-8.92,-3.47
72086,4013,74276,196,102562,35.00,-8.86,-3.60
72108,4007,73764,204,102569,35.00,-8.85,-3.59
72130,2643,73764,179,102571,35.00,-8.95,-3.68
72152,2749,73764,181,102573,35.00,-8.98,-3.69
72174,3135,74276,186,102580,35.00,-8.93,-3.64
72196,3207,73764,179,102582,35.00,-8.92,-3.62
72218,2408,73764,164,102616,35.00,-8.87,-3.56
72259,3325,74276,185,102647,35.00,-8.93,-3.58
72281,3850,73764,198,102646,35.00,-8.97,-3.57
72303,3948,73764,197,102651,35.00,-8.97,-3.62
72325,3932,73764,201,102656,35.00,-8.94,-3.57
72347,3995,73764,215,102655,35.00,-8.85,-3.70
72369,3925,73764,211,102640,35.00,-8.79,-3.71
72391,2265,73764,171,102652,35.00,-8.66,-3.68
72413,1939,73764,165,102649,35.00,-8.87,-3.57
72435,2163,73764,169,102650,35.00,-8.96,-3.56
72457,1959,73764,163,102619,35.00,-9.03,-3.64
72500,1371,73764,140,102295,35.00,-8.87,-3.74
72522,2099,73764,165,102216,35.00,-8.76,-3.79
72544,2600,73764,181,102142,35.00,-8.88,-3.70
72566,1784,73764,178,102066,35.00,-8.83,-3.74
72588,1133,73764,173,102032,35.00,-8.88,-3.63
72610,1384,73764,172,101975,35.00,-8.78,-3.71
72632,500,73764,149,101952,35.00,-8.84,-3.78
72654,0,73764,159,101933,35.00,-8.71,-3.73
72676,797,73764,155,101941,35.00,-8.72,-3.66
72698,0,73764,140,101939,35.00,-8.80,-3.82
72740,541,73764,165,101967,35.00,-8.93,-3.80
72762,693,73764,167,101973,35.00,-8.76,-3.63
72784,2489,74276,197,101969,35.00,-8.80,-3.57
72806,2747,74276,186,101995,35.00,-8.75,-3.75
72828,2717,74276,188,102017,35.00,-8.79,-3.74
72850,2703,74276,187,102044,35.00,-8.85,-3.78
72872,2773,74276,173,102062,35.00,-8.74,-3.75
72894,4017,74276,199,102090,35.00,-8.90,-3.73
72916,3945,74276,183,102103,35.00,-8.90,-3.78
72938,3975,74276,187,102128,35.00,-8.83,-3.67
72960,2661,73764,173,102177,35.00,-8.95,-3.67
73501,1941,73764,171,102237,36.69,-8.90,-3.62
73542,3963,73668,229,101559,35.00,-8.78,-3.45
73564,928,73668,179,101667,35.00,-8.33,-3.68
73586,0,73668,168,101747,35.00,-8.24,-3.72
73608,0,73668,172,101766,35.00,-8.56,-3.72
73630,1709,72388,171,101761,35.00,-8.52,-3.80
73652,4095,71492,231,101770,35.00,-8.60,-3.74
73674,4095,70980,204,101758,35.00,-8.73,-3.73
73696,3768,70980,187,101761,35.00,-8.78,-3.66
73718,925,69700,163,101777,35.00,-8.71,-3.65
73740,3469,69508,190,101797,35.00,-8.64,-3.70
73762,3929,69508,197,101820,35.00,-8.61,-3.81
73803,427,69700,149,101842,35.00,-8.18,-3.93
73825,0,71876,143,101827,35.00,-8.43,-3.96
73847,0,73156,143,101819,35.00,-8.87,-3.92
73869,0,72388,133,101763,35.00,-9.22,-3.90
73891,0,72388,116,101670,35.00,-9.47,-3.48
73913,0,72388,107,101577,35.00,-9.57,-3.13
73935,0,71876,123,101550,35.00,-9.50,-2.90
73957,0,70980,139,101580,35.00,-9.09,-2.74
73979,4011,70980,215,101641,35.00,-8.80,-2.87
74517,3973,70980,196,101738,39.58,-8.92,-3.16
74547,0,70980,125,101637,35.00,-8.29,-4.24
74569,0,71492,117,101615,35.00,-8.61,-4.33
74591,0,72388,81,101531,35.00,-9.12,-4.44
74613,0,70980,93,101435,35.00,-9.45,-4.23
74635,0,70980,133,101372,35.00,-10.48,-3.70
74657,0,70980,165,101345,35.00,-8.74,-2.36
74679,0,70980,140,101353,35.00,-9.51,-2.29
74701,0,70980,153,101408,35.00,-9.24,-1.98
74723,4095,70212,237,101470,35.00,-8.68,-1.96
74766,4095,70980,223,101665,35.00,-8.68,-3.35
74788,4095,70980,206,101695,35.00,-8.89,-3.75
74810,4095,71492,197,101686,35.00,-8.83,-3.94
74832,4095,71492,189,101633,35.00,-8.84,-3.92
74854,4088,71876,203,101540,35.00,-9.20,-3.62
74876,4050,71876,207,101417,35.00,-8.69,-3.62
74898,4095,71492,216,101269,35.00,-8.79,-3.45
74920,4095,71492,205,101137,35.00,-8.79,-3.31
74942,4095,71876,203,101031,35.00,-9.20,-3.14
74964,4088,71876,212,100961,35.00,-9.30,-3.25
75534,4073,71876,220,100995,36.81,-9.05,-3.50
75568,4093,72388,183,100810,35.00,-8.90,-3.34
75590,4093,72388,205,100767,35.00,-9.08,-3.42
75612,4060,73156,204,100745,35.00,-9.31,-3.32
75634,4091,73156,200,100732,35.00,-9.34,-3.42
75656,4072,73156,201,100737,35.00,-9.23,-3.45
75678,4089,73156,207,100750,35.00,-8.98,-3.58
75700,4074,73156,203,100766,35.00,-8.84,-3.73
75722,4073,73156,211,100789,35.00,-8.74,-3.86
75744,4093,72388,218,100791,35.00,-8.78,-4.12
75766,4095,72388,217,100789,35.00,-8.73,-4.05
75808,2931,72388,185,100746,35.00,-8.70,-3.90
75830,0,72388,163,100751,35.00,-8.88,-3.72
75852,0,72388,159,100781,35.00,-8.90,-3.79
75874,0,72388,163,100848,35.00,-8.77,-3.74
75896,0,72388,159,100915,35.00,-8.79,-3.65
75918,0,73156,167,101007,35.00,-8.90,-3.72
75940,0,73156,175,101076,35.00,-8.78,-3.72
75962,0,73156,175,101075,35.00,-8.56,-3.79
75984,0,73156,165,101010,35.00,-8.38,-4.03
76551,0,73156,147,100926,37.55,-8.01,-4.30
76590,2514,73764,175,101620,35.00,-8.79,-3.62
76612,714,73764,147,101662,35.00,-8.84,-3.42
76634,1862,74276,164,101640,35.00,-8.94,-3.42
76656,1749,74276,158,101564,35.00,-9.19,-3.47
76678,4076,74276,219,101458,35.00,-9.20,-3.54
76700,4095,74276,214,101344,35.00,-9.02,-3.60
76722,4039,75044,215,101254,35.00,-8.90,-3.63
76744,831,75044,157,101172,35.00,-8.81,-3.76
76766,2155,75044,196,101087,35.00,-8.73,-3.64
76788,2909,75044,171,100992,35.00,-8.50,-3.37
76810,456,75044,123,100900,35.00,-8.84,-3.54
76851,0,75044,123,100692,35.00,-9.00,-3.68
76873,0,75556,108,100691,35.00,-8.97,-3.70
76895,0,75940,116,100711,35.00,-8.91,-3.69
76917,0,76452,122,100730,35.00,-8.92,-3.70
76939,2515,76452,203,100746,35.00,-8.87,-3.76
76961,2773,75940,221,100754,35.00,-8.62,-3.75
76983,4069,75556,233,100782,35.00,-8.57,-3.71
77568,4095,75556,222,100810,36.38,-8.56,-3.62
77599,4095,69508,171,100754,35.00,-9.05,-3.70
77621,4095,68996,191,77505,35.00,-9.07,-3.58
77643,4094,68996,211,75218,35.00,-8.88,-3.39
77665,4095,68228,214,75212,35.00,-9.15,-3.40
77687,4095,67716,211,76658,35.00,-9.49,-3.50
77709,0,67716,141,79036,35.00,-9.66,-3.41
77731,4095,67716,219,82242,35.00,-9.50,-3.42
77774,4095,67716,220,92929,35.00,-8.43,-3.11
77796,4095,69700,187,95412,35.00,-8.00,-2.93
77818,4095,70980,180,96734,35.00,-8.04,-3.20
77840,4095,71876,170,97126,35.00,-8.17,-3.48
77862,4087,73156,171,97034,35.00,-8.65,-3.96
77884,4093,73668,163,96567,35.00,-9.11,-4.27
77906,1479,72388,103,95784,35.00,-9.23,-4.08
77928,3581,71876,155,94797,35.00,-9.38,-3.82
77950,4067,72388,173,93640,35.00,-9.23,-3.45
77972,4095,71876,168,92528,35.00,-8.83,-3.22
78585,4095,71876,186,92809,36.63,-8.66,-3.34
78616,0,67332,165,92444,35.00,-8.95,-3.45
78638,0,69508,175,93332,35.00,-8.67,-3.93
78660,0,70980,158,94041,35.00,-8.40,-4.01
78682,0,71492,153,94486,35.00,-8.34,-4.12
78704,0,71876,155,94757,35.00,-8.58,-4.05
78726,0,71876,165,94887,35.00,-8.67,-3.87
78748,3003,71492,229,94856,35.00,-8.87,-3.85
78770,4095,71492,189,94754,35.00,-8.99,-3.64
78792,4095,70212,200,94730,35.00,-8.89,-3.55
78814,4095,70212,233,94888,35.00,-9.04,-3.56
78856,4095,69700,228,96353,35.00,-8.72,-3.80
78878,4095,69508,219,96947,35.00,-8.55,-3.95
78900,4095,69700,215,97483,35.00,-8.51,-4.00
78922,4095,69508,214,97952,35.00,-8.55,-3.94
78944,4095,69508,204,98256,35.00,-8.53,-3.92
78966,4095,69508,191,98341,35.00,-8.62,-3.83
78988,4095,68996,200,98565,35.00,-8.76,-3.76
79350,4095,68996,205,98735,36.20,-8.80,-3.75
79378,4091,66052,181,86558,35.00,-8.81,-3.63
79400,4095,66052,206,86158,35.00,-8.79,-3.56
79422,4095,66052,212,85796,35.00,-8.95,-3.49
79444,0,66052,137,85389,35.00,-8.94,-3.49
79466,0,66820,143,85110,35.00,-8.92,-3.60
79488,1891,66820,149,84868,35.00,-8.93,-3.76
79510,3391,66820,202,84559,35.00,-8.92,-3.61
79532,0,66820,139,84196,35.00,-8.78,-3.63
79554,0,67332,151,83797,35.00,-8.71,-3.58
79576,0,67332,151,83293,35.00,-8.77,-3.65
79618,0,67332,155,81608,35.00,-8.83,-3.68
79640,0,67332,151,81037,35.00,-8.54,-3.57
79662,0,67332,149,80584,35.00,-8.79,-3.70
79684,0,67332,139,80172,35.00,-8.78,-3.59
79706,0,67332,137,79949,35.00,-8.93,-3.73
79728,3,67716,137,79860,35.00,-8.94,-3.60
79750,0,67716,137,79776,35.00,-8.95,-3.61
79772,0,67716,147,79717,35.00,-9.01,-3.71
79794,0,67716,149,79720,35.00,-8.75,-3.67
79816,0,67716,155,79643,35.00,-8.75,-3.69
79838,0,68228,153,79557,35.00,-8.58,-3.60
79879,0,68228,157,79067,35.00,-9.04,-3.54
79901,0,69508,151,78906,35.00,-9.42,-3.67
79923,0,69700,159,78882,35.00,-9.46,-3.75
79945,0,70980,153,79035,35.00,-9.35,-3.68
79967,0,71876,152,79436,35.00,-9.30,-3.74
79989,0,72388,153,80028,35.00,-8.87,-3.64
80364,0,72388,155,80695,36.72,-9.03,-3.65
80400,4095,66052,198,83343,35.00,-8.24,-3.89
80422,4095,66052,183,83872,35.00,-8.26,-3.99
80444,4095,65540,167,84520,35.00,-8.43,-3.85
80466,4090,65540,153,85316,35.00,-9.01,-3.97
80488,4095,65540,125,86108,35.00,-9.38,-3.71
80510,4095,65528,153,86724,35.00,-9.49,-3.42
80532,4095,65528,184,87118,35.00,-8.86,-3.04
80554,4095,65528,201,87302,35.00,-9.26,-2.79
80576,4095,65528,197,87388,35.00,-8.96,-2.54
80598,4095,65528,208,87502,35.00,-9.05,-2.81
80620,4095,65540,203,87769,35.00,-9.05,-3.04
80661,4095,66820,199,89372,35.00,-8.78,-3.31
80683,4095,68996,187,89925,35.00,-8.77,-3.31
80705,4095,69700,197,90300,35.00,-8.74,-3.25
80727,4095,70212,183,90438,35.00,-8.79,-3.22
80749,4095,70980,175,90363,35.00,-8.92,-3.21
80771,4095,71492,199,90128,35.00,-9.29,-3.15
80793,4095,71492,205,89714,35.00,-9.41,-3.35
80815,4095,69700,210,88996,35.00,-9.41,-3.46
80837,4095,68996,229,88064,35.00,-9.61,-3.45
80859,3371,67716,223,87038,35.00,-9.41,-3.62
80902,2296,67716,213,84184,35.00,-9.06,-3.50
80924,0,66820,178,83579,35.00,-8.85,-3.39
80946,919,66820,190,83121,35.00,-8.81,-3.19
80968,235,67332,163,82720,35.00,-8.94,-3.28
80990,1160,67332,187,82416,35.00,-8.72,-3.22
81382,0,67332,165,82255,36.50,-8.75,-3.47
81423,0,67332,121,82568,35.00,-8.50,-3.68
81445,0,66820,115,82655,35.00,-8.56,-3.76
81467,0,66820,111,82798,35.00,-8.94,-3.65
81489,0,66820,103,82916,35.00,-8.95,-3.55
81511,0,66820,95,82894,35.00,-9.32,-3.31
81533,0,66820,115,82881,35.00,-9.30,-3.05
81555,0,66820,137,82943,35.00,-9.35,-3.14
81577,3950,67332,208,83115,35.00,-9.28,-3.26
81599,4095,67332,201,83267,35.00,-9.05,-3.18
81621,4095,67332,183,83370,35.00,-9.31,-3.21
81664,4095,67332,183,83169,35.00,-9.07,-3.56
81686,4095,67332,178,82941,35.00,-9.04,-3.58
81708,4095,67332,183,82674,35.00,-8.87,-3.47
81730,4095,67332,185,82409,35.00,-8.69,-3.43
81752,2875,66820,175,82250,35.00,-8.77,-3.37
81774,1829,67332,169,82247,35.00,-8.82,-3.34
81796,741,66820,171,82371,35.00,-9.01,-3.41
81818,2197,66820,204,82549,35.00,-9.11,-3.53
81840,2477,66820,187,82777,35.00,-9.42,-3.59
81862,1659,66820,182,82953,35.00,-9.24,-3.58
81904,2805,66820,215,82855,35.00,-9.21,-3.48
81926,4095,67332,227,82651,35.00,-8.86,-3.62
81948,4095,67332,219,82412,35.00,-8.72,-3.60
81970,4095,67332,221,82131,35.00,-8.56,-3.64
81992,3721,66820,217,81792,35.00,-8.72,-3.81
82398,3605,66820,216,81461,36.25,-8.91,-3.65
82426,1623,67332,167,82371,35.00,-8.55,-3.91
82448,761,67332,109,81240,35.00,-8.84,-3.84
82470,0,67332,147,81468,35.00,-8.85,-3.54
82492,0,67332,141,81707,35.00,-8.74,-3.47
82514,3241,67332,187,81877,35.00,-9.14,-3.35
82536,2198,67332,137,82024,35.00,-9.26,-3.16
82558,4095,67332,181,82192,35.00,-9.12,-3.09
82580,4095,67716,185,82340,35.00,-9.09,-3.10
82602,4095,67716,179,82438,35.00,-9.03,-3.30
82624,4095,67716,181,82509,35.00,-9.01,-3.44
82666,4095,67716,181,82171,35.00,-8.88,-3.59
82688,4095,67332,185,81923,35.00,-8.96,-3.61
82710,4095,67716,198,81783,35.00,-8.86,-3.47
82732,2647,67332,173,81723,35.00,-8.91,-3.46
82754,1980,67332,169,81761,35.00,-9.04,-3.49
82776,2663,67332,187,81898,35.00,-9.15,-3.50
82798,3281,67716,197,82109,35.00,-9.14,-3.54
82820,1902,67332,166,82306,35.00,-9.02,-3.60
82842,1255,67332,159,82433,35.00,-9.08,-3.53
82864,1311,67716,185,82522,35.00,-8.85,-3.35
82886,2281,67332,204,82538,35.00,-9.12,-3.51
82927,2647,67332,202,82041,35.00,-8.99,-3.69
82949,569,67332,181,81782,35.00,-8.83,-3.70
82971,1315,67332,201,81478,35.00,-8.88,-3.60
82993,1075,67332,199,81190,35.00,-9.10,-3.57
83414,1710,67716,205,80943,36.51,-9.00,-3.46
83448,0,67332,123,82201,35.00,-8.29,-3.88
83470,0,67332,139,82634,35.00,-8.30,-4.08
83492,0,67332,136,83095,35.00,-8.80,-4.01
83514,0,67716,91,83532,35.00,-9.03,-3.88
83536,0,67332,108,83900,35.00,-9.53,-3.58
83558,0,67716,109,84151,35.00,-9.67,-3.08
83580,0,67716,125,84241,35.00,-9.79,-3.03
83602,4095,67716,207,84243,35.00,-8.86,-2.82
83624,4095,67716,179,84207,35.00,-8.90,-2.65
83646,4095,68228,188,84087,35.00,-8.71,-3.02
83668,4095,68228,185,83920,35.00,-8.76,-3.33
83709,4095,68228,199,83301,35.00,-9.05,-3.72
83731,4095,68228,197,82990,35.00,-9.01,-3.79
83753,4095,67716,205,82662,35.00,-8.89,-3.67
83775,4095,67716,211,82379,35.00,-8.98,-3.52
83797,4095,68228,217,82133,35.00,-9.10,-3.44
83819,4095,68228,201,81934,35.00,-9.09,-3.38
83841,4095,68228,203,81900,35.00,-9.00,-3.31
83863,4095,68996,201,81965,35.00,-9.01,-3.34
83885,4095,68996,202,82102,35.00,-9.26,-3.36
83907,233,68996,149,82274,35.00,-9.20,-3.45
83950,0,69508,175,82415,35.00,-9.12,-3.42
83972,1999,68996,205,82275,35.00,-8.82,-3.61
83994,1565,69508,187,82068,35.00,-8.78,-3.60
84431,1241,69508,175,81846,36.37,-8.72,-3.63
84471,933,67716,153,81204,35.00,-8.65,-3.83
84493,2452,67716,165,81253,35.00,-8.61,-3.92
84515,893,67332,121,81344,35.00,-8.50,-3.77
84537,0,67332,117,81436,35.00,-8.86,-3.72
84559,0,67716,89,81531,35.00,-9.03,-3.50
84581,89,67716,104,81653,35.00,-9.24,-3.21
84603,1353,67332,107,81857,35.00,-9.29,-3.25
84625,1405,67332,147,82044,35.00,-9.29,-3.15
84647,4095,67332,180,82252,35.00,-9.17,-3.05
84669,4095,67332,197,82504,35.00,-9.04,-3.06
84712,4095,67332,199,83161,35.00,-8.93,-3.33
84734,4095,67332,185,83211,35.00,-8.97,-3.50
84756,4095,67332,182,83174,35.00,-8.97,-3.61
84778,1843,67332,152,83046,35.00,-8.99,-3.62
84800,1005,67332,141,82851,35.00,-8.97,-3.65
84822,2249,67332,173,82686,35.00,-8.94,-3.46
84844,2909,67332,179,82570,35.00,-9.11,-3.37
84866,2957,67332,211,82544,35.00,-8.84,-3.27
84888,4095,67332,223,82551,35.00,-9.05,-3.44
84910,4095,67332,227,82608,35.00,-9.07,-3.45
84952,3032,67332,203,82713,35.00,-9.11,-3.57
84974,2530,67332,197,82644,35.00,-8.97,-3.50
84996,2479,67332,184,82526,35.00,-8.83,-3.50
85702,1253,67332,157,82360,36.41,-8.80,-3.45
85734,4095,66052,189,83164,35.00,-8.87,-3.30
85756,4095,66052,180,83085,35.00,-8.75,-3.38
85778,4095,66052,181,82992,35.00,-8.83,-3.47
85800,4095,66052,182,82861,35.00,-8.99,-3.52
85822,4095,66052,181,82664,35.00,-9.15,-3.56
85844,4095,66820,187,82385,35.00,-9.08,-3.55
85866,4095,66820,200,82060,35.00,-9.04,-3.60
85888,2971,66052,187,81711,35.00,-9.03,-3.52
85910,3403,66052,203,81394,35.00,-9.00,-3.49
85932,1683,66052,157,81082,35.00,-9.11,-3.49
85954,797,66052,175,80811,35.00,-9.03,-3.50
85995,4095,66052,219,80338,35.00,-9.05,-3.56
86718,0,66052,147,80270,36.28,-8.88,-3.46
86757,4095,66052,184,81910,35.00,-9.21,-3.62
86779,4095,66052,184,81838,35.00,-9.18,-3.77
86801,4095,66052,189,81747,35.00,-9.07,-3.71
86823,4095,66052,191,81639,35.00,-8.99,-3.59
86845,4095,66052,212,81637,35.00,-8.63,-3.47
86867,2584,66052,175,81644,35.00,-8.51,-3.31
86889,3065,66052,192,81658,35.00,-8.87,-3.38
86911,2825,66052,185,81646,35.00,-9.18,-3.42
86933,4095,66052,212,81609,35.00,-9.19,-3.51
86955,4095,66052,189,81553,35.00,-9.21,-3.52
86998,4095,66052,203,81406,35.00,-9.01,-3.54
87020,1237,66052,173,81337,35.00,-9.00,-3.48
87042,1032,66052,181,81230,35.00,-8.93,-3.45
87064,1913,66052,199,81159,35.00,-8.88,-3.47
87086,1773,66052,197,81149,35.00,-8.79,-3.55
87108,1543,66052,179,81141,35.00,-8.83,-3.49
87130,139,66052,154,81160,35.00,-8.90,-3.65
87152,1842,66052,182,81189,35.00,-8.78,-3.70
87174,2149,66052,165,81175,35.00,-8.81,-3.65
87196,1459,66052,163,81143,35.00,-8.85,-3.62
87238,509,66052,157,80885,35.00,-8.78,-3.62
87260,0,66052,149,80848,35.00,-8.66,-3.73
87282,0,66052,157,80845,35.00,-8.64,-3.59
87304,0,66052,165,80874,35.00,-8.80,-3.67
87326,0,66052,167,80931,35.00,-8.88,-3.67
87348,0,66052,164,80934,35.00,-8.81,-3.68
87370,0,66052,159,80905,35.00,-8.80,-3.67
87392,1227,66052,173,80792,35.00,-8.76,-3.62
87414,159,66052,146,80647,35.00,-8.75,-3.64
87436,1319,66052,159,80545,35.00,-8.50,-3.72
87458,0,66052,124,80509,35.00,-8.34,-3.90
87499,1278,66052,151,80812,35.00,-8.61,-3.92
87521,0,66052,117,80996,35.00,-8.75,-3.77
87543,0,66052,107,81096,35.00,-9.08,-3.50
87565,2459,66052,172,81160,35.00,-9.23,-3.20
87587,4095,66052,170,81183,35.00,-9.25,-3.08
87609,2407,66052,147,81247,35.00,-9.27,-3.13
87631,4095,66052,181,81381,35.00,-9.17,-3.21
87653,4095,66052,179,81512,35.00,-8.98,-3.28
87675,4095,66052,180,81673,35.00,-8.91,-3.37
87697,4095,66052,179,81762,35.00,-8.92,-3.47
87739,4095,66052,175,81376,35.00,-8.95,-3.65
87761,3365,66052,172,81207,35.00,-8.94,-3.53
87783,2092,66052,177,81087,35.00,-9.07,-3.37
87805,665,66052,163,81108,35.00,-9.15,-3.37
87827,683,66052,183,81245,35.00,-9.08,-3.39
87849,1898,66052,203,81456,35.00,-8.91,-3.44
87871,1259,66820,169,81682,35.00,-8.72,-3.51
87893,4095,66820,215,81903,35.00,-8.58,-3.56
87915,4095,66820,207,82066,35.00,-8.53,-3.62
87937,4095,66820,202,82147,35.00,-9.04,-3.73
87959,4095,66820,190,82161,35.00,-8.73,-3.67
88500,4095,67332,185,81967,36.36,-8.80,-3.87
88542,2229,66052,168,82044,35.00,-8.97,-3.40
88564,813,66052,172,82134,35.00,-8.98,-3.43
88586,0,66820,157,82217,35.00,-9.02,-3.60
88608,1931,66820,188,82299,35.00,-9.01,-3.63
88630,535,66820,147,82411,35.00,-8.94,-3.66
88652,0,66820,152,82456,35.00,-8.87,-3.62
88674,811,66820,159,82491,35.00,-8.79,-3.60
88696,832,66820,159,82595,35.00,-8.87,-3.59
88718,1003,67332,157,82688,35.00,-8.84,-3.56
88740,1019,67332,159,82778,35.00,-8.80,-3.54
88782,2019,67332,167,83035,35.00,-8.89,-3.52
88804,1901,66820,169,83063,35.00,-8.79,-3.73
88826,1039,66820,153,83083,35.00,-8.93,-3.58
88848,1467,66820,169,83088,35.00,-8.86,-3.54
88870,211,66820,141,83030,35.00,-8.97,-3.49
88892,0,66820,140,82847,35.00,-8.97,-3.41
88914,0,66052,139,82623,35.00,-9.04,-3.55
88936,0,66052,150,82397,35.00,-9.16,-3.79
88958,0,66820,159,82196,35.00,-9.14,-3.80
88980,0,66052,175,82053,35.00,-9.11,-3.67
89514,0,66052,185,81903,36.17,-8.91,-3.62
89544,4095,66820,187,82033,35.00,-8.90,-3.64
89566,4095,67332,211,81952,35.00,-8.67,-3.47
89588,4095,67332,205,81875,35.00,-8.52,-3.46
89610,714,66820,139,81874,35.00,-8.74,-3.53
89632,0,66820,137,81925,35.00,-8.95,-3.59
89654,151,66052,151,81937,35.00,-8.94,-3.61
89676,0,66052,147,81852,35.00,-8.84,-3.55
89698,0,66052,152,81636,35.00,-8.79,-3.48
89720,0,66052,153,81365,35.00,-8.87,-3.48
89742,0,66052,165,81103,35.00,-8.82,-3.48
89785,937,66820,169,80658,35.00,-8.85,-3.56
89807,307,66820,155,80571,35.00,-8.89,-3.58
89829,1322,67332,164,80520,35.00,-8.83,-3.57
89851,1889,67332,154,80432,35.00,-8.72,-3.53
89873,2155,67332,157,80356,35.00,-8.83,-3.45
89895,1747,67332,134,80242,35.00,-8.84,-3.56
89917,2707,67332,173,80200,35.00,-8.74,-3.56
89939,3645,67332,189,80215,35.00,-8.74,-3.61
89961,3451,67332,175,80234,35.00,-8.95,-3.69
89983,1704,66820,150,80242,35.00,-8.90,-3.67
90025,3207,67332,185,80224,35.00,-8.94,-3.54
90047,1446,66820,143,80221,35.00,-8.95,-3.47
90069,0,66820,121,80232,35.00,-8.98,-3.40
90091,0,66820,126,80234,35.00,-8.94,-3.43
90113,1919,66820,169,80267,35.00,-9.05,-3.41
90135,1735,66820,149,80342,35.00,-9.06,-3.44
90157,712,66820,149,80460,35.00,-9.00,-3.44
90179,1021,66820,169,80627,35.00,-9.07,-3.61
90201,2393,66820,199,80822,35.00,-9.10,-3.65
90223,1407,66820,180,81008,35.00,-9.15,-3.62
90245,1505,66820,191,81174,35.00,-9.20,-3.58
90286,2057,66820,197,81394,35.00,-8.93,-3.51
90308,2655,66052,201,81446,35.00,-9.00,-3.52
90330,1899,66820,181,81480,35.00,-8.69,-3.52
90352,521,66820,149,81512,35.00,-8.83,-3.56
90374,3263,66820,215,81584,35.00,-9.06,-3.64
90396,4095,66820,207,81602,35.00,-9.07,-3.69
90418,4095,66820,217,81524,35.00,-8.91,-3.58
90440,3347,66820,209,81294,35.00,-8.93,-3.47
90462,4095,66820,227,80964,35.00,-8.98,-3.53
90484,4095,66820,217,80581,35.00,-8.88,-3.42
90527,1947,66820,165,79723,35.00,-8.95,-3.35
90549,4095,66820,205,79630,35.00,-8.73,-3.48
90571,2471,66052,167,79556,35.00,-8.75,-3.48
90593,1137,66052,157,79462,35.00,-8.93,-3.61
90615,891,66820,159,79413,35.00,-8.76,-3.60
90637,1198,66820,171,79375,35.00,-8.72,-3.51
90659,274,66820,157,79315,35.00,-8.78,-3.57
90681,0,66820,166,79294,35.00,-8.71,-3.57
90703,0,66820,169,79352,35.00,-8.82,-3.53
90725,0,66820,166,79469,35.00,-8.86,-3.54
90767,0,66820,159,79880,35.00,-8.75,-3.38
90789,0,66820,151,79999,35.00,-8.65,-3.43
90811,0,66820,136,80111,35.00,-8.47,-3.47
90833,0,66820,122,80206,35.00,-8.60,-3.59
90855,0,66820,123,80382,35.00,-8.54,-3.74
90877,0,66820,137,80585,35.00,-8.66,-3.87
90899,0,66820,139,80908,35.00,-8.75,-3.62
90921,0,66052,125,81296,35.00,-8.91,-3.75
90943,0,66052,82,81729,35.00,-9.01,-3.78
90965,0,66820,85,82212,35.00,-9.30,-3.40
90987,0,66820,105,82674,35.00,-9.58,-3.24
91028,0,67716,111,83702,35.00,-9.55,-2.86
91050,4095,68228,173,83961,35.00,-9.27,-2.86
91072,4095,68996,180,84196,35.00,-9.07,-2.93
91094,4088,69508,183,84345,35.00,-9.00,-3.22
91116,4095,70212,201,84452,35.00,-8.49,-3.16
91138,4095,71492,204,84559,35.00,-8.91,-3.37
91160,4095,71876,205,84637,35.00,-8.85,-3.61
91182,4095,71876,210,84608,35.00,-8.90,-3.49
91204,4095,72388,207,84429,35.00,-9.02,-3.49
91226,4095,72388,213,84144,35.00,-9.07,-3.44
91268,4095,72388,205,83295,35.00,-9.24,-3.44
91290,4095,72388,205,82981,35.00,-9.00,-3.26
91312,4095,72388,213,82640,35.00,-9.18,-3.42
91334,4095,71876,227,82290,35.00,-9.01,-3.44
91356,4095,71876,231,81898,35.00,-8.99,-3.52
91378,4095,71492,233,81535,35.00,-8.94,-3.62
91400,4095,70980,228,81197,35.00,-9.20,-3.75
91422,2195,70980,179,80911,35.00,-8.78,-3.59
91444,605,70980,181,80670,35.00,-8.96,-3.71
91466,3167,70980,215,80525,35.00,-8.85,-3.64
91488,3080,69700,185,80436,35.00,-9.00,-3.49
91529,0,68996,147,80220,35.00,-8.88,-3.48
91551,1389,68996,187,80239,35.00,-8.68,-3.62
91573,0,68996,155,80268,35.00,-8.60,-3.60
91595,0,68996,155,80313,35.00,-8.47,-3.73
91617,2517,68996,207,80393,35.00,-8.56,-3.80
91639,2471,68996,200,80470,35.00,-8.56,-3.81
91661,1101,68996,159,80486,35.00,-8.68,-3.96
91683,1508,68996,179,80460,35.00,-8.74,-3.79
91705,429,68996,141,80427,35.00,-8.81,-3.64
91727,0,68996,149,80386,35.00,-8.85,-3.63
91770,0,68996,143,80655,35.00,-8.74,-3.64
91792,0,68996,136,80825,35.00,-8.55,-3.72
91814,0,68996,136,81049,35.00,-8.68,-4.06
91836,0,68996,140,81342,35.00,-8.30,-4.06
91858,1931,69508,171,81699,35.00,-8.20,-4.01
91880,2523,69508,124,82126,35.00,-8.64,-4.06
91902,0,69508,88,82581,35.00,-9.01,-3.76
91924,0,69508,123,83028,35.00,-9.65,-3.27
91946,0,69508,117,83348,35.00,-9.51,-2.76
91968,4095,69700,184,83413,35.00,-9.68,-2.46
92563,4095,69700,187,83488,36.42,-8.61,-2.74
92593,1669,68996,169,78854,35.00,-8.88,-3.72
92615,1828,68996,169,78910,35.00,-8.74,-3.64
92637,1079,68996,165,78969,35.00,-8.62,-3.52
92659,40,68996,156,79079,35.00,-9.00,-3.57
92681,0,68228,165,79187,35.00,-9.06,-3.57
92703,567,67716,171,79199,35.00,-8.92,-3.58
92725,446,67716,149,79135,35.00,-8.71,-3.63
92747,853,67716,143,79020,35.00,-8.46,-3.74
92769,1227,67332,141,78923,35.00,-8.28,-3.89
92791,1122,67332,120,78895,35.00,-8.31,-4.03
92832,0,67332,57,79335,35.00,-8.55,-4.19
92854,0,67332,87,79546,35.00,-9.00,-3.65
92876,0,67332,148,79595,35.00,-9.36,-2.97
92898,0,67332,141,79591,35.00,-9.47,-2.96
92920,0,67332,140,79722,35.00,-9.51,-2.53
92942,4095,67332,215,80127,35.00,-9.24,-2.69
92964,4095,68996,192,80744,35.00,-8.78,-2.95
92986,4095,69508,190,81395,35.00,-8.81,-3.22
93579,4095,69508,187,81926,36.36,-8.91,-3.67
93614,1669,68996,171,80074,35.00,-8.90,-3.86
93636,2712,69508,207,79940,35.00,-8.83,-3.72
93658,4095,69508,223,79844,35.00,-8.33,-3.62
93680,3965,69508,215,79764,35.00,-8.58,-3.82
93702,1071,69508,143,79786,35.00,-8.56,-3.87
93724,2920,69700,171,79986,35.00,-8.02,-3.88
93746,0,69508,55,80312,35.00,-8.48,-4.03
93768,0,69508,60,80724,35.00,-8.92,-3.78
93790,0,69508,101,81123,35.00,-9.35,-3.35
93812,0,69508,125,81368,35.00,-9.58,-2.92
93834,4095,69700,229,81777,35.00,-9.35,-2.51
93875,4095,70980,205,84265,35.00,-8.83,-2.55
93897,0,73156,155,85204,35.00,-8.76,-2.99
93919,0,73668,159,85944,35.00,-8.73,-3.32
93941,0,73668,149,86400,35.00,-8.80,-3.69
93963,4095,73764,203,86468,35.00,-8.97,-3.85
93985,4095,73764,183,86224,35.00,-8.95,-3.69
94347,3761,73156,167,85740,36.16,-8.99,-3.51
94376,0,71876,151,79528,35.00,-8.99,-3.76
94398,0,70980,171,79456,35.00,-8.89,-3.63
94420,0,70980,167,79427,35.00,-8.80,-3.52
94442,375,71492,167,79479,35.00,-8.81,-3.56
94464,1757,70980,180,79606,35.00,-8.89,-3.64
94486,333,70980,143,79808,35.00,-8.88,-3.64
94508,1621,70980,182,79998,35.00,-8.82,-3.66
94530,3303,70980,187,80186,35.00,-8.57,-3.85
94552,2468,70980,165,80391,35.00,-8.34,-4.07
94574,77,70980,125,80651,35.00,-8.38,-4.04
94596,1704,70980,117,80994,35.00,-8.50,-3.96
94637,0,70980,91,81708,35.00,-9.23,-3.44
94659,0,71492,137,81843,35.00,-9.36,-2.99
94681,4095,71492,223,81955,35.00,-9.27,-2.57
94703,4095,71492,187,82134,35.00,-9.10,-2.63
94725,4095,71492,183,82382,35.00,-9.00,-2.84
94747,4095,71876,182,82618,35.00,-8.88,-3.01
94769,3901,73668,183,82819,35.00,-8.99,-3.36
94791,3112,73156,169,82944,35.00,-8.99,-3.63
94813,4095,72388,189,82889,35.00,-8.90,-3.86
94835,1287,72388,157,82700,35.00,-8.82,-3.71
94878,4095,71876,218,81743,35.00,-9.06,-3.37
94900,2607,71876,179,81445,35.00,-8.94,-3.30
94922,2605,71492,185,81359,35.00,-8.91,-3.24
94944,2475,71492,171,81379,35.00,-9.24,-3.24
94966,1635,71492,188,81485,35.00,-9.22,-3.14
94988,697,71492,152,81527,35.00,-9.27,-3.30
95358,809,71492,183,81351,36.52,-8.97,-3.36
95399,1714,71492,165,79397,35.00,-8.80,-3.68
95421,613,71492,149,79464,35.00,-8.63,-3.70
95443,1177,71492,148,79504,35.00,-8.44,-3.81
95465,1597,71492,148,79622,35.00,-8.45,-3.94
95487,0,71492,109,79774,35.00,-8.57,-3.88
95509,0,71492,133,79965,35.00,-8.74,-3.78
95531,0,71492,108,80183,35.00,-8.87,-3.40
95553,0,71876,119,80388,35.00,-9.46,-3.13
95575,0,71876,135,80645,35.00,-9.48,-3.09
95597,4095,71876,235,80885,35.00,-9.19,-2.98
95640,4095,71876,191,81506,35.00,-9.10,-3.06
95662,988,71492,148,81576,35.00,-9.10,-3.35
95684,4095,71876,189,81498,35.00,-9.02,-3.58
95706,4095,71876,181,81333,35.00,-8.93,-3.75
95728,3893,71492,175,81076,35.00,-8.70,-3.61
95750,1871,71492,166,80783,35.00,-8.72,-3.43
95772,2440,71492,175,80411,35.00,-8.80,-3.37
95794,2044,71492,167,79992,35.00,-8.85,-3.31
95816,2866,71492,185,79624,35.00,-9.04,-3.41
95838,3375,71876,186,79331,35.00,-9.11,-3.40
95880,1847,71492,163,78960,35.00,-9.24,-3.40
95902,155,71876,163,78849,35.00,-9.12,-3.43
95924,1941,71876,204,78716,35.00,-8.97,-3.43
95946,3372,71876,212,78556,35.00,-9.18,-3.71
95968,2821,71876,206,78300,35.00,-9.06,-3.62
95990,3847,71876,221,77958,35.00,-9.15,-3.71
96374,4095,70212,232,77580,36.51,-9.05,-3.62
96402,782,68228,125,77710,35.00,-8.46,-4.18
96424,0,68228,71,78312,35.00,-8.57,-4.12
96446,0,68228,73,78797,35.00,-8.78,-3.86
96468,0,68228,121,79209,35.00,-9.21,-3.31
96490,0,68228,136,79572,35.00,-9.95,-2.81
96512,4095,68228,217,79976,35.00,-9.01,-2.11
96534,4095,68228,211,80480,35.00,-9.40,-2.26
96556,4095,68996,215,80821,35.00,-8.94,-2.48
96578,4095,68996,203,81058,35.00,-8.69,-2.80
96600,4095,68996,191,81172,35.00,-9.00,-3.23
96642,4095,68996,183,80240,35.00,-9.07,-4.01
96664,4095,68228,181,79508,35.00,-8.87,-3.84
96686,4095,68228,185,78645,35.00,-8.76,-3.55
96708,4095,68228,192,77820,35.00,-8.71,-3.34
96730,4095,68228,204,77128,35.00,-8.93,-3.08
96752,2495,68228,201,76681,35.00,-9.11,-3.02
96774,821,68228,179,76534,35.00,-9.35,-3.03
96796,812,68228,201,76677,35.00,-8.93,-2.92
96818,415,68228,171,76914,35.00,-9.02,-3.01
96840,181,68228,170,77135,35.00,-8.92,-3.15
96862,0,68228,177,77305,35.00,-9.02,-3.51
96903,2009,67716,183,77337,35.00,-8.72,-3.80
96925,90,67716,132,77261,35.00,-8.76,-3.97
96947,996,67716,153,77172,35.00,-8.73,-3.99
96969,0,67716,149,77171,35.00,-8.64,-3.89
96991,0,67716,155,77319,35.00,-8.87,-3.95
97390,0,67716,168,77536,36.31,-9.19,-3.99
97424,4095,68996,218,81516,35.00,-8.45,-2.42
97446,1901,70212,179,82167,35.00,-8.37,-3.02
97468,4095,70980,199,82452,35.00,-8.86,-3.69
97490,4095,70980,203,82331,35.00,-9.13,-4.34
97512,4095,72388,231,81814,35.00,-9.15,-4.24
97534,4095,71876,235,80925,35.00,-8.64,-3.89
97556,4095,71492,224,79754,35.00,-8.54,-3.39
97578,447,70212,119,78571,35.00,-9.18,-3.37
97600,1049,69700,165,77675,35.00,-9.11,-3.09
97622,17,68996,117,77175,35.00,-9.31,-2.86
97644,0,68996,151,76970,35.00,-9.57,-2.89
97685,0,68996,157,77266,35.00,-9.29,-3.23
97707,2301,68228,183,77534,35.00,-8.99,-3.53
97729,1636,68228,213,77758,35.00,-9.03,-3.73
97751,4095,68996,236,77943,35.00,-8.67,-3.77
97773,4095,68228,223,78128,35.00,-8.60,-4.04
97795,4095,68228,215,78252,35.00,-8.62,-4.02
97817,0,68228,133,78350,35.00,-8.38,-3.99
97839,0,68228,142,78440,35.00,-8.48,-3.92
97861,0,68228,137,78577,35.00,-8.72,-3.87
97883,0,68228,147,78731,35.00,-9.03,-3.89
97926,0,68228,160,79252,35.00,-9.07,-3.57
97948,1485,68228,191,79410,35.00,-8.92,-3.51
97970,0,68228,180,79605,35.00,-8.78,-3.55
97992,4095,68996,263,79842,35.00,-8.78,-3.71
98407,4095,68228,223,80053,36.09,-8.76,-3.80
98447,1768,71876,149,79448,35.00,-9.42,-2.98
98469,1806,71876,201,79125,35.00,-9.51,-2.93
98491,1597,72388,190,79011,35.00,-9.48,-3.00
98513,2310,72388,215,78963,35.00,-9.30,-3.11
98535,4068,71876,251,78952,35.00,-8.99,-3.33
98557,4075,71876,249,79001,35.00,-8.88,-3.57
98579,4095,71876,211,79096,35.00,-8.98,-4.01
98601,4095,71876,201,79223,35.00,-8.71,-3.89
98623,4095,71876,206,79350,35.00,-8.79,-4.01
98645,1222,71876,139,79450,35.00,-8.55,-4.05
98688,0,71876,163,79879,35.00,-8.68,-3.70
98710,0,71876,181,80092,35.00,-9.00,-3.73
98732,0,71876,174,80341,35.00,-9.09,-3.72
98754,0,71876,173,80578,35.00,-8.88,-3.77
98776,0,72388,167,80753,35.00,-8.94,-3.57
98798,1461,72388,201,80883,35.00,-8.90,-3.79
98820,4095,72388,205,81035,35.00,-8.86,-3.84
98842,4083,72388,199,81150,35.00,-8.65,-3.76
98864,3765,72388,217,81219,35.00,-8.68,-3.72
98886,4095,72388,210,81305,35.00,-8.72,-3.77
98928,4079,72388,199,81218,35.00,-8.37,-3.99
98950,0,71876,147,81191,35.00,-8.37,-4.13
98972,0,72388,95,81076,35.00,-8.70,-4.14
98994,0,72388,110,80909,35.00,-8.97,-3.57
99424,0,72388,133,80685,36.24,-9.31,-3.01
99453,4095,72388,233,79935,35.00,-8.93,-3.69
99475,4095,72388,217,79891,35.00,-8.85,-3.71
99497,4095,72388,200,79890,35.00,-8.81,-3.81
99519,4095,71876,197,79936,35.00,-8.67,-3.81
99541,2253,70980,155,79941,35.00,-8.77,-3.79
99563,275,69700,141,79941,35.00,-9.02,-3.79
99585,0,69508,159,80031,35.00,-9.00,-3.87
99607,0,69508,173,80184,35.00,-8.83,-3.75
99629,0,68996,173,80372,35.00,-8.59,-3.64
99670,0,68996,172,81057,35.00,-8.90,-3.65
99692,0,68996,173,81203,35.00,-8.92,-3.70
99714,4095,68996,237,81167,35.00,-8.88,-3.66
99736,1967,68996,156,80932,35.00,-8.85,-3.76
99758,0,68996,139,80645,35.00,-8.57,-4.05
99780,382,68996,119,80450,35.00,-8.37,-4.12
99802,0,68996,61,80488,35.00,-8.44,-4.10
99824,0,69508,75,80610,35.00,-8.78,-3.70
99846,0,69508,111,80719,35.00,-8.90,-3.36
99868,0,70212,157,80860,35.00,-9.41,-3.25
99890,1327,71492,173,81082,35.00,-9.22,-2.95
99931,4095,71492,187,82986,35.00,-9.39,-2.62
99953,2411,71492,159,84072,35.00,-8.96,-2.47
99975,2489,71876,181,85087,35.00,-8.85,-2.73
99997,4095,72388,191,85881,35.00,-8.84,-3.15
100441,4095,73156,187,86446,36.90,-8.95,-3.61
100472,0,71876,155,80970,35.00,-9.08,-3.56
100494,0,71876,165,80884,35.00,-8.94,-3.65
100516,0,71876,153,80797,35.00,-8.89,-3.70
100538,883,71876,175,80713,35.00,-8.80,-3.76
100560,1054,71876,157,80634,35.00,-8.79,-3.75
100582,1710,71876,187,80526,35.00,-8.67,-3.77
100604,1917,71876,175,80390,35.00,-8.56,-3.82
100626,1061,71876,163,80237,35.00,-8.43,-3.97
100648,0,71876,120,80163,35.00,-8.23,-4.06
100670,0,72388,83,80219,35.00,-8.55,-4.27
100692,0,72388,85,80446,35.00,-8.78,-3.82
100733,0,72388,121,81370,35.00,-9.68,-2.89
100755,679,72388,167,81914,35.00,-9.75,-2.39
100777,4095,72388,192,82618,35.00,-9.32,-2.39
100799,4095,73668,189,83326,35.00,-8.85,-2.83
100821,4095,73764,182,83977,35.00,-8.73,-2.88
100843,185,73764,108,84454,35.00,-8.72,-3.26
100865,4095,74276,219,84677,35.00,-8.95,-3.73
100887,4095,75044,204,84637,35.00,-9.04,-3.98
100909,4095,75044,205,84356,35.00,-8.88,-3.74
100931,4086,75044,217,83812,35.00,-8.90,-3.44
100974,4009,73764,207,81615,35.00,-8.84,-3.31
100996,4053,73156,213,81149,35.00,-8.93,-3.25
101712,1639,72388,148,80924,36.41,-9.19,-3.29
101736,747,70980,125,79414,35.00,-8.98,-3.60
101758,3098,70980,179,79310,35.00,-8.90,-3.61
101780,1771,70212,141,79229,35.00,-8.93,-3.51
101802,1981,70212,173,79203,35.00,-8.88,-3.45
101824,2101,69700,179,79200,35.00,-8.95,-3.40
101846,1895,69700,175,79285,35.00,-8.98,-3.45
101868,927,69700,157,79428,35.00,-9.01,-3.40
101890,563,69508,159,79605,35.00,-9.12,-3.53
101912,2311,69508,189,79762,35.00,-8.90,-3.48
101934,1797,69508,156,79911,35.00,-8.94,-3.45
101976,813,69508,151,80198,35.00,-9.10,-3.46
101998,2233,69508,181,80003,35.00,-9.03,-3.47
102020,2661,68996,199,79702,35.00,-8.94,-3.53
102042,2130,68228,182,79318,35.00,-8.93,-3.53
102064,1940,68228,188,78922,35.00,-8.94,-3.63
102086,2387,68228,203,78541,35.00,-8.88,-3.62
102108,1822,68228,179,78248,35.00,-9.05,-3.51
102130,1622,68228,171,78046,35.00,-8.56,-3.70
102152,1497,68996,169,77931,35.00,-8.97,-3.65
102174,407,68996,148,77869,35.00,-8.95,-3.68
102217,931,68996,168,78052,35.00,-8.89,-3.41
102239,2121,68996,181,78202,35.00,-8.79,-3.53
102261,3148,68996,204,78349,35.00,-8.85,-3.45
102283,3853,68996,216,78458,35.00,-8.78,-3.50
102305,3069,68996,201,78558,35.00,-8.65,-3.56
102327,1260,68996,163,78592,35.00,-8.69,-3.68
102349,435,69508,153,78566,35.00,-8.74,-3.64
102371,921,69508,165,78525,35.00,-8.76,-3.60
102393,30,69508,139,78492,35.00,-8.66,-3.54
102415,0,69508,135,78457,35.00,-8.62,-3.63
102457,0,69508,126,78385,35.00,-8.78,-3.59
102479,0,69508,137,78434,35.00,-8.79,-3.55
102501,1891,69508,172,78532,35.00,-8.89,-3.53
102523,2148,69508,179,78668,35.00,-9.05,-3.50
102545,2023,69508,165,78776,35.00,-9.02,-3.40
102567,1398,69508,152,78887,35.00,-9.05,-3.32
102589,1619,69508,166,78986,35.00,-9.07,-3.32
102611,2857,69508,169,79075,35.00,-9.12,-3.38
102633,3165,69508,160,79123,35.00,-9.08,-3.44
102655,3809,69508,181,79151,35.00,-8.94,-3.53
102677,4078,69508,178,79166,35.00,-8.72,-3.59
102718,3995,69508,183,79033,35.00,-8.98,-3.64
102740,2539,69508,170,78823,35.00,-9.01,-3.57
102762,3110,69508,184,78501,35.00,-8.95,-3.47
102784,2019,69508,174,78102,35.00,-8.94,-3.42
102806,4095,69508,210,77728,35.00,-8.83,-3.47
102828,4095,69508,201,77439,35.00,-8.85,-3.41
102850,606,69508,121,77268,35.00,-8.99,-3.48
102872,1471,69508,171,77160,35.00,-8.87,-3.45
102894,4095,69508,185,77096,35.00,-8.87,-3.54
102916,1257,69508,120,77042,35.00,-8.88,-3.47
102959,1645,69508,166,77061,35.00,-8.86,-3.51
102981,1788,69508,160,77122,35.00,-8.92,-3.54
103745,1077,69508,167,77248,36.37,-9.07,-3.52
103781,0,68996,152,77460,35.00,-8.88,-3.60
103803,824,68996,181,77538,35.00,-8.78,-3.49
103825,2233,68996,173,77585,35.00,-8.76,-3.44
103847,2565,68996,169,77646,35.00,-8.93,-3.44
103869,2503,68996,147,77708,35.00,-8.74,-3.38
103891,4095,68996,183,77774,35.00,-8.99,-3.47
103913,4095,68996,169,77821,35.00,-9.05,-3.48
103935,4075,68996,170,77849,35.00,-9.08,-3.51
103957,2093,68996,147,77856,35.00,-9.12,-3.40
103979,1741,68996,171,77858,35.00,-8.94,-3.45
104021,4095,68996,200,77853,35.00,-8.97,-3.55
104043,1565,68996,157,77885,35.00,-9.02,-3.51
104065,4085,68228,216,77971,35.00,-8.94,-3.53
104087,4095,67716,201,78090,35.00,-8.78,-3.43
104109,3691,67332,185,78205,35.00,-8.92,-3.50
104131,2781,67332,164,78324,35.00,-9.04,-3.54
104153,2613,67332,168,78456,35.00,-9.03,-3.52
104175,3699,67332,188,78561,35.00,-8.72,-3.50
104197,2899,67332,171,78632,35.00,-8.71,-3.39
104219,2535,66820,181,78706,35.00,-8.92,-3.49
104241,2987,66820,191,78750,35.00,-9.03,-3.57
104282,2741,67332,183,77976,35.00,-8.92,-3.43
104304,1989,66820,172,77570,35.00,-8.89,-3.46
104326,1561,66820,164,77219,35.00,-8.96,-3.52
104348,1231,67332,155,76936,35.00,-9.00,-3.46
104370,251,66820,143,76742,35.00,-9.10,-3.47
104392,138,66820,153,76591,35.00,-9.01,-3.56
104414,837,66820,165,76516,35.00,-9.01,-3.51
104436,1359,66820,175,76471,35.00,-8.91,-3.58
104458,1406,66820,179,76484,35.00,-8.90,-3.54
104480,1333,66820,187,76533,35.00,-8.86,-3.53
104522,1609,66820,197,76878,35.00,-8.96,-3.58
104544,2068,66820,201,76996,35.00,-8.83,-3.58
104566,2835,66820,202,77047,35.00,-8.77,-3.64
104588,1239,66820,156,77116,35.00,-8.84,-3.59
104610,2069,67332,176,77190,35.00,-8.84,-3.57
104632,2643,67332,197,77212,35.00,-8.91,-3.59
104654,2787,67332,184,77224,35.00,-8.98,-3.47
104676,3021,67332,199,77244,35.00,-8.91,-3.70
104698,2983,66820,201,77287,35.00,-8.90,-3.59
104720,2599,66820,206,77319,35.00,-8.79,-3.62
104742,2361,66820,200,77387,35.00,-8.88,-3.62
104783,1684,66820,183,77571,35.00,-8.89,-3.67
104805,3207,66820,200,77653,35.00,-8.98,-3.61
104827,381,66820,149,77751,35.00,-8.92,-3.53
104849,728,66820,155,77822,35.00,-8.74,-3.54
104871,653,66820,153,77922,35.00,-8.86,-3.62
104893,597,67332,153,78036,35.00,-8.94,-3.66
104915,799,66820,169,78169,35.00,-8.84,-3.65
104937,853,67332,167,78250,35.00,-8.63,-3.55
104959,0,67332,159,78306,35.00,-8.72,-3.54
104981,0,66820,172,78434,35.00,-8.94,-3.49
105525,0,67332,167,78532,36.21,-8.92,-3.54
105565,4095,67332,191,78211,35.00,-8.89,-3.55
105587,4093,67332,189,78176,35.00,-8.90,-3.56
105609,4095,67332,186,78129,35.00,-8.87,-3.49
105631,2211,67332,152,78073,35.00,-8.95,-3.49
105653,1959,67332,157,78064,35.00,-8.91,-3.47
105675,1735,67332,168,78090,35.00,-9.02,-3.52
105697,2063,67332,181,78162,35.00,-8.92,-3.54
105719,882,68228,169,78236,35.00,-8.92,-3.43
105741,487,68228,168,78315,35.00,-8.97,-3.42
105763,0,68228,169,78372,35.00,-9.18,-3.46
105806,1176,68228,180,77818,35.00,-8.90,-3.47
105828,1463,67716,167,77496,35.00,-8.84,-3.66
105850,1127,67716,158,77228,35.00,-8.87,-3.57
105872,1233,67716,155,76948,35.00,-8.85,-3.66
105894,3369,68228,217,76731,35.00,-8.91,-3.66
105916,3562,67716,205,76542,35.00,-8.71,-3.65
105938,1782,67716,185,76390,35.00,-8.85,-3.67
105960,280,67716,157,76320,35.00,-8.70,-3.67
105982,1192,67716,181,76270,35.00,-8.92,-3.65
106542,787,67716,165,76265,36.13,-9.00,-3.57
106572,4041,67716,183,77730,35.00,-9.04,-3.32
106594,4095,67332,183,77453,35.00,-8.95,-3.36
106616,4095,67716,199,77199,35.00,-8.96,-3.50
106638,4095,67716,203,76985,35.00,-8.97,-3.54
106660,2419,67716,199,76799,35.00,-8.90,-3.60
106682,4095,67716,203,76598,35.00,-8.91,-3.62
106704,4095,67716,191,76384,35.00,-8.93,-3.51
106726,0,68228,139,76262,35.00,-8.97,-3.47
106768,1087,68228,169,76376,35.00,-8.86,-3.30
106790,4095,67716,181,76571,35.00,-8.96,-3.41
106812,1193,67716,139,76767,35.00,-9.01,-3.46
106834,4095,67716,203,76890,35.00,-8.92,-3.40
106856,2398,67716,167,76942,35.00,-8.90,-3.48
106878,2233,67332,185,76941,35.00,-8.87,-3.49
106900,3301,67332,197,76911,35.00,-8.84,-3.53
106922,2237,66820,167,76899,35.00,-8.89,-3.55
106944,1013,66820,151,76866,35.00,-8.92,-3.53
106966,1658,66820,167,76834,35.00,-8.98,-3.44
107558,2693,66820,169,76932,36.62,-9.01,-3.49
107590,167,65540,168,76341,35.00,-8.85,-3.55
107612,1785,65540,167,76489,35.00,-8.80,-3.58
107634,2169,65540,183,76600,35.00,-8.78,-3.63
107656,1298,65540,169,76627,35.00,-8.79,-3.59
107678,938,65540,169,76653,35.00,-8.74,-3.62
107700,783,65540,164,76672,35.00,-8.58,-3.64
107722,0,65540,137,76686,35.00,-8.68,-3.66
107744,111,65528,143,76694,35.00,-8.83,-3.60
107766,141,65528,135,76712,35.00,-8.89,-3.61
107788,1748,65016,165,76752,35.00,-8.96,-3.50
107830,4095,65016,179,77069,35.00,-8.93,-3.39
107852,2743,65528,169,77193,35.00,-9.27,-3.46
107874,2238,65528,165,77280,35.00,-9.02,-3.48
107896,3397,65528,190,77320,35.00,-8.87,-3.46
107918,4095,65540,203,77295,35.00,-8.98,-3.48
107940,3019,65540,181,77247,35.00,-8.99,-3.49
107962,3223,65540,184,77186,35.00,-8.97,-3.59
107984,2103,66052,164,77113,35.00,-8.78,-3.68
108575,2505,66052,165,77057,36.17,-8.75,-3.58
108612,4095,28784,218,77368,35.00,-8.91,-3.50
108634,4095,28592,207,77488,35.00,-8.96,-3.57
108656,4095,28784,216,77579,35.00,-8.90,-3.55
108678,2093,30064,183,77709,35.00,-8.76,-3.50
108700,0,30576,148,77832,35.00,-8.79,-3.51
108722,0,30576,159,77948,35.00,-9.02,-3.62
108744,0,30576,154,78060,35.00,-8.80,-3.54
108766,1467,30576,173,78151,35.00,-8.71,-3.49
108788,2367,29296,171,78244,35.00,-8.88,-3.50
108810,0,28080,143,78382,35.00,-8.90,-3.54
108832,0,28080,160,78471,35.00,-8.91,-3.53
108873,3949,28592,253,77930,35.00,-8.78,-3.55
108895,0,30960,138,77469,35.00,-8.79,-3.57
108917,2411,32752,217,77020,35.00,-8.90,-3.52
108939,1021,32752,148,76610,35.00,-8.81,-3.45
108961,0,32752,147,76302,35.00,-8.84,-3.49
108983,0,32752,141,76079,35.00,-8.78,-3.42
109345,4095,32752,199,75917,36.54,-8.74,-3.45
109374,0,40904,135,76985,35.00,-8.95,-3.42
109396,934,40904,159,77076,35.00,-8.99,-3.49
109418,1010,41000,166,77151,35.00,-9.04,-3.56
109440,4095,41512,211,77234,35.00,-9.00,-3.53
109462,4095,41512,191,77294,35.00,-9.07,-3.55
109484,557,41512,119,77321,35.00,-8.95,-3.56
109506,1300,41512,173,77340,35.00,-8.98,-3.51
109528,1444,42280,168,77402,35.00,-8.77,-3.48
109550,1654,42280,171,77488,35.00,-8.75,-3.48
109572,1531,42792,179,77606,35.00,-8.98,-3.48
109594,3848,42792,229,77720,35.00,-8.98,-3.54
109635,1547,42792,165,77487,35.00,-8.93,-3.55
109657,1775,43176,187,77250,35.00,-8.94,-3.59
109679,2792,43688,199,76991,35.00,-8.91,-3.54
109701,3081,43688,187,76736,35.00,-8.94,-3.49
109723,4083,44456,200,76538,35.00,-8.89,-3.58
109745,3179,44456,184,76414,35.00,-8.89,-3.55
109767,3124,45160,199,76348,35.00,-9.01,-3.47
109789,4095,45672,211,76345,35.00,-8.83,-3.46
109811,4095,46440,215,76383,35.00,-8.88,-3.49
109833,4095,46952,211,76450,35.00,-8.86,-3.44
109875,3675,47336,207,76881,35.00,-9.01,-3.50
109897,4095,47848,211,77056,35.00,-8.91,-3.49
109919,4095,48616,204,77196,35.00,-8.91,-3.51
109941,3795,49128,188,77300,35.00,-8.79,-3.46
109963,3390,49128,181,77381,35.00,-8.86,-3.53
109985,3741,49176,181,77462,35.00,-8.86,-3.49
110355,2066,49176,159,77521,36.21,-8.92,-3.49
110397,0,27312,147,76961,35.00,-8.99,-3.40
110419,425,29296,146,76657,35.00,-8.89,-3.42
110441,2969,32240,187,76377,35.00,-8.86,-3.41
110463,4095,33288,179,76150,35.00,-8.98,-3.54
110485,547,34952,127,76012,35.00,-8.98,-3.53
110507,1790,36232,165,75903,35.00,-8.99,-3.53
110529,2355,36744,167,75880,35.00,-8.91,-3.55
110551,538,36232,159,75895,35.00,-8.87,-3.43
110573,2281,35464,191,75922,35.00,-9.04,-3.53
110595,0,36744,155,75978,35.00,-8.92,-3.49
110637,0,36744,155,76225,35.00,-8.98,-3.44
110659,29,39624,151,76351,35.00,-9.02,-3.53
110681,631,44456,165,76477,35.00,-8.92,-3.57
110703,1272,51352,170,76578,35.00,-8.88,-3.49
110725,1531,56792,159,76665,35.00,-8.86,-3.53
110747,955,63352,160,76735,35.00,-8.88,-3.51
110769,2729,69508,202,76778,35.00,-8.88,-3.44
110791,2739,73764,200,76805,35.00,-8.89,-3.46
110813,1455,77220,171,76839,35.00,-8.90,-3.48
110835,0,77924,154,76915,35.00,-8.95,-3.50
110857,1,78436,155,76991,35.00,-8.94,-3.45
110898,1326,79716,163,77179,35.00,-9.01,-3.48
110920,1334,80100,156,77277,35.00,-8.93,-3.44
110942,727,80612,152,77342,35.00,-8.90,-3.49
110964,697,80612,157,77407,35.00,-8.95,-3.46
110986,693,80612,166,77465,35.00,-8.96,-3.40
111371,248,80612,157,77507,36.32,-8.97,-3.45
111399,563,87892,133,76077,35.00,-8.77,-3.47
111421,1202,87892,153,76089,35.00,-8.85,-3.60
111443,1845,85908,140,76137,35.00,-8.89,-3.55
111465,1624,83220,155,76215,35.00,-8.93,-3.48
111487,2223,80100,170,76294,35.00,-8.90,-3.43
111509,1801,75044,157,76338,35.00,-9.00,-3.47
111531,1367,65540,159,76360,35.00,-9.05,-3.47
111553,4059,52632,200,76389,35.00,-8.88,-3.48
111575,3724,46440,181,76417,35.00,-8.91,-3.49
111597,4095,40392,181,76405,35.00,-9.00,-3.48
111640,4095,34952,174,76461,35.00,-9.02,-3.49
111662,4095,30576,175,76534,35.00,-8.96,-3.48
111684,4095,30064,181,76625,35.00,-9.00,-3.45
111706,4095,29296,186,76749,35.00,-9.03,-3.42
111728,4095,27312,198,76880,35.00,-8.97,-3.43
111750,4095,16912,203,76950,35.00,-8.90,-3.51
111772,525,11680,122,77027,35.00,-8.89,-3.53
111794,1199,7616,173,77126,35.00,-8.88,-3.50
111816,0,2688,141,77199,35.00,-9.06,-3.53
111838,0,1280,149,77231,35.00,-8.88,-3.57
111880,0,512,151,77337,35.00,-8.90,-3.51
111902,0,512,146,77372,35.00,-9.06,-3.42
111924,1563,512,181,77302,35.00,-9.13,-3.34
111946,3739,0,205,77105,35.00,-8.96,-3.50
111968,1337,0,166,76841,35.00,-8.90,-3.63
111990,2123,0,198,76565,35.00,-8.88,-3.64
112387,695,0,169,76346,36.39,-8.94,-3.51
112422,1496,24624,173,77211,35.00,-8.92,-3.50
112444,4095,30576,201,77335,35.00,-8.89,-3.52
112466,4095,32776,207,77404,35.00,-8.83,-3.46
112488,4095,36232,211,77464,35.00,-8.90,-3.47
112510,4095,37448,212,77498,35.00,-8.88,-3.55
112532,4095,39112,207,77509,35.00,-8.74,-3.45
112554,0,39624,127,77514,35.00,-8.80,-3.54
112576,1149,40904,170,77524,35.00,-9.04,-3.54
112598,2039,41000,159,77516,35.00,-8.99,-3.50
112620,1204,42280,154,77486,35.00,-8.71,-3.48
112662,4095,42792,192,77444,35.00,-8.88,-3.49
112684,814,43176,141,77421,35.00,-8.93,-3.48
112706,1851,44456,175,77250,35.00,-9.02,-3.50
112728,2597,44968,182,76931,35.00,-9.01,-3.49
112750,1885,45160,171,76509,35.00,-8.86,-3.48
112772,1677,45160,171,76064,35.00,-8.84,-3.48
112794,4074,45672,205,75787,35.00,-8.90,-3.39
112816,1913,45672,150,75590,35.00,-8.93,-3.40
112838,519,46440,137,75495,35.00,-9.01,-3.45
112860,2139,46952,171,75469,35.00,-9.05,-3.54
112903,2159,47336,157,75636,35.00,-9.13,-3.51
112925,0,47848,163,75732,35.00,-9.14,-3.47
112947,0,48616,175,75872,35.00,-9.02,-3.43
112969,1711,49128,212,76023,35.00,-8.84,-3.42
112991,0,49128,167,76191,35.00,-8.84,-3.40
113405,663,49176,174,76346,36.56,-8.87,-3.41
113444,0,42280,163,78453,35.00,-8.70,-3.49
113466,2893,41512,199,78545,35.00,-8.88,-3.60
113488,1077,41512,163,78574,35.00,-8.90,-3.53
113510,0,41000,159,78402,35.00,-8.77,-3.56
113532,0,40904,157,78050,35.00,-8.67,-3.56
113554,4095,40392,204,77581,35.00,-8.70,-3.48
113576,0,38728,100,77105,35.00,-8.82,-3.46
113598,0,36744,133,76718,35.00,-8.86,-3.47
113620,0,34952,139,76456,35.00,-8.95,-3.54
113642,137,34056,141,76287,35.00,-9.08,-3.48
113685,2373,34056,171,76097,35.00,-9.01,-3.37
113707,2141,32776,173,76085,35.00,-9.06,-3.40
113729,2581,32752,181,76033,35.00,-8.99,-3.45
113751,2719,32752,179,76024,35.00,-8.97,-3.54
113773,4095,32240,201,76074,35.00,-9.04,-3.55
113795,4095,32240,187,76112,35.00,-9.11,-3.50
113817,3043,31472,173,76159,35.00,-8.96,-3.47
113839,3658,31472,187,76171,35.00,-8.92,-3.44
113861,4095,31472,189,76225,35.00,-8.89,-3.44
113883,4095,31472,199,76301,35.00,-8.97,-3.39
113925,2814,30960,188,76666,35.00,-8.91,-3.40
113947,235,30960,153,76713,35.00,-8.96,-3.48
113969,0,30960,167,76749,35.00,-8.97,-3.47
113991,0,30960,159,76752,35.00,-8.93,-3.51
114421,0,30960,152,76739,36.44,-8.94,-3.50
114450,0,32240,164,76079,35.00,-8.85,-3.59
114472,4095,32752,205,76100,35.00,-8.84,-3.45
114494,0,32752,127,76122,35.00,-8.86,-3.46
114516,0,32752,148,76227,35.00,-8.64,-3.69
114538,0,32752,141,76338,35.00,-8.83,-3.59
114560,0,32752,143,76524,35.00,-8.73,-3.55
114582,0,32752,152,76708,35.00,-8.85,-3.63
114604,0,32752,163,76859,35.00,-8.88,-3.57
114626,0,32752,169,76976,35.00,-8.85,-3.60
114667,0,32776,171,76970,35.00,-8.81,-3.54
114689,0,32776,166,76879,35.00,-8.80,-3.54
114711,0,32776,155,76827,35.00,-8.85,-3.49
114733,0,32776,145,76837,35.00,-8.86,-3.48
114755,0,32776,127,76891,35.00,-8.79,-3.51
114777,0,33288,126,76944,35.00,-8.92,-3.41
114799,0,33288,136,77026,35.00,-9.03,-3.35
114821,0,33288,141,77094,35.00,-8.87,-3.43
114843,0,33288,158,77116,35.00,-9.14,-3.30
114865,0,32776,181,77101,35.00,-9.00,-3.45
114908,0,32776,197,77024,35.00,-8.90,-3.45
114930,0,32752,223,77011,35.00,-8.89,-3.43
114952,0,31472,205,77056,35.00,-9.03,-3.56
114974,0,31472,211,77098,35.00,-8.89,-3.53
114996,0,30960,197,77166,35.00,-8.76,-3.43
115438,0,30960,187,77287,36.12,-8.88,-3.41
115469,4095,32776,166,76709,35.00,-8.84,-3.45
115491,4095,32776,173,76768,35.00,-8.82,-3.53
115513,4095,32776,171,76806,35.00,-8.83,-3.57
115535,4095,32776,151,76821,35.00,-8.84,-3.50
115557,4095,32776,127,76865,35.00,-8.79,-3.50
115579,0,32776,93,76907,35.00,-8.86,-3.50
115601,0,32776,119,76972,35.00,-8.82,-3.50
115623,89,32776,149,77034,35.00,-8.92,-3.47
115645,611,32776,165,77134,35.00,-8.92,-3.45
115667,0,32776,143,77208,35.00,-8.88,-3.49
115710,0,33288,126,77414,35.00,-8.76,-3.55
115732,415,33288,141,77473,35.00,-8.93,-3.57
115754,0,33288,112,77473,35.00,-8.74,-3.56
115776,0,33288,99,77416,35.00,-8.61,-3.48
115798,0,34056,100,77426,35.00,-8.70,-3.45
115820,0,34056,23,77479,35.00,-8.97,-3.44
115842,0,34056,105,77533,35.00,-9.03,-3.49
115864,0,34056,137,77447,35.00,-9.24,-3.42
115886,0,34056,142,77182,35.00,-9.09,-3.35
115908,2548,34056,187,76791,35.00,-8.92,-3.39
115950,2427,34056,155,75725,35.00,-8.94,-3.40
115972,668,34056,126,75536,35.00,-8.93,-3.46
115994,479,34056,117,75430,35.00,-8.96,-3.51
116708,0,34056,111,75399,36.67,-8.98,-3.54
116732,2617,34568,189,75889,35.00,-8.94,-3.52
116754,2655,34952,157,75727,35.00,-8.95,-3.52
116776,2568,34952,155,75671,35.00,-8.97,-3.59
116798,1579,34952,155,75691,35.00,-8.84,-3.53
116820,2053,34952,183,75776,35.00,-8.84,-3.55
116842,4095,34952,221,75828,35.00,-8.84,-3.54
116864,2011,34952,169,75859,35.00,-8.87,-3.54
116886,2501,34952,191,75894,35.00,-8.93,-3.60
116908,2992,35464,198,75962,35.00,-8.86,-3.57
116930,4095,35464,181,76038,35.00,-8.89,-3.51
116952,2167,34952,138,76143,35.00,-8.90,-3.49
116993,2324,35464,150,76184,35.00,-8.96,-3.48
117725,3001,34952,151,76179,36.07,-8.92,-3.55
117755,4095,35464,199,76647,35.00,-8.60,-3.58
117777,4095,35464,183,76261,35.00,-8.73,-3.59
117799,4095,35464,204,75898,35.00,-8.88,-3.67
117821,389,35464,138,75569,35.00,-8.94,-3.64
117843,0,35464,168,75370,35.00,-9.07,-3.45
117865,0,35464,158,75259,35.00,-9.04,-3.34
117887,0,36232,151,75265,35.00,-9.15,-3.27
117909,3803,36232,209,75410,35.00,-8.83,-3.16
117931,1459,35464,137,75645,35.00,-8.93,-3.44
117953,1961,36232,153,75948,35.00,-8.71,-3.34
117995,1116,35464,133,76734,35.00,-8.65,-3.39
118742,367,35464,134,76799,36.33,-8.75,-3.50
118777,3705,37448,209,75792,35.00,-8.68,-3.62
118799,822,37448,168,75514,35.00,-8.95,-3.59
118821,0,37448,187,75302,35.00,-8.69,-3.59
118843,1257,37448,201,75225,35.00,-8.68,-3.51
118865,363,37448,157,75232,35.00,-8.74,-3.36
118887,0,37448,147,75303,35.00,-8.94,-3.48
118909,0,37448,141,75380,35.00,-8.52,-3.26
118931,1415,37448,168,75252,35.00,-9.00,-3.48
118953,813,37448,143,74970,35.00,-8.84,-3.50
118975,0,37448,148,74583,35.00,-8.81,-3.58
118997,0,37448,167,74195,35.00,-8.78,-3.48
119038,0,38216,173,73679,35.00,-8.84,-3.55
119060,0,37448,169,73740,35.00,-8.85,-3.50
119082,0,38216,167,73888,35.00,-8.87,-3.52
119104,0,38216,157,74098,35.00,-8.84,-3.38
119126,0,38216,141,74376,35.00,-8.85,-3.44
119148,0,38216,134,74708,35.00,-9.08,-3.32
119170,0,38216,125,75086,35.00,-9.05,-3.28
119192,2447,38216,169,75500,35.00,-8.98,-3.29
119214,1039,38216,139,75905,35.00,-9.01,-3.29
119236,0,38216,155,76249,35.00,-8.85,-3.37
119278,2598,38216,211,76830,35.00,-8.82,-3.70
119300,2235,38216,171,76957,35.00,-8.81,-3.71
119322,1554,38216,165,77068,35.00,-8.79,-3.71
119344,1816,38216,157,77176,35.00,-9.00,-3.59
119366,587,38216,133,77297,35.00,-8.83,-3.45
119388,885,38216,141,77419,35.00,-8.98,-3.34
119410,1207,38216,135,77564,35.00,-9.09,-3.24
119432,2729,38728,169,77687,35.00,-9.15,-3.23
119454,4095,38728,186,77743,35.00,-9.21,-3.22
119476,2451,38728,180,77828,35.00,-9.05,-3.29
119498,3273,38728,208,77909,35.00,-8.93,-3.25
119539,4095,38728,229,78039,35.00,-8.83,-3.40
119561,4095,38728,214,78064,35.00,-8.83,-3.57
119583,4095,38728,211,78132,35.00,-8.79,-3.59
119605,4087,38728,198,78216,35.00,-8.88,-3.49
119627,1901,38728,151,78227,35.00,-9.21,-3.36
119649,4086,38728,207,78104,35.00,-9.39,-3.43
119671,4095,38728,206,77812,35.00,-9.30,-3.39
119693,4095,38728,219,77413,35.00,-9.16,-3.34
119715,4095,38728,221,76966,35.00,-8.94,-3.32
119737,4095,38728,241,76587,35.00,-8.92,-3.38
119780,2899,38728,229,75841,35.00,-9.01,-3.49
119802,2747,38728,211,75744,35.00,-8.94,-3.56
119824,2295,38728,191,75708,35.00,-8.69,-3.51
119846,4095,38728,187,75709,35.00,-8.79,-3.52
119868,2373,38728,155,75771,35.00,-8.89,-3.49
119890,2395,38728,148,75867,35.00,-8.87,-3.49
119912,1837,38728,166,76004,35.00,-9.07,-3.49
119934,633,38728,155,76173,35.00,-9.05,-3.39
119956,2133,39112,192,76329,35.00,-8.99,-3.45
119978,1545,39112,186,76433,35.00,-8.80,-3.46
120020,1465,39112,197,76654,35.00,-8.84,-3.51
120042,1875,39112,183,76755,35.00,-8.89,-3.52
120064,219,39112,153,76886,35.00,-8.85,-3.48
120086,300,39112,141,77062,35.00,-8.95,-3.54
120108,893,39112,149,77240,35.00,-8.84,-3.61
120130,409,39112,133,77448,35.00,-8.64,-3.75
120152,0,39112,136,77768,35.00,-8.80,-3.76
120174,0,38728,159,78187,35.00,-9.10,-3.59
120196,0,38728,163,78606,35.00,-9.30,-3.57
120218,0,39112,171,79040,35.00,-9.09,-3.61
120240,0,39112,172,79565,35.00,-8.68,-3.57
120281,0,39112,155,81558,35.00,-8.76,-3.40
120303,0,39624,125,82172,35.00,-8.81,-3.53
120325,0,39624,120,82747,35.00,-8.71,-3.42
120347,0,39624,133,83207,35.00,-8.98,-3.40
120369,0,39624,141,83455,35.00,-9.06,-3.33
120391,0,40392,139,83514,35.00,-9.09,-3.33
120413,2710,40392,197,83340,35.00,-9.23,-2.98
120435,4095,40392,205,82884,35.00,-9.13,-2.93
120457,4095,40392,214,82393,35.00,-9.12,-2.65
120479,4095,40392,215,82028,35.00,-9.08,-2.85
120522,4095,40904,205,81451,35.00,-9.01,-3.04
120544,4095,40904,181,81317,35.00,-9.02,-3.18
120566,4095,40904,179,81132,35.00,-9.18,-3.28
120588,4095,40904,169,80942,35.00,-9.08,-3.32
120610,4095,40904,172,80762,35.00,-9.16,-3.49
120632,4095,40904,179,80612,35.00,-9.09,-3.35
120654,1319,40392,157,80547,35.00,-9.17,-3.25
120676,0,40392,171,80595,35.00,-9.11,-3.31
120698,0,39624,187,80689,35.00,-8.99,-3.30
120720,2237,39624,233,80841,35.00,-8.98,-3.23
120762,2163,40392,197,81243,35.00,-9.00,-3.28
120784,1405,40392,189,81364,35.00,-9.02,-3.18
120806,4095,40392,212,81459,35.00,-8.94,-3.17
120828,4095,40392,189,81492,35.00,-8.72,-2.99
120850,3673,40904,199,81515,35.00,-9.27,-3.19
120872,603,40904,149,81523,35.00,-9.13,-3.31
120894,2828,40392,231,81497,35.00,-8.84,-3.24
120916,4091,40392,233,81414,35.00,-8.79,-3.31
120938,4095,40392,227,81240,35.00,-8.93,-3.41
120960,3854,40392,171,80942,35.00,-9.08,-3.45
120982,0,40392,155,80621,35.00,-9.13,-3.56
121023,0,40392,165,79934,35.00,-8.77,-3.48
121045,0,40392,147,79825,35.00,-8.82,-3.44
121067,36,40392,147,79797,35.00,-8.71,-3.29
121089,425,40392,137,79811,35.00,-8.55,-3.24
121111,0,40392,141,79903,35.00,-8.79,-3.32
121133,4008,40904,227,80041,35.00,-9.09,-3.40
121155,4095,40904,218,80126,35.00,-9.13,-3.43
121177,0,40904,149,80069,35.00,-8.98,-3.52
121199,0,40904,170,79898,35.00,-9.03,-3.59
121221,0,40904,167,79660,35.00,-8.95,-3.49
121263,3087,40904,227,78941,35.00,-8.80,-3.45
121285,0,40904,109,78834,35.00,-8.66,-3.42
121307,0,40904,121,78765,35.00,-8.58,-3.40
121329,0,40904,125,78747,35.00,-8.64,-3.53
121351,0,40904,137,78753,35.00,-8.69,-3.59
121373,0,40904,151,78768,35.00,-8.72,-3.64
121395,0,40904,159,78717,35.00,-8.67,-3.64
121417,0,40904,157,78599,35.00,-8.95,-3.54
121439,0,41000,147,78442,35.00,-9.02,-3.35
121461,0,40904,137,78334,35.00,-9.06,-3.22
121483,861,41000,139,78292,35.00,-9.10,-3.27
121524,2160,41000,149,78592,35.00,-8.97,-3.31
121546,4063,41000,168,78768,35.00,-8.91,-3.36
121568,2668,41000,148,78866,35.00,-8.91,-3.45
121590,3943,41000,181,78886,35.00,-9.03,-3.49
121612,4040,41000,199,78845,35.00,-8.95,-3.54
121634,3909,41000,206,78759,35.00,-9.05,-3.51
121656,2810,41000,207,78702,35.00,-8.98,-3.55
121678,3094,41000,204,78717,35.00,-8.98,-3.49
121700,2805,41000,197,78795,35.00,-8.95,-3.38
121722,3701,41000,203,78940,35.00,-9.04,-3.40
121765,4046,41000,201,79453,35.00,-9.08,-3.46
121787,4045,41000,196,79606,35.00,-9.06,-3.43
121809,3927,41000,191,79696,35.00,-8.97,-3.47
121831,2825,41000,179,79695,35.00,-8.78,-3.46
121853,4053,41000,219,79652,35.00,-9.03,-3.40
121875,4055,41000,227,79588,35.00,-8.90,-3.58
121897,3759,41000,221,79472,35.00,-8.93,-3.54
121919,3683,41000,213,79239,35.00,-8.94,-3.56
121941,2935,41000,188,78947,35.00,-9.01,-3.55
121963,3401,41000,191,78598,35.00,-8.97,-3.67
122555,2591,41000,169,77756,36.71,-8.91,-3.54
122587,4085,41512,211,80515,35.00,-8.95,-3.53
122609,4072,41512,189,80401,35.00,-8.95,-3.53
122631,1075,41512,143,80245,35.00,-8.93,-3.44
122653,0,41512,178,79978,35.00,-9.06,-3.49
122675,0,41512,183,79607,35.00,-8.97,-3.44
122697,267,41512,185,79221,35.00,-8.93,-3.48
122719,0,41512,159,78866,35.00,-9.01,-3.44
122741,172,41512,153,78591,35.00,-9.11,-3.50
122763,3958,41512,218,78394,35.00,-9.04,-3.41
122785,1799,41512,143,78226,35.00,-8.90,-3.47
122827,0,41512,149,77876,35.00,-8.81,-3.52
122849,2221,41512,201,77797,35.00,-8.89,-3.45
122871,1021,41512,183,77782,35.00,-8.77,-3.43
122893,3411,41512,230,77857,35.00,-8.78,-3.44
122915,3762,42280,227,77962,35.00,-8.90,-3.60
122937,767,41512,180,78102,35.00,-8.93,-3.49
122959,2053,42280,187,78203,35.00,-9.02,-3.37
122981,2339,42280,181,78287,35.00,-8.88,-3.44
123572,3155,42280,185,78321,36.47,-8.90,-3.52
123609,4073,42792,209,77144,35.00,-8.90,-3.63
123631,2684,42792,183,77052,35.00,-8.91,-3.65
123653,2584,42792,185,76993,35.00,-8.87,-3.62
123675,1245,42792,173,76983,35.00,-8.88,-3.60
123697,3188,42792,201,77019,35.00,-8.85,-3.53
123719,1056,42792,141,77100,35.00,-8.95,-3.52
123741,3773,43176,206,77212,35.00,-9.04,-3.52
123763,2719,42792,159,77315,35.00,-8.95,-3.50
123785,1145,43176,152,77391,35.00,-9.03,-3.59
123807,3410,43176,211,77439,35.00,-9.02,-3.57
123829,2907,43176,213,77487,35.00,-8.98,-3.60
123870,3002,43176,229,77556,35.00,-8.97,-3.45
123892,2995,43176,233,77559,35.00,-9.01,-3.53
123914,3382,43176,234,77547,35.00,-9.02,-3.41
123936,4068,43176,236,77524,35.00,-8.99,-3.39
123958,631,43176,159,77492,35.00,-8.82,-3.33
123980,2207,43176,203,77508,35.00,-8.88,-3.44
124342,4087,43176,201,77522,36.59,-8.78,-3.45
124371,0,43688,125,76000,35.00,-8.67,-3.45
124393,0,43688,170,75896,35.00,-8.69,-3.51
124415,0,43688,157,75803,35.00,-8.77,-3.50
124437,0,43176,145,75728,35.00,-8.82,-3.53
124459,0,43176,125,75667,35.00,-8.86,-3.51
124481,0,43176,123,75690,35.00,-8.92,-3.53
124503,518,43176,135,75775,35.00,-9.18,-3.39
124525,2043,43688,159,75892,35.00,-9.13,-3.35
124547,2589,43688,169,76021,35.00,-9.17,-3.36
124569,4055,43176,214,76097,35.00,-9.00,-3.28
124591,4079,43688,211,76124,35.00,-8.98,-3.31
124632,2591,43688,187,76044,35.00,-9.01,-3.39
124654,3949,43688,207,76020,35.00,-8.92,-3.43
124676,1783,43688,166,76052,35.00,-9.01,-3.45
124698,2232,43688,165,76143,35.00,-8.94,-3.39
124720,2555,43688,169,76296,35.00,-8.90,-3.42
124742,2166,43688,153,76442,35.00,-8.91,-3.52
124764,2183,43688,165,76610,35.00,-9.01,-3.41
124786,2449,43688,172,76786,35.00,-8.99,-3.48
124808,1911,43688,181,76943,35.00,-9.01,-3.42
124830,2123,43688,203,77068,35.00,-9.05,-3.45
124872,2397,43688,213,77245,35.00,-8.97,-3.40
124894,2647,43688,205,77314,35.00,-9.09,-3.42
124916,2182,43688,191,77386,35.00,-9.02,-3.44
124938,2316,43688,185,77448,35.00,-8.79,-3.33
124960,2071,43688,165,77520,35.00,-8.92,-3.39
124982,435,43688,149,77614,35.00,-9.06,-3.38
125352,1900,43688,199,77649,36.52,-9.10,-3.37
125394,2095,44456,197,80434,35.00,-8.88,-3.51
125416,213,44968,143,82518,35.00,-8.80,-3.50
125438,0,45160,142,84929,35.00,-8.80,-3.49
125460,0,45672,133,87070,35.00,-8.81,-3.51
125482,0,46440,133,89077,35.00,-8.91,-3.48
125504,0,46440,149,91106,35.00,-8.89,-3.44
125526,0,46952,154,92903,35.00,-8.91,-3.38
125548,493,46952,170,94348,35.00,-8.91,-3.44
125570,1559,47336,191,95697,35.00,-8.94,-3.45
125592,2185,47336,187,96962,35.00,-9.06,-3.33
125634,2726,47336,183,99557,35.00,-8.92,-3.45
125656,3559,46952,173,100059,35.00,-9.04,-3.45
125678,4078,46952,173,100358,35.00,-9.01,-3.46
125700,4087,46952,172,100654,35.00,-8.85,-3.50
125722,926,47336,111,100860,35.00,-8.80,-3.48
125744,3110,46952,186,101124,35.00,-8.93,-3.44
125766,2473,47336,170,101456,35.00,-8.98,-3.38
125788,1703,47336,182,101734,35.00,-8.95,-3.33
125810,3637,46952,215,101890,35.00,-9.01,-3.43
125832,1439,46952,168,101833,35.00,-8.96,-3.46
125854,2921,46952,198,101732,35.00,-9.07,-3.48
125895,1420,47848,163,101778,35.00,-9.12,-3.46
125917,3053,49176,197,101658,35.00,-9.02,-3.45
125939,2595,49176,175,101441,35.00,-9.00,-3.48
125961,3533,49176,191,100992,35.00,-8.91,-3.44
125983,1107,49176,155,100258,35.00,-8.92,-3.47
126369,4059,49176,235,99354,36.64,-8.88,-3.41
126397,1765,47848,188,96861,35.00,-8.81,-3.51
126419,0,47848,122,96739,35.00,-8.81,-3.55
126441,485,48616,149,96609,35.00,-8.94,-3.54
126463,339,48616,146,96498,35.00,-8.86,-3.57
126485,0,48616,157,96373,35.00,-8.64,-3.50
126507,0,48616,165,96284,35.00,-8.63,-3.50
126529,0,48616,165,96228,35.00,-8.93,-3.56
126551,2297,48616,200,96183,35.00,-8.99,-3.57
126573,766,48616,152,96068,35.00,-8.95,-3.53
126595,0,48616,137,95816,35.00,-8.95,-3.47
126637,1003,48616,157,95008,35.00,-8.90,-3.41
126659,2297,48616,142,94777,35.00,-9.00,-3.47
126681,3437,48616,175,94545,35.00,-9.03,-3.40
126703,3098,48616,169,94295,35.00,-9.01,-3.40
126725,3957,48616,207,94045,35.00,-8.99,-3.47
126747,4077,48616,217,93813,35.00,-8.98,-3.48
126769,4043,48616,217,93627,35.00,-8.97,-3.50
126791,2619,48616,189,93484,35.00,-8.89,-3.48
126813,3357,48616,189,93403,35.00,-8.82,-3.47
126835,2777,48616,171,93392,35.00,-8.90,-3.50
126878,2279,48616,155,93428,35.00,-8.98,-3.56
126900,2878,48616,169,93444,35.00,-9.05,-3.48
126922,4059,48616,201,93458,35.00,-9.00,-3.42
126944,3899,48616,211,93467,35.00,-9.05,-3.45
126966,1479,48616,186,93479,35.00,-9.01,-3.42
126988,1434,48616,215,93484,35.00,-8.94,-3.45
127386,4071,48616,238,93517,36.27,-8.91,-3.44
127419,0,47848,184,93227,35.00,-8.84,-3.45
127441,25,47848,150,92966,35.00,-8.90,-3.48
127463,2023,47848,201,92734,35.00,-8.93,-3.52
127485,767,48616,176,92500,35.00,-8.94,-3.50
127507,0,47848,173,92247,35.00,-8.85,-3.49
127529,0,48616,169,92015,35.00,-8.91,-3.58
127551,0,48616,165,91813,35.00,-8.71,-3.62
127573,0,48616,149,91653,35.00,-8.76,-3.50
127595,0,48616,135,91575,35.00,-8.70,-3.49
127617,0,49128,125,91569,35.00,-8.61,-3.57
127660,0,49128,120,91843,35.00,-8.88,-3.60
127682,0,49128,137,91936,35.00,-9.10,-3.51
127704,0,49128,154,92002,35.00,-9.01,-3.47
127726,2147,49128,200,92021,35.00,-9.07,-3.45
127748,3531,49128,198,92031,35.00,-9.12,-3.39
127770,3404,49176,184,92008,35.00,-8.95,-3.38
127792,4095,49176,185,91959,35.00,-8.92,-3.28
127814,4095,49176,173,91878,35.00,-9.04,-3.37
127836,4079,49176,171,91744,35.00,-8.98,-3.42
127858,4095,49176,179,91592,35.00,-8.99,-3.42
127900,4091,49176,181,91393,35.00,-8.92,-3.44
127922,4095,49176,197,91430,35.00,-8.89,-3.42
127944,3989,49176,205,91517,35.00,-8.84,-3.39
127966,1171,49176,169,91628,35.00,-8.93,-3.39
127988,981,49176,176,91757,35.00,-8.95,-3.46
128403,2633,49176,202,91873,36.67,-8.94,-3.48
128442,0,49688,180,90232,35.00,-8.82,-3.50
128464,2519,49688,201,90282,35.00,-8.85,-3.51
128486,0,49688,175,90335,35.00,-8.80,-3.44
128508,1389,49688,202,90386,35.00,-8.86,-3.42
128530,839,49688,165,90427,35.00,-8.85,-3.49
128552,0,49688,147,90465,35.00,-8.87,-3.44
128574,766,50456,153,90517,35.00,-8.86,-3.44
128596,461,50456,133,90597,35.00,-8.79,-3.48
128618,354,50456,139,90671,35.00,-8.78,-3.55
128640,0,50456,133,90751,35.00,-8.66,-3.51
128682,0,50456,156,91129,35.00,-8.73,-3.49
128704,0,50456,150,91250,35.00,-8.77,-3.46
128726,0,50456,150,91359,35.00,-8.97,-3.35
128748,554,50456,149,91476,35.00,-9.23,-3.40
128770,1709,50456,151,91616,35.00,-9.22,-3.33
128792,2203,50456,141,91701,35.00,-9.38,-3.25
128814,3725,50456,175,91785,35.00,-9.28,-3.36
128836,4087,50968,166,91845,35.00,-8.94,-3.26
128858,4095,50456,181,91947,35.00,-8.74,-3.23
128880,4071,50456,185,92057,35.00,-8.80,-3.36
128923,2869,50456,187,92094,35.00,-9.10,-3.45
128945,1119,50456,185,91840,35.00,-9.13,-3.45
128967,3557,50968,219,91502,35.00,-9.11,-3.46
128989,1818,50456,173,91150,35.00,-8.99,-3.38
129420,1093,50456,165,90829,36.44,-9.04,-3.35
129449,304,50456,165,89984,35.00,-8.89,-3.43
129471,0,50968,149,90065,35.00,-8.95,-3.49
129493,619,50968,158,90150,35.00,-8.82,-3.50
129515,1039,50968,153,90240,35.00,-8.92,-3.43
129537,1531,50968,164,90325,35.00,-8.88,-3.40
129559,1079,50968,157,90391,35.00,-8.88,-3.50
129581,1331,50968,184,90493,35.00,-8.90,-3.45
129603,0,50968,167,90603,35.00,-8.96,-3.48
129645,0,50968,173,90897,35.00,-8.62,-3.49
129667,0,50968,161,91040,35.00,-8.78,-3.46
129689,0,51352,149,91144,35.00,-8.91,-3.42
129711,0,51352,135,91117,35.00,-9.03,-3.42
129733,653,51352,148,90873,35.00,-9.01,-3.37
129755,1495,51352,147,90528,35.00,-9.01,-3.44
129777,1913,51352,167,90157,35.00,-8.97,-3.38
129799,2065,51352,166,89787,35.00,-9.03,-3.38
129821,2633,51352,207,89453,35.00,-8.93,-3.37
129843,3130,51352,205,89174,35.00,-8.89,-3.41
129885,3947,51352,213,88370,35.00,-8.95,-3.35
129907,2641,51864,171,88154,35.00,-8.93,-3.41
129929,1150,51352,141,87999,35.00,-9.01,-3.41
129951,2221,51864,171,87950,35.00,-9.02,-3.39
129973,2633,51864,155,87982,35.00,-8.94,-3.47
129995,2495,51352,157,88090,35.00,-9.00,-3.37
130437,3529,51352,189,88240,36.19,-8.96,-3.35
130467,683,51864,185,89825,35.00,-8.86,-3.43
130489,2007,52632,167,89822,35.00,-9.00,-3.41
130511,1745,51864,169,89661,35.00,-8.94,-3.43
130533,2471,51864,166,89343,35.00,-8.92,-3.39
130555,973,52632,157,88990,35.00,-8.86,-3.46
130577,459,52632,155,88632,35.00,-8.89,-3.44
130599,2533,52632,223,88328,35.00,-8.88,-3.45
130621,0,52632,156,88092,35.00,-8.93,-3.45
130643,0,52632,175,87910,35.00,-8.87,-3.43
130665,314,52632,174,87759,35.00,-8.93,-3.39
130707,681,52632,168,87521,35.00,-8.74,-3.47
130729,0,52632,146,87532,35.00,-8.80,-3.50
130751,97,52632,141,87633,35.00,-8.72,-3.44
130773,73,52632,134,87786,35.00,-8.91,-3.55
130795,0,52632,143,87975,35.00,-8.88,-3.51
130817,439,52632,159,88132,35.00,-8.93,-3.36
130839,1055,52632,171,88280,35.00,-9.05,-3.37
130861,1311,53144,179,88432,35.00,-9.06,-3.38
130883,2486,53144,215,88577,35.00,-8.95,-3.33
130905,3031,53144,189,88681,35.00,-8.95,-3.34
130927,3433,53144,197,88797,35.00,-9.02,-3.35
130968,3805,53144,185,88896,35.00,-8.89,-3.38
130990,3379,53144,175,88898,35.00,-8.89,-3.41
131708,4027,53144,174,88901,36.86,-8.91,-3.41
131750,429,53336,120,88148,35.00,-8.90,-3.35
131772,1237,53336,141,88291,35.00,-8.89,-3.40
131794,329,53336,152,88432,35.00,-8.85,-3.35
131816,1674,53336,179,88567,35.00,-8.83,-3.44
131838,602,53336,171,88694,35.00,-8.73,-3.48
131860,730,53336,173,88766,35.00,-8.87,-3.45
131882,1815,53336,198,88793,35.00,-8.86,-3.40
131904,668,53336,168,88766,35.00,-8.90,-3.42
131926,1451,53336,141,88713,35.00,-8.99,-3.40
131948,0,53336,120,88683,35.00,-9.07,-3.43
131990,0,53336,121,88767,35.00,-8.71,-3.36
132725,1749,53336,151,88786,36.05,-8.89,-3.50
132752,1839,54616,168,88142,35.00,-9.01,-3.30
132774,1865,54616,189,88247,35.00,-8.74,-3.24
132796,355,54616,173,88357,35.00,-8.67,-3.14
132818,596,54616,188,88444,35.00,-8.87,-3.30
132840,210,54616,173,88501,35.00,-8.79,-3.35
132862,247,54616,173,88396,35.00,-8.81,-3.36
132884,0,54616,155,88110,35.00,-8.81,-3.40
132906,0,54616,149,87742,35.00,-8.95,-3.37
132928,0,54616,135,87371,35.00,-8.78,-3.26
132950,0,54616,133,87056,35.00,-8.75,-3.35
132972,0,54616,141,86788,35.00,-8.80,-3.38
133742,0,54616,153,85826,36.02,-8.73,-3.40
133775,4083,55512,181,84500,35.00,-8.94,-3.41
133797,4095,55512,219,84479,35.00,-8.94,-3.35
133819,3589,56024,211,84514,35.00,-9.01,-3.35
133841,3370,56024,199,84539,35.00,-8.92,-3.33
133863,1975,56024,147,84535,35.00,-8.88,-3.39
133885,1373,56024,139,84584,35.00,-8.95,-3.35
133907,979,56792,125,84686,35.00,-8.98,-3.36
133929,0,56792,125,84813,35.00,-9.00,-3.32
133951,0,56792,141,84914,35.00,-9.01,-3.35
133973,0,56792,170,84982,35.00,-8.96,-3.33
134759,0,56792,171,85132,36.31,-8.92,-3.32
134798,4093,56792,199,85422,35.00,-8.96,-3.45
134820,4085,56792,214,85464,35.00,-8.92,-3.43
134842,4063,57304,198,85499,35.00,-8.90,-3.44
134864,4073,57304,190,85552,35.00,-9.00,-3.34
134886,3384,57304,179,85578,35.00,-9.15,-3.45
134908,3337,57304,185,85609,35.00,-8.88,-3.32
134930,3015,57304,191,85663,35.00,-9.06,-3.34
134952,2429,57304,191,85745,35.00,-8.86,-3.25
134974,1068,57304,179,85804,35.00,-8.90,-3.34
134996,780,57304,175,85849,35.00,-8.92,-3.34
135038,455,57400,165,85992,35.00,-8.92,-3.36
135060,192,57400,147,86051,35.00,-8.89,-3.35
135082,0,57400,137,86171,35.00,-8.99,-3.34
135104,489,57400,153,86328,35.00,-9.03,-3.31
135126,469,57400,151,86513,35.00,-8.79,-3.30
135148,1205,57400,157,86699,35.00,-8.83,-3.27
135170,487,57400,157,86911,35.00,-9.01,-3.31
135192,1069,57400,181,87075,35.00,-9.06,-3.30
135214,2195,57400,207,87134,35.00,-8.91,-3.31
135236,2621,57400,205,86975,35.00,-8.85,-3.41
135258,733,57400,151,86681,35.00,-8.79,-3.40
135299,1429,57400,171,85459,35.00,-8.82,-3.39
135321,0,57304,141,85148,35.00,-8.85,-3.34
135343,0,57400,137,84939,35.00,-8.91,-3.26
135365,0,57400,126,84843,35.00,-8.92,-3.28
135387,683,57400,150,84881,35.00,-8.91,-3.31
135409,359,57400,149,84999,35.00,-8.87,-3.31
135431,1171,57400,183,85195,35.00,-8.88,-3.38
135453,1533,57400,169,85526,35.00,-8.95,-3.42
135475,72,57400,153,85886,35.00,-9.03,-3.39
135497,2251,57400,187,86234,35.00,-9.10,-3.44
135540,2781,57400,169,86648,35.00,-8.93,-3.42
135562,3035,57400,180,86662,35.00,-8.97,-3.42
135584,2335,57400,149,86654,35.00,-9.03,-3.40
135606,2603,57400,167,86684,35.00,-8.96,-3.35
135628,2747,57400,173,86700,35.00,-8.91,-3.38
135650,2814,57400,185,86665,35.00,-8.92,-3.47
135672,2462,57400,190,86597,35.00,-9.03,-3.37
135694,2427,57400,204,86589,35.00,-9.03,-3.35
135716,3773,57400,219,86593,35.00,-9.03,-3.34
135738,2781,57400,199,86596,35.00,-9.05,-3.40
135780,4089,57400,201,86706,35.00,-9.04,-3.34
135802,4089,57400,187,86729,35.00,-8.97,-3.36
135824,4053,57400,185,86763,35.00,-9.04,-3.34
135846,4087,57400,201,86755,35.00,-8.95,-3.46
135868,4075,57400,205,86762,35.00,-8.95,-3.46
135890,4094,57400,220,86765,35.00,-8.87,-3.48
135912,4095,57912,229,86793,35.00,-8.79,-3.34
135934,2413,57912,189,86807,35.00,-8.94,-3.31
135956,2735,57912,191,86814,35.00,-9.07,-3.34
135978,2981,57912,199,86832,35.00,-9.11,-3.39
136539,1763,57912,159,86795,36.68,-8.98,-3.40
136569,0,57912,111,85952,35.00,-8.97,-3.33
136591,0,57912,163,85945,35.00,-9.00,-3.32
136613,1773,57912,170,85913,35.00,-9.05,-3.30
136635,1364,58680,155,85871,35.00,-9.13,-3.36
136657,2339,58680,173,85849,35.00,-9.03,-3.32
136679,2195,58680,156,85837,35.00,-8.91,-3.34
136701,1618,58680,141,85837,35.00,-8.91,-3.28
136743,3333,58680,171,86094,35.00,-9.01,-3.54
136765,2105,57912,164,86079,35.00,-9.13,-3.37
136787,2257,57912,174,85890,35.00,-9.05,-3.31
136809,2485,58680,189,85545,35.00,-8.99,-3.41
136831,3447,58680,219,85151,35.00,-8.93,-3.40
136853,2643,58680,198,84817,35.00,-8.90,-3.37
136875,4083,58680,219,84605,35.00,-9.02,-3.39
136897,4095,58680,199,84462,35.00,-9.04,-3.39
136919,4095,58680,191,84355,35.00,-9.02,-3.39
136941,4095,58680,185,84286,35.00,-8.99,-3.40
136983,4095,58680,187,84299,35.00,-8.83,-3.42
137556,4095,58680,191,84363,36.44,-8.95,-3.39
137586,755,59576,155,85684,35.00,-8.87,-3.32
137608,889,59192,153,85312,35.00,-8.94,-3.37
137630,0,59192,169,84931,35.00,-8.97,-3.36
137652,0,59192,173,84654,35.00,-8.90,-3.31
137674,0,59192,156,84474,35.00,-8.87,-3.35
137696,2862,59192,188,84314,35.00,-8.80,-3.29
137718,28,59192,119,84172,35.00,-8.88,-3.36
137740,0,59192,123,84024,35.00,-8.79,-3.38
137762,0,59576,117,83911,35.00,-8.74,-3.31
137784,1500,59576,153,83833,35.00,-8.79,-3.42
137825,843,59576,159,83929,35.00,-8.96,-3.40
137847,735,59192,163,84042,35.00,-9.09,-3.40
137869,2095,59192,199,84181,35.00,-9.17,-3.37
137891,3847,59576,217,84313,35.00,-9.15,-3.25
137913,4075,59576,211,84479,35.00,-9.13,-3.31
137935,4088,59576,203,84655,35.00,-9.04,-3.31
137957,3207,59576,181,84839,35.00,-8.94,-3.22
137979,4089,59576,185,84984,35.00,-8.86,-3.37
138573,4095,59576,188,85099,36.67,-8.86,-3.41
138607,0,61368,155,82913,35.00,-9.00,-3.23
138629,0,61368,185,83119,35.00,-9.00,-3.29
138651,0,61368,181,83284,35.00,-8.90,-3.34
138673,0,61368,167,83400,35.00,-8.84,-3.36
138695,0,60856,152,83530,35.00,-8.93,-3.37
138717,0,61368,149,83678,35.00,-8.92,-3.43
138739,0,60856,141,83847,35.00,-8.81,-3.38
138761,0,60856,147,83993,35.00,-8.78,-3.41
138783,0,60856,148,84121,35.00,-8.84,-3.42
138805,0,60856,159,84251,35.00,-8.90,-3.35
138827,0,60856,168,84359,35.00,-8.93,-3.36
138868,0,60856,173,84675,35.00,-8.89,-3.34
138890,0,60856,170,84770,35.00,-9.02,-3.38
138912,0,60856,141,84845,35.00,-9.00,-3.33
138934,0,61368,134,84913,35.00,-8.91,-3.36
138956,695,61368,149,84993,35.00,-8.84,-3.39
138978,367,61368,121,85028,35.00,-8.93,-3.46
139340,1801,61368,157,85042,36.66,-8.97,-3.47
139369,4095,61560,199,84456,35.00,-8.92,-3.30
139391,4095,61560,207,84659,35.00,-8.94,-3.31
139413,4095,61560,185,84724,35.00,-8.99,-3.36
139435,4095,62072,180,84647,35.00,-8.99,-3.40
139457,4095,62072,171,84491,35.00,-9.07,-3.46
139479,4095,62072,171,84311,35.00,-9.00,-3.38
139501,4095,62840,187,84130,35.00,-9.00,-3.40
139523,4095,62840,209,83988,35.00,-8.95,-3.35
139545,4095,62840,214,83876,35.00,-9.01,-3.38
139567,4095,63352,205,83786,35.00,-8.94,-3.35
139610,4088,63352,189,83650,35.00,-8.91,-3.39
139632,605,63352,151,83638,35.00,-8.88,-3.35
139654,0,63352,140,83651,35.00,-8.87,-3.40
139676,0,63352,142,83650,35.00,-9.04,-3.34
139698,0,63352,141,83683,35.00,-9.13,-3.29
139720,0,63352,155,83716,35.00,-9.05,-3.29
139742,0,63352,167,83823,35.00,-9.08,-3.41
139764,0,62840,185,83992,35.00,-9.10,-3.34
139786,0,63352,190,84207,35.00,-8.97,-3.30
139808,0,62840,181,84461,35.00,-8.74,-3.27
139850,0,62840,165,85034,35.00,-8.82,-3.29
139872,0,62840,148,85047,35.00,-9.02,-3.38
139894,0,62840,139,84871,35.00,-9.03,-3.28
139916,0,62840,126,84484,35.00,-9.00,-3.25
139938,0,62840,138,84003,35.00,-8.95,-3.47
139960,0,62840,147,83516,35.00,-8.98,-3.40
139982,0,62840,169,83121,35.00,-8.85,-3.41
140352,0,62840,173,82867,36.71,-8.78,-3.37
140392,4095,63352,171,84673,35.00,-8.84,-3.31
140414,4095,63352,165,84716,35.00,-8.87,-3.35
140436,4095,63352,163,84703,35.00,-8.95,-3.49
140458,4082,63352,171,84628,35.00,-9.07,-3.58
140480,4074,63352,187,84552,35.00,-9.02,-3.54
140502,2789,63352,191,84511,35.00,-8.89,-3.41
140524,4058,63736,215,84549,35.00,-9.00,-3.39
140546,4091,63736,221,84628,35.00,-9.10,-3.33
140568,4095,63736,216,84739,35.00,-9.03,-3.22
140590,4095,63736,205,84849,35.00,-8.94,-3.40
140632,4095,63736,188,85038,35.00,-9.12,-3.30
140654,2263,63736,157,84918,35.00,-9.13,-3.34
140676,2083,63736,168,84587,35.00,-9.02,-3.32
140698,2589,63736,183,84074,35.00,-8.93,-3.42
140720,1385,63736,159,83484,35.00,-8.88,-3.47
140742,989,63736,179,82877,35.00,-8.92,-3.38
140764,877,63736,173,82411,35.00,-9.01,-3.34
140786,0,63736,157,82072,35.00,-8.86,-3.33
140808,0,64248,136,82033,35.00,-8.80,-3.22
140830,0,65016,122,82120,35.00,-9.04,-3.45
140852,0,65016,124,82119,35.00,-8.96,-3.45
140893,0,65016,119,82287,35.00,-9.01,-3.26
140915,0,64248,137,82471,35.00,-8.98,-3.26
140937,0,65016,142,82719,35.00,-8.90,-3.19
140959,0,64248,153,82974,35.00,-8.94,-3.24
140981,0,64248,173,83244,35.00,-8.93,-3.25
141369,1515,64248,214,83461,36.80,-8.94,-3.32
141397,4095,63352,171,86311,35.00,-8.78,-3.42
141419,4095,62840,184,86260,35.00,-9.07,-3.41
141441,4095,63352,203,86155,35.00,-9.25,-3.37
141463,4095,63352,207,85926,35.00,-9.23,-3.36
141485,4095,63352,211,85607,35.00,-9.15,-3.28
141507,4095,63352,205,85264,35.00,-9.03,-3.14
141529,4095,63352,187,84940,35.00,-8.79,-3.11
141551,4095,63736,175,84685,35.00,-8.77,-3.26
141573,4095,63352,166,84389,35.00,-8.74,-3.37
141615,4095,63352,159,82850,35.00,-8.94,-3.50
141637,4095,63736,167,82228,35.00,-9.00,-3.50
141659,3987,63736,183,81657,35.00,-9.05,-3.50
141681,1353,63736,170,81227,35.00,-9.08,-3.42
141703,0,63736,171,81050,35.00,-9.16,-3.30
141725,0,63736,181,81138,35.00,-9.24,-3.32
141747,0,63736,175,81435,35.00,-9.17,-3.24
141769,0,63736,159,81825,35.00,-9.07,-3.30
141791,0,63736,154,82239,35.00,-8.90,-3.23
141813,0,63736,142,82610,35.00,-9.00,-3.26
141855,0,64248,143,83399,35.00,-9.00,-3.50
141877,0,64248,155,83544,35.00,-8.97,-3.44
141899,0,64248,175,83656,35.00,-8.88,-3.26
141921,0,63736,184,83771,35.00,-9.08,-3.29
141943,0,64248,201,83899,35.00,-9.22,-3.28
141965,2659,63736,265,83979,35.00,-9.18,-3.24
141987,4021,63736,245,84090,35.00,-9.10,-3.30
142387,4045,63736,227,84204,37.18,-8.56,-3.56
142417,0,65540,105,82842,35.00,-9.16,-3.20
142439,2363,65540,173,82881,35.00,-9.11,-3.23
142461,4071,65540,206,82984,35.00,-9.00,-3.19
142483,4085,65540,199,83097,35.00,-8.97,-3.27
142505,3497,65540,174,83266,35.00,-9.13,-3.35
142527,4078,66052,184,83451,35.00,-9.16,-3.46
142549,4095,66052,175,83609,35.00,-9.05,-3.35
142571,1800,66052,124,83710,35.00,-9.06,-3.32
142593,4043,66052,184,83768,35.00,-8.93,-3.35
142615,3929,66052,185,83861,35.00,-8.86,-3.36
142657,2443,66052,181,84179,35.00,-8.98,-3.34
142679,2985,66052,191,84258,35.00,-8.92,-3.37
142701,2275,66820,201,84325,35.00,-8.93,-3.43
142723,3691,66820,217,84403,35.00,-9.08,-3.36
142745,4035,66820,210,84484,35.00,-9.05,-3.33
142767,1964,66052,169,84550,35.00,-9.10,-3.42
142789,3059,66820,189,84619,35.00,-9.09,-3.38
142811,2374,66820,164,84722,35.00,-8.96,-3.31
142833,2600,66820,181,84822,35.00,-8.96,-3.35
142855,2505,67332,183,84943,35.00,-8.95,-3.32
142877,3311,67332,211,85057,35.00,-8.81,-3.27
142918,2409,67332,199,85301,35.00,-8.90,-3.44
142940,343,67332,167,85378,35.00,-8.84,-3.44
142962,2579,67332,211,85433,35.00,-9.08,-3.46
142984,3049,67332,205,85490,35.00,-9.10,-3.42
143404,3320,67332,189,85409,36.68,-9.31,-3.48
143439,0,66820,141,84182,35.00,-8.68,-3.42
143461,1136,67332,184,84282,35.00,-8.78,-3.54
143483,0,67332,133,84428,35.00,-8.76,-3.49
143505,0,67332,122,84650,35.00,-8.75,-3.69
143527,0,67332,102,84948,35.00,-8.61,-3.66
143549,0,67716,87,85345,35.00,-8.99,-3.62
143571,0,67332,90,85815,35.00,-9.78,-3.35
143593,0,67332,114,86212,35.00,-9.93,-2.88
143615,0,67332,151,86610,35.00,-9.57,-2.35
143637,4043,67332,253,87204,35.00,-9.09,-2.20
143659,4063,67332,231,87900,35.00,-8.68,-2.50
143700,4060,67332,219,89730,35.00,-8.60,-3.22
143722,4039,67332,204,90037,35.00,-8.76,-3.44
143744,4067,67332,191,90087,35.00,-8.89,-3.58
143766,4071,67332,173,89844,35.00,-8.97,-3.50
143788,4043,67332,179,89309,35.00,-8.90,-3.22
143810,4054,67332,173,88541,35.00,-9.13,-3.19
143832,4059,66820,189,87707,35.00,-8.90,-3.20
143854,4046,67332,187,86880,35.00,-9.14,-3.17
143876,4049,67332,215,86254,35.00,-9.15,-3.12
143898,4057,67332,231,85812,35.00,-9.43,-3.11
143941,4043,67332,243,85000,35.00,-9.24,-3.07
143963,3993,67332,233,84797,35.00,-9.06,-3.17
143985,4047,66820,216,84600,35.00,-8.41,-3.20
144421,4067,67332,183,84455,36.66,-8.77,-3.40
144462,0,66820,156,86316,35.00,-8.27,-3.61
144484,0,66820,125,86484,35.00,-8.36,-3.78
144506,0,66820,107,86774,35.00,-8.52,-3.85
144528,0,66820,91,87035,35.00,-8.89,-3.76
144550,0,67332,87,87178,35.00,-9.48,-3.54
144572,0,67332,111,87173,35.00,-9.85,-2.91
144594,0,66820,157,87123,35.00,-9.70,-2.65
144616,41,66820,181,87171,35.00,-9.55,-2.34
144638,4037,66820,237,87292,35.00,-8.96,-2.29
144660,4054,66820,223,87485,35.00,-8.84,-2.68
144703,4049,67332,211,87666,35.00,-8.81,-3.41
144725,4025,66820,179,87454,35.00,-9.09,-3.73
144747,4039,66820,170,87141,35.00,-9.01,-3.73
144769,4023,66820,181,86782,35.00,-8.72,-3.46
144791,4003,66820,183,86483,35.00,-8.66,-3.34
144813,3993,66820,189,86316,35.00,-8.90,-3.16
144835,4009,66820,210,86194,35.00,-9.14,-3.00
144857,3991,66820,217,86156,35.00,-9.47,-2.92
144879,3991,66820,227,86146,35.00,-9.33,-2.92
144901,4011,66820,227,86191,35.00,-9.15,-2.95
144943,4014,66820,218,86358,35.00,-8.94,-3.14
144965,3943,66820,204,86331,35.00,-8.89,-3.30
144987,4021,66820,191,86271,35.00,-8.78,-3.52
145693,4004,66820,184,86193,36.81,-8.77,-3.52
145725,3999,66052,216,87753,35.00,-9.00,-3.68
145747,4011,66052,168,87407,35.00,-8.84,-3.43
145769,3985,66052,171,87047,35.00,-8.85,-3.21
145791,967,66052,139,86767,35.00,-9.07,-3.06
145813,3976,66052,216,86606,35.00,-8.77,-2.90
145835,4004,65540,222,86615,35.00,-9.15,-3.09
145857,3954,66052,219,86700,35.00,-9.38,-3.11
145879,3961,66052,217,86824,35.00,-9.19,-3.17
145901,3247,66052,199,86930,35.00,-9.14,-3.15
145923,2091,66052,169,86962,35.00,-8.97,-3.23
145945,3989,66052,191,86963,35.00,-8.92,-3.42
145986,4011,66052,197,86697,35.00,-8.75,-3.43
146711,3979,66052,183,86658,36.35,-8.78,-3.42
146748,4095,65540,219,93957,35.00,-9.31,-3.19
146770,1709,65540,167,94089,35.00,-9.27,-3.10
146792,1885,65528,200,94228,35.00,-9.12,-2.97
146814,2211,65528,205,94301,35.00,-8.99,-2.88
146836,228,65540,167,94247,35.00,-9.09,-2.85
146858,1772,65540,204,94094,35.00,-9.00,-2.78
146880,2152,65540,164,93919,35.00,-9.14,-2.76
146902,1307,65540,156,93717,35.00,-9.15,-2.71
146924,525,65540,145,93479,35.00,-9.16,-2.88
146946,1767,65540,165,93213,35.00,-9.10,-2.79
146989,10,65540,142,92466,35.00,-9.08,-2.89
147727,3049,65540,205,92327,36.66,-9.07,-3.04
147752,411,66052,179,92881,35.00,-9.16,-2.70
147774,68,66052,170,92897,35.00,-9.08,-2.71
147796,0,66052,160,92999,35.00,-9.03,-2.73
147818,0,66052,150,93155,35.00,-9.10,-2.72
147840,0,66052,147,93391,35.00,-9.10,-2.77
147862,0,66052,139,93656,35.00,-9.21,-2.82
147884,183,66052,146,93905,35.00,-9.20,-2.79
147906,1896,66052,165,94135,35.00,-9.15,-2.75
147928,1541,66052,173,94318,35.00,-9.19,-2.74
147950,1572,66052,191,94462,35.00,-9.12,-2.72
147991,1567,66052,179,94767,35.00,-9.07,-2.72
148743,549,66052,189,94777,36.62,-9.11,-2.65
148773,141,68996,139,94448,35.00,-9.22,-2.86
148795,4095,68228,223,94526,35.00,-9.13,-2.84
148817,3289,68996,173,94634,35.00,-9.08,-2.84
148839,1652,68996,159,94765,35.00,-9.21,-2.82
148861,3445,68996,185,94906,35.00,-9.20,-2.83
148883,4095,68996,192,95042,35.00,-9.17,-2.85
148905,3363,68996,185,95180,35.00,-9.12,-2.82
148927,4095,68996,221,95313,35.00,-8.98,-2.94
148949,4095,68996,221,95437,35.00,-9.03,-2.91
148971,3293,68996,207,95569,35.00,-9.01,-2.84
148993,4095,68996,213,95675,35.00,-9.06,-2.82
149034,4095,68996,201,95801,35.00,-9.16,-2.76
149056,4095,68996,190,95809,35.00,-9.18,-2.68
149078,4095,69508,187,95784,35.00,-9.17,-2.62
149100,4095,69508,175,95738,35.00,-9.11,-2.64
149122,2911,69508,157,95698,35.00,-9.21,-2.73
149144,3509,69508,207,95634,35.00,-9.27,-2.69
149166,4095,69508,215,95497,35.00,-9.14,-2.72
149188,0,69508,163,95241,35.00,-9.08,-2.78
149210,2920,69508,237,94901,35.00,-8.95,-2.82
149232,4095,69508,215,94541,35.00,-9.05,-2.80
149275,1307,69508,147,93469,35.00,-9.24,-2.91
149297,483,69508,156,93127,35.00,-9.22,-2.97
149319,0,69508,127,92877,35.00,-8.96,-2.99
149341,0,69508,133,92727,35.00,-9.22,-3.02
149363,0,69508,146,92677,35.00,-9.24,-2.93
149385,0,69508,159,92740,35.00,-9.33,-2.81
149407,0,69508,175,92933,35.00,-9.20,-2.70
149429,0,69700,180,93210,35.00,-9.16,-2.75
149451,59,69700,181,93541,35.00,-9.14,-2.70
149473,0,69700,169,93895,35.00,-9.06,-2.75
149515,0,70212,159,94685,35.00,-9.06,-2.88
149537,0,70980,136,94805,35.00,-9.23,-2.86
149559,887,70212,153,94908,35.00,-9.24,-2.85
149581,2293,70212,171,94957,35.00,-9.20,-2.82
149603,635,70212,141,95025,35.00,-9.17,-2.91
149625,1700,70212,188,95113,35.00,-9.08,-2.72
149647,1607,70980,187,95237,35.00,-9.05,-2.81
149669,1835,70980,203,95361,35.00,-9.01,-2.85
149691,3642,70980,227,95493,35.00,-8.89,-2.81
149713,4095,70980,206,95626,35.00,-8.94,-2.91
149735,4095,70980,187,95752,35.00,-9.07,-2.95
149776,4095,70980,181,95809,35.00,-9.17,-2.86
149798,4095,70212,175,95689,35.00,-9.27,-2.62
149820,4095,70212,173,95480,35.00,-9.16,-2.40
149842,4095,70212,184,95252,35.00,-9.03,-2.36
149864,4095,70212,198,95054,35.00,-8.99,-2.22
149886,4095,70212,212,94926,35.00,-8.96,-2.40
149908,4095,70212,214,94907,35.00,-9.07,-2.55
149930,971,70212,163,94963,35.00,-8.83,-2.46
149952,3623,70212,207,95009,35.00,-9.09,-2.80
149974,0,70212,128,94911,35.00,-9.17,-3.16
150522,0,70212,132,93888,39.49,-9.29,-3.29
150558,536,70212,155,88645,35.00,-9.19,-3.35
150580,157,70980,125,88626,35.00,-9.06,-3.21
150602,2475,70212,189,88610,35.00,-8.97,-3.22
150624,935,70980,163,88625,35.00,-9.22,-3.27
150646,1135,70980,184,88663,35.00,-9.04,-3.34
150668,1247,70980,212,88699,35.00,-8.73,-3.36
150690,2397,70980,215,88734,35.00,-9.16,-3.35
150712,3832,71492,211,88822,35.00,-8.68,-3.36
150734,1737,71492,155,88935,35.00,-8.86,-3.47
150756,0,71492,133,88901,35.00,-8.85,-3.54
150799,0,71492,135,87976,35.00,-8.90,-3.50
150821,1015,70212,155,87581,35.00,-8.96,-3.49
150843,0,70212,169,87214,35.00,-8.93,-3.42
150865,1327,70212,203,86894,35.00,-8.95,-3.35
150887,2710,70212,216,86612,35.00,-8.93,-3.30
150909,2393,70212,183,86383,35.00,-8.90,-3.27
150931,679,70212,159,86229,35.00,-8.99,-3.30
150953,73,70212,145,86138,35.00,-8.92,-3.31
150975,314,70212,148,86104,35.00,-8.98,-3.38
150997,2697,70980,179,86110,35.00,-9.00,-3.34
151039,3852,70980,184,86375,35.00,-8.92,-3.36
151061,713,70212,141,86514,35.00,-8.94,-3.27
151083,603,70980,166,86646,35.00,-8.94,-3.29
151105,1708,70212,189,86755,35.00,-8.96,-3.30
151127,2763,70212,214,86832,35.00,-8.87,-3.31
151149,3247,70212,210,86880,35.00,-8.98,-3.26
151171,837,70212,155,86941,35.00,-8.87,-3.31
151193,0,70212,139,86982,35.00,-8.93,-3.42
151215,217,70212,152,87083,35.00,-9.14,-3.37
151237,2502,70212,183,87198,35.00,-9.17,-3.21
151259,3717,70212,200,87349,35.00,-9.15,-3.25
151300,2922,70980,189,87838,35.00,-8.83,-3.35
151322,170,70212,171,87996,35.00,-8.93,-3.45
151344,319,70212,182,88126,35.00,-8.83,-3.31
151366,325,70980,181,88240,35.00,-8.88,-3.40
151388,0,70980,180,88357,35.00,-8.96,-3.45
151410,0,70980,172,88497,35.00,-9.04,-3.56
151432,2059,70212,205,88636,35.00,-8.78,-3.42
151454,1773,70212,167,88771,35.00,-8.89,-3.36
151476,1139,70212,145,88938,35.00,-8.97,-3.38
151498,2861,70212,179,89101,35.00,-9.06,-3.31
151541,1765,70212,156,88948,35.00,-8.92,-3.47
151563,3879,70212,219,88676,35.00,-8.93,-3.43
151585,3029,70212,211,88434,35.00,-8.99,-3.35
151607,3355,70212,223,88221,35.00,-8.85,-3.31
151629,3868,70980,213,88054,35.00,-8.93,-3.36
151651,3879,70212,203,87897,35.00,-8.91,-3.42
151673,3893,70212,189,87765,35.00,-9.01,-3.51
151695,3876,70212,185,87650,35.00,-8.98,-3.40
151717,3883,70980,183,87564,35.00,-8.80,-3.36
151739,3881,70980,191,87514,35.00,-8.99,-3.38
151781,3887,70980,203,87378,35.00,-8.73,-3.33
151803,0,70212,159,87094,35.00,-8.55,-3.45
151825,0,70212,175,86663,35.00,-8.30,-3.39
151847,0,70212,163,86074,35.00,-8.31,-3.38
151869,3772,70980,197,85470,35.00,-8.80,-3.48
151891,0,70980,121,85063,35.00,-9.09,-3.42
151913,0,70980,110,84991,35.00,-9.11,-3.41
151935,0,70980,109,85114,35.00,-8.99,-3.25
151957,0,70980,105,85308,35.00,-8.84,-3.20
151979,1967,71492,157,85537,35.00,-9.13,-3.12
152559,476,70980,136,85774,36.71,-9.25,-3.13
152590,967,71492,185,84467,35.00,-8.99,-3.21
152612,457,71492,155,84601,35.00,-8.88,-3.27
152634,2091,71492,174,84666,35.00,-8.96,-3.30
152656,2429,71492,171,84707,35.00,-8.89,-3.22
152678,2680,71876,168,84718,35.00,-8.83,-3.22
152700,0,71876,157,84721,35.00,-8.94,-3.08
152722,1565,71876,201,84701,35.00,-8.95,-3.15
152764,0,71876,168,84853,35.00,-8.94,-3.17
152786,605,72388,174,84940,35.00,-8.98,-3.23
152808,0,72388,165,85048,35.00,-9.11,-3.19
152830,0,71876,151,85179,35.00,-9.03,-3.22
152852,27,71492,149,85333,35.00,-9.05,-3.25
152874,0,71492,136,85469,35.00,-8.93,-3.21
152896,1111,71876,158,85633,35.00,-9.10,-3.38
152918,429,71492,149,85835,35.00,-9.12,-2.91
152940,3643,71876,228,86048,35.00,-8.53,-3.07
152962,81,71492,157,86268,35.00,-9.01,-3.23
153578,0,71492,180,86631,36.77,-9.02,-3.22
153609,3943,71492,213,86190,35.00,-9.00,-3.16
153631,3575,71492,165,86367,35.00,-9.12,-3.20
153653,3707,71876,165,86502,35.00,-9.06,-3.28
153675,2829,71876,165,86576,35.00,-9.01,-3.27
153697,3782,71876,186,86602,35.00,-8.90,-3.29
153719,3721,71876,205,86573,35.00,-8.87,-3.29
153741,3865,71876,214,86472,35.00,-8.96,-3.18
153763,1273,71876,165,86227,35.00,-9.06,-3.26
153785,1579,71876,181,85859,35.00,-9.02,-3.17
153827,2271,71876,171,84627,35.00,-9.28,-3.28
153849,0,71876,140,84384,35.00,-9.36,-3.23
153871,860,71876,179,84186,35.00,-9.47,-3.17
153893,1913,71492,182,84014,35.00,-9.20,-3.18
153915,3901,71876,228,83960,35.00,-9.14,-3.16
153937,3823,71876,223,83908,35.00,-8.94,-3.17
153959,1277,71876,197,83897,35.00,-8.95,-3.32
153981,2262,71876,233,83933,35.00,-8.87,-3.29
154343,3116,71876,237,83949,37.37,-8.96,-3.26
154371,1895,71492,198,84751,35.00,-8.90,-3.28
154393,0,71876,135,84971,35.00,-8.98,-3.26
154415,0,71876,150,85188,35.00,-8.78,-3.12
154437,0,71876,163,85379,35.00,-8.64,-3.16
154459,972,71876,201,85579,35.00,-8.92,-3.20
154481,909,71492,185,85774,35.00,-9.00,-3.08
154503,635,71876,183,85890,35.00,-9.07,-3.04
154525,1450,71876,189,85874,35.00,-8.89,-3.11
154547,0,71492,143,85767,35.00,-8.85,-3.16
154588,603,71876,153,85545,35.00,-8.61,-3.23
154610,1095,71876,115,85551,35.00,-8.58,-3.31
154632,2472,71876,163,85578,35.00,-8.73,-3.34
154654,1077,71876,115,85598,35.00,-9.03,-3.36
154676,0,71876,133,85613,35.00,-9.02,-3.15
154698,0,71492,154,85613,35.00,-9.03,-3.09
154720,0,71876,156,85634,35.00,-8.78,-3.11
154742,3899,71876,222,85683,35.00,-8.96,-3.11
154764,2442,71492,159,85747,35.00,-9.01,-3.06
154786,3913,71876,171,85826,35.00,-9.16,-3.15
154808,3941,71492,157,85865,35.00,-9.17,-3.08
154849,3987,71492,154,85867,35.00,-9.18,-3.29
154871,3957,71492,154,85880,35.00,-9.21,-3.30
154893,3951,71492,166,85968,35.00,-9.23,-3.26
154915,3320,71492,169,86056,35.00,-9.14,-3.23
154937,3467,71876,203,86118,35.00,-9.05,-3.18
154959,3939,71876,215,86219,35.00,-9.12,-3.06
154981,3651,71492,215,86369,35.00,-9.00,-3.06
155360,2215,71492,188,86501,36.82,-9.01,-3.10
155391,1757,70980,205,84912,35.00,-8.72,-3.20
155413,2439,70980,173,84709,35.00,-8.88,-3.40
155435,1363,70980,173,84579,35.00,-8.86,-3.38
155457,1315,71492,183,84506,35.00,-8.99,-3.32
155479,1179,71876,181,84466,35.00,-8.86,-3.30
155501,334,71492,185,84491,35.00,-8.99,-3.34
155523,1467,70980,199,84592,35.00,-9.06,-3.29
155545,481,71492,160,84708,35.00,-9.08,-3.21
155567,0,70980,158,84828,35.00,-8.89,-3.21
155589,0,70980,147,84946,35.00,-8.86,-3.22
155631,397,71492,139,85253,35.00,-8.90,-3.25
155653,288,71492,143,85331,35.00,-8.90,-3.35
155675,905,71492,172,85445,35.00,-8.91,-3.32
155697,0,71492,168,85548,35.00,-8.94,-3.30
155719,0,71492,179,85676,35.00,-8.97,-3.23
155741,0,71492,175,85780,35.00,-8.88,-3.21
155763,1177,71492,176,85930,35.00,-8.89,-3.18
155785,1211,71492,169,86068,35.00,-8.96,-3.23
155807,1819,70980,164,86190,35.00,-8.98,-3.24
155829,895,70980,141,86283,35.00,-8.86,-3.27
155851,1061,70980,143,86374,35.00,-8.82,-3.32
155892,1311,70980,157,86566,35.00,-8.79,-3.31
155914,1589,70980,155,86606,35.00,-8.57,-3.31
155936,1365,70980,167,86671,35.00,-8.52,-3.27
155958,1885,70980,175,86750,35.00,-8.85,-3.27
155980,1715,70980,169,86803,35.00,-9.07,-3.30
156379,0,70980,125,86700,36.11,-9.08,-3.23
156413,1919,70980,177,85379,35.00,-9.05,-3.27
156435,2483,70980,189,85422,35.00,-9.16,-3.31
156457,1661,70980,199,85481,35.00,-9.07,-3.32
156479,1719,70980,201,85550,35.00,-9.04,-3.24
156501,2687,70980,211,85641,35.00,-8.98,-3.25
156523,2835,70980,201,85746,35.00,-9.03,-3.23
156545,2028,70980,167,85863,35.00,-9.03,-3.21
156567,1849,70980,165,85945,35.00,-9.11,-3.31
156589,1493,70980,165,85994,35.00,-8.98,-3.28
156611,2991,71492,181,86022,35.00,-8.90,-3.24
156633,2195,70980,189,86105,35.00,-9.02,-3.24
156674,2781,70980,217,86327,35.00,-8.79,-3.30
156696,1100,70980,181,86422,35.00,-8.91,-3.30
156718,1917,70980,203,86505,35.00,-9.04,-3.27
156740,815,70980,181,86515,35.00,-9.04,-3.31
156762,1493,70980,190,86353,35.00,-9.14,-3.26
156784,123,70980,143,86129,35.00,-8.96,-3.29
156806,0,70980,151,85886,35.00,-8.90,-3.28
156828,1533,70980,157,85569,35.00,-8.92,-3.32
156850,0,70980,143,85300,35.00,-8.86,-3.29
156872,1727,70980,179,85042,35.00,-8.93,-3.31
156915,0,70980,171,84493,35.00,-8.99,-3.30
156937,2978,70980,198,84405,35.00,-8.90,-3.25
156959,0,70980,159,84379,35.00,-8.90,-3.27
156981,0,70980,169,84426,35.00,-8.89,-3.22
157397,1467,70980,185,84516,37.12,-8.94,-3.19
157436,2313,70212,171,86206,35.00,-9.02,-3.30
157458,3705,71492,205,86174,35.00,-9.03,-3.26
157480,3132,71492,202,85915,35.00,-9.05,-3.22
157502,3511,71492,187,85598,35.00,-8.98,-3.16
157524,2541,70980,159,85167,35.00,-8.79,-3.29
157546,3317,70980,171,84714,35.00,-8.90,-3.17
157568,2395,71492,141,84354,35.00,-8.87,-3.28
157590,2586,71492,167,84087,35.00,-8.91,-3.37
157612,2771,71492,188,83920,35.00,-9.10,-3.32
157634,1049,70980,171,83790,35.00,-9.05,-3.29
157677,3879,71492,235,83622,35.00,-9.10,-3.30
157699,0,70980,157,83692,35.00,-8.88,-3.20
157721,1483,70980,189,83823,35.00,-8.97,-3.27
157743,3933,70980,192,83993,35.00,-9.05,-3.33
157765,0,70980,115,84196,35.00,-9.11,-3.42
157787,0,70980,143,84417,35.00,-9.05,-3.35
157809,3711,70980,226,84632,35.00,-8.95,-3.36
157831,3111,70980,216,84818,35.00,-9.00,-3.44
157853,3503,71492,217,84939,35.00,-8.99,-3.41
157875,2887,71492,223,84919,35.00,-8.89,-3.32
157917,2457,70980,211,83998,35.00,-8.85,-3.37
157939,1917,70980,197,83526,35.00,-8.93,-3.31
157961,1182,71492,179,83286,35.00,-8.92,-3.37
157983,777,70980,167,83245,35.00,-8.93,-3.29
158416,475,70980,160,83248,38.23,-8.93,-3.35
158459,0,70980,124,82491,35.00,-9.41,-3.11
158481,0,70212,136,82928,35.00,-9.35,-2.88
158503,0,70212,138,83534,35.00,-9.23,-2.84
158525,2601,70980,185,84154,35.00,-8.99,-2.80
158547,4025,70980,175,84654,35.00,-8.82,-2.86
158569,4031,70980,175,85050,35.00,-8.93,-3.10
158591,3817,70980,197,85280,35.00,-8.93,-3.28
158613,4039,70980,207,85335,35.00,-8.96,-3.30
158635,4038,70980,205,85308,35.00,-8.97,-3.23
158657,4027,70980,204,85237,35.00,-8.95,-3.20
158699,4039,70980,198,85074,35.00,-9.03,-3.08
158721,4014,70980,183,85089,35.00,-9.21,-3.10
158743,4027,70980,185,85136,35.00,-9.24,-3.13
158765,4026,70980,183,85187,35.00,-9.22,-3.14
158787,4043,70980,202,85212,35.00,-9.20,-3.18
158809,4032,70980,207,85192,35.00,-9.05,-3.18
158831,4024,70980,227,85122,35.00,-9.02,-3.21
158853,3634,70980,229,85036,35.00,-8.89,-3.30
158875,2439,70980,213,84901,35.00,-8.68,-3.33
158897,3627,70980,227,84803,35.00,-8.74,-3.32
158919,3743,70980,205,84740,35.00,-8.98,-3.36
158960,3995,70980,197,84296,35.00,-9.06,-3.35
158982,3235,70980,181,83952,35.00,-9.01,-3.34
159688,3717,70980,187,83531,37.02,-8.98,-3.19
159722,2579,71492,201,81319,35.00,-8.96,-3.23
159744,0,71492,116,80806,35.00,-8.91,-3.23
159766,0,71876,137,80403,35.00,-9.00,-3.23
159788,918,71876,159,80161,35.00,-8.91,-3.23
159810,0,71876,154,80057,35.00,-8.97,-3.30
159832,0,71492,169,80043,35.00,-9.13,-3.34
159854,0,71876,173,80185,35.00,-9.14,-3.41
159876,0,71876,167,80342,35.00,-9.10,-3.35
159898,0,71492,165,80503,35.00,-8.98,-3.28
159920,185,71492,159,80711,35.00,-8.92,-3.21
159963,2395,71876,175,81357,35.00,-9.07,-3.27
159985,273,71492,150,81440,35.00,-9.10,-3.24
160706,279,71492,158,81492,37.20,-8.95,-3.23
160745,0,70212,169,81167,35.00,-9.01,-3.16
160767,4022,70980,203,81329,35.00,-9.00,-3.28
160789,4039,70980,213,81592,35.00,-8.91,-3.23
160811,4037,71492,213,81916,35.00,-9.02,-3.30
160833,4057,71492,211,82334,35.00,-8.97,-3.35
160855,4039,71492,203,82729,35.00,-8.90,-3.44
160877,4039,71492,186,83040,35.00,-8.90,-3.34
160899,4047,71492,174,83198,35.00,-8.91,-3.25
160921,4040,71492,156,83181,35.00,-8.81,-3.16
160943,4024,71492,157,82976,35.00,-8.83,-3.06
160985,4047,71492,167,81939,35.00,-9.07,-3.07
161724,4031,71492,183,81633,36.85,-9.12,-3.10
161749,3179,69508,183,80098,35.00,-8.72,-3.36
161771,0,69700,137,79945,35.00,-8.82,-3.34
161793,1775,69700,167,79668,35.00,-9.03,-3.27
161815,0,69700,134,79284,35.00,-9.01,-3.29
161837,0,69700,133,78687,35.00,-8.80,-3.21
161859,0,69700,109,78030,35.00,-8.91,-3.24
161881,0,68996,116,77384,35.00,-8.99,-3.27
161903,0,67716,127,76669,35.00,-9.19,-3.21
161925,971,67716,158,75971,35.00,-9.15,-3.18
161947,0,67716,154,75328,35.00,-9.04,-3.25
161988,0,67716,167,74396,35.00,-9.15,-3.24
162742,0,67716,149,74395,37.42,-9.10,-3.30
162770,4012,67716,205,79533,35.00,-8.85,-3.23
162792,4015,67716,205,79560,35.00,-8.85,-3.35
162814,0,67716,118,79619,35.00,-8.86,-3.35
162836,667,67716,142,79745,35.00,-8.82,-3.43
162858,4025,68228,184,79932,35.00,-8.85,-3.30
162880,4020,68228,173,80156,35.00,-8.98,-3.28
162902,4015,68228,184,80483,35.00,-8.96,-3.35
162924,4029,68228,200,80858,35.00,-8.96,-3.25
162946,4023,68228,207,81254,35.00,-8.89,-3.15
162968,4009,68228,211,81643,35.00,-9.02,-3.21
162990,0,68996,141,81971,35.00,-9.05,-3.17
163031,4020,69700,222,82793,35.00,-8.95,-3.22
163053,1943,70212,151,83064,35.00,-8.84,-3.28
163075,2281,70212,159,83314,35.00,-8.81,-3.26
163097,1177,70212,119,83513,35.00,-8.80,-3.26
163119,0,70212,117,83617,35.00,-8.88,-3.32
163141,2569,70212,181,83614,35.00,-8.99,-3.28
163163,4031,70980,191,83490,35.00,-9.04,-3.20
163185,4023,70980,199,83274,35.00,-9.14,-3.28
163207,953,70980,163,82994,35.00,-9.08,-3.34
163229,3950,71492,223,82680,35.00,-9.11,-3.40
163271,4008,71876,210,82121,35.00,-9.18,-3.37
163293,1133,70980,142,82090,35.00,-9.13,-3.31
163315,4009,70980,188,82135,35.00,-9.12,-3.28
163337,1875,70980,142,82213,35.00,-8.74,-3.25
163359,377,70980,135,82329,35.00,-8.68,-3.17
163381,3229,70980,209,82431,35.00,-8.78,-3.11
163403,4012,70980,211,82423,35.00,-9.07,-3.18
163425,3988,70980,215,82245,35.00,-9.12,-3.19
163447,3988,70980,221,81769,35.00,-9.01,-3.20
163469,4027,70980,216,80987,35.00,-9.07,-3.23
163491,3805,71492,210,80073,35.00,-8.92,-3.23
163532,3944,71492,198,77517,35.00,-9.13,-3.25
163554,0,70980,146,76892,35.00,-9.00,-3.22
163576,1083,70212,159,76357,35.00,-8.99,-3.29
163598,0,70212,143,75974,35.00,-8.89,-3.25
163620,3446,70212,206,75756,35.00,-8.93,-3.15
163642,0,69700,157,75680,35.00,-8.90,-3.24
163664,0,69700,181,75722,35.00,-8.96,-3.25
163686,0,69700,182,75848,35.00,-8.96,-3.16
163708,0,69700,172,76051,35.00,-9.07,-3.14
163730,0,70212,164,76294,35.00,-9.05,-3.14
163752,2332,70212,183,76497,35.00,-9.02,-3.14
163793,1135,69700,118,76674,35.00,-9.02,-3.26
163815,0,69700,137,76613,35.00,-8.95,-3.26
163837,4023,69700,197,76426,35.00,-8.81,-3.35
163859,4023,69508,183,76079,35.00,-8.66,-3.29
163881,4039,69508,189,75534,35.00,-8.72,-3.30
163903,4025,69508,201,74811,35.00,-8.73,-3.28
163925,3923,69508,201,73853,35.00,-8.77,-3.25
163947,0,69508,140,72712,35.00,-8.91,-3.29
163969,0,69508,141,71556,35.00,-9.06,-3.40
163991,0,69508,139,70507,35.00,-9.09,-3.31
164033,0,69508,136,67714,35.00,-9.31,-3.25
164055,0,69508,137,67146,35.00,-9.28,-3.21
164077,0,69508,147,66859,35.00,-9.05,-3.19
164099,0,69508,152,66854,35.00,-8.86,-3.27
164121,4037,69508,217,67110,35.00,-8.73,-3.38
164143,4007,69508,214,67519,35.00,-8.93,-3.32
164165,787,69508,169,67933,35.00,-9.00,-3.44
164187,4007,69508,233,68174,35.00,-9.01,-3.40
164209,3869,69508,200,68151,35.00,-8.90,-3.42
164231,4011,69508,189,68006,35.00,-8.88,-3.42
164253,4029,69508,179,67809,35.00,-8.90,-3.41
164294,4019,69508,169,67294,35.00,-9.09,-3.27
164316,2565,69508,184,67331,35.00,-9.14,-3.35
164338,1843,69508,173,67706,35.00,-9.18,-3.30
164360,535,69508,165,68635,35.00,-9.02,-3.38
164382,1689,69508,210,69794,35.00,-8.99,-3.32
164404,3003,69508,216,70932,35.00,-8.90,-3.43
164426,4021,69508,230,71908,35.00,-8.91,-3.45
164448,3876,69508,215,72567,35.00,-8.94,-3.45
164470,461,69508,167,73187,35.00,-8.93,-3.37
164492,0,68996,157,73708,35.00,-8.90,-3.42
164514,0,68996,150,74163,35.00,-8.90,-3.38
164555,0,68996,143,74544,35.00,-8.92,-3.25
164577,0,68996,153,74826,35.00,-8.95,-3.25
164599,0,68996,159,75163,35.00,-9.09,-3.26
164621,0,68996,159,75504,35.00,-9.08,-3.25
164643,0,68996,181,75908,35.00,-8.99,-3.20
164665,0,68996,197,76440,35.00,-9.06,-3.28
164687,0,69508,181,77084,35.00,-9.02,-3.30
164709,0,69508,173,77916,35.00,-9.05,-3.32
164731,0,69508,164,78920,35.00,-8.96,-3.29
164753,4019,69508,219,79921,35.00,-8.99,-3.32
164795,4024,69508,187,82319,35.00,-8.84,-3.26
164817,4042,69508,189,82997,35.00,-8.93,-3.37
164839,4024,69508,205,83684,35.00,-8.98,-3.24
164861,4024,69508,219,84263,35.00,-8.74,-3.26
164883,4025,69700,219,84799,35.00,-8.73,-3.22
164905,4029,70212,219,85339,35.00,-8.91,-3.24
164927,4031,70980,210,85752,35.00,-8.98,-3.16
164949,4028,71492,199,85937,35.00,-9.01,-3.26
164971,4020,71492,176,85790,35.00,-9.02,-3.28
164993,4037,71876,167,85457,35.00,-8.82,-3.29
165541,4025,72388,171,85090,36.72,-8.84,-3.28
165578,2336,75556,214,86338,35.00,-8.96,-3.29
165600,2787,75556,187,86322,35.00,-9.20,-3.25
165622,2649,75940,199,86251,35.00,-9.01,-3.24
165644,0,75940,157,86130,35.00,-8.84,-3.19
165666,0,75940,154,85968,35.00,-8.92,-3.12
165688,3774,76452,197,85745,35.00,-9.05,-3.23
165710,3417,76452,170,85440,35.00,-9.05,-3.25
165732,3991,76452,170,84962,35.00,-8.93,-3.20
165754,4025,76452,176,84356,35.00,-8.88,-3.31
165776,4011,76452,185,83744,35.00,-8.96,-3.26
165818,0,76452,137,82361,35.00,-9.17,-3.16
165840,0,76452,179,82078,35.00,-9.01,-3.10
165862,2553,77220,237,81938,35.00,-9.00,-3.20
165884,4011,77220,217,81889,35.00,-9.07,-3.15
165906,0,76452,147,81908,35.00,-9.14,-3.18
165928,0,76452,150,81933,35.00,-9.12,-3.31
165950,0,76452,141,81942,35.00,-8.93,-3.28
165972,0,75940,125,81958,35.00,-8.74,-3.42
165994,0,75940,132,81874,35.00,-8.83,-3.43
166558,0,75940,138,81561,36.84,-8.64,-3.40
166600,0,75044,191,79935,35.00,-9.06,-3.30
166622,0,74276,198,79924,35.00,-9.13,-3.36
166644,0,74276,190,80035,35.00,-9.18,-3.31
166666,57,74276,187,80232,35.00,-8.75,-3.24
166688,3411,74276,240,80466,35.00,-9.24,-3.12
166710,3467,74276,205,80703,35.00,-9.31,-3.01
166732,4024,75044,221,80934,35.00,-9.01,-2.88
166754,4020,75044,215,81121,35.00,-8.90,-3.00
166776,4003,75044,221,81179,35.00,-8.59,-3.08
166798,3323,74276,219,81154,35.00,-8.43,-3.09
166820,4041,74276,235,81156,35.00,-8.69,-3.30
166861,4025,75044,227,81391,35.00,-9.01,-3.33
166883,4061,75044,215,81557,35.00,-8.76,-3.19
166905,4053,75044,202,81785,35.00,-8.85,-3.12
166927,4051,75044,179,82062,35.00,-8.86,-3.12
166949,4031,75556,170,82299,35.00,-8.89,-3.13
166971,4043,75556,167,82527,35.00,-8.73,-3.19
166993,3991,75556,168,82749,35.00,-8.62,-3.15
167576,2589,75556,147,82913,36.56,-8.54,-3.21
167607,1041,78436,222,84543,35.00,-8.88,-3.17
167629,0,78436,147,84469,35.00,-8.75,-3.16
167651,0,78436,149,84449,35.00,-8.74,-3.18
167673,1609,78436,189,84413,35.00,-8.70,-3.15
167695,1127,78436,170,84430,35.00,-9.00,-3.29
167717,302,79204,166,84494,35.00,-8.96,-3.32
167739,83,79204,177,84554,35.00,-8.91,-3.25
167761,1138,79204,202,84648,35.00,-9.01,-3.17
167804,1681,79204,181,84895,35.00,-8.82,-3.21
167826,1629,79716,165,84961,35.00,-8.90,-3.18
167848,1992,79716,157,84995,35.00,-9.04,-3.23
167870,859,79716,135,84983,35.00,-8.99,-3.20
167892,0,80100,141,85007,35.00,-8.67,-3.15
167914,889,79716,165,85056,35.00,-8.76,-3.20
167936,0,79716,163,85162,35.00,-8.94,-3.21
167958,0,79716,169,85290,35.00,-8.91,-3.18
167980,0,80100,158,85309,35.00,-8.71,-3.17
168342,404,80100,151,85102,36.63,-8.59,-3.25
168370,2425,80100,157,84841,35.00,-8.84,-3.17
168392,55,79716,135,84972,35.00,-9.04,-3.24
168414,2889,79716,211,85100,35.00,-9.16,-3.32
168436,4039,79716,222,85201,35.00,-9.10,-3.34
168458,4031,80100,231,85275,35.00,-9.15,-3.26
168480,4025,80100,223,85326,35.00,-9.11,-3.24
168502,1365,79716,165,85381,35.00,-9.08,-3.19
168524,4024,80100,212,85397,35.00,-9.08,-3.19
168566,3043,80100,187,85474,35.00,-9.02,-3.18
168588,2544,79716,165,85565,35.00,-9.00,-3.23
168610,1503,80100,163,85634,35.00,-9.09,-3.24
168632,416,80100,159,85657,35.00,-9.06,-3.31
168654,2363,80100,218,85681,35.00,-8.89,-3.23
168676,2908,80100,219,85687,35.00,-8.76,-3.23
168698,1113,80100,189,85708,35.00,-9.00,-3.25
168720,495,80100,171,85707,35.00,-9.15,-3.22
168742,1341,80100,200,85567,35.00,-8.98,-3.22
168764,2723,80100,185,85231,35.00,-8.83,-3.29
168806,1069,80100,151,83795,35.00,-8.92,-3.32
168828,0,79716,137,83371,35.00,-8.93,-3.29
168850,356,80100,155,83072,35.00,-8.90,-3.21
168872,717,80100,167,82863,35.00,-8.91,-3.28
168894,365,79716,177,82743,35.00,-8.95,-3.19
168916,0,80100,169,82664,35.00,-8.97,-3.21
168938,490,80100,183,82688,35.00,-8.84,-3.25
168960,1193,80100,178,82711,35.00,-8.85,-3.28
168982,455,79716,151,82787,35.00,-8.84,-3.22
169357,0,80100,136,82935,36.68,-8.87,-3.21
169388,2103,79716,183,85308,35.00,-8.85,-3.30
169410,1789,79716,156,85507,35.00,-8.73,-3.19
169432,2469,79716,191,85707,35.00,-8.91,-3.19
169454,4027,79716,216,85841,35.00,-9.09,-3.22
169476,4027,79716,219,85849,35.00,-9.22,-3.23
169498,1891,79716,189,85612,35.00,-9.19,-3.34
169520,3945,79716,227,85252,35.00,-9.06,-3.33
169542,3913,79716,205,84811,35.00,-9.01,-3.31
169564,1659,79716,158,84378,35.00,-9.04,-3.28
169586,3301,79716,192,83981,35.00,-8.95,-3.26
169628,2950,79716,185,83327,35.00,-8.98,-3.23
169650,83,79716,141,83269,35.00,-8.80,-3.30
169672,0,79716,173,83282,35.00,-9.09,-3.29
169694,3570,79716,249,83349,35.00,-8.85,-3.31
169716,2742,79716,211,83469,35.00,-8.88,-3.27
169738,1779,79716,185,83643,35.00,-8.81,-3.26
169760,251,79716,159,83887,35.00,-9.05,-3.31
169782,0,79716,156,84124,35.00,-9.02,-3.31
169804,2290,79716,197,84323,35.00,-9.25,-3.28
169826,4009,80100,191,84465,35.00,-8.95,-3.30
169848,3223,80100,183,84588,35.00,-8.91,-3.33
169889,1184,80612,165,84763,35.00,-8.82,-3.25
169911,1015,80612,186,84853,35.00,-8.85,-3.35
169933,1939,81380,203,84953,35.00,-8.94,-3.35
169955,844,81380,176,85061,35.00,-8.90,-3.31
169977,1149,81380,183,85205,35.00,-8.86,-3.30
169999,1726,80612,182,85356,35.00,-8.88,-3.26
170021,0,80612,139,85531,35.00,-8.91,-3.36
170043,0,80612,142,85698,35.00,-8.91,-3.28
170065,215,80612,141,85853,35.00,-8.78,-3.32
170087,3834,80612,190,85982,35.00,-8.76,-3.36
170130,827,80612,133,86560,35.00,-8.69,-3.30
170152,157,80612,141,86810,35.00,-8.65,-3.38
170174,620,80612,151,87079,35.00,-8.93,-3.25
170196,649,80612,149,87334,35.00,-9.34,-3.21
170218,1869,80612,169,87462,35.00,-9.30,-3.32
170240,2043,80612,154,87346,35.00,-9.07,-3.32
170262,2524,80612,163,87109,35.00,-8.96,-3.34
170284,2953,80612,157,86810,35.00,-8.95,-3.32
170306,3127,80612,164,86448,35.00,-9.02,-3.31
170328,3335,80612,173,86061,35.00,-8.96,-3.29
170370,2925,80612,187,85069,35.00,-8.99,-3.33
170392,2711,80612,187,84925,35.00,-9.00,-3.37
170414,2810,81380,200,84874,35.00,-8.98,-3.32
170436,3035,81380,202,84896,35.00,-8.99,-3.30
170458,3045,81380,199,84973,35.00,-9.10,-3.31
170480,2213,81380,164,85107,35.00,-9.00,-3.24
170502,2235,81380,167,85242,35.00,-8.91,-3.24
170524,4047,81380,176,85357,35.00,-8.96,-3.24
170546,2443,81380,149,85425,35.00,-8.85,-3.29
170568,0,81380,146,85474,35.00,-8.95,-3.33
170590,2311,81380,215,85497,35.00,-8.96,-3.36
170631,4047,81380,221,85627,35.00,-8.94,-3.30
170653,0,81380,153,85690,35.00,-8.96,-3.33
170675,1758,81380,199,85761,35.00,-9.03,-3.27
170697,2053,81380,184,85837,35.00,-9.06,-3.36
170719,1134,81380,164,85920,35.00,-9.00,-3.35
170741,2787,81380,169,86009,35.00,-8.82,-3.24
170763,0,81380,123,86118,35.00,-8.96,-3.28
170785,3995,81380,201,86211,35.00,-9.02,-3.29
170807,0,81380,125,86326,35.00,-9.04,-3.23
170829,445,81380,179,86423,35.00,-9.02,-3.25
170872,3115,81380,219,86719,35.00,-8.96,-3.31
170894,567,81380,183,86810,35.00,-8.84,-3.35
170916,2237,80612,200,86925,35.00,-8.90,-3.24
170938,2135,81380,173,87037,35.00,-8.99,-3.23
170960,2837,81380,175,87146,35.00,-9.13,-3.24
170982,4029,81380,182,87102,35.00,-9.08,-3.24
171392,1557,81380,125,86855,36.76,-9.05,-3.26
171433,765,81380,173,86107,35.00,-8.99,-3.19
171455,1112,81380,176,86224,35.00,-9.04,-3.19
171477,1591,81380,175,86361,35.00,-8.99,-3.20
171499,2255,81380,173,86509,35.00,-9.07,-3.18
171521,2335,81380,167,86671,35.00,-9.17,-3.14
171543,2424,81380,173,86825,35.00,-9.06,-3.12
171565,4044,81380,205,87006,35.00,-8.87,-3.16
171587,4029,81380,203,87178,35.00,-8.81,-3.19
171609,2131,81380,179,87338,35.00,-8.92,-3.28
171631,2153,81380,197,87489,35.00,-8.75,-3.21
171653,2981,81380,203,87585,35.00,-8.73,-3.20
171694,4014,81380,201,87718,35.00,-9.10,-3.30
171716,4053,81380,184,87598,35.00,-9.14,-3.20
171738,4059,81892,175,87183,35.00,-9.10,-3.23
171760,4020,81892,174,86592,35.00,-9.05,-3.21
171782,1674,81892,101,85926,35.00,-8.91,-3.23
171804,1419,81892,147,85246,35.00,-8.84,-3.15
171826,2095,81940,159,84581,35.00,-8.86,-3.18
171848,3992,81940,209,83989,35.00,-9.01,-3.23
171870,589,81892,139,83489,35.00,-9.08,-3.31
171892,0,81940,165,83114,35.00,-9.04,-3.22
171934,0,81940,146,82626,35.00,-8.84,-3.21
171956,0,81892,155,82653,35.00,-8.91,-3.21
171978,471,81892,153,82759,35.00,-9.05,-3.30
172410,4018,81892,183,82889,37.10,-9.01,-3.31
172439,903,80100,175,85338,35.00,-8.98,-3.31
172461,0,80612,112,85204,35.00,-9.09,-3.26
172483,0,80612,133,84922,35.00,-9.06,-3.31
172505,0,80612,145,84571,35.00,-9.05,-3.34
172527,0,80612,163,84207,35.00,-9.10,-3.38
172549,0,80612,169,83842,35.00,-9.15,-3.35
172571,0,80612,167,83481,35.00,-9.10,-3.36
172593,0,80612,167,83156,35.00,-8.99,-3.34
172615,0,80612,155,82885,35.00,-8.84,-3.29
172656,0,80612,141,82306,35.00,-8.96,-3.18
172678,0,80612,134,82200,35.00,-8.82,-3.29
172700,0,80612,133,82202,35.00,-9.02,-3.24
172722,0,80612,137,82362,35.00,-9.08,-3.26
172744,0,80612,149,82624,35.00,-9.11,-3.23
172766,979,80612,189,82931,35.00,-9.12,-3.25
172788,659,80612,179,83239,35.00,-8.97,-3.18
172810,4025,80612,237,83568,35.00,-8.92,-3.27
172832,4057,80100,219,83868,35.00,-8.81,-3.27
172854,4055,80100,205,84185,35.00,-8.87,-3.37
172876,4037,80100,185,84486,35.00,-8.96,-3.29
172917,4051,79716,180,85053,35.00,-8.96,-3.37
172939,4037,79716,166,85166,35.00,-8.98,-3.28
172961,4044,79716,181,85254,35.00,-9.08,-3.18
172983,4057,79716,189,85304,35.00,-9.01,-3.19
173427,4055,79716,214,85369,36.71,-9.06,-3.18
173459,4031,80100,213,86074,35.00,-8.98,-3.22
173481,4053,80100,179,86161,35.00,-9.00,-3.13
173503,4043,80612,189,86166,35.00,-9.06,-3.19
173525,4042,80612,211,86088,35.00,-8.88,-3.23
173547,4031,80612,207,85961,35.00,-8.84,-3.24
173569,4055,80612,213,85778,35.00,-9.03,-3.28
173591,4045,80612,197,85605,35.00,-9.07,-3.28
173613,4039,80612,183,85475,35.00,-9.02,-3.25
173635,4046,80612,178,85384,35.00,-9.04,-3.18
173657,1356,81380,109,85342,35.00,-8.96,-3.24
173699,1094,81380,148,85391,35.00,-8.95,-3.19
173721,4044,81380,176,85368,35.00,-8.96,-3.17
173743,4037,81380,199,85309,35.00,-9.01,-3.23
173765,2483,81380,189,85199,35.00,-9.02,-3.15
173787,2742,81380,191,85056,35.00,-9.00,-3.14
173809,2031,81380,205,84880,35.00,-8.96,-3.19
173831,2779,81892,217,84674,35.00,-8.98,-3.21
173853,4040,81380,203,84408,35.00,-9.02,-3.26
173875,3470,81380,187,84079,35.00,-9.01,-3.24
173897,2375,81380,156,83750,35.00,-8.92,-3.15
173919,47,81380,136,83528,35.00,-9.00,-3.19
173960,0,81380,151,83073,35.00,-9.09,-3.14
173982,0,81380,156,82761,35.00,-8.97,-3.23
174699,0,80612,169,82400,36.80,-8.96,-3.24
174723,4041,80100,204,85194,35.00,-9.29,-3.13
174745,4053,79716,233,84905,35.00,-9.11,-3.08
174767,4055,79716,231,84663,35.00,-8.91,-3.10
174789,4041,79716,217,84550,35.00,-8.84,-3.21
174811,4028,79716,201,84488,35.00,-8.91,-3.26
174833,4043,79716,189,84396,35.00,-8.93,-3.32
174855,4061,79716,181,84271,35.00,-8.89,-3.35
174877,4041,79716,182,84151,35.00,-8.90,-3.22
174899,4051,79716,183,84060,35.00,-8.95,-3.11
174921,4059,79716,205,84033,35.00,-9.09,-3.09
174962,4043,79716,209,84503,35.00,-8.96,-3.41
174984,4055,79716,205,84756,35.00,-9.01,-3.40
175717,4049,79716,222,84971,36.60,-8.99,-3.28
175745,1453,79716,173,84409,35.00,-9.05,-3.21
175767,0,80100,126,84523,35.00,-9.00,-3.25
175789,0,80100,143,84667,35.00,-9.01,-3.20
175811,4015,80100,201,84804,35.00,-9.02,-3.19
175833,143,79716,99,84944,35.00,-8.96,-3.19
175855,1983,80100,170,85061,35.00,-9.05,-3.15
175877,3274,80100,185,85141,35.00,-8.93,-3.23
175899,0,79716,153,85220,35.00,-8.98,-3.18
175921,922,80100,183,85255,35.00,-8.96,-3.19
175943,2303,79716,197,85291,35.00,-8.88,-3.24
175985,1461,79716,189,85291,35.00,-8.99,-3.24
176735,3950,80100,203,85259,36.99,-9.07,-3.24
176767,4035,79716,197,84855,35.00,-9.36,-3.15
176789,4053,79716,180,85033,35.00,-9.34,-3.15
176811,4051,79716,174,85228,35.00,-8.95,-3.17
176833,4059,79716,175,85420,35.00,-8.78,-3.26
176855,4068,79716,184,85599,35.00,-8.81,-3.19
176877,4053,79716,198,85721,35.00,-9.06,-3.21
176899,4005,79716,205,85662,35.00,-9.15,-3.16
176921,4057,79204,218,85440,35.00,-9.09,-3.13
176943,4069,79204,215,85126,35.00,-9.04,-3.17
176965,4053,79204,205,84812,35.00,-9.15,-3.20
176987,4051,79204,189,84576,35.00,-8.98,-3.24
177028,2825,79204,155,84405,35.00,-9.14,-3.54
177050,1685,79204,163,84439,35.00,-9.00,-3.25
177072,1928,79204,159,84473,35.00,-9.12,-3.17
177094,3114,79204,196,84484,35.00,-8.91,-3.08
177116,4013,79716,207,84571,35.00,-9.07,-3.14
177138,3123,79716,201,84778,35.00,-8.78,-3.31
177160,4027,79716,221,85047,35.00,-8.81,-3.31
177182,1499,79716,168,85304,35.00,-9.05,-3.19
177204,3477,79716,215,85517,35.00,-9.09,-3.33
177226,4060,79716,200,85659,35.00,-9.08,-3.25
177269,4059,79716,191,86019,35.00,-9.11,-3.11
177291,4057,79716,185,86163,35.00,-9.40,-3.10
177313,4072,79716,202,86308,35.00,-9.28,-3.15
177335,4057,79716,217,86355,35.00,-9.16,-3.15
177357,4053,79716,235,86337,35.00,-9.13,-3.08
177379,4055,79716,239,86256,35.00,-8.98,-3.08
177401,4057,79716,243,86082,35.00,-8.90,-3.17
177423,4052,80100,221,85901,35.00,-8.68,-3.28
177445,4039,80100,205,85759,35.00,-8.71,-3.38
177467,2387,80100,150,85616,35.00,-8.88,-3.14
177509,1563,80100,157,85363,35.00,-9.11,-3.07
177531,1682,79716,127,85340,35.00,-9.17,-3.14
177553,551,80100,141,85296,35.00,-8.94,-3.11
177575,3837,81892,211,85285,35.00,-8.84,-3.05
177597,3559,80612,215,85325,35.00,-9.03,-3.07
177619,89,80100,169,85345,35.00,-8.86,-3.09
177641,2197,80100,205,85257,35.00,-8.87,-3.13
177663,0,81380,152,84934,35.00,-8.79,-3.11
177685,0,80100,147,84517,35.00,-8.85,-3.21
177707,0,79716,135,84128,35.00,-8.86,-3.04
177729,0,79204,126,83773,35.00,-8.73,-3.08
177770,0,79716,125,83065,35.00,-8.57,-3.14
177792,0,79716,101,82976,35.00,-8.55,-3.25
177814,0,79716,107,83002,35.00,-8.70,-3.32
177836,0,79716,117,83099,35.00,-8.82,-3.40
177858,0,79716,120,83297,35.00,-8.86,-3.50
177880,0,79716,135,83603,35.00,-9.30,-3.42
177902,0,79716,123,84043,35.00,-9.47,-3.39
177924,0,79716,120,84541,35.00,-9.59,-3.20
177946,2331,79716,171,84951,35.00,-9.32,-3.00
177968,4053,79204,171,85285,35.00,-9.27,-3.02
178515,4062,79716,175,85582,37.05,-9.18,-2.99
178552,329,79716,171,84546,35.00,-8.98,-3.26
178574,0,79716,164,84425,35.00,-8.86,-3.27
178596,0,79716,171,84363,35.00,-8.85,-3.28
178618,0,79716,178,84354,35.00,-9.02,-3.24
178640,0,79716,165,84381,35.00,-9.01,-3.16
178662,0,80100,153,84443,35.00,-8.93,-3.15
178684,0,80100,135,84521,35.00,-8.90,-3.16
178706,0,79716,133,84607,35.00,-8.75,-3.14
178728,0,80100,111,84720,35.00,-8.81,-3.18
178750,0,80100,119,84814,35.00,-8.78,-3.27
178772,0,80100,122,84929,35.00,-8.72,-3.31
178813,0,80100,137,85123,35.00,-8.94,-3.30
178835,0,80100,146,85187,35.00,-9.14,-3.27
178857,0,80100,158,85301,35.00,-9.13,-3.22
178879,447,80100,159,85449,35.00,-9.16,-3.19
178901,2567,80100,198,85589,35.00,-9.23,-3.06
178923,4047,80100,187,85697,35.00,-9.17,-2.99
178945,4060,80100,182,85769,35.00,-9.03,-3.05
178967,4044,80612,174,85761,35.00,-9.05,-3.05
178989,3495,80100,167,85682,35.00,-9.12,-3.12
179533,3519,80612,181,85543,36.46,-9.00,-3.22
179575,0,80100,173,85762,35.00,-8.86,-3.19
179597,2747,80612,197,85875,35.00,-8.76,-3.17
179619,1467,80100,181,85971,35.00,-8.99,-3.25
179641,157,80612,147,86041,35.00,-9.13,-3.28
179663,617,80612,140,86085,35.00,-9.02,-3.15
179685,2527,80612,135,86097,35.00,-8.98,-3.08
179707,3544,80612,125,86113,35.00,-9.08,-3.09
179729,2155,80612,119,86116,35.00,-9.13,-3.10
179751,3989,81380,175,86098,35.00,-8.97,-2.99
179773,3019,81380,175,86098,35.00,-8.94,-3.14
179816,2216,80612,220,86199,35.00,-9.19,-3.46
179838,4044,80612,280,86195,35.00,-9.11,-3.26
179860,3015,80612,207,86055,35.00,-8.70,-3.06
179882,3207,80612,126,85819,35.00,-8.55,-3.14
179904,2269,80612,99,85547,35.00,-8.69,-3.28
179926,1095,80612,90,85232,35.00,-9.00,-3.27
179948,1293,80612,83,84932,35.00,-9.22,-3.29
179970,2573,80612,95,84697,35.00,-9.12,-3.18
179992,4039,81380,79,84522,35.00,-9.12,-3.01
180551,4060,80612,94,84389,37.43,-8.97,-2.99
180581,0,79716,121,88045,35.00,-9.23,-3.16
180603,0,79716,125,87956,35.00,-9.37,-3.11
180625,0,79716,215,87732,35.00,-9.33,-3.10
180647,3864,79716,239,87398,35.00,-9.21,-3.06
180669,4057,79716,6,87030,35.00,-9.40,-3.77
180691,0,79716,0,86700,35.00,-8.78,-2.85
180713,0,80100,37,86403,35.00,-8.80,-2.94
180735,0,79716,126,86167,35.00,-9.00,-3.52
180757,0,79716,372,85965,35.00,-8.64,-3.42
180798,0,79716,117,85699,35.00,-8.62,-3.43
180820,0,79716,5,85696,35.00,-9.75,-3.66
180842,0,79716,9,85737,35.00,-9.54,-3.80
180864,0,79716,23,85832,35.00,-8.90,-3.29
180886,0,79204,77,85911,35.00,-8.28,-2.18
180908,0,79204,103,85968,35.00,-9.09,-3.18
180930,0,79716,101,86025,35.00,-9.47,-4.25
180952,845,79716,121,86060,35.00,-9.46,-5.09
180974,1035,79204,121,86088,35.00,-8.55,-3.27
180996,782,79716,133,86135,35.00,-9.18,-3.12
181039,1256,79716,121,86118,35.00,-7.79,-4.32
181061,45,80100,122,86129,35.00,-8.44,-3.18
181083,0,79204,123,86163,35.00,-9.77,-3.79
181105,0,79716,105,86239,35.00,-10.00,-5.40
181127,0,77924,103,86403,35.00,-8.07,-4.15
181149,0,77924,111,86552,35.00,-8.78,-4.09
181171,0,77924,96,86662,35.00,-9.08,-4.29
181193,0,78436,83,86835,35.00,-9.59,-5.03
181215,0,79204,41,87137,35.00,-7.68,-4.75
181237,1227,79204,169,87588,35.00,-8.05,-3.44
181279,1725,79204,262,89617,35.00,-7.85,-1.46
181301,0,78436,229,90889,35.00,-7.47,-4.24
181323,3143,78436,281,92393,35.00,-6.93,-2.42
181345,4095,79204,281,93797,35.00,-8.38,-2.66
181367,1785,79716,137,95089,35.00,-8.36,-4.41
181389,2758,80100,139,96144,35.00,-9.98,-5.32
181411,4095,79716,163,96959,35.00,-8.17,-4.92
181433,4095,79716,171,97484,35.00,-8.26,-4.05
181455,4095,79716,276,97826,35.00,-6.31,-5.01
181477,4095,79716,277,98098,35.00,-8.37,-5.57
181499,4095,79716,213,98249,35.00,-8.24,-5.76
181540,4095,79716,201,97952,35.00,-8.53,-4.30
181562,4095,79716,204,97909,35.00,-8.08,-5.76
181584,4095,79716,168,97860,35.00,-7.92,-6.34
181606,4095,79716,155,97870,35.00,-8.00,-5.31
181628,4095,80100,147,97873,35.00,-8.27,-5.41
181650,4095,80100,168,97837,35.00,-8.48,-4.79
181672,4095,80100,139,97764,35.00,-8.18,-4.87
181694,4095,80100,152,97641,35.00,-7.96,-4.72
181716,4095,80100,202,97507,35.00,-8.27,-4.95
181738,4095,80100,219,97326,35.00,-7.78,-4.71
181781,4095,80100,203,96821,35.00,-8.33,-5.48
181803,3957,80100,169,96741,35.00,-8.08,-5.77
181825,2781,80100,168,96676,35.00,-8.18,-4.75
181847,2825,80100,197,96622,35.00,-8.37,-4.78
181869,2573,80100,181,96627,35.00,-8.40,-5.28
181891,2683,80100,123,96641,35.00,-8.01,-6.05
181913,1607,80100,167,96662,35.00,-7.71,-5.19
181935,2020,80100,224,96690,35.00,-7.41,-5.58
181957,4095,80612,279,96677,35.00,-9.32,-7.83
181979,4095,80612,188,96688,35.00,-6.31,-7.38
182021,1271,80100,147,96678,35.00,-9.19,-10.99
182043,3977,80612,171,96624,35.00,-7.62,-5.79
182065,4095,80612,136,96545,35.00,-8.25,-5.04
182087,4069,80612,179,96475,35.00,-8.13,-5.21
182109,4095,80612,236,96391,35.00,-7.64,-5.45
182131,2375,80612,252,96191,35.00,-7.34,-5.53
182153,2540,80612,187,95826,35.00,-8.16,-6.02
182175,1597,80612,153,95373,35.00,-7.73,-5.97
182197,2133,80100,171,94915,35.00,-8.07,-5.87
182219,995,80612,133,94490,35.00,-7.75,-5.59
182241,1231,80612,117,94069,35.00,-8.03,-6.48
182282,2386,80612,154,92893,35.00,-7.97,-5.33
182304,2138,80612,163,92633,35.00,-7.85,-5.58
182326,2751,80612,213,92451,35.00,-7.77,-5.55
182348,3901,80612,246,92328,35.00,-7.87,-5.43
182370,3620,80612,245,92290,35.00,-7.88,-5.59
182392,0,80612,182,92251,35.00,-8.14,-5.45
182414,0,80100,185,92225,35.00,-7.90,-5.36
182436,825,80100,206,92152,35.00,-7.70,-5.57
182458,2421,80100,141,92075,35.00,-7.94,-5.69
182480,0,80100,81,91972,35.00,-7.96,-5.57
182523,0,80100,107,91954,35.00,-7.07,-4.37
182545,0,79716,269,92019,35.00,-7.82,-5.74
182567,0,80100,217,92098,35.00,-7.96,-5.63
182589,0,80100,433,92150,35.00,-8.56,-6.34
182611,0,80100,205,92183,35.00,-7.97,-5.45
182633,0,80100,157,92203,35.00,-7.92,-5.67
182655,0,80100,119,92240,35.00,-8.06,-5.51
182677,0,80100,125,92265,35.00,-7.91,-5.52
182699,0,80100,107,92283,35.00,-7.91,-5.46
182721,0,79716,93,92319,35.00,-8.04,-5.43
182763,0,79716,109,92456,35.00,-7.77,-5.41
182785,0,79716,203,92532,35.00,-7.90,-5.44
182807,0,79716,170,92680,35.00,-7.99,-5.35
182829,1817,79716,191,92824,35.00,-8.21,-5.50
182851,1747,79716,165,92956,35.00,-7.93,-5.39
182873,4095,79716,232,93015,35.00,-7.72,-5.40
182895,4095,79716,233,92924,35.00,-7.91,-5.51
182917,4095,79716,229,92675,35.00,-7.56,-5.48
182939,0,79716,132,92341,35.00,-7.48,-5.42
182961,0,79716,151,91966,35.00,-7.41,-5.38
182983,803,79716,174,91538,35.00,-7.76,-5.35
183024,4095,79716,199,90320,35.00,-8.51,-5.54
183046,4095,79716,211,89980,35.00,-8.70,-5.35
183068,2452,79716,253,89755,35.00,-8.21,-5.30
183090,1321,79204,304,89645,35.00,-7.85,-5.24
183112,120,79716,279,89672,35.00,-7.55,-5.30
183134,0,79716,228,89811,35.00,-7.49,-5.51
183156,2215,79716,235,90013,35.00,-7.78,-5.54
183178,3117,79716,169,90179,35.00,-7.94,-5.50
183200,2443,78436,109,90269,35.00,-8.16,-5.25
183222,1143,77732,102,90301,35.00,-8.33,-5.10
183265,3679,77220,198,90252,35.00,-8.29,-5.25
183287,4095,76452,282,90287,35.00,-7.98,-5.37
183309,0,76452,215,90367,35.00,-7.89,-5.48
183331,0,76452,200,90488,35.00,-7.78,-5.41
183353,3037,76452,220,90664,35.00,-7.66,-5.36
183375,4095,76452,179,90814,35.00,-7.84,-5.40
183397,2847,76452,118,90968,35.00,-7.87,-5.26
183419,3196,75940,125,91125,35.00,-8.15,-5.28
183441,2799,75940,165,91272,35.00,-8.36,-5.29
183463,2901,77924,187,91403,35.00,-8.23,-5.19
183505,3507,79204,229,91705,35.00,-8.04,-5.23
183527,1471,79204,199,91721,35.00,-7.90,-5.47
183549,2115,79204,215,91722,35.00,-7.85,-5.36
183571,2521,79204,173,91762,35.00,-7.74,-5.34
183593,4095,79204,199,91831,35.00,-7.88,-5.47
183615,2909,79204,152,91949,35.00,-7.98,-5.37
183637,4095,79204,159,92037,35.00,-8.07,-5.23
183659,4095,79716,155,91997,35.00,-8.28,-5.28
183681,4095,79204,182,91819,35.00,-8.09,-5.29
183703,4095,79204,213,91508,35.00,-7.93,-5.38
183725,4095,79716,249,91158,35.00,-7.93,-5.39
183766,4095,79716,248,89755,35.00,-8.01,-5.47
183788,4095,79716,210,89375,35.00,-7.98,-5.30
183810,2295,79716,182,89094,35.00,-8.03,-5.27
183832,2407,79716,183,88901,35.00,-8.11,-5.34
183854,2321,79716,174,88759,35.00,-8.10,-5.32
183876,3387,79716,201,88727,35.00,-8.06,-5.27
183898,3091,79716,183,88822,35.00,-8.00,-5.27
183920,2339,79716,185,88943,35.00,-7.95,-5.28
183942,2871,79716,203,89082,35.00,-8.11,-5.36
183964,4095,80100,239,89214,35.00,-8.01,-5.24
184362,4095,80100,234,89379,36.16,-7.86,-5.26
184390,0,80612,167,95767,35.00,-8.31,-4.82
184412,0,81892,117,95604,35.00,-8.20,-4.68
184434,1159,81892,149,95240,35.00,-8.10,-4.85
184456,1817,81892,187,94878,35.00,-8.15,-5.24
184478,2411,80612,219,94604,35.00,-8.31,-5.51
184500,3003,81380,235,94439,35.00,-8.22,-5.69
184522,3356,81892,247,94374,35.00,-8.23,-5.65
184544,2769,81892,239,94346,35.00,-8.11,-5.42
184566,2484,81940,247,94280,35.00,-7.90,-5.35
184608,2651,81892,247,93794,35.00,-7.68,-5.25
184630,4008,81380,236,93648,35.00,-7.63,-5.23
184652,4095,81380,203,93579,35.00,-7.70,-5.26
184674,4095,80612,173,93568,35.00,-7.87,-5.31
184696,4095,80612,171,93613,35.00,-8.22,-5.30
184718,4095,80100,174,93677,35.00,-8.30,-5.23
184740,4095,79716,181,93720,35.00,-8.38,-5.14
184762,4095,79716,211,93758,35.00,-8.31,-5.06
184784,4095,79716,227,93759,35.00,-8.17,-5.09
184806,4095,79204,231,93754,35.00,-7.82,-4.97
184828,4095,78436,221,93713,35.00,-8.12,-5.09
184869,4095,77732,215,93424,35.00,-8.09,-5.20
184891,4095,76452,187,93215,35.00,-7.98,-5.36
184913,4095,76452,174,92995,35.00,-7.81,-5.46
184935,4095,76452,165,92846,35.00,-7.77,-5.43
184957,4095,77220,175,92668,35.00,-7.91,-5.41
184979,4095,77220,191,92440,35.00,-8.09,-5.41
185379,4095,77220,219,92139,35.83,-8.21,-5.31
185410,1867,77924,171,93002,35.00,-8.39,-5.10
185432,695,77732,149,93759,35.00,-8.34,-5.09
185454,567,77732,153,94604,35.00,-8.25,-5.06
185476,1161,77924,169,95460,35.00,-8.17,-5.01
185498,3451,77924,206,96297,35.00,-8.14,-5.05
185520,3983,77732,209,97099,35.00,-8.03,-5.11
185542,1847,77924,169,98026,35.00,-8.00,-5.16
185564,0,77924,169,98781,35.00,-7.95,-5.32
185586,0,77924,164,99419,35.00,-7.98,-5.39
185608,0,77924,143,99983,35.00,-8.09,-5.38
185630,0,77924,107,100469,35.00,-8.18,-5.35
185671,284,78436,103,101341,35.00,-8.14,-5.16
185693,732,78436,142,101472,35.00,-8.14,-5.11
185715,156,79204,123,101571,35.00,-8.06,-5.09
185737,2257,79204,180,101649,35.00,-8.27,-5.19
185759,21,79204,121,101744,35.00,-8.25,-5.12
185781,0,79204,137,101871,35.00,-8.21,-5.02
185803,1463,79716,173,102124,35.00,-8.33,-4.97
185825,1257,79716,180,102368,35.00,-8.25,-4.84
185847,2111,79716,231,102590,35.00,-8.02,-4.81
185869,2888,79716,221,102785,35.00,-7.92,-5.05
185891,2797,79716,201,102963,35.00,-7.98,-5.16
185932,4095,79716,191,103284,35.00,-7.83,-5.19
185954,1675,78436,137,103191,35.00,-7.88,-5.20
185976,2406,78436,174,102927,35.00,-8.16,-5.16
185998,4095,78436,229,102643,35.00,-8.08,-5.07
186020,4095,77924,246,102453,35.00,-8.06,-5.18
186042,4095,77732,265,102329,35.00,-8.02,-5.32
186064,4095,77732,263,102188,35.00,-8.38,-5.40
186086,4095,77732,238,101937,35.00,-7.84,-5.33
186108,4095,77924,215,101607,35.00,-7.95,-5.28
186130,0,77924,120,101239,35.00,-7.88,-5.16
186172,2799,78436,191,100504,35.00,-8.02,-5.02
186194,4095,79204,169,100335,35.00,-8.15,-4.99
186216,4095,79716,171,100151,35.00,-8.22,-4.95
186238,4095,79716,211,99999,35.00,-8.52,-5.15
186260,4095,80100,229,99950,35.00,-8.58,-5.14
186282,4095,80100,219,100000,35.00,-8.51,-5.10
186304,2359,80100,198,100107,35.00,-8.33,-5.01
186326,2314,80612,191,100257,35.00,-8.11,-4.98
186348,653,81380,141,100378,35.00,-8.01,-5.05
186370,0,81892,119,100419,35.00,-7.86,-5.10
186392,0,81940,97,100369,35.00,-7.92,-5.20
186433,0,82452,114,99644,35.00,-8.07,-5.25
186455,4095,81940,203,99193,35.00,-8.13,-5.21
186477,4095,81892,211,98730,35.00,-8.26,-5.17
186499,1113,81892,159,98343,35.00,-8.31,-5.11
186521,1789,81892,221,98039,35.00,-8.21,-5.06
186543,4095,81892,247,97859,35.00,-8.19,-5.08
186565,3103,81892,211,97793,35.00,-8.13,-5.19
186587,4095,81892,213,97753,35.00,-8.32,-5.20
186609,2783,81892,165,97736,35.00,-8.12,-5.08
186631,0,81940,125,97742,35.00,-8.05,-5.07
186653,0,81940,151,97760,35.00,-8.10,-5.03
186694,493,81940,172,97801,35.00,-8.37,-5.08
186716,1847,82452,186,97513,35.00,-8.12,-4.98
186738,2201,83220,203,97071,35.00,-8.22,-5.00
186760,2349,83220,189,96708,35.00,-8.19,-5.03
186782,293,83220,173,96442,35.00,-8.21,-5.01
186804,2924,83220,199,96211,35.00,-8.19,-4.99
186826,1321,83220,141,95986,35.00,-8.08,-4.99
186848,2103,83732,183,95735,35.00,-8.17,-5.07
186870,2695,83732,173,95469,35.00,-8.13,-5.05
186892,79,83732,135,95203,35.00,-8.01,-4.95
186934,907,83732,167,94483,35.00,-8.12,-5.11
186956,0,83220,141,94387,35.00,-8.17,-5.09
186978,0,83732,168,94315,35.00,-8.18,-5.06
187412,0,83732,164,94276,36.38,-8.18,-5.06
187441,4095,84116,178,95976,35.00,-8.50,-5.04
187463,4095,83732,189,95654,35.00,-8.71,-4.98
187485,4095,84116,198,95299,35.00,-8.50,-5.06
187507,4095,83732,183,94962,35.00,-8.37,-4.99
187529,4095,83732,171,94642,35.00,-8.46,-4.95
187551,3283,83732,173,94380,35.00,-8.34,-4.97
187573,4095,84116,219,94149,35.00,-8.43,-5.05
187595,3311,83732,199,93876,35.00,-8.34,-5.03
187636,3995,83732,230,92777,35.00,-8.06,-4.95
187658,4095,83732,199,92394,35.00,-7.93,-4.91
187680,4095,83732,189,92065,35.00,-7.91,-4.89
187702,4095,83732,191,91809,35.00,-7.95,-4.79
187724,4095,83732,204,91658,35.00,-8.16,-5.02
187746,4095,83732,190,91580,35.00,-8.06,-5.17
187768,2878,83732,174,91477,35.00,-8.12,-5.20
187790,2265,83732,149,91380,35.00,-8.07,-5.19
187812,371,83220,143,91332,35.00,-8.04,-5.12
187834,1496,83220,171,91334,35.00,-8.07,-5.07
187856,61,83220,157,91363,35.00,-8.00,-4.96
187897,0,83220,181,91681,35.00,-8.17,-4.99
187919,0,83220,181,91807,35.00,-8.16,-5.00
187941,0,83220,172,91943,35.00,-8.02,-4.96
187963,0,83220,168,92093,35.00,-7.77,-5.02
187985,0,83220,163,92239,35.00,-7.53,-5.16
188428,0,83220,163,92418,36.70,-7.59,-5.45
188459,4095,85396,173,92666,35.00,-8.52,-4.78
188481,3349,85396,197,92606,35.00,-8.46,-4.77
188503,4095,85396,218,92486,35.00,-8.37,-4.93
188525,1195,85396,149,92295,35.00,-8.10,-4.89
188547,1303,85396,170,92122,35.00,-8.14,-4.99
188569,4095,85396,207,91963,35.00,-8.07,-5.11
188591,4095,85396,201,91802,35.00,-8.06,-5.13
188613,4095,85396,207,91699,35.00,-8.10,-5.09
188635,3241,85396,199,91672,35.00,-8.09,-5.13
188657,1733,85396,169,91688,35.00,-8.26,-5.16
188699,104,85396,157,91955,35.00,-8.20,-5.03
188721,78,85396,147,92036,35.00,-8.37,-5.07
188743,389,85396,155,92133,35.00,-8.14,-4.98
188765,1779,85396,167,92247,35.00,-8.17,-4.93
188787,2205,85396,157,92346,35.00,-8.10,-4.95
188809,735,85396,155,92401,35.00,-8.14,-4.99
188831,2277,84628,183,92454,35.00,-8.09,-5.00
188853,452,85396,173,92504,35.00,-8.32,-5.09
188875,0,85396,175,92583,35.00,-8.11,-4.97
188897,0,85396,175,92673,35.00,-8.04,-4.91
188919,0,85396,175,92806,35.00,-8.10,-4.84
188960,0,85396,171,93125,35.00,-8.04,-4.99
188982,0,84628,163,93037,35.00,-7.90,-5.02
189697,0,84628,143,92826,36.77,-7.64,-5.07
189722,183,81940,149,92609,35.00,-8.15,-5.02
189744,843,81940,142,92464,35.00,-8.15,-5.03
189766,349,81940,141,92138,35.00,-8.12,-4.99
189788,0,81940,141,91763,35.00,-8.07,-4.97
189810,0,81940,155,91458,35.00,-8.15,-4.95
189832,0,81940,173,91207,35.00,-8.27,-4.88
189854,0,81940,173,91000,35.00,-8.16,-4.86
189876,0,81940,173,90838,35.00,-7.79,-4.80
189898,0,81940,173,90740,35.00,-7.82,-4.97
189920,0,81940,179,90685,35.00,-7.59,-5.12
189963,0,81940,163,90908,35.00,-7.96,-5.29
189985,0,81940,124,91151,35.00,-8.28,-5.43
190714,0,81940,151,91436,36.90,-8.50,-5.05
190745,2298,81940,185,91899,35.00,-8.34,-4.90
190767,2123,81940,168,91935,35.00,-8.38,-4.85
190789,1304,81940,173,92042,35.00,-8.34,-4.84
190811,1355,81940,186,92157,35.00,-8.26,-4.81
190833,2006,81940,201,92283,35.00,-8.14,-4.83
190855,757,81940,163,92403,35.00,-7.93,-4.83
190877,137,81940,151,92552,35.00,-7.93,-4.94
190899,0,81940,147,92703,35.00,-7.73,-5.01
190921,0,81940,136,92862,35.00,-7.83,-5.36
190943,0,81940,137,93024,35.00,-7.92,-5.34
190985,0,81940,147,93351,35.00,-8.39,-5.12
191730,0,81940,147,93382,36.54,-8.74,-4.83
191767,4095,82452,197,92328,35.00,-8.27,-4.94
191789,4095,82452,200,92184,35.00,-8.21,-4.79
191811,4095,82452,209,91996,35.00,-8.24,-4.71
191833,501,82452,115,91816,35.00,-8.26,-4.74
191855,0,82452,147,91723,35.00,-8.29,-4.82
191877,0,83220,135,91687,35.00,-8.21,-4.83
191899,0,83220,121,91671,35.00,-8.05,-4.81
191921,0,83220,109,91678,35.00,-8.17,-4.91
191943,0,83220,113,91731,35.00,-8.08,-4.71
191965,0,83220,123,91785,35.00,-7.73,-4.81
191987,0,83732,135,91823,35.00,-8.32,-5.04
192028,0,83220,137,91588,35.00,-8.23,-4.86
192050,0,83220,154,91358,35.00,-8.46,-4.84
192072,0,82452,163,91086,35.00,-8.34,-4.81
192094,0,83220,159,90726,35.00,-8.23,-4.73
192116,0,82452,147,90338,35.00,-8.25,-4.89
192138,0,82452,143,90048,35.00,-8.44,-4.79
192160,0,82452,134,89876,35.00,-8.30,-4.86
192182,1553,82452,162,89792,35.00,-8.39,-4.79
192204,1771,82452,143,89795,35.00,-8.36,-4.78
192226,4095,82452,188,89824,35.00,-8.49,-4.71
192269,4095,82452,185,89597,35.00,-7.82,-4.72
192291,4095,82452,211,89468,35.00,-8.44,-5.07
192313,4095,82452,213,89333,35.00,-8.47,-5.46
192335,4095,82452,183,89214,35.00,-7.99,-5.24
192357,4095,82452,171,89110,35.00,-8.42,-5.15
192379,4095,82452,187,89007,35.00,-8.36,-4.99
192401,4095,81940,189,88892,35.00,-8.14,-4.88
192423,4095,81940,203,88737,35.00,-8.16,-4.89
192445,3227,81892,197,88575,35.00,-8.26,-4.82
192467,4095,81892,251,88324,35.00,-8.33,-4.88
192509,4095,81892,245,87409,35.00,-8.37,-4.92
192531,4095,81892,219,87205,35.00,-8.30,-4.87
192553,298,81892,123,87156,35.00,-8.37,-4.87
192575,0,81892,165,87223,35.00,-8.29,-4.82
192597,0,81892,163,87359,35.00,-8.41,-4.81
192619,0,81892,167,87558,35.00,-8.30,-4.76
192641,0,81892,175,87773,35.00,-8.18,-4.73
192663,0,81892,171,87992,35.00,-8.46,-4.94
192685,0,81892,159,88231,35.00,-8.38,-4.84
192707,0,81892,153,88492,35.00,-8.43,-4.73
192729,0,94132,167,88742,35.00,-8.19,-4.65
192770,0,349525,147,89329,35.00,-8.41,-4.81
192792,0,2016539,175,89519,35.00,-8.45,-4.72
192814,4095,14680063,223,89713,35.00,-8.20,-4.71
192836,4095,14680063,201,89885,35.00,-8.22,-4.70
192858,4095,14680063,199,90073,35.00,-8.24,-4.72
192880,4095,14680063,213,90296,35.00,-8.28,-4.76
192902,4095,14680063,203,90469,35.00,-8.22,-4.70
192924,4095,14680063,213,90474,35.00,-8.34,-4.61
192946,4095,14680063,223,90360,35.00,-8.55,-4.64
192968,4095,14680063,231,90251,35.00,-8.63,-4.75
193511,4095,14680063,219,90266,36.64,-8.61,-4.82
193552,0,2097151,160,89726,35.00,-8.28,-4.72
193574,0,14680063,111,89757,35.00,-7.51,-4.39
193596,0,14680063,149,89859,35.00,-7.09,-4.67
193618,0,14680063,221,90096,35.00,-7.64,-5.41
193640,0,14680063,226,90460,35.00,-8.54,-5.81
193662,0,14680063,159,90770,35.00,-8.73,-5.36
193684,0,14680063,134,90862,35.00,-8.62,-5.00
193706,0,14680063,135,90814,35.00,-9.00,-4.43
193728,4095,14680063,185,90923,35.00,-9.06,-4.05
193750,4095,14680063,179,91125,35.00,-9.03,-3.77
193793,4095,14680063,171,91874,35.00,-8.70,-4.16
193815,4095,14662383,185,91921,35.00,-8.61,-4.38
193837,4095,14680063,203,91794,35.00,-8.72,-4.84
193859,4095,14680063,210,91494,35.00,-8.76,-5.15
193881,4095,14680063,207,91099,35.00,-8.50,-5.16
193903,4095,14680063,204,90673,35.00,-8.15,-5.02
193925,4095,14680063,207,90307,35.00,-8.14,-4.98
193947,4095,14680063,189,90085,35.00,-7.89,-4.70
193969,4095,14680063,155,90003,35.00,-7.89,-4.58
193991,4095,14680063,155,90059,35.00,-7.58,-4.69
194033,0,14680063,163,90802,35.00,-8.55,-6.20
194055,0,14680063,88,91189,35.00,-8.52,-6.15
194077,0,14677887,79,91515,35.00,-8.64,-5.01
194099,0,14649999,120,91792,35.00,-8.43,-3.50
194121,0,14680063,157,92000,35.00,-8.10,-6.55
194143,0,14680063,209,92206,35.00,-8.72,4.29
194165,0,14680063,170,92611,35.00,-8.73,-2.18
194187,0,14680063,153,93320,35.00,-8.32,-3.07
194209,4095,14680063,221,94163,35.00,-8.45,-3.58
194231,4095,14680063,171,94982,35.00,-7.99,-4.39
194253,4095,14680063,227,95689,35.00,-7.98,-4.93
194294,4095,14680063,183,95579,35.00,-8.04,-6.10
194316,4095,14680063,189,95009,35.00,-7.91,-5.92
194338,0,14680063,91,94069,35.00,-7.68,-5.33
194360,0,14680063,138,92929,35.00,-7.85,-4.90
194382,4095,14680063,231,91902,35.00,-7.75,-4.70
194404,0,14680063,148,91100,35.00,-7.66,-5.05
194426,0,14680063,133,90768,35.00,-8.12,-5.77
194448,0,14680063,125,91065,35.00,-8.99,-6.21
194470,0,14680063,110,91888,35.00,-8.95,-5.42
194492,0,13565959,99,92856,35.00,-10.12,-4.86
194535,4095,12963741,231,95154,35.00,-10.11,-2.31
194557,4095,126908,175,95743,35.00,-9.32,-1.24
194579,0,103756,103,96207,35.00,-8.70,-1.35
194601,0,95604,172,96607,35.00,-8.18,-2.52
194623,0,92340,185,96976,35.00,-7.72,-3.07
194645,4095,1385765,261,97241,35.00,-7.16,-3.85
194667,4095,2054871,265,97170,35.00,-7.76,-4.78
194689,4095,14680063,300,96712,35.00,-8.11,-6.17
194711,4095,14680063,206,96034,35.00,-7.38,-7.67
194733,4095,14680063,109,95022,35.00,-7.80,-7.45
194775,4095,14680063,110,89830,35.00,-7.25,-5.36
194797,0,14680063,95,88156,35.00,-7.97,-4.38
194819,0,14680063,101,86901,35.00,-8.44,-3.89
194841,0,14680063,100,86272,35.00,-8.25,-4.74
194863,0,14680063,198,86551,35.00,-8.81,-5.45
194885,2171,14680063,267,87625,35.00,-10.37,-5.70
194907,0,14569555,101,89153,35.00,-9.84,-4.37
194929,0,14040547,153,90604,35.00,-10.57,-3.63
194951,4095,528256,278,92047,35.00,-9.11,-1.87
194973,4095,12818638,219,93463,35.00,-8.54,-1.71
194995,0,469671,119,94691,35.00,-8.10,-2.20
195036,0,207526,158,97248,35.00,-6.92,-3.65
195058,4095,1934605,275,97672,35.00,-6.67,-4.46
195080,2095,14680063,191,97804,35.00,-7.72,-5.55
195102,4095,14680063,231,97799,35.00,-7.70,-6.61
195124,4095,14680063,213,97738,35.00,-8.14,-6.79
195146,4095,14680063,189,97360,35.00,-8.63,-6.41
195168,4095,14680063,173,96540,35.00,-7.42,-4.90
195190,0,14680063,77,95376,35.00,-8.45,-4.60
195212,0,14680063,134,94015,35.00,-8.82,-4.23
195234,3,14680063,123,92689,35.00,-8.74,-3.74
195276,4095,14424769,140,90976,35.00,-8.10,-5.07
195298,0,14670047,169,91683,35.00,-9.16,-6.25
195320,4095,13460021,233,92829,35.00,-9.46,-6.62
195342,0,14286844,172,93756,35.00,-7.84,-4.86
195364,0,14297762,229,94577,35.00,-9.70,-3.12
195386,4095,13220076,295,95456,35.00,-8.87,-1.61
195408,4095,12849217,170,96142,35.00,-8.56,-1.12
195430,0,1002135,91,96692,35.00,-7.98,-2.11
195452,0,13807018,134,97175,35.00,-7.59,-3.03
195474,4095,2015259,205,97663,35.00,-7.42,-3.49
195496,4095,14651471,213,97918,35.00,-7.14,-4.36
195537,4095,14678271,275,97292,35.00,-8.46,-6.22
195559,4095,14680063,217,96507,35.00,-8.31,-6.80
195581,4095,14680063,182,95302,35.00,-8.04,-6.57
195603,4095,14680063,168,93450,35.00,-7.76,-5.77
195625,0,14680063,56,91202,35.00,-7.77,-4.73
195647,0,14680063,115,88839,35.00,-8.16,-4.38
195669,0,14680063,115,86868,35.00,-8.71,-4.20
195691,0,14378806,57,85626,35.00,-8.59,-4.11
195713,0,14358726,98,85119,35.00,-8.43,-4.17
195735,0,14629607,170,85518,35.00,-8.55,-5.46
195757,0,14680063,207,86835,35.00,-9.17,-5.56
195798,0,14065611,175,93032,35.00,-10.06,-4.17
195820,845,279057,235,95190,35.00,-9.11,-3.17
195842,4095,154322,248,96817,35.00,-8.57,-2.16
195864,235,114156,157,98003,35.00,-7.99,-2.03
195886,0,921667,181,98769,35.00,-7.86,-2.72
195908,4095,14524365,271,99165,35.00,-7.09,-3.81
195930,4095,14294978,197,99376,35.00,-7.80,-4.36
195952,4095,14498021,185,99464,35.00,-7.93,-4.96
195974,4095,14589995,192,99364,35.00,-7.98,-5.26
195996,4095,14680063,145,99017,35.00,-8.70,-5.93
196038,4095,14680063,215,95189,35.00,-8.22,-5.62
196060,4095,14680063,155,92946,35.00,-8.07,-5.05
196082,0,14680063,87,90801,35.00,-7.98,-4.61
196104,0,14680063,123,89091,35.00,-8.30,-4.33
196126,3495,14680063,254,87726,35.00,-8.76,-4.27
196148,4095,14680063,205,86815,35.00,-8.99,-4.24
196170,2671,14680063,153,85980,35.00,-8.95,-4.32
196192,0,14680063,109,85255,35.00,-8.67,-4.92
196214,0,14680063,175,85041,35.00,-8.21,-5.19
196236,0,14680063,238,85444,35.00,-8.20,-5.64
196258,873,14680063,221,86262,35.00,-8.64,-5.22
196299,0,14680063,179,89965,35.00,-8.67,-3.31
196321,0,14680063,197,91048,35.00,-8.17,-2.29
196343,0,14680063,179,91795,35.00,-8.01,-2.83
196365,0,14680063,153,92380,35.00,-7.94,-3.71
196387,4095,14680063,201,92901,35.00,-7.52,-4.26
196409,4095,14680063,189,93152,35.00,-8.29,-4.81
196431,0,14680063,115,93154,35.00,-8.50,-5.07
196453,4095,14680063,174,92841,35.00,-8.68,-5.35
196475,4095,14680063,181,92166,35.00,-9.02,-5.54
196497,4095,14680063,222,91086,35.00,-8.42,-5.15
196519,4095,14680063,198,89801,35.00,-7.69,-4.93
196560,4095,14680063,163,85861,35.00,-8.08,-4.48
196582,4095,14680063,199,85135,35.00,-8.35,-4.44
196604,0,14680063,121,84928,35.00,-8.43,-4.54
196626,0,14680063,116,85165,35.00,-8.41,-4.92
196648,0,14680063,103,85849,35.00,-9.09,-5.59
196670,0,14680063,125,86942,35.00,-9.20,-5.93
196692,0,14680063,141,88359,35.00,-9.39,-5.11
196714,0,14680063,171,89767,35.00,-9.46,-4.07
196736,3955,14680063,294,91165,35.00,-8.91,-3.01
196758,4095,14680063,271,92544,35.00,-8.45,-2.19
196800,4095,14680063,254,94963,35.00,-7.34,-2.99
196822,0,14508085,155,95502,35.00,-7.47,-3.95
196844,4095,14670047,230,95967,35.00,-7.56,-4.52
196866,4095,14680063,197,96193,35.00,-7.83,-4.86
196888,4095,14680063,159,96053,35.00,-8.30,-5.61
196910,4095,14680063,153,95586,35.00,-8.36,-5.70
196932,4095,14680063,187,94663,35.00,-8.50,-5.47
196954,4095,14680063,184,93293,35.00,-8.46,-5.17
196976,0,14680063,110,91549,35.00,-8.15,-4.79
196998,31,14680063,133,89682,35.00,-8.26,-4.59
197020,4095,14680063,207,88104,35.00,-8.58,-4.35
197061,4095,14680063,220,86828,35.00,-9.26,-4.44
197083,3487,14680063,206,87087,35.00,-9.35,-4.36
197105,0,14471257,117,87440,35.00,-8.95,-4.52
197127,4095,13248674,186,87889,35.00,-8.08,-4.83
197149,4095,13327830,246,88410,35.00,-7.87,-5.38
197171,0,14551171,139,88907,35.00,-8.38,-5.19
197193,0,14680063,153,89459,35.00,-8.45,-4.49
197215,0,14680063,163,89953,35.00,-8.68,-3.44
197237,0,14680063,197,90212,35.00,-7.96,-3.14
197259,0,14680063,184,90385,35.00,-7.93,-3.72
197281,0,14680063,164,90675,35.00,-7.78,-4.26
197322,0,14680063,147,92301,35.00,-8.11,-5.00
197344,0,14680063,117,92417,35.00,-8.60,-5.31
197366,0,14680063,119,92203,35.00,-9.17,-5.37
197388,4095,14680063,215,91614,35.00,-8.54,-5.01
197410,4095,14680063,203,90707,35.00,-8.48,-4.88
197432,4095,14680063,203,89670,35.00,-8.20,-4.83
197454,4095,14680063,214,88719,35.00,-8.31,-4.63
197476,4095,14680063,217,88060,35.00,-8.72,-4.56
197498,4095,14680063,237,87754,35.00,-9.20,-4.46
197520,4095,14023421,137,87680,35.00,-9.04,-4.14
197562,4095,524800,119,88351,35.00,-8.85,-5.25
197584,0,12729826,115,88598,35.00,-7.71,-4.25
197606,0,112492,197,88837,35.00,-7.67,-4.11
197628,0,100108,216,89112,35.00,-8.41,-4.11
197650,0,214806,293,89384,35.00,-8.25,-4.55
197672,0,1900025,181,89857,35.00,-8.23,-4.76
197694,0,14677375,151,90551,35.00,-7.84,-4.84
197716,0,14680063,139,91200,35.00,-8.02,-4.75
197738,0,14680063,135,91674,35.00,-8.23,-4.93
197760,0,14680063,121,91920,35.00,-9.50,-5.10
197782,0,14680063,157,91843,35.00,-9.14,-4.92
197823,4095,14680063,239,90478,35.00,-8.78,-4.58
197845,4095,14680063,187,89874,35.00,-8.57,-4.65
197867,4095,14680063,185,89411,35.00,-8.27,-4.58
197889,4095,14680063,189,89140,35.00,-8.33,-4.71
197911,0,14680063,137,89133,35.00,-8.43,-4.71
197933,0,14680063,175,89347,35.00,-8.79,-4.71
197955,4095,14680063,265,89713,35.00,-8.97,-4.70
197977,4095,14680063,207,90051,35.00,-8.82,-4.51
197999,4095,14680063,175,90315,35.00,-8.45,-4.49
198021,4095,14680063,135,90513,35.00,-7.97,-4.59
198043,4095,14680063,170,90604,35.00,-7.50,-4.74
198084,4095,14680063,181,89463,35.00,-7.64,-4.49
198106,0,14680063,148,88971,35.00,-8.24,-4.29
198128,0,14680063,164,88637,35.00,-8.61,-4.62
198150,0,14680063,141,88662,35.00,-8.46,-4.63
198172,0,14680063,123,89077,35.00,-8.37,-4.66
198194,0,14680063,133,89554,35.00,-8.69,-4.77
198216,0,14680063,145,89967,35.00,-8.93,-4.82
198238,0,14680063,173,90249,35.00,-9.15,-4.74
198260,0,14680063,181,90349,35.00,-8.66,-4.48
198282,4095,14680063,245,90278,35.00,-8.49,-4.49
198324,4095,14680063,211,90090,35.00,-8.17,-4.62
198346,1129,14680063,117,90148,35.00,-8.21,-4.70
198368,0,14680063,141,90313,35.00,-8.34,-4.78
198390,0,14680063,150,90505,35.00,-8.41,-4.82
198412,0,14680063,163,90721,35.00,-8.50,-4.71
198434,4095,14680063,245,90962,35.00,-8.77,-4.79
198456,4095,14680063,237,91181,35.00,-9.01,-4.56
198478,4095,14680063,201,91304,35.00,-9.00,-4.40
198500,4095,14680063,145,91232,35.00,-8.32,-4.37
198522,4095,14680063,151,91008,35.00,-7.71,-4.47
198544,4095,14680063,155,90668,35.00,-7.46,-4.78
198585,4095,14680063,191,88908,35.00,-7.82,-4.66
198607,0,14680063,152,88577,35.00,-8.49,-4.64
198629,0,14680063,168,88645,35.00,-8.70,-4.56
198651,0,14680063,147,89082,35.00,-8.61,-4.59
198673,0,14680063,138,89708,35.00,-8.39,-4.62
198695,0,14680063,151,90330,35.00,-8.54,-4.62
198717,0,14680063,170,90821,35.00,-8.76,-4.58
198739,0,14680063,178,91088,35.00,-8.86,-4.61
198761,358,14680063,198,91095,35.00,-8.75,-4.60
198783,4095,14680063,216,90984,35.00,-8.47,-4.65
198805,4095,14680063,187,90848,35.00,-8.29,-4.55
198846,0,14680063,120,90477,35.00,-8.25,-4.67
198868,0,14680063,136,90537,35.00,-8.39,-4.66
198890,0,14680063,153,90659,35.00,-8.41,-4.62
198912,0,14680063,167,90830,35.00,-8.57,-4.80
198934,0,14680063,175,91057,35.00,-8.68,-4.72
198956,4095,14680063,250,91284,35.00,-8.67,-4.80
198978,4095,14680063,228,91477,35.00,-8.89,-4.68
199352,4095,14680063,205,91571,36.62,-8.79,-4.52
199387,0,2097151,168,91194,35.00,-8.38,-4.65
199409,0,14680063,155,91322,35.00,-8.33,-4.69
199431,0,14680063,169,91472,35.00,-8.53,-4.75
199453,0,14680063,171,91668,35.00,-8.61,-4.75
199475,0,14680063,156,91896,35.00,-8.65,-4.68
199497,4095,14680063,240,92049,35.00,-8.61,-4.85
199519,4095,14680063,203,92156,35.00,-8.78,-4.63
199541,4095,14680063,181,92153,35.00,-8.79,-4.63
199563,4095,14680063,152,92017,35.00,-8.57,-4.45
199585,4095,14680063,135,91709,35.00,-8.26,-4.56
199607,4095,14680063,167,91288,35.00,-7.91,-4.63
199648,4095,14680063,183,89759,35.00,-7.73,-4.76
199670,4095,14680063,186,89372,35.00,-8.06,-4.63
199692,1159,14680063,135,89224,35.00,-8.35,-4.50
199714,0,14680063,165,89335,35.00,-8.26,-4.42
199736,0,14680063,148,89625,35.00,-8.25,-4.39
199758,0,14680063,140,90150,35.00,-8.21,-4.53
199780,0,14680063,133,90706,35.00,-8.35,-4.68
199802,0,14680063,153,91145,35.00,-8.66,-4.80
199824,0,14680063,143,91367,35.00,-8.97,-4.82
199846,0,14680063,153,91373,35.00,-8.86,-4.73
199889,2194,14680063,191,91076,35.00,-8.34,-4.56
199911,789,14680063,163,91115,35.00,-8.18,-4.51
199933,0,14680063,164,91221,35.00,-8.34,-4.57
199955,0,14680063,171,91327,35.00,-8.49,-4.71
199977,281,14680063,163,91467,35.00,-8.58,-4.83
199999,1861,14680063,171,91634,35.00,-8.69,-4.81
200021,4095,14680063,203,91790,35.00,-8.59,-4.69
200043,4095,14680063,184,91927,35.00,-8.69,-4.57
200065,4095,14680063,185,92017,35.00,-8.69,-4.61
200087,4095,14680063,185,91980,35.00,-8.58,-4.50
200129,4095,14680063,189,91254,35.00,-7.96,-4.59
200151,4095,14680063,181,90830,35.00,-7.71,-4.77
200173,4095,14680063,229,90333,35.00,-7.88,-4.55
200195,4095,14680063,215,89990,35.00,-8.07,-4.49
200217,0,14680063,159,89892,35.00,-8.48,-4.64
200239,0,14680063,159,90004,35.00,-8.33,-4.62
200261,0,14680063,135,90379,35.00,-8.12,-4.57
200283,0,14680063,123,90848,35.00,-8.27,-4.64
200305,0,14680063,153,91292,35.00,-8.72,-4.76
200327,0,14680063,147,91591,35.00,-8.96,-4.74
200349,0,14680063,155,91659,35.00,-8.85,-4.57
200390,4095,14680063,219,91203,35.00,-8.42,-4.40
200412,909,14680063,167,91167,35.00,-8.21,-4.57
200434,467,14680063,155,91176,35.00,-8.33,-4.55
200456,0,14680063,165,91203,35.00,-8.41,-4.63
200478,0,14680063,157,91256,35.00,-8.54,-4.76
200500,0,14680063,152,91320,35.00,-8.54,-4.74
200522,2171,14680063,183,91419,35.00,-8.39,-4.69
200544,1785,14680063,169,91513,35.00,-8.38,-4.59
200566,2871,14680063,190,91558,35.00,-8.32,-4.63
200588,2327,14680063,199,91608,35.00,-8.39,-4.71
200630,2456,14680063,201,91799,35.00,-8.49,-4.60
200652,1992,14680063,197,91779,35.00,-8.44,-4.63
200674,1455,14680063,165,91734,35.00,-8.46,-4.62
200696,1575,14680063,154,91708,35.00,-8.48,-4.64
200718,2175,14680063,153,91692,35.00,-8.51,-4.57
200740,1547,14680063,151,91717,35.00,-8.46,-4.61
200762,2735,14680063,160,91758,35.00,-8.47,-4.55
200784,1929,14680063,159,91848,35.00,-8.46,-4.58
200806,2363,14680063,172,91920,35.00,-8.39,-4.55
200828,2515,14680063,189,91956,35.00,-8.37,-4.54
200850,1625,14680063,185,91935,35.00,-8.38,-4.60
200891,3062,14680063,203,91745,35.00,-8.30,-4.62
200913,1785,14680063,181,91710,35.00,-8.33,-4.65
200935,1268,14680063,179,91665,35.00,-8.33,-4.61
200957,729,14680063,155,91655,35.00,-8.37,-4.67
200979,714,14680063,159,91653,35.00,-8.33,-4.65
201384,1285,14680063,160,91642,36.72,-8.28,-4.64
201413,2005,2097151,173,91594,35.00,-8.38,-4.67
201435,3421,14680063,191,91567,35.00,-8.37,-4.65
201457,1567,14680063,133,91528,35.00,-8.44,-4.58
201479,697,14680063,141,91496,35.00,-8.43,-4.59
201501,1571,14680063,149,91509,35.00,-8.40,-4.58
201523,1197,14680063,151,91561,35.00,-8.61,-4.53
201545,2259,14680063,174,91602,35.00,-8.60,-4.50
201567,1733,14680063,183,91615,35.00,-8.66,-4.53
201589,535,14680063,184,91606,35.00,-8.56,-4.58
201611,3356,14680063,249,91621,35.00,-8.52,-4.58
201653,2203,14680063,191,91620,35.00,-8.46,-4.72
201675,1385,14680063,167,91543,35.00,-8.47,-4.69
201697,812,14680063,155,91480,35.00,-8.42,-4.71
201719,4095,14680063,201,91423,35.00,-8.49,-4.64
201741,283,14680063,118,91390,35.00,-8.47,-4.65
201763,1509,14680063,168,91363,35.00,-8.44,-4.53
201785,280,14680063,151,91356,35.00,-8.35,-4.55
201807,2006,14680063,212,91303,35.00,-8.51,-4.54
201829,0,14680063,167,91268,35.00,-8.26,-4.64
201851,1877,14680063,207,91237,35.00,-8.40,-4.46
201873,0,14680063,153,91225,35.00,-8.19,-4.78
201914,0,14680063,152,91266,35.00,-8.32,-4.72
201936,0,14680063,152,91333,35.00,-8.14,-4.68
201958,0,14680063,147,91413,35.00,-8.18,-4.68
201980,0,14680063,147,91525,35.00,-8.37,-4.61
202401,850,14680063,171,91611,36.63,-8.45,-4.62
202435,0,2097151,158,92541,35.00,-8.21,-4.50
202457,0,14680063,139,92680,35.00,-8.30,-4.61
202479,0,14680063,136,92937,35.00,-8.35,-4.64
202501,0,14680063,141,93291,35.00,-8.40,-4.68
202523,0,14680063,149,93611,35.00,-8.35,-4.76
202545,0,14680063,165,93807,35.00,-8.43,-4.73
202567,0,14680063,175,93916,35.00,-8.42,-4.65
202589,0,14680063,165,93931,35.00,-8.59,-4.59
202611,0,14680063,152,93920,35.00,-8.55,-4.44
202633,0,14680063,141,93859,35.00,-8.52,-4.49
202655,4095,14680063,220,93791,35.00,-8.40,-4.59
202696,4095,14680063,178,93608,35.00,-8.29,-4.65
202718,4095,14680063,199,93580,35.00,-8.34,-4.64
202740,0,14680063,122,93590,35.00,-8.53,-4.77
202762,0,14680063,149,93564,35.00,-8.38,-4.73
202784,0,14680063,143,93544,35.00,-8.40,-4.71
202806,0,14680063,153,93508,35.00,-8.27,-4.72
202828,0,14680063,149,93480,35.00,-8.29,-4.57
202850,0,14680063,163,93402,35.00,-8.52,-4.65
202872,0,14680063,146,93220,35.00,-8.45,-4.57
202894,0,14680063,137,93002,35.00,-8.42,-4.64
202937,0,14680063,135,92326,35.00,-8.62,-4.81
202959,4088,14680063,172,92221,35.00,-8.38,-4.61
202981,3687,14680063,202,92127,35.00,-8.40,-4.63
203416,0,14680063,148,92016,36.25,-8.36,-4.59
203458,4095,2097151,167,92134,35.00,-8.59,-4.58
203480,217,14680063,103,91893,35.00,-8.52,-4.53
203502,2345,14680063,185,91741,35.00,-8.49,-4.56
203524,0,14680063,155,91693,35.00,-8.39,-4.61
203546,1554,14680063,201,91753,35.00,-8.42,-4.70
203568,1543,14680063,173,91904,35.00,-8.42,-4.78
203590,0,14680063,151,92104,35.00,-8.42,-4.75
203612,0,14680063,141,92286,35.00,-8.23,-4.69
203634,0,14680063,142,92448,35.00,-8.26,-4.63
203656,0,14680063,142,92578,35.00,-8.32,-4.64
203699,0,14680063,152,92715,35.00,-8.33,-4.58
203721,0,14680063,163,92636,35.00,-8.39,-4.57
203743,0,14680063,171,92583,35.00,-8.33,-4.61
203765,4095,14680063,243,92534,35.00,-8.28,-4.58
203787,4095,14680063,223,92534,35.00,-8.35,-4.64
203809,4095,14680063,211,92562,35.00,-8.36,-4.54
203831,4095,14680063,197,92633,35.00,-8.33,-4.59
203853,4095,14680063,197,92698,35.00,-8.25,-4.59
203875,4095,14680063,183,92761,35.00,-8.15,-4.58
203897,4095,14680063,191,92808,35.00,-8.19,-4.71
203939,2795,14680063,179,93065,35.00,-8.25,-4.72
203961,2219,14680063,166,93150,35.00,-8.34,-4.65
203983,3547,14671935,203,93217,35.00,-8.38,-4.71
204687,3235,14680063,185,93249,36.27,-8.49,-4.66
204721,3278,2097151,165,93888,35.00,-8.33,-4.68
204743,1042,14680063,139,93665,35.00,-8.33,-4.68
204765,0,14680063,140,93472,35.00,-8.45,-4.53
204787,0,14680063,137,93371,35.00,-8.41,-4.69
204809,0,14680063,116,93316,35.00,-8.33,-4.62
204831,0,14680063,119,93318,35.00,-8.36,-4.63
204853,0,14680063,121,93351,35.00,-8.39,-4.59
204875,0,14680063,137,93453,35.00,-8.35,-4.60
204897,79,14680063,143,93587,35.00,-8.40,-4.54
204919,3539,14680063,217,93710,35.00,-8.29,-4.66
204941,3753,14680063,219,93804,35.00,-8.29,-4.64
204982,2228,14680063,187,93924,35.00,-8.17,-4.69
205703,4095,14680063,225,93940,36.58,-8.17,-4.68
205744,0,2097151,165,92510,35.00,-8.48,-4.68
205766,743,14680063,165,92671,35.00,-8.38,-4.66
205788,2355,14680063,188,92810,35.00,-8.30,-4.69
205810,251,14680063,142,92929,35.00,-8.31,-4.65
205832,1687,14680063,160,93036,35.00,-8.33,-4.61
205854,4095,14680063,211,93119,35.00,-8.43,-4.55
205876,4095,14680063,205,93215,35.00,-8.39,-4.67
205898,0,14680063,147,93342,35.00,-8.35,-4.64
205920,0,14680063,173,93450,35.00,-8.27,-4.60
205942,4095,14680063,237,93591,35.00,-8.37,-4.61
205985,877,14680063,147,94084,35.00,-8.32,-4.66
206719,3122,14680063,175,94282,36.26,-8.19,-4.60
206747,2843,2097151,164,96253,35.00,-8.33,-4.65
206769,2683,14680063,159,96210,35.00,-8.50,-4.70
206791,1993,14680063,156,96181,35.00,-8.43,-4.70
206813,1327,14680063,159,96181,35.00,-8.37,-4.51
206835,0,14680063,141,96209,35.00,-8.40,-4.48
206857,651,14680063,187,96242,35.00,-8.48,-4.50
206879,2987,14680063,205,96210,35.00,-8.52,-4.50
206901,4095,14680063,219,96092,35.00,-8.42,-4.55
206923,1613,14680063,167,95895,35.00,-8.33,-4.57
206945,531,14680063,149,95676,35.00,-8.35,-4.65
206987,4095,14680063,186,94844,35.00,-8.35,-4.62
207735,2153,14680063,159,94569,36.58,-8.36,-4.66
207769,0,2097151,183,90663,35.00,-8.54,-4.60
207791,0,14680063,159,90418,35.00,-8.44,-4.66
207813,2085,14680063,219,90283,35.00,-8.45,-4.59
207835,3171,14680063,217,90250,35.00,-8.43,-4.59
207857,2009,14680063,180,90255,35.00,-8.45,-4.59
207879,3164,14680063,201,90299,35.00,-8.44,-4.56
207901,4095,14680063,209,90412,35.00,-8.39,-4.57
207923,1293,14680063,115,90540,35.00,-8.42,-4.60
207945,4095,14680063,217,90714,35.00,-8.41,-4.57
207967,4095,14680063,187,90882,35.00,-8.40,-4.60
207989,4095,14680063,189,91049,35.00,-8.38,-4.58
208030,4095,14680063,205,91248,35.00,-8.44,-4.56
208052,4095,14680063,211,91220,35.00,-8.47,-4.56
208074,4095,14680063,220,91211,35.00,-8.37,-4.65
208096,4095,14680063,219,91226,35.00,-8.45,-4.51
208118,4095,14680063,211,91239,35.00,-8.39,-4.59
208140,4095,14680063,201,91252,35.00,-8.42,-4.59
208162,4095,14680063,184,91262,35.00,-8.35,-4.56
208184,4095,14680063,182,91357,35.00,-8.33,-4.58
208206,4095,14680063,182,91526,35.00,-8.33,-4.64
208228,4095,14680063,183,91737,35.00,-8.30,-4.59
208271,4095,14680063,183,92497,35.00,-8.07,-4.69
208293,4095,14680063,201,92821,35.00,-8.12,-4.87
208315,4095,14680063,210,93117,35.00,-8.02,-4.81
208337,4095,14680063,202,93347,35.00,-7.97,-4.73
208359,0,14680063,141,93521,35.00,-8.10,-4.71
208381,0,14680063,133,93599,35.00,-8.70,-4.61
208403,0,14680063,107,93613,35.00,-8.82,-4.43
208425,0,14680063,101,93563,35.00,-8.70,-4.30
208447,2150,14680063,169,93460,35.00,-8.37,-4.10
208469,4095,14680063,181,93374,35.00,-8.38,-4.30
208511,4095,14680063,188,92978,35.00,-8.50,-4.54
208533,4095,14680063,199,92784,35.00,-8.59,-4.56
208555,4095,14680063,198,92541,35.00,-8.65,-4.64
208577,4095,14680063,185,92196,35.00,-8.60,-4.66
208599,1625,14680063,124,91819,35.00,-8.44,-4.50
208621,1861,14680063,147,91434,35.00,-8.43,-4.48
208643,239,14680063,124,91144,35.00,-8.47,-4.52
208665,29,14680063,133,90959,35.00,-8.46,-4.61
208687,0,14680063,135,90882,35.00,-8.59,-4.63
208709,0,14680063,149,90886,35.00,-8.62,-4.63
208731,0,14680063,167,90941,35.00,-8.70,-4.63
208772,0,14680063,169,91062,35.00,-8.31,-4.68
208794,0,14680063,168,91092,35.00,-8.28,-4.58
208816,0,14680063,167,91052,35.00,-8.15,-4.65
208838,551,14680063,153,90988,35.00,-8.14,-4.53
208860,651,14680063,150,90932,35.00,-8.30,-4.65
208882,4095,14680063,184,90877,35.00,-8.45,-4.69
208904,0,14680063,48,90844,35.00,-8.56,-4.67
208926,0,14680063,136,90808,35.00,-8.64,-4.58
208948,1635,14680063,168,90760,35.00,-8.38,-4.60
208970,0,14680063,163,90685,35.00,-8.44,-4.71
209514,0,14680063,176,90650,36.40,-8.30,-4.78
209554,61,2097151,151,89292,35.00,-8.33,-4.72
209576,1118,14680063,179,89342,35.00,-8.40,-4.66
209598,0,14680063,137,89373,35.00,-8.41,-4.61
209620,0,14680063,135,89401,35.00,-8.40,-4.51
209642,9,14680063,123,89428,35.00,-8.44,-4.65
209664,0,14680063,135,89466,35.00,-8.49,-4.61
209686,0,14680063,142,89530,35.00,-8.39,-4.71
209708,866,14680063,178,89597,35.00,-8.45,-4.70
209730,885,14680063,169,89691,35.00,-8.37,-4.64
