Timestamp,ECG,GSR,Gas,Pulse_IR,Temp_Max,Label
18429,1195,28592,105,100666,36.51,-7.27,-4.94
18458,2086,28592,164,102006,35.00,-7.26,-4.92
18480,1739,28592,167,102069,35.00,-7.26,-4.93
18502,1637,28592,153,102142,35.00,-7.22,-4.95
18524,1669,28592,139,102217,35.00,-7.24,-4.91
18546,1748,28592,135,102279,35.00,-7.24,-4.93
18568,1709,28592,133,102342,35.00,-7.27,-4.92
18590,1519,28592,126,102382,35.00,-7.25,-4.91
18612,1284,28592,137,102320,35.00,-7.24,-4.94
18634,1269,28592,149,102070,35.00,-7.26,-4.95
18656,1285,28592,155,101644,35.00,-7.25,-4.94
18698,1373,28592,163,100762,35.00,-7.28,-4.92
18720,1511,28080,160,100653,35.00,-7.25,-4.96
18742,1755,28592,151,100567,35.00,-7.26,-4.96
18764,1741,28592,139,100503,35.00,-7.29,-4.96
18786,1755,28592,121,100483,35.00,-7.23,-4.97
18808,1576,28592,120,100540,35.00,-7.25,-4.90
18830,1443,28592,115,100670,35.00,-7.24,-4.94
18852,1241,28592,119,100806,35.00,-7.26,-4.96
18874,1467,28592,150,100903,35.00,-7.26,-4.96
18896,1828,28592,174,100969,35.00,-7.26,-4.99
18938,2067,28592,179,101151,35.00,-7.26,-4.93
18960,1763,28592,165,101217,35.00,-7.22,-4.95
18982,1751,28592,149,101293,35.00,-7.28,-4.95
19705,1691,28592,125,101365,35.41,-7.21,-4.93
19740,1287,28592,119,101226,35.00,-7.23,-4.96
19762,1061,28592,139,101279,35.00,-7.24,-4.95
19784,1048,28592,115,101331,35.00,-7.25,-4.91
19806,952,28592,99,101379,35.00,-7.23,-4.94
19828,925,28592,87,101419,35.00,-7.23,-4.91
19850,731,28592,85,101462,35.00,-7.27,-4.96
19872,639,28592,91,101509,35.00,-7.24,-4.91
19894,1199,28592,125,101555,35.00,-7.26,-4.94
19916,1763,28592,153,101619,35.00,-7.23,-4.92
19938,1706,28080,164,101681,35.00,-7.22,-4.93
19981,1427,28592,157,101866,35.00,-7.24,-4.97
20725,1803,28592,155,101911,35.77,-7.29,-4.91
20762,1751,27312,147,102126,35.00,-7.25,-4.91
20784,1523,27312,159,101758,35.00,-7.23,-4.98
20806,1629,27312,149,101354,35.00,-7.27,-4.94
20828,1733,28080,138,101057,35.00,-7.22,-4.93
20850,1721,27312,127,100879,35.00,-7.24,-4.93
20872,1711,27312,123,100781,35.00,-7.28,-4.95
20894,1647,28080,124,100672,35.00,-7.26,-4.94
20916,1327,27312,124,100616,35.00,-7.24,-4.95
20938,1261,27312,141,100606,35.00,-7.25,-4.93
20960,1574,27312,165,100682,35.00,-7.24,-4.96
20982,1645,27312,165,100801,35.00,-7.24,-4.95
21023,1765,28080,159,101177,35.00,-7.29,-4.93
21045,1811,28080,159,101239,35.00,-7.24,-4.94
21067,1949,27312,150,101297,35.00,-7.28,-4.96
21089,2151,28080,148,101365,35.00,-7.25,-4.95
21111,2169,28080,136,101432,35.00,-7.25,-4.93
21133,2029,28080,133,101507,35.00,-7.26,-4.96
21155,1956,28080,141,101598,35.00,-7.28,-4.95
21177,1949,28080,153,101678,35.00,-7.28,-4.95
21199,1935,28080,168,101767,35.00,-7.22,-4.94
21221,1944,27312,171,101844,35.00,-7.23,-4.98
21264,1951,28080,183,102063,35.00,-7.22,-4.98
21286,2143,28080,172,102126,35.00,-7.26,-4.96
21308,2265,28080,163,102189,35.00,-7.23,-4.92
21330,2235,28080,150,102240,35.00,-7.23,-4.93
21352,2165,28080,151,102300,35.00,-7.24,-4.91
21374,1997,28080,141,102367,35.00,-7.24,-4.93
21396,2008,28080,151,102451,35.00,-7.26,-4.94
21418,1956,28080,157,102510,35.00,-7.25,-4.93
21440,1845,28080,179,102577,35.00,-7.26,-4.96
21462,1699,28080,179,102614,35.00,-7.26,-4.91
21504,1780,28080,179,102023,35.00,-7.24,-4.93
21526,1891,28080,171,101570,35.00,-7.26,-4.96
21548,1853,28080,163,101242,35.00,-7.25,-4.93
21570,1864,28080,144,101042,35.00,-7.23,-4.96
21592,1875,28080,142,100895,35.00,-7.22,-4.96
21614,1735,28080,123,100785,35.00,-7.25,-4.93
21636,1576,28080,127,100723,35.00,-7.25,-4.99
21658,1365,28080,137,100697,35.00,-7.27,-4.88
21680,1131,28080,137,100726,35.00,-7.22,-4.93
21702,814,27312,133,100827,35.00,-7.24,-4.99
21724,752,28080,137,100964,35.00,-7.21,-4.95
21765,1193,28080,159,101177,35.00,-7.24,-4.88
21787,2601,28080,214,101240,35.00,-7.23,-4.95
21809,2393,28080,160,101311,35.00,-7.24,-4.92
21831,1962,28080,135,101363,35.00,-7.23,-4.93
21853,1819,28080,126,101433,35.00,-7.21,-4.94
21875,1489,28080,103,101513,35.00,-7.24,-4.94
21897,1145,28080,117,101587,35.00,-7.23,-4.93
21919,1203,28080,135,101657,35.00,-7.25,-4.94
21941,1432,28080,169,101722,35.00,-7.21,-4.94
21963,2021,28080,207,101796,35.00,-7.28,-4.96
22510,1983,28080,174,102014,35.40,-7.24,-4.94
22547,1967,28080,149,101296,35.00,-7.25,-4.96
22569,1837,27312,166,101372,35.00,-7.24,-4.92
22591,1784,28080,151,101447,35.00,-7.20,-4.95
22613,1533,28080,125,101521,35.00,-7.22,-4.95
22635,1357,28080,121,101602,35.00,-7.25,-4.91
22657,1623,28080,135,101682,35.00,-7.21,-4.91
22679,1706,27312,160,101743,35.00,-7.27,-4.96
22701,1947,27312,187,101816,35.00,-7.24,-4.94
22723,2324,27312,197,101890,35.00,-7.23,-4.96
22745,987,27312,164,101948,35.00,-7.24,-4.92
22787,1265,27312,151,102131,35.00,-7.23,-4.94
22809,1557,27312,137,102195,35.00,-7.23,-4.95
22831,871,27312,104,102262,35.00,-7.26,-4.98
22853,554,27312,91,102333,35.00,-7.24,-4.96
22875,597,27312,93,102388,35.00,-7.26,-4.93
22897,1254,27312,117,102429,35.00,-7.27,-4.90
22919,1993,27312,157,102440,35.00,-7.22,-4.94
22941,2163,27312,181,102309,35.00,-7.27,-4.96
22963,2382,27312,205,101967,35.00,-7.25,-4.95
22985,2229,27312,203,101543,35.00,-7.23,-4.95
23530,2173,27312,187,101192,35.76,-7.23,-4.93
23569,1845,26800,157,102195,35.00,-7.24,-4.94
23591,1787,26800,164,102270,35.00,-7.25,-4.98
23613,2056,26800,159,102334,35.00,-7.21,-4.90
23635,2297,26800,164,102367,35.00,-7.21,-4.96
23657,2150,26800,149,102263,35.00,-7.24,-4.95
23679,1786,26800,140,101919,35.00,-7.26,-4.93
23701,1433,26800,139,101488,35.00,-7.24,-4.96
23723,1229,26416,136,101106,35.00,-7.25,-4.95
23745,1197,26416,159,100862,35.00,-7.24,-4.93
23767,1463,26416,172,100723,35.00,-7.26,-4.94
23789,1767,26416,181,100648,35.00,-7.27,-4.96
23830,1675,26416,152,100550,35.00,-7.24,-4.92
23852,1277,26416,136,100659,35.00,-7.26,-4.96
23874,1045,26416,116,100814,35.00,-7.27,-4.94
23896,1630,26416,125,100922,35.00,-7.28,-4.94
23918,1843,26416,133,101002,35.00,-7.24,-4.93
23940,1611,26416,135,101046,35.00,-7.25,-4.91
23962,1699,26416,137,101096,35.00,-7.25,-4.93
23984,1581,26416,147,101172,35.00,-7.26,-4.94
24551,1589,26416,157,101241,35.30,-7.24,-4.95
24592,1904,25136,157,100863,35.00,-7.26,-4.94
24614,1461,25136,127,100995,35.00,-7.24,-4.91
24636,1443,25136,111,101086,35.00,-7.21,-4.91
24658,1641,25136,123,101130,35.00,-7.20,-4.90
24680,2027,25136,151,101207,35.00,-7.26,-4.98
24702,2318,25136,179,101271,35.00,-7.20,-4.98
24724,1959,25136,150,101347,35.00,-7.25,-4.94
24746,1645,25136,159,101427,35.00,-7.22,-4.93
24768,1449,25136,153,101494,35.00,-7.29,-4.96
24790,1261,25136,139,101569,35.00,-7.21,-4.93
24832,1139,25904,126,101824,35.00,-7.27,-4.93
24854,1593,25136,151,101880,35.00,-7.25,-4.92
24876,2199,25136,180,101948,35.00,-7.23,-4.98
24898,2671,25136,181,102006,35.00,-7.22,-4.95
24920,2075,25136,134,102073,35.00,-7.26,-4.92
24942,1837,25136,127,102119,35.00,-7.24,-4.93
24964,1639,25136,133,102181,35.00,-7.26,-4.95
24986,1043,25136,120,102249,35.00,-7.23,-4.92
25571,973,25136,135,102313,35.00,-7.24,-4.93
25602,1748,25136,188,101852,35.00,-7.25,-4.93
25624,2527,25136,171,101897,35.00,-7.22,-4.91
25646,1939,25904,153,101963,35.00,-7.27,-4.94
25668,1629,25136,157,102013,35.00,-7.26,-4.96
25690,1499,25904,157,102064,35.00,-7.24,-4.97
25712,1262,25136,141,102127,35.00,-7.24,-4.96
25754,1317,25904,137,102338,35.00,-7.27,-4.95
25776,2221,25904,189,102394,35.00,-7.25,-4.96
25798,2806,25904,197,102416,35.00,-7.25,-4.93
25820,2259,25904,151,102317,35.00,-7.28,-4.95
25842,1967,25136,142,101980,35.00,-7.25,-4.93
25864,1743,25904,132,101549,35.00,-7.25,-4.94
25886,1417,25904,136,101163,35.00,-7.26,-4.96
25908,1623,25136,163,100909,35.00,-7.27,-4.95
25930,1903,25136,197,100758,35.00,-7.23,-4.98
25952,2006,25136,179,100654,35.00,-7.24,-4.97
25974,1960,25136,172,100548,35.00,-7.25,-4.98
26592,1900,25136,157,100588,35.50,-7.24,-4.92
26623,2005,25136,187,100673,35.00,-7.26,-4.94
26645,2002,25136,138,100526,35.00,-7.29,-4.93
26667,1947,25136,157,100425,35.00,-7.25,-4.95
26689,1693,25136,163,100340,35.00,-7.22,-4.95
26711,1592,25136,173,100314,35.00,-7.24,-4.94
26733,1765,25136,181,100328,35.00,-7.25,-4.93
26755,1817,25136,173,100430,35.00,-7.25,-4.92
26797,1887,25136,163,100745,35.00,-7.24,-4.93
26819,1951,25136,166,100792,35.00,-7.23,-4.92
26841,1709,25136,139,100858,35.00,-7.24,-4.94
26863,1780,25136,140,100914,35.00,-7.28,-4.94
26885,1619,25136,127,100979,35.00,-7.27,-4.95
26907,1453,25136,137,101045,35.00,-7.24,-4.94
26929,1187,25136,137,101119,35.00,-7.28,-4.97
26951,1008,25136,151,101201,35.00,-7.28,-4.97
26973,1062,25136,157,101290,35.00,-7.27,-4.94
26995,1551,25136,183,101372,35.00,-7.25,-4.90
27038,1791,25136,163,101572,35.00,-7.21,-4.95
27060,1503,25136,133,101639,35.00,-7.20,-4.97
27082,1607,25136,121,101689,35.00,-7.25,-4.94
27104,1463,25136,102,101735,35.00,-7.26,-4.95
27126,1270,25904,102,101796,35.00,-7.27,-4.93
27148,1193,25904,126,101844,35.00,-7.22,-4.95
27170,1623,25136,168,101912,35.00,-7.22,-4.99
27192,2187,25136,191,101986,35.00,-7.23,-4.94
27214,2019,25136,173,102036,35.00,-7.23,-4.96
27236,1877,25136,167,102072,35.00,-7.27,-4.92
27278,1877,25136,151,101533,35.00,-7.26,-4.98
27300,1843,25136,135,101091,35.00,-7.27,-4.95
27322,1891,25136,123,100762,35.00,-7.31,-4.96
27344,2111,25136,143,100554,35.00,-7.24,-4.98
27366,2519,25136,171,100424,35.00,-7.23,-4.90
27388,2439,25136,163,100302,35.00,-7.25,-4.94
27410,2202,25136,171,100230,35.00,-7.26,-4.94
27432,2043,25136,176,100200,35.00,-7.25,-4.95
27454,1839,25136,174,100209,35.00,-7.29,-4.94
27476,1637,25136,157,100307,35.00,-7.26,-4.94
27519,1655,25136,154,100628,35.00,-7.28,-4.94
27541,2236,25136,174,100687,35.00,-7.27,-4.91
27563,2490,25136,179,100743,35.00,-7.26,-4.94
27585,1837,25136,127,100785,35.00,-7.24,-4.94
27607,1515,25136,123,100863,35.00,-7.25,-4.97
27629,1445,25136,133,100937,35.00,-7.24,-4.94
27651,1129,25904,122,101004,35.00,-7.22,-4.95
27673,869,25136,132,101081,35.00,-7.24,-4.92
27695,825,25136,141,101155,35.00,-7.24,-4.95
27717,1173,25136,154,101226,35.00,-7.26,-4.98
27759,1901,25136,167,101431,35.00,-7.25,-4.91
27781,1575,25904,117,101498,35.00,-7.27,-4.93
27803,1559,25136,107,101555,35.00,-7.23,-4.96
27825,1545,25904,101,101603,35.00,-7.22,-4.94
27847,1323,25136,91,101658,35.00,-7.26,-4.95
27869,1250,25904,105,101717,35.00,-7.19,-4.93
27891,1397,25904,134,101790,35.00,-7.25,-4.93
27913,1945,25136,179,101867,35.00,-7.26,-4.94
27935,2265,25136,173,101936,35.00,-7.23,-4.92
27957,1957,25136,155,101968,35.00,-7.27,-4.94
27979,1903,25904,147,101928,35.00,-7.24,-4.91
28020,1811,25904,122,100824,35.00,-7.23,-4.96
28042,1450,25136,106,100526,35.00,-7.24,-4.95
28064,1543,25136,111,100327,35.00,-7.22,-4.91
28086,1989,24624,139,100167,35.00,-7.27,-4.93
28108,2441,24624,167,100042,35.00,-7.27,-4.93
28130,2189,24624,150,99956,35.00,-7.26,-4.98
28152,1938,24624,151,99932,35.00,-7.28,-4.97
28174,1821,24624,159,99980,35.00,-7.26,-4.93
28196,1739,24624,151,100097,35.00,-7.24,-4.90
28218,1503,24624,147,100259,35.00,-7.25,-4.94
28261,1641,24624,135,100548,35.00,-7.25,-4.98
28283,2538,24624,166,100627,35.00,-7.27,-4.95
28305,2585,25136,149,100705,35.00,-7.27,-4.94
28327,2197,25136,134,100773,35.00,-7.28,-4.93
28349,2053,25136,141,100850,35.00,-7.24,-4.94
28371,1853,25136,134,100933,35.00,-7.27,-4.94
28393,1516,25136,143,101015,35.00,-7.23,-4.96
28415,1573,25136,155,101109,35.00,-7.24,-4.95
28437,1925,25136,179,101175,35.00,-7.26,-4.92
28459,2479,25136,203,101241,35.00,-7.25,-4.94
28501,2745,25136,187,101459,35.00,-7.24,-4.92
28523,2283,25136,154,101507,35.00,-7.25,-4.94
28545,2220,25136,141,101570,35.00,-7.26,-4.93
28567,1855,25136,122,101624,35.00,-7.22,-4.92
28589,1877,25136,135,101701,35.00,-7.24,-4.96
28611,1835,25136,157,101753,35.00,-7.24,-4.91
28633,2106,25136,188,101836,35.00,-7.23,-4.95
28655,2213,25136,191,101902,35.00,-7.30,-4.93
28677,2002,25136,187,101944,35.00,-7.28,-4.93
28699,1935,25136,181,101943,35.00,-7.26,-4.91
28742,1898,25136,157,100936,35.00,-7.24,-4.90
28764,1763,25136,141,100612,35.00,-7.25,-4.93
28786,1815,25136,143,100427,35.00,-7.30,-4.96
28808,2042,25136,166,100278,35.00,-7.24,-4.92
28830,1827,25136,145,100167,35.00,-7.24,-4.95
28852,1496,25136,149,100080,35.00,-7.25,-4.96
28874,1379,25136,159,100050,35.00,-7.29,-4.93
28896,1158,25136,149,100062,35.00,-7.28,-4.98
28918,1031,25136,153,100155,35.00,-7.27,-4.92
28940,1180,25136,154,100278,35.00,-7.20,-4.97
28982,1335,25136,149,100501,35.00,-7.25,-4.95
29396,1521,25136,123,100535,35.47,-7.23,-4.96
29424,2615,25904,211,101672,35.00,-7.28,-4.96
29446,2407,25904,155,101415,35.00,-7.21,-4.97
29468,2283,25904,155,100987,35.00,-7.25,-4.95
29490,1819,25904,149,100579,35.00,-7.27,-4.94
29512,1587,25904,155,100311,35.00,-7.27,-4.94
29534,1527,25904,169,100149,35.00,-7.22,-4.96
29556,1631,25136,184,100044,35.00,-7.24,-4.97
29578,1971,25904,201,99975,35.00,-7.26,-4.96
29600,2136,25904,197,99909,35.00,-7.27,-4.92
29622,2098,25904,179,99897,35.00,-7.26,-4.94
29664,1801,25904,153,100214,35.00,-7.24,-4.96
29686,1275,25904,139,100319,35.00,-7.24,-4.95
29708,2317,25904,158,100381,35.00,-7.23,-4.92
29730,2009,25904,151,100434,35.00,-7.26,-4.93
29752,1746,25904,149,100499,35.00,-7.27,-4.95
29774,1579,25904,152,100565,35.00,-7.26,-4.95
29796,1801,25904,169,100637,35.00,-7.22,-5.00
29818,1031,25904,159,100692,35.00,-7.21,-4.98
29840,1151,26416,157,100775,35.00,-7.25,-4.99
29862,1510,25904,155,100858,35.00,-7.26,-4.99
29905,395,26416,109,101097,35.00,-7.24,-4.92
29927,347,26416,85,101165,35.00,-7.27,-4.93
29949,628,26416,91,101241,35.00,-7.18,-4.96
29971,1203,26416,107,101288,35.00,-7.25,-4.99
29993,1478,26416,121,101343,35.00,-7.28,-4.94
30417,1783,26416,149,101388,35.06,-7.26,-4.96
30446,3876,25904,291,100623,35.00,-7.25,-4.97
30468,1849,25904,201,100712,35.00,-7.23,-4.94
30490,1310,26416,168,100782,35.00,-7.23,-4.93
30512,1422,25904,165,100861,35.00,-7.21,-4.94
30534,2009,25904,183,100937,35.00,-7.27,-4.97
30556,1997,25904,186,101011,35.00,-7.22,-4.95
30578,1979,25904,215,101098,35.00,-7.26,-4.92
30600,1769,25904,219,101174,35.00,-7.23,-4.94
30622,1911,25904,221,101256,35.00,-7.24,-4.96
30644,1813,25904,200,101328,35.00,-7.25,-4.96
30687,1749,25904,185,101539,35.00,-7.25,-4.94
30709,1181,25904,149,101597,35.00,-7.24,-4.95
30731,1031,25904,149,101658,35.00,-7.25,-4.94
30753,949,25904,141,101725,35.00,-7.24,-4.94
30775,627,25904,147,101804,35.00,-7.25,-4.96
30797,581,25904,151,101876,35.00,-7.29,-4.93
30819,633,25904,167,101945,35.00,-7.25,-4.96
30841,679,25904,167,102011,35.00,-7.25,-4.92
30863,751,25904,165,102062,35.00,-7.28,-4.96
30885,661,25904,149,102050,35.00,-7.26,-4.95
30927,759,25904,134,101077,35.00,-7.30,-4.92
30949,1095,25904,119,100750,35.00,-7.22,-4.96
30971,1015,25904,117,100569,35.00,-7.26,-4.99
30993,1061,25904,111,100461,35.00,-7.25,-4.91
31437,1096,25904,123,100371,35.64,-7.26,-4.90
31469,2011,26416,164,101827,35.00,-7.24,-4.94
31491,2287,25904,141,101887,35.00,-7.25,-4.95
31513,2143,26416,137,101970,35.00,-7.29,-4.93
31535,2013,26416,137,102043,35.00,-7.26,-4.93
31557,1682,26416,121,102114,35.00,-7.28,-4.98
31579,1135,26416,117,102168,35.00,-7.22,-4.93
31601,986,26416,111,102201,35.00,-7.22,-4.97
31623,795,26416,109,102143,35.00,-7.22,-4.94
31645,1085,26416,105,101845,35.00,-7.21,-4.95
31667,1685,25904,110,101412,35.00,-7.28,-4.94
31709,1428,26416,95,100602,35.00,-7.24,-4.93
31731,1255,26416,77,100484,35.00,-7.24,-4.95
31753,1077,26416,71,100397,35.00,-7.27,-4.95
31775,1137,26416,82,100338,35.00,-7.22,-4.92
31797,1286,26416,105,100334,35.00,-7.25,-4.93
31819,1352,26416,120,100386,35.00,-7.25,-4.96
31841,1432,26416,133,100520,35.00,-7.26,-4.96
31863,1443,26416,145,100657,35.00,-7.26,-4.94
31885,1847,26416,149,100753,35.00,-7.24,-4.90
31907,2257,26416,146,100817,35.00,-7.25,-4.93
31929,2357,26416,127,100871,35.00,-7.26,-4.90
31970,2607,26416,127,101044,35.00,-7.24,-4.93
31992,2585,26416,126,101130,35.00,-7.22,-4.92
32713,2471,26416,133,101207,35.40,-7.23,-4.95
32752,1827,27312,147,101145,35.00,-7.27,-4.98
32774,2429,27312,184,101220,35.00,-7.25,-4.93
32796,2837,27312,205,101297,35.00,-7.28,-4.95
32818,2933,27312,243,101363,35.00,-7.26,-4.91
32840,3409,27312,281,101435,35.00,-7.24,-4.96
32862,3449,27312,294,101489,35.00,-7.27,-4.94
32884,2762,27312,251,101548,35.00,-7.23,-4.95
32906,2148,27312,219,101594,35.00,-7.22,-4.93
32928,1955,27312,202,101642,35.00,-7.25,-4.96
32950,2073,27312,215,101685,35.00,-7.24,-5.00
32992,1925,28080,150,101903,35.00,-7.27,-4.93
33733,603,28080,87,101958,35.24,-7.25,-4.93
33774,1951,28784,149,102133,35.00,-7.30,-4.92
33796,1870,28592,147,102025,35.00,-7.21,-4.92
33818,1637,28592,139,101706,35.00,-7.25,-4.91
33840,1361,28784,139,101271,35.00,-7.28,-4.94
33862,1233,28784,146,100899,35.00,-7.24,-4.95
33884,1336,28784,171,100671,35.00,-7.26,-4.91
33906,1432,28784,169,100535,35.00,-7.27,-4.95
33928,1517,28592,167,100452,35.00,-7.28,-4.97
33950,1384,28784,143,100390,35.00,-7.30,-4.93
33972,1187,28592,118,100352,35.00,-7.23,-4.92
33994,841,28784,91,100389,35.00,-7.26,-4.95
34035,738,28784,87,100713,35.00,-7.23,-4.95
34057,1097,28784,83,100819,35.00,-7.25,-4.94
34079,1273,28784,107,100883,35.00,-7.23,-4.94
34101,1427,28784,136,100942,35.00,-7.27,-4.95
34123,1337,28784,137,101010,35.00,-7.26,-4.91
34145,1205,28784,147,101067,35.00,-7.25,-4.97
34167,1403,28784,161,101140,35.00,-7.27,-4.94
34189,1883,28784,191,101206,35.00,-7.25,-4.95
34211,2727,28784,231,101282,35.00,-7.22,-4.95
34233,3847,28784,286,101365,35.00,-7.21,-4.91
34275,3867,28784,265,101607,35.00,-7.26,-4.95
34297,1879,28784,109,101679,35.00,-7.24,-4.96
34319,1330,28784,98,101744,35.00,-7.25,-4.98
34341,797,28784,92,101815,35.00,-7.24,-4.93
34363,788,28784,103,101865,35.00,-7.26,-4.95
34385,933,28784,125,101933,35.00,-7.25,-4.96
34407,1189,28784,153,102002,35.00,-7.23,-4.94
34429,1353,28784,149,102081,35.00,-7.30,-4.95
34451,1197,28784,136,102142,35.00,-7.27,-4.94
34473,1531,28784,152,102223,35.00,-7.26,-4.97
34495,2375,28784,179,102280,35.00,-7.24,-4.91
34536,2461,28784,167,101966,35.00,-7.26,-4.93
34558,1741,28784,108,101532,35.00,-7.26,-4.94
34580,1689,28784,110,101130,35.00,-7.24,-4.95
34602,1461,28784,110,100850,35.00,-7.25,-4.89
34624,1621,28784,142,100692,35.00,-7.27,-4.95
34646,1752,28784,165,100574,35.00,-7.25,-4.96
34668,2205,28784,184,100499,35.00,-7.21,-4.95
34690,2281,28784,192,100442,35.00,-7.25,-4.96
34712,2506,28784,197,100441,35.00,-7.27,-4.96
34734,2475,28784,182,100495,35.00,-7.28,-4.96
34777,2493,28784,165,100860,35.00,-7.23,-4.96
34799,2439,28784,141,100940,35.00,-7.25,-4.94
34821,1823,28784,127,101013,35.00,-7.24,-4.95
34843,1811,28784,136,101068,35.00,-7.24,-4.95
34865,1423,28784,147,101138,35.00,-7.27,-4.94
34887,1493,28784,155,101206,35.00,-7.25,-4.96
34909,1439,28784,167,101283,35.00,-7.27,-4.92
34931,1533,28784,155,101348,35.00,-7.24,-4.92
34953,1711,28784,153,101435,35.00,-7.24,-4.93
34975,1759,29296,138,101515,35.00,-7.24,-4.92
35518,1543,29296,119,101737,35.16,-7.24,-4.94
35559,2902,28784,183,100965,35.00,-7.24,-4.91
35581,2565,28784,179,101035,35.00,-7.24,-4.96
35603,2389,29296,183,101105,35.00,-7.24,-4.94
35625,2333,28784,203,101173,35.00,-7.28,-4.91
35647,2086,28784,215,101250,35.00,-7.27,-4.94
35669,1983,28784,218,101308,35.00,-7.30,-4.92
35691,2053,28784,219,101387,35.00,-7.27,-4.97
35713,2093,28784,210,101467,35.00,-7.25,-4.94
35735,2057,28784,192,101529,35.00,-7.25,-4.92
35757,2019,28784,181,101585,35.00,-7.25,-4.92
35799,1945,29296,173,101754,35.00,-7.24,-4.95
35821,1835,29296,160,101798,35.00,-7.24,-4.93
35843,1497,29296,167,101852,35.00,-7.25,-4.96
35865,1197,29296,166,101925,35.00,-7.27,-4.92
35887,1095,29296,175,101988,35.00,-7.25,-5.00
35909,979,29296,179,102055,35.00,-7.24,-4.95
35931,787,28784,173,102105,35.00,-7.24,-4.93
35953,632,29296,159,102158,35.00,-7.21,-4.90
35975,441,29296,136,102190,35.00,-7.25,-4.92
35997,346,28784,115,102147,35.00,-7.25,-4.96
36040,270,29296,101,101056,35.00,-7.20,-4.95
36062,30,28784,79,100787,35.00,-7.24,-4.93
36084,27,29296,89,100641,35.00,-7.26,-4.94
36106,0,29296,99,100536,35.00,-7.23,-4.97
36128,0,29296,111,100479,35.00,-7.25,-4.93
36150,242,29296,113,100419,35.00,-7.24,-5.00
36172,435,29296,118,100418,35.00,-7.22,-5.00
36194,665,29296,107,100471,35.00,-7.25,-4.93
36216,773,29296,92,100593,35.00,-7.23,-4.94
36238,1096,29296,89,100720,35.00,-7.26,-4.90
36280,1293,28784,85,100936,35.00,-7.23,-4.92
36302,1509,29296,87,100979,35.00,-7.26,-4.97
36324,1695,28784,105,101050,35.00,-7.29,-4.95
36346,1828,29296,118,101116,35.00,-7.26,-4.92
36368,1851,28784,139,101183,35.00,-7.24,-4.94
36390,2108,28784,153,101243,35.00,-7.22,-4.95
36412,2331,29296,157,101322,35.00,-7.24,-4.93
36434,2649,29296,159,101399,35.00,-7.22,-4.95
36456,2860,29296,157,101466,35.00,-7.25,-4.92
36478,2887,29296,157,101549,35.00,-7.26,-4.94
36500,2953,29296,153,101616,35.00,-7.25,-4.97
36541,3038,29296,153,101787,35.00,-7.26,-4.96
36563,2972,29296,151,101843,35.00,-7.23,-4.96
36585,3567,29296,183,101910,35.00,-7.23,-4.94
36607,3304,29296,189,101964,35.00,-7.21,-4.93
36629,2766,29296,201,102020,35.00,-7.25,-4.94
36651,2583,29296,203,102081,35.00,-7.24,-4.93
36673,2719,29296,206,102142,35.00,-7.25,-4.95
36695,2887,29296,205,102183,35.00,-7.19,-4.93
36717,2996,29296,202,102200,35.00,-7.23,-4.93
36739,2823,29296,181,102039,35.00,-7.27,-4.94
36781,2537,29296,168,100868,35.00,-7.26,-4.96
36803,2231,29296,154,100657,35.00,-7.21,-4.91
36825,2264,29296,171,100534,35.00,-7.26,-4.99
36847,1785,29296,169,100471,35.00,-7.25,-4.91
36869,1653,29296,180,100409,35.00,-7.26,-4.92
36891,1511,29296,181,100395,35.00,-7.23,-4.94
36913,1597,29296,182,100417,35.00,-7.27,-4.94
36935,1678,29296,181,100508,35.00,-7.27,-4.91
36957,1670,29296,163,100648,35.00,-7.24,-4.94
36979,1803,30064,153,100764,35.00,-7.27,-4.95
37558,1931,29296,147,100834,35.34,-7.26,-4.91
37589,1765,29296,139,100468,35.00,-7.24,-4.96
37611,1453,29296,151,100410,35.00,-7.25,-4.94
37633,1642,29296,154,100424,35.00,-7.24,-4.96
37655,1939,29296,168,100473,35.00,-7.27,-4.91
37677,2015,29296,157,100608,35.00,-7.26,-4.95
37699,2121,30064,151,100746,35.00,-7.21,-4.95
37721,2475,30064,143,100845,35.00,-7.14,-4.90
37743,2121,30064,137,100918,35.00,-7.20,-4.84
37784,1979,30064,127,101071,35.00,-7.24,-4.94
37806,2351,30064,143,101138,35.00,-7.22,-4.96
37828,2227,30064,155,101211,35.00,-7.23,-4.94
37850,2079,30064,168,101284,35.00,-7.26,-4.90
37872,2156,30064,184,101370,35.00,-7.27,-4.91
37894,2267,30064,189,101441,35.00,-7.24,-4.94
37916,2396,30064,189,101535,35.00,-7.22,-4.90
37938,2535,30064,188,101603,35.00,-7.26,-4.96
37960,2675,30064,199,101679,35.00,-7.22,-4.95
37982,2807,30064,181,101754,35.00,-7.22,-4.91
38025,2937,30064,189,101904,35.00,-7.24,-4.96
38047,2943,30064,205,101950,35.00,-7.23,-4.95
38069,2943,30064,231,102010,35.00,-7.26,-4.94
38091,2231,30064,189,102062,35.00,-7.26,-4.92
38113,1867,30064,183,102129,35.00,-7.24,-4.91
38135,1871,30064,189,102190,35.00,-7.23,-4.94
38157,1843,30064,187,102247,35.00,-7.24,-4.94
38179,1749,30064,167,102271,35.00,-7.29,-4.99
38201,1677,30064,155,102185,35.00,-7.24,-4.93
38223,1767,30064,149,101879,35.00,-7.27,-4.93
38265,1743,30064,143,100731,35.00,-7.24,-4.95
38287,1221,30064,121,100537,35.00,-7.25,-4.95
38309,1134,30064,141,100425,35.00,-7.25,-4.91
38331,1223,30064,163,100341,35.00,-7.28,-4.93
38353,1320,30064,181,100290,35.00,-7.28,-4.94
38375,1425,29296,183,100271,35.00,-7.26,-4.93
38397,1373,30064,168,100336,35.00,-7.26,-4.92
38419,1331,30064,151,100460,35.00,-7.25,-4.95
38441,1445,30064,136,100589,35.00,-7.27,-4.96
38463,1557,30064,124,100673,35.00,-7.24,-4.93
38485,1439,30064,121,100732,35.00,-7.22,-4.93
38526,1399,30064,123,100865,35.00,-7.25,-4.92
38548,1254,30064,109,100951,35.00,-7.24,-4.92
38570,1127,30064,127,101034,35.00,-7.26,-4.94
38592,1183,30064,143,101095,35.00,-7.24,-4.93
38614,1177,30064,151,101168,35.00,-7.24,-4.96
38636,1187,30576,154,101232,35.00,-7.24,-4.94
38658,1375,30064,153,101302,35.00,-7.27,-4.94
38680,1431,30064,141,101358,35.00,-7.24,-4.90
38702,1693,30064,139,101420,35.00,-7.26,-4.96
38724,1623,30064,121,101472,35.00,-7.27,-4.94
38766,1606,30576,119,101650,35.00,-7.26,-4.96
38788,1640,30576,120,101693,35.00,-7.24,-4.92
38810,1641,30576,134,101760,35.00,-7.25,-4.94
38832,1555,30576,141,101826,35.00,-7.24,-4.92
38854,1611,30576,156,101896,35.00,-7.24,-4.96
38876,1749,30576,159,101956,35.00,-7.24,-4.91
38898,1891,30576,167,102006,35.00,-7.26,-4.95
38920,1948,30576,151,101987,35.00,-7.26,-4.96
38942,2029,30576,146,101784,35.00,-7.30,-4.94
38964,2003,30576,123,101385,35.00,-7.23,-4.94
38986,2159,30064,126,100959,35.00,-7.24,-4.95
39027,2023,30064,121,100347,35.00,-7.22,-4.94
39049,2174,30064,135,100243,35.00,-7.27,-4.97
39071,2073,30064,143,100159,35.00,-7.27,-4.92
39093,1908,30064,156,100127,35.00,-7.19,-4.94
39115,1913,30064,159,100137,35.00,-7.26,-4.92
39137,2047,30064,173,100226,35.00,-7.26,-5.00
39159,2207,30064,171,100368,35.00,-7.21,-4.91
39181,2202,30064,165,100482,35.00,-7.24,-4.93
39203,2216,30064,147,100547,35.00,-7.30,-4.95
39225,2063,30064,136,100584,35.00,-7.24,-4.94
39268,1875,30576,123,100724,35.00,-7.24,-4.97
39290,1672,30064,127,100804,35.00,-7.23,-4.96
39312,1593,30576,141,100894,35.00,-7.26,-4.94
39334,1609,30576,163,100955,35.00,-7.27,-4.93
39356,1609,30576,164,101040,35.00,-7.27,-4.91
39378,1694,30576,164,101109,35.00,-7.25,-4.95
39400,1909,30576,156,101192,35.00,-7.24,-4.95
39422,1957,30576,149,101270,35.00,-7.23,-4.94
39444,1769,30576,133,101353,35.00,-7.23,-4.94
39466,1726,30576,123,101424,35.00,-7.29,-4.92
39508,1715,30576,118,101616,35.00,-7.29,-4.94
39530,1789,30576,124,101663,35.00,-7.26,-4.91
39552,1507,30576,134,101733,35.00,-7.28,-4.94
39574,1353,30576,147,101806,35.00,-7.26,-4.93
39596,1467,30064,153,101888,35.00,-7.26,-4.93
39618,1644,30064,159,101934,35.00,-7.25,-4.96
39640,1982,30576,151,101982,35.00,-7.23,-4.91
39662,1929,30064,153,101906,35.00,-7.26,-4.94
39684,1767,30576,125,101607,35.00,-7.27,-4.96
39706,1769,30576,121,101156,35.00,-7.26,-4.95
39728,1899,30576,118,100752,35.00,-7.25,-4.97
39769,1997,30576,125,100179,35.00,-7.28,-4.95
39791,1742,30576,125,100090,35.00,-7.23,-4.94
39813,1707,30576,150,100027,35.00,-7.23,-4.94
39835,1879,30576,159,100004,35.00,-7.26,-4.90
39857,1903,30576,169,100057,35.00,-7.25,-4.97
39879,1864,30576,167,100170,35.00,-7.27,-4.94
39901,1935,30576,167,100318,35.00,-7.23,-4.96
39923,2123,30576,157,100415,35.00,-7.27,-4.92
39945,2199,30576,143,100494,35.00,-7.22,-4.95
39967,2235,30576,139,100534,35.00,-7.23,-4.96
40363,2126,30576,139,100743,35.13,-7.21,-4.93
40391,1547,30576,138,101848,35.00,-7.25,-4.93
40413,1293,30960,133,101664,35.00,-7.25,-4.92
40435,1269,30960,141,101255,35.00,-7.25,-5.01
40457,1225,30576,147,100841,35.00,-7.28,-4.95
40479,1075,30576,153,100516,35.00,-7.24,-4.95
40501,1229,30576,151,100323,35.00,-7.22,-4.93
40523,1330,30576,135,100221,35.00,-7.26,-4.92
40545,1533,30576,121,100149,35.00,-7.24,-4.94
40567,1503,30576,111,100086,35.00,-7.25,-4.94
40589,1245,30576,102,100086,35.00,-7.27,-4.92
40631,1193,30576,103,100414,35.00,-7.26,-4.96
40653,601,30064,105,100521,35.00,-7.26,-4.95
40675,1903,28784,137,100580,35.00,-7.24,-4.98
40697,1739,28784,157,100630,35.00,-7.28,-4.96
40719,1629,28784,155,100679,35.00,-7.28,-4.94
40741,1933,28784,159,100735,35.00,-7.27,-4.99
40763,2248,28784,157,100816,35.00,-7.25,-4.93
40785,2151,28784,151,100887,35.00,-7.30,-4.91
40807,2001,29296,125,100961,35.00,-7.26,-4.94
40829,2431,29296,126,101052,35.00,-7.24,-4.95
40872,1774,29296,114,101328,35.00,-7.25,-4.92
40894,1885,29296,139,101432,35.00,-7.24,-4.93
40916,1743,29296,147,101528,35.00,-7.30,-4.95
40938,1770,29296,163,101627,35.00,-7.24,-4.93
40960,1813,28784,167,101745,35.00,-7.24,-4.92
40982,1970,29296,166,101831,35.00,-7.26,-4.94
41383,2063,29296,155,101909,35.90,-7.23,-4.91
41413,1669,29296,125,101236,35.00,-7.20,-4.90
41435,1318,29296,117,101285,35.00,-7.21,-4.97
41457,1233,29296,133,101336,35.00,-7.29,-4.97
41479,1321,29296,140,101408,35.00,-7.24,-4.95
41501,1577,29296,144,101482,35.00,-7.27,-4.94
41523,1571,29296,139,101555,35.00,-7.27,-4.94
41545,1699,29296,137,101628,35.00,-7.23,-4.92
41567,1819,28784,121,101709,35.00,-7.25,-4.92
41589,1845,29296,115,101792,35.00,-7.24,-4.96
41611,1771,29296,109,101878,35.00,-7.25,-4.92
41654,1724,29296,111,102081,35.00,-7.22,-4.96
41676,1716,28784,119,102153,35.00,-7.25,-4.98
41698,1727,29296,146,102205,35.00,-7.24,-4.90
41720,1641,29296,149,102253,35.00,-7.24,-4.93
41742,1759,28784,153,102299,35.00,-7.30,-4.94
41764,1961,29296,153,102356,35.00,-7.24,-4.99
41786,2143,29296,143,102432,35.00,-7.23,-4.93
41808,2239,29296,139,102509,35.00,-7.24,-4.92
41830,2357,29296,137,102578,35.00,-7.24,-4.95
41852,2268,29296,136,102633,35.00,-7.25,-4.98
41894,2041,29296,133,102534,35.00,-7.24,-4.93
41916,2093,28784,149,102175,35.00,-7.22,-4.91
41938,2057,28784,163,101749,35.00,-7.23,-4.95
41960,2437,28784,181,101423,35.00,-7.22,-4.94
41982,1996,28784,179,101235,35.00,-7.27,-4.90
42403,2518,28784,181,101145,36.11,-7.23,-4.96
42435,1237,28784,159,102251,35.00,-7.23,-4.95
42457,1387,28784,135,102299,35.00,-7.21,-4.93
42479,871,28784,147,102332,35.00,-7.27,-4.95
42501,682,28784,141,102380,35.00,-7.25,-4.93
42523,1139,28784,153,102437,35.00,-7.28,-4.95
42545,1310,28784,156,102516,35.00,-7.25,-4.95
42567,1277,28784,145,102569,35.00,-7.27,-4.92
42589,1373,28784,141,102630,35.00,-7.28,-4.96
42611,1228,28784,125,102621,35.00,-7.23,-4.94
42633,1707,28784,135,102483,35.00,-7.25,-4.94
42655,1125,28592,109,102121,35.00,-7.24,-4.97
42696,1020,28592,117,101032,35.00,-7.25,-4.94
42718,1129,28080,118,100898,35.00,-7.23,-4.91
42740,879,28080,119,100833,35.00,-7.26,-4.98
42762,1070,28080,137,100815,35.00,-7.22,-4.94
42784,989,28080,133,100820,35.00,-7.25,-4.94
42806,1423,28080,134,100884,35.00,-7.29,-4.95
42828,1519,28080,126,101016,35.00,-7.24,-4.97
42850,1611,28080,115,101114,35.00,-7.25,-4.93
42872,1555,28080,106,101172,35.00,-7.28,-4.95
42894,1435,28080,103,101205,35.00,-7.27,-4.93
42916,1315,28080,107,101221,35.00,-7.28,-4.94
42957,1368,28080,116,101340,35.00,-7.25,-4.93
42979,2249,28080,141,101418,35.00,-7.26,-4.96
43423,1583,28080,153,101498,35.03,-7.24,-4.95
43458,1870,28592,170,100730,35.00,-7.25,-4.95
43480,1868,28592,143,100669,35.00,-7.28,-4.91
43502,1631,28592,163,100653,35.00,-7.25,-4.90
43524,1991,28080,167,100692,35.00,-7.27,-4.94
43546,2041,28080,179,100801,35.00,-7.25,-4.94
43568,2035,28080,157,100906,35.00,-7.24,-4.91
43590,1884,28080,139,101004,35.00,-7.24,-4.95
43612,1742,28080,115,101061,35.00,-7.26,-4.92
43634,1873,28592,121,101122,35.00,-7.26,-4.95
43656,1997,28592,119,101176,35.00,-7.24,-4.96
43699,1743,28592,133,101395,35.00,-7.29,-4.95
43721,1615,28592,139,101474,35.00,-7.25,-4.93
43743,1554,28592,156,101562,35.00,-7.27,-4.93
43765,1565,28592,165,101635,35.00,-7.28,-4.89
43787,1701,28592,168,101717,35.00,-7.27,-4.95
43809,1879,28080,152,101786,35.00,-7.29,-4.94
43831,2299,28080,151,101873,35.00,-7.27,-4.94
43853,3003,28080,159,101937,35.00,-7.24,-4.94
43875,1531,27312,115,101994,35.00,-7.23,-4.92
43897,1657,27312,119,102064,35.00,-7.28,-4.94
43939,1852,27312,137,102297,35.00,-7.24,-4.94
43961,1645,27312,143,102355,35.00,-7.25,-4.97
43983,1587,27312,155,102412,35.00,-7.26,-4.96
44699,1671,27312,160,102469,35.84,-7.24,-4.95
44741,1519,28080,115,102047,35.00,-7.25,-4.93
44763,1670,28080,135,101631,35.00,-7.23,-4.92
44785,1621,28080,147,101223,35.00,-7.27,-4.91
44807,1832,28080,152,100929,35.00,-7.24,-4.92
44829,2117,28080,155,100741,35.00,-7.29,-4.94
44851,2379,28080,152,100605,35.00,-7.25,-4.91
44873,2587,28080,158,100515,35.00,-7.24,-4.96
44895,2489,28080,137,100469,35.00,-7.24,-4.94
44917,2237,28592,125,100449,35.00,-7.22,-4.95
44939,2211,28080,122,100489,35.00,-7.24,-4.91
44982,1990,28592,135,100778,35.00,-7.24,-4.94
45719,1781,28080,140,100849,35.63,-7.26,-4.94
45744,1822,28592,117,100875,35.00,-7.24,-4.90
45766,1357,28592,143,100971,35.00,-7.25,-4.97
45788,1463,28592,155,101040,35.00,-7.22,-4.94
45810,1683,28592,165,101128,35.00,-7.24,-4.94
45832,2005,28592,159,101199,35.00,-7.27,-4.97
45854,1721,28592,127,101278,35.00,-7.26,-4.94
45876,1723,28592,117,101362,35.00,-7.22,-4.94
45898,1660,28592,109,101461,35.00,-7.21,-4.95
45920,1655,28784,109,101520,35.00,-7.21,-4.94
45942,1568,28592,107,101588,35.00,-7.23,-4.96
45984,1429,28592,115,101803,35.00,-7.26,-4.95
46740,1503,28784,135,101869,34.99,-7.23,-4.92
46766,1356,28784,115,102083,35.00,-7.25,-4.91
46788,1044,28784,145,102122,35.00,-7.25,-4.94
46810,1041,28592,151,102100,35.00,-7.24,-4.93
46832,1195,28784,159,101876,35.00,-7.24,-4.96
46854,1363,28784,152,101481,35.00,-7.25,-4.96
46876,1382,28784,135,101068,35.00,-7.24,-4.92
46898,1397,28784,115,100752,35.00,-7.21,-4.96
46920,1358,28784,105,100557,35.00,-7.24,-4.91
46942,1385,28784,109,100424,35.00,-7.26,-4.97
46964,1354,28784,115,100307,35.00,-7.26,-4.93
47506,1139,28784,118,100236,35.35,-7.25,-4.96
47548,2009,28784,167,101758,35.00,-7.24,-4.92
47570,2255,28784,204,101350,35.00,-7.24,-4.95
47592,2261,28784,211,100986,35.00,-7.27,-4.93
47614,2359,28784,219,100736,35.00,-7.25,-4.96
47636,2361,28784,215,100583,35.00,-7.24,-4.97
47658,2447,28784,212,100462,35.00,-7.24,-4.91
47680,2607,28784,201,100383,35.00,-7.28,-4.92
47702,2311,28784,171,100330,35.00,-7.27,-4.96
47724,1963,28784,155,100325,35.00,-7.24,-4.97
47746,1613,28784,153,100414,35.00,-7.22,-4.94
47788,1331,28784,154,100764,35.00,-7.26,-4.96
47810,1055,28784,157,100819,35.00,-7.26,-4.96
47832,1034,28784,154,100869,35.00,-7.27,-4.96
47854,1115,28784,168,100924,35.00,-7.24,-4.93
47876,1336,28784,159,100983,35.00,-7.25,-4.96
47898,1477,28784,157,101062,35.00,-7.24,-4.98
47920,1407,28784,138,101121,35.00,-7.26,-4.92
47942,1383,28784,123,101188,35.00,-7.24,-4.94
47964,1204,28784,108,101247,35.00,-7.28,-4.95
47986,1051,28784,117,101323,35.00,-7.26,-4.92
48525,919,28784,119,101399,35.99,-7.26,-4.94
48555,2265,28784,154,100794,35.00,-7.25,-4.93
48577,2152,28784,184,100843,35.00,-7.25,-4.92
48599,2299,28784,178,100923,35.00,-7.25,-4.92
48621,2367,29296,171,100987,35.00,-7.26,-4.98
48643,2409,28784,159,101059,35.00,-7.28,-4.93
48665,2163,28784,151,101135,35.00,-7.24,-4.96
48687,1911,28784,147,101199,35.00,-7.26,-4.95
48709,1690,28784,150,101271,35.00,-7.24,-4.98
48751,1527,29296,159,101482,35.00,-7.26,-4.91
48773,1311,28784,164,101548,35.00,-7.23,-4.95
48795,1433,28784,173,101608,35.00,-7.27,-4.91
48817,1709,28784,189,101665,35.00,-7.27,-4.94
48839,2203,28784,199,101712,35.00,-7.28,-4.94
48861,2285,28784,199,101766,35.00,-7.25,-4.94
48883,2364,28784,189,101843,35.00,-7.27,-4.98
48905,2956,28784,211,101918,35.00,-7.26,-4.95
48927,2879,28784,201,101992,35.00,-7.24,-4.92
48949,2159,28784,166,102057,35.00,-7.24,-4.94
48991,1338,28784,149,101816,35.00,-7.26,-4.95
49546,1119,28784,159,101401,34.86,-7.19,-4.95
49576,842,28784,86,101970,35.00,-7.24,-4.89
49598,890,28784,139,102048,35.00,-7.25,-4.91
49620,1439,28784,146,102138,35.00,-7.28,-4.95
49642,1768,28784,145,102216,35.00,-7.27,-4.93
49664,1885,28784,121,102293,35.00,-7.27,-4.96
49686,1531,28784,107,102334,35.00,-7.25,-4.94
49708,1673,28784,114,102306,35.00,-7.26,-4.96
49730,1660,28784,127,102067,35.00,-7.25,-4.96
49752,1786,28784,142,101650,35.00,-7.22,-4.95
49793,1822,28784,153,100741,35.00,-7.28,-4.94
49815,1625,28784,151,100619,35.00,-7.26,-4.92
49837,1608,28784,152,100521,35.00,-7.22,-4.94
49859,1651,28784,162,100448,35.00,-7.27,-4.92
49881,1695,28784,138,100436,35.00,-7.22,-4.97
49903,1737,28784,151,100511,35.00,-7.26,-4.94
49925,1877,28784,117,100629,35.00,-7.26,-4.95
49947,1848,28784,116,100758,35.00,-7.27,-4.93
49969,1755,28784,107,100859,35.00,-7.25,-4.91
49991,1661,28784,121,100922,35.00,-7.26,-4.97
50566,1619,28784,125,100978,35.11,-7.26,-4.95
50597,2226,28784,145,100393,35.00,-7.26,-4.94
50619,1733,28784,179,100350,35.00,-7.26,-4.93
50641,1887,28784,175,100376,35.00,-7.29,-4.94
50663,1945,28784,165,100460,35.00,-7.23,-4.95
50685,1979,29296,153,100549,35.00,-7.24,-4.92
50707,2003,29296,146,100598,35.00,-7.26,-4.92
50729,1952,28784,140,100603,35.00,-7.21,-4.95
50751,1925,29296,137,100588,35.00,-7.24,-4.93
50773,1865,28784,147,100570,35.00,-7.21,-4.93
50795,1833,28784,164,100549,35.00,-7.26,-4.95
50836,1479,28784,167,100470,35.00,-7.24,-4.98
50858,1705,28784,179,100484,35.00,-7.24,-4.92
50880,1613,28784,179,100502,35.00,-7.26,-4.92
50902,1714,28784,175,100534,35.00,-7.28,-4.97
50924,1855,28592,165,100585,35.00,-7.23,-4.96
50946,1869,28592,152,100624,35.00,-7.24,-4.94
50968,1758,28592,139,100713,35.00,-7.29,-4.96
50990,1621,28592,133,100797,35.00,-7.24,-4.94
51587,1677,28592,143,100903,35.97,-7.24,-4.94
51618,821,28592,149,100585,35.00,-7.19,-4.88
51640,3725,28592,221,100589,35.00,-7.36,-5.04
51662,3737,28592,235,100607,35.00,-6.85,-4.90
51684,3743,28592,239,100626,35.00,-7.32,-4.96
51706,2763,28592,223,100664,35.00,-7.18,-5.00
51728,3783,28592,219,100695,35.00,-7.22,-4.96
51750,3773,28592,210,100747,35.00,-7.28,-4.95
51772,3763,28592,199,100796,35.00,-7.20,-4.97
51794,2661,28592,169,100865,35.00,-7.22,-5.07
51816,2920,28592,189,100931,35.00,-7.28,-4.96
51858,2810,28592,204,101196,35.00,-7.20,-5.00
51880,1877,28080,189,101264,35.00,-7.21,-4.97
51902,1339,28592,185,101313,35.00,-7.26,-4.95
51924,1260,28592,183,101327,35.00,-7.27,-4.97
51946,2595,28080,205,101175,35.00,-7.21,-4.97
51968,2471,28080,186,100810,35.00,-7.22,-4.98
51990,2267,28080,165,100330,35.00,-7.22,-4.97
52353,1447,28080,141,99931,36.54,-7.25,-4.94
52381,2057,28080,133,100757,35.00,-7.22,-4.96
52403,1195,28080,151,100897,35.00,-7.19,-4.99
52425,1925,28592,165,101026,35.00,-7.22,-4.99
52447,1972,28592,155,101170,35.00,-7.22,-4.98
52469,1987,28592,155,101304,35.00,-7.19,-5.04
52491,2655,28592,156,101411,35.00,-7.22,-4.97
52513,2377,28592,155,101517,35.00,-7.23,-5.00
52535,2695,28592,171,101596,35.00,-7.21,-4.99
52557,1880,28592,157,101661,35.00,-7.21,-4.97
52579,2133,28592,173,101718,35.00,-7.24,-4.95
52620,2223,28592,191,101879,35.00,-7.20,-4.97
52642,2164,28592,201,101902,35.00,-7.22,-4.97
52664,2245,28592,212,101926,35.00,-7.22,-4.98
52686,2281,28592,207,101795,35.00,-7.22,-5.01
52708,2675,28080,199,101454,35.00,-7.24,-5.00
52730,2378,28592,181,101055,35.00,-7.24,-4.94
52752,2375,28592,167,100728,35.00,-7.25,-4.99
52774,2001,28592,155,100543,35.00,-7.24,-4.98
52796,2205,28592,165,100397,35.00,-7.21,-4.99
52818,1598,28592,159,100281,35.00,-7.24,-4.98
52840,1461,28592,171,100187,35.00,-7.23,-4.97
52881,1545,28592,187,100168,35.00,-7.22,-4.98
52903,1725,28592,200,100271,35.00,-7.22,-4.96
52925,1545,28592,184,100337,35.00,-7.21,-4.99
52947,1525,28592,181,100360,35.00,-7.22,-4.99
52969,1311,28592,166,100380,35.00,-7.25,-4.97
52991,1581,28592,154,100388,35.00,-7.23,-5.02
53374,1592,28784,146,100437,34.78,-7.21,-4.98
53402,967,28592,90,101756,35.00,-7.21,-4.97
53424,1489,28592,135,101602,35.00,-7.24,-5.01
53446,1498,28592,149,101232,35.00,-7.21,-4.99
53468,1933,28592,142,100811,35.00,-7.27,-4.94
53490,2129,28592,138,100465,35.00,-7.25,-4.97
53512,2860,28592,135,100238,35.00,-7.25,-4.98
53534,2825,28592,136,100116,35.00,-7.20,-4.98
53556,2227,28592,125,100023,35.00,-7.24,-5.02
53578,2441,28592,138,99966,35.00,-7.18,-5.00
53600,2717,28592,153,99960,35.00,-7.23,-4.98
53622,2645,28592,171,100003,35.00,-7.26,-4.97
53663,2309,28592,175,100331,35.00,-7.22,-4.98
53685,2936,28080,202,100451,35.00,-7.20,-5.00
53707,2991,28592,215,100534,35.00,-7.22,-4.96
53729,3119,28592,201,100590,35.00,-7.23,-4.96
53751,2877,28592,185,100659,35.00,-7.19,-4.95
53773,3341,28592,184,100728,35.00,-7.22,-5.00
53795,3144,28784,183,100815,35.00,-7.19,-4.99
53817,2693,28784,173,100893,35.00,-7.24,-4.98
53839,2297,28592,173,100968,35.00,-7.26,-4.96
53861,2119,28592,175,101060,35.00,-7.25,-4.98
53903,1928,28592,189,101291,35.00,-7.21,-5.00
53925,1738,28592,183,101365,35.00,-7.20,-4.97
53947,1643,28784,189,101441,35.00,-7.22,-4.97
53969,1869,28784,185,101521,35.00,-7.24,-4.95
53991,1655,28592,167,101578,35.00,-7.23,-4.95
54395,1421,28784,149,101645,35.80,-7.22,-4.97
54425,2100,28592,133,100921,35.00,-7.22,-5.01
54447,1865,28592,168,101027,35.00,-7.22,-4.97
54469,2059,28592,172,101101,35.00,-7.22,-4.98
54491,2523,28784,167,101183,35.00,-7.22,-4.97
54513,1977,28784,151,101263,35.00,-7.26,-4.98
54535,2405,28784,155,101351,35.00,-7.23,-4.99
54557,2261,28592,153,101453,35.00,-7.19,-4.99
54579,1939,28784,140,101544,35.00,-7.25,-5.01
54601,1519,28784,141,101634,35.00,-7.23,-4.98
54623,1629,28784,151,101722,35.00,-7.22,-4.95
54665,1655,28784,169,101988,35.00,-7.20,-4.99
54687,1717,28592,169,102057,35.00,-7.26,-4.96
54709,1635,28592,167,102133,35.00,-7.22,-4.99
54731,1706,28592,163,102213,35.00,-7.22,-4.98
54753,1813,28592,147,102289,35.00,-7.25,-4.97
54775,1907,28592,135,102346,35.00,-7.25,-5.01
54797,1887,28784,137,102422,35.00,-7.22,-4.94
54819,1791,28784,133,102496,35.00,-7.28,-4.95
54841,1935,28784,143,102570,35.00,-7.26,-4.97
54863,1523,28784,147,102647,35.00,-7.24,-4.97
54906,1311,28784,153,102801,35.00,-7.21,-5.00
54928,1887,28784,181,102648,35.00,-7.25,-4.96
54950,1965,28784,181,102314,35.00,-7.24,-4.95
54972,2129,28784,173,101906,35.00,-7.24,-4.95
54994,2076,28784,165,101583,35.00,-7.25,-4.99
55416,2587,28784,159,101364,35.71,-7.23,-5.01
55447,1379,28592,115,102479,35.00,-7.23,-4.99
55469,1177,28592,146,102562,35.00,-7.20,-4.97
55491,1315,28592,147,102639,35.00,-7.26,-4.97
55513,1213,28592,131,102707,35.00,-7.23,-4.98
55535,1425,28784,127,102767,35.00,-7.22,-4.96
55557,1362,28784,109,102831,35.00,-7.20,-4.95
55579,1673,28784,119,102906,35.00,-7.26,-4.97
55601,1845,28784,125,102983,35.00,-7.23,-5.01
55623,1973,28784,149,103055,35.00,-7.26,-5.00
55645,2121,28784,157,103115,35.00,-7.27,-5.01
55687,2195,28784,175,103015,35.00,-7.24,-4.96
55709,2430,28784,186,102661,35.00,-7.22,-5.00
55731,2680,28784,201,102291,35.00,-7.17,-4.96
55753,2405,28784,184,101987,35.00,-7.22,-5.01
55775,2811,28784,180,101800,35.00,-7.23,-5.01
55797,3091,28784,173,101666,35.00,-7.27,-5.00
55819,2343,28784,157,101549,35.00,-7.20,-4.96
55841,2138,28784,155,101481,35.00,-7.19,-4.95
55863,2602,28784,175,101448,35.00,-7.23,-5.04
55885,2769,28784,200,101472,35.00,-7.24,-5.01
55907,2456,28592,202,101570,35.00,-7.23,-4.94
55948,2339,28592,203,101817,35.00,-7.20,-5.00
55970,1577,28784,189,101832,35.00,-7.22,-4.98
55992,1509,28784,191,101874,35.00,-7.28,-4.98
56437,1215,28784,169,101926,36.88,-7.19,-4.98
56469,1509,28592,121,102456,35.00,-7.23,-4.96
56491,1187,28592,159,102113,35.00,-7.18,-5.00
56513,1353,28784,158,101881,35.00,-7.24,-5.00
56535,1624,28592,155,101731,35.00,-7.26,-4.96
56557,1811,28592,147,101618,35.00,-7.25,-4.95
56579,1875,28592,133,101555,35.00,-7.21,-4.95
56601,1949,28592,141,101518,35.00,-7.23,-4.97
56623,2039,28592,148,101552,35.00,-7.24,-4.99
56645,2005,28592,143,101655,35.00,-7.19,-4.95
56667,1935,28592,159,101779,35.00,-7.23,-4.96
56689,1599,28592,169,101899,35.00,-7.20,-4.95
56730,1773,28592,181,102055,35.00,-7.23,-4.99
56752,2015,28592,183,102118,35.00,-7.23,-5.03
56774,1942,28592,197,102180,35.00,-7.24,-4.96
56796,2013,28592,167,102250,35.00,-7.24,-5.00
56818,2013,28592,155,102324,35.00,-7.21,-4.99
56840,2094,28592,149,102405,35.00,-7.23,-4.99
56862,2039,28592,149,102505,35.00,-7.20,-5.00
56884,1830,28592,141,102585,35.00,-7.27,-4.98
56906,1833,28592,157,102663,35.00,-7.22,-4.95
56928,1720,28592,154,102740,35.00,-7.24,-4.98
56971,1529,28784,171,102964,35.00,-7.23,-4.96
56993,1701,28592,171,103020,35.00,-7.28,-4.97
57714,1743,28592,173,103085,35.65,-7.24,-4.94
57752,1822,28592,183,102890,35.00,-7.22,-4.95
57774,1815,28592,181,102941,35.00,-7.22,-5.00
57796,1945,28784,179,103004,35.00,-7.25,-4.99
57818,1934,28784,169,103067,35.00,-7.21,-4.96
57840,1947,28592,155,103134,35.00,-7.22,-4.98
57862,1939,28784,141,103212,35.00,-7.25,-5.04
57884,1927,28784,137,103272,35.00,-7.27,-4.97
57906,1805,28784,137,103325,35.00,-7.31,-5.00
57928,1688,28784,151,103276,35.00,-7.23,-4.99
57950,1594,28784,157,103051,35.00,-7.24,-4.96
57972,1483,28592,169,102669,35.00,-7.21,-5.00
58735,1711,28592,173,101827,35.52,-7.24,-4.96
58775,1527,28592,163,101545,35.00,-7.21,-4.97
58797,1501,28784,163,101434,35.00,-7.24,-5.00
58819,1659,28784,159,101347,35.00,-7.22,-4.98
58841,1783,28784,143,101312,35.00,-7.25,-4.96
58863,1700,29296,126,101332,35.00,-7.22,-4.96
58885,1911,28784,135,101410,35.00,-7.22,-4.99
58907,1595,28784,124,101531,35.00,-7.26,-4.97
58929,1555,28784,125,101620,35.00,-7.24,-4.93
58951,1491,28784,139,101671,35.00,-7.25,-4.99
58973,1568,28784,149,101706,35.00,-7.24,-4.97
59757,1723,28784,165,101861,35.26,-7.23,-4.96
59797,1269,28784,175,101683,35.00,-7.21,-4.99
59819,1263,28784,172,101769,35.00,-7.25,-5.02
59841,1269,28784,155,101845,35.00,-7.22,-4.97
59863,1227,28784,146,101929,35.00,-7.24,-4.97
59885,1098,28784,123,102008,35.00,-7.25,-5.01
59907,1109,28784,117,102093,35.00,-7.28,-4.98
59929,1006,28784,125,102163,35.00,-7.28,-4.99
59951,757,29296,110,102230,35.00,-7.22,-4.97
59973,665,29296,120,102280,35.00,-7.22,-4.96
59995,588,29296,131,102332,35.00,-7.26,-4.97
60523,647,29296,133,102396,35.39,-7.20,-4.97
60559,2979,29296,188,101834,35.00,-7.21,-5.01
60581,2711,28784,215,101922,35.00,-7.25,-4.96
60603,2812,28784,211,101999,35.00,-7.22,-4.96
60625,2571,29296,197,102064,35.00,-7.26,-4.98
60647,2427,28784,174,102138,35.00,-7.22,-5.00
60669,2268,29296,171,102194,35.00,-7.19,-4.96
60691,2334,29296,169,102278,35.00,-7.23,-5.00
60713,2189,29296,173,102330,35.00,-7.22,-4.96
60735,1957,29296,176,102388,35.00,-7.26,-4.96
60757,1829,28784,188,102449,35.00,-7.21,-4.96
60779,1789,29296,197,102531,35.00,-7.23,-4.96
60820,1776,29296,187,102725,35.00,-7.24,-4.99
60842,1769,29296,185,102782,35.00,-7.20,-4.97
60864,1747,29296,175,102797,35.00,-7.20,-4.99
60886,1573,29296,155,102625,35.00,-7.21,-4.96
60908,1491,29296,147,102259,35.00,-7.20,-5.00
60930,1458,29296,136,101834,35.00,-7.23,-4.94
60952,1322,29296,137,101488,35.00,-7.19,-4.97
60974,1181,28784,140,101264,35.00,-7.24,-4.91
60996,1197,28784,153,101128,35.00,-7.19,-4.96
61544,1368,28784,167,101021,35.03,-7.20,-4.99
61582,955,28784,104,102748,35.00,-7.24,-4.97
61604,1321,29296,121,102722,35.00,-7.23,-4.96
61626,1671,29296,118,102508,35.00,-7.25,-4.99
61648,1966,29296,111,102090,35.00,-7.24,-4.96
61670,2073,29296,114,101690,35.00,-7.24,-4.96
61692,2212,29296,117,101360,35.00,-7.22,-5.00
61714,2408,29296,133,101177,35.00,-7.21,-4.99
61736,2542,29296,143,101034,35.00,-7.26,-4.99
61758,2703,29296,168,100944,35.00,-7.22,-4.97
61780,2844,29296,183,100885,35.00,-7.27,-4.97
61822,3103,29296,198,101039,35.00,-7.22,-4.97
61844,3241,29296,205,101164,35.00,-7.23,-4.99
61866,3231,29296,204,101266,35.00,-7.24,-5.00
61888,3167,29296,189,101324,35.00,-7.24,-4.96
61910,3239,29296,175,101381,35.00,-7.18,-4.94
61932,3037,29296,173,101425,35.00,-7.25,-4.96
61954,2759,29296,167,101486,35.00,-7.19,-5.01
61976,2536,29296,182,101543,35.00,-7.21,-5.00
61998,2356,29296,184,101623,35.00,-7.25,-4.96
62020,2323,29296,205,101689,35.00,-7.25,-4.97
62042,2234,29296,204,101771,35.00,-7.21,-4.95
62083,2119,29296,201,101981,35.00,-7.25,-4.98
62105,1779,29296,179,102072,35.00,-7.24,-4.96
62127,1605,29296,165,102133,35.00,-7.29,-5.00
62149,1443,29296,141,102199,35.00,-7.22,-4.97
62171,1327,29296,134,102260,35.00,-7.24,-4.95
62193,1207,29296,119,102300,35.00,-7.23,-4.97
62215,1107,29296,121,102369,35.00,-7.22,-4.93
62237,893,29296,126,102430,35.00,-7.22,-4.97
62259,891,29296,137,102489,35.00,-7.24,-4.99
62281,729,29296,141,102554,35.00,-7.24,-4.99
62323,827,29296,143,102675,35.00,-7.26,-5.00
62345,1259,29296,141,102611,35.00,-7.25,-4.97
62367,1362,29296,127,102344,35.00,-7.21,-4.96
62389,1319,29296,121,101911,35.00,-7.24,-5.00
62411,1416,29296,107,101507,35.00,-7.21,-5.01
62433,1495,29296,105,101207,35.00,-7.23,-4.99
62455,1611,28784,117,101006,35.00,-7.25,-4.95
62477,1581,29296,125,100872,35.00,-7.26,-5.01
62499,1735,28784,139,100784,35.00,-7.25,-5.01
62521,1847,29296,159,100719,35.00,-7.23,-4.98
62543,1957,29296,169,100705,35.00,-7.24,-4.96
62584,2291,29296,175,100998,35.00,-7.20,-4.94
62606,2341,29296,184,101073,35.00,-7.23,-4.95
62628,2445,29296,172,101120,35.00,-7.21,-4.97
62650,2505,29296,169,101165,35.00,-7.24,-4.96
62672,2524,29296,164,101224,35.00,-7.24,-4.99
62694,2532,29296,159,101281,35.00,-7.24,-4.96
62716,2521,29296,171,101344,35.00,-7.22,-4.97
62738,2495,29296,183,101412,35.00,-7.23,-4.97
62760,2415,29296,191,101479,35.00,-7.26,-4.98
62782,2079,29296,199,101543,35.00,-7.27,-5.04
62825,2107,29296,200,101737,35.00,-7.25,-4.99
62847,2303,29296,191,101812,35.00,-7.20,-4.97
62869,2231,29296,183,101895,35.00,-7.22,-5.00
62891,2151,29296,167,101940,35.00,-7.22,-4.99
62913,2107,29296,164,101999,35.00,-7.22,-5.00
62935,1965,29296,163,102043,35.00,-7.22,-4.95
62957,1851,29296,157,102098,35.00,-7.23,-4.96
62979,1548,29296,156,102156,35.00,-7.22,-5.00
63585,1207,29296,157,102215,35.78,-7.19,-5.02
63627,1129,28784,139,102022,35.00,-7.24,-4.99
63649,1029,28784,124,102107,35.00,-7.22,-4.96
63671,1133,29296,115,102194,35.00,-7.21,-4.98
63693,1300,29296,104,102277,35.00,-7.25,-4.96
63715,1305,29296,101,102375,35.00,-7.24,-5.01
63737,1343,29296,105,102458,35.00,-7.24,-4.97
63759,1318,29296,112,102527,35.00,-7.25,-5.00
63781,1448,29296,124,102598,35.00,-7.25,-4.95
63803,1639,29296,145,102630,35.00,-7.24,-4.96
63825,1759,29296,155,102515,35.00,-7.24,-5.00
63867,2006,29296,163,101430,35.00,-7.23,-5.02
63889,2409,28784,166,101200,35.00,-7.21,-4.99
63911,2611,29296,163,101077,35.00,-7.21,-4.96
63933,2841,29296,159,100991,35.00,-7.26,-4.95
63955,3003,29296,167,100944,35.00,-7.23,-4.99
63977,2867,29296,165,100929,35.00,-7.27,-5.02
63999,2839,29296,174,100988,35.00,-7.28,-4.98
64021,2718,29296,185,101115,35.00,-7.25,-4.98
64043,2549,29296,197,101294,35.00,-7.22,-4.99
64065,2421,28784,203,101506,35.00,-7.21,-4.96
64087,2461,29296,215,101743,35.00,-7.24,-5.00
64128,2515,29296,207,102722,35.00,-7.24,-4.96
64150,2264,28784,187,103208,35.00,-7.24,-4.99
64172,2215,28784,188,103584,35.00,-7.23,-4.97
64194,2069,29296,155,103888,35.00,-7.24,-4.96
64216,1938,29296,153,104137,35.00,-7.21,-4.99
64238,1739,29296,147,104354,35.00,-7.22,-4.98
64260,1541,29296,149,104515,35.00,-7.21,-4.97
64282,1315,29296,151,104664,35.00,-7.23,-4.99
64304,1099,29296,155,104827,35.00,-7.24,-4.94
64326,983,28784,155,105015,35.00,-7.27,-4.96
64368,975,29296,155,105543,35.00,-7.25,-5.01
64390,1101,29296,139,105746,35.00,-7.25,-4.99
64412,1078,29296,121,105989,35.00,-7.22,-4.96
64434,1080,28784,111,106245,35.00,-7.25,-4.95
64456,1078,28784,105,106556,35.00,-7.26,-5.00
64478,904,28784,99,106890,35.00,-7.23,-5.01
64500,968,29296,107,107154,35.00,-7.25,-5.00
64522,1079,29296,119,107390,35.00,-7.22,-5.00
64544,1077,29296,131,107543,35.00,-7.23,-4.98
64566,1241,29296,149,107370,35.00,-7.22,-5.02
64588,1337,29296,151,106769,35.00,-7.24,-4.98
64629,1469,29296,139,106128,35.00,-7.24,-4.97
64651,1885,29296,141,106351,35.00,-7.17,-4.97
64673,2024,29296,133,106612,35.00,-7.26,-4.97
64695,2133,29296,133,106889,35.00,-7.25,-4.99
64717,2664,29296,143,107252,35.00,-7.21,-5.01
64739,2318,29296,137,107648,35.00,-7.22,-4.96
64761,2324,29296,151,108080,35.00,-7.22,-4.95
64783,2249,28784,159,108492,35.00,-7.16,-5.00
64805,2355,28784,173,108780,35.00,-7.26,-4.96
64827,2331,28784,182,108998,35.00,-7.25,-4.97
64870,2577,28784,196,109368,35.00,-7.24,-4.98
64892,2728,28784,183,109472,35.00,-7.19,-4.98
64914,2654,28784,173,109586,35.00,-7.22,-4.94
64936,2686,28784,167,109689,35.00,-7.23,-4.95
64958,2458,28784,157,109782,35.00,-7.23,-4.99
64980,2363,28784,159,109882,35.00,-7.25,-5.01
65372,2163,28784,167,109980,35.64,-7.25,-4.97
65411,1964,29296,152,109490,35.00,-7.21,-5.00
65433,1705,29296,163,109432,35.00,-7.20,-4.96
65455,1413,29296,139,109409,35.00,-7.24,-4.97
65477,1719,29296,133,109463,35.00,-7.21,-4.93
65499,2129,29296,137,109590,35.00,-7.19,-4.97
65521,2187,29296,141,109684,35.00,-7.25,-4.96
65543,1897,29296,153,109753,35.00,-7.22,-4.99
65565,1658,29296,154,109784,35.00,-7.21,-4.97
65587,1705,29296,169,109799,35.00,-7.25,-4.97
65609,1803,29296,175,109839,35.00,-7.26,-5.02
65652,1853,29296,173,109949,35.00,-7.24,-5.00
65674,1917,29296,155,109984,35.00,-7.25,-4.97
65696,1901,29296,151,110029,35.00,-7.24,-4.99
65718,1813,29296,137,110060,35.00,-7.23,-4.93
65740,1749,29296,133,110093,35.00,-7.22,-4.97
65762,1681,29296,135,110128,35.00,-7.27,-4.97
65784,1587,29296,141,110167,35.00,-7.23,-5.04
65806,1575,29296,151,110177,35.00,-7.18,-4.99
65828,1583,30064,169,110196,35.00,-7.22,-5.00
65850,1612,29296,172,110223,35.00,-7.22,-5.00
65892,1700,29296,171,110328,35.00,-7.24,-4.99
65914,1834,29296,155,110347,35.00,-7.24,-4.97
65936,1901,29296,149,110388,35.00,-7.26,-4.98
65958,1959,30064,141,110416,35.00,-7.22,-4.93
65980,1805,29296,135,110447,35.00,-7.24,-4.98
66393,1796,30064,139,110460,36.52,-7.21,-4.98
66433,1855,29296,164,109885,35.00,-7.26,-4.98
66455,1675,29296,155,109943,35.00,-7.27,-5.00
66477,1612,30064,151,109979,35.00,-7.23,-4.98
66499,1607,30064,137,110028,35.00,-7.22,-4.98
66521,1499,30064,126,110060,35.00,-7.24,-4.96
66543,1591,30064,134,110077,35.00,-7.24,-4.98
66565,1541,30064,147,110098,35.00,-7.22,-4.97
66587,1469,30064,151,110111,35.00,-7.19,-4.98
66609,1355,30064,167,110116,35.00,-7.23,-4.97
66631,1396,30064,172,110121,35.00,-7.20,-4.92
66653,1620,30064,167,110138,35.00,-7.23,-4.99
66694,1749,30064,159,110206,35.00,-7.24,-5.01
66716,1909,30064,163,110234,35.00,-7.24,-4.98
66738,1932,30064,149,110250,35.00,-7.22,-5.00
66760,2019,30064,143,110206,35.00,-7.24,-4.97
66782,1854,30064,136,109954,35.00,-7.26,-4.93
66804,1723,30064,139,109377,35.00,-7.21,-4.98
66826,1653,30064,146,108642,35.00,-7.24,-4.99
66848,1775,30064,155,108201,35.00,-7.23,-4.94
66870,1787,29296,169,108030,35.00,-7.23,-4.99
66892,1845,29296,173,107957,35.00,-7.22,-4.97
66935,1983,29296,181,107916,35.00,-7.22,-5.00
66957,2005,29296,157,108062,35.00,-7.24,-5.00
66979,2063,30064,149,108298,35.00,-7.23,-4.96
67414,1999,30064,139,108495,36.43,-7.25,-4.99
67456,1607,30064,149,109674,35.00,-7.26,-4.99
67478,1635,30064,139,109707,35.00,-7.21,-5.00
67500,1635,30064,123,109567,35.00,-7.20,-4.98
67522,1771,30064,121,109027,35.00,-7.24,-4.97
67544,1651,30064,119,108145,35.00,-7.24,-5.01
67566,1573,30064,121,107532,35.00,-7.22,-4.97
67588,1593,30064,137,107258,35.00,-7.21,-4.99
67610,1555,30064,147,107156,35.00,-7.24,-4.96
67632,1691,30064,158,107105,35.00,-7.24,-4.96
67654,1821,30064,159,107062,35.00,-7.26,-4.96
67696,1878,30064,160,107318,35.00,-7.25,-4.95
67718,2063,30064,155,107583,35.00,-7.22,-4.98
67740,2125,30064,142,107817,35.00,-7.24,-5.01
67762,2109,30064,136,107946,35.00,-7.24,-4.97
67784,2175,30064,132,108031,35.00,-7.25,-4.97
67806,2080,30064,137,108125,35.00,-7.24,-5.00
67828,2009,30064,143,108206,35.00,-7.24,-4.98
67850,1915,30064,165,108305,35.00,-7.22,-4.97
67872,1933,30064,171,108405,35.00,-7.26,-5.00
67894,2028,30064,180,108528,35.00,-7.24,-5.00
67916,2100,30064,179,108647,35.00,-7.24,-4.97
67957,2135,30576,165,108920,35.00,-7.23,-5.03
67979,2143,30064,165,109003,35.00,-7.23,-5.01
68689,2217,30064,154,109086,36.03,-7.21,-4.99
68719,1720,30064,151,108587,35.00,-7.20,-4.98
68741,1979,30576,157,108654,35.00,-7.21,-4.94
68763,2030,30576,142,108709,35.00,-7.22,-4.94
68785,1893,30576,141,108769,35.00,-7.24,-4.98
68807,1805,30576,138,108851,35.00,-7.25,-4.94
68829,1770,30576,151,108912,35.00,-7.22,-4.97
68851,1775,30576,160,108990,35.00,-7.21,-5.00
68873,1641,30576,173,109059,35.00,-7.23,-4.96
68895,1581,30576,175,109150,35.00,-7.23,-4.96
68917,1576,30576,171,109237,35.00,-7.21,-5.00
68959,1669,30576,165,109379,35.00,-7.24,-4.98
68981,1767,30576,155,109208,35.00,-7.25,-4.97
69710,1739,30576,139,108554,36.07,-7.23,-4.97
69741,1719,30576,145,108642,35.00,-7.22,-4.95
69763,1932,30576,153,107744,35.00,-7.24,-4.99
69785,1965,30576,136,107036,35.00,-7.24,-4.94
69807,1836,30576,125,106752,35.00,-7.23,-5.00
69829,1781,30576,119,106625,35.00,-7.23,-4.94
69851,1695,30576,139,106530,35.00,-7.24,-4.96
69873,1629,30576,141,106468,35.00,-7.24,-4.92
69895,1592,30576,160,106428,35.00,-7.24,-4.96
69917,1604,30576,157,106437,35.00,-7.19,-4.96
69939,1705,30576,168,106545,35.00,-7.22,-4.99
69961,1785,30576,154,106730,35.00,-7.24,-4.91
70731,1875,30576,154,107047,35.54,-7.23,-4.98
70764,2004,30576,142,106863,35.00,-7.23,-4.97
70786,2219,30576,140,106937,35.00,-7.20,-4.97
70808,2265,30576,142,107022,35.00,-7.21,-4.97
70830,2235,30576,139,107110,35.00,-7.19,-4.96
70852,2125,30576,147,107236,35.00,-7.19,-4.99
70874,2052,30576,155,107347,35.00,-7.22,-4.94
70896,2014,30576,166,107469,35.00,-7.26,-4.97
70918,1926,30576,177,107580,35.00,-7.22,-4.99
70940,2010,30576,185,107705,35.00,-7.22,-4.96
70962,2131,30576,180,107808,35.00,-7.23,-5.02
71504,2260,30576,173,108079,35.02,-7.23,-4.97
71546,1587,30576,137,107089,35.00,-7.25,-4.95
71568,1747,30576,120,107198,35.00,-7.26,-5.00
71590,1608,30576,111,107311,35.00,-7.24,-4.94
71612,1607,30960,117,107413,35.00,-7.19,-4.96
71634,1546,30960,118,107524,35.00,-7.26,-5.01
71656,1509,30960,135,107649,35.00,-7.27,-4.99
71678,1525,30960,148,107788,35.00,-7.21,-4.96
71700,1581,30960,151,107898,35.00,-7.25,-4.99
71722,1707,30960,159,107998,35.00,-7.21,-4.96
71744,1879,30960,156,108111,35.00,-7.23,-5.00
71786,1944,30960,147,108384,35.00,-7.24,-4.97
71808,1997,30576,136,108455,35.00,-7.22,-4.98
71830,2013,30960,125,108540,35.00,-7.24,-4.96
71852,2040,30960,133,108638,35.00,-7.25,-4.96
71874,2013,30960,125,108733,35.00,-7.19,-4.99
71896,1897,30960,142,108832,35.00,-7.25,-5.00
71918,1883,30960,155,108902,35.00,-7.23,-4.97
71940,1915,30960,172,108965,35.00,-7.26,-4.96
71962,2038,30960,173,108954,35.00,-7.26,-4.95
71984,2084,30960,171,108609,35.00,-7.23,-4.99
72517,2093,30960,157,107785,35.41,-7.24,-4.96
72548,1437,30960,146,108605,35.00,-7.24,-4.96
72570,1800,30960,136,108694,35.00,-7.26,-4.98
72592,1813,30960,125,108792,35.00,-7.20,-5.00
72614,1735,30960,123,108873,35.00,-7.23,-4.97
72636,1635,30960,133,108964,35.00,-7.22,-5.00
72658,1517,31472,143,109023,35.00,-7.23,-4.96
72680,1581,30960,155,109091,35.00,-7.23,-4.99
72702,1594,30960,155,109108,35.00,-7.23,-4.99
72724,1746,31472,169,108866,35.00,-7.25,-4.97
72746,1737,31472,155,108132,35.00,-7.24,-4.99
72768,1831,30960,151,107273,35.00,-7.21,-4.98
72809,1916,30960,147,106519,35.00,-7.19,-4.97
72831,1895,31472,135,106477,35.00,-7.23,-4.97
72853,1853,31472,125,106442,35.00,-7.23,-4.95
72875,1817,31472,120,106439,35.00,-7.23,-4.99
72897,1773,31472,147,106486,35.00,-7.23,-5.00
72919,1915,31472,149,106641,35.00,-7.20,-4.97
72941,1769,31472,169,106872,35.00,-7.18,-4.96
72963,1691,31472,165,107050,35.00,-7.23,-4.91
72985,1815,31472,169,107158,35.00,-7.22,-4.94
73537,1949,31472,165,107209,35.23,-7.24,-4.97
73571,1781,30960,142,106451,35.00,-7.18,-4.97
73593,1875,30960,134,106393,35.00,-7.24,-4.99
73615,1907,30960,133,106362,35.00,-7.25,-4.96
73637,1854,31472,133,106353,35.00,-7.29,-4.95
73659,1771,31472,152,106399,35.00,-7.23,-4.99
73681,1788,31472,155,106571,35.00,-7.20,-4.99
73703,1754,31472,167,106779,35.00,-7.21,-4.98
73725,1629,31472,166,106929,35.00,-7.24,-4.94
73747,1641,30960,164,106985,35.00,-7.24,-4.96
73769,1759,30960,152,107013,35.00,-7.23,-4.96
73811,1855,30960,149,107232,35.00,-7.24,-4.93
73833,1767,30960,123,107313,35.00,-7.21,-5.00
73855,1629,30960,120,107391,35.00,-7.21,-4.98
73877,1515,30960,119,107472,35.00,-7.24,-4.98
73899,1573,30960,125,107580,35.00,-7.21,-4.97
73921,1453,30960,138,107680,35.00,-7.24,-4.96
73943,1449,31472,147,107765,35.00,-7.26,-4.96
73965,1481,30960,155,107850,35.00,-7.21,-5.01
73987,1605,30960,158,107929,35.00,-7.25,-4.97
74557,1738,30960,155,108018,34.70,-7.23,-4.96
74593,1977,30960,143,107465,35.00,-7.22,-4.90
74615,1942,30960,146,107577,35.00,-7.24,-4.97
74637,1867,30960,139,107705,35.00,-7.26,-4.99
74659,1723,30960,145,107820,35.00,-7.23,-4.99
74681,1647,30960,147,107944,35.00,-7.20,-4.97
74703,1387,30960,147,108036,35.00,-7.21,-4.96
74725,1317,30960,159,108143,35.00,-7.24,-4.96
74747,1429,30960,163,108234,35.00,-7.21,-4.96
74769,1513,30960,167,108322,35.00,-7.17,-5.01
74791,1541,30960,153,108401,35.00,-7.21,-4.98
74813,1471,30960,139,108471,35.00,-7.23,-4.98
74854,1445,30960,124,108684,35.00,-7.25,-4.96
74876,1273,30576,115,108787,35.00,-7.27,-5.03
74898,1481,30960,111,108886,35.00,-7.26,-5.00
74920,1395,30960,111,108939,35.00,-7.22,-5.01
74942,1245,30960,123,108970,35.00,-7.23,-4.97
74964,1221,30960,127,108887,35.00,-7.23,-5.00
74986,1279,30960,145,108431,35.00,-7.21,-4.96
75578,1421,30960,151,107558,35.33,-7.19,-4.96
75616,1966,30960,132,108587,35.00,-7.27,-4.95
75638,2031,30576,137,108688,35.00,-7.23,-4.98
75660,1971,30960,135,108777,35.00,-7.19,-5.01
75682,1980,30960,139,108828,35.00,-7.21,-4.98
75704,1864,30960,153,108857,35.00,-7.22,-4.97
75726,1627,30960,159,108738,35.00,-7.24,-5.02
75748,1559,30960,173,108185,35.00,-7.21,-4.95
75770,1617,30960,169,107317,35.00,-7.23,-5.03
75792,1701,30960,167,106745,35.00,-7.24,-5.01
75814,1703,30960,149,106522,35.00,-7.22,-5.00
75856,1773,30960,146,106308,35.00,-7.22,-4.96
75878,1807,30960,125,106262,35.00,-7.20,-4.99
75900,1725,30960,123,106280,35.00,-7.21,-4.96
75922,1641,30960,123,106368,35.00,-7.19,-4.99
75944,1595,30960,136,106549,35.00,-7.23,-4.91
75966,1467,30960,155,106725,35.00,-7.27,-5.00
75988,1511,30960,159,106865,35.00,-7.24,-4.97
76350,1571,30960,167,106920,35.05,-7.19,-4.97
76378,1821,30960,169,108647,35.00,-7.21,-4.99
76400,1916,30576,135,108749,35.00,-7.22,-4.94
76422,2207,30960,135,108821,35.00,-7.27,-4.98
76444,1879,30960,135,108887,35.00,-7.20,-4.95
76466,1772,30960,147,108906,35.00,-7.23,-4.97
76488,1740,30960,163,108719,35.00,-7.22,-4.97
76510,1769,30960,165,108070,35.00,-7.23,-4.95
76532,1879,30960,172,107236,35.00,-7.25,-4.94
76554,1997,30960,171,106755,35.00,-7.17,-4.95
76576,1998,30960,155,106589,35.00,-7.22,-4.98
76618,1955,30960,149,106390,35.00,-7.20,-4.99
76640,2089,30960,140,106386,35.00,-7.25,-4.95
76662,2031,30960,133,106421,35.00,-7.20,-5.00
76684,1958,30960,145,106556,35.00,-7.24,-4.99
76706,1755,30960,143,106782,35.00,-7.21,-4.98
76728,1706,30960,159,106979,35.00,-7.29,-4.97
76750,1721,30960,172,107090,35.00,-7.21,-4.96
76772,1845,30960,178,107132,35.00,-7.25,-4.98
76794,1915,30960,173,107185,35.00,-7.23,-4.97
76816,1813,30960,163,107251,35.00,-7.19,-5.02
76859,1801,30960,142,107541,35.00,-7.22,-5.01
76881,2139,30960,143,107649,35.00,-7.28,-5.00
76903,1966,30960,136,107758,35.00,-7.22,-4.96
76925,1763,30960,141,107847,35.00,-7.19,-4.99
76947,1606,30960,151,107947,35.00,-7.21,-4.97
76969,1559,30960,164,108034,35.00,-7.25,-4.98
76991,1558,30960,168,108121,35.00,-7.27,-4.94
77363,1687,30960,175,108211,34.67,-7.26,-4.97
77400,1463,30960,120,106309,35.00,-7.24,-5.02
77422,1321,30960,117,106383,35.00,-7.23,-4.99
77444,1215,30960,115,106544,35.00,-7.20,-5.00
77466,1149,31472,123,106732,35.00,-7.22,-4.97
77488,905,30960,125,106870,35.00,-7.23,-4.94
77510,1325,30960,147,106922,35.00,-7.21,-5.00
77532,1191,30960,150,106966,35.00,-7.23,-5.02
77554,1572,30960,163,107034,35.00,-7.24,-5.01
77576,1519,30960,146,107121,35.00,-7.24,-4.91
77598,1243,30960,131,107205,35.00,-7.23,-4.94
77640,3277,30960,156,107512,35.00,-7.23,-4.99
77662,1784,30576,127,107596,35.00,-7.25,-4.99
77684,1565,30576,112,107682,35.00,-7.26,-4.95
77706,1516,30576,117,107767,35.00,-7.23,-4.98
77728,1641,30064,135,107848,35.00,-7.19,-4.97
77750,1656,30576,143,107927,35.00,-7.23,-4.98
77772,1690,30576,159,108001,35.00,-7.21,-5.01
77794,1899,30576,167,108084,35.00,-7.22,-4.96
77816,2012,30576,169,108149,35.00,-7.20,-4.98
77838,2275,30576,157,108213,35.00,-7.25,-4.98
77860,2223,30576,154,108293,35.00,-7.23,-4.97
77901,2579,30576,157,108551,35.00,-7.23,-4.99
77923,3719,30576,211,108631,35.00,-7.25,-4.97
77945,3859,30576,209,108701,35.00,-7.24,-4.95
77967,1187,30576,145,108719,35.00,-7.23,-4.96
77989,1453,30576,140,108531,35.00,-7.25,-5.01
78383,1114,30576,141,107838,35.58,-7.23,-4.96
78422,2443,30576,153,107893,35.00,-7.23,-5.00
78444,2715,30576,169,107993,35.00,-7.23,-4.98
78466,2645,30576,169,108093,35.00,-7.24,-4.98
78488,2485,30576,172,108188,35.00,-7.22,-4.98
78510,2139,30576,167,108271,35.00,-7.21,-4.96
78532,2089,30576,183,108344,35.00,-7.24,-4.99
78554,1837,30576,183,108429,35.00,-7.19,-5.01
78576,1849,30576,183,108499,35.00,-7.26,-4.97
78598,1762,30576,167,108573,35.00,-7.22,-5.00
78620,1662,30576,157,108667,35.00,-7.25,-4.96
78642,1465,30576,134,108768,35.00,-7.19,-5.03
78683,1507,30576,137,108945,35.00,-7.24,-4.99
78705,1555,30576,139,108975,35.00,-7.23,-4.99
78727,1639,30576,145,108825,35.00,-7.21,-4.98
78749,1695,30576,153,108215,35.00,-7.24,-4.96
78771,1489,30576,163,107342,35.00,-7.22,-4.95
78793,1171,30576,169,106805,35.00,-7.25,-4.96
78815,1001,30576,165,106623,35.00,-7.24,-4.98
78837,1135,30576,165,106528,35.00,-7.23,-4.98
78859,1321,30576,165,106451,35.00,-7.26,-4.98
78881,1355,30576,143,106390,35.00,-7.25,-5.01
78923,1209,30576,119,106466,35.00,-7.24,-4.99
78945,1115,30576,108,106650,35.00,-7.26,-4.98
78967,1159,30576,100,106850,35.00,-7.21,-5.00
78989,903,30576,104,106962,35.00,-7.24,-4.97
79403,819,30576,116,107018,35.88,-7.20,-4.96
79445,2415,30576,157,108961,35.00,-7.24,-4.99
79467,2681,30576,172,108978,35.00,-7.25,-4.96
79489,2426,30960,173,108726,35.00,-7.21,-4.96
79511,2253,30960,181,107951,35.00,-7.23,-4.99
79533,1956,30576,191,107126,35.00,-7.21,-4.93
79555,1862,30960,191,106719,35.00,-7.19,-5.01
79577,1826,30960,201,106572,35.00,-7.24,-5.02
79599,1837,30576,189,106513,35.00,-7.22,-4.97
79621,1981,30960,189,106440,35.00,-7.22,-4.95
79643,2170,30960,179,106395,35.00,-7.24,-4.97
79685,2003,30960,163,106548,35.00,-7.23,-4.98
79707,874,30960,132,106762,35.00,-7.20,-4.95
79729,23,30960,98,106943,35.00,-7.24,-4.96
79751,25,30960,115,107062,35.00,-7.24,-4.93
79773,0,30960,109,107121,35.00,-7.23,-4.97
79795,779,30960,149,107189,35.00,-7.24,-5.00
79817,523,30960,137,107279,35.00,-7.22,-4.99
79839,1335,30960,153,107389,35.00,-7.24,-4.94
79861,1647,30960,151,107497,35.00,-7.25,-4.99
79883,1973,30960,152,107604,35.00,-7.24,-4.98
79905,2205,30960,157,107720,35.00,-7.24,-4.95
79946,2505,30960,179,108030,35.00,-7.21,-5.01
79968,2487,30960,155,108134,35.00,-7.21,-4.95
79990,1817,30960,119,108217,35.00,-7.24,-4.97
80424,1339,30960,115,108299,35.14,-7.24,-4.98
80453,1213,30064,81,106617,35.00,-7.22,-5.02
80475,618,30576,93,106816,35.00,-7.24,-4.97
80497,2195,30576,145,106980,35.00,-7.26,-4.96
80519,2607,30576,170,107064,35.00,-7.22,-4.96
80541,1545,30576,145,107096,35.00,-7.24,-5.00
80563,2189,30576,147,107148,35.00,-7.21,-4.98
80585,3332,30576,157,107221,35.00,-7.22,-4.97
80628,1309,30576,103,107493,35.00,-7.25,-4.98
80650,2279,30064,149,107588,35.00,-7.23,-4.96
80672,1179,30576,105,107696,35.00,-7.24,-4.98
80694,2610,30576,151,107776,35.00,-7.27,-4.98
80716,3059,30064,175,107879,35.00,-7.19,-4.96
80738,2757,30064,199,107964,35.00,-7.21,-4.98
80760,2538,30064,183,108056,35.00,-7.26,-4.96
80782,2389,30064,168,108136,35.00,-7.24,-4.94
80804,2655,30064,173,108188,35.00,-7.29,-4.97
80826,3031,30576,173,108231,35.00,-7.23,-4.96
80868,2356,30576,141,108447,35.00,-7.23,-5.00
80890,2119,30064,143,108502,35.00,-7.20,-4.96
80912,3145,30064,175,108586,35.00,-7.21,-4.99
80934,2603,29296,183,108663,35.00,-7.25,-4.99
80956,3705,28592,211,108725,35.00,-7.26,-4.99
80978,440,27312,157,108766,35.00,-7.21,-4.97
81699,2535,26416,185,108659,35.38,-7.20,-4.97
81730,2055,28784,163,109065,35.00,-7.23,-5.00
81752,1973,28784,136,108784,35.00,-7.23,-5.00
81774,3165,28784,168,108036,35.00,-7.26,-4.98
81796,2806,28784,187,107246,35.00,-7.26,-4.95
81818,3037,28592,190,106852,35.00,-7.24,-5.00
81840,2379,28784,201,106728,35.00,-7.19,-4.99
81862,2509,28784,213,106653,35.00,-7.19,-5.01
81884,1901,28784,197,106593,35.00,-7.24,-4.96
81906,2315,29296,209,106545,35.00,-7.24,-4.98
81928,2791,29296,207,106541,35.00,-7.21,-4.99
81950,2955,29296,203,106593,35.00,-7.22,-4.96
81991,2439,29296,187,107145,35.00,-7.25,-4.97
82719,1977,29296,157,107250,35.14,-7.24,-4.97
82753,1229,30960,187,107426,35.00,-7.25,-4.95
82775,1465,30960,151,107526,35.00,-7.25,-4.95
82797,1023,30960,153,107572,35.00,-7.22,-4.99
82819,1341,30960,169,107640,35.00,-7.19,-4.95
82841,1176,30960,179,107751,35.00,-7.24,-4.99
82863,1236,30960,181,107865,35.00,-7.22,-4.97
82885,1443,30960,197,107979,35.00,-7.21,-4.99
82907,1385,30960,189,108077,35.00,-7.22,-4.98
82929,1297,30960,171,108204,35.00,-7.21,-4.96
82951,1305,30960,159,108315,35.00,-7.23,-4.98
82994,1275,30960,141,108589,35.00,-7.25,-4.98
83740,957,31472,127,108681,34.73,-7.23,-4.98
83775,2991,32240,203,108463,35.00,-7.20,-4.94
83797,2725,32752,171,108539,35.00,-7.22,-4.98
83819,2847,32752,181,108593,35.00,-7.24,-4.98
83841,2937,32752,219,108649,35.00,-7.24,-4.96
83863,2595,32240,207,108720,35.00,-7.24,-4.97
83885,2239,32240,205,108803,35.00,-7.25,-4.98
83907,2087,32752,205,108881,35.00,-7.22,-4.96
83929,1917,32240,201,108948,35.00,-7.23,-4.95
83951,1971,32752,182,109015,35.00,-7.22,-5.00
83973,1945,32752,167,109089,35.00,-7.23,-4.96
83995,1771,32752,149,109139,35.00,-7.22,-4.99
84036,1555,32752,141,107926,35.00,-7.20,-4.95
84058,1587,32752,139,107202,35.00,-7.21,-4.96
84080,1508,32752,154,106912,35.00,-7.24,-4.98
84102,1273,32752,149,106815,35.00,-7.21,-4.92
84124,1021,32752,167,106765,35.00,-7.27,-4.98
84146,1087,32752,163,106723,35.00,-7.24,-4.96
84168,1407,32752,175,106708,35.00,-7.20,-4.96
84190,1215,32752,158,106720,35.00,-7.24,-4.97
84212,1115,32752,147,106834,35.00,-7.19,-4.94
84234,1109,32752,117,107034,35.00,-7.26,-4.96
84277,1191,32752,111,107481,35.00,-7.22,-4.99
84299,1391,32752,115,107557,35.00,-7.21,-5.00
84321,688,32752,125,107637,35.00,-7.19,-4.95
84343,794,32752,126,107726,35.00,-7.25,-4.94
84365,1485,32240,155,107832,35.00,-7.24,-4.96
84387,1809,32240,167,107948,35.00,-7.22,-4.96
84409,1719,32752,160,108050,35.00,-7.20,-4.98
84431,1523,32752,151,108156,35.00,-7.23,-5.01
84453,1779,32752,137,108252,35.00,-7.26,-5.00
84475,1867,32240,136,108364,35.00,-7.25,-4.96
84517,2141,32752,137,108678,35.00,-7.26,-4.98
84539,1827,32752,133,108756,35.00,-7.26,-4.99
84561,2137,32752,151,108834,35.00,-7.23,-4.96
84583,1691,32752,155,108910,35.00,-7.23,-4.94
84605,1341,32752,158,108968,35.00,-7.24,-4.98
84627,1765,32752,169,109042,35.00,-7.25,-4.97
84649,2285,32752,191,109122,35.00,-7.24,-4.96
84671,2225,32752,186,109193,35.00,-7.21,-4.96
84693,2067,32752,181,109270,35.00,-7.25,-4.98
84715,2728,32752,171,109331,35.00,-7.24,-4.98
84737,2698,32752,181,109390,35.00,-7.21,-4.98
84778,2207,32752,165,108258,35.00,-7.20,-4.97
84800,2519,32752,173,107520,35.00,-7.20,-4.98
84822,2303,32240,187,107152,35.00,-7.26,-4.96
84844,2051,32240,184,107042,35.00,-7.19,-4.97
84866,1893,32240,187,106974,35.00,-7.21,-5.01
84888,1783,32240,189,106906,35.00,-7.21,-4.98
84910,2022,32240,199,106891,35.00,-7.19,-4.95
84932,1983,32240,173,106890,35.00,-7.22,-4.96
84954,1835,32240,158,106973,35.00,-7.25,-4.97
84976,1587,32240,133,107152,35.00,-7.26,-4.99
85525,1439,32240,125,107671,34.65,-7.24,-5.00
85560,1657,32240,148,107342,35.00,-7.21,-4.96
85582,1797,32240,121,107148,35.00,-7.25,-5.01
85604,1619,32752,125,107074,35.00,-7.25,-4.97
85626,1519,32240,147,107009,35.00,-7.23,-4.97
85648,1979,32240,184,106960,35.00,-7.25,-5.01
85670,2607,32240,229,106947,35.00,-7.23,-4.97
85692,3493,32240,267,106999,35.00,-7.26,-4.99
85714,3859,32240,270,107126,35.00,-7.21,-4.97
85736,3833,32240,223,107357,35.00,-7.26,-5.02
85758,2725,32240,157,107598,35.00,-7.24,-4.95
85800,2173,32240,140,107889,35.00,-7.25,-5.02
85822,1973,32240,137,107967,35.00,-7.21,-4.97
85844,1723,32240,136,108051,35.00,-7.23,-4.97
85866,1565,32752,148,108157,35.00,-7.20,-5.00
85888,1589,32240,165,108260,35.00,-7.24,-4.99
85910,1702,32240,181,108361,35.00,-7.25,-5.02
85932,1846,32240,189,108453,35.00,-7.27,-4.95
85954,1963,32240,174,108551,35.00,-7.23,-5.01
85976,1917,32752,167,108658,35.00,-7.23,-4.96
85998,2079,32752,158,108754,35.00,-7.25,-4.95
86020,2076,32752,157,108838,35.00,-7.22,-4.96
86061,2024,32240,138,109077,35.00,-7.22,-4.98
86083,1261,32240,105,109122,35.00,-7.21,-4.95
86105,1032,32752,109,109171,35.00,-7.22,-5.01
86127,1193,32240,127,109222,35.00,-7.22,-4.99
86149,1299,32240,149,109290,35.00,-7.21,-4.98
86171,1365,32240,159,109349,35.00,-7.22,-5.00
86193,1515,32240,157,109421,35.00,-7.25,-5.01
86215,1614,32240,141,109491,35.00,-7.23,-5.00
86237,1458,32752,117,109530,35.00,-7.24,-4.98
86259,1169,32240,93,109527,35.00,-7.25,-4.96
86302,996,32752,93,107876,35.00,-7.21,-4.96
86324,1399,32240,117,107352,35.00,-7.24,-5.00
86346,1723,32752,147,107164,35.00,-7.25,-4.94
86368,1981,32752,167,107080,35.00,-7.22,-4.97
86390,1975,32752,178,107023,35.00,-7.26,-4.99
86412,1934,32240,183,106974,35.00,-7.23,-4.97
86434,1947,32240,179,106958,35.00,-7.22,-5.03
86456,2387,32752,184,107012,35.00,-7.22,-5.01
86478,2583,32752,178,107159,35.00,-7.23,-4.94
86500,2421,32752,167,107395,35.00,-7.22,-4.96
86542,2341,32752,172,107775,35.00,-7.23,-4.96
86564,2443,32752,169,107820,35.00,-7.21,-4.93
86586,1899,32752,156,107890,35.00,-7.25,-4.99
86608,1779,32752,165,107960,35.00,-7.19,-5.01
86630,1774,32752,175,108035,35.00,-7.22,-5.02
86652,2003,32752,200,108129,35.00,-7.23,-4.98
86674,2357,32752,200,108219,35.00,-7.24,-4.96
86696,2345,32752,191,108317,35.00,-7.28,-4.99
86718,2325,32752,179,108412,35.00,-7.22,-4.97
86740,2359,32752,163,108505,35.00,-7.21,-4.98
86762,1946,32752,151,108601,35.00,-7.21,-4.93
86803,1769,32240,139,108805,35.00,-7.22,-4.99
86825,1559,32240,135,108872,35.00,-7.20,-4.97
86847,1581,32240,157,108935,35.00,-7.26,-5.00
86869,1449,32240,154,108987,35.00,-7.26,-4.99
86891,1421,32240,175,109036,35.00,-7.28,-4.94
86913,1421,32240,169,109095,35.00,-7.23,-4.98
86935,1563,32240,172,109159,35.00,-7.24,-4.97
86957,1655,31472,157,109214,35.00,-7.23,-4.99
86979,1589,31472,151,109268,35.00,-7.25,-4.96
87565,1427,31472,125,109307,35.30,-7.25,-4.95
87605,1959,31472,133,108884,35.00,-7.20,-4.97
87627,2025,32240,135,108978,35.00,-7.28,-4.97
87649,1662,32240,135,109057,35.00,-7.19,-4.99
87671,1919,32240,151,109138,35.00,-7.23,-5.00
87693,2263,32240,169,109215,35.00,-7.19,-4.99
87715,2137,32240,175,109278,35.00,-7.25,-4.99
87737,2125,32240,171,109311,35.00,-7.25,-4.97
87759,2156,32240,153,109231,35.00,-7.23,-4.99
87781,1884,32240,133,108735,35.00,-7.23,-5.01
87803,1783,32240,116,107913,35.00,-7.23,-4.95
87845,1689,32240,110,106993,35.00,-7.22,-4.96
87867,1279,32240,102,106948,35.00,-7.22,-4.99
87889,1389,32240,119,106909,35.00,-7.26,-5.01
87911,1269,32240,131,106906,35.00,-7.25,-4.97
87933,1048,32240,139,106940,35.00,-7.25,-5.00
87955,1377,32240,147,107064,35.00,-7.23,-4.95
87977,1389,32240,149,107275,35.00,-7.23,-4.97
87999,1589,32240,143,107483,35.00,-7.22,-4.99
88021,1871,32240,135,107632,35.00,-7.25,-4.96
88043,1917,32240,127,107699,35.00,-7.22,-4.96
88065,1965,32240,125,107744,35.00,-7.26,-4.99
88106,2100,32240,133,108018,35.00,-7.24,-4.98
88128,2121,32240,142,108096,35.00,-7.24,-5.00
88150,2104,32240,155,108188,35.00,-7.24,-5.01
88172,2143,32240,173,108275,35.00,-7.27,-4.99
88194,2121,32240,184,108368,35.00,-7.27,-4.92
88216,2207,32240,189,108456,35.00,-7.21,-5.04
88238,2296,32240,184,108552,35.00,-7.22,-4.97
88260,2616,32240,175,108649,35.00,-7.21,-4.94
88282,3835,32240,199,108744,35.00,-7.22,-4.95
88304,2804,31472,169,108830,35.00,-7.22,-4.91
88326,1837,31472,145,108914,35.00,-7.25,-4.96
88367,1703,31472,135,109100,35.00,-7.23,-4.99
88389,1331,31472,119,109215,35.00,-7.21,-4.96
88411,1351,31472,141,109309,35.00,-7.28,-4.97
88433,1779,31472,169,109371,35.00,-7.25,-4.94
88455,2029,31472,187,109422,35.00,-7.19,-5.00
88477,1833,31472,182,109436,35.00,-6.98,-4.77
88499,2071,31472,184,109280,35.00,-7.29,-5.05
88521,1997,31472,171,108677,35.00,-7.25,-4.97
88543,2165,31472,165,107854,35.00,-7.28,-4.95
88565,2169,31472,155,107330,35.00,-7.22,-4.98
88607,1875,31472,141,106996,35.00,-7.22,-5.02
88629,1821,31472,137,106957,35.00,-7.19,-5.00
88651,1497,31472,150,106938,35.00,-7.28,-4.94
88673,1286,31472,153,106969,35.00,-7.25,-4.97
88695,1567,31472,164,107087,35.00,-7.23,-4.99
88717,1837,32240,175,107306,35.00,-7.24,-5.00
88739,1273,32240,164,107520,35.00,-7.24,-4.95
88761,1727,32240,157,107655,35.00,-7.24,-4.95
88783,1683,32240,154,107714,35.00,-7.26,-4.99
88805,2122,32240,150,107770,35.00,-7.25,-4.96
88827,2233,32240,152,107867,35.00,-7.21,-4.94
88868,1772,32752,142,108145,35.00,-7.22,-4.98
88890,1943,32240,167,108245,35.00,-7.21,-5.01
88912,2119,32752,171,108359,35.00,-7.26,-4.96
88934,2207,32752,197,108462,35.00,-7.20,-4.99
88956,1662,32240,184,108571,35.00,-7.24,-4.99
88978,1547,32240,197,108649,35.00,-7.19,-5.05
89351,2184,32752,190,108742,35.92,-7.19,-5.02
89389,1373,32752,158,106863,35.00,-7.25,-4.93
89411,1629,32776,147,106918,35.00,-7.24,-4.98
89433,2283,32752,199,107056,35.00,-7.24,-4.97
89455,1159,30960,159,107269,35.00,-7.24,-4.97
89477,647,29296,163,107467,35.00,-7.23,-4.97
89499,873,28592,158,107557,35.00,-7.22,-4.96
89521,1297,28080,171,107581,35.00,-7.24,-4.99
89543,1431,27312,167,107613,35.00,-7.21,-5.00
89565,1797,27312,159,107680,35.00,-7.22,-4.98
89587,1955,28080,148,107785,35.00,-7.24,-4.98
89609,1527,28080,134,107893,35.00,-7.20,-4.98
89650,1405,28080,141,108174,35.00,-7.22,-4.98
89672,1075,28592,123,108288,35.00,-7.24,-4.97
89694,1085,28784,140,108383,35.00,-7.22,-4.94
89716,1573,28784,167,108465,35.00,-7.24,-4.97
89738,1417,28784,169,108545,35.00,-7.26,-5.00
89760,1204,28784,168,108620,35.00,-7.24,-4.97
89782,1425,29296,167,108681,35.00,-7.25,-4.99
89804,1469,29296,151,108741,35.00,-7.25,-4.97
89826,1493,29296,151,108799,35.00,-7.24,-4.92
89848,1545,29296,132,108853,35.00,-7.19,-4.99
89891,1395,29296,121,109053,35.00,-7.23,-4.98
89913,1546,29296,127,109123,35.00,-7.23,-5.01
89935,1659,30064,151,109181,35.00,-7.24,-4.97
89957,2071,30064,173,109173,35.00,-7.24,-4.97
89979,2055,30064,185,108988,35.00,-7.23,-5.01
90371,1173,30064,163,108327,35.55,-7.23,-4.96
90412,0,30960,67,108124,35.00,-7.20,-4.94
90434,1371,30960,93,108228,35.00,-7.24,-5.00
90456,2019,30960,127,108328,35.00,-7.25,-4.99
90478,1931,31472,151,108400,35.00,-7.24,-4.96
90500,1815,30960,155,108492,35.00,-7.23,-4.99
90522,2077,31472,159,108565,35.00,-7.25,-4.96
90544,2597,30960,170,108628,35.00,-7.20,-4.98
90566,2749,30960,167,108692,35.00,-7.24,-5.00
90588,2719,30960,155,108761,35.00,-7.24,-4.98
90610,2569,30960,143,108842,35.00,-7.23,-4.98
90652,2413,31472,137,109072,35.00,-7.22,-4.96
90674,2447,31472,151,109106,35.00,-7.23,-4.99
90696,2259,31472,149,109069,35.00,-7.24,-4.99
90718,2383,31472,175,108689,35.00,-7.23,-4.98
90740,1086,30960,145,107882,35.00,-7.24,-4.97
90762,3128,30960,216,107225,35.00,-7.23,-4.94
90784,2424,30960,203,106943,35.00,-7.27,-4.97
90806,1568,30576,151,106835,35.00,-7.20,-4.97
90828,2799,30576,167,106763,35.00,-7.21,-4.97
90850,2447,30576,157,106700,35.00,-7.24,-4.96
90872,1909,30576,135,106650,35.00,-7.28,-4.96
90913,1684,30960,119,106872,35.00,-7.25,-4.98
90935,1509,30576,134,107076,35.00,-7.22,-5.00
90957,951,30576,131,107222,35.00,-7.26,-4.99
90979,760,30576,133,107284,35.00,-7.20,-5.00
91391,2135,30576,173,107348,35.54,-7.19,-4.96
91419,2373,30064,160,109062,35.00,-7.20,-4.99
91441,2245,30064,206,108912,35.00,-7.25,-5.00
91463,2203,30576,209,108286,35.00,-7.24,-4.96
91485,2021,30576,213,107375,35.00,-7.22,-4.96
91507,2031,30576,198,106840,35.00,-7.24,-4.98
91529,1831,30576,177,106633,35.00,-7.22,-5.01
91551,1679,30576,151,106560,35.00,-7.26,-4.99
91573,1397,30576,139,106504,35.00,-7.24,-4.97
91615,1461,30576,145,106387,35.00,-7.23,-4.97
91637,1270,30576,151,106449,35.00,-7.28,-4.95
91659,1048,30960,159,106579,35.00,-7.24,-5.00
91681,1049,30960,159,106735,35.00,-7.24,-4.96
91703,952,30960,157,106842,35.00,-7.24,-5.00
91725,1023,30960,153,106887,35.00,-7.28,-4.95
91747,715,30960,149,106929,35.00,-7.25,-4.99
91769,2251,30960,171,106977,35.00,-7.27,-4.99
91791,757,30960,123,107062,35.00,-7.21,-4.95
91813,1273,30960,119,107169,35.00,-7.26,-4.97
91855,1926,30960,127,107488,35.00,-7.25,-5.01
91877,495,30960,115,107574,35.00,-7.23,-4.98
91899,839,30960,125,107693,35.00,-7.24,-5.02
91921,1177,30960,165,107802,35.00,-7.23,-4.99
91943,1501,30576,181,107891,35.00,-7.23,-4.98
91965,1579,30576,183,107950,35.00,-7.24,-4.98
91987,1275,30064,159,108013,35.00,-7.21,-4.95
92411,1957,30064,169,108092,36.01,-7.21,-4.98
92440,1355,30064,121,107001,35.00,-7.29,-4.97
92462,775,30064,143,107069,35.00,-7.26,-4.99
92484,1047,30064,156,107145,35.00,-7.25,-4.97
92506,1437,30064,169,107249,35.00,-7.23,-4.96
92528,1525,30064,169,107385,35.00,-7.26,-4.94
92550,1699,30064,149,107539,35.00,-7.26,-5.02
92572,2008,30064,139,107675,35.00,-7.23,-4.98
92594,1883,30576,119,107815,35.00,-7.27,-4.97
92616,2075,30064,121,107945,35.00,-7.23,-4.96
92657,1941,30064,107,108246,35.00,-7.23,-4.97
92679,2676,30064,133,108287,35.00,-7.22,-5.00
92701,2100,30064,125,108316,35.00,-7.22,-4.94
92723,2151,30064,157,108339,35.00,-7.24,-4.97
92745,2267,30064,164,108342,35.00,-7.24,-4.95
92767,1599,30576,153,108337,35.00,-7.23,-4.97
92789,2660,30576,171,108338,35.00,-7.24,-4.97
92811,2539,30576,167,108386,35.00,-7.21,-4.96
92833,1645,30960,141,108462,35.00,-7.25,-5.00
92855,1941,30960,139,108546,35.00,-7.23,-4.98
92877,2168,30960,139,108626,35.00,-7.24,-4.97
92918,1919,30960,137,108739,35.00,-7.20,-4.99
92940,2267,30960,147,108610,35.00,-7.26,-4.99
92962,2421,30960,167,108062,35.00,-7.28,-4.96
92984,2067,30960,163,107283,35.00,-7.23,-4.95
93432,2597,30960,185,106826,34.91,-7.24,-4.97
93461,2477,30576,166,108659,35.00,-7.22,-4.96
93483,1881,30576,159,108750,35.00,-7.27,-4.98
93505,2419,30576,183,108811,35.00,-7.24,-4.98
93527,1745,30576,168,108856,35.00,-7.23,-4.97
93549,2340,30576,184,108912,35.00,-7.25,-4.98
93571,3821,30576,222,108974,35.00,-7.23,-4.98
93593,1784,30576,167,109038,35.00,-7.22,-4.97
93615,2773,30064,171,109092,35.00,-7.24,-5.00
93637,2587,30064,157,109147,35.00,-7.27,-4.96
93659,2409,29296,155,109206,35.00,-7.24,-4.97
93700,1541,28784,145,109053,35.00,-7.24,-4.95
93722,2074,28784,164,108433,35.00,-7.25,-4.98
93744,2207,28784,173,107603,35.00,-7.22,-4.95
93766,1847,30064,183,107095,35.00,-7.22,-4.94
93788,2001,30576,182,106930,35.00,-7.23,-4.99
93810,2648,31472,187,106862,35.00,-7.21,-5.01
93832,2543,32240,189,106811,35.00,-7.25,-5.00
93854,1557,32752,165,106776,35.00,-7.22,-4.99
93876,1517,32776,133,106754,35.00,-7.23,-4.97
93898,2457,33288,149,106815,35.00,-7.24,-5.00
93941,2732,33288,163,107262,35.00,-7.24,-4.99
93963,1325,33288,147,107319,35.00,-7.22,-4.98
93985,917,33288,150,107328,35.00,-7.27,-4.97
94708,1620,33288,171,107389,35.73,-7.25,-4.96
94743,1629,32752,183,107375,35.00,-7.23,-5.01
94765,1365,32752,139,107487,35.00,-7.22,-5.01
94787,1241,32752,153,107604,35.00,-7.18,-4.97
94809,1477,32240,175,107704,35.00,-7.24,-4.97
94831,558,32240,151,107818,35.00,-7.24,-4.99
94853,1784,32240,158,107914,35.00,-7.25,-4.98
94875,2886,32240,185,108013,35.00,-7.19,-4.98
94897,1420,32240,139,108113,35.00,-7.26,-4.96
94919,0,30960,101,108200,35.00,-7.27,-4.97
94941,1075,30576,107,108288,35.00,-7.21,-4.97
94983,1773,30576,142,108552,35.00,-7.25,-4.97
95728,923,30064,119,108590,35.30,-7.24,-4.97
95765,1928,28784,151,108616,35.00,-7.22,-4.99
95787,1681,29296,117,108681,35.00,-7.21,-4.99
95809,1790,29296,142,108761,35.00,-7.24,-4.94
95831,1891,29296,155,108849,35.00,-7.20,-5.00
95853,1693,29296,156,108919,35.00,-7.24,-4.98
95875,2079,29296,159,108956,35.00,-7.22,-4.93
95897,2663,29296,165,108936,35.00,-7.19,-4.95
95919,2987,29296,159,108590,35.00,-7.25,-4.96
95941,3051,29296,153,107805,35.00,-7.24,-4.99
95963,2980,29296,145,107157,35.00,-7.19,-4.97
95985,2940,29296,149,106929,35.00,-7.22,-4.99
96026,2703,29296,155,106863,35.00,-7.25,-4.98
96048,2660,30064,159,106893,35.00,-7.22,-4.96
96070,2538,30064,169,106956,35.00,-7.22,-5.02
96092,2637,30064,175,107084,35.00,-7.22,-5.00
96114,3320,30064,203,107296,35.00,-7.24,-4.98
96136,2957,29296,189,107512,35.00,-7.19,-4.98
96158,2632,30064,171,107659,35.00,-7.21,-4.95
96180,2568,30064,153,107724,35.00,-7.21,-4.96
96202,2583,30064,151,107764,35.00,-7.19,-4.97
96224,3053,30064,152,107845,35.00,-7.23,-4.98
96266,1033,30064,121,108124,35.00,-7.23,-5.00
96288,2284,30064,158,108208,35.00,-7.23,-4.98
96310,1588,30576,152,108316,35.00,-7.25,-4.96
96332,1467,30576,159,108404,35.00,-7.22,-4.96
96354,1723,30576,168,108485,35.00,-7.22,-4.99
96376,2063,30576,173,108571,35.00,-7.24,-4.99
96398,1703,30576,153,108645,35.00,-7.20,-4.95
96420,1718,30576,147,108713,35.00,-7.22,-4.93
96442,1645,30576,120,108787,35.00,-7.25,-4.98
96464,1707,30576,133,108844,35.00,-7.21,-4.97
96486,1639,30576,125,108885,35.00,-7.22,-4.99
96527,1548,30576,141,109094,35.00,-7.23,-4.97
96549,2135,30576,152,109152,35.00,-7.22,-4.98
96571,1351,30576,149,109202,35.00,-7.23,-4.99
96593,1444,30576,154,109232,35.00,-7.22,-4.97
96615,2094,30576,180,109246,35.00,-7.20,-4.94
96637,1830,30576,174,109143,35.00,-7.23,-4.96
96659,2089,30576,173,108694,35.00,-7.24,-5.01
96681,2175,30960,159,107941,35.00,-7.21,-4.99
96703,2153,30960,147,107386,35.00,-7.23,-5.00
96725,2213,30960,149,107208,35.00,-7.24,-4.97
96768,1967,30960,150,107275,35.00,-7.25,-4.95
96790,1801,30960,156,107353,35.00,-7.21,-5.04
96812,1709,31472,171,107479,35.00,-7.18,-4.95
96834,1675,31472,171,107656,35.00,-7.23,-4.97
96856,1737,31472,175,107810,35.00,-7.24,-4.96
96878,1829,31472,175,107878,35.00,-7.25,-4.95
96900,1819,31472,158,107917,35.00,-7.27,-4.96
96922,1861,31472,153,107948,35.00,-7.20,-4.96
96944,1813,31472,143,108003,35.00,-7.22,-4.98
96966,1695,31472,137,108075,35.00,-7.24,-4.98
97514,1587,31472,136,108335,35.89,-7.22,-4.99
97550,3382,31472,235,107268,35.00,-7.27,-4.98
97572,2331,31472,196,107438,35.00,-7.21,-5.01
97594,1139,32240,197,107619,35.00,-7.23,-4.93
97616,1019,32240,181,107730,35.00,-7.25,-4.97
97638,1002,32240,181,107799,35.00,-7.25,-4.98
97660,975,32240,159,107856,35.00,-7.25,-4.95
97682,1187,32240,156,107913,35.00,-7.23,-4.98
97704,1555,32752,139,107988,35.00,-7.26,-4.97
97726,1882,32752,145,108086,35.00,-7.24,-4.99
97748,1456,32752,131,108190,35.00,-7.24,-4.98
97790,1179,32752,137,108467,35.00,-7.24,-4.99
97812,1101,32240,145,108540,35.00,-7.24,-5.00
97834,1047,32752,151,108637,35.00,-7.25,-4.98
97856,1181,32752,169,108730,35.00,-7.22,-4.96
97878,1375,32240,174,108817,35.00,-7.20,-4.97
97900,1523,32240,178,108874,35.00,-7.26,-4.96
97922,1525,32752,157,108939,35.00,-7.25,-4.96
97944,1749,32240,149,108968,35.00,-7.25,-4.96
97966,1883,32752,137,108982,35.00,-7.20,-5.01
97988,1898,32240,134,108994,35.00,-7.24,-5.00
98534,1629,32752,123,109036,35.60,-7.19,-4.96
98572,0,32752,119,108451,35.00,-7.19,-5.01
98594,0,32752,109,108542,35.00,-7.19,-4.98
98616,1295,32752,139,108631,35.00,-7.22,-4.99
98638,1311,32752,147,108705,35.00,-7.22,-4.97
98660,1315,32752,155,108749,35.00,-7.21,-4.96
98682,1407,32752,155,108793,35.00,-7.24,-5.00
98704,1899,32752,155,108863,35.00,-7.25,-4.98
98726,2283,32240,145,108938,35.00,-7.21,-4.96
98748,2380,32240,147,109020,35.00,-7.24,-4.98
98770,2376,32240,139,109099,35.00,-7.21,-4.96
98792,2408,32240,148,109153,35.00,-7.21,-5.00
98833,2115,32240,146,108249,35.00,-7.26,-5.01
98855,1181,32240,117,107450,35.00,-7.24,-5.00
98877,1212,32240,139,107033,35.00,-7.24,-4.93
98899,1229,32240,141,106908,35.00,-7.23,-5.02
98921,1471,32240,148,106861,35.00,-7.20,-5.00
98943,1605,32240,141,106841,35.00,-7.18,-5.03
98965,1756,32240,136,106815,35.00,-7.27,-4.98
98987,1959,32240,127,106807,35.00,-7.26,-4.94
99555,2039,32240,121,106851,35.13,-7.22,-4.96
99595,2043,32240,157,106688,35.00,-7.23,-5.00
99617,1679,32240,151,106666,35.00,-7.22,-5.00
99639,2003,32240,188,106642,35.00,-7.21,-5.00
99661,2075,32240,209,106603,35.00,-7.24,-4.98
99683,2127,32240,213,106595,35.00,-7.22,-4.99
99705,2281,32240,199,106612,35.00,-7.22,-4.98
99727,2163,32752,185,106693,35.00,-7.24,-4.99
99749,1661,32752,155,106862,35.00,-7.23,-4.99
99771,1081,32752,133,107018,35.00,-7.21,-4.99
99793,927,32752,119,107099,35.00,-7.27,-4.95
99835,1006,32752,133,107238,35.00,-7.21,-4.96
99857,905,32752,143,107322,35.00,-7.21,-5.03
99879,905,32752,155,107428,35.00,-7.24,-4.99
99901,1032,32752,171,107521,35.00,-7.26,-4.93
99923,1215,32752,171,107622,35.00,-7.23,-4.96
99945,1159,32752,163,107718,35.00,-7.18,-4.97
99967,1187,32752,147,107817,35.00,-7.17,-4.99
99989,1243,32752,137,107920,35.00,-7.23,-4.95
100575,1331,32752,125,108021,35.23,-7.23,-4.97
100617,2205,32752,137,106814,35.00,-7.22,-4.95
100639,2205,32752,137,106900,35.00,-7.20,-4.95
100661,2423,32752,168,107002,35.00,-7.20,-4.97
100683,2133,32752,167,107124,35.00,-7.23,-4.98
100705,1847,32752,151,107253,35.00,-7.22,-4.96
100727,1773,32776,122,107385,35.00,-7.19,-4.95
100749,1452,32776,103,107516,35.00,-7.24,-4.97
100771,886,32752,72,107603,35.00,-7.22,-4.93
100793,0,32752,47,107654,35.00,-7.21,-4.97
100815,247,32752,42,107700,35.00,-7.24,-4.98
100837,347,32776,57,107756,35.00,-7.26,-4.95
100878,936,32776,87,107998,35.00,-7.22,-4.95
100900,717,32752,100,108096,35.00,-7.20,-4.97
100922,1709,32752,137,108149,35.00,-7.21,-4.99
100944,2773,32752,189,108023,35.00,-7.25,-5.00
100966,3838,32752,246,107458,35.00,-7.22,-4.96
100988,3853,32752,279,106777,35.00,-7.25,-4.99
101350,3858,32752,285,106411,35.87,-7.19,-5.00
101379,2743,32752,207,107118,35.00,-7.23,-5.01
101401,1997,32752,181,107211,35.00,-7.25,-4.96
101423,1823,32776,191,107296,35.00,-7.27,-4.95
101445,1745,32776,197,107341,35.00,-7.23,-4.93
101467,1651,32776,188,107381,35.00,-7.21,-4.99
101489,1609,32776,174,107414,35.00,-7.23,-5.00
101511,1712,32776,167,107458,35.00,-7.24,-4.98
101533,1597,32776,140,107511,35.00,-7.25,-4.98
101555,1429,32776,136,107559,35.00,-7.24,-4.95
101577,1161,32776,123,107604,35.00,-7.20,-4.99
101620,1049,32776,141,107688,35.00,-7.23,-4.99
101642,1336,32752,149,107649,35.00,-7.27,-4.99
101664,1095,32776,166,107361,35.00,-7.24,-4.95
101686,957,32776,167,106759,35.00,-7.23,-4.95
101708,1150,32776,157,106321,35.00,-7.20,-4.99
101730,1453,32776,156,106110,35.00,-7.26,-4.98
101752,1720,32752,165,106035,35.00,-7.22,-4.99
101774,1691,32752,151,106000,35.00,-7.24,-4.99
101796,1773,32776,157,105964,35.00,-7.29,-4.97
101818,2527,32776,175,105952,35.00,-7.21,-4.94
101860,2185,32776,191,106154,35.00,-7.25,-5.00
101882,1589,32752,151,106265,35.00,-7.24,-5.00
101904,1773,32752,185,106343,35.00,-7.24,-4.96
101926,1669,32776,191,106367,35.00,-7.25,-4.94
101948,1563,32752,185,106394,35.00,-7.21,-4.99
101970,1571,32776,169,106425,35.00,-7.25,-4.96
101992,1855,32776,168,106504,35.00,-7.23,-5.01
102361,1613,32752,138,106581,34.98,-7.23,-4.97
102401,1611,32752,144,106871,35.00,-7.24,-4.97
102423,1482,32776,143,106398,35.00,-7.24,-4.97
102445,1429,32752,159,106207,35.00,-7.24,-4.95
102467,1607,32776,163,106130,35.00,-7.23,-4.98
102489,1780,32752,175,106118,35.00,-7.26,-4.95
102511,1767,32776,167,106116,35.00,-7.27,-4.95
102533,1587,32776,151,106102,35.00,-7.23,-4.97
102555,1723,32776,140,106131,35.00,-7.23,-4.98
102577,1801,32776,139,106228,35.00,-7.24,-4.95
102599,1595,32776,125,106359,35.00,-7.24,-4.99
102621,1293,32776,125,106450,35.00,-7.22,-4.92
102662,1266,32776,139,106557,35.00,-7.23,-4.96
102684,1335,32776,141,106602,35.00,-7.22,-4.94
102706,1245,32776,155,106658,35.00,-7.24,-4.95
102728,1299,32776,163,106741,35.00,-7.25,-4.93
102750,1433,32776,166,106799,35.00,-7.21,-4.96
102772,1619,32776,155,106855,35.00,-7.21,-4.96
102794,1767,32776,151,106942,35.00,-7.22,-4.96
102816,1640,32776,127,107021,35.00,-7.22,-4.98
102838,1629,32776,133,107099,35.00,-7.20,-4.97
102860,1546,32776,117,107188,35.00,-7.24,-4.97
102903,1505,32776,132,107380,35.00,-7.24,-4.97
102925,1595,32752,140,107458,35.00,-7.21,-4.95
102947,1975,32752,171,107524,35.00,-7.26,-4.99
102969,2679,32752,207,107577,35.00,-7.20,-4.97
102991,767,32240,152,107650,35.00,-7.26,-4.92
103381,1455,32240,138,107708,35.63,-7.21,-4.96
103409,2437,31472,155,106379,35.00,-7.24,-4.98
103431,2404,31472,189,106428,35.00,-7.23,-4.93
103453,2197,32240,181,106504,35.00,-7.23,-4.98
103475,2265,31472,171,106573,35.00,-7.20,-4.97
103497,2381,30960,173,106653,35.00,-7.17,-4.93
103519,2493,30960,165,106710,35.00,-7.24,-5.00
103541,2107,30960,151,106797,35.00,-7.22,-4.97
103563,1845,30960,149,106885,35.00,-7.24,-5.00
103604,1809,31472,159,107089,35.00,-7.25,-4.96
103626,1851,31472,151,107121,35.00,-7.22,-5.01
103648,1383,31472,159,107155,35.00,-7.24,-4.98
103670,1171,31472,167,107181,35.00,-7.24,-4.99
103692,1507,30960,169,107215,35.00,-7.18,-4.96
103714,1959,31472,167,107299,35.00,-7.22,-4.98
103736,1991,31472,167,107365,35.00,-7.26,-5.03
103758,2165,31472,153,107428,35.00,-7.20,-4.96
103780,2411,31472,155,107466,35.00,-7.23,-4.99
103802,1927,31472,140,107492,35.00,-7.23,-4.96
103824,1572,31472,141,107449,35.00,-7.22,-4.98
103865,994,31472,138,106099,35.00,-7.24,-4.99
103887,1417,31472,151,105898,35.00,-7.23,-4.98
103909,1435,32240,171,105817,35.00,-7.24,-4.97
103931,1496,32240,167,105773,35.00,-7.22,-4.96
103953,1451,32752,165,105738,35.00,-7.24,-4.96
103975,1319,32752,155,105712,35.00,-7.21,-4.97
103997,1593,32752,153,105726,35.00,-7.25,-5.01
104401,1833,32752,140,105800,35.59,-7.22,-4.94
104429,2153,33288,133,106817,35.00,-7.21,-4.99
104451,923,32776,147,106901,35.00,-7.22,-4.98
104473,1076,33288,154,106992,35.00,-7.24,-4.95
104495,1785,33288,168,107099,35.00,-7.22,-4.92
104517,2479,33288,175,107193,35.00,-7.25,-4.98
104539,2363,34056,155,107037,35.00,-7.20,-4.94
104561,1901,34056,124,106506,35.00,-7.23,-4.98
104583,1420,33288,119,106020,35.00,-7.21,-5.01
104605,741,33288,115,105760,35.00,-7.25,-5.02
104647,301,33288,115,105512,35.00,-7.24,-4.98
104669,696,32776,116,105472,35.00,-7.25,-5.00
104691,782,32776,149,105445,35.00,-7.23,-4.97
104713,0,32776,117,105478,35.00,-7.24,-4.96
104735,0,32776,119,105568,35.00,-7.27,-4.98
104757,0,32776,109,105657,35.00,-7.19,-4.95
104779,0,32776,99,105709,35.00,-7.20,-4.99
104801,0,32752,77,105734,35.00,-7.22,-4.95
104823,0,32752,83,105753,35.00,-7.25,-4.98
104845,0,32752,87,105796,35.00,-7.24,-4.96
104888,687,32752,107,105990,35.00,-7.22,-5.01
104910,1891,32752,143,106078,35.00,-7.23,-4.99
104932,1151,32752,157,106164,35.00,-7.26,-4.99
104954,1893,32752,174,106230,35.00,-7.24,-5.02
104976,2491,32752,169,106321,35.00,-7.23,-5.01
104998,2685,32776,165,106396,35.00,-7.19,-4.96
105020,3833,32776,175,106462,35.00,-7.22,-4.99
105042,2541,33288,121,106531,35.00,-7.25,-4.97
105064,0,34056,95,106588,35.00,-7.25,-4.93
105086,859,34056,121,106631,35.00,-7.22,-4.96
105128,695,34056,109,106804,35.00,-7.25,-5.01
105150,765,34568,127,106868,35.00,-7.24,-4.99
105172,1195,34568,155,106945,35.00,-7.28,-4.95
105194,2207,34568,175,107026,35.00,-7.27,-4.95
105216,2847,34952,179,107077,35.00,-7.25,-4.97
105238,3276,34952,181,107040,35.00,-7.24,-4.97
105260,3849,34952,187,106734,35.00,-7.21,-5.01
105282,3371,34952,163,106164,35.00,-7.25,-5.05
105304,3795,35464,166,105760,35.00,-7.26,-4.94
105326,3683,35464,159,105532,35.00,-7.26,-4.96
105369,3629,35464,167,105247,35.00,-7.26,-4.98
105391,3507,35464,185,105190,35.00,-7.19,-4.96
105413,3496,35464,201,105174,35.00,-7.22,-4.93
105435,3849,35464,214,105175,35.00,-7.24,-4.98
105457,3863,35464,215,105241,35.00,-7.28,-4.97
105479,3857,35464,210,105354,35.00,-7.25,-5.00
105501,3844,36232,185,105452,35.00,-7.23,-4.95
105523,2778,36232,160,105497,35.00,-7.22,-5.02
105545,2312,36232,147,105516,35.00,-7.23,-4.96
105567,2071,36232,150,105551,35.00,-7.23,-4.93
105609,2577,36232,158,105746,35.00,-7.22,-4.98
105631,164,36232,105,105818,35.00,-7.20,-4.97
105653,409,36232,159,105895,35.00,-7.24,-4.94
105675,2065,36232,182,105972,35.00,-7.28,-4.97
105697,2314,36232,188,106057,35.00,-7.23,-4.96
105719,3123,36232,198,106138,35.00,-7.20,-4.97
105741,3355,36232,191,106227,35.00,-7.21,-5.01
105763,2197,36232,147,106303,35.00,-7.26,-4.97
105785,3380,35464,205,106370,35.00,-7.23,-4.96
105807,2329,34952,149,106438,35.00,-7.22,-4.97
105829,3555,34952,184,106502,35.00,-7.28,-4.96
105870,3835,34952,200,106675,35.00,-7.23,-4.96
105892,1992,34568,159,106759,35.00,-7.24,-4.92
105914,149,34568,140,106834,35.00,-7.23,-4.97
105936,1041,34056,172,106897,35.00,-7.20,-5.02
105958,1503,33288,183,106945,35.00,-7.19,-5.01
105980,1097,33288,169,106923,35.00,-7.22,-5.00
106697,1101,33288,156,106621,35.78,-7.21,-4.98
106732,1941,32752,167,105938,35.00,-7.23,-4.96
106754,1573,32752,141,105548,35.00,-7.23,-4.97
106776,1727,32752,167,105336,35.00,-7.25,-4.98
106798,1816,32776,173,105241,35.00,-7.24,-4.99
106820,1994,32752,179,105200,35.00,-7.25,-5.00
106842,1907,32752,157,105162,35.00,-7.22,-4.98
106864,339,32776,119,105136,35.00,-7.23,-4.94
106886,2595,32776,157,105132,35.00,-7.23,-4.96
106908,2841,32776,183,105175,35.00,-7.23,-5.01
106930,1338,32752,125,105282,35.00,-7.22,-4.99
106972,1834,32752,138,105528,35.00,-7.23,-5.00
106994,1789,32752,155,105557,35.00,-7.21,-4.94
107718,789,32240,164,105604,35.42,-7.21,-5.00
107754,1975,28784,171,105196,35.00,-7.24,-4.97
107776,2543,28784,169,105250,35.00,-7.23,-4.96
107798,2675,29296,190,105311,35.00,-7.22,-4.97
107820,2897,29296,207,105381,35.00,-7.24,-5.00
107842,3835,29296,232,105466,35.00,-7.24,-4.97
107864,2248,30064,189,105539,35.00,-7.21,-5.01
107886,3288,30576,212,105628,35.00,-7.20,-4.97
107908,2891,30576,175,105715,35.00,-7.20,-4.98
107930,2630,30576,165,105793,35.00,-7.23,-4.97
107952,2605,30576,155,105847,35.00,-7.23,-4.95
107974,2943,30576,172,105911,35.00,-7.22,-5.00
108739,3771,30576,200,106103,34.92,-7.26,-4.96
108777,1177,30064,137,106378,35.00,-7.19,-5.00
108799,1496,30064,121,106425,35.00,-7.24,-4.96
108821,1887,29296,147,106471,35.00,-7.22,-4.96
108843,1751,29296,141,106520,35.00,-7.23,-4.95
108865,1835,29296,147,106577,35.00,-7.22,-5.00
108887,2315,29296,146,106620,35.00,-7.22,-4.96
108909,2423,29296,147,106626,35.00,-7.20,-4.95
108931,2239,29296,135,106577,35.00,-7.24,-4.98
108953,2160,29296,137,106305,35.00,-7.20,-4.99
108975,2253,29296,137,105765,35.00,-7.26,-4.97
109759,2215,29296,154,104992,34.84,-7.24,-4.98
109799,1655,30960,135,105337,35.00,-7.22,-5.00
109821,1736,30960,125,105350,35.00,-7.23,-4.95
109843,1391,30960,142,105366,35.00,-7.22,-4.93
109865,1913,31472,153,105426,35.00,-7.20,-4.95
109887,2088,31472,167,105544,35.00,-7.25,-4.96
109909,2087,32240,157,105687,35.00,-7.24,-4.94
109931,2187,32240,152,105784,35.00,-7.23,-4.99
109953,2063,32240,125,105820,35.00,-7.21,-4.95
109975,2367,32240,127,105848,35.00,-7.24,-4.98
109997,2263,32240,121,105890,35.00,-7.25,-4.98
110525,1820,32752,127,105953,34.85,-7.24,-5.01
110561,1773,34568,179,105638,35.00,-7.22,-4.98
110583,1337,34568,145,105676,35.00,-7.22,-4.98
110605,1609,34568,164,105763,35.00,-7.26,-4.92
110627,1551,34952,173,105896,35.00,-7.21,-4.98
110649,1427,35464,173,106022,35.00,-7.20,-4.98
110671,1230,36232,157,106086,35.00,-7.21,-4.97
110693,1759,36744,152,106119,35.00,-7.23,-4.95
110715,1507,36744,125,106155,35.00,-7.22,-4.96
110737,1455,36936,127,106210,35.00,-7.23,-4.98
110759,1350,36936,115,106287,35.00,-7.19,-4.95
110781,1220,37448,123,106380,35.00,-7.24,-4.95
110822,1331,37448,137,106657,35.00,-7.21,-4.97
110844,1233,38216,135,106771,35.00,-7.22,-4.94
110866,1031,39112,155,106876,35.00,-7.25,-4.97
110888,1557,39112,167,106956,35.00,-7.26,-5.02
110910,1407,39624,155,107041,35.00,-7.21,-4.95
110932,1741,39624,142,107130,35.00,-7.24,-4.95
110954,2021,39624,140,107218,35.00,-7.22,-4.95
110976,1810,39624,123,107270,35.00,-7.19,-4.96
110998,1747,40392,116,107315,35.00,-7.22,-4.98
111020,2159,40392,121,107349,35.00,-7.21,-4.97
111062,2185,40904,142,107537,35.00,-7.26,-4.96
111084,1933,40904,137,107593,35.00,-7.27,-4.96
111106,1979,40904,153,107637,35.00,-7.23,-4.97
111128,951,40904,135,107628,35.00,-7.22,-4.97
111150,2629,40904,169,107494,35.00,-7.24,-4.98
111172,2847,40904,182,106935,35.00,-7.20,-4.97
111194,3159,40392,175,106187,35.00,-7.19,-5.00
111216,1785,39624,135,105754,35.00,-7.26,-4.95
111238,2525,39112,140,105581,35.00,-7.24,-4.97
111260,2430,39112,139,105525,35.00,-7.24,-4.98
111282,2171,38728,141,105510,35.00,-7.17,-4.97
111323,1991,38728,143,105519,35.00,-7.27,-5.01
111345,1428,38728,153,105580,35.00,-7.24,-5.01
111367,1379,38728,172,105673,35.00,-7.21,-4.98
111389,1677,38728,180,105717,35.00,-7.23,-4.99
111411,1533,38728,173,105727,35.00,-7.23,-5.01
111433,1629,38728,164,105731,35.00,-7.27,-5.01
111455,1514,39112,155,105776,35.00,-7.24,-4.95
111477,1493,38728,135,105818,35.00,-7.19,-4.95
111499,1567,38728,141,105881,35.00,-7.20,-4.98
111521,1520,38728,124,105966,35.00,-7.20,-4.95
111564,1575,38728,147,106235,35.00,-7.24,-4.96
111586,1139,38728,149,106322,35.00,-7.24,-4.96
111608,1227,38728,163,106389,35.00,-7.24,-4.97
111630,1340,38728,163,106429,35.00,-7.24,-4.97
111652,1279,38216,151,106480,35.00,-7.25,-4.98
111674,1229,38216,139,106533,35.00,-7.22,-4.99
111696,1520,38216,124,106570,35.00,-7.20,-4.97
111718,1957,37448,123,106600,35.00,-7.21,-5.00
111740,2300,37448,137,106659,35.00,-7.25,-4.99
111762,1587,37448,135,106731,35.00,-7.26,-4.97
111804,1367,37448,125,107009,35.00,-7.21,-4.98
111826,1118,38216,125,107056,35.00,-7.20,-4.98
111848,1553,38216,163,107063,35.00,-7.24,-4.98
111870,1144,38216,160,106879,35.00,-7.26,-4.97
111892,1501,38216,159,106346,35.00,-7.24,-4.95
111914,2103,38216,163,105801,35.00,-7.24,-4.98
111936,1927,38728,155,105520,35.00,-7.22,-5.00
111958,1531,38728,127,105404,35.00,-7.24,-4.97
111980,1653,38728,125,105379,35.00,-7.23,-4.98
112566,1928,38728,134,105388,35.63,-7.26,-4.99
112606,1958,36232,155,106480,35.00,-7.27,-4.97
112628,2127,36232,139,105880,35.00,-7.24,-4.96
112650,1863,36232,167,105587,35.00,-7.23,-4.96
112672,2457,36232,185,105466,35.00,-7.22,-4.95
112694,2037,35464,172,105419,35.00,-7.25,-4.95
112716,2514,35464,165,105390,35.00,-7.26,-4.98
112738,2659,35464,171,105376,35.00,-7.25,-4.97
112760,2779,35464,150,105379,35.00,-7.21,-4.95
112782,2467,35464,151,105402,35.00,-7.25,-4.99
112804,2311,34952,137,105496,35.00,-7.19,-4.99
112826,1948,34952,149,105585,35.00,-7.23,-4.98
112867,1958,34952,157,105596,35.00,-7.24,-4.95
112889,1749,34952,157,105639,35.00,-7.20,-4.95
112911,1689,34952,167,105681,35.00,-7.27,-5.01
112933,1391,34952,167,105741,35.00,-7.23,-5.01
112955,1917,34952,170,105807,35.00,-7.21,-4.99
112977,2141,35464,169,105876,35.00,-7.22,-4.95
112999,2070,35464,152,105966,35.00,-7.25,-4.96
113021,1705,36232,125,106042,35.00,-7.28,-4.99
113043,1375,36232,110,106140,35.00,-7.19,-4.98
113065,1528,36232,131,106224,35.00,-7.23,-4.95
113107,1547,36744,151,106393,35.00,-7.26,-4.97
113129,1237,36744,135,106433,35.00,-7.22,-5.01
113151,1363,36744,155,106493,35.00,-7.27,-5.00
113173,1721,36744,178,106540,35.00,-7.23,-4.99
113195,1053,36232,165,106621,35.00,-7.22,-4.96
113217,1459,36232,141,106699,35.00,-7.23,-4.94
113239,1947,36744,151,106755,35.00,-7.22,-4.97
113261,3795,36744,172,106799,35.00,-7.26,-4.96
113283,1375,36936,119,106808,35.00,-7.21,-5.00
113305,995,36936,104,106545,35.00,-7.20,-4.99
113327,2439,36936,141,105977,35.00,-7.28,-4.97
113368,2005,36936,157,105135,35.00,-7.24,-4.96
113390,1055,36936,135,105053,35.00,-7.22,-4.98
113412,1251,36744,149,104996,35.00,-7.24,-4.95
113434,1647,36232,165,104938,35.00,-7.23,-4.97
113456,1631,34952,166,104889,35.00,-7.20,-4.97
113478,1560,34568,141,104871,35.00,-7.23,-4.98
113500,1705,34056,141,104926,35.00,-7.22,-4.98
113522,1797,33288,125,105008,35.00,-7.20,-4.97
113544,1722,32776,121,105076,35.00,-7.24,-4.98
113566,1716,32752,123,105107,35.00,-7.23,-5.01
113609,1767,32752,139,105249,35.00,-7.23,-5.01
113631,1364,17680,139,105331,35.00,-7.24,-5.01
113653,1491,5440,153,105405,35.00,-7.23,-4.96
113675,1529,1280,150,105471,35.00,-7.22,-4.96
113697,2285,512,179,105534,35.00,-7.27,-4.98
113719,2078,512,157,105601,35.00,-7.24,-4.96
113741,1676,1280,132,105673,35.00,-7.22,-5.01
113763,1781,2688,137,105742,35.00,-7.21,-4.97
113785,2203,3968,147,105791,35.00,-7.21,-4.92
113807,2352,4672,147,105848,35.00,-7.23,-4.96
113849,1834,5952,138,106021,35.00,-7.26,-5.00
113871,1594,10016,147,106085,35.00,-7.22,-4.98
113893,2057,13664,175,106157,35.00,-7.21,-4.97
113915,2153,16400,171,106227,35.00,-7.24,-4.94
113937,2103,18576,172,106302,35.00,-7.24,-4.98
113959,2109,19856,157,106350,35.00,-7.24,-4.96
113981,1739,20560,151,106348,35.00,-7.23,-4.97
114351,3115,21840,165,106070,35.44,-7.20,-4.98
114391,1333,25904,151,105302,35.00,-7.19,-4.97
114413,1019,25904,143,105407,35.00,-7.22,-4.98
114435,1259,26416,153,105520,35.00,-7.22,-4.96
114457,1865,26416,170,105611,35.00,-7.20,-4.96
114479,1657,26416,150,105701,35.00,-7.21,-4.95
114501,1743,26416,147,105778,35.00,-7.19,-4.97
114523,1895,26800,133,105850,35.00,-7.23,-4.97
114545,1939,26800,126,105909,35.00,-7.24,-4.98
114567,1965,26800,125,105966,35.00,-7.21,-4.99
114589,1797,26800,121,106015,35.00,-7.23,-4.97
114631,1583,26800,139,106309,35.00,-7.24,-4.99
114653,1327,26800,143,106385,35.00,-7.22,-4.98
114675,1515,26800,155,106428,35.00,-7.28,-4.94
114697,1659,27312,165,106457,35.00,-7.23,-4.99
114719,1775,27312,159,106291,35.00,-7.23,-5.00
114741,1868,27312,153,105770,35.00,-7.26,-4.96
114763,1895,27312,135,105305,35.00,-7.23,-5.01
114785,1816,27312,133,105058,35.00,-7.25,-4.98
114807,1641,27312,118,104937,35.00,-7.18,-4.96
114829,1598,27312,120,104875,35.00,-7.25,-4.92
114851,1644,27312,127,104846,35.00,-7.24,-4.96
114892,1679,28080,146,104817,35.00,-7.22,-4.96
114914,1560,28080,149,104920,35.00,-7.21,-4.98
114936,1645,28080,159,105060,35.00,-7.21,-4.99
114958,1675,28080,164,105149,35.00,-7.27,-5.00
114980,1678,28080,157,105195,35.00,-7.23,-4.99
115372,1889,28080,151,105224,35.50,-7.20,-4.95
115413,1639,28592,149,106647,35.00,-7.22,-4.94
115435,2414,28592,175,106609,35.00,-7.23,-4.94
115457,1295,28592,157,106241,35.00,-7.23,-4.97
115479,1646,28784,167,105672,35.00,-7.22,-4.99
115501,1967,28784,174,105283,35.00,-7.25,-4.99
115523,1927,28784,159,105094,35.00,-7.23,-4.98
115545,1847,28784,149,105020,35.00,-7.21,-4.95
115567,1779,28592,135,104986,35.00,-7.22,-4.93
115589,1755,28784,133,104952,35.00,-7.28,-4.96
115611,1701,28784,123,104935,35.00,-7.24,-4.99
115633,1350,28784,143,104965,35.00,-7.19,-4.98
115674,1421,28784,148,105251,35.00,-7.23,-5.00
115696,1303,28784,153,105322,35.00,-7.22,-4.97
115718,1252,28784,153,105350,35.00,-7.27,-4.96
115740,1221,28784,153,105371,35.00,-7.22,-4.99
115762,1647,28784,153,105430,35.00,-7.20,-4.98
115784,1366,29296,140,105495,35.00,-7.24,-4.92
115806,1407,28784,115,105572,35.00,-7.23,-4.99
115828,1293,28784,110,105654,35.00,-7.25,-4.99
115850,1355,29296,103,105730,35.00,-7.23,-4.93
115872,1323,29296,109,105819,35.00,-7.21,-4.98
115915,1100,29296,119,106081,35.00,-7.22,-5.00
115937,1210,29296,125,106177,35.00,-7.24,-4.93
115959,1400,29296,140,106243,35.00,-7.25,-4.95
115981,1391,29296,139,106314,35.00,-7.24,-4.98
116392,1619,29296,135,106366,36.07,-7.21,-5.01
116420,1908,30576,149,105461,35.00,-7.21,-4.95
116442,1877,30576,179,105517,35.00,-7.23,-4.95
116464,2035,30576,173,105543,35.00,-7.22,-4.94
116486,1937,30576,158,105567,35.00,-7.21,-5.00
116508,2275,30576,152,105615,35.00,-7.25,-4.97
116530,1913,30576,139,105692,35.00,-7.21,-4.99
116552,1711,30576,133,105774,35.00,-7.25,-4.96
116574,1773,30576,139,105840,35.00,-7.24,-4.98
116616,1416,30576,142,106095,35.00,-7.24,-4.95
116638,1015,30576,148,106193,35.00,-7.23,-4.98
116660,1243,30576,151,106271,35.00,-7.23,-4.97
116682,1065,30576,153,106361,35.00,-7.21,-4.98
116704,1335,30576,152,106444,35.00,-7.19,-4.97
116726,1479,30960,137,106505,35.00,-7.24,-4.98
116748,1541,30960,125,106559,35.00,-7.21,-4.99
116770,1397,30960,111,106605,35.00,-7.21,-4.94
116792,1289,30960,109,106658,35.00,-7.19,-4.96
116814,1271,30576,114,106738,35.00,-7.21,-5.00
116836,1208,30960,125,106830,35.00,-7.23,-4.96
116877,1020,30960,125,107044,35.00,-7.23,-5.00
116899,1068,30576,134,107067,35.00,-7.23,-4.98
116921,1203,30576,149,106936,35.00,-7.26,-4.95
116943,1287,30576,142,106428,35.00,-7.20,-4.95
116965,1370,30960,135,105808,35.00,-7.26,-4.97
116987,1645,30960,132,105448,35.00,-7.24,-5.01
117413,1785,30960,109,105308,36.54,-7.21,-5.01
117442,2169,30960,135,106400,35.00,-7.22,-4.94
117464,1967,30960,175,106467,35.00,-7.24,-4.99
117486,2015,30960,157,106527,35.00,-7.27,-4.94
117508,2409,30576,171,106574,35.00,-7.23,-4.94
117530,2659,30576,155,106655,35.00,-7.24,-4.95
117552,2063,30576,135,106746,35.00,-7.23,-4.97
117574,2283,30576,141,106839,35.00,-7.26,-5.01
117596,2043,30576,141,106920,35.00,-7.21,-4.99
117618,1769,30576,147,107003,35.00,-7.22,-4.96
117659,1773,30576,163,106359,35.00,-7.21,-4.95
117681,1831,30576,167,105755,35.00,-7.19,-4.98
117703,1692,30960,171,105422,35.00,-7.23,-5.01
117725,1740,30960,171,105268,35.00,-7.21,-4.97
117747,1883,30960,169,105209,35.00,-7.21,-5.02
117769,1983,30960,157,105172,35.00,-7.23,-4.96
117791,1948,30960,145,105137,35.00,-7.24,-4.95
117813,1832,30960,141,105130,35.00,-7.22,-4.99
117835,1772,30960,143,105138,35.00,-7.21,-4.99
117857,1769,30960,147,105238,35.00,-7.22,-5.00
117899,1709,30960,155,105561,35.00,-7.26,-4.99
117921,1643,30960,173,105590,35.00,-7.23,-5.00
117943,1767,30960,177,105632,35.00,-7.23,-4.98
117965,1819,30960,180,105689,35.00,-7.24,-4.99
117987,1805,30960,173,105762,35.00,-7.21,-4.99
118433,1955,30960,169,105851,35.24,-7.23,-4.97
118462,1797,30960,141,105285,35.00,-7.20,-4.97
118484,1340,30960,167,105224,35.00,-7.19,-4.99
118506,1493,30960,175,105162,35.00,-7.24,-5.00
118528,1719,30960,180,105128,35.00,-7.20,-4.97
118550,1851,30960,167,105119,35.00,-7.27,-4.98
118572,1914,30960,155,105160,35.00,-7.22,-4.97
118594,1851,30960,149,105270,35.00,-7.21,-4.98
118616,1869,30960,141,105395,35.00,-7.23,-4.99
118638,1847,30960,147,105509,35.00,-7.22,-4.97
118660,1763,30960,163,105552,35.00,-7.22,-4.99
118701,1747,30960,167,105729,35.00,-7.24,-4.96
118723,1749,30960,178,105801,35.00,-7.21,-4.97
118745,1783,30960,182,105891,35.00,-7.23,-5.03
118767,1845,30960,189,105985,35.00,-7.23,-4.97
118789,1970,30960,183,106083,35.00,-7.22,-4.97
118811,1949,30960,179,106180,35.00,-7.19,-4.97
118833,1945,30960,159,106262,35.00,-7.23,-4.98
118855,1967,30960,151,106355,35.00,-7.24,-4.96
118877,1875,31472,143,106447,35.00,-7.23,-4.97
118899,1785,30960,148,106530,35.00,-7.27,-4.96
118921,1659,31472,159,106612,35.00,-7.20,-4.98
118962,1577,30960,169,106815,35.00,-7.25,-4.95
118984,1519,30960,171,106901,35.00,-7.24,-4.97
119708,1449,30960,175,106987,35.57,-7.20,-5.01
119744,2073,30960,179,107055,35.00,-7.24,-4.93
119766,1912,30960,175,107152,35.00,-7.23,-5.02
119788,2091,31472,185,107234,35.00,-7.26,-4.97
119810,1973,31472,183,107297,35.00,-7.25,-4.95
119832,2263,31472,181,107324,35.00,-7.21,-4.98
119854,2546,31472,179,107101,35.00,-7.23,-5.01
119876,2092,31472,153,106484,35.00,-7.02,-4.83
119898,2151,31472,153,105836,35.00,-7.26,-5.00
119920,2058,31472,146,105514,35.00,-7.21,-5.00
119942,2045,31472,151,105397,35.00,-7.17,-4.95
119984,1419,31472,149,105233,35.00,-7.19,-4.98
120729,2107,31472,185,105205,35.82,-7.23,-5.01
120766,2007,32240,168,105293,35.00,-7.20,-4.98
120788,1742,32240,153,105391,35.00,-7.20,-4.98
120810,1751,32240,173,105538,35.00,-7.23,-4.97
120832,2245,32240,201,105642,35.00,-7.23,-4.98
120854,2695,32240,199,105692,35.00,-7.20,-5.01
120876,2573,32240,179,105715,35.00,-7.24,-4.97
120898,3269,32752,233,105765,35.00,-7.24,-4.95
120920,3816,33288,265,105821,35.00,-7.24,-4.97
120942,1135,36232,88,105895,35.00,-7.24,-4.99
120964,0,40904,90,105975,35.00,-7.20,-4.96
120986,2581,41512,210,106064,35.00,-7.23,-4.99
121027,3423,42280,172,106317,35.00,-7.24,-4.97
121049,1211,42280,137,106421,35.00,-7.21,-5.00
121071,1711,41512,157,106518,35.00,-7.19,-4.96
121093,1909,37448,181,106600,35.00,-7.22,-4.95
121115,2135,33288,187,106680,35.00,-7.26,-4.96
121137,1973,32752,159,106741,35.00,-7.23,-5.00
121159,2607,32752,179,106822,35.00,-7.18,-5.01
121181,3630,32752,197,106890,35.00,-7.22,-4.99
121203,3082,32752,157,106967,35.00,-7.23,-4.98
121225,2123,32240,163,107048,35.00,-7.25,-4.94
121267,2821,32240,188,107300,35.00,-7.21,-4.99
121289,1901,32752,175,107359,35.00,-7.22,-4.99
121311,2595,32240,220,107300,35.00,-7.21,-4.96
121333,2775,32752,263,106861,35.00,-7.21,-4.97
121355,2695,32240,249,106162,35.00,-7.26,-4.97
121377,2727,32240,235,105711,35.00,-7.23,-4.94
121399,3454,32752,269,105528,35.00,-7.24,-5.00
121421,3805,32752,236,105453,35.00,-7.23,-5.01
121443,3831,32776,307,105392,35.00,-7.26,-4.97
121465,3852,33288,349,105365,35.00,-7.21,-4.93
121487,3871,34056,521,105349,35.00,-7.23,-4.98
121528,3877,34056,1081,105580,35.00,-7.24,-5.01
121550,3853,34568,1555,105703,35.00,-7.24,-5.01
121572,3860,34952,1100,105799,35.00,-7.24,-4.95
121594,3837,34568,781,105839,35.00,-7.21,-4.97
121616,3839,32776,639,105881,35.00,-7.18,-5.04
121638,3832,32752,431,105936,35.00,-7.17,-4.99
121660,1431,32240,185,106021,35.00,-7.20,-4.98
121682,267,32240,115,106096,35.00,-7.27,-4.96
121704,0,32776,86,106184,35.00,-7.26,-4.94
121726,0,33288,56,106276,35.00,-7.23,-5.00
121769,0,32752,71,106544,35.00,-7.23,-4.99
121791,0,32240,101,106632,35.00,-7.28,-4.94
121813,0,32752,103,106715,35.00,-7.26,-4.95
121835,0,32752,81,106779,35.00,-7.19,-4.93
121857,0,32752,51,106862,35.00,-7.25,-4.99
121879,0,32752,51,106930,35.00,-7.22,-5.00
121901,0,32752,57,106985,35.00,-7.24,-5.01
121923,0,32240,103,107033,35.00,-7.20,-4.96
121945,0,32240,163,107086,35.00,-7.26,-4.99
121967,843,32240,231,107176,35.00,-7.22,-4.96
122515,251,32752,189,107439,35.29,-7.25,-4.99
122551,2931,52632,189,106246,35.00,-7.23,-4.99
122573,3692,53144,181,106336,35.00,-7.22,-4.99
122595,2846,53848,175,106410,35.00,-7.23,-4.96
122617,3080,53336,185,106457,35.00,-7.19,-4.97
122639,2203,54616,165,106518,35.00,-7.24,-5.02
122661,1259,55128,131,106576,35.00,-7.16,-4.98
122683,3863,55128,149,106628,35.00,-7.17,-4.98
122705,3854,56024,139,106700,35.00,-7.28,-5.00
122727,3859,57400,146,106766,35.00,-7.22,-4.96
122749,3851,58680,147,106844,35.00,-7.22,-4.99
122791,3851,61368,159,106946,35.00,-7.26,-4.98
122813,3821,65540,181,106739,35.00,-7.25,-4.99
122835,3555,66820,173,106144,35.00,-7.26,-4.97
122857,3831,67332,181,105560,35.00,-7.24,-4.96
122879,3631,67332,171,105242,35.00,-7.24,-5.00
122901,2478,67716,139,105063,35.00,-7.24,-4.96
122923,2373,67332,113,104971,35.00,-7.26,-4.97
122945,3102,65528,136,104887,35.00,-7.24,-4.99
122967,2521,64248,119,104817,35.00,-7.23,-5.00
122989,2125,62840,135,104758,35.00,-7.23,-4.95
123032,2344,61560,139,104878,35.00,-7.24,-4.96
123054,2459,60088,181,104980,35.00,-7.23,-4.97
123076,2164,60088,175,105054,35.00,-7.23,-5.02
123098,1848,60088,185,105073,35.00,-7.24,-4.96
123120,1529,59576,153,105104,35.00,-7.22,-4.96
123142,2895,59576,171,105160,35.00,-7.19,-4.98
123164,3482,59576,173,105214,35.00,-7.24,-4.99
123186,2205,59576,147,105286,35.00,-7.24,-4.97
123208,1935,59576,125,105353,35.00,-7.25,-4.99
123230,1945,59576,139,105429,35.00,-7.21,-4.97
123272,1813,59576,147,105640,35.00,-7.20,-5.00
123294,947,59576,140,105691,35.00,-7.20,-4.97
123316,1467,59192,160,105752,35.00,-7.19,-4.98
123338,1433,59192,163,105820,35.00,-7.24,-5.00
123360,1419,59192,148,105889,35.00,-7.25,-4.97
123382,229,59192,117,105942,35.00,-7.24,-4.99
123404,787,59576,120,105974,35.00,-7.17,-4.96
123426,1367,62072,109,106009,35.00,-7.23,-4.97
123448,1419,64248,101,106063,35.00,-7.23,-4.98
123470,1101,65016,117,106133,35.00,-7.23,-4.96
123492,1853,63736,142,106218,35.00,-7.27,-5.00
123533,2285,61368,166,106426,35.00,-7.22,-5.00
123555,1339,59576,141,106427,35.00,-7.22,-5.00
123577,1326,59192,147,106139,35.00,-7.21,-4.95
123599,2293,59192,171,105559,35.00,-7.25,-4.96
123621,1863,59192,159,105152,35.00,-7.22,-4.98
123643,1605,59192,138,104910,35.00,-7.22,-4.99
123665,1715,59192,119,104793,35.00,-7.22,-5.00
123687,2271,59192,125,104713,35.00,-7.23,-4.98
123709,1915,59192,122,104636,35.00,-7.22,-4.96
123731,1819,59192,134,104564,35.00,-7.20,-5.00
123774,1526,59192,133,104601,35.00,-7.24,-4.91
123796,2009,59192,160,104704,35.00,-7.22,-4.98
123818,3321,59192,210,104767,35.00,-7.22,-4.96
123840,1589,59192,172,104787,35.00,-7.21,-4.98
123862,1395,60856,147,104812,35.00,-7.25,-4.96
123884,2201,61560,139,104837,35.00,-7.24,-4.94
123906,3813,61560,176,104875,35.00,-7.22,-4.97
123928,2421,60088,152,104947,35.00,-7.24,-4.96
123950,1752,59576,133,105010,35.00,-7.27,-5.02
123972,1433,59192,135,105074,35.00,-7.23,-5.00
124556,2639,59576,173,105303,35.70,-7.23,-4.99
124596,2025,57912,171,104433,35.00,-7.21,-4.97
124618,1514,57304,173,104481,35.00,-7.20,-4.97
124640,2127,57912,184,104520,35.00,-7.26,-5.00
124662,661,57304,158,104551,35.00,-7.21,-5.00
124684,3861,54616,223,104610,35.00,-7.23,-4.95
124706,2185,53144,156,104663,35.00,-7.19,-4.99
124728,1637,52632,135,104726,35.00,-7.21,-5.01
124750,1641,52632,135,104795,35.00,-7.21,-4.98
124772,1863,52632,143,104851,35.00,-7.24,-4.95
124794,538,50968,121,104918,35.00,-7.24,-4.96
124836,1291,50968,168,105082,35.00,-7.23,-4.95
124858,1205,55128,169,105127,35.00,-7.23,-5.00
124880,791,57400,167,105185,35.00,-7.24,-4.96
124902,537,58680,155,105232,35.00,-7.28,-4.97
124924,0,57912,135,105274,35.00,-7.21,-4.93
124946,1,59192,136,105328,35.00,-7.24,-4.96
124968,0,60856,111,105405,35.00,-7.22,-4.97
124990,2917,60856,164,105468,35.00,-7.23,-4.96
125576,3087,59576,143,105527,35.18,-7.25,-4.94
125618,3847,30576,187,105019,35.00,-7.20,-5.04
125640,2684,27312,173,105074,35.00,-7.24,-4.96
125662,1238,27312,152,105133,35.00,-7.22,-5.02
125684,133,28080,149,105178,35.00,-7.21,-4.98
125706,2571,28080,183,105223,35.00,-7.27,-4.96
125728,3451,28592,179,105265,35.00,-7.25,-4.99
125750,3769,28784,169,105324,35.00,-7.20,-5.01
125772,2457,29296,141,105363,35.00,-7.18,-5.04
125794,3446,30064,152,105406,35.00,-7.25,-4.96
125816,2683,62072,143,105412,35.00,-7.23,-4.95
125859,2775,83220,157,104545,35.00,-7.23,-4.99
125881,1920,63352,140,104284,35.00,-7.21,-4.96
125903,2547,111212,211,104141,35.00,-7.24,-4.99
125925,3848,137026,200,104052,35.00,-7.26,-4.94
125947,3847,144738,184,103970,35.00,-7.24,-4.98
125969,2937,147426,151,103901,35.00,-7.23,-5.00
125991,1309,149650,107,103836,35.00,-7.22,-4.97
126597,2423,150162,127,103800,35.42,-7.26,-5.00
126628,1711,12384,152,104448,35.00,-7.21,-4.95
126650,1435,13664,143,104155,35.00,-7.24,-5.02
126672,1724,14560,131,103947,35.00,-7.16,-5.00
126694,2313,16352,147,103848,35.00,-7.25,-4.98
126716,1949,17680,135,103792,35.00,-7.23,-4.95
126738,991,18576,126,103752,35.00,-7.21,-5.00
126760,659,19856,126,103720,35.00,-7.21,-4.97
126801,574,21072,149,103856,35.00,-7.30,-4.97
126823,249,28784,151,103939,35.00,-7.26,-4.94
126845,735,30576,149,103978,35.00,-7.24,-4.96
126867,1449,32240,168,104017,35.00,-7.19,-4.98
126889,1183,32752,149,104062,35.00,-7.20,-4.99
126911,1081,32752,135,104095,35.00,-7.19,-5.01
126933,1097,32776,119,104152,35.00,-7.28,-4.93
126955,1511,33288,123,104215,35.00,-7.21,-4.96
126977,1343,34056,111,104271,35.00,-7.21,-4.98
126999,2211,34568,137,104328,35.00,-7.21,-4.98
127042,2250,34952,137,104532,35.00,-7.26,-5.01
127064,0,35464,119,104597,35.00,-7.15,-4.96
127086,0,36744,117,104659,35.00,-7.28,-4.94
127108,0,36744,117,104702,35.00,-7.24,-4.95
127130,1085,36744,124,104732,35.00,-7.20,-4.97
127152,1579,36936,119,104777,35.00,-7.22,-5.01
127174,1589,36936,105,104812,35.00,-7.22,-4.98
127196,631,36936,92,104847,35.00,-7.22,-4.99
127218,1369,37448,115,104867,35.00,-7.26,-4.97
127240,1943,37448,139,104911,35.00,-7.23,-4.95
127282,1647,38216,136,105100,35.00,-7.22,-4.99
127304,0,37448,104,105121,35.00,-7.20,-4.99
127326,2413,38728,178,105127,35.00,-7.23,-4.97
127348,2216,39112,191,105077,35.00,-7.25,-4.96
127370,215,39624,134,104794,35.00,-7.25,-4.98
127392,3419,40392,219,104419,35.00,-7.21,-5.00
127414,2441,40392,173,104141,35.00,-7.19,-4.97
127436,1179,40392,143,103976,35.00,-7.23,-5.00
127458,3861,40904,197,103900,35.00,-7.24,-5.00
127480,3480,40904,187,103876,35.00,-7.29,-4.97
127502,3766,41000,217,103874,35.00,-7.20,-4.97
127543,3115,41000,215,103994,35.00,-7.22,-4.95
127565,3821,41000,208,104100,35.00,-7.26,-4.97
127587,3197,41512,203,104176,35.00,-7.25,-4.93
127609,2763,41512,187,104191,35.00,-7.21,-4.99
127631,2701,41512,171,104237,35.00,-7.21,-4.98
127653,3251,41512,155,104273,35.00,-7.25,-5.03
127675,2879,42280,135,104350,35.00,-7.22,-5.00
127697,2151,42280,121,104418,35.00,-7.24,-4.95
127719,2503,42280,119,104491,35.00,-7.23,-4.96
127741,2413,42280,95,104551,35.00,-7.23,-4.93
127783,1757,42280,89,104788,35.00,-7.24,-4.92
127805,1545,42280,95,104873,35.00,-7.24,-4.96
127827,1234,42280,75,104958,35.00,-7.24,-4.96
127849,941,42280,72,105031,35.00,-7.24,-4.98
127871,0,42280,69,105113,35.00,-7.24,-5.03
127893,346,42280,88,105194,35.00,-7.22,-4.98
127915,1107,42792,69,105260,35.00,-7.20,-4.96
127937,955,42792,45,105307,35.00,-7.21,-4.98
127959,41,42792,24,105373,35.00,-7.26,-4.94
127981,0,42792,31,105453,35.00,-7.23,-4.96
128383,0,42792,29,105534,36.28,-7.23,-4.96
128425,2285,42792,199,104643,35.00,-7.26,-4.99
128447,2015,42792,184,104716,35.00,-7.21,-4.97
128469,1213,42792,175,104767,35.00,-7.23,-5.00
128491,1549,42792,170,104811,35.00,-7.21,-4.97
128513,1503,43176,143,104865,35.00,-7.21,-4.97
128535,1557,42792,120,104902,35.00,-7.26,-4.98
128557,1378,43176,109,104944,35.00,-7.29,-5.02
128579,925,43176,100,104994,35.00,-7.15,-4.92
128601,729,43176,115,105029,35.00,-7.28,-4.99
128623,659,43176,147,105057,35.00,-7.37,-5.11
128665,681,42792,164,105158,35.00,-7.26,-4.99
128687,1481,42792,169,105207,35.00,-7.28,-5.05
128709,1619,42792,180,105235,35.00,-7.23,-4.98
128731,1685,42792,186,105272,35.00,-7.24,-4.93
128753,1510,42792,181,105314,35.00,-7.19,-4.93
128775,1385,42792,181,105346,35.00,-7.30,-5.04
128797,1990,42792,180,105343,35.00,-7.21,-4.92
128819,2147,42792,175,105187,35.00,-7.12,-4.91
128841,1547,42792,166,104819,35.00,-7.22,-4.99
128863,1045,42792,181,104476,35.00,-7.34,-5.07
128885,1609,42792,181,104214,35.00,-7.42,-5.08
128926,574,42792,169,103979,35.00,-7.21,-4.99
128948,506,42792,151,103949,35.00,-7.22,-4.98
128970,1131,42792,133,103931,35.00,-7.24,-4.98
128992,174,42792,133,103966,35.00,-7.14,-4.95
129403,303,42792,150,104040,35.82,-7.28,-5.02
129431,3871,42280,262,105005,35.00,-7.16,-4.93
129453,2409,41512,267,105056,35.00,-7.64,-5.34
129475,2278,42280,264,105062,35.00,-7.61,-5.27
129497,1779,42280,249,105065,35.00,-7.11,-4.87
129519,1447,42280,227,104908,35.00,-7.19,-4.92
129541,1157,42280,221,104552,35.00,-7.13,-4.89
129563,1147,42280,233,104200,35.00,-7.23,-4.99
129585,1196,41512,253,103934,35.00,-7.33,-4.99
129607,1109,42280,271,103777,35.00,-7.22,-4.97
129648,906,42280,313,103498,35.00,-7.19,-4.99
129670,971,41512,338,103453,35.00,-7.28,-4.98
129692,853,41512,355,103426,35.00,-7.23,-4.97
129714,1070,41512,372,103447,35.00,-7.20,-4.96
129736,1461,41512,411,103527,35.00,-7.25,-4.98
129758,1841,41000,458,103596,35.00,-7.24,-4.98
129780,1677,41000,469,103647,35.00,-7.24,-4.95
129802,1491,40904,491,103675,35.00,-7.22,-4.97
129824,1397,40904,505,103701,35.00,-7.21,-4.96
129846,398,40904,443,103737,35.00,-7.20,-5.00
129888,0,40904,365,103898,35.00,-7.22,-4.98
129910,0,41000,315,103943,35.00,-7.21,-4.98
129932,0,41000,285,103980,35.00,-7.24,-5.00
129954,0,41512,263,104028,35.00,-7.25,-4.99
129976,0,41512,233,104072,35.00,-7.23,-5.00
129998,0,41512,215,104120,35.00,-7.23,-4.96
130020,0,41512,219,104172,35.00,-7.21,-4.94
130042,995,41512,229,104210,35.00,-7.24,-4.96
130064,1693,41512,233,104258,35.00,-7.25,-4.98
130086,2259,41512,253,104301,35.00,-7.21,-4.97
130108,1901,41512,238,104360,35.00,-7.20,-4.99
130149,121,41512,189,104510,35.00,-7.19,-4.92
130171,0,41000,188,104551,35.00,-7.24,-5.01
130193,455,41000,216,104543,35.00,-7.19,-4.96
130215,517,41000,184,104322,35.00,-7.22,-4.97
130237,0,41512,159,103989,35.00,-7.22,-4.98
130259,0,41000,178,103694,35.00,-7.23,-5.00
130281,0,41512,175,103491,35.00,-7.21,-4.96
130303,0,41512,233,103368,35.00,-7.19,-4.92
130325,0,41512,205,103267,35.00,-7.24,-4.95
130347,1306,41512,171,103189,35.00,-7.24,-4.97
130390,345,41512,124,103140,35.00,-7.26,-4.98
130412,39,41512,146,103240,35.00,-7.27,-4.97
130434,243,41512,155,103349,35.00,-7.19,-4.99
130456,407,41512,152,103416,35.00,-7.25,-4.98
130478,327,41512,142,103467,35.00,-7.23,-4.98
130500,765,41512,165,103497,35.00,-7.28,-4.95
130522,1173,41512,157,103530,35.00,-7.23,-4.96
130544,283,41512,103,103590,35.00,-7.27,-5.00
130566,0,41512,79,103638,35.00,-7.22,-4.98
130588,0,41512,90,103694,35.00,-7.20,-4.96
130630,0,41512,99,103890,35.00,-7.22,-5.00
130652,489,41000,125,103942,35.00,-7.22,-4.98
130674,1421,41000,171,104024,35.00,-7.23,-4.97
130696,1804,41000,175,104099,35.00,-7.23,-5.00
130718,0,40904,180,104173,35.00,-7.21,-4.98
130740,0,41512,175,104209,35.00,-7.25,-4.94
130762,0,41512,100,104289,35.00,-7.24,-4.99
130784,0,41512,85,104356,35.00,-7.21,-4.98
130806,0,42280,87,104429,35.00,-7.23,-4.97
130828,1815,41512,137,104506,35.00,-7.23,-5.02
130850,2171,41512,147,104585,35.00,-7.22,-4.95
130891,2422,41512,171,104435,35.00,-7.27,-4.96
130913,3823,41512,231,104101,35.00,-7.23,-5.01
130935,3855,41512,243,103757,35.00,-7.24,-4.98
130957,3861,41512,211,103493,35.00,-7.22,-5.01
130979,2293,41512,139,103309,35.00,-7.27,-4.99
131699,1893,41512,119,103186,35.26,-7.24,-4.97
131733,2027,40904,179,102154,35.00,-7.17,-4.97
131755,1183,40904,152,102132,35.00,-7.21,-4.97
131777,1213,40904,157,102197,35.00,-7.24,-4.96
131799,1407,40904,173,102319,35.00,-7.22,-4.97
131821,1753,40904,169,102419,35.00,-7.23,-4.96
131843,1862,41000,157,102487,35.00,-7.25,-5.01
131865,1915,41000,148,102538,35.00,-7.22,-5.00
131887,1716,41000,141,102593,35.00,-7.24,-5.00
131909,1351,41000,139,102653,35.00,-7.21,-4.94
131931,1273,41000,139,102716,35.00,-7.26,-4.96
131974,1191,41000,139,102950,35.00,-7.22,-4.96
131996,1253,41000,171,103034,35.00,-7.18,-4.94
132720,1622,41000,179,103128,35.78,-7.25,-4.95
132756,1688,41000,158,103446,35.00,-7.22,-5.01
132778,1404,41000,147,103499,35.00,-7.24,-4.98
132800,1576,41000,159,103573,35.00,-7.22,-4.99
132822,1865,41000,167,103626,35.00,-7.23,-4.96
132844,2086,41000,164,103687,35.00,-7.24,-4.98
132866,2189,41000,152,103741,35.00,-7.20,-4.97
132888,2129,41000,127,103785,35.00,-7.22,-4.94
132910,2091,41000,121,103795,35.00,-7.25,-4.98
132932,2007,41000,122,103770,35.00,-7.24,-5.02
132954,1719,41000,127,103652,35.00,-7.21,-5.00
132996,1540,40904,140,102591,35.00,-7.21,-4.94
133740,1375,40904,152,102300,35.99,-7.21,-5.00
133778,1691,40904,163,102016,35.00,-7.22,-4.98
133800,1529,40904,157,101913,35.00,-7.23,-4.95
133822,1691,40904,159,101856,35.00,-7.22,-4.97
133844,1875,40904,168,101850,35.00,-7.23,-4.98
133866,1981,40904,157,101934,35.00,-7.23,-4.99
133888,2045,40904,153,102047,35.00,-7.23,-5.00
133910,1983,40904,137,102179,35.00,-7.25,-4.98
133932,1846,40904,126,102265,35.00,-7.24,-4.98
133954,1737,40904,123,102331,35.00,-7.21,-5.00
133976,1678,40904,127,102383,35.00,-7.20,-4.97
133998,1555,40904,141,102440,35.00,-7.24,-4.98
134039,1513,40904,155,102596,35.00,-7.20,-5.01
134061,1524,40904,155,102681,35.00,-7.25,-5.00
134083,1684,40904,165,102767,35.00,-7.22,-4.99
134105,1886,40904,169,102847,35.00,-7.23,-4.97
134127,1929,40904,157,102929,35.00,-7.21,-4.99
134149,1909,40904,145,103021,35.00,-7.21,-4.98
134171,1947,40904,137,103113,35.00,-7.19,-4.98
134193,1876,40904,132,103196,35.00,-7.25,-4.97
134215,1823,40904,123,103265,35.00,-7.26,-5.00
134237,1692,40904,137,103338,35.00,-7.22,-4.96
134279,1573,40904,139,103533,35.00,-7.22,-4.97
134301,1483,40904,154,103599,35.00,-7.22,-4.99
134323,1553,40904,158,103637,35.00,-7.22,-4.95
134345,1745,40904,163,103671,35.00,-7.23,-4.98
134367,1960,40904,159,103677,35.00,-7.23,-4.96
134389,2045,40904,151,103599,35.00,-7.19,-4.98
134411,2067,40904,142,103308,35.00,-7.24,-5.00
134433,1913,40904,137,102933,35.00,-7.21,-5.00
134455,1767,40904,123,102606,35.00,-7.25,-4.99
134477,1672,40904,127,102350,35.00,-7.26,-4.98
134499,1594,40904,135,102179,35.00,-7.20,-4.97
134540,1559,40904,150,101892,35.00,-7.26,-4.95
134562,1517,40392,156,101873,35.00,-7.26,-4.97
134584,1619,40392,157,101915,35.00,-7.23,-4.94
134606,1789,40392,163,102032,35.00,-7.20,-4.96
134628,1865,40904,157,102145,35.00,-7.24,-4.99
134650,1963,40904,145,102218,35.00,-7.25,-4.96
134672,1980,40904,135,102278,35.00,-7.25,-4.98
134694,1911,40904,125,102324,35.00,-7.22,-4.98
134716,1813,40904,133,102374,35.00,-7.25,-4.97
134738,1628,40904,124,102421,35.00,-7.24,-4.98
134781,1469,40904,137,102613,35.00,-7.25,-4.98
134803,1607,40392,155,102684,35.00,-7.24,-4.97
134825,1683,40904,160,102761,35.00,-7.25,-4.96
134847,1804,40904,163,102824,35.00,-7.22,-5.01
134869,1951,40904,159,102902,35.00,-7.20,-4.94
134891,1995,40904,145,102971,35.00,-7.20,-4.99
134913,2025,40904,135,103031,35.00,-7.22,-4.95
134935,1847,40904,123,103084,35.00,-7.20,-4.96
134957,1763,40904,124,103150,35.00,-7.24,-4.94
134979,1575,40904,126,103211,35.00,-7.23,-4.96
135021,1405,40904,137,103434,35.00,-7.22,-5.00
135043,1533,40904,153,103511,35.00,-7.25,-4.96
135065,1631,40904,157,103573,35.00,-7.24,-4.98
135087,1819,40904,165,103622,35.00,-7.22,-4.96
135109,1892,40904,153,103575,35.00,-7.21,-4.92
135131,1980,40904,149,103301,35.00,-7.22,-4.96
135153,1995,40904,131,102937,35.00,-7.25,-4.98
135175,1879,40904,127,102634,35.00,-7.24,-4.98
135197,1725,40904,121,102421,35.00,-7.24,-4.98
135219,1690,40904,125,102286,35.00,-7.25,-4.98
135241,1545,40904,134,102188,35.00,-7.22,-4.97
135282,1529,41000,147,102059,35.00,-7.26,-4.95
135304,1564,40904,153,102141,35.00,-7.23,-5.00
135326,1673,40904,157,102270,35.00,-7.22,-5.00
135348,1807,40904,163,102410,35.00,-7.23,-5.01
135370,1900,40904,155,102507,35.00,-7.21,-4.97
135392,1994,41000,147,102572,35.00,-7.25,-4.99
135414,2072,41000,137,102625,35.00,-7.24,-4.97
135436,1981,41000,125,102678,35.00,-7.21,-4.96
135458,1869,41000,126,102742,35.00,-7.25,-4.98
135480,1705,40904,139,102812,35.00,-7.25,-4.95
135523,1593,41000,141,103016,35.00,-7.21,-4.95
135545,1635,40904,157,103104,35.00,-7.21,-4.99
135567,1707,40904,159,103180,35.00,-7.23,-4.95
135589,1884,40904,169,103246,35.00,-7.22,-4.97
135611,1995,41000,155,103319,35.00,-7.24,-4.96
135633,2135,41000,153,103379,35.00,-7.22,-4.98
135655,2159,41000,137,103443,35.00,-7.21,-4.96
135677,2018,41000,134,103514,35.00,-7.24,-4.96
135699,1832,41000,125,103569,35.00,-7.25,-4.98
135721,1625,41000,137,103624,35.00,-7.24,-4.96
135763,1496,41000,140,103881,35.00,-7.20,-4.99
135785,1517,41000,153,103935,35.00,-7.22,-4.98
135807,1596,41000,152,103971,35.00,-7.25,-4.94
135829,1677,40904,159,103900,35.00,-7.24,-4.97
135851,1899,40904,179,103608,35.00,-7.22,-4.98
135873,1911,40904,142,103224,35.00,-7.21,-4.97
135895,1767,40904,137,102922,35.00,-7.25,-5.03
135917,1928,41000,124,102701,35.00,-7.21,-4.95
135939,1505,41000,117,102548,35.00,-7.24,-4.99
135961,1583,40904,136,102408,35.00,-7.21,-4.99
135983,1683,40904,145,102316,35.00,-7.24,-4.96
136024,1669,40904,157,102246,35.00,-7.22,-4.96
136046,1593,40904,153,102379,35.00,-7.21,-4.96
136068,1695,40904,158,102522,35.00,-7.22,-4.96
136090,1851,40904,159,102617,35.00,-7.19,-4.96
136112,2008,40904,153,102685,35.00,-7.20,-5.01
136134,2030,40904,139,102731,35.00,-7.26,-4.95
136156,2148,41000,132,102797,35.00,-7.24,-4.99
136178,1399,41000,117,102870,35.00,-7.23,-4.98
136200,1705,41000,122,102940,35.00,-7.22,-4.96
136222,1669,40904,123,103013,35.00,-7.19,-4.99
136264,1861,40904,135,103267,35.00,-7.21,-4.97
136286,1619,40904,125,103351,35.00,-7.24,-4.98
136308,248,40904,137,103443,35.00,-7.21,-4.97
136330,587,40904,168,103525,35.00,-7.21,-4.97
136352,2039,40904,183,103596,35.00,-7.22,-4.95
136374,2536,41000,163,103684,35.00,-7.19,-4.97
136396,2600,41000,139,103734,35.00,-7.25,-4.96
136418,2251,41000,123,103787,35.00,-7.25,-5.01
136440,1981,41000,117,103849,35.00,-7.20,-5.00
136462,1834,41000,125,103921,35.00,-7.22,-4.96
136484,1753,40904,135,104000,35.00,-7.22,-5.00
136525,1756,40904,141,104257,35.00,-7.23,-4.99
136547,1443,40904,135,104290,35.00,-7.24,-4.93
136569,1547,40904,147,104279,35.00,-7.26,-4.97
136591,1710,40904,149,104024,35.00,-7.24,-4.96
136613,1725,40904,142,103625,35.00,-7.22,-4.96
136635,1356,40904,137,103270,35.00,-7.26,-4.96
136657,1764,41000,136,103038,35.00,-7.22,-4.97
136679,1719,41000,123,102879,35.00,-7.24,-4.97
136701,2205,41000,137,102753,35.00,-7.19,-4.99
136723,2975,40904,121,102643,35.00,-7.27,-4.96
136766,3283,40904,101,102557,35.00,-7.27,-4.95
136788,0,40904,139,102657,35.00,-7.21,-4.99
136810,0,41000,155,102792,35.00,-7.23,-4.96
136832,1677,41000,169,102897,35.00,-7.22,-4.97
136854,475,41000,153,102974,35.00,-7.24,-4.95
136876,1785,41000,183,103035,35.00,-7.22,-4.98
136898,3479,41000,179,103093,35.00,-7.21,-4.97
136920,3833,41000,142,103167,35.00,-7.23,-5.01
136942,2585,41000,115,103254,35.00,-7.23,-4.97
136964,1470,41000,125,103319,35.00,-7.25,-4.98
137566,1751,41000,141,103556,35.76,-7.24,-4.99
137608,0,41000,151,103099,35.00,-7.22,-4.97
137630,3759,40904,149,103165,35.00,-7.22,-5.00
137652,0,41000,109,103213,35.00,-7.23,-4.96
137674,0,41000,147,103276,35.00,-7.23,-4.95
137696,0,41000,175,103343,35.00,-7.23,-4.98
137718,0,41000,217,103395,35.00,-7.22,-4.94
137740,3861,29296,4095,103459,35.00,-7.25,-4.97
137762,3864,36232,3933,103523,35.00,-7.26,-4.99
137784,3879,37448,3722,103597,35.00,-7.22,-4.98
137806,3875,38728,3443,103669,35.00,-7.22,-5.01
137848,3875,38728,3499,103893,35.00,-7.22,-5.00
137870,3861,39112,3300,103950,35.00,-7.22,-5.01
137892,3875,39112,2891,103996,35.00,-7.22,-4.99
137914,3871,40904,2024,104046,35.00,-7.23,-4.95
137936,3887,40904,1370,104109,35.00,-7.25,-5.00
137958,0,40904,726,104186,35.00,-7.23,-5.00
137980,28,41000,367,104260,35.00,-7.23,-4.97
138586,3036,41000,264,104330,34.98,-7.23,-4.97
138617,2235,65528,135,104234,35.00,-7.24,-4.98
138639,3853,52632,168,104306,35.00,-7.20,-4.96
138661,3853,45672,150,104377,35.00,-7.25,-5.01
138683,3851,43176,140,104436,35.00,-7.26,-5.00
138705,2476,48616,113,104490,35.00,-7.22,-5.03
138727,3284,56792,149,104566,35.00,-7.22,-5.00
138749,3479,62840,179,104640,35.00,-7.22,-4.95
138791,3867,53144,197,104844,35.00,-7.23,-4.97
138813,3858,50968,201,104821,35.00,-7.19,-5.01
138835,3852,65016,212,104510,35.00,-7.24,-5.00
138857,3735,78436,215,104041,35.00,-7.25,-4.97
138879,3207,91956,187,103688,35.00,-7.24,-4.98
138901,3835,104268,181,103449,35.00,-7.26,-4.97
138923,2623,114716,154,103313,35.00,-7.25,-4.98
138945,3832,122332,183,103205,35.00,-7.21,-4.96
138967,3845,126396,185,103119,35.00,-7.23,-4.99
138989,2603,128892,163,103050,35.00,-7.24,-4.96
139031,3876,135042,235,103103,35.00,-7.22,-4.96
139053,1,141090,159,103214,35.00,-7.19,-5.02
139075,0,145250,172,103318,35.00,-7.27,-5.00
139097,1,145634,157,103387,35.00,-7.24,-4.96
139119,3861,146914,230,103439,35.00,-7.24,-4.99
139141,3863,150930,189,103488,35.00,-7.25,-4.97
139163,3851,163826,169,103552,35.00,-7.23,-4.99
139185,3833,175530,169,103619,35.00,-7.22,-5.00
139207,3263,178922,159,103697,35.00,-7.24,-4.97
139229,2695,178026,155,103779,35.00,-7.20,-4.98
139251,3112,177514,173,103859,35.00,-7.22,-4.98
139292,2759,178026,189,104081,35.00,-7.27,-4.95
139314,3833,180202,231,104172,35.00,-7.22,-5.00
139336,3837,180762,221,104239,35.00,-7.21,-4.97
139358,2845,181530,179,104307,35.00,-7.20,-4.98
139380,2622,188474,169,104376,35.00,-7.26,-5.00
139402,3832,193146,185,104436,35.00,-7.22,-4.93
139424,3809,196602,175,104500,35.00,-7.23,-4.96
139446,2724,198790,140,104553,35.00,-7.23,-4.95
139468,3404,202566,163,104625,35.00,-7.22,-5.01
139490,3833,204230,197,104696,35.00,-7.26,-4.96
139533,1566,204742,159,104965,35.00,-7.25,-4.96
139555,1805,204742,187,105012,35.00,-7.24,-4.98
139577,2239,204742,203,105010,35.00,-7.24,-4.99
139599,2281,205350,188,104734,35.00,-7.22,-4.98
139621,2121,206630,170,104258,35.00,-7.24,-4.97
139643,1783,208294,151,103867,35.00,-7.26,-4.97
139665,2040,210278,149,103619,35.00,-7.20,-4.96
139687,1871,211174,137,103481,35.00,-7.21,-5.00
139709,1561,212454,136,103361,35.00,-7.25,-4.96
139731,2525,212966,174,103287,35.00,-7.25,-4.98
139773,0,208806,107,103167,35.00,-7.23,-5.01
139795,1477,192634,167,103228,35.00,-7.22,-4.99
139817,0,141090,147,103329,35.00,-7.26,-4.97
139839,211,71876,151,103434,35.00,-7.24,-4.98
139861,383,49176,141,103499,35.00,-7.26,-4.96
139883,1618,43688,149,103533,35.00,-7.19,-4.98
139905,1763,41512,137,103586,35.00,-7.24,-4.98
139927,1927,41000,139,103655,35.00,-7.22,-4.96
139949,965,41000,117,103727,35.00,-7.24,-4.96
139971,1235,41000,133,103794,35.00,-7.22,-4.99
140372,955,41000,137,103993,34.94,-7.22,-4.96
140415,3858,39624,279,103660,35.00,-7.25,-4.95
140437,3859,39112,553,103525,35.00,-7.27,-4.98
140459,3869,39112,859,103430,35.00,-7.22,-4.96
140481,3868,38728,1608,103335,35.00,-7.22,-4.97
140503,3871,38216,1993,103265,35.00,-7.23,-4.98
140525,3880,38728,1981,103213,35.00,-7.27,-4.98
140547,3863,38728,1715,103228,35.00,-7.23,-4.98
140569,3858,38728,1336,103301,35.00,-7.19,-4.97
140591,3860,37448,384,103416,35.00,-7.22,-4.97
140613,0,36744,0,103499,35.00,-7.23,-4.97
140655,0,36232,0,103687,35.00,-7.24,-4.95
140677,0,33288,0,103719,35.00,-7.21,-4.98
140699,0,30064,0,103793,35.00,-7.22,-4.95
140721,0,25904,41,103854,35.00,-7.21,-5.01
140743,0,22736,53,103921,35.00,-7.22,-5.00
140765,0,20368,61,103986,35.00,-7.23,-4.95
140787,0,18192,89,104063,35.00,-7.26,-4.96
140809,2323,16400,147,104125,35.00,-7.24,-4.97
140831,2095,14560,133,104192,35.00,-7.23,-4.98
140853,1807,13664,165,104277,35.00,-7.24,-4.97
140875,3025,12384,211,104353,35.00,-7.21,-5.00
140916,3795,12192,239,104513,35.00,-7.19,-4.98
140938,3561,10016,215,104574,35.00,-7.21,-4.96
140960,1893,8736,201,104620,35.00,-7.24,-4.96
140982,0,8736,155,104680,35.00,-7.24,-4.93
141392,0,8736,141,104757,36.40,-7.24,-4.99
141420,1636,12384,88,103757,35.00,-7.24,-4.96
141442,1353,11680,101,103801,35.00,-7.22,-4.97
141464,2376,10912,119,103866,35.00,-7.23,-5.01
141486,1917,10400,106,103935,35.00,-7.22,-4.99
141508,2151,10016,101,104018,35.00,-7.22,-4.99
141530,2172,5952,99,104093,35.00,-7.21,-4.97
141552,2270,2176,97,104155,35.00,-7.22,-4.95
141574,2013,2176,119,104242,35.00,-7.26,-4.98
141596,2483,3456,137,104317,35.00,-7.25,-4.99
141638,2277,4160,149,104525,35.00,-7.24,-4.98
141660,0,4672,122,104611,35.00,-7.22,-4.92
141682,3860,5440,233,104667,35.00,-7.24,-4.94
141704,2804,5440,145,104715,35.00,-7.27,-5.01
141726,2815,5952,159,104776,35.00,-7.25,-4.97
141748,3818,6336,151,104846,35.00,-7.25,-4.96
141770,3858,6336,157,104919,35.00,-7.24,-4.98
141792,3279,6336,139,105007,35.00,-7.23,-4.96
141814,616,6336,83,105085,35.00,-7.26,-5.00
141836,2379,2176,163,105161,35.00,-7.21,-4.94
141878,3805,1280,179,104909,35.00,-7.24,-4.97
141900,283,1280,149,104421,35.00,-7.24,-4.96
141922,2426,1280,157,104048,35.00,-7.24,-4.97
141944,3069,512,173,103813,35.00,-7.23,-4.98
141966,3019,0,150,103686,35.00,-7.19,-4.96
141988,2855,0,151,103586,35.00,-7.23,-4.99
142413,3743,0,165,103525,35.33,-7.20,-4.99
142442,2815,8224,186,104714,35.00,-7.23,-4.98
142464,2013,8224,204,104786,35.00,-7.22,-4.98
142486,0,8224,191,104841,35.00,-7.22,-4.98
142508,2892,8736,231,104904,35.00,-7.23,-4.94
142530,2359,8736,203,104978,35.00,-7.27,-4.98
142552,3450,9504,245,105056,35.00,-7.22,-4.96
142574,1721,9504,218,105140,35.00,-7.23,-4.97
142596,2778,9504,283,105202,35.00,-7.25,-4.95
142618,3190,9504,377,105247,35.00,-7.21,-4.97
142660,3871,9504,721,104298,35.00,-7.22,-4.97
142682,3875,9504,2451,103952,35.00,-7.23,-4.99
142704,3861,9504,2812,103760,35.00,-7.21,-4.97
142726,3857,9504,2693,103635,35.00,-7.21,-5.01
142748,3867,9504,2503,103525,35.00,-7.19,-5.02
142770,3869,9504,2165,103446,35.00,-7.22,-4.99
142792,3875,9504,1674,103384,35.00,-7.25,-4.93
142814,3660,9504,1083,103360,35.00,-7.23,-4.97
142836,0,9504,407,103390,35.00,-7.23,-5.00
142858,0,8736,43,103488,35.00,-7.21,-4.96
142880,0,8736,151,103624,35.00,-7.20,-4.99
142921,0,8736,507,103763,35.00,-7.20,-4.93
142943,0,8736,573,103821,35.00,-7.22,-4.99
142965,0,8736,407,103879,35.00,-7.23,-4.96
142987,0,8736,265,103936,35.00,-7.24,-4.96
143433,0,8224,310,104014,36.28,-7.26,-4.98
143462,3855,8736,147,103645,35.00,-7.20,-4.94
143484,3857,8736,191,103554,35.00,-7.23,-4.98
143506,3869,9504,199,103463,35.00,-7.19,-4.96
143528,3868,9504,183,103399,35.00,-7.22,-5.02
143550,3875,9504,171,103350,35.00,-7.25,-4.96
143572,3865,9504,153,103340,35.00,-7.25,-5.01
143594,3861,9504,134,103423,35.00,-7.21,-4.95
143616,3819,9504,120,103540,35.00,-7.22,-5.01
143638,3528,9504,137,103645,35.00,-7.23,-4.96
143660,3409,9504,147,103711,35.00,-7.16,-4.97
143682,3757,9504,174,103758,35.00,-7.24,-5.02
143723,3555,9504,184,103894,35.00,-7.22,-4.99
143745,3817,10016,197,103960,35.00,-7.23,-4.97
143767,3823,10016,203,104026,35.00,-7.22,-4.99
143789,3661,10016,187,104086,35.00,-7.21,-4.98
143811,3221,10016,163,104152,35.00,-7.22,-4.95
143833,3027,10400,147,104216,35.00,-7.24,-4.96
143855,2798,10400,127,104291,35.00,-7.21,-5.00
143877,2733,10400,127,104353,35.00,-7.21,-5.00
143899,2569,10400,123,104419,35.00,-7.22,-4.98
143921,2419,10400,149,104475,35.00,-7.21,-5.01
143963,2457,10400,165,104614,35.00,-7.22,-5.02
143985,2795,10912,191,104659,35.00,-7.23,-4.97
144709,2579,10912,199,104718,35.92,-7.21,-4.92
144745,1660,10016,136,104383,35.00,-7.25,-4.95
144767,597,8736,141,104440,35.00,-7.22,-4.98
144789,1123,8736,157,104494,35.00,-7.26,-4.98
144811,1293,8224,154,104550,35.00,-7.25,-4.96
144833,1541,8128,146,104599,35.00,-7.26,-4.98
144855,1157,6848,134,104561,35.00,-7.19,-5.01
144877,1625,6336,127,104274,35.00,-7.19,-4.96
144899,1253,4672,119,103887,35.00,-7.22,-4.96
144921,2143,3968,157,103566,35.00,-7.27,-4.95
144943,1801,3968,141,103356,35.00,-7.24,-4.97
144965,361,3968,121,103225,35.00,-7.21,-4.96
145730,2194,3968,170,102990,35.29,-7.22,-5.02
145768,1579,12384,163,103063,35.00,-7.23,-4.94
145790,743,12384,151,103117,35.00,-7.24,-4.97
145812,1913,12384,169,103222,35.00,-7.22,-4.96
145834,1943,12384,168,103326,35.00,-7.22,-4.99
145856,2343,12384,149,103404,35.00,-7.24,-5.00
145878,2973,12192,157,103444,35.00,-7.26,-4.93
145900,3861,12192,165,103485,35.00,-7.23,-4.97
145922,3861,12192,163,103543,35.00,-7.25,-4.97
145944,3804,11680,165,103606,35.00,-7.24,-4.94
145966,1704,10912,141,103680,35.00,-7.21,-4.97
146751,2207,10912,171,103902,35.32,-7.25,-5.00
146791,1134,10016,143,104147,35.00,-7.23,-4.99
146813,1359,10016,156,104230,35.00,-7.24,-4.97
146835,1373,10400,155,104297,35.00,-7.20,-4.99
146857,1839,10400,142,104348,35.00,-7.23,-5.00
146879,1993,10400,151,104395,35.00,-7.23,-5.00
146901,2453,10400,147,104432,35.00,-7.23,-4.96
146923,2419,10400,149,104495,35.00,-7.24,-4.97
146945,1833,10400,123,104562,35.00,-7.22,-4.98
146967,2537,10016,157,104621,35.00,-7.24,-4.96
146989,1453,9504,146,104690,35.00,-7.22,-5.00
147031,1787,8736,157,104835,35.00,-7.26,-5.01
147053,1516,8128,165,104687,35.00,-7.22,-4.97
147075,1805,6848,162,104301,35.00,-7.24,-4.99
147097,2201,6336,171,103916,35.00,-7.21,-4.95
147119,2275,6848,167,103633,35.00,-7.26,-5.01
147141,1965,6848,140,103452,35.00,-7.23,-4.98
147163,2259,6848,145,103350,35.00,-7.21,-4.96
147185,2183,6848,139,103263,35.00,-7.22,-4.98
147207,2267,7616,152,103204,35.00,-7.19,-4.95
147229,2108,7616,163,103164,35.00,-7.28,-5.02
147251,1884,8128,171,103185,35.00,-7.22,-4.96
147292,1836,8224,175,103449,35.00,-7.24,-4.98
147314,1653,9504,168,103528,35.00,-7.22,-4.94
147336,1757,10016,174,103575,35.00,-7.23,-4.96
147358,1597,10400,168,103600,35.00,-7.24,-5.00
147380,2041,10400,169,103646,35.00,-7.26,-4.99
147402,2106,10912,157,103695,35.00,-7.20,-4.96
147424,2601,11680,169,103762,35.00,-7.19,-4.98
147446,2040,11680,157,103811,35.00,-7.20,-5.02
147468,2776,12192,182,103875,35.00,-7.24,-4.98
147490,3701,12192,212,103943,35.00,-7.22,-4.98
147532,2763,12192,204,104133,35.00,-7.24,-4.96
147554,3036,12896,263,104194,35.00,-7.19,-5.00
147576,1237,12896,203,104249,35.00,-7.20,-4.96
147598,2203,13664,200,104300,35.00,-7.22,-4.96
147620,2709,14176,215,104337,35.00,-7.23,-5.00
147642,2343,14560,198,104392,35.00,-7.22,-4.99
147664,2425,14560,185,104427,35.00,-7.24,-4.98
147686,2393,15072,187,104484,35.00,-7.23,-4.99
147708,2825,15072,233,104535,35.00,-7.22,-4.97
147730,2901,15072,261,104586,35.00,-7.24,-5.02
147752,2967,15840,275,104614,35.00,-7.25,-4.97
147793,2798,15840,291,104261,35.00,-7.24,-4.98
147815,3801,16352,383,103870,35.00,-7.21,-5.01
147837,3850,16352,423,103535,35.00,-7.22,-5.02
147859,3865,16352,395,103310,35.00,-7.21,-4.98
147881,3859,16352,377,103166,35.00,-7.21,-4.99
147903,3855,16352,251,103076,35.00,-7.24,-4.96
147925,1799,16352,149,103020,35.00,-7.21,-4.98
147947,1428,16400,163,102965,35.00,-7.21,-4.99
147969,377,16400,157,102962,35.00,-7.26,-5.00
147991,1099,16400,217,103007,35.00,-7.24,-4.97
148034,2516,16400,345,103279,35.00,-7.27,-4.98
148056,2397,16400,286,103329,35.00,-7.21,-4.95
148078,2415,16912,325,103374,35.00,-7.23,-4.98
148100,3835,16912,416,103415,35.00,-7.24,-5.00
148122,1380,16912,221,103472,35.00,-7.20,-4.96
148144,2203,16912,299,103526,35.00,-7.19,-5.00
148166,2327,16400,254,103596,35.00,-7.23,-4.93
148188,1242,16400,183,103666,35.00,-7.23,-5.01
148210,529,16352,167,103723,35.00,-7.22,-4.99
148232,0,16352,166,103780,35.00,-7.24,-4.96
148274,697,16352,226,103960,35.00,-7.26,-4.95
148296,540,16352,221,103998,35.00,-7.22,-4.98
148318,198,16352,199,104049,35.00,-7.22,-4.97
148340,1119,15840,220,104108,35.00,-7.24,-5.01
148362,1203,15840,213,104172,35.00,-7.22,-5.02
148384,909,15840,163,104235,35.00,-7.22,-4.97
148406,549,15840,152,104326,35.00,-7.21,-4.99
148428,446,16352,141,104389,35.00,-7.23,-4.97
148450,153,16352,125,104457,35.00,-7.26,-4.96
148472,7,16352,116,104515,35.00,-7.22,-4.96
148494,0,16400,135,104542,35.00,-7.26,-4.93
148535,0,16400,137,103611,35.00,-7.20,-4.93
148557,0,16400,117,103368,35.00,-7.25,-4.99
148579,0,16400,120,103219,35.00,-7.25,-4.95
148601,0,16400,112,103109,35.00,-7.18,-4.98
148623,404,16400,105,103039,35.00,-7.27,-4.95
148645,1399,16400,122,102972,35.00,-7.19,-4.96
148667,1269,16352,155,102940,35.00,-7.21,-4.98
148689,1451,16352,168,102939,35.00,-7.24,-4.95
148711,2713,16400,251,103036,35.00,-7.21,-4.97
148733,3823,16352,310,103155,35.00,-7.25,-4.99
148775,3589,16400,309,103371,35.00,-7.30,-4.98
148797,3839,16352,333,103418,35.00,-7.20,-4.96
148819,2317,16352,313,103482,35.00,-7.20,-4.95
148841,3847,16400,346,103548,35.00,-7.30,-5.01
148863,3849,16352,319,103612,35.00,-7.20,-4.98
148885,3853,16400,287,103698,35.00,-7.28,-5.00
148907,3818,16400,232,103784,35.00,-7.19,-4.97
148929,2374,16400,184,103863,35.00,-7.24,-4.96
148951,2687,16400,235,103950,35.00,-7.23,-4.99
148973,2385,16400,247,104023,35.00,-7.24,-4.97
148995,1843,16400,263,104109,35.00,-7.22,-4.94
149036,1995,16400,294,104302,35.00,-7.19,-5.00
149058,3787,16400,380,104351,35.00,-7.21,-4.95
149080,3415,16400,376,104426,35.00,-7.23,-4.96
149102,2873,16912,355,104512,35.00,-7.19,-4.93
149124,3827,16912,415,104577,35.00,-7.18,-4.93
149146,3849,16912,456,104647,35.00,-7.29,-5.02
149168,3845,16912,459,104708,35.00,-7.22,-4.96
149190,3849,16912,425,104739,35.00,-7.18,-4.97
149212,3848,16912,461,104571,35.00,-7.19,-4.93
149234,3851,17680,493,104164,35.00,-7.24,-5.01
149277,3837,17680,494,103346,35.00,-7.24,-4.93
149299,3786,17680,459,103234,35.00,-7.20,-4.95
149321,1983,18192,375,103151,35.00,-7.16,-4.95
149343,1031,18192,275,103065,35.00,-7.24,-4.96
149365,667,18192,219,103008,35.00,-7.26,-4.95
149387,649,18192,223,103006,35.00,-7.24,-4.95
149409,1361,18192,231,103071,35.00,-7.23,-4.97
149431,363,18576,198,103200,35.00,-7.21,-5.00
149453,281,18576,211,103321,35.00,-7.26,-4.98
149475,56,18576,199,103400,35.00,-7.22,-4.96
149517,0,18576,218,103543,35.00,-7.24,-4.98
149539,1,19088,238,103589,35.00,-7.22,-4.97
149561,174,19088,245,103663,35.00,-7.25,-5.00
149583,0,18576,210,103726,35.00,-7.23,-4.99
149605,0,18576,148,103802,35.00,-7.23,-5.00
149627,0,18192,127,103861,35.00,-7.19,-4.97
149649,0,17680,121,103946,35.00,-7.23,-5.00
149671,0,17680,114,104028,35.00,-7.29,-5.02
149693,0,18192,120,104091,35.00,-7.27,-4.99
149715,0,18192,137,104164,35.00,-7.25,-5.00
149737,211,18576,169,104213,35.00,-7.24,-5.01
149778,37,18576,167,104392,35.00,-7.20,-4.96
149800,435,18576,175,104487,35.00,-7.22,-4.95
149822,1461,18576,197,104561,35.00,-7.25,-4.96
149844,1211,19088,165,104613,35.00,-7.19,-4.95
149866,1018,18576,167,104666,35.00,-7.22,-4.97
149888,1432,19088,181,104673,35.00,-7.16,-4.98
149910,405,19088,115,104492,35.00,-7.28,-4.98
149932,3507,19088,189,104093,35.00,-7.24,-4.97
149954,0,19088,147,103724,35.00,-7.21,-4.96
149976,693,18576,175,103471,35.00,-7.21,-4.95
150577,3849,19088,223,103112,35.66,-7.23,-4.96
150607,2012,20368,185,104663,35.00,-7.24,-4.98
150629,2933,20368,205,104303,35.00,-7.20,-4.96
150651,3847,20368,227,103906,35.00,-7.21,-5.00
150673,3847,20368,219,103600,35.00,-7.20,-4.95
150695,3823,20368,236,103424,35.00,-7.24,-4.99
150717,3849,20368,276,103310,35.00,-7.20,-4.96
150739,3852,20368,301,103235,35.00,-7.23,-4.99
150780,3851,20368,325,103137,35.00,-7.24,-4.98
150802,3861,20368,375,103199,35.00,-7.24,-4.98
150824,3877,20368,409,103308,35.00,-7.26,-4.93
150846,3857,20560,410,103428,35.00,-7.24,-4.96
150868,3860,20368,408,103495,35.00,-7.24,-4.99
150890,3853,20560,429,103527,35.00,-7.22,-4.98
150912,3859,20560,483,103576,35.00,-7.24,-4.95
150934,3853,20560,499,103618,35.00,-7.23,-4.94
150956,3869,20560,547,103683,35.00,-7.26,-4.96
150978,3865,20560,603,103736,35.00,-7.24,-4.96
151342,3863,20560,714,103810,35.75,-7.20,-4.98
151382,3854,20560,3117,103372,35.00,-7.17,-4.99
151404,3851,20560,2683,103244,35.00,-7.19,-4.99
151426,3864,20560,2793,103147,35.00,-7.27,-4.96
151448,3857,21072,3117,103071,35.00,-7.24,-4.92
151470,3864,20560,3023,103018,35.00,-7.23,-5.00
151492,3869,20560,2765,102984,35.00,-7.19,-4.98
151514,3869,20560,3077,103027,35.00,-7.21,-5.02
151536,3851,20560,3431,103102,35.00,-7.22,-5.00
151558,3839,20560,3066,103221,35.00,-7.25,-4.94
151580,3865,20560,2957,103306,35.00,-7.23,-4.96
151622,3871,21072,3007,103448,35.00,-7.24,-4.99
151644,3861,21072,3247,103498,35.00,-7.21,-4.95
151666,3851,21072,3316,103546,35.00,-7.27,-4.96
151688,3848,21840,2505,103625,35.00,-7.21,-4.97
151710,0,21840,2351,103704,35.00,-7.22,-4.98
151732,0,21840,2108,103787,35.00,-7.23,-4.96
151754,0,22352,1519,103856,35.00,-7.21,-5.00
151776,0,22352,569,103920,35.00,-7.26,-4.97
151798,0,22736,0,103974,35.00,-7.23,-4.94
151820,0,23248,0,104053,35.00,-7.23,-4.91
151842,0,22736,85,104117,35.00,-7.24,-4.94
151883,0,22352,24,104285,35.00,-7.19,-4.99
151905,1,22352,171,104341,35.00,-7.20,-4.94
151927,0,22352,399,104408,35.00,-7.26,-5.00
151949,0,22352,550,104475,35.00,-7.25,-5.01
151971,0,22352,697,104544,35.00,-7.22,-4.96
151993,0,22352,959,104595,35.00,-7.22,-4.97
152363,0,22352,931,104632,35.36,-7.19,-5.00
152404,0,22736,71,103576,35.00,-7.21,-4.93
152426,2261,22736,91,103647,35.00,-7.25,-4.93
152448,2602,22736,89,103713,35.00,-7.25,-5.00
152470,3689,23248,98,103775,35.00,-7.21,-4.97
152492,3816,23248,83,103857,35.00,-7.22,-4.99
152514,3707,23248,75,103939,35.00,-7.20,-4.97
152536,2259,23248,47,104016,35.00,-7.23,-4.94
152558,0,24016,12,104086,35.00,-7.22,-4.98
152580,0,24016,10,104143,35.00,-7.18,-4.95
152602,3864,23248,93,104190,35.00,-7.19,-4.92
152624,3869,23248,119,104245,35.00,-7.21,-4.96
152665,3863,23248,125,104402,35.00,-7.17,-4.94
152687,3851,23248,122,104477,35.00,-7.16,-4.92
152709,3863,23248,106,104539,35.00,-7.23,-5.02
152731,3851,23248,88,104568,35.00,-7.23,-5.01
152753,3863,23248,95,104568,35.00,-7.24,-4.99
152775,3871,23248,86,104341,35.00,-7.19,-4.96
152797,2216,23248,70,103944,35.00,-7.24,-5.01
152819,3853,23248,83,103579,35.00,-7.25,-5.00
152841,3850,23248,99,103322,35.00,-7.23,-4.98
152863,3853,23248,117,103153,35.00,-7.25,-4.96
152906,3871,23248,149,102850,35.00,-7.22,-4.97
152928,3862,23248,147,102809,35.00,-7.24,-4.99
152950,3852,23248,141,102823,35.00,-7.23,-4.99
152972,3869,23248,125,102892,35.00,-7.22,-4.96
152994,3853,23248,119,103014,35.00,-7.27,-4.98
153384,3859,24016,102,103112,35.82,-7.21,-5.00
153427,2679,24016,159,104567,35.00,-7.26,-4.96
153449,3089,24016,181,104649,35.00,-7.22,-4.99
153471,3611,24016,199,104694,35.00,-7.22,-4.99
153493,3269,24528,184,104660,35.00,-7.24,-4.96
153515,2781,24528,163,104384,35.00,-7.25,-4.98
153537,2494,24528,137,103946,35.00,-7.26,-4.96
153559,2005,24528,125,103618,35.00,-7.22,-4.94
153581,1770,24528,122,103385,35.00,-7.23,-5.00
153603,1587,24528,135,103249,35.00,-7.22,-4.97
153625,611,24528,149,103142,35.00,-7.22,-5.00
153667,606,24528,185,102958,35.00,-7.22,-5.00
153689,1071,24016,201,102982,35.00,-7.18,-4.95
153711,169,24528,155,103077,35.00,-7.20,-4.97
153733,1464,24528,173,103204,35.00,-7.23,-4.98
153755,0,24528,112,103277,35.00,-7.25,-4.98
153777,0,24528,99,103330,35.00,-7.27,-4.98
153799,0,24528,73,103354,35.00,-7.22,-4.96
153821,0,24016,82,103411,35.00,-7.24,-4.95
153843,3867,24016,141,103472,35.00,-7.21,-5.00
153865,3861,24016,148,103543,35.00,-7.22,-5.01
153887,0,23248,116,103610,35.00,-7.26,-4.97
153928,1,23248,142,103786,35.00,-7.24,-4.95
153950,0,23248,134,103834,35.00,-7.22,-4.97
153972,0,23248,137,103881,35.00,-7.19,-4.97
153994,3870,22736,212,103922,35.00,-7.23,-4.96
154404,3854,22736,176,103966,36.41,-7.20,-4.94
154432,3837,19856,175,102947,35.00,-7.23,-4.97
154454,1703,19856,153,103050,35.00,-7.22,-4.98
154476,3833,19856,204,103165,35.00,-7.24,-4.97
154498,2800,19856,159,103259,35.00,-7.24,-4.98
154520,821,20368,125,103304,35.00,-7.25,-4.98
154542,1439,20368,121,103337,35.00,-7.25,-4.97
154564,1554,20368,123,103392,35.00,-7.24,-4.98
154586,902,20368,152,103449,35.00,-7.23,-4.95
154608,0,20368,126,103509,35.00,-7.23,-4.96
154650,0,20368,136,103699,35.00,-7.24,-4.96
154672,3852,20368,204,103785,35.00,-7.23,-4.97
154694,1802,20368,180,103859,35.00,-7.18,-5.00
154716,607,20368,125,103919,35.00,-7.24,-4.95
154738,483,19856,104,103979,35.00,-7.20,-4.97
154760,0,19856,89,104035,35.00,-7.22,-5.01
154782,0,19856,85,104089,35.00,-7.23,-4.97
154804,0,19856,87,104140,35.00,-7.20,-4.98
154826,1423,20368,119,104188,35.00,-7.22,-4.96
154848,1193,19856,136,104242,35.00,-7.21,-4.96
154891,0,19856,115,104425,35.00,-7.25,-4.98
154913,687,19856,102,104487,35.00,-7.23,-4.99
154935,1139,20368,123,104546,35.00,-7.23,-4.98
154957,680,20368,107,104559,35.00,-7.21,-4.94
154979,108,20368,99,104499,35.00,-7.19,-4.98
155425,1165,20368,101,104207,35.45,-7.25,-4.97
155454,1373,20368,119,103975,35.00,-7.24,-4.97
155476,1785,20368,172,104045,35.00,-7.27,-5.00
155498,2687,20560,163,104116,35.00,-7.22,-4.99
155520,1897,20560,141,104178,35.00,-7.25,-4.98
155542,3868,20560,171,104228,35.00,-7.21,-5.00
155564,3861,20560,184,104288,35.00,-7.24,-4.98
155586,448,20560,110,104343,35.00,-7.25,-4.95
155608,0,20560,115,104408,35.00,-7.21,-4.98
155630,0,20560,124,104485,35.00,-7.25,-4.94
155672,2623,20560,213,104655,35.00,-7.19,-4.94
155694,1695,20560,166,104613,35.00,-7.25,-4.99
155716,1243,20560,142,104304,35.00,-7.22,-4.99
155738,3704,20560,187,103886,35.00,-7.23,-4.96
155760,3859,20560,167,103557,35.00,-7.19,-4.97
155782,1865,20560,117,103327,35.00,-7.24,-4.98
155804,2679,20560,139,103182,35.00,-7.29,-4.95
155826,3861,20560,145,103089,35.00,-7.18,-4.97
155848,1523,20560,90,102993,35.00,-7.22,-5.00
155870,2389,21072,140,102930,35.00,-7.26,-4.95
155892,1501,21072,149,102901,35.00,-7.24,-4.98
155933,924,21072,159,103140,35.00,-7.28,-4.96
155955,2080,21072,168,103224,35.00,-7.22,-4.97
155977,1096,21072,145,103285,35.00,-7.24,-4.97
155999,1495,21072,149,103321,35.00,-7.23,-4.97
156021,1815,21072,142,103376,35.00,-7.21,-4.98
156043,3827,21072,164,103428,35.00,-7.25,-4.99
156065,3859,21072,151,103507,35.00,-7.24,-4.96
156087,682,20560,105,103586,35.00,-7.22,-4.98
156109,1579,21072,127,103667,35.00,-7.21,-5.01
156131,1068,20560,135,103745,35.00,-7.27,-4.96
156174,1077,21072,155,103967,35.00,-7.23,-4.97
156196,933,20560,155,104041,35.00,-7.24,-5.02
156218,1310,21072,164,104113,35.00,-7.19,-4.96
156240,1365,21072,151,104160,35.00,-7.23,-4.97
156262,2408,21072,153,104226,35.00,-7.23,-4.98
156284,1656,21072,119,104268,35.00,-7.23,-5.01
156306,713,21072,106,104324,35.00,-7.23,-5.01
156328,1253,21072,125,104398,35.00,-7.26,-4.95
156350,1918,21072,141,104460,35.00,-7.19,-4.98
156372,1981,21072,153,104513,35.00,-7.22,-4.99
156414,1368,21072,159,104634,35.00,-7.24,-5.02
156436,1967,21072,183,104424,35.00,-7.25,-4.97
156458,1562,21072,167,104028,35.00,-7.23,-4.99
156480,1515,21072,159,103647,35.00,-7.20,-5.00
156502,1676,21072,151,103362,35.00,-7.24,-4.95
156524,2287,21072,151,103181,35.00,-7.23,-4.98
156546,2463,21072,137,103056,35.00,-7.26,-4.95
156568,793,21072,105,102950,35.00,-7.26,-4.99
156590,2023,21072,153,102854,35.00,-7.26,-4.99
156612,821,21072,127,102808,35.00,-7.23,-4.95
156634,1373,21072,163,102817,35.00,-7.18,-4.93
156675,1336,21072,163,103108,35.00,-7.26,-4.98
156697,1813,21072,168,103185,35.00,-7.22,-4.96
156719,1016,21072,151,103225,35.00,-7.22,-4.98
156741,1151,21072,139,103271,35.00,-7.26,-4.98
156763,2007,21072,153,103327,35.00,-7.22,-4.99
156785,2281,21072,135,103390,35.00,-7.23,-4.95
156807,2287,21072,133,103472,35.00,-7.27,-5.03
156829,1573,21072,118,103540,35.00,-7.24,-4.98
156851,1307,21072,133,103609,35.00,-7.23,-5.00
156873,1515,21072,143,103687,35.00,-7.22,-5.01
156915,1464,21072,160,103923,35.00,-7.20,-4.95
156937,1909,21072,171,103999,35.00,-7.23,-4.95
156959,1479,21072,163,104068,35.00,-7.23,-4.97
156981,1966,21072,165,104129,35.00,-7.22,-5.00
157721,2393,21072,153,104174,35.23,-7.20,-5.01
157758,1948,21840,159,104769,35.00,-7.12,-4.96
157780,1466,21840,151,104853,35.00,-7.18,-4.96
157802,1783,21840,167,104942,35.00,-7.22,-4.98
157824,2136,21840,147,105024,35.00,-7.26,-4.99
157846,3827,21840,159,105110,35.00,-7.25,-4.98
157868,1916,21840,133,105197,35.00,-7.18,-4.98
157890,1177,21840,103,105260,35.00,-7.22,-4.96
157912,1653,22352,115,105224,35.00,-7.22,-4.98
157934,2155,21840,149,104895,35.00,-7.21,-4.99
157956,1370,21840,134,104415,35.00,-7.23,-4.98
157998,1079,21840,142,103745,35.00,-7.21,-4.98
158020,1717,21840,164,103648,35.00,-7.25,-5.00
158042,1675,21840,157,103583,35.00,-7.24,-4.98
158064,1993,21840,155,103545,35.00,-7.25,-4.94
158086,1853,21840,150,103515,35.00,-7.25,-4.98
158108,2329,21840,149,103546,35.00,-7.25,-4.97
158130,2267,21840,147,103662,35.00,-7.23,-4.97
158152,1996,21840,132,103753,35.00,-7.28,-4.94
158174,1439,21840,137,103799,35.00,-7.23,-4.94
158196,1271,21840,141,103821,35.00,-7.22,-4.96
158218,1448,21840,155,103846,35.00,-7.29,-5.02
158259,1321,21840,155,103956,35.00,-7.26,-4.96
158281,1557,21840,168,104015,35.00,-7.23,-4.96
158303,2443,21840,175,104080,35.00,-7.22,-4.97
158325,2231,21840,155,104120,35.00,-7.25,-5.01
158347,1911,21840,137,104180,35.00,-7.21,-4.93
158369,1317,21840,118,104216,35.00,-7.19,-4.96
158391,1849,21072,121,104278,35.00,-7.22,-4.94
158413,1170,21840,117,104338,35.00,-7.26,-5.01
158435,1395,21840,143,104382,35.00,-7.21,-5.01
158457,2835,21840,181,104427,35.00,-7.22,-5.00
158499,1725,21840,154,104545,35.00,-7.24,-4.98
158521,1067,21840,154,104598,35.00,-7.24,-4.97
158543,3851,21840,227,104661,35.00,-7.23,-4.98
158565,557,21072,141,104719,35.00,-7.21,-4.98
158587,0,21072,99,104786,35.00,-7.22,-4.96
158609,1624,21072,147,104811,35.00,-7.24,-4.96
158631,1576,21072,131,104761,35.00,-7.20,-5.03
158653,2839,21072,144,104470,35.00,-7.19,-4.97
158675,2487,21072,151,104071,35.00,-7.19,-5.02
158697,0,21072,116,103748,35.00,-7.24,-4.95
158719,2629,20560,211,103528,35.00,-7.24,-4.99
158760,1075,20560,155,103184,35.00,-7.26,-4.95
158782,0,20560,151,103143,35.00,-7.22,-5.00
158804,2071,21072,213,103110,35.00,-7.21,-4.98
158826,2133,20560,164,103144,35.00,-7.23,-4.93
158848,2373,21072,152,103237,35.00,-7.23,-4.93
158870,2270,20560,149,103345,35.00,-7.22,-4.98
158892,3019,20560,152,103418,35.00,-7.24,-4.99
158914,1891,20560,149,103452,35.00,-7.24,-4.96
158936,3838,21072,185,103487,35.00,-7.22,-4.98
158958,2119,20560,145,103525,35.00,-7.20,-4.97
159507,1567,20560,157,103702,35.48,-7.19,-5.00
159542,1612,20560,138,102864,35.00,-7.20,-4.98
159564,1359,21072,164,102974,35.00,-7.25,-4.97
159586,1327,21072,160,103098,35.00,-7.21,-4.97
159608,1891,21072,149,103188,35.00,-7.26,-5.01
159630,1427,21072,126,103233,35.00,-7.22,-4.96
159652,1509,21072,105,103270,35.00,-7.22,-4.99
159674,1299,21072,107,103313,35.00,-7.23,-5.01
159696,1337,21072,110,103371,35.00,-7.24,-4.96
159718,1767,21072,141,103408,35.00,-7.27,-4.96
159740,2140,21072,175,103468,35.00,-7.24,-5.00
159782,2363,21072,207,103667,35.00,-7.24,-4.98
159804,2237,21072,175,103718,35.00,-7.19,-4.97
159826,1919,21072,157,103786,35.00,-7.25,-4.93
159848,2107,21840,153,103838,35.00,-7.25,-4.96
159870,2044,21840,141,103892,35.00,-7.21,-5.03
159892,1803,21840,121,103957,35.00,-7.23,-4.99
159914,1867,21840,125,103999,35.00,-7.24,-4.99
159936,1683,21840,121,104055,35.00,-7.20,-4.96
159958,1912,21840,157,104103,35.00,-7.25,-4.99
159980,1951,21840,157,104152,35.00,-7.25,-4.91
160527,1877,21840,173,104226,35.68,-7.25,-5.03
160564,1723,21840,157,103576,35.00,-7.25,-4.98
160586,1900,21840,183,103640,35.00,-7.24,-4.96
160608,1867,21840,180,103676,35.00,-7.25,-4.93
160630,2217,21840,183,103719,35.00,-7.21,-4.93
160652,2203,21840,169,103763,35.00,-7.19,-4.96
160674,3845,22352,173,103814,35.00,-7.23,-4.92
160696,1675,22352,109,103880,35.00,-7.25,-5.01
160718,1594,22352,115,103927,35.00,-7.24,-4.97
160740,1658,22352,115,103986,35.00,-7.23,-4.98
160762,1467,21840,137,104036,35.00,-7.26,-4.95
160784,1049,21840,147,104063,35.00,-7.23,-4.98
160825,1723,21840,173,103607,35.00,-7.22,-5.00
160847,2027,21840,179,103259,35.00,-7.22,-4.99
160869,1769,21840,183,102965,35.00,-7.26,-4.97
160891,1939,21840,159,102762,35.00,-7.24,-4.97
160913,1801,21840,163,102632,35.00,-7.26,-4.99
160935,1015,21840,149,102527,35.00,-7.23,-4.98
160957,0,21840,142,102448,35.00,-7.27,-4.95
160979,2133,21840,201,102393,35.00,-7.24,-4.99
161548,2527,21840,179,102384,35.16,-7.25,-4.95
161587,1445,21840,146,102737,35.00,-7.24,-4.93
161609,1400,21840,155,102593,35.00,-7.22,-4.97
161631,1387,21840,153,102485,35.00,-7.23,-4.98
161653,2335,21840,158,102386,35.00,-7.24,-4.95
161675,2659,21840,151,102334,35.00,-7.22,-4.95
161697,2239,21840,137,102300,35.00,-7.25,-4.98
161719,1797,21840,115,102330,35.00,-7.23,-4.98
161741,1587,21840,110,102437,35.00,-7.21,-5.00
161763,1652,21840,123,102555,35.00,-7.25,-4.96
161785,1719,21840,141,102657,35.00,-7.24,-4.96
161827,1275,21840,150,102810,35.00,-7.24,-5.01
161849,1725,21840,156,102861,35.00,-7.25,-4.92
161871,2023,21840,164,102934,35.00,-7.21,-4.95
161893,3853,22352,187,103001,35.00,-7.23,-5.00
161915,2101,21840,136,103054,35.00,-7.27,-4.96
161937,2617,22352,152,103120,35.00,-7.19,-4.96
161959,2214,22352,133,103196,35.00,-7.23,-4.98
161981,1765,22352,124,103263,35.00,-7.25,-4.99
162569,1339,22352,122,103342,35.35,-7.24,-5.00
162609,921,20560,149,102914,35.00,-7.24,-4.97
162631,1221,20560,165,102994,35.00,-7.23,-4.96
162653,1573,20560,173,103071,35.00,-7.25,-4.99
162675,1827,20560,157,103153,35.00,-7.25,-4.97
162697,1691,20560,143,103227,35.00,-7.20,-4.98
162719,1863,20560,123,103288,35.00,-7.29,-4.96
162741,2268,20560,134,103361,35.00,-7.19,-4.97
162763,2217,21072,133,103424,35.00,-7.23,-4.96
162785,1325,21072,126,103477,35.00,-7.24,-5.00
162807,1351,21072,138,103524,35.00,-7.19,-4.98
162829,1417,21072,156,103588,35.00,-7.26,-5.00
162870,795,21072,141,103756,35.00,-7.24,-4.96
162892,0,21072,122,103841,35.00,-7.23,-4.95
162914,0,21840,87,103877,35.00,-7.24,-4.97
162936,643,21840,93,103873,35.00,-7.20,-4.99
162958,2773,21840,133,103729,35.00,-7.26,-4.96
162980,1847,21072,103,103400,35.00,-7.24,-4.98
163342,2427,21840,115,103039,35.71,-7.23,-4.96
163371,3865,22352,155,102919,35.00,-7.23,-4.98
163393,2279,21840,155,102993,35.00,-7.25,-4.97
163415,1741,22352,163,103065,35.00,-7.24,-4.97
163437,1548,22352,147,103122,35.00,-7.22,-5.01
163459,1581,22352,137,103194,35.00,-7.23,-4.99
163481,3103,22352,155,103256,35.00,-7.22,-5.00
163503,2278,22352,120,103331,35.00,-7.25,-4.98
163525,2237,22352,135,103394,35.00,-7.23,-4.98
163547,1833,22352,137,103445,35.00,-7.24,-4.96
163569,2035,22352,151,103523,35.00,-7.23,-4.98
163612,2501,22352,169,103722,35.00,-7.23,-4.96
163634,1085,22352,155,103785,35.00,-7.19,-4.93
163656,1557,22352,159,103823,35.00,-7.21,-4.93
163678,1768,22352,155,103727,35.00,-7.22,-5.02
163700,1672,22352,136,103441,35.00,-7.24,-5.00
163722,1791,22352,126,103079,35.00,-7.21,-5.01
163744,1889,22352,124,102773,35.00,-7.25,-4.99
163766,1683,22352,123,102552,35.00,-7.21,-4.94
163788,1387,22352,133,102390,35.00,-7.23,-4.96
163810,1177,22352,139,102273,35.00,-7.24,-4.97
163852,1043,22352,149,102140,35.00,-7.19,-4.94
163874,127,22352,121,102184,35.00,-7.22,-4.98
163896,1635,22352,171,102302,35.00,-7.24,-4.96
163918,1047,22352,143,102414,35.00,-7.23,-4.96
163940,1335,22352,149,102493,35.00,-7.24,-4.95
163962,1685,22352,137,102553,35.00,-7.22,-4.97
163984,1544,22352,134,102598,35.00,-7.20,-4.97
164354,1927,22352,123,102646,34.85,-7.21,-4.96
164394,3003,22352,216,103538,35.00,-7.24,-4.97
164416,2001,21840,164,103217,35.00,-7.22,-4.99
164438,1049,21840,155,102877,35.00,-7.24,-4.99
164460,3848,21840,197,102593,35.00,-7.27,-4.97
164482,2967,21072,159,102414,35.00,-7.26,-5.00
164504,1833,21072,147,102303,35.00,-7.20,-4.99
164526,903,20368,106,102210,35.00,-7.22,-5.00
164548,2587,19856,154,102154,35.00,-7.27,-4.99
164570,2107,19088,175,102115,35.00,-7.25,-4.97
164592,1699,18576,159,102141,35.00,-7.23,-4.98
164634,999,18192,160,102483,35.00,-7.22,-4.99
164656,861,16352,163,102534,35.00,-7.22,-4.96
164678,955,14560,151,102588,35.00,-7.26,-4.95
164700,1236,12896,153,102640,35.00,-7.27,-4.94
164722,1590,11680,149,102695,35.00,-7.24,-5.02
164744,1211,9504,119,102756,35.00,-7.24,-4.99
164766,1528,6848,125,102846,35.00,-7.22,-4.98
164788,1257,2176,101,102916,35.00,-7.25,-4.98
164810,1915,0,146,102983,35.00,-7.21,-4.98
164832,2333,0,157,103055,35.00,-7.23,-4.97
164875,1642,0,179,103274,35.00,-7.21,-4.94
164897,987,0,149,103343,35.00,-7.23,-4.98
164919,902,0,152,103396,35.00,-7.24,-4.97
164941,1503,0,145,103443,35.00,-7.22,-4.96
164963,2183,0,155,103505,35.00,-7.20,-5.02
164985,1909,0,125,103571,35.00,-7.20,-4.97
165375,1653,0,122,103645,35.69,-7.27,-4.95
165416,0,0,149,102722,35.00,-7.23,-4.98
165438,1439,0,169,102783,35.00,-7.24,-4.97
165460,1051,0,159,102829,35.00,-7.24,-4.98
165482,1565,0,151,102908,35.00,-7.23,-4.98
165504,0,0,110,102981,35.00,-7.25,-4.96
165526,0,0,107,103055,35.00,-7.23,-4.98
165548,0,0,105,103130,35.00,-7.23,-4.95
165570,0,0,105,103198,35.00,-7.21,-4.97
165592,0,0,121,103257,35.00,-7.22,-4.99
165614,3847,0,204,103327,35.00,-7.23,-5.01
165657,3851,0,202,103499,35.00,-7.22,-4.96
165679,3868,512,197,103561,35.00,-7.21,-4.96
165701,3859,512,188,103626,35.00,-7.25,-5.01
165723,3867,512,181,103694,35.00,-7.22,-4.95
165745,3863,512,168,103760,35.00,-7.25,-5.00
165767,3850,512,155,103836,35.00,-7.27,-4.98
165789,3858,512,158,103882,35.00,-7.21,-4.97
165811,3864,512,159,103901,35.00,-7.23,-4.95
165833,3855,512,167,103803,35.00,-7.21,-4.97
165855,2933,512,155,103492,35.00,-7.20,-4.97
165897,2262,512,159,102627,35.00,-7.25,-4.95
165919,2259,512,155,102480,35.00,-7.27,-4.96
165941,2409,512,165,102362,35.00,-7.23,-4.97
165963,1959,512,141,102273,35.00,-7.27,-4.99
165985,3006,512,141,102226,35.00,-7.20,-5.02
166395,1624,512,111,102198,35.53,-7.19,-4.97
166423,165,1792,107,103663,35.00,-7.23,-4.96
166445,862,1792,117,103710,35.00,-7.21,-5.00
166467,1418,1792,104,103773,35.00,-7.24,-4.96
166489,68,1792,79,103845,35.00,-7.24,-4.94
166511,0,1792,87,103899,35.00,-7.23,-4.98
166533,1765,1792,149,103938,35.00,-7.22,-4.98
166555,3845,1792,169,103920,35.00,-7.21,-5.00
166577,3875,1792,175,103725,35.00,-7.21,-5.00
166619,0,1792,121,102749,35.00,-7.25,-4.98
166641,2474,2176,176,102595,35.00,-7.25,-4.95
166663,1715,2688,149,102464,35.00,-7.22,-5.00
166685,831,2688,119,102364,35.00,-7.23,-4.98
166707,1277,2688,139,102282,35.00,-7.24,-5.00
166729,1495,2688,123,102251,35.00,-7.21,-4.98
166751,3547,2688,155,102267,35.00,-7.25,-4.97
166773,2599,2176,110,102348,35.00,-7.22,-4.94
166795,847,2688,119,102464,35.00,-7.21,-4.96
166817,0,2688,109,102571,35.00,-7.24,-5.02
166859,1576,2688,145,102731,35.00,-7.25,-4.99
166881,1319,2688,141,102785,35.00,-7.24,-5.01
166903,2103,3456,149,102845,35.00,-7.24,-4.97
166925,3727,3456,147,102903,35.00,-7.24,-4.99
166947,0,3968,88,102966,35.00,-7.23,-4.95
166969,0,4160,83,103055,35.00,-7.21,-4.94
166991,1011,4160,73,103105,35.00,-7.21,-4.98
167415,3864,4160,143,103176,36.62,-7.22,-4.94
167444,2871,4672,134,102262,35.00,-7.20,-4.98
167466,1873,5440,124,102251,35.00,-7.21,-4.98
167488,2075,5440,132,102312,35.00,-7.25,-4.98
167510,2200,5440,117,102434,35.00,-7.26,-4.97
167532,1844,5440,110,102529,35.00,-7.20,-4.96
167554,1739,5440,111,102602,35.00,-7.23,-4.99
167576,2037,5952,133,102644,35.00,-7.25,-4.94
167598,2423,5952,141,102689,35.00,-7.23,-5.00
167620,2314,5952,152,102733,35.00,-7.22,-4.98
167661,1525,5952,142,102922,35.00,-7.24,-4.99
167683,1439,5952,153,102968,35.00,-7.24,-5.01
167705,1646,5952,137,103040,35.00,-7.20,-4.97
167727,1039,5952,119,103108,35.00,-7.23,-5.03
167749,1096,5952,99,103157,35.00,-7.25,-4.96
167771,1788,5952,91,103233,35.00,-7.24,-4.96
167793,1148,5952,74,103288,35.00,-7.20,-5.01
167815,823,5952,78,103347,35.00,-7.20,-4.94
167837,1325,5952,105,103395,35.00,-7.22,-4.96
167859,1451,5952,101,103441,35.00,-7.23,-4.94
167881,525,5952,95,103498,35.00,-7.21,-4.99
167922,496,5952,93,103651,35.00,-7.21,-4.95
167944,1423,5952,106,103730,35.00,-7.20,-4.96
167966,1387,5952,111,103775,35.00,-7.25,-4.96
167988,1937,5952,151,103813,35.00,-7.23,-4.99
168436,3813,5952,164,103783,37.08,-7.20,-4.97
168465,0,6336,71,102959,35.00,-7.21,-4.97
168487,0,6336,115,103033,35.00,-7.30,-4.99
168509,0,6336,93,103102,35.00,-7.25,-4.96
168531,0,6336,89,103159,35.00,-7.22,-4.97
168553,0,6336,79,103214,35.00,-7.25,-4.99
168575,0,6848,85,103277,35.00,-7.24,-4.99
168597,0,6848,92,103324,35.00,-7.22,-4.97
168619,0,6848,115,103384,35.00,-7.23,-4.95
168641,583,6848,143,103441,35.00,-7.23,-4.95
168663,807,6848,156,103518,35.00,-7.20,-4.95
168704,1301,6848,157,103657,35.00,-7.25,-4.95
168726,1179,6848,172,103633,35.00,-7.22,-4.96
168748,1061,6848,149,103416,35.00,-7.24,-4.99
168770,645,6848,135,103068,35.00,-7.23,-4.92
168792,919,6848,121,102709,35.00,-7.19,-4.97
168814,1229,6848,116,102450,35.00,-7.21,-5.00
168836,1060,6848,109,102273,35.00,-7.23,-4.98
168858,1305,7616,120,102142,35.00,-7.21,-4.98
168880,1981,7616,147,102032,35.00,-7.23,-4.99
168902,3225,7616,169,101940,35.00,-7.24,-4.99
168944,2013,7616,170,102012,35.00,-7.23,-4.97
168966,2503,7616,175,102141,35.00,-7.23,-4.94
168988,2087,7616,157,102251,35.00,-7.24,-4.95
169712,1293,7616,125,102314,46.16,-7.23,-4.96
169746,1622,8128,133,102371,35.00,-7.24,-5.00
169768,1561,8128,163,102423,35.00,-7.22,-4.96
169790,1304,8128,146,102461,35.00,-7.22,-4.96
169812,2031,8128,159,102519,35.00,-7.20,-5.00
169834,2185,8128,126,102582,35.00,-7.21,-4.97
169856,1672,8128,123,102650,35.00,-7.23,-5.01
169878,1658,8128,113,102709,35.00,-7.21,-4.96
169900,1691,8128,120,102779,35.00,-7.28,-4.96
169922,1427,8128,123,102839,35.00,-7.16,-5.00
169944,1401,8128,147,102920,35.00,-7.24,-4.97
169966,1285,8128,151,103002,35.00,-7.25,-4.98
170733,1403,8128,159,103173,36.10,-7.23,-4.95
170769,1639,8224,147,103081,35.00,-7.23,-4.98
170791,1444,8224,153,103138,35.00,-7.24,-4.96
170813,1563,8224,151,103205,35.00,-7.26,-4.92
170835,1824,8224,143,103276,35.00,-7.21,-5.00
170857,1766,8224,125,103355,35.00,-7.19,-4.97
170879,1689,8224,117,103399,35.00,-7.23,-4.97
170901,1637,8224,117,103421,35.00,-7.24,-4.97
170923,1459,8224,123,103415,35.00,-7.24,-4.96
170945,1421,8224,133,103223,35.00,-7.26,-4.96
170967,1311,8224,149,102884,35.00,-7.24,-4.99
171753,1317,8224,152,102081,35.36,-7.26,-4.99
171791,1805,9504,151,101957,35.00,-7.24,-4.99
171813,1689,9504,164,101931,35.00,-7.20,-4.99
171835,1911,9504,157,101975,35.00,-7.24,-4.97
171857,2077,10016,151,102068,35.00,-7.24,-4.95
171879,2299,9504,136,102187,35.00,-7.22,-5.02
171901,1941,10016,123,102281,35.00,-7.23,-4.98
171923,1529,10016,111,102343,35.00,-7.23,-4.99
171945,1677,10016,123,102380,35.00,-7.24,-5.01
171967,1737,10016,138,102410,35.00,-7.21,-5.00
171989,1699,10016,157,102453,35.00,-7.25,-5.02
172519,1298,10016,155,102506,35.57,-7.25,-5.01
172553,2223,11680,135,102084,35.00,-7.24,-4.95
172575,1752,11680,155,102164,35.00,-7.26,-5.01
172597,1803,11680,151,102312,35.00,-7.20,-4.98
172619,1763,11680,147,102460,35.00,-7.20,-4.94
172641,1894,12192,125,102556,35.00,-7.24,-4.98
172663,1811,12192,118,102614,35.00,-7.24,-4.98
172685,1851,12192,117,102685,35.00,-7.21,-4.99
172707,1611,12192,126,102747,35.00,-7.19,-4.99
172729,1559,12192,133,102807,35.00,-7.25,-4.96
172751,1775,12192,155,102876,35.00,-7.20,-4.95
172773,1603,12192,156,102950,35.00,-7.23,-4.98
172814,1811,12192,159,103121,35.00,-7.23,-4.98
172836,1655,12192,149,103190,35.00,-7.28,-5.01
172858,1759,12192,146,103250,35.00,-7.22,-5.00
172880,2508,12192,151,103299,35.00,-7.20,-4.97
172902,1631,12192,107,103353,35.00,-7.21,-5.00
172924,1427,12192,109,103386,35.00,-7.21,-5.00
172946,1673,12192,121,103423,35.00,-7.20,-4.97
172968,1502,12192,119,103455,35.00,-7.23,-4.93
172990,1705,12192,146,103498,35.00,-7.22,-4.93
173540,1918,12192,163,103553,35.48,-7.24,-4.96
173576,1746,12192,125,102821,35.00,-7.20,-5.02
173598,1527,12192,146,102901,35.00,-7.22,-4.95
173620,1741,12192,143,102978,35.00,-7.22,-4.96
173642,1629,12192,117,103021,35.00,-7.22,-4.99
173664,1655,12192,115,103077,35.00,-7.23,-4.95
173686,1799,12192,117,103112,35.00,-7.22,-4.94
173708,1741,12192,117,103167,35.00,-7.23,-4.95
173730,1593,12192,123,103221,35.00,-7.25,-5.00
173752,1445,12192,135,103294,35.00,-7.22,-4.98
173774,1356,12192,149,103362,35.00,-7.20,-4.99
173816,1647,12192,163,103492,35.00,-7.23,-4.97
173838,1741,12192,160,103396,35.00,-7.21,-5.00
173860,1842,12192,147,103122,35.00,-7.23,-4.94
173882,1977,12192,142,102764,35.00,-7.24,-4.96
173904,1891,12192,121,102437,35.00,-7.22,-4.98
173926,1949,12192,125,102215,35.00,-7.21,-4.99
173948,2279,12192,139,102065,35.00,-7.23,-4.98
173970,1927,11680,141,101959,35.00,-7.23,-4.99
173992,1911,12192,148,101882,35.00,-7.25,-5.00
174560,1931,12192,165,101836,35.44,-7.23,-4.96
174598,2301,12192,167,102727,35.00,-7.24,-5.00
174620,1779,12192,155,102417,35.00,-7.23,-4.93
174642,1336,12192,140,102199,35.00,-7.23,-4.99
174664,1421,12192,117,102038,35.00,-7.26,-4.93
174686,1952,12192,125,101916,35.00,-7.21,-4.97
174708,1832,12384,109,101804,35.00,-7.24,-5.00
174730,1461,12384,110,101752,35.00,-7.21,-4.99
174752,1294,12192,121,101748,35.00,-7.25,-4.96
174774,1197,12192,132,101816,35.00,-7.28,-4.96
174796,1125,12192,143,101916,35.00,-7.27,-4.99
174818,1509,12192,150,102043,35.00,-7.20,-4.96
174859,1366,12192,147,102220,35.00,-7.21,-4.96
174881,1624,12192,140,102293,35.00,-7.23,-4.96
174903,1593,12192,115,102369,35.00,-7.25,-4.94
174925,2085,12192,127,102428,35.00,-7.24,-4.99
174947,1738,12192,117,102502,35.00,-7.22,-4.98
174969,2090,12384,116,102577,35.00,-7.22,-4.98
174991,1907,12384,125,102669,35.00,-7.24,-4.97
175581,1607,12384,126,102741,35.20,-7.24,-4.97
175621,1703,12384,157,102360,35.00,-7.20,-4.97
175643,1867,12384,159,102472,35.00,-7.22,-4.98
175665,1916,12384,155,102534,35.00,-7.22,-4.94
175687,1833,12384,136,102595,35.00,-7.20,-4.99
175709,1855,12384,133,102668,35.00,-7.21,-4.97
175731,1641,12384,109,102737,35.00,-7.26,-4.95
175753,1235,12384,121,102812,35.00,-7.21,-4.98
175775,1452,12384,139,102881,35.00,-7.24,-4.97
175797,1708,12384,154,102941,35.00,-7.23,-4.99
175819,1202,12384,149,103006,35.00,-7.19,-4.98
175861,1119,12384,158,103184,35.00,-7.24,-4.95
175883,1734,12384,159,103242,35.00,-7.20,-4.99
175905,1752,12192,150,103318,35.00,-7.23,-4.98
175927,1963,12192,139,103400,35.00,-7.22,-4.99
175949,1926,12192,123,103472,35.00,-7.27,-4.92
175971,1738,12192,117,103523,35.00,-7.20,-4.96
175993,1692,12192,123,103547,35.00,-7.24,-4.98
176355,1491,12192,139,103502,34.57,-7.26,-5.01
176383,1491,12384,141,102549,35.00,-7.25,-4.99
176405,1830,12384,147,102626,35.00,-7.22,-5.01
176427,1752,12896,136,102701,35.00,-7.23,-4.98
176449,1951,12896,121,102760,35.00,-7.24,-4.93
176471,1901,12896,111,102820,35.00,-7.23,-4.99
176493,1326,12896,101,102873,35.00,-7.23,-4.95
176515,1436,12896,125,102932,35.00,-7.21,-5.01
176537,1599,12896,135,102997,35.00,-7.24,-4.97
176559,1259,12896,147,103054,35.00,-7.24,-4.93
176581,1256,12896,149,103107,35.00,-7.21,-4.99
176623,1591,12896,159,103288,35.00,-7.24,-4.97
176645,1708,12896,152,103342,35.00,-7.24,-5.00
176667,2015,12896,139,103419,35.00,-7.25,-4.96
176689,2139,12896,133,103480,35.00,-7.22,-4.94
176711,1883,12896,117,103501,35.00,-7.24,-4.96
176733,1965,12896,123,103450,35.00,-7.24,-4.96
176755,1717,12896,119,103224,35.00,-7.24,-4.95
176777,1695,12896,133,102870,35.00,-7.22,-4.99
176799,1479,12896,147,102533,35.00,-7.21,-4.95
176821,1529,12896,152,102289,35.00,-7.21,-4.98
176843,1787,13664,166,102130,35.00,-7.21,-4.94
176884,1739,13664,156,101837,35.00,-7.19,-4.99
176906,2294,12896,157,101819,35.00,-7.22,-5.02
176928,1959,12896,146,101868,35.00,-7.22,-5.00
176950,1780,13664,126,101982,35.00,-7.24,-4.94
176972,1957,13664,124,102113,35.00,-7.24,-4.96
176994,2086,13664,125,102191,35.00,-7.25,-4.98
177366,1961,13664,127,102248,35.84,-7.19,-4.97
177405,2063,13664,153,103446,35.00,-7.24,-5.00
177427,2125,14176,159,103436,35.00,-7.26,-5.00
177449,2265,14176,159,103309,35.00,-7.23,-4.98
177471,2207,14176,141,103000,35.00,-7.19,-5.00
177493,2236,14176,139,102654,35.00,-7.24,-4.97
177515,1870,14176,133,102361,35.00,-7.26,-4.94
177537,1706,14176,140,102171,35.00,-7.24,-4.96
177559,1508,14176,141,102044,35.00,-7.23,-4.97
177581,1307,14176,155,101947,35.00,-7.28,-4.97
177603,1515,14176,165,101881,35.00,-7.24,-4.96
177625,1672,14176,171,101873,35.00,-7.23,-4.96
177666,1501,14176,156,102089,35.00,-7.23,-4.99
177688,1495,14176,141,102195,35.00,-7.21,-4.94
177710,1383,14176,131,102255,35.00,-7.24,-4.96
177732,1467,14176,117,102312,35.00,-7.23,-4.94
177754,1491,14176,111,102377,35.00,-7.24,-4.98
177776,1452,14176,111,102428,35.00,-7.27,-4.99
177798,1423,14176,122,102489,35.00,-7.26,-4.96
177820,1114,14176,125,102560,35.00,-7.21,-5.01
177842,1109,14176,147,102620,35.00,-7.19,-4.96
177864,825,14176,151,102685,35.00,-7.24,-4.97
177906,1295,14176,143,102876,35.00,-7.24,-4.94
177928,1286,14176,131,102944,35.00,-7.25,-4.93
177950,1883,14176,126,103000,35.00,-7.23,-4.98
177972,1881,14176,115,103045,35.00,-7.20,-4.97
177994,1687,14176,107,103089,35.00,-7.24,-4.97
178387,1553,14176,108,103147,35.56,-7.25,-5.01
178428,1,14176,147,102278,35.00,-7.19,-4.97
178450,1912,14176,168,102328,35.00,-7.23,-4.99
178472,2682,14176,159,102390,35.00,-7.25,-4.96
178494,3832,14176,167,102447,35.00,-7.26,-4.97
178516,2712,14176,139,102511,35.00,-7.24,-4.94
178538,1413,14176,120,102578,35.00,-7.26,-5.02
178560,1981,14560,149,102661,35.00,-7.23,-4.96
178582,2351,14560,159,102742,35.00,-7.23,-5.00
178604,3227,14560,197,102813,35.00,-7.22,-4.96
178626,1359,14560,158,102893,35.00,-7.20,-4.99
178668,1787,14560,165,103108,35.00,-7.25,-4.95
178690,2106,14560,142,103160,35.00,-7.21,-4.96
178712,1832,14560,139,103212,35.00,-7.22,-4.94
178734,1847,14560,125,103270,35.00,-7.21,-5.01
178756,2059,14560,123,103346,35.00,-7.23,-4.93
178778,1777,14560,119,103420,35.00,-7.23,-4.95
178800,1273,14560,120,103482,35.00,-7.24,-4.96
178822,1363,14560,139,103534,35.00,-7.21,-4.98
178844,1869,14560,157,103565,35.00,-7.26,-4.97
178866,3870,14560,197,103453,35.00,-7.21,-4.96
178888,750,14560,133,103162,35.00,-7.21,-5.01
178929,1771,14560,159,102315,35.00,-7.24,-4.94
178951,1450,14176,148,102206,35.00,-7.24,-4.96
178973,1945,14176,148,102113,35.00,-7.26,-4.95
178995,1711,14560,125,102056,35.00,-7.23,-4.96
179407,1629,14560,123,102036,36.25,-7.27,-4.96
179435,1397,14176,149,103556,35.00,-7.22,-4.94
179457,1965,14560,134,103612,35.00,-7.19,-4.99
179479,1447,14560,113,103678,35.00,-7.24,-4.98
179501,1658,14560,121,103738,35.00,-7.21,-4.96
179523,1819,14176,141,103784,35.00,-7.25,-4.97
179545,0,14176,146,103779,35.00,-7.20,-4.95
179567,0,13664,152,103615,35.00,-7.20,-4.99
179589,2488,13664,203,103266,35.00,-7.23,-5.02
179631,1999,13664,159,102447,35.00,-7.21,-4.99
179653,2293,12896,171,102339,35.00,-7.20,-4.96
179675,3219,12896,156,102254,35.00,-7.23,-4.97
179697,2918,12896,151,102171,35.00,-7.25,-4.96
179719,1837,12896,125,102144,35.00,-7.23,-4.98
179741,1573,12384,155,102150,35.00,-7.24,-4.97
179763,2511,12384,169,102250,35.00,-7.25,-4.96
179785,3869,12384,206,102374,35.00,-7.22,-4.94
179807,3858,12192,211,102480,35.00,-7.24,-4.97
179829,3263,12192,203,102551,35.00,-7.19,-4.97
179871,2300,12192,199,102728,35.00,-7.26,-4.97
179893,2957,11680,187,102785,35.00,-7.23,-4.94
179915,2283,11680,169,102842,35.00,-7.21,-5.01
179937,2878,11680,175,102921,35.00,-7.22,-4.96
179959,3213,11680,167,102988,35.00,-7.25,-4.98
179981,3751,10912,182,103064,35.00,-7.21,-4.96
180428,1353,10912,149,103139,35.36,-7.24,-4.94
180457,1289,12896,151,102121,35.00,-7.24,-4.99
180479,937,12896,104,102252,35.00,-7.22,-4.98
180501,1524,13664,109,102357,35.00,-7.23,-4.96
180523,1708,13664,120,102431,35.00,-7.25,-4.96
180545,1389,13664,133,102489,35.00,-7.24,-5.01
180567,1592,13664,148,102540,35.00,-7.22,-5.00
180589,2117,13664,165,102590,35.00,-7.24,-5.00
180611,1917,14176,167,102650,35.00,-7.26,-4.94
180653,1251,14176,153,102874,35.00,-7.22,-4.95
180675,2648,14176,155,102934,35.00,-7.23,-4.95
180697,2291,14176,142,103002,35.00,-7.22,-4.95
180719,0,14560,107,103062,35.00,-7.25,-4.97
180741,0,14560,109,103106,35.00,-7.23,-4.96
180763,2795,14560,170,103151,35.00,-7.19,-4.93
180785,2853,14560,157,103200,35.00,-7.25,-4.95
180807,759,14560,133,103241,35.00,-7.21,-4.99
180829,0,14560,163,103284,35.00,-7.19,-4.99
180851,3861,14560,215,103335,35.00,-7.25,-5.00
180873,3817,14560,213,103411,35.00,-7.21,-4.96
180914,3017,14560,179,103582,35.00,-7.21,-5.00
180936,3667,15072,187,103631,35.00,-7.23,-4.97
180958,2809,15072,157,103642,35.00,-7.23,-4.97
180980,3007,15072,155,103529,35.00,-7.24,-4.97
181704,3008,15072,155,103210,35.98,-7.25,-4.95
181736,1687,15840,148,102626,35.00,-7.23,-5.01
181758,1398,15840,137,102375,35.00,-7.20,-4.94
181780,1327,15840,120,102198,35.00,-7.24,-5.00
181802,1843,15840,133,102082,35.00,-7.24,-4.98
181824,1228,15840,119,101989,35.00,-7.24,-5.00
181846,1059,15840,133,101920,35.00,-7.27,-5.00
181868,1327,15840,141,101913,35.00,-7.25,-4.95
181890,1122,15840,155,101972,35.00,-7.20,-4.96
181912,1271,15840,166,102104,35.00,-7.24,-4.97
181934,1439,15840,169,102232,35.00,-7.23,-4.98
181976,1452,15840,159,102446,35.00,-7.23,-5.01
181998,1399,15840,145,102505,35.00,-7.25,-4.98
182020,1715,15840,131,102569,35.00,-7.18,-4.98
182042,1721,15840,135,102635,35.00,-7.25,-5.00
182064,1607,15840,118,102717,35.00,-7.25,-5.00
182086,1343,15840,122,102802,35.00,-7.24,-4.96
182108,1370,15840,137,102879,35.00,-7.20,-5.01
182130,1149,15840,147,102957,35.00,-7.21,-4.95
182152,1108,15840,154,103036,35.00,-7.24,-4.95
182174,1202,15840,157,103100,35.00,-7.23,-4.97
182196,1384,15840,151,103166,35.00,-7.23,-5.00
182237,1727,15840,149,103335,35.00,-7.20,-4.96
182259,1847,15840,143,103381,35.00,-7.23,-4.99
182281,1829,16352,133,103446,35.00,-7.23,-4.96
182303,1323,16352,111,103517,35.00,-7.21,-4.98
182325,1039,16352,108,103583,35.00,-7.25,-4.97
182347,1817,16352,137,103628,35.00,-7.20,-4.97
182369,2038,16352,149,103684,35.00,-7.26,-4.99
182391,1511,15840,155,103719,35.00,-7.22,-4.95
182413,1237,16352,159,103636,35.00,-7.23,-4.93
182435,1395,16352,168,103350,35.00,-7.19,-4.98
182478,2031,16352,171,102457,35.00,-7.21,-5.00
182500,2825,16352,169,102309,35.00,-7.24,-4.98
182522,2995,16352,149,102207,35.00,-7.24,-4.99
182544,2535,16352,149,102118,35.00,-7.17,-4.96
182566,2485,16352,147,102083,35.00,-7.25,-4.97
182588,2398,16352,158,102082,35.00,-7.21,-4.95
182610,2424,16352,167,102156,35.00,-7.24,-4.96
182632,2251,16352,179,102282,35.00,-7.26,-4.99
182654,2095,16352,181,102404,35.00,-7.20,-4.96
182676,2447,16400,187,102490,35.00,-7.26,-4.97
182718,2479,16400,173,102698,35.00,-7.21,-4.95
182740,2387,16400,157,102764,35.00,-7.21,-5.02
182762,2153,16400,142,102834,35.00,-7.21,-4.96
182784,2079,16400,139,102920,35.00,-7.21,-4.97
182806,1823,16400,133,103022,35.00,-7.24,-4.94
182828,1573,16400,134,103105,35.00,-7.20,-5.00
182850,1395,16400,137,103220,35.00,-7.25,-4.94
182872,1385,16400,157,103304,35.00,-7.22,-5.00
182894,1211,16400,158,103394,35.00,-7.23,-4.95
182916,1189,16400,157,103491,35.00,-7.25,-4.98
182938,1897,16400,159,103585,35.00,-7.25,-4.99
182979,1671,16400,143,103809,35.00,-7.23,-5.02
183744,1577,16400,133,103902,35.76,-7.24,-4.98
183781,1966,16912,138,104027,35.00,-7.17,-4.96
183803,1843,16912,147,104064,35.00,-7.21,-4.97
183825,2186,16912,143,104073,35.00,-7.24,-5.02
183847,1925,16912,125,103921,35.00,-7.25,-4.95
183869,1754,17680,131,103589,35.00,-7.24,-4.96
183891,1965,17680,147,103207,35.00,-7.19,-4.98
183913,1651,17680,151,102921,35.00,-7.27,-5.00
183935,1297,16912,159,102717,35.00,-7.24,-4.98
183957,1608,16912,170,102559,35.00,-7.22,-4.98
183979,1735,16912,164,102428,35.00,-7.26,-4.98
184021,1673,17680,159,102272,35.00,-7.22,-4.99
184043,2071,17680,153,102345,35.00,-7.23,-4.96
184065,1884,17680,127,102479,35.00,-7.25,-4.98
184087,1677,17680,125,102594,35.00,-7.20,-4.94
184109,1639,17680,121,102660,35.00,-7.22,-4.95
184131,1527,17680,139,102719,35.00,-7.26,-4.99
184153,1433,17680,137,102764,35.00,-7.24,-4.96
184175,1433,17680,160,102830,35.00,-7.20,-5.00
184197,1291,17680,163,102894,35.00,-7.22,-4.95
184219,1383,17680,166,102966,35.00,-7.21,-4.91
184241,1532,17680,156,103024,35.00,-7.26,-4.99
184282,1903,17680,157,103274,35.00,-7.21,-4.96
184304,1800,17680,140,103325,35.00,-7.26,-5.00
184326,1719,17680,133,103376,35.00,-7.21,-4.99
184348,1814,18192,123,103445,35.00,-7.20,-4.97
184370,2013,17680,134,103488,35.00,-7.20,-4.95
184392,1823,18192,137,103518,35.00,-7.25,-4.98
184414,1781,18192,149,103568,35.00,-7.19,-4.96
184436,1571,18192,163,103609,35.00,-7.20,-4.97
184458,1833,18192,179,103633,35.00,-7.24,-4.95
184480,1977,17680,171,103674,35.00,-7.19,-5.00
184523,1996,18192,160,103801,35.00,-7.22,-4.96
184545,2011,18192,139,103855,35.00,-7.23,-4.97
184567,2553,18192,150,103832,35.00,-7.19,-4.99
184589,2966,18192,149,103606,35.00,-7.22,-4.96
184611,2649,18192,135,103247,35.00,-7.23,-4.96
184633,1972,18192,155,102892,35.00,-7.21,-4.96
184655,1638,18192,153,102648,35.00,-7.21,-4.96
184677,1717,18192,167,102484,35.00,-7.22,-4.96
184699,1543,18192,173,102360,35.00,-7.23,-5.01
184721,1809,18192,176,102267,35.00,-7.26,-4.97
184763,2103,18192,165,102225,35.00,-7.20,-4.98
184785,2121,18192,157,102320,35.00,-7.21,-4.96
184807,1963,18192,151,102435,35.00,-7.25,-4.94
184829,2105,18192,146,102508,35.00,-7.22,-4.93
184851,1927,18192,143,102563,35.00,-7.22,-4.97
184873,1751,18192,149,102588,35.00,-7.26,-5.02
184895,1693,18192,166,102645,35.00,-7.23,-4.99
184917,1818,18192,181,102688,35.00,-7.23,-4.97
184939,1737,18192,181,102739,35.00,-7.26,-4.99
184961,1863,18192,186,102814,35.00,-7.25,-4.95
184983,1957,18192,181,102875,35.00,-7.26,-4.98
185024,1951,18192,166,103037,35.00,-7.23,-4.94
185046,2011,18576,157,103106,35.00,-7.23,-5.00
185068,2025,18576,154,103166,35.00,-7.22,-5.00
185090,2038,18576,151,103226,35.00,-7.22,-5.00
185112,1869,18576,155,103282,35.00,-7.20,-4.98
185134,1627,18576,154,103327,35.00,-7.24,-4.93
185156,1389,18576,160,103373,35.00,-7.23,-4.99
185178,1385,18576,179,103431,35.00,-7.25,-5.00
185200,1507,18576,183,103488,35.00,-7.25,-5.00
185222,1469,18576,173,103558,35.00,-7.25,-4.95
185264,1492,18576,166,103745,35.00,-7.26,-4.94
185286,1449,18576,149,103768,35.00,-7.22,-4.98
185308,1437,18576,137,103642,35.00,-7.21,-4.96
185330,1435,18576,125,103308,35.00,-7.22,-4.96
185352,1292,18576,121,102937,35.00,-7.20,-4.97
185374,991,18576,125,102642,35.00,-7.24,-4.98
185396,1039,18192,135,102437,35.00,-7.24,-4.97
185418,1143,18576,153,102320,35.00,-7.21,-4.98
185440,1427,18576,156,102217,35.00,-7.23,-4.95
185462,1628,18192,163,102151,35.00,-7.23,-4.97
185484,1811,18192,153,102115,35.00,-7.24,-4.97
185525,1695,18192,140,102310,35.00,-7.24,-4.94
185547,1709,18576,135,102405,35.00,-7.27,-4.98
185569,1739,18576,121,102475,35.00,-7.22,-4.98
185591,1817,18576,117,102536,35.00,-7.27,-4.98
185613,2071,18576,127,102592,35.00,-7.20,-4.99
185635,1635,18576,127,102645,35.00,-7.21,-4.96
185657,1437,18576,142,102712,35.00,-7.26,-4.93
185679,1579,18576,157,102790,35.00,-7.25,-4.98
185701,1565,18576,167,102875,35.00,-7.21,-5.01
185723,1659,18576,163,102951,35.00,-7.24,-4.99
185766,1834,18576,154,103174,35.00,-7.28,-4.98
185788,2039,18576,126,103256,35.00,-7.24,-4.96
185810,2056,18576,133,103331,35.00,-7.25,-4.96
185832,2063,19088,134,103386,35.00,-7.20,-5.00
185854,2019,19088,135,103450,35.00,-7.22,-4.95
185876,1850,19088,148,103512,35.00,-7.21,-4.97
185898,1575,18576,157,103566,35.00,-7.26,-4.96
185920,1756,19088,170,103640,35.00,-7.24,-4.93
185942,2287,19088,185,103700,35.00,-7.23,-4.96
185964,3859,19088,206,103768,35.00,-7.21,-4.95
186550,3815,19088,186,103960,35.75,-7.22,-4.98
186588,1452,19088,115,103599,35.00,-7.24,-5.01
186610,2141,19088,135,103662,35.00,-7.23,-4.97
186632,1331,19856,111,103718,35.00,-7.24,-4.95
186654,1611,19856,119,103763,35.00,-7.20,-4.96
186676,1725,19856,121,103831,35.00,-7.21,-4.98
186698,1231,19856,123,103893,35.00,-7.21,-5.01
186720,1395,19856,143,103949,35.00,-7.22,-4.99
186742,1631,19856,153,103996,35.00,-7.24,-4.98
186764,1503,19856,155,104026,35.00,-7.23,-4.99
186786,1799,19856,156,104020,35.00,-7.23,-4.99
186828,2111,19856,149,103087,35.00,-7.22,-4.98
186850,2013,19856,133,102779,35.00,-7.26,-4.94
186872,2269,19856,137,102576,35.00,-7.21,-4.96
186894,2363,19856,126,102423,35.00,-7.19,-4.94
186916,2219,19856,137,102301,35.00,-7.24,-4.95
186938,1912,19856,141,102202,35.00,-7.24,-4.97
186960,2023,19856,152,102164,35.00,-7.24,-4.97
186982,2071,19856,166,102155,35.00,-7.23,-4.96
187570,1909,19856,166,102221,35.27,-7.22,-4.96
187610,1801,20368,135,102544,35.00,-7.22,-4.99
187632,1849,20368,135,102379,35.00,-7.21,-5.02
187654,1815,20368,133,102262,35.00,-7.22,-4.96
187676,1671,20368,119,102187,35.00,-7.21,-4.99
187698,1461,20368,126,102134,35.00,-7.20,-4.96
187720,1396,20368,135,102119,35.00,-7.21,-5.01
187742,1285,20368,151,102198,35.00,-7.23,-4.97
187764,1239,20368,154,102320,35.00,-7.22,-4.98
187786,1262,20368,157,102445,35.00,-7.26,-4.95
187808,1364,20368,149,102523,35.00,-7.26,-4.96
187851,1299,20368,141,102658,35.00,-7.24,-4.98
187873,1597,20368,111,102728,35.00,-7.21,-4.94
187895,1766,20368,119,102789,35.00,-7.27,-4.99
187917,1580,20368,109,102837,35.00,-7.21,-4.97
187939,1299,20368,119,102897,35.00,-7.20,-4.98
187961,1291,20368,122,102964,35.00,-7.23,-4.99
187983,1223,20368,147,103038,35.00,-7.27,-4.94
188345,1204,20368,147,103106,35.97,-7.22,-4.95
188373,1803,20368,165,102303,35.00,-7.27,-4.96
188395,2249,20368,125,102214,35.00,-7.24,-4.96
188417,2303,20368,134,102138,35.00,-7.22,-4.97
188439,2326,20368,136,102094,35.00,-7.20,-4.96
188461,2171,20368,141,102116,35.00,-7.24,-4.96
188483,1725,20368,153,102209,35.00,-7.24,-4.94
188505,1836,20368,168,102330,35.00,-7.22,-4.97
188527,1847,20368,169,102430,35.00,-7.20,-4.99
188549,1868,20368,171,102502,35.00,-7.30,-4.96
188571,1977,20368,169,102534,35.00,-7.19,-4.96
188612,2153,20560,152,102718,35.00,-7.22,-5.00
188634,2223,20560,151,102784,35.00,-7.24,-4.96
188656,2429,20560,148,102855,35.00,-7.20,-4.96
188678,2217,20560,135,102937,35.00,-7.22,-4.99
188700,1915,20560,131,103020,35.00,-7.22,-4.95
188722,2204,20560,156,103099,35.00,-7.22,-4.97
188744,1814,20560,147,103164,35.00,-7.23,-4.96
188766,1555,20560,169,103234,35.00,-7.25,-4.97
188788,2017,20560,179,103301,35.00,-7.23,-4.98
188810,2165,20560,179,103373,35.00,-7.23,-4.93
188832,1861,20560,160,103439,35.00,-7.22,-4.99
188873,2379,20560,159,103627,35.00,-7.18,-4.99
188895,2059,20560,145,103695,35.00,-7.25,-5.00
188917,1875,20560,141,103778,35.00,-7.24,-4.99
188939,1963,20560,141,103845,35.00,-7.23,-4.98
188961,1961,20560,147,103913,35.00,-7.21,-4.98
188983,1791,20560,148,103948,35.00,-7.24,-4.96
189356,1785,20560,171,103956,34.70,-7.23,-4.96
189394,1942,20560,138,102940,35.00,-7.24,-4.97
189416,1721,20560,135,103018,35.00,-7.25,-4.94
189438,981,21072,133,103089,35.00,-7.22,-4.96
189460,1565,21072,120,103145,35.00,-7.21,-4.97
189482,1227,21072,111,103211,35.00,-7.23,-4.96
189504,1127,21072,124,103281,35.00,-7.24,-4.96
189526,1211,21072,145,103353,35.00,-7.21,-4.93
189548,1189,21072,149,103425,35.00,-7.26,-4.99
189570,1114,21072,151,103478,35.00,-7.25,-4.97
189592,990,21072,140,103538,35.00,-7.23,-4.98
189614,1140,21072,141,103608,35.00,-7.24,-4.96
189655,1543,21072,127,103822,35.00,-7.26,-4.96
189677,1599,21072,116,103886,35.00,-7.24,-4.96
189699,1565,21072,109,103940,35.00,-7.24,-4.98
189721,1691,21072,110,103973,35.00,-7.22,-4.96
189743,1471,21072,111,103987,35.00,-7.23,-4.97
189765,1275,21072,125,103828,35.00,-7.26,-4.99
189787,1300,21072,141,103481,35.00,-7.25,-5.00
189809,1433,21072,147,103111,35.00,-7.20,-4.99
189831,1274,21072,147,102812,35.00,-7.25,-5.01
189853,1421,21072,141,102613,35.00,-7.21,-4.95
189896,1711,21840,135,102256,35.00,-7.23,-4.97
189918,2132,21072,120,102199,35.00,-7.24,-4.95
189940,1927,21840,108,102204,35.00,-7.26,-4.98
189962,1819,21840,115,102256,35.00,-7.24,-4.97
189984,1994,21840,125,102387,35.00,-7.23,-4.97
190376,1823,21840,123,102498,35.79,-7.24,-4.99
190417,2893,21840,163,103847,35.00,-7.21,-4.97
190439,3089,22352,158,103926,35.00,-7.23,-4.96
190461,2917,22352,155,103978,35.00,-7.21,-4.97
190483,2665,22352,161,103996,35.00,-7.24,-4.96
190505,2504,22352,169,103920,35.00,-7.20,-5.00
190527,2218,22352,168,103622,35.00,-7.25,-4.99
190549,2199,22352,181,103247,35.00,-7.22,-4.96
190571,2009,22352,183,102929,35.00,-7.25,-4.96
190593,1861,22352,184,102702,35.00,-7.23,-5.01
190615,2203,22352,187,102540,35.00,-7.23,-4.97
190658,2149,22352,177,102266,35.00,-7.24,-4.97
190680,1901,22352,142,102247,35.00,-7.22,-4.96
190702,2025,22352,141,102287,35.00,-7.25,-4.97
190724,1655,22352,139,102394,35.00,-7.20,-4.96
190746,1321,22352,153,102510,35.00,-7.22,-4.99
190768,883,22352,151,102597,35.00,-7.20,-4.99
190790,489,22352,157,102659,35.00,-7.24,-4.96
190812,525,22352,155,102715,35.00,-7.23,-4.99
190834,1175,22352,158,102744,35.00,-7.25,-4.99
190856,1606,22352,151,102806,35.00,-7.24,-4.96
190898,1553,22352,135,102993,35.00,-7.20,-4.94
190920,1147,22352,101,103049,35.00,-7.23,-4.97
190942,1087,22352,99,103117,35.00,-7.25,-4.96
190964,909,22352,94,103180,35.00,-7.23,-4.97
190986,955,22352,107,103247,35.00,-7.23,-4.98
191397,989,22352,115,103304,35.11,-7.24,-4.99
191439,1997,22352,124,102220,35.00,-7.23,-4.96
191461,2489,22352,120,102303,35.00,-7.23,-4.99
191483,2747,22736,120,102414,35.00,-7.22,-4.98
191505,2771,22736,126,102521,35.00,-7.21,-4.96
191527,2632,22352,137,102588,35.00,-7.23,-4.98
191549,2419,22736,145,102629,35.00,-7.25,-4.96
191571,2535,22736,171,102645,35.00,-7.20,-4.99
191593,2463,22736,166,102684,35.00,-7.20,-4.95
191615,2296,22736,173,102721,35.00,-7.22,-4.98
191637,2973,22736,179,102783,35.00,-7.26,-4.99
191659,2540,22736,165,102833,35.00,-7.24,-4.96
191700,2405,22736,142,102988,35.00,-7.23,-4.96
191722,2684,22736,147,103033,35.00,-7.21,-4.99
191744,2581,22736,137,103090,35.00,-7.24,-5.00
191766,2360,22736,135,103142,35.00,-7.22,-4.98
191788,2343,22736,152,103182,35.00,-7.24,-4.99
191810,2479,22736,175,103219,35.00,-7.20,-4.94
191832,2453,22736,187,103264,35.00,-7.23,-4.96
191854,1993,22736,179,103311,35.00,-7.22,-4.97
191876,1547,22736,160,103352,35.00,-7.20,-4.95
191898,1733,22736,155,103403,35.00,-7.24,-4.99
191920,2103,22736,150,103465,35.00,-7.20,-4.97
191961,2471,22736,155,103628,35.00,-7.25,-4.97
191983,2701,22736,157,103678,35.00,-7.25,-5.00
192417,2661,22736,157,103681,36.25,-7.22,-5.00
192446,1607,22736,155,102944,35.00,-7.21,-4.98
192468,2141,22352,141,103014,35.00,-7.24,-4.98
192490,1945,22352,150,103091,35.00,-7.23,-4.93
192512,1613,22352,147,103150,35.00,-7.22,-4.97
192534,1561,22352,149,103216,35.00,-7.24,-4.96
192556,1583,22352,151,103281,35.00,-7.28,-4.96
192578,2027,22352,157,103336,35.00,-7.24,-4.97
192600,2089,22352,142,103404,35.00,-7.21,-4.98
192642,1757,22352,133,103560,35.00,-7.23,-4.99
192664,1949,22352,119,103629,35.00,-7.26,-4.99
192686,1773,22352,107,103685,35.00,-7.23,-4.98
192708,1722,22736,109,103752,35.00,-7.24,-4.98
192730,1783,22352,133,103802,35.00,-7.26,-4.96
192752,1622,22352,141,103838,35.00,-7.24,-4.98
192774,1499,22352,160,103790,35.00,-7.22,-4.98
192796,1629,22736,171,103542,35.00,-7.25,-4.96
192818,2220,22352,213,103161,35.00,-7.23,-5.01
192840,2909,22736,243,102829,35.00,-7.23,-5.02
192862,3592,22352,281,102574,35.00,-7.21,-4.98
192903,3845,22352,307,102173,35.00,-7.27,-4.95
192925,3875,22352,265,102089,35.00,-7.23,-4.98
192947,3857,22352,183,102045,35.00,-7.25,-4.96
192969,2616,22736,141,102081,35.00,-7.24,-4.96
192991,1013,22736,102,102185,35.00,-7.23,-5.01
193438,221,22736,111,102297,35.53,-7.19,-4.94
193467,1701,22736,158,103784,35.00,-7.24,-4.94
193489,1619,22736,119,103849,35.00,-7.22,-4.94
193511,1531,22736,138,103880,35.00,-7.24,-4.97
193533,1511,22736,149,103872,35.00,-7.22,-4.94
193555,1147,22736,153,103682,35.00,-7.21,-4.95
193577,839,22736,151,103309,35.00,-7.26,-4.97
193599,888,22736,159,102943,35.00,-7.19,-4.95
193621,1139,22736,157,102639,35.00,-7.25,-4.97
193643,1578,22736,159,102425,35.00,-7.28,-4.98
193685,1881,22736,147,102028,35.00,-7.21,-4.99
193707,1657,22736,121,101944,35.00,-7.17,-4.99
193729,0,23248,95,101921,35.00,-7.19,-4.99
193751,1209,23248,139,101976,35.00,-7.25,-4.94
193773,1775,22736,149,102095,35.00,-7.21,-4.98
193795,1998,22736,164,102196,35.00,-7.18,-4.98
193817,1205,22736,159,102283,35.00,-7.19,-4.96
193839,1657,22736,168,102328,35.00,-7.25,-4.95
193861,2199,22736,191,102376,35.00,-7.23,-4.95
193883,2888,22736,216,102437,35.00,-7.23,-4.96
193926,3375,22736,230,102616,35.00,-7.21,-4.94
193948,2829,22736,175,102687,35.00,-7.25,-4.97
193970,2437,23248,142,102761,35.00,-7.23,-4.96
193992,2223,23248,122,102825,35.00,-7.23,-4.97
194713,1768,23248,121,102903,35.45,-7.25,-4.96
194748,3869,22736,179,103082,35.00,-7.22,-4.97
194770,1213,22352,105,103186,35.00,-7.21,-4.97
194792,167,22736,95,103258,35.00,-7.21,-5.00
194814,29,22352,101,103322,35.00,-7.24,-4.94
194836,552,22352,122,103379,35.00,-7.22,-4.97
194858,620,22352,139,103443,35.00,-7.20,-4.98
194880,0,21840,124,103507,35.00,-7.22,-5.00
194902,1047,21072,173,103558,35.00,-7.24,-4.97
194924,1007,21072,139,103602,35.00,-7.24,-4.96
194946,431,20560,94,103653,35.00,-7.25,-4.94
194988,1079,20560,108,103851,35.00,-7.20,-4.95
195734,1239,20560,105,103909,35.82,-7.26,-4.98
195770,2428,22736,138,103966,35.00,-7.24,-4.94
195792,3037,22736,152,104020,35.00,-7.21,-4.95
195814,3357,22736,153,104065,35.00,-7.20,-5.00
195836,2739,22736,156,104074,35.00,-7.22,-4.95
195858,2695,22736,167,103897,35.00,-7.24,-4.96
195880,2329,22736,175,103511,35.00,-7.22,-4.93
195902,2233,22736,189,103144,35.00,-7.19,-4.97
195924,1845,22736,201,102879,35.00,-7.25,-4.97
195946,2711,22736,211,102689,35.00,-7.21,-4.98
195968,2803,22736,187,102562,35.00,-7.24,-4.97
195990,2412,22736,175,102462,35.00,-7.25,-4.95
196031,2671,22736,171,102327,35.00,-7.26,-4.97
196053,2104,23248,153,102424,35.00,-7.22,-5.00
196075,1960,23248,149,102554,35.00,-7.22,-4.93
196097,1720,23248,153,102652,35.00,-7.22,-4.98
196119,829,23248,138,102716,35.00,-7.22,-4.96
196141,0,23248,149,102769,35.00,-7.23,-4.98
196163,1079,23248,166,102817,35.00,-7.24,-4.96
196185,1105,23248,165,102887,35.00,-7.23,-4.98
196207,1041,23248,147,102953,35.00,-7.25,-4.96
196229,1200,23248,136,103016,35.00,-7.23,-4.97
196271,1339,23248,117,103239,35.00,-7.19,-5.00
196293,555,23248,93,103312,35.00,-7.19,-4.94
196315,281,23248,89,103388,35.00,-7.24,-4.96
196337,607,24016,93,103451,35.00,-7.24,-4.99
196359,633,23248,108,103516,35.00,-7.24,-4.95
196381,179,24016,112,103601,35.00,-7.23,-4.95
196403,317,23248,123,103662,35.00,-7.21,-5.01
196425,0,23248,126,103721,35.00,-7.22,-4.95
196447,0,23248,127,103774,35.00,-7.25,-4.96
196469,0,23248,115,103826,35.00,-7.24,-4.99
196491,0,22736,102,103889,35.00,-7.22,-4.94
196532,3047,22736,137,104103,35.00,-7.21,-4.95
196554,3850,23248,135,104161,35.00,-7.22,-5.01
196576,3687,23248,139,104213,35.00,-7.24,-4.99
196598,3837,24016,158,104236,35.00,-7.24,-4.98
196620,2889,24016,148,104119,35.00,-7.23,-4.98
196642,3577,24016,185,103767,35.00,-7.25,-4.93
196664,3849,24016,189,103379,35.00,-7.23,-4.96
196686,2767,24016,167,103061,35.00,-7.25,-4.98
196708,2427,24016,169,102834,35.00,-7.22,-5.02
196730,2664,24016,163,102673,35.00,-7.23,-4.94
196773,2796,24528,159,102363,35.00,-7.21,-4.99
196795,2473,24528,147,102330,35.00,-7.26,-4.96
196817,2473,24528,151,102361,35.00,-7.20,-4.97
196839,2614,24528,159,102455,35.00,-7.22,-4.96
196861,2441,24528,168,102604,35.00,-7.23,-4.98
196883,1867,24528,180,102702,35.00,-7.22,-5.00
196905,1827,24528,181,102774,35.00,-7.23,-4.98
196927,1672,24528,178,102818,35.00,-7.23,-5.00
196949,1773,24528,179,102872,35.00,-7.22,-5.01
196971,1981,24528,159,102945,35.00,-7.23,-4.97
197520,2236,24528,155,103138,35.16,-7.24,-4.96
197555,0,24528,120,102249,35.00,-7.24,-4.96
197577,0,24528,115,102266,35.00,-7.20,-4.96
197599,2010,24528,155,102338,35.00,-7.23,-4.97
197621,3861,24528,223,102437,35.00,-7.23,-4.96
197643,3864,24016,276,102551,35.00,-7.23,-5.01
197665,3871,24016,313,102638,35.00,-7.21,-4.99
197687,3865,24016,299,102676,35.00,-7.20,-4.93
197709,3867,24016,334,102731,35.00,-7.22,-4.98
197731,3854,24016,349,102788,35.00,-7.23,-4.94
197753,3867,24016,355,102845,35.00,-7.24,-5.00
197795,3871,24016,359,103051,35.00,-7.24,-4.92
197817,3862,24016,359,103108,35.00,-7.23,-5.00
197839,3857,24016,353,103168,35.00,-7.19,-4.96
197861,3785,24016,333,103235,35.00,-7.20,-4.98
197883,1311,24016,261,103310,35.00,-7.22,-4.96
197905,0,24016,237,103349,35.00,-7.23,-5.00
197927,0,24016,213,103429,35.00,-7.22,-4.96
197949,0,24016,175,103500,35.00,-7.20,-4.95
197971,0,24528,147,103564,35.00,-7.21,-4.95
197993,0,24016,117,103624,35.00,-7.24,-4.96
198541,0,24528,95,103689,35.91,-7.24,-5.00
198577,3871,24016,202,103034,35.00,-7.27,-4.96
198599,3867,24528,121,103109,35.00,-7.22,-5.01
198621,3847,24528,83,103182,35.00,-7.23,-4.93
198643,1207,24528,47,103267,35.00,-7.24,-4.99
198665,0,24528,13,103340,35.00,-7.22,-4.97
198687,0,24528,16,103397,35.00,-7.21,-4.95
198709,2168,24016,46,103450,35.00,-7.22,-4.96
198731,3773,24016,69,103505,35.00,-7.24,-4.96
198753,3858,24016,77,103545,35.00,-7.21,-4.97
198775,3853,24528,88,103589,35.00,-7.22,-4.97
198818,3859,24528,89,103736,35.00,-7.25,-4.98
198840,3870,24016,104,103804,35.00,-7.21,-4.95
198862,3860,24016,138,103876,35.00,-7.25,-4.99
198884,3864,24016,199,103931,35.00,-7.21,-4.98
198906,3859,23248,254,103984,35.00,-7.23,-4.96
198928,3861,23248,287,103892,35.00,-7.23,-4.98
198950,3864,22736,283,103581,35.00,-7.20,-4.97
198972,3869,22736,261,103210,35.00,-7.24,-4.94
198994,3879,22736,234,102878,35.00,-7.22,-4.96
199561,3863,23248,211,102643,35.19,-7.20,-4.96
199599,1075,24016,77,104003,35.00,-7.23,-4.96
199621,2116,24016,95,104077,35.00,-7.26,-4.98
199643,2459,24528,118,104138,35.00,-7.22,-4.97
199665,2535,24528,153,104106,35.00,-7.24,-5.00
199687,2671,24528,169,103838,35.00,-7.22,-4.96
199709,2826,24528,191,103454,35.00,-7.22,-4.97
199731,2973,24528,213,103101,35.00,-7.24,-4.97
199753,3164,24528,220,102864,35.00,-7.24,-4.96
199775,3719,24528,227,102700,35.00,-7.24,-4.97
199797,3811,24528,217,102579,35.00,-7.21,-4.97
199819,3817,24528,205,102486,35.00,-7.22,-5.01
199860,3812,24528,205,102440,35.00,-7.25,-4.98
199882,3812,24624,189,102541,35.00,-7.22,-4.98
199904,3207,24624,179,102679,35.00,-7.23,-4.98
199926,3119,24624,187,102792,35.00,-7.26,-4.98
199948,2762,24624,185,102871,35.00,-7.19,-4.95
199970,2515,24624,186,102918,35.00,-7.22,-5.02
199992,2383,24624,183,102981,35.00,-7.27,-5.01
200582,2309,24528,183,103054,35.65,-7.23,-4.98
200622,1331,24624,117,102377,35.00,-7.24,-5.00
200644,1279,24624,116,102486,35.00,-7.25,-4.95
200666,1116,24624,111,102581,35.00,-7.22,-5.00
200688,1241,25136,125,102649,35.00,-7.23,-4.95
200710,1285,25136,147,102689,35.00,-7.22,-4.93
200732,1279,25136,153,102720,35.00,-7.23,-4.93
200754,1500,25136,157,102776,35.00,-7.21,-4.98
200776,1661,24624,157,102813,35.00,-7.23,-4.97
200798,1693,24624,138,102861,35.00,-7.23,-4.96
200820,1829,24624,133,102932,35.00,-7.23,-4.95
200863,1909,24624,111,103146,35.00,-7.23,-4.97
200885,1818,24624,111,103243,35.00,-7.23,-4.99
200907,1737,24624,121,103325,35.00,-7.24,-4.96
200929,1679,24624,146,103392,35.00,-7.22,-5.01
200951,1711,24624,157,103479,35.00,-7.22,-4.98
200973,1877,24624,169,103567,35.00,-7.24,-4.96
200995,2165,24624,171,103642,35.00,-7.21,-4.98
201357,2157,24624,165,103719,34.78,-7.19,-4.98
201385,1902,24624,165,102443,35.00,-7.21,-4.98
201407,1592,24624,123,102591,35.00,-7.25,-4.97
201429,1525,24624,146,102696,35.00,-7.23,-4.94
201451,1405,24624,151,102768,35.00,-7.20,-4.96
201473,1337,24624,159,102805,35.00,-7.22,-4.96
201495,1427,24624,168,102861,35.00,-7.26,-4.97
201517,1483,24624,165,102915,35.00,-7.25,-4.96
201539,1701,24624,154,102968,35.00,-7.23,-4.97
201561,1801,24624,147,103042,35.00,-7.18,-4.97
201583,1787,24624,123,103099,35.00,-7.28,-4.98
201624,1687,25136,125,103261,35.00,-7.22,-4.97
201646,1687,24624,121,103325,35.00,-7.23,-4.99
201668,1687,24624,125,103389,35.00,-7.21,-5.01
201690,1337,24624,131,103455,35.00,-7.22,-4.96
201712,1432,24624,155,103513,35.00,-7.23,-4.97
201734,1309,25136,155,103575,35.00,-7.23,-5.00
201756,1419,24624,169,103612,35.00,-7.25,-4.98
201778,1562,24624,155,103663,35.00,-7.24,-4.96
201800,1721,24624,151,103725,35.00,-7.21,-4.98
201822,1811,24624,126,103796,35.00,-7.19,-4.98
201844,1800,24624,119,103862,35.00,-7.25,-4.99
201885,1768,24624,119,104015,35.00,-7.23,-4.96
201907,1758,24624,119,103976,35.00,-7.22,-5.00
201929,1631,24624,127,103707,35.00,-7.20,-4.94
201951,1485,24624,135,103309,35.00,-7.27,-4.97
201973,1485,24624,151,102966,35.00,-7.21,-4.99
201995,1577,24528,165,102710,35.00,-7.25,-4.99
202367,1715,24528,163,102552,35.62,-7.25,-4.95
202406,2151,25136,141,103378,35.00,-7.25,-4.97
202428,2155,25136,136,103446,35.00,-7.21,-4.97
202450,1955,25136,138,103518,35.00,-7.24,-4.92
202472,1931,25136,155,103579,35.00,-7.22,-4.94
202494,1828,25136,165,103641,35.00,-7.24,-4.98
202516,1658,25136,169,103713,35.00,-7.21,-4.97
202538,1684,25136,163,103771,35.00,-7.26,-4.98
202560,1765,25136,157,103848,35.00,-7.23,-4.96
202582,1774,25136,142,103927,35.00,-7.26,-5.01
202604,1724,25136,133,104000,35.00,-7.21,-4.92
202626,1647,25136,121,104095,35.00,-7.21,-4.96
202667,1704,25136,121,103812,35.00,-7.21,-4.96
202689,1471,25136,115,103413,35.00,-7.21,-4.94
202711,1251,25136,127,103080,35.00,-7.26,-4.96
202733,1223,25136,140,102855,35.00,-7.26,-4.98
202755,1213,25136,154,102707,35.00,-7.27,-5.00
202777,1355,25136,155,102586,35.00,-7.23,-4.95
202799,1627,25136,154,102505,35.00,-7.22,-4.97
202821,1785,25136,150,102440,35.00,-7.21,-4.97
202843,1823,25136,140,102406,35.00,-7.23,-4.94
202865,1925,25136,125,102422,35.00,-7.24,-5.01
202908,1864,25136,119,102750,35.00,-7.25,-4.97
202930,1799,25136,119,102835,35.00,-7.22,-4.97
202952,1643,25136,125,102884,35.00,-7.18,-5.00
202974,1645,25136,156,102923,35.00,-7.21,-4.94
202996,1656,25136,162,102992,35.00,-7.22,-5.04
203388,1883,25136,173,103066,35.22,-7.23,-4.99
203429,1611,25904,124,103586,35.00,-7.21,-4.99
203451,1801,25904,135,103224,35.00,-7.23,-4.95
203473,1528,25904,141,102966,35.00,-7.23,-5.00
203495,1465,25904,155,102798,35.00,-7.23,-4.94
203517,1515,25904,167,102680,35.00,-7.25,-4.98
203539,1594,25904,170,102549,35.00,-7.27,-4.93
203561,1727,25904,167,102480,35.00,-7.23,-4.98
203583,1865,25904,163,102424,35.00,-7.25,-4.96
203605,1885,25904,137,102422,35.00,-7.20,-4.96
203627,1898,25904,139,102485,35.00,-7.25,-4.99
203670,1977,25904,126,102794,35.00,-7.24,-5.00
203692,1604,25904,138,102858,35.00,-7.22,-4.95
203714,1390,25904,141,102904,35.00,-7.24,-4.93
203736,1342,25904,160,102948,35.00,-7.23,-4.98
203758,1431,25904,165,103008,35.00,-7.25,-4.98
203780,1567,25904,168,103051,35.00,-7.22,-4.96
203802,1679,25904,157,103132,35.00,-7.24,-4.96
203824,1740,25904,152,103215,35.00,-7.26,-4.94
203846,1903,25904,133,103288,35.00,-7.22,-4.94
203868,1934,25904,126,103374,35.00,-7.25,-4.95
203910,2083,25904,123,103598,35.00,-7.23,-5.00
203932,1903,25904,123,103606,35.00,-7.25,-4.96
203954,1684,25904,142,103615,35.00,-7.25,-4.99
203976,1582,25904,157,103615,35.00,-7.25,-4.97
203998,1508,25904,167,103634,35.00,-7.23,-4.98
204020,1533,25904,167,103658,35.00,-7.22,-4.96
204042,1779,25904,168,103725,35.00,-7.20,-5.01
204064,1961,25904,157,103780,35.00,-7.24,-4.95
204086,2149,25904,147,103816,35.00,-7.21,-4.99
204108,2101,25904,135,103852,35.00,-7.24,-4.96
204130,1865,25904,123,103847,35.00,-7.23,-4.96
204171,1707,25904,132,103140,35.00,-7.26,-4.97
204193,1613,25904,133,102803,35.00,-7.27,-4.96
204215,1597,25904,148,102532,35.00,-7.22,-4.98
204237,1527,25904,163,102347,35.00,-7.23,-4.98
204259,1745,25904,175,102217,35.00,-7.22,-4.97
204281,1865,25904,177,102113,35.00,-7.29,-4.95
204303,2125,25904,175,102034,35.00,-7.22,-4.99
204325,2275,25904,165,101997,35.00,-7.24,-4.98
204347,2239,25904,145,102009,35.00,-7.23,-4.94
204369,2153,25904,137,102084,35.00,-7.21,-4.96
204411,1951,25904,135,102329,35.00,-7.24,-4.93
204433,1738,25904,137,102341,35.00,-7.27,-4.94
204455,1647,25904,137,102360,35.00,-7.22,-4.98
204477,1611,25904,164,102389,35.00,-7.25,-5.00
204499,1525,25904,164,102429,35.00,-7.24,-5.00
204521,1577,25904,175,102497,35.00,-7.19,-4.96
204543,1898,25904,167,102550,35.00,-7.26,-4.96
204565,1765,25904,155,102616,35.00,-7.27,-4.98
204587,2279,25904,148,102683,35.00,-7.23,-4.98
204609,3167,25904,159,102759,35.00,-7.24,-5.00
204631,2397,25904,137,102826,35.00,-7.25,-4.97
204672,2532,25904,152,103053,35.00,-7.21,-4.99
204694,2195,25904,146,103121,35.00,-7.23,-4.95
204716,1980,25904,167,103172,35.00,-7.26,-4.98
204738,1683,25904,171,103225,35.00,-7.21,-4.95
204760,1461,25904,171,103251,35.00,-7.25,-4.98
204782,1435,25904,171,103280,35.00,-7.24,-4.97
204804,1368,25904,153,103341,35.00,-7.24,-4.98
204826,1369,25904,139,103389,35.00,-7.24,-4.99
204848,1634,25904,125,103446,35.00,-7.21,-4.98
204870,1096,25904,111,103481,35.00,-7.23,-4.97
204913,1251,25904,110,102737,35.00,-7.24,-4.97
204935,605,25904,107,102403,35.00,-7.24,-4.94
204957,473,25904,115,102168,35.00,-7.23,-4.96
204979,571,25904,127,102001,35.00,-7.21,-4.98
205683,637,25904,136,101891,35.76,-7.22,-4.97
205715,2277,23248,175,100824,35.00,-7.23,-4.97
205737,2084,23248,149,100712,35.00,-7.20,-4.97
205759,1831,23248,167,100637,35.00,-7.20,-4.96
205781,1807,23248,176,100578,35.00,-7.25,-4.98
205803,2157,23248,185,100593,35.00,-7.22,-5.00
205825,2107,24016,180,100674,35.00,-7.22,-5.00
205847,2213,24016,167,100818,35.00,-7.22,-5.02
205869,2117,24016,151,100957,35.00,-7.24,-4.95
205891,2060,24528,143,101059,35.00,-7.23,-4.98
205913,1783,24528,123,101141,35.00,-7.24,-4.99
205955,1405,24528,119,101382,35.00,-7.27,-4.99
205977,1006,24528,115,101462,35.00,-7.22,-4.93
205999,791,24528,134,101550,35.00,-7.24,-4.96
206021,915,24624,141,101620,35.00,-7.21,-4.93
206043,797,24624,151,101688,35.00,-7.27,-4.98
206065,891,24624,139,101738,35.00,-7.20,-5.00
206087,1075,24624,135,101805,35.00,-7.20,-5.01
206109,1001,24624,109,101862,35.00,-7.24,-4.96
206131,1112,24624,105,101918,35.00,-7.22,-4.96
206153,1195,24624,99,101972,35.00,-7.21,-4.97
206175,1211,24624,102,102022,35.00,-7.22,-4.98
206216,1325,24624,115,102169,35.00,-7.26,-4.99
206238,1543,24624,132,102247,35.00,-7.27,-4.98
206260,1561,24624,147,102323,35.00,-7.26,-4.97
206282,1814,24624,173,102395,35.00,-7.22,-4.96
206304,1848,25136,170,102468,35.00,-7.22,-4.95
206326,1971,24624,165,102535,35.00,-7.22,-4.99
206348,1975,25136,155,102574,35.00,-7.24,-4.98
206370,2091,24624,141,102478,35.00,-7.25,-4.99
206392,2155,24624,133,102196,35.00,-7.22,-4.98
206414,2121,24624,123,101823,35.00,-7.27,-4.99
206456,1833,24624,123,101161,35.00,-7.26,-4.93
206478,1899,24624,135,101074,35.00,-7.25,-4.98
206500,1628,24624,148,101000,35.00,-7.21,-4.96
206522,1547,24624,153,100949,35.00,-7.21,-4.99
206544,1770,24624,169,100972,35.00,-7.21,-4.99
206566,1902,24624,160,101075,35.00,-7.22,-4.98
206588,2013,24624,149,101184,35.00,-7.27,-4.98
206610,1898,24624,136,101288,35.00,-7.22,-4.98
206632,2043,24624,117,101344,35.00,-7.20,-4.97
206654,1967,25136,116,101403,35.00,-7.26,-4.94
206676,1994,25136,125,101454,35.00,-7.23,-4.99
206717,1813,25136,139,101663,35.00,-7.25,-4.96
206739,1946,24624,141,101737,35.00,-7.26,-4.96
206761,1816,24624,163,101819,35.00,-7.27,-4.96
206783,1879,24624,171,101891,35.00,-7.25,-4.99
206805,2042,24624,179,101987,35.00,-7.23,-4.98
206827,2200,24624,169,102057,35.00,-7.21,-4.99
206849,2280,24624,164,102149,35.00,-7.21,-4.98
206871,2213,24624,142,102226,35.00,-7.23,-4.99
206893,2187,24624,140,102290,35.00,-7.24,-4.94
206915,2004,24624,122,102363,35.00,-7.24,-5.00
206958,1837,24624,127,102541,35.00,-7.27,-4.95
206980,1563,24624,145,102617,35.00,-7.25,-4.94
207724,1481,24624,158,102696,35.48,-7.26,-4.97
207760,1833,24624,170,103324,35.00,-7.23,-4.95
207782,1621,24624,147,103414,35.00,-7.24,-5.00
207804,1607,24624,167,103445,35.00,-7.21,-5.00
207826,1791,24624,172,103257,35.00,-7.27,-4.98
207848,1983,24624,171,102899,35.00,-7.22,-4.97
207870,2098,24624,163,102539,35.00,-7.21,-4.97
207892,2107,24624,149,102271,35.00,-7.24,-4.97
207914,2035,24624,133,102116,35.00,-7.22,-4.96
207936,2010,24624,127,102016,35.00,-7.24,-4.99
207958,1785,24624,121,101957,35.00,-7.22,-4.97
208745,1627,24624,133,101960,35.26,-7.25,-4.99
208782,1651,25136,167,101974,35.00,-7.25,-4.94
208804,1580,25136,151,102015,35.00,-7.26,-4.96
208826,1572,25136,159,102047,35.00,-7.24,-4.99
208848,1671,25136,165,102096,35.00,-7.26,-5.01
208870,1851,25136,159,102144,35.00,-7.21,-4.95
208892,2019,25136,157,102190,35.00,-7.23,-4.99
208914,2055,25136,135,102258,35.00,-7.25,-4.95
208936,2003,25136,133,102315,35.00,-7.25,-4.96
208958,1965,25136,120,102379,35.00,-7.24,-4.95
208980,1868,25136,125,102447,35.00,-7.21,-5.02
209023,1635,25136,133,102631,35.00,-7.21,-4.97
209045,1560,25136,152,102699,35.00,-7.24,-4.96
209067,1639,25136,155,102759,35.00,-7.25,-4.96
209089,1779,25136,164,102807,35.00,-7.26,-4.99
209111,1951,25136,151,102864,35.00,-7.20,-4.95
209133,1951,25136,147,102928,35.00,-7.24,-4.98
209155,2019,25904,127,103002,35.00,-7.21,-4.96
209177,2003,25904,123,103072,35.00,-7.23,-4.92
209199,1910,25904,121,103149,35.00,-7.21,-4.95
209221,1723,25904,125,103198,35.00,-7.26,-4.99
209263,1515,25904,137,102757,35.00,-7.23,-4.96
209285,1553,25136,150,102352,35.00,-7.24,-4.98
209307,1565,25136,157,102024,35.00,-7.26,-4.98
209329,1733,25136,157,101808,35.00,-7.25,-4.97
209351,1875,25136,157,101657,35.00,-7.24,-4.96
209373,2040,25136,151,101538,35.00,-7.23,-4.99
209395,2083,25904,141,101470,35.00,-7.21,-4.95
209417,2031,25904,127,101423,35.00,-7.23,-4.93
209439,1881,25904,119,101418,35.00,-7.22,-4.98
209461,1723,25136,123,101492,35.00,-7.20,-4.97
209483,1511,25904,135,101612,35.00,-7.24,-4.99
209524,1450,25904,152,101782,35.00,-7.24,-5.00
209546,1459,25136,155,101829,35.00,-7.19,-4.99
209568,1533,25904,163,101885,35.00,-7.24,-4.96
209590,1709,25904,165,101946,35.00,-7.22,-4.96
209612,1897,25904,158,102020,35.00,-7.19,-4.96
209634,2015,25904,147,102079,35.00,-7.22,-4.96
209656,2068,25904,135,102148,35.00,-7.23,-4.96
209678,2032,25904,123,102222,35.00,-7.23,-4.96
209700,1879,25904,127,102292,35.00,-7.23,-4.97
209722,1719,25904,133,102371,35.00,-7.23,-4.99
209764,1516,25904,141,102556,35.00,-7.24,-4.96
209786,1427,25904,153,102603,35.00,-7.23,-5.01
209808,1432,25904,159,102651,35.00,-7.23,-4.98
209830,1560,25904,163,102702,35.00,-7.24,-4.98
209852,1727,25904,155,102757,35.00,-7.23,-5.01
209874,1870,25904,151,102818,35.00,-7.23,-4.99
209896,1927,25904,135,102872,35.00,-7.21,-4.95
209918,1944,25904,125,102924,35.00,-7.24,-5.02
209940,1816,25904,119,102962,35.00,-7.26,-4.95
209962,1635,25904,122,102988,35.00,-7.21,-4.97
209984,1557,25904,135,102873,35.00,-7.23,-4.99
210025,1519,25904,151,101929,35.00,-7.27,-4.98
210047,1484,25904,155,101747,35.00,-7.26,-5.01
210069,1526,25904,160,101648,35.00,-7.25,-4.94
210091,1692,25904,159,101594,35.00,-7.25,-5.02
210113,1883,25904,155,101556,35.00,-7.23,-5.01
210135,2070,25904,147,101531,35.00,-7.23,-4.98
210157,2095,25904,133,101573,35.00,-7.23,-4.96
210179,2023,25904,121,101677,35.00,-7.24,-5.00
210201,1871,25904,126,101800,35.00,-7.24,-4.99
210223,1779,25904,134,101902,35.00,-7.23,-4.95
210266,1683,25904,151,102052,35.00,-7.21,-4.97
210288,1577,25904,159,102139,35.00,-7.24,-4.94
210310,1658,25904,167,102231,35.00,-7.24,-4.96
210332,1828,25904,164,102297,35.00,-7.22,-4.98
210354,1949,25904,153,102400,35.00,-7.18,-4.96
210376,1999,25904,143,102489,35.00,-7.25,-4.95
210398,2071,26416,135,102595,35.00,-7.25,-4.96
210420,1879,25904,123,102706,35.00,-7.25,-4.96
210442,1765,25904,121,102798,35.00,-7.23,-4.97
210464,1636,25904,138,102886,35.00,-7.22,-4.98
210506,1468,25904,141,103118,35.00,-7.25,-4.98
210528,1324,25904,154,103167,35.00,-7.24,-5.00
210550,1401,25904,153,103232,35.00,-7.25,-4.96
210572,1587,25904,157,103306,35.00,-7.21,-4.97
210594,1767,25904,155,103395,35.00,-7.21,-4.98
210616,1980,26416,141,103475,35.00,-7.24,-4.96
210638,2079,26416,126,103564,35.00,-7.22,-4.95
210660,1994,26416,119,103625,35.00,-7.22,-4.98
210682,1972,25904,126,103661,35.00,-7.23,-4.99
210704,1837,25904,128,103633,35.00,-7.25,-4.98
210726,1667,26416,141,103404,35.00,-7.20,-4.98
210767,1799,25904,159,102528,35.00,-7.21,-4.96
210789,1725,25904,159,102430,35.00,-7.22,-4.95
210811,1631,25904,158,102374,35.00,-7.26,-4.95
210833,1711,26416,155,102342,35.00,-7.20,-4.97
210855,1899,26416,149,102340,35.00,-7.26,-5.01
210877,2015,26416,138,102393,35.00,-7.25,-4.99
210899,2213,26416,135,102490,35.00,-7.23,-4.96
210921,2089,26416,121,102594,35.00,-7.19,-5.00
210943,1925,26416,133,102666,35.00,-7.22,-4.97
210965,1641,26416,133,102702,35.00,-7.25,-4.95
211551,1389,26416,147,102828,35.41,-7.25,-4.96
211589,1596,26416,165,102461,35.00,-7.22,-4.96
211611,1493,26416,153,102567,35.00,-7.28,-4.97
211633,1605,26800,163,102659,35.00,-7.21,-4.98
211655,1853,26800,155,102712,35.00,-7.24,-4.97
211677,2074,26800,150,102753,35.00,-7.25,-4.98
211699,2479,26800,125,102788,35.00,-7.22,-4.97
211721,1401,26800,121,102828,35.00,-7.21,-5.00
211743,1307,26800,101,102873,35.00,-7.22,-4.99
211765,2107,26800,135,102940,35.00,-7.22,-5.01
211787,1829,26800,151,102995,35.00,-7.21,-5.00
211829,924,26416,141,103178,35.00,-7.18,-4.96
211851,1567,26416,163,103223,35.00,-7.21,-4.98
211873,1315,26800,160,103273,35.00,-7.24,-4.96
211895,2003,26800,167,103334,35.00,-7.20,-4.98
211917,2101,26800,157,103394,35.00,-7.24,-4.96
211939,1943,26800,135,103440,35.00,-7.25,-5.01
211961,2041,26800,135,103480,35.00,-7.25,-4.95
211983,1992,26800,121,103524,35.00,-7.23,-4.96
212571,1787,26800,136,103563,35.22,-7.21,-4.97
212611,1540,26800,163,103171,35.00,-7.21,-4.96
212633,1467,26800,157,103234,35.00,-7.25,-4.98
212655,1639,26800,163,103273,35.00,-7.22,-4.95
212677,1848,26800,152,103301,35.00,-7.25,-4.98
212699,1943,26416,147,103342,35.00,-7.25,-5.00
212721,1991,26800,124,103382,35.00,-7.26,-4.96
212743,2011,26800,120,103432,35.00,-7.25,-4.93
212765,1868,26416,117,103483,35.00,-7.25,-4.95
212787,1779,26800,121,103527,35.00,-7.21,-5.02
212809,1709,26416,139,103576,35.00,-7.24,-4.97
212831,1625,26416,152,103621,35.00,-7.27,-4.97
212872,1769,26416,167,103027,35.00,-7.21,-5.00
212894,1819,26416,167,102678,35.00,-7.22,-4.98
212916,1959,26416,167,102403,35.00,-7.25,-5.01
212938,2120,26416,151,102223,35.00,-7.25,-4.98
212960,2206,26800,143,102127,35.00,-7.25,-4.98
212982,2329,26416,135,102043,35.00,-7.27,-4.97
213344,2207,26800,137,101996,35.72,-7.23,-4.97
213373,1637,26800,117,102929,35.00,-7.21,-4.98
213395,1363,26800,159,102995,35.00,-7.23,-4.99
213417,1513,26800,151,103050,35.00,-7.24,-4.97
213439,1693,26800,141,103110,35.00,-7.26,-4.97
213461,1853,26800,124,103172,35.00,-7.23,-4.95
213483,1814,26800,119,103228,35.00,-7.25,-4.95
213505,1676,26800,109,103297,35.00,-7.23,-5.00
213527,1577,26416,118,103328,35.00,-7.23,-4.94
213549,3293,26800,157,103283,35.00,-7.20,-4.98
213571,1895,26416,154,103036,35.00,-7.23,-4.98
213593,1001,26416,148,102675,35.00,-7.23,-5.00
213634,443,26416,140,101842,35.00,-7.18,-4.96
213656,1011,26416,149,101747,35.00,-7.24,-4.95
213678,1757,26416,159,101644,35.00,-7.25,-4.98
213700,2024,26416,143,101568,35.00,-7.26,-4.97
213722,1968,26416,135,101530,35.00,-7.26,-4.98
213744,2045,26416,111,101548,35.00,-7.20,-5.00
213766,2059,26416,125,101647,35.00,-7.21,-5.00
213788,1995,26416,135,101769,35.00,-7.23,-4.98
213810,1797,26800,148,101860,35.00,-7.23,-5.00
213832,1723,26416,165,101909,35.00,-7.27,-4.97
213874,1673,26416,167,102054,35.00,-7.24,-4.97
213896,1811,26800,167,102111,35.00,-7.22,-4.98
213918,1861,26800,159,102170,35.00,-7.24,-4.95
213940,1958,26800,153,102236,35.00,-7.21,-4.96
213962,2073,26800,137,102312,35.00,-7.20,-5.01
213984,2037,26800,131,102384,35.00,-7.24,-4.95
214357,1980,26800,123,102456,35.10,-7.23,-4.94
214396,1769,27312,165,101247,35.00,-7.21,-4.98
214418,1511,26800,159,101227,35.00,-7.22,-4.97
214440,1655,27312,157,101271,35.00,-7.21,-4.95
214462,1835,27312,143,101365,35.00,-7.24,-4.96
214484,1815,27312,133,101504,35.00,-7.22,-5.00
214506,1690,27312,121,101611,35.00,-7.27,-4.95
214528,1565,27312,122,101677,35.00,-7.23,-4.98
214550,1459,27312,139,101741,35.00,-7.23,-4.98
214572,1385,27312,151,101801,35.00,-7.23,-5.00
214594,1300,27312,156,101867,35.00,-7.23,-4.96
214636,1373,27312,168,102101,35.00,-7.25,-4.94
214658,1625,27312,173,102162,35.00,-7.26,-4.97
214680,1785,27312,157,102243,35.00,-7.20,-4.96
214702,1855,27312,149,102337,35.00,-7.30,-5.00
214724,1999,27312,121,102419,35.00,-7.26,-4.96
214746,1928,27312,117,102473,35.00,-7.25,-4.98
214768,1915,28080,116,102552,35.00,-7.23,-4.96
214790,1683,27312,122,102595,35.00,-7.25,-4.95
214812,1567,27312,139,102664,35.00,-7.22,-4.94
214834,1595,27312,151,102728,35.00,-7.26,-4.96
214856,1677,27312,158,102803,35.00,-7.24,-5.00
214897,1767,27312,157,102948,35.00,-7.26,-4.96
214919,1935,27312,170,102983,35.00,-7.23,-4.96
214941,2093,27312,152,102975,35.00,-7.21,-4.99
214963,2073,27312,137,102803,35.00,-7.22,-4.98
214985,2069,27312,124,102468,35.00,-7.22,-4.99
215377,2119,27312,121,102102,35.23,-7.25,-4.96
215418,1739,27312,167,102404,35.00,-7.22,-4.96
215440,1726,28080,163,102473,35.00,-7.24,-4.97
215462,1837,28080,152,102548,35.00,-7.27,-4.99
215484,1877,28080,135,102597,35.00,-7.24,-4.97
215506,1853,28080,122,102663,35.00,-7.27,-4.99
215528,1787,28080,117,102715,35.00,-7.23,-4.98
215550,1651,28080,121,102788,35.00,-7.21,-5.00
215572,1467,28080,135,102857,35.00,-7.22,-4.98
215594,1427,28080,149,102934,35.00,-7.24,-4.95
215616,1364,28080,153,102998,35.00,-7.19,-4.94
215638,1485,28080,167,103056,35.00,-7.19,-4.98
215679,1655,28080,165,102717,35.00,-7.25,-4.99
215701,1779,28080,153,102353,35.00,-7.23,-4.99
215723,1963,28080,152,102023,35.00,-7.23,-4.96
215745,2201,28080,139,101783,35.00,-7.27,-4.98
215767,2147,28080,133,101609,35.00,-7.24,-4.96
215789,2041,28080,133,101484,35.00,-7.25,-4.98
215811,1893,28080,147,101397,35.00,-7.23,-4.98
215833,1703,28080,145,101345,35.00,-7.21,-4.98
215855,1705,28080,167,101321,35.00,-7.23,-5.02
215877,1833,28080,173,101372,35.00,-7.23,-4.95
215919,2261,28080,187,101706,35.00,-7.19,-5.01
215941,2315,28592,183,101765,35.00,-7.25,-4.99
215963,2760,28592,170,101816,35.00,-7.22,-4.98
215985,2327,28592,157,101887,35.00,-7.25,-4.99
216397,2211,28592,148,101940,36.61,-7.19,-4.99
216425,1267,28080,166,102856,35.00,-7.21,-5.02
216447,1423,27312,123,102478,35.00,-7.23,-4.98
216469,1469,27312,119,102134,35.00,-7.24,-4.97
216491,1641,27312,126,101877,35.00,-7.22,-4.95
216513,1267,27312,123,101722,35.00,-7.21,-4.99
216535,1115,27312,151,101611,35.00,-7.25,-4.96
216557,1333,27312,159,101516,35.00,-7.21,-4.93
216579,1386,27312,152,101461,35.00,-7.21,-4.96
216621,1817,27312,173,101640,35.00,-7.24,-4.98
216643,996,28080,147,101759,35.00,-7.26,-4.98
216665,1693,28080,142,101851,35.00,-7.26,-4.96
216687,2135,28080,138,101899,35.00,-7.24,-4.93
216709,1469,28592,117,101927,35.00,-7.23,-4.97
216731,1439,28592,120,101974,35.00,-7.24,-4.97
216753,1738,28592,138,102049,35.00,-7.24,-4.96
216775,1369,28592,136,102116,35.00,-7.23,-4.98
216797,2843,28592,179,102190,35.00,-7.24,-4.94
216819,559,28592,145,102260,35.00,-7.20,-4.95
216841,1213,28592,155,102325,35.00,-7.23,-4.97
216882,2892,28592,178,102526,35.00,-7.22,-4.96
216904,2351,28592,163,102601,35.00,-7.23,-4.97
216926,2383,28784,153,102677,35.00,-7.21,-4.96
216948,1963,28784,122,102728,35.00,-7.21,-4.97
216970,2152,28784,117,102774,35.00,-7.23,-4.94
216992,2537,28784,153,102817,35.00,-7.26,-4.97
217418,1993,28784,150,102872,35.08,-7.25,-4.96
217447,669,25136,181,101967,35.00,-7.18,-4.99
217469,1846,24016,149,102024,35.00,-7.25,-5.00
217491,2100,22352,156,102104,35.00,-7.22,-4.96
217513,971,20560,123,102160,35.00,-7.19,-4.95
217535,933,18576,125,102243,35.00,-7.22,-4.97
217557,0,16352,136,102332,35.00,-7.13,-4.95
217579,0,15840,142,102414,35.00,-7.21,-4.96
217601,1226,14176,179,102495,35.00,-7.22,-4.99
217644,0,14176,135,102711,35.00,-7.22,-4.99
217666,2872,14560,185,102789,35.00,-7.25,-4.98
217688,1593,14176,111,102867,35.00,-7.24,-5.02
217710,445,14176,101,102929,35.00,-7.21,-4.99
217732,1242,14176,103,102978,35.00,-7.23,-4.98
217754,1673,14560,127,103036,35.00,-7.24,-4.94
217776,764,15072,115,103115,35.00,-7.26,-4.96
217798,1063,15840,137,103175,35.00,-7.23,-4.98
217820,1496,15840,155,103247,35.00,-7.19,-4.97
217842,1195,15840,147,103320,35.00,-7.26,-4.99
217884,1578,16352,149,103212,35.00,-7.26,-4.96
217906,1941,16400,143,102866,35.00,-7.18,-4.96
217928,1951,16400,119,102494,35.00,-7.22,-4.96
217950,2054,16912,119,102179,35.00,-7.24,-4.98
217972,1821,16912,105,101945,35.00,-7.27,-4.99
217994,1597,16912,121,101795,35.00,-7.24,-4.95
218438,1246,17680,127,101686,36.38,-7.21,-4.93
218467,1750,22736,191,103069,35.00,-7.25,-5.02
218489,2215,22736,169,103124,35.00,-7.22,-4.98
218511,2360,23248,169,103184,35.00,-7.22,-4.97
218533,2301,23248,173,103256,35.00,-7.27,-4.99
218555,2101,23248,181,103332,35.00,-7.25,-4.95
218577,2105,24016,198,103396,35.00,-7.22,-4.96
218599,2068,24016,221,103459,35.00,-7.25,-4.96
218621,1709,24528,217,103501,35.00,-7.22,-5.01
218643,2043,24528,233,103501,35.00,-7.22,-4.97
218665,2419,24528,237,103317,35.00,-7.22,-5.03
218706,2716,24528,239,102261,35.00,-7.22,-4.98
218728,1951,24624,203,102038,35.00,-7.21,-4.94
218750,2937,24624,220,101885,35.00,-7.21,-4.97
218772,3789,25136,249,101766,35.00,-7.24,-4.98
218794,2565,24624,223,101679,35.00,-7.24,-4.97
218816,2707,25136,263,101636,35.00,-7.23,-4.97
218838,3119,25136,291,101631,35.00,-7.28,-4.98
218860,3483,25136,317,101699,35.00,-7.24,-4.94
218882,3611,25136,339,101824,35.00,-7.24,-5.00
218904,3355,25904,345,101957,35.00,-7.22,-4.97
218926,3155,25904,347,102047,35.00,-7.25,-4.97
218967,3231,25904,338,102206,35.00,-7.20,-5.00
218989,3797,25904,367,102266,35.00,-7.25,-5.00
219714,3827,26416,443,102336,36.16,-7.22,-4.97
219749,3848,23248,1055,102336,35.00,-7.24,-4.98
219771,3868,22736,1875,102401,35.00,-7.24,-4.96
219793,3918,23248,1544,102480,35.00,-7.24,-5.01
219815,3869,22736,1801,102554,35.00,-7.23,-5.01
219837,3885,22736,1911,102636,35.00,-7.24,-4.96
219859,3867,23248,1439,102717,35.00,-7.24,-4.97
219881,950,23248,989,102810,35.00,-7.23,-4.97
219903,0,23248,631,102876,35.00,-7.19,-4.97
219925,0,23248,373,102953,35.00,-7.22,-4.96
219947,0,23248,229,103025,35.00,-7.26,-4.99
219990,8,23248,133,103200,35.00,-7.24,-5.00
220735,0,23248,47,103240,35.09,-7.23,-4.95
220771,2131,24016,105,103077,35.00,-7.22,-4.98
220793,3021,24016,125,103131,35.00,-7.22,-4.98
220815,3805,24528,151,103184,35.00,-7.22,-4.94
220837,3357,24528,149,103251,35.00,-7.25,-5.00
220859,3161,24016,164,103315,35.00,-7.25,-4.96
220881,3645,24528,190,103384,35.00,-7.21,-5.00
220903,3341,24016,183,103425,35.00,-7.19,-4.98
220925,2925,24016,182,103440,35.00,-7.25,-4.94
220947,2213,24016,153,103297,35.00,-7.21,-4.98
220969,3829,24016,181,102966,35.00,-7.25,-4.97
220991,3125,24016,143,102575,35.00,-7.22,-4.96
221032,3021,24016,131,101927,35.00,-7.23,-5.00
221054,3131,24016,133,101838,35.00,-7.24,-4.99
221076,2769,24528,116,101775,35.00,-7.24,-4.96
221098,2255,24528,108,101741,35.00,-7.21,-4.97
221120,1937,24528,124,101757,35.00,-7.24,-4.95
221142,1875,24528,137,101827,35.00,-7.20,-4.94
221164,2055,24528,155,101971,35.00,-7.23,-4.98
221186,2335,24528,167,102082,35.00,-7.23,-4.99
221208,2471,24528,165,102157,35.00,-7.26,-5.01
221230,2485,24528,150,102209,35.00,-7.24,-5.00
221252,2451,24528,141,102281,35.00,-7.24,-4.99
221293,2569,24528,134,102469,35.00,-7.21,-4.98
221315,2187,24528,119,102557,35.00,-7.26,-5.01
221337,2309,24528,121,102653,35.00,-7.20,-4.99
221359,2205,24528,132,102735,35.00,-7.25,-4.97
221381,1819,24528,123,102818,35.00,-7.23,-4.94
221403,287,24528,119,102899,35.00,-7.24,-4.97
221425,1770,24528,163,102964,35.00,-7.25,-4.95
221447,2387,24528,175,103039,35.00,-7.18,-4.97
221469,1855,24528,149,103113,35.00,-7.26,-4.97
221491,1663,24528,139,103184,35.00,-7.21,-4.96
221533,3183,24528,151,103349,35.00,-7.25,-4.97
221555,1959,24528,103,103407,35.00,-7.22,-4.98
221577,2166,24528,137,103475,35.00,-7.20,-4.98
221599,155,24528,111,103546,35.00,-7.23,-4.99
221621,2483,24528,153,103611,35.00,-7.21,-4.94
221643,1701,24528,147,103680,35.00,-7.28,-4.99
221665,1300,24528,154,103700,35.00,-7.23,-5.01
221687,1611,24528,167,103599,35.00,-7.23,-4.96
221709,1895,24528,165,103282,35.00,-7.25,-4.96
221731,1579,24528,139,102896,35.00,-7.23,-4.95
221753,1973,24528,145,102572,35.00,-7.25,-4.97
221794,2133,24624,135,102063,35.00,-7.20,-4.98
221816,2259,24528,127,101979,35.00,-7.25,-4.95
221838,2041,24624,125,101912,35.00,-7.24,-4.99
221860,1763,24624,127,101899,35.00,-7.24,-5.00
221882,1943,24528,149,101946,35.00,-7.23,-5.01
221904,1620,24624,151,102057,35.00,-7.20,-4.95
221926,1572,24624,165,102194,35.00,-7.26,-4.96
221948,1683,24528,159,102294,35.00,-7.21,-4.95
221970,1827,24624,159,102341,35.00,-7.24,-4.99
221992,2089,24624,143,102383,35.00,-7.24,-5.00
222035,2063,24624,135,102550,35.00,-7.26,-5.02
222057,1726,24528,115,102625,35.00,-7.23,-4.99
222079,1509,24624,120,102702,35.00,-7.26,-4.93
222101,1417,24624,125,102764,35.00,-7.24,-4.98
222123,1429,24624,140,102839,35.00,-7.22,-4.96
222145,1343,24624,155,102909,35.00,-7.25,-4.97
222167,1245,24624,156,102986,35.00,-7.23,-4.96
222189,1531,24624,163,103055,35.00,-7.24,-4.97
222211,1599,24624,143,103113,35.00,-7.24,-4.97
222233,1967,24624,147,103186,35.00,-7.28,-4.99
222275,1960,24624,124,103362,35.00,-7.22,-4.97
222297,1703,24624,121,103422,35.00,-7.23,-4.96
222319,1789,24624,122,103476,35.00,-7.26,-4.93
222341,1851,24624,137,103553,35.00,-7.23,-4.98
222363,1823,24624,148,103606,35.00,-7.23,-4.98
222385,1591,24624,159,103665,35.00,-7.23,-4.97
222407,1691,24624,167,103702,35.00,-7.19,-5.01
222429,2101,24624,176,103624,35.00,-7.26,-4.96
222451,2309,24624,171,103332,35.00,-7.24,-4.96
222473,2395,24624,155,102943,35.00,-7.25,-5.01
222495,2611,24624,147,102604,35.00,-7.22,-4.97
222536,2541,24624,145,102051,35.00,-7.24,-5.00
222558,2635,24624,145,101969,35.00,-7.26,-4.99
222580,2197,24624,139,101912,35.00,-7.23,-4.97
222602,1864,24624,147,101891,35.00,-7.24,-4.99
222624,1747,24624,154,101918,35.00,-7.25,-4.97
222646,1765,25136,170,102019,35.00,-7.23,-5.00
222668,1657,25136,178,102142,35.00,-7.21,-4.96
222690,1692,25136,179,102244,35.00,-7.21,-4.95
222712,2065,25136,168,102305,35.00,-7.22,-4.98
222734,1946,25136,155,102359,35.00,-7.23,-4.96
222776,2012,25136,143,102544,35.00,-7.24,-5.00
222798,1823,25136,135,102596,35.00,-7.23,-4.97
222820,1819,25136,141,102671,35.00,-7.23,-4.96
222842,1578,25136,141,102741,35.00,-7.22,-5.01
222864,1133,25136,149,102810,35.00,-7.26,-4.97
222886,1591,25136,171,102888,35.00,-7.26,-4.93
222908,1463,25136,171,102955,35.00,-7.25,-4.96
222930,1624,25136,167,103020,35.00,-7.21,-4.96
222952,1543,25136,156,103095,35.00,-7.20,-4.99
222974,1873,25136,153,103147,35.00,-7.24,-4.99
222996,1851,25136,137,103214,35.00,-7.21,-4.94
223037,1594,25136,125,103397,35.00,-7.22,-4.97
223059,1519,25136,121,103477,35.00,-7.23,-5.02
223081,1204,25136,121,103551,35.00,-7.24,-4.97
223103,1085,25136,125,103601,35.00,-7.22,-4.96
223125,1944,25136,165,103640,35.00,-7.24,-4.96
223147,459,25136,141,103642,35.00,-7.20,-4.96
223169,527,25136,141,103447,35.00,-7.22,-4.96
223191,1499,25136,152,103079,35.00,-7.22,-4.93
223213,687,24624,123,102708,35.00,-7.27,-4.96
223235,2316,24624,154,102417,35.00,-7.25,-4.95
223278,1267,25136,94,102009,35.00,-7.23,-4.97
223300,1481,24624,103,101943,35.00,-7.22,-4.99
223322,1531,25136,121,101907,35.00,-7.20,-4.99
223344,1681,25136,122,101909,35.00,-7.26,-4.96
223366,1400,25136,139,101983,35.00,-7.25,-4.95
223388,1995,25136,163,102103,35.00,-7.20,-5.00
223410,1688,25136,153,102197,35.00,-7.22,-4.97
223432,1755,25136,148,102272,35.00,-7.19,-4.96
223454,2117,25136,155,102310,35.00,-7.25,-4.99
223476,1833,25136,125,102364,35.00,-7.27,-4.98
223518,2293,25136,135,102553,35.00,-7.24,-4.95
223540,2227,25136,121,102613,35.00,-7.24,-4.98
223562,2010,25136,125,102675,35.00,-7.20,-4.94
223584,1833,25136,147,102745,35.00,-7.26,-4.95
223606,2001,25136,159,102830,35.00,-7.23,-4.99
223628,2039,25136,167,102888,35.00,-7.24,-5.00
223650,2195,25136,172,102967,35.00,-7.25,-4.99
223672,2139,25136,171,103039,35.00,-7.23,-4.97
223694,2269,25904,159,103103,35.00,-7.24,-4.98
223716,2505,25136,155,103156,35.00,-7.26,-4.96
223759,2452,25136,149,103317,35.00,-7.23,-4.98
223781,2187,25136,135,103407,35.00,-7.22,-4.99
223803,2003,25904,146,103485,35.00,-7.28,-4.96
223825,1759,25904,153,103548,35.00,-7.26,-5.00
223847,1737,25136,169,103590,35.00,-7.26,-5.00
223869,1647,25136,167,103613,35.00,-7.21,-4.97
223891,1523,25136,171,103514,35.00,-7.25,-4.96
223913,1917,25136,165,103205,35.00,-7.23,-4.97
223935,2106,25136,159,102825,35.00,-7.19,-4.96
223957,2151,25136,136,102498,35.00,-7.23,-4.95
223999,2029,25136,139,102037,35.00,-7.23,-4.95
224021,1695,25136,117,101956,35.00,-7.25,-5.00
224043,1378,25136,121,101904,35.00,-7.21,-5.00
224065,1143,25136,135,101896,35.00,-7.26,-5.00
224087,1270,25136,151,101947,35.00,-7.24,-4.99
224109,1716,25136,155,102062,35.00,-7.22,-4.96
224131,1961,25136,157,102181,35.00,-7.23,-4.97
224153,1350,25136,151,102251,35.00,-7.26,-4.95
224175,1805,25136,144,102293,35.00,-7.23,-4.97
224197,1751,25904,124,102341,35.00,-7.23,-4.97
224219,1801,25904,123,102397,35.00,-7.23,-5.03
224260,1553,25904,117,102560,35.00,-7.20,-4.99
224282,1597,25904,109,102643,35.00,-7.25,-4.94
224304,1485,25904,133,102717,35.00,-7.28,-4.95
224326,2291,25904,157,102792,35.00,-7.23,-4.98
224348,3360,25904,201,102859,35.00,-7.23,-4.97
224370,1171,25904,152,102907,35.00,-7.19,-4.96
224392,1683,25904,159,102976,35.00,-7.22,-5.00
224414,2133,25904,157,103035,35.00,-7.26,-4.96
224436,1998,25904,149,103099,35.00,-7.26,-4.97
224458,2088,25904,135,103154,35.00,-7.21,-5.01
224500,1976,25904,137,103383,35.00,-7.25,-4.98
224522,2163,25904,139,103472,35.00,-7.21,-5.00
224544,2053,25904,141,103534,35.00,-7.23,-4.99
224566,1775,25904,149,103592,35.00,-7.22,-4.99
224588,1673,25904,171,103626,35.00,-7.26,-5.01
224610,1768,25904,171,103606,35.00,-7.22,-4.96
224632,1892,25904,175,103402,35.00,-7.26,-4.96
224654,1837,25904,167,103040,35.00,-7.22,-4.99
224676,2011,25904,159,102678,35.00,-7.21,-4.97
224698,2172,25904,141,102404,35.00,-7.24,-5.00
224720,2133,25904,135,102238,35.00,-7.23,-5.02
224761,1763,25904,127,102042,35.00,-7.25,-4.96
224783,1762,25904,124,102019,35.00,-7.27,-4.96
224805,1565,25904,125,102062,35.00,-7.25,-4.93
224827,1288,25904,133,102173,35.00,-7.20,-4.99
224849,1289,25904,152,102287,35.00,-7.25,-5.01
224871,1381,25904,155,102376,35.00,-7.23,-4.92
224893,1636,25904,163,102432,35.00,-7.25,-5.02
224915,1685,25904,153,102465,35.00,-7.21,-4.98
224937,1787,25904,137,102501,35.00,-7.22,-4.99
224959,1715,25904,114,102536,35.00,-7.24,-4.96
225581,1614,25904,110,102670,35.76,-7.23,-4.96
225623,1775,25904,111,102247,35.00,-7.18,-4.99
225645,1465,25904,115,102274,35.00,-7.23,-5.00
225667,1484,25904,131,102340,35.00,-7.24,-4.96
225689,1559,26416,141,102399,35.00,-7.19,-4.98
225711,1503,25904,151,102462,35.00,-7.23,-4.95
225733,1565,26416,157,102511,35.00,-7.25,-4.96
225755,1467,26416,151,102594,35.00,-7.23,-4.97
225777,1737,26416,139,102681,35.00,-7.24,-4.96
225799,1933,25904,133,102763,35.00,-7.23,-4.95
225821,1799,25904,115,102838,35.00,-7.24,-4.99
225843,1463,25904,102,102923,35.00,-7.24,-4.97
225884,1235,26416,102,103079,35.00,-7.24,-4.97
225906,2044,25904,136,103165,35.00,-7.23,-4.95
225928,1693,26416,123,103231,35.00,-7.25,-4.98
225950,1753,26416,154,103299,35.00,-7.19,-4.98
225972,1784,26416,160,103367,35.00,-7.24,-4.99
225994,1879,26416,175,103428,35.00,-7.25,-4.98
226356,2611,26416,187,103466,35.48,-7.24,-5.03
226385,263,26416,47,102811,35.00,-7.22,-4.98
226407,0,26800,7,102912,35.00,-7.24,-4.98
226429,0,26800,0,103003,35.00,-7.21,-4.98
226451,0,26800,28,103086,35.00,-7.25,-4.95
226473,0,26800,62,103168,35.00,-7.20,-4.96
226495,0,26800,103,103238,35.00,-7.20,-4.98
226517,0,26800,102,103331,35.00,-7.22,-5.02
226539,1169,26800,99,103394,35.00,-7.25,-4.97
226561,1158,26800,85,103452,35.00,-7.21,-4.99
226583,1621,26800,87,103501,35.00,-7.24,-4.99
226626,1322,26800,103,103664,35.00,-7.22,-4.98
226648,1423,26800,121,103742,35.00,-7.24,-4.99
226670,1493,26800,143,103818,35.00,-7.23,-4.96
226692,1291,26800,155,103875,35.00,-7.21,-4.98
226714,1749,26800,168,103921,35.00,-7.19,-4.96
226736,1669,26800,160,103939,35.00,-7.20,-4.99
226758,1765,26800,155,103848,35.00,-7.24,-4.93
226780,2123,26800,151,103555,35.00,-7.22,-4.98
226802,1222,26800,109,103188,35.00,-7.24,-4.97
226824,2187,26416,140,102875,35.00,-7.20,-4.97
226866,2543,26416,135,102408,35.00,-7.21,-4.96
226888,1947,26416,125,102313,35.00,-7.21,-5.02
226910,1945,26416,145,102256,35.00,-7.25,-4.94
226932,1913,26416,159,102245,35.00,-7.27,-4.95
226954,1683,26416,158,102304,35.00,-7.20,-4.96
226976,2063,26416,165,102395,35.00,-7.23,-5.01
226998,3859,26800,185,102508,35.00,-7.22,-4.98
227020,3851,26800,169,102567,35.00,-7.24,-4.95
227042,1065,26800,101,102600,35.00,-7.22,-4.98
227064,0,26800,67,102640,35.00,-7.25,-4.97
227086,0,26800,103,102684,35.00,-7.23,-4.98
227127,1508,26800,119,102850,35.00,-7.19,-4.98
227149,1225,26800,119,102919,35.00,-7.23,-4.96
227171,1239,26800,119,102964,35.00,-7.26,-4.98
227193,0,26800,115,103017,35.00,-7.22,-4.96
227215,597,26800,137,103052,35.00,-7.26,-4.95
227237,1554,26800,137,103065,35.00,-7.23,-4.97
227259,1775,26800,121,103085,35.00,-7.25,-4.99
227281,1642,26800,115,103115,35.00,-7.24,-5.00
227303,936,26800,101,103136,35.00,-7.21,-4.99
227325,1645,26800,89,103171,35.00,-7.23,-4.99
227367,1630,26800,91,103304,35.00,-7.20,-4.95
227389,1579,26800,99,103338,35.00,-7.24,-4.99
227411,1701,26800,119,103374,35.00,-7.25,-5.00
227433,1891,26800,133,103392,35.00,-7.21,-4.97
227455,1762,26416,139,103344,35.00,-7.24,-5.01
227477,1831,26800,137,103118,35.00,-7.24,-4.97
227499,2373,26800,141,102755,35.00,-7.23,-5.00
227521,2507,26800,125,102414,35.00,-7.26,-4.99
227543,2296,26800,115,102168,35.00,-7.23,-5.01
227565,2419,26416,111,102018,35.00,-7.22,-5.03
227587,2489,26416,111,101905,35.00,-7.20,-4.98
227628,2331,26800,119,101748,35.00,-7.23,-4.96
227650,2295,26800,125,101794,35.00,-7.24,-4.97
227672,2291,26800,145,101909,35.00,-7.26,-5.00
227694,2219,26800,157,102008,35.00,-7.25,-4.96
227716,1527,26416,179,102060,35.00,-7.22,-4.96
227738,1883,26416,159,102085,35.00,-7.26,-5.00
227760,2382,26416,156,102126,35.00,-7.24,-4.98
227782,2791,26416,157,102162,35.00,-7.23,-4.97
227804,2951,26416,160,102211,35.00,-7.25,-4.99
227826,3845,25904,157,102259,35.00,-7.20,-4.95
227869,3154,25904,151,102412,35.00,-7.22,-4.99
227891,2273,25136,147,102462,35.00,-7.23,-4.98
227913,2265,24624,171,102520,35.00,-7.28,-4.99
227935,3855,24624,205,102567,35.00,-7.25,-4.96
227957,3864,24624,215,102621,35.00,-7.23,-4.99
227979,3087,24624,187,102666,35.00,-7.24,-4.98
228387,1285,25136,148,102726,35.41,-7.23,-4.98
228415,1515,24016,119,101962,35.00,-7.22,-4.98
228437,3871,24016,189,102018,35.00,-7.22,-4.93
228459,0,24016,108,102066,35.00,-7.23,-4.98
228481,132,23248,121,102130,35.00,-7.28,-4.98
228503,1245,23248,125,102190,35.00,-7.23,-4.94
228525,905,23248,107,102256,35.00,-7.21,-4.96
228547,605,23248,99,102333,35.00,-7.24,-4.93
228569,351,23248,101,102411,35.00,-7.20,-4.98
228611,331,23248,119,102655,35.00,-7.24,-4.97
228633,675,22736,124,102743,35.00,-7.24,-4.95
228655,459,23248,141,102820,35.00,-7.24,-4.98
228677,0,23248,140,102891,35.00,-7.21,-4.96
228699,1317,23248,165,102953,35.00,-7.20,-5.00
228721,1295,23248,147,103022,35.00,-7.19,-4.97
228743,0,23248,105,103073,35.00,-7.21,-4.98
228765,1877,24016,147,103167,35.00,-7.22,-4.96
228787,1806,24016,125,103229,35.00,-7.27,-4.96
228809,1421,24016,119,103292,35.00,-7.26,-4.95
228851,1275,24016,141,103393,35.00,-7.27,-4.97
228873,1369,24016,137,103222,35.00,-7.22,-4.97
228895,0,24016,140,102887,35.00,-7.24,-4.97
228917,0,24016,151,102519,35.00,-7.27,-4.98
228939,2635,24016,188,102229,35.00,-7.23,-4.97
228961,2286,24016,168,102024,35.00,-7.22,-4.96
228983,2837,24016,175,101884,35.00,-7.23,-4.96
229407,2782,24016,153,101770,36.44,-7.23,-4.99
229436,2367,24528,126,102976,35.00,-7.19,-4.97
229458,1699,24528,171,103047,35.00,-7.23,-4.96
229480,2365,24528,169,103114,35.00,-7.24,-4.98
229502,2327,24528,165,103195,35.00,-7.22,-4.96
229524,2431,24528,153,103251,35.00,-7.23,-4.96
229546,2038,24624,132,103306,35.00,-7.24,-4.97
229568,1451,24624,121,103336,35.00,-7.20,-4.93
229590,2393,24528,139,103295,35.00,-7.24,-5.01
229612,2332,24528,126,103059,35.00,-7.24,-4.96
229653,1555,24528,137,102111,35.00,-7.22,-4.99
229675,1711,24528,141,101918,35.00,-7.23,-4.97
229697,1677,24528,153,101788,35.00,-7.25,-4.96
229719,1677,24528,159,101683,35.00,-7.23,-4.96
229741,1758,24528,167,101610,35.00,-7.24,-4.98
229763,1655,24528,150,101569,35.00,-7.25,-5.00
229785,1315,24528,127,101612,35.00,-7.21,-4.97
229807,1590,24528,126,101716,35.00,-7.25,-4.94
229829,1531,24528,121,101858,35.00,-7.23,-4.98
229851,1426,24528,115,101968,35.00,-7.19,-4.95
229873,1463,24528,124,102043,35.00,-7.23,-4.96
229914,1077,24528,119,102170,35.00,-7.23,-4.99
229936,1117,24528,105,102254,35.00,-7.23,-4.96
229958,917,24528,119,102320,35.00,-7.21,-4.93
229980,829,24528,133,102387,35.00,-7.26,-4.97
230428,738,24528,115,102463,35.47,-7.22,-4.95
230457,1325,25136,55,101858,35.00,-7.23,-4.96
230479,873,25136,87,101623,35.00,-7.24,-4.99
230501,804,25904,87,101618,35.00,-7.22,-4.97
230523,1133,25904,83,101692,35.00,-7.16,-4.96
230545,1399,25904,78,101797,35.00,-7.21,-4.99
230567,1387,26416,61,101902,35.00,-7.23,-4.99
230589,1384,25904,61,101971,35.00,-7.21,-4.98
230611,1551,26416,57,102014,35.00,-7.24,-4.99
230633,1439,26416,57,102048,35.00,-7.20,-4.97
230676,1162,26416,69,102187,35.00,-7.22,-4.98
230698,1292,26416,89,102250,35.00,-7.22,-4.98
230720,1385,26416,95,102337,35.00,-7.22,-4.98
230742,1381,26416,101,102388,35.00,-7.24,-4.98
230764,1686,26416,94,102454,35.00,-7.21,-5.00
230786,1374,26416,81,102511,35.00,-7.26,-4.96
230808,1993,26416,83,102582,35.00,-7.22,-4.99
230830,2581,26416,85,102638,35.00,-7.24,-5.01
230852,2341,26416,79,102688,35.00,-7.25,-4.96
230874,2313,26416,87,102724,35.00,-7.24,-4.99
230916,2285,26416,105,102889,35.00,-7.24,-4.97
230938,2237,26416,121,102935,35.00,-7.24,-4.99
230960,2281,26416,125,102989,35.00,-7.23,-4.97
230982,2351,25904,135,103049,35.00,-7.25,-4.92
231703,2447,25904,125,103103,35.71,-7.25,-4.98
231738,2281,25136,163,103198,35.00,-7.25,-5.03
231760,2373,25136,167,103180,35.00,-7.22,-5.00
231782,1933,24624,164,102991,35.00,-7.24,-4.95
231804,1685,24624,157,102650,35.00,-7.26,-4.96
231826,2019,24624,157,102306,35.00,-7.23,-4.97
231848,2041,24624,149,102020,35.00,-7.21,-4.97
231870,2199,24624,140,101846,35.00,-7.23,-4.98
231892,1231,24624,115,101728,35.00,-7.23,-4.95
231914,2445,25136,145,101615,35.00,-7.20,-4.96
231936,2201,25136,143,101543,35.00,-7.23,-4.97
231958,1302,25136,137,101507,35.00,-7.26,-4.98
231999,1621,25136,158,101735,35.00,-7.21,-4.95
232021,1751,25136,154,101858,35.00,-7.21,-4.95
232043,2003,25136,171,101929,35.00,-7.23,-4.93
232065,2133,25136,179,101965,35.00,-7.24,-4.97
232087,1959,25136,156,102014,35.00,-7.24,-4.98
232109,2253,25136,156,102070,35.00,-7.20,-4.97
232131,2156,25904,149,102141,35.00,-7.23,-4.96
232153,1403,25904,125,102206,35.00,-7.23,-4.97
232175,1518,25904,122,102283,35.00,-7.23,-5.01
232197,1909,25136,153,102357,35.00,-7.23,-4.98
232239,1699,25904,157,102583,35.00,-7.21,-5.00
232261,1529,25904,166,102646,35.00,-7.25,-4.94
232283,1589,25904,173,102720,35.00,-7.21,-4.97
232305,1343,25904,159,102785,35.00,-7.21,-4.99
232327,1071,25904,141,102832,35.00,-7.25,-4.95
232349,2699,25904,168,102896,35.00,-7.22,-4.98
232371,2596,26416,147,102927,35.00,-7.27,-4.96
232393,1658,26416,119,102994,35.00,-7.23,-4.94
232415,1309,26416,104,103057,35.00,-7.26,-4.96
232437,1415,25904,119,103117,35.00,-7.23,-4.99
232459,973,25904,112,103185,35.00,-7.26,-4.99
232500,1008,25904,135,103296,35.00,-7.22,-4.98
232522,874,26416,125,103157,35.00,-7.20,-4.97
232544,988,26416,135,102843,35.00,-7.25,-4.95
232566,1043,26416,124,102458,35.00,-7.24,-4.99
232588,968,25904,116,102141,35.00,-7.20,-4.98
232610,1237,26416,103,101896,35.00,-7.19,-4.98
232632,1387,26416,94,101746,35.00,-7.22,-4.98
232654,1355,26416,87,101625,35.00,-7.22,-4.98
232676,1388,26416,93,101537,35.00,-7.28,-4.97
232698,1427,25904,103,101465,35.00,-7.24,-4.98
232741,1145,25904,111,101637,35.00,-7.24,-4.98
232763,821,25904,119,101765,35.00,-7.27,-4.96
232785,1317,26416,125,101853,35.00,-7.24,-4.99
232807,1141,26416,117,101890,35.00,-7.24,-4.96
232829,1321,26416,111,101941,35.00,-7.26,-4.99
232851,1495,26416,99,101978,35.00,-7.23,-4.98
232873,1726,26416,98,102055,35.00,-7.23,-4.96
232895,1975,26416,93,102115,35.00,-7.20,-4.94
232917,1885,26416,93,102175,35.00,-7.26,-5.00
232939,1333,26416,99,102246,35.00,-7.25,-4.98
232981,1320,26416,107,102487,35.00,-7.22,-4.97
233744,1157,25904,117,102560,35.25,-7.25,-4.97
233783,2187,26416,153,102655,35.00,-7.24,-5.00
233805,1828,26416,140,102720,35.00,-7.25,-4.96
233827,1329,26416,137,102782,35.00,-7.24,-4.99
233849,1799,25904,139,102847,35.00,-7.22,-5.00
233871,2201,25904,136,102895,35.00,-7.21,-4.94
233893,1993,25136,111,102936,35.00,-7.23,-4.96
233915,1678,25136,104,102996,35.00,-7.24,-4.99
233937,1702,25136,101,103052,35.00,-7.23,-4.95
233959,1587,25136,110,103121,35.00,-7.20,-4.98
233981,1095,25136,104,103190,35.00,-7.24,-4.97
234024,663,25136,120,103335,35.00,-7.23,-4.93
234046,1576,24528,139,103328,35.00,-7.21,-4.96
234068,1437,24528,127,103160,35.00,-7.21,-4.97
234090,2027,24016,126,102811,35.00,-7.22,-4.99
234112,1290,24016,109,102428,35.00,-7.23,-5.01
234134,2298,24528,111,102103,35.00,-7.27,-4.96
234156,1903,24528,101,101899,35.00,-7.22,-4.99
234178,1818,24528,100,101744,35.00,-7.25,-4.96
234200,1802,24528,109,101625,35.00,-7.22,-4.98
234222,1919,24016,121,101535,35.00,-7.26,-4.96
234264,1787,24016,137,101574,35.00,-7.23,-4.98
234286,2063,23248,155,101704,35.00,-7.20,-4.97
234308,2535,23248,168,101824,35.00,-7.22,-4.97
234330,2324,23248,159,101887,35.00,-7.27,-4.96
234352,3703,23248,175,101925,35.00,-7.25,-4.95
234374,3315,23248,169,101968,35.00,-7.23,-4.96
234396,2665,23248,149,102020,35.00,-7.20,-4.99
234418,2985,23248,153,102084,35.00,-7.25,-4.95
234440,2615,23248,160,102152,35.00,-7.19,-5.00
234462,2603,23248,163,102208,35.00,-7.21,-4.97
234484,2205,23248,178,102292,35.00,-7.25,-4.96
234525,2591,23248,201,102500,35.00,-7.24,-4.98
234547,2197,23248,189,102575,35.00,-7.29,-4.93
234569,2188,22736,197,102648,35.00,-7.23,-4.97
234591,2186,22736,184,102703,35.00,-7.25,-5.04
234613,2571,22736,179,102769,35.00,-7.24,-4.97
234635,1969,22352,155,102820,35.00,-7.27,-4.94
234657,2326,22352,157,102866,35.00,-7.23,-4.97
234679,2009,21840,149,102907,35.00,-7.21,-4.95
234701,1695,21840,149,102961,35.00,-7.23,-4.96
234723,1335,21072,149,103031,35.00,-7.24,-4.97
234766,1151,21072,155,103230,35.00,-7.23,-5.00
234788,1116,21072,163,103269,35.00,-7.22,-4.97
234810,927,21072,143,103303,35.00,-7.20,-4.95
234832,1489,21072,149,103202,35.00,-7.19,-4.96
234854,1145,20560,119,102888,35.00,-7.19,-4.98
234876,1559,20560,115,102501,35.00,-7.24,-4.96
234898,1351,20560,109,102179,35.00,-7.26,-4.98
234920,1401,20368,111,101960,35.00,-7.25,-4.99
234942,1003,20368,117,101807,35.00,-7.21,-4.98
234964,1255,19856,132,101730,35.00,-7.24,-4.99
235530,1267,19856,143,101618,35.69,-7.24,-4.97
235567,1252,27312,147,103405,35.00,-7.23,-4.96
235589,1039,27312,147,103246,35.00,-7.25,-4.94
235611,278,28080,119,102892,35.00,-7.21,-4.94
235633,857,28080,119,102523,35.00,-7.22,-4.98
235655,813,27312,107,102212,35.00,-7.20,-5.01
235677,1383,28080,93,102008,35.00,-7.23,-4.99
235699,2155,28080,113,101869,35.00,-7.23,-4.99
235721,1972,28080,105,101768,35.00,-7.25,-4.98
235743,1589,28080,117,101681,35.00,-7.25,-4.96
235765,1959,28080,124,101632,35.00,-7.24,-4.98
235787,1835,27312,141,101625,35.00,-7.20,-5.01
235828,1157,28080,125,101924,35.00,-7.24,-4.96
235850,1489,28080,137,101987,35.00,-7.24,-4.97
235872,1399,28592,121,102041,35.00,-7.23,-4.97
235894,1277,28592,107,102096,35.00,-7.23,-4.99
235916,1491,28592,95,102151,35.00,-7.19,-4.96
235938,1605,28592,86,102203,35.00,-7.24,-4.97
235960,1081,28784,72,102267,35.00,-7.22,-4.96
235982,1401,28784,83,102337,35.00,-7.23,-4.98
236550,1255,28784,93,102402,35.26,-7.22,-5.00
236590,2295,27312,180,101799,35.00,-7.22,-4.96
236612,1790,27312,165,101884,35.00,-7.24,-4.96
236634,2527,27312,181,101924,35.00,-7.22,-4.98
236656,1823,27312,153,101964,35.00,-7.23,-4.96
236678,2261,26800,141,102018,35.00,-7.24,-4.96
236700,2391,26800,147,102079,35.00,-7.24,-4.93
236722,2138,26416,127,102148,35.00,-7.23,-4.96
236744,1873,25904,135,102211,35.00,-7.26,-4.98
236766,1675,25136,139,102269,35.00,-7.25,-4.96
236788,1585,25136,163,102345,35.00,-7.21,-5.00
236831,1391,25136,149,102559,35.00,-7.21,-5.00
236853,1513,24528,157,102622,35.00,-7.23,-4.97
236875,1543,24528,142,102695,35.00,-7.24,-4.97
236897,1737,24528,139,102761,35.00,-7.23,-4.95
236919,1767,24528,123,102820,35.00,-7.27,-4.99
236941,1627,24528,119,102862,35.00,-7.18,-4.95
236963,1717,24528,117,102923,35.00,-7.24,-4.96
236985,1556,24528,127,102983,35.00,-7.21,-4.92
237571,1505,24528,141,103036,35.36,-7.23,-4.99
237612,1647,26416,171,102455,35.00,-7.22,-4.97
237634,1532,26416,165,102489,35.00,-7.25,-4.95
237656,1813,26416,167,102530,35.00,-7.21,-4.98
237678,1928,26800,157,102575,35.00,-7.25,-4.96
237700,2020,26800,145,102616,35.00,-7.22,-5.01
237722,2071,26800,141,102655,35.00,-7.25,-4.94
237744,1980,26800,139,102680,35.00,-7.23,-4.98
237766,1773,26416,143,102718,35.00,-7.25,-4.95
237788,1625,26416,151,102764,35.00,-7.22,-4.99
237810,1427,26800,158,102812,35.00,-7.20,-4.98
237832,1342,26416,158,102865,35.00,-7.19,-4.96
237873,1381,26416,165,102830,35.00,-7.22,-4.97
237895,1400,26416,163,102529,35.00,-7.22,-4.98
237917,1625,26416,155,102136,35.00,-7.24,-4.97
237939,1832,25904,153,101769,35.00,-7.22,-4.98
237961,1887,25904,137,101502,35.00,-7.25,-4.97
237983,1940,25904,136,101318,35.00,-7.23,-4.96
238345,1915,25904,135,101202,34.43,-7.21,-4.98
238374,1822,26800,135,101782,35.00,-7.25,-5.01
238396,1591,26416,155,101841,35.00,-7.23,-5.00
238418,1863,26800,152,101893,35.00,-7.25,-5.00
238440,2011,26800,143,101939,35.00,-7.24,-4.98
238462,2109,26800,146,101986,35.00,-7.22,-5.00
238484,2159,26800,125,102026,35.00,-7.19,-4.96
238506,2123,26800,139,102100,35.00,-7.20,-4.95
238528,1865,26800,139,102158,35.00,-7.25,-4.96
238550,1741,26800,147,102226,35.00,-7.19,-4.97
238572,1623,26800,155,102290,35.00,-7.24,-4.97
238594,1547,26800,160,102365,35.00,-7.23,-5.00
238635,1661,26800,159,102077,35.00,-7.22,-4.96
238657,1721,26800,158,101703,35.00,-7.24,-4.96
238679,1914,26800,151,101356,35.00,-7.27,-4.97
238701,2151,26800,145,101112,35.00,-7.22,-4.97
238723,2173,26800,143,100965,35.00,-7.23,-5.02
238745,2148,26800,137,100845,35.00,-7.21,-4.99
238767,1995,26800,136,100767,35.00,-7.23,-5.00
238789,1785,26800,140,100718,35.00,-7.24,-4.97
238811,1589,26800,149,100709,35.00,-7.20,-4.98
238833,1431,26800,154,100769,35.00,-7.26,-5.00
238875,1486,26800,163,101109,35.00,-7.22,-4.98
238897,1615,26800,155,101171,35.00,-7.22,-4.96
238919,1821,26800,154,101229,35.00,-7.23,-4.99
238941,1941,26800,140,101280,35.00,-7.23,-4.97
238963,2039,26800,137,101353,35.00,-7.20,-4.94
238985,2019,26800,121,101424,35.00,-7.27,-4.98
239357,1937,26800,127,101476,35.87,-7.25,-4.96
239397,1819,27312,154,101941,35.00,-7.22,-5.00
239419,1733,27312,153,101578,35.00,-7.22,-4.96
239441,2275,27312,156,101311,35.00,-7.22,-4.99
239463,2073,28080,139,101132,35.00,-7.24,-4.98
239485,1951,28080,137,101002,35.00,-7.18,-5.01
239507,1789,28080,131,100896,35.00,-7.21,-4.94
239529,1973,28080,139,100821,35.00,-7.24,-4.93
239551,1546,28080,147,100775,35.00,-7.24,-4.96
239573,1326,28080,151,100810,35.00,-7.23,-4.95
239595,1417,27312,163,100907,35.00,-7.23,-4.98
239637,1449,28080,155,101253,35.00,-7.27,-4.95
239659,1507,28080,145,101293,35.00,-7.22,-4.98
239681,1659,28080,142,101345,35.00,-7.24,-4.99
239703,1709,28080,121,101402,35.00,-7.21,-4.96
239725,1865,28080,120,101468,35.00,-7.23,-4.97
239747,1725,28080,111,101538,35.00,-7.20,-4.92
239769,1547,28080,120,101587,35.00,-7.24,-4.98
239791,1364,28080,119,101659,35.00,-7.24,-4.98
239813,1239,28080,136,101725,35.00,-7.21,-4.98
239835,1237,28080,141,101792,35.00,-7.29,-4.97
239857,1383,28080,148,101877,35.00,-7.25,-4.95
239898,1605,28080,147,102045,35.00,-7.27,-4.99
239920,1802,28080,146,102117,35.00,-7.24,-4.98
239942,1996,28080,141,102165,35.00,-7.21,-4.95
239964,2197,28080,136,102217,35.00,-7.24,-4.96
239986,2325,28080,132,102272,35.00,-7.24,-4.99
240377,2287,28592,135,102320,35.24,-7.22,-4.97
240419,1587,28592,165,101292,35.00,-7.23,-4.97
240441,1609,28592,153,101338,35.00,-7.19,-4.92
240463,1705,28592,139,101391,35.00,-7.21,-4.96
240485,1843,28592,137,101468,35.00,-7.22,-4.98
240507,1781,28784,119,101541,35.00,-7.25,-4.95
240529,1623,28784,121,101615,35.00,-7.25,-4.95
240551,1389,28592,121,101714,35.00,-7.22,-4.98
240573,1211,28592,135,101784,35.00,-7.23,-4.96
240595,1063,28784,141,101859,35.00,-7.21,-4.94
240617,1065,28784,147,101938,35.00,-7.23,-5.00
240639,1244,28784,143,102015,35.00,-7.23,-4.95
240680,1541,28784,141,102175,35.00,-7.24,-4.99
240702,1589,28784,137,102247,35.00,-7.21,-5.02
240724,1676,28784,125,102318,35.00,-7.22,-4.97
240746,1815,28784,121,102379,35.00,-7.25,-5.01
240768,1875,28784,117,102439,35.00,-7.24,-4.96
240790,1757,28784,117,102504,35.00,-7.22,-5.01
240812,1592,28784,123,102568,35.00,-7.25,-4.96
240834,1531,28784,139,102627,35.00,-7.22,-5.00
240856,1486,28784,145,102662,35.00,-7.22,-4.99
240878,1459,28784,154,102628,35.00,-7.24,-4.95
240920,1669,28784,152,101693,35.00,-7.21,-4.96
240942,1944,28784,149,101404,35.00,-7.22,-4.98
240964,2183,28784,147,101213,35.00,-7.23,-4.95
240986,2598,28784,141,101077,35.00,-7.24,-4.97
241397,2142,28784,127,100962,35.70,-7.28,-4.96
241425,1440,28784,155,102052,35.00,-7.25,-4.97
241447,2075,29296,141,102109,35.00,-7.22,-4.99
241469,1967,29296,126,102155,35.00,-7.19,-4.99
241491,1773,29296,139,102223,35.00,-7.25,-4.99
241513,1728,29296,135,102260,35.00,-7.23,-4.97
241535,1401,29296,144,102324,35.00,-7.17,-4.99
241557,1325,29296,149,102372,35.00,-7.24,-4.97
241579,1427,29296,160,102427,35.00,-7.24,-4.96
241601,1465,29296,153,102462,35.00,-7.21,-4.95
241642,1689,29296,153,102174,35.00,-7.25,-4.99
241664,1751,29296,147,101785,35.00,-7.18,-4.93
241686,1896,29296,137,101423,35.00,-7.18,-4.96
241708,1991,29296,133,101158,35.00,-7.21,-5.00
241730,1908,29296,124,100987,35.00,-7.20,-4.94
241752,1809,29296,126,100848,35.00,-7.25,-4.99
241774,1687,29296,137,100767,35.00,-7.24,-5.00
241796,1525,28784,149,100700,35.00,-7.21,-4.98
241818,1431,28784,154,100672,35.00,-7.22,-4.99
241840,1503,28784,157,100710,35.00,-7.22,-4.99
241862,1659,29296,159,100824,35.00,-7.23,-4.98
241903,1907,29296,151,101046,35.00,-7.24,-5.00
241925,2063,29296,151,101110,35.00,-7.20,-4.97
241947,2185,29296,139,101175,35.00,-7.24,-5.01
241969,2232,29296,138,101222,35.00,-7.21,-4.97
241991,2109,29296,126,101271,35.00,-7.23,-4.97
242417,1911,29296,133,101316,35.93,-7.27,-4.96
242446,1480,30064,156,101347,35.00,-7.21,-4.95
242468,1967,30064,137,101127,35.00,-7.22,-4.97
242490,2120,30064,136,100981,35.00,-7.21,-5.00
242512,1991,30064,131,100873,35.00,-7.19,-4.96
242534,1804,30064,145,100767,35.00,-7.23,-4.99
242556,1677,30064,141,100737,35.00,-7.24,-4.95
242578,1550,30064,155,100750,35.00,-7.23,-4.99
242600,1503,30576,163,100823,35.00,-7.23,-5.02
242622,1630,30064,163,100953,35.00,-7.25,-4.97
242665,1817,30576,155,101198,35.00,-7.23,-4.98
242687,2057,30064,151,101271,35.00,-7.21,-4.99
242709,2045,30576,141,101343,35.00,-7.24,-4.96
242731,2145,30576,137,101397,35.00,-7.21,-4.98
242753,2077,30576,141,101458,35.00,-7.23,-4.95
242775,1768,30576,145,101530,35.00,-7.23,-4.96
242797,1641,30576,152,101619,35.00,-7.22,-4.96
242819,1629,30576,168,101700,35.00,-7.21,-4.99
242841,1589,30576,164,101785,35.00,-7.24,-4.96
242863,1543,30576,152,101861,35.00,-7.23,-5.00
242905,1973,30960,156,102099,35.00,-7.21,-4.97
242927,1945,30576,149,102162,35.00,-7.25,-4.98
242949,2009,30960,140,102218,35.00,-7.24,-4.98
242971,2063,30960,137,102268,35.00,-7.23,-5.00
242993,1877,30960,131,102331,35.00,-7.25,-4.93
243438,1661,30960,137,102392,35.19,-7.20,-4.98
243467,1175,30960,151,101421,35.00,-7.23,-4.95
243489,1646,30960,122,101488,35.00,-7.19,-4.97
243511,1737,30960,117,101564,35.00,-7.19,-4.96
243533,1611,30960,109,101628,35.00,-7.25,-4.97
243555,1523,30960,113,101703,35.00,-7.22,-4.96
243577,1407,30960,121,101784,35.00,-7.22,-4.96
243599,1242,30960,134,101867,35.00,-7.26,-5.00
243621,1159,30960,135,101952,35.00,-7.19,-4.98
243643,1206,30960,140,102029,35.00,-7.20,-4.98
243665,1312,30960,137,102106,35.00,-7.23,-4.99
243707,1561,30960,127,102324,35.00,-7.23,-4.99
243729,1845,30960,119,102371,35.00,-7.26,-4.99
243751,1453,30960,99,102430,35.00,-7.28,-4.97
243773,1927,30960,111,102491,35.00,-7.23,-4.96
243795,1913,30960,119,102549,35.00,-7.26,-4.97
243817,1631,30960,121,102624,35.00,-7.21,-4.98
243839,1817,30960,141,102708,35.00,-7.22,-4.99
243861,1802,30960,153,102768,35.00,-7.21,-4.96
243883,1763,30960,154,102817,35.00,-7.26,-5.00
243905,2009,30960,155,102861,35.00,-7.21,-4.97
243927,2267,30960,149,102842,35.00,-7.27,-4.95
243968,2237,30960,136,101870,35.00,-7.21,-4.97
243990,2505,30960,141,101578,35.00,-7.24,-4.99
244714,2717,30960,149,101392,35.41,-7.24,-4.96
244750,0,17680,103,101766,35.00,-7.22,-4.96
244772,0,16400,92,101427,35.00,-7.21,-4.98
244794,0,16352,93,101214,35.00,-7.23,-5.00
244816,0,16352,103,101077,35.00,-7.21,-4.99
244838,379,15840,115,100970,35.00,-7.22,-4.94
244860,656,15840,135,100871,35.00,-7.23,-5.01
244882,903,15840,140,100808,35.00,-7.22,-4.98
244904,1045,15840,153,100797,35.00,-7.24,-4.98
244926,2045,16352,167,100865,35.00,-7.21,-4.99
244948,1320,16352,141,100971,35.00,-7.20,-4.97
244991,1111,16352,123,101172,35.00,-7.27,-5.00
245734,2618,15840,142,101228,35.37,-7.24,-4.97
245773,2715,22352,125,101313,35.00,-7.22,-4.99
245795,2773,22736,135,101373,35.00,-7.24,-4.97
245817,2603,22736,141,101438,35.00,-7.21,-4.99
245839,2399,22736,143,101520,35.00,-7.22,-4.95
245861,2211,22736,147,101596,35.00,-7.23,-4.93
245883,2057,23248,153,101670,35.00,-7.23,-4.96
245905,2036,23248,157,101756,35.00,-7.22,-5.01
245927,1955,23248,157,101837,35.00,-7.24,-4.96
245949,2039,23248,165,101907,35.00,-7.24,-4.94
245971,2229,23248,155,101982,35.00,-7.22,-4.99
246755,2335,24016,147,102204,35.27,-7.23,-4.97
246795,1829,24624,125,102313,35.00,-7.26,-4.96
246817,1847,24624,123,102390,35.00,-7.23,-4.94
246839,1778,24624,126,102453,35.00,-7.24,-4.96
246861,1703,24624,139,102512,35.00,-7.23,-4.96
246883,1593,24624,147,102558,35.00,-7.23,-4.96
246905,1519,24624,157,102610,35.00,-7.23,-4.92
246927,1524,24624,159,102681,35.00,-7.22,-4.93
246949,1553,24624,158,102757,35.00,-7.20,-4.98
246971,1606,25136,148,102816,35.00,-7.21,-5.01
246993,2125,24624,153,102868,35.00,-7.22,-4.96
247036,1897,25136,133,102612,35.00,-7.25,-5.00
247058,1786,24624,125,102223,35.00,-7.24,-4.99
247080,1703,25136,121,101856,35.00,-7.25,-4.96
247102,1563,25136,145,101575,35.00,-7.19,-4.97
247124,1527,25136,147,101396,35.00,-7.24,-4.96
247146,1509,25136,163,101263,35.00,-7.25,-5.00
247168,1559,25136,159,101164,35.00,-7.21,-4.97
247190,1621,25136,159,101089,35.00,-7.26,-4.98
247212,1736,25136,151,101042,35.00,-7.25,-4.97
247234,1876,25136,149,101056,35.00,-7.24,-4.96
247276,1989,25136,134,101389,35.00,-7.24,-4.97
247298,2025,25136,132,101441,35.00,-7.22,-4.97
247320,1972,25136,137,101478,35.00,-7.24,-4.98
247342,1907,25136,141,101518,35.00,-7.24,-4.99
247364,1779,25136,153,101579,35.00,-7.20,-4.96
247386,1719,25904,163,101618,35.00,-7.27,-4.96
247408,1770,25136,170,101698,35.00,-7.21,-4.95
247430,1789,25136,168,101770,35.00,-7.18,-4.96
247452,1883,25136,169,101837,35.00,-7.26,-4.98
247474,2018,25136,155,101907,35.00,-7.22,-5.00
247496,2077,25904,139,101984,35.00,-7.26,-4.98
247537,2123,25904,140,102180,35.00,-7.19,-4.96
247559,2148,25904,136,102243,35.00,-7.23,-4.99
247581,2003,25904,141,102296,35.00,-7.22,-4.96
247603,1837,25904,147,102344,35.00,-7.22,-4.95
247625,1755,25904,157,102395,35.00,-7.22,-4.96
247647,1687,25904,168,102437,35.00,-7.23,-4.97
247669,1699,25904,173,102485,35.00,-7.23,-4.98
247691,1711,25904,168,102544,35.00,-7.22,-4.96
247713,1787,25904,160,102581,35.00,-7.21,-4.96
247735,1907,26416,147,102630,35.00,-7.22,-4.93
247777,1991,26416,141,102729,35.00,-7.21,-4.98
247799,1938,26416,138,102655,35.00,-7.23,-5.00
247821,1835,26416,127,102388,35.00,-7.23,-4.98
247843,1751,26416,143,101994,35.00,-7.27,-4.98
247865,1655,26416,146,101619,35.00,-7.24,-4.99
247887,1584,26416,167,101345,35.00,-7.26,-5.05
247909,1594,26416,169,101149,35.00,-7.20,-5.02
247931,1583,26416,167,101003,35.00,-7.22,-4.95
247953,1695,26416,155,100885,35.00,-7.23,-4.97
247975,1787,26416,149,100815,35.00,-7.24,-4.95
247997,1843,26416,135,100790,35.00,-7.23,-4.99
248038,1895,26416,125,100999,35.00,-7.23,-4.98
248060,1843,26416,125,101090,35.00,-7.22,-4.94
248082,1767,26416,137,101150,35.00,-7.25,-4.96
248104,1651,26416,139,101187,35.00,-7.24,-4.94
248126,1485,26416,155,101212,35.00,-7.22,-4.99
248148,1491,26416,157,101266,35.00,-7.25,-4.94
248170,1527,26416,165,101339,35.00,-7.23,-4.97
248192,1628,26416,165,101401,35.00,-7.23,-4.99
248214,1774,26416,154,101467,35.00,-7.22,-4.96
248236,1851,26416,138,101540,35.00,-7.25,-4.98
248279,1945,26800,139,101761,35.00,-7.24,-4.97
248301,1899,26416,125,101833,35.00,-7.22,-5.00
248323,1833,26800,136,101900,35.00,-7.22,-4.92
248345,1770,26800,149,101954,35.00,-7.24,-4.93
248367,1881,26800,163,102019,35.00,-7.20,-4.99
248389,1755,26800,171,102072,35.00,-7.24,-4.97
248411,1635,26416,167,102125,35.00,-7.19,-4.96
248433,1817,26416,165,102179,35.00,-7.23,-4.96
248455,1989,26800,157,102228,35.00,-7.26,-4.95
248477,1939,26800,141,102273,35.00,-7.26,-4.98
248519,1897,26800,137,102430,35.00,-7.23,-4.94
248541,1932,26800,135,102456,35.00,-7.21,-4.96
248563,1800,26800,137,102477,35.00,-7.22,-4.98
248585,1639,26800,145,102397,35.00,-7.20,-4.93
248607,1527,26800,157,102106,35.00,-7.24,-4.96
248629,1407,26800,159,101690,35.00,-7.27,-4.97
248651,1501,26416,169,101342,35.00,-7.24,-4.97
248673,1524,26416,153,101101,35.00,-7.27,-4.94
248695,1651,26416,156,100950,35.00,-7.24,-4.98
248717,1768,26416,136,100839,35.00,-7.22,-4.99
248739,1869,26416,127,100751,35.00,-7.24,-4.96
248780,1889,26416,125,100703,35.00,-7.22,-4.99
248802,2133,26416,133,100823,35.00,-7.23,-4.95
248824,1829,26416,133,100934,35.00,-7.19,-4.96
248846,1638,26416,151,100993,35.00,-7.20,-4.96
248868,1511,26800,155,101030,35.00,-7.23,-4.94
248890,1455,26800,159,101061,35.00,-7.25,-5.00
248912,1735,26800,165,101105,35.00,-7.24,-4.98
248934,2063,26416,160,101159,35.00,-7.23,-5.02
248956,2093,26800,151,101209,35.00,-7.21,-4.99
248978,1989,26800,138,101251,35.00,-7.24,-4.95
249020,2133,26800,140,101449,35.00,-7.24,-4.97
249042,2099,26800,135,101517,35.00,-7.23,-4.97
249064,1951,26800,143,101579,35.00,-7.23,-4.99
249086,1783,26800,149,101643,35.00,-7.22,-5.01
249108,1775,26800,158,101720,35.00,-7.20,-4.99
249130,1763,26800,165,101780,35.00,-7.23,-4.99
249152,1731,26800,170,101831,35.00,-7.26,-4.98
249174,1756,26800,170,101892,35.00,-7.22,-4.99
249196,1912,26800,155,101943,35.00,-7.23,-5.00
249218,1993,26800,151,102003,35.00,-7.24,-4.93
249240,2013,26800,139,102068,35.00,-7.20,-4.97
249281,1983,26800,135,102235,35.00,-7.21,-4.98
249303,1963,26800,137,102294,35.00,-7.20,-5.02
249325,1843,26800,149,102303,35.00,-7.20,-4.97
249347,1688,26800,149,102182,35.00,-7.23,-4.99
249369,1587,26800,167,101890,35.00,-7.21,-4.98
249391,1529,26800,164,101504,35.00,-7.27,-4.99
249413,1623,26800,169,101183,35.00,-7.22,-5.02
249435,1716,26800,155,100981,35.00,-7.21,-4.98
249457,1851,26800,151,100847,35.00,-7.24,-4.97
249479,1937,26800,137,100733,35.00,-7.23,-4.94
249522,2195,27312,143,100598,35.00,-7.23,-4.96
249544,1831,26800,141,100671,35.00,-7.23,-4.95
249566,1727,27312,146,100797,35.00,-7.22,-4.93
249588,1595,27312,148,100915,35.00,-7.24,-4.97
249610,1581,27312,159,100993,35.00,-7.22,-4.99
249632,1543,27312,167,101045,35.00,-7.21,-4.97
249654,1577,27312,163,101085,35.00,-7.23,-4.97
249676,1762,27312,155,101143,35.00,-7.23,-4.97
249698,1919,27312,149,101195,35.00,-7.24,-4.95
249720,2056,27312,138,101257,35.00,-7.26,-4.96
249762,2520,27312,149,101479,35.00,-7.24,-4.99
249784,1631,27312,127,101542,35.00,-7.22,-4.95
249806,1557,27312,139,101615,35.00,-7.28,-4.99
249828,1749,27312,151,101687,35.00,-7.21,-4.99
249850,1883,27312,171,101759,35.00,-7.21,-4.99
249872,1515,27312,167,101818,35.00,-7.22,-4.98
249894,1672,27312,174,101891,35.00,-7.23,-4.97
249916,1847,27312,163,101957,35.00,-7.26,-4.99
249938,1999,27312,169,102003,35.00,-7.22,-5.02
249960,2141,27312,150,102057,35.00,-7.23,-4.93
250580,2424,27312,154,102249,35.71,-7.26,-4.96
250611,1663,27312,127,101575,35.00,-7.21,-4.98
250633,1263,27312,155,101633,35.00,-7.22,-5.00
250655,1389,28080,153,101683,35.00,-7.24,-4.97
250677,1349,28080,149,101726,35.00,-7.23,-4.94
250699,1465,28080,138,101756,35.00,-7.21,-4.95
250721,1577,28080,121,101795,35.00,-7.24,-4.97
250743,1645,28080,121,101847,35.00,-7.23,-4.97
250785,1647,28080,118,102023,35.00,-7.24,-4.98
250807,1637,28080,123,102075,35.00,-7.24,-4.98
250829,1523,28080,124,102105,35.00,-7.22,-5.00
250851,1431,28080,147,102084,35.00,-7.19,-4.95
250873,1340,28080,148,101913,35.00,-7.22,-4.99
250895,1417,28080,153,101558,35.00,-7.24,-4.96
250917,1528,28080,143,101137,35.00,-7.27,-4.99
250939,1647,27312,141,100816,35.00,-7.23,-4.99
250961,1773,27312,122,100569,35.00,-7.23,-5.00
250983,1902,27312,121,100393,35.00,-7.25,-5.00
251025,1949,27312,117,100123,35.00,-7.22,-4.97
251047,1975,27312,123,100106,35.00,-7.23,-4.97
251069,1903,27312,135,100173,35.00,-7.23,-4.96
251091,1898,27312,153,100305,35.00,-7.17,-4.96
251113,1885,27312,164,100424,35.00,-7.25,-4.92
251135,2039,27312,168,100495,35.00,-7.22,-4.98
251157,2173,27312,169,100556,35.00,-7.23,-4.98
251179,2333,27312,167,100611,35.00,-7.24,-4.97
251201,2551,27312,155,100657,35.00,-7.24,-4.98
251223,2707,27312,153,100720,35.00,-7.18,-5.01
251245,2776,27312,163,100785,35.00,-7.26,-4.96
251286,2769,28080,163,100914,35.00,-7.21,-4.98
251308,2551,28080,169,100998,35.00,-7.24,-4.97
251330,2325,28080,175,101068,35.00,-7.22,-4.96
251352,2155,28080,187,101114,35.00,-7.24,-4.99
251374,2079,28080,187,101177,35.00,-7.23,-5.00
251396,1998,28080,189,101228,35.00,-7.21,-4.98
251418,2013,28080,185,101293,35.00,-7.22,-4.95
251440,1979,28080,169,101352,35.00,-7.23,-4.96
251462,1919,28080,157,101402,35.00,-7.21,-4.96
251484,1951,28080,153,101433,35.00,-7.25,-4.97
251526,1741,28080,143,101572,35.00,-7.25,-5.01
251548,1304,28080,136,101628,35.00,-7.27,-4.99
251570,1125,28080,133,101670,35.00,-7.26,-4.97
251592,1107,28080,150,101684,35.00,-7.24,-4.96
251614,1097,27312,151,101690,35.00,-7.28,-4.97
251636,1179,27312,157,101582,35.00,-7.21,-4.94
251658,1352,27312,157,101258,35.00,-7.23,-4.97
251680,1404,27312,147,100812,35.00,-7.22,-4.94
251702,1438,27312,127,100432,35.00,-7.25,-4.99
251724,1554,27312,125,100176,35.00,-7.26,-4.97
251746,1592,26800,117,100003,35.00,-7.21,-5.00
251787,1587,26800,133,99679,35.00,-7.23,-4.97
251809,1653,26800,125,99651,35.00,-7.21,-4.97
251831,1443,26800,136,99701,35.00,-7.21,-4.98
251853,1439,26800,153,99810,35.00,-7.23,-4.95
251875,1555,26800,157,99922,35.00,-7.24,-4.97
251897,1563,26800,165,99997,35.00,-7.26,-4.96
251919,1673,26800,157,100040,35.00,-7.25,-4.98
251941,1891,26800,150,100086,35.00,-7.24,-4.98
251963,2058,27312,137,100133,35.00,-7.28,-4.97
251985,2199,26800,133,100176,35.00,-7.24,-4.96
252028,1949,26800,119,100336,35.00,-7.20,-4.99
252050,1567,26800,126,100399,35.00,-7.24,-4.97
252072,1516,26800,141,100473,35.00,-7.27,-4.97
252094,1481,26800,159,100529,35.00,-7.27,-4.94
252116,1549,26800,163,100609,35.00,-7.24,-4.96
252138,1685,26800,165,100665,35.00,-7.20,-4.96
252160,1789,26800,157,100730,35.00,-7.21,-4.98
252182,1863,26800,151,100773,35.00,-7.20,-5.00
252204,1981,27312,137,100824,35.00,-7.26,-5.00
252226,2075,26800,135,100855,35.00,-7.23,-4.94
252268,2057,26800,137,101016,35.00,-7.21,-4.98
252290,1951,27312,137,101064,35.00,-7.22,-4.97
252312,1750,27312,151,101127,35.00,-7.25,-4.96
252334,1710,27312,167,101195,35.00,-7.26,-4.97
252356,1771,26800,170,101264,35.00,-7.24,-4.96
252378,1769,26800,175,101299,35.00,-7.20,-4.98
252400,1800,26800,164,101286,35.00,-7.20,-4.96
252422,1880,26800,149,101057,35.00,-7.21,-4.94
252444,1993,26800,140,100686,35.00,-7.22,-4.94
252466,2031,26800,137,100317,35.00,-7.22,-4.96
252488,2003,26800,134,100073,35.00,-7.25,-5.02
252529,1972,26800,141,99683,35.00,-7.19,-4.95
252551,1950,26800,149,99638,35.00,-7.24,-4.98
252573,1855,26800,155,99630,35.00,-7.25,-4.98
252595,1815,26800,173,99675,35.00,-7.25,-4.98
252617,1815,26800,175,99806,35.00,-7.19,-4.94
252639,1875,26800,173,99928,35.00,-7.24,-4.96
252661,1995,26800,167,100048,35.00,-7.27,-4.95
252683,2139,26800,164,100113,35.00,-7.24,-4.97
252705,2259,27312,149,100158,35.00,-7.22,-5.01
252727,2331,27312,149,100200,35.00,-7.25,-4.93
252769,2275,26800,153,100392,35.00,-7.25,-4.99
252791,2245,27312,163,100470,35.00,-7.25,-4.96
252813,2089,27312,163,100545,35.00,-7.23,-5.00
252835,1971,27312,185,100627,35.00,-7.26,-4.97
252857,1899,27312,187,100701,35.00,-7.19,-5.00
252879,1893,27312,187,100785,35.00,-7.25,-4.94
252901,1941,27312,174,100851,35.00,-7.24,-4.95
252923,2040,27312,170,100917,35.00,-7.26,-4.98
252945,2071,27312,150,100989,35.00,-7.24,-4.97
252967,1957,27312,151,101056,35.00,-7.22,-4.97
252989,1915,27312,142,101128,35.00,-7.26,-5.00
253030,1787,27312,153,101326,35.00,-7.27,-4.95
253052,1587,27312,143,101388,35.00,-7.25,-4.98
253074,1425,27312,156,101457,35.00,-7.26,-4.96
253096,1323,27312,164,101539,35.00,-7.21,-4.93
253118,1305,27312,171,101605,35.00,-7.22,-4.92
253140,1276,27312,163,101628,35.00,-7.23,-4.98
253162,1371,27312,153,101614,35.00,-7.23,-4.96
253184,1501,27312,143,101398,35.00,-7.22,-4.98
253206,1564,27312,126,101023,35.00,-7.21,-4.94
253228,1611,27312,123,100641,35.00,-7.21,-4.94
253250,1625,27312,127,100379,35.00,-7.22,-5.00
253291,1531,27312,139,99955,35.00,-7.23,-4.99
253313,1381,27312,135,99916,35.00,-7.25,-4.99
253335,1375,27312,149,99912,35.00,-7.21,-4.99
253357,1373,27312,157,99941,35.00,-7.24,-4.96
253379,1416,27312,163,100050,35.00,-7.22,-4.98
253401,1565,27312,158,100191,35.00,-7.21,-4.98
253423,1673,27312,151,100299,35.00,-7.18,-4.99
253445,1773,28080,137,100382,35.00,-7.22,-4.97
253467,1927,27312,133,100454,35.00,-7.22,-4.93
253489,1947,27312,125,100512,35.00,-7.27,-4.96
253531,1863,27312,136,100731,35.00,-7.26,-4.96
253553,1751,27312,139,100792,35.00,-7.26,-4.94
253575,1630,28080,141,100881,35.00,-7.20,-4.97
253597,1565,28080,158,100968,35.00,-7.24,-4.93
253619,1593,27312,167,101055,35.00,-7.22,-4.98
253641,1702,28080,169,101143,35.00,-7.20,-4.95
253663,1956,28080,163,101198,35.00,-7.23,-4.99
253685,2119,28080,157,101276,35.00,-7.23,-5.00
253707,2234,28080,145,101349,35.00,-7.22,-4.96
253729,2231,28080,143,101429,35.00,-7.22,-4.98
253751,2171,28080,141,101512,35.00,-7.19,-4.95
253792,1996,28080,152,101680,35.00,-7.23,-4.98
253814,1927,28080,152,101742,35.00,-7.26,-4.98
253836,1727,28080,165,101806,35.00,-7.20,-4.96
253858,1639,28080,167,101888,35.00,-7.23,-4.99
253880,1631,28080,182,101959,35.00,-7.21,-4.96
253902,1769,28080,170,102014,35.00,-7.21,-4.98
253924,1898,28080,167,102056,35.00,-7.23,-4.96
253946,2023,28592,151,102014,35.00,-7.22,-4.99
253968,2099,28592,148,101781,35.00,-7.26,-4.99
253990,2041,28592,139,101388,35.00,-7.22,-4.97
254033,1957,28592,142,100513,35.00,-7.25,-5.00
254055,1608,28080,147,100363,35.00,-7.24,-4.95
254077,1551,28592,163,100262,35.00,-7.23,-4.94
254099,1522,28592,165,100173,35.00,-7.23,-4.99
254121,1529,28592,167,100136,35.00,-7.22,-4.98
254143,1671,28592,164,100163,35.00,-7.22,-4.99
254165,1811,28592,151,100268,35.00,-7.23,-4.97
254187,1946,28592,143,100418,35.00,-7.24,-4.99
254209,1983,28592,138,100524,35.00,-7.20,-4.98
254231,2003,28592,141,100608,35.00,-7.26,-4.99
254273,1915,28592,141,100785,35.00,-7.20,-4.98
254295,1846,28592,153,100839,35.00,-7.24,-4.95
254317,1727,28592,167,100925,35.00,-7.24,-4.98
254339,1651,28592,169,100995,35.00,-7.23,-4.99
254361,1660,28592,174,101055,35.00,-7.22,-4.96
254383,1785,28592,173,101132,35.00,-7.25,-4.94
254405,1997,28592,171,101225,35.00,-7.25,-4.99
254427,2118,28592,153,101311,35.00,-7.21,-4.95
254449,2169,28592,151,101400,35.00,-7.21,-4.93
254471,2171,28592,139,101484,35.00,-7.21,-4.95
254493,2008,28592,150,101578,35.00,-7.22,-4.97
254534,1850,28592,153,101782,35.00,-7.22,-4.97
254556,1689,28592,155,101860,35.00,-7.25,-4.98
254578,1527,28784,167,101928,35.00,-7.21,-5.00
254600,1471,28592,171,101989,35.00,-7.22,-4.97
254622,1527,28592,169,102064,35.00,-7.24,-4.98
254644,1629,28592,165,102135,35.00,-7.24,-4.95
254666,1785,28784,155,102203,35.00,-7.24,-4.94
254688,1903,28784,148,102263,35.00,-7.22,-4.98
254710,1893,28784,137,102291,35.00,-7.26,-4.92
254732,1747,28784,137,102268,35.00,-7.23,-5.02
254774,1530,28784,135,101281,35.00,-7.25,-4.94
254796,1455,28784,147,100975,35.00,-7.24,-5.01
254818,1357,28784,154,100789,35.00,-7.22,-4.93
254840,1304,28784,156,100630,35.00,-7.22,-4.98
254862,1374,28784,159,100517,35.00,-7.20,-4.97
254884,1512,28784,157,100443,35.00,-7.24,-4.98
254906,1726,28784,151,100387,35.00,-7.28,-4.97
254928,1824,28784,139,100398,35.00,-7.24,-4.96
254950,1933,28784,138,100480,35.00,-7.24,-4.96
254972,1939,28784,135,100607,35.00,-7.26,-4.97
254994,1811,28784,137,100729,35.00,-7.23,-4.96
255035,1654,28784,147,100893,35.00,-7.20,-5.00
255057,1695,28784,152,100954,35.00,-7.23,-4.95
255079,1611,28784,165,101011,35.00,-7.23,-4.99
255101,1589,28784,166,101082,35.00,-7.21,-4.95
255123,1639,28784,169,101148,35.00,-7.20,-4.96
255145,1775,28784,167,101197,35.00,-7.22,-4.95
255167,1965,28784,163,101276,35.00,-7.23,-4.96
255189,2015,28784,142,101347,35.00,-7.20,-4.97
255211,2035,29296,147,101420,35.00,-7.22,-4.97
255233,1982,28784,135,101483,35.00,-7.19,-4.93
255276,1861,29296,147,101665,35.00,-7.24,-4.98
255298,1674,28784,152,101725,35.00,-7.24,-4.94
255320,1581,29296,166,101778,35.00,-7.23,-4.98
255342,1609,29296,169,101810,35.00,-7.23,-4.96
255364,1644,29296,171,101855,35.00,-7.23,-4.98
255386,1799,29296,157,101907,35.00,-7.21,-4.95
255408,1959,29296,156,101965,35.00,-7.21,-5.00
255430,2037,29296,141,102029,35.00,-7.22,-4.96
255452,2087,29296,141,102079,35.00,-7.24,-4.98
255474,2002,29296,139,102113,35.00,-7.22,-4.96
255516,1898,29296,147,101916,35.00,-7.24,-4.99
255538,1831,29296,156,101517,35.00,-7.22,-4.97
255560,1696,28784,169,101124,35.00,-7.24,-4.98
255582,1721,28784,172,100823,35.00,-7.23,-4.96
255604,1821,28784,181,100635,35.00,-7.23,-4.95
255626,1971,28784,169,100493,35.00,-7.26,-4.97
255648,2119,28784,165,100410,35.00,-7.19,-4.97
255670,2167,28784,150,100341,35.00,-7.22,-5.02
255692,2173,28784,147,100297,35.00,-7.22,-4.96
255714,2088,28784,139,100329,35.00,-7.22,-5.00
255736,1930,29296,151,100446,35.00,-7.23,-4.94
255777,1763,29296,153,100713,35.00,-7.24,-4.92
255799,1624,29296,159,100756,35.00,-7.27,-4.95
255821,1485,29296,168,100817,35.00,-7.21,-4.96
255843,1450,29296,173,100877,35.00,-7.24,-4.96
255865,1493,29296,166,100933,35.00,-7.27,-4.98
255887,1651,29296,165,100996,35.00,-7.23,-4.94
255909,1799,29296,151,101071,35.00,-7.19,-5.02
255931,1938,29296,149,101135,35.00,-7.21,-5.01
255953,1829,29296,137,101203,35.00,-7.24,-4.97
255975,1726,29296,123,101280,35.00,-7.25,-4.97
256701,1623,29296,137,101483,35.86,-7.23,-4.97
256739,1866,30064,179,101435,35.00,-7.25,-4.97
256761,1937,30064,172,101498,35.00,-7.22,-4.99
256783,1767,30064,179,101572,35.00,-7.26,-4.99
256805,1750,30064,189,101635,35.00,-7.21,-4.99
256827,1782,30064,175,101703,35.00,-7.25,-4.97
256849,1917,30064,171,101760,35.00,-7.25,-4.99
256871,2019,30064,157,101826,35.00,-7.20,-4.97
256893,1989,30064,150,101876,35.00,-7.23,-4.98
256915,1847,30576,141,101937,35.00,-7.24,-4.96
256937,1716,30064,145,101993,35.00,-7.21,-4.98
256959,1514,30576,148,102077,35.00,-7.24,-4.95
257722,1331,30064,155,102237,35.40,-7.23,-4.96
257762,1355,30576,155,101980,35.00,-7.22,-4.97
257784,1306,30576,159,102029,35.00,-7.22,-4.98
257806,1309,30576,165,102007,35.00,-7.23,-4.91
257828,1423,30576,165,101788,35.00,-7.21,-4.99
257850,1559,30576,159,101425,35.00,-7.25,-4.99
257872,1765,30576,149,101041,35.00,-7.22,-4.91
257894,1941,30064,141,100781,35.00,-7.20,-4.97
257916,1975,30064,140,100595,35.00,-7.21,-4.99
257938,1897,30064,137,100471,35.00,-7.21,-4.96
257960,1758,30064,141,100363,35.00,-7.24,-5.01
258743,1595,30064,147,100268,35.08,-7.24,-4.98
258784,793,29296,127,99942,35.00,-7.26,-4.97
258806,1791,29296,147,100051,35.00,-7.26,-4.99
258828,1437,29296,147,100122,35.00,-7.22,-4.94
258850,1695,29296,154,100154,35.00,-7.22,-4.96
258872,2189,29296,155,100163,35.00,-7.23,-5.01
258894,2333,29296,150,100168,35.00,-7.24,-4.96
258916,2315,29296,143,100198,35.00,-7.23,-4.96
258938,2553,29296,141,100221,35.00,-7.22,-4.94
258960,2779,29296,151,100273,35.00,-7.21,-4.99
258982,2555,29296,163,100318,35.00,-7.19,-4.98
259508,2291,29296,166,100402,36.42,-7.19,-4.98
259546,1590,29296,155,99988,35.00,-7.24,-5.00
259568,1231,29296,143,100125,35.00,-7.22,-4.95
259590,1318,29296,143,100223,35.00,-7.21,-4.97
259612,1416,29296,138,100282,35.00,-7.21,-4.98
259634,1515,30064,137,100334,35.00,-7.20,-5.00
259656,1692,30064,121,100381,35.00,-7.26,-4.99
259678,1773,30064,121,100440,35.00,-7.23,-4.96
259700,1843,30064,124,100500,35.00,-7.20,-4.97
259722,1708,30064,135,100562,35.00,-7.18,-4.98
259744,1587,29296,133,100621,35.00,-7.21,-5.02
259787,1479,30064,151,100802,35.00,-7.23,-4.98
259809,1517,30064,155,100869,35.00,-7.24,-4.98
259831,1639,30064,157,100935,35.00,-7.26,-5.00
259853,1805,30064,152,100990,35.00,-7.22,-4.97
259875,1977,30064,145,101056,35.00,-7.21,-4.98
259897,2137,30064,136,101119,35.00,-7.24,-4.93
259919,2151,30064,133,101184,35.00,-7.22,-4.96
259941,2079,30064,127,101244,35.00,-7.23,-4.98
259963,1967,30064,147,101314,35.00,-7.21,-4.96
259985,1962,30064,154,101397,35.00,-7.24,-4.95
260027,1751,30064,159,101621,35.00,-7.20,-4.93
260049,1803,30064,167,101662,35.00,-7.26,-4.99
260071,1852,30064,167,101648,35.00,-7.19,-4.97
260093,1979,30064,163,101458,35.00,-7.22,-4.95
260115,2005,30064,155,101108,35.00,-7.22,-5.00
260137,2141,30064,145,100721,35.00,-7.24,-4.95
260159,2176,30064,139,100480,35.00,-7.26,-4.96
260181,2119,30064,137,100327,35.00,-7.24,-4.99
260203,1939,30064,146,100212,35.00,-7.23,-4.99
260225,1695,30064,142,100128,35.00,-7.23,-4.96
260247,1527,30064,157,100076,35.00,-7.18,-4.93
260288,1431,30064,159,100187,35.00,-7.23,-4.96
260310,1436,29296,157,100344,35.00,-7.23,-4.99
260332,1483,30064,151,100460,35.00,-7.21,-4.99
260354,1591,30064,151,100530,35.00,-7.22,-4.96
260376,1707,30064,145,100579,35.00,-7.27,-4.93
260398,1864,30064,133,100619,35.00,-7.20,-5.01
260420,1882,30576,125,100682,35.00,-7.24,-4.96
260442,1700,30576,123,100733,35.00,-7.24,-4.99
260464,1587,30576,137,100793,35.00,-7.25,-4.97
260486,1373,30064,137,100859,35.00,-7.24,-4.95
260528,1319,30576,146,101079,35.00,-7.25,-4.98
260550,1374,30576,153,101132,35.00,-7.22,-4.96
260572,1467,30576,153,101188,35.00,-7.22,-4.98
260594,1737,30576,151,101237,35.00,-7.26,-4.95
260616,1903,30064,147,101282,35.00,-7.20,-4.95
260638,2094,30576,137,101342,35.00,-7.24,-4.98
260660,2089,30576,137,101387,35.00,-7.19,-4.94
260682,1971,30576,125,101417,35.00,-7.20,-4.97
260704,1832,30576,134,101468,35.00,-7.23,-4.98
260726,1651,30576,141,101529,35.00,-7.23,-4.99
260748,1687,30576,159,101591,35.00,-7.24,-4.98
260789,1430,30576,156,101769,35.00,-7.24,-4.98
260811,1375,30576,163,101797,35.00,-7.19,-4.97
260833,1497,30576,157,101762,35.00,-7.20,-4.97
260855,1637,30064,147,101536,35.00,-7.25,-4.97
260877,1659,30064,137,101153,35.00,-7.25,-4.92
260899,1769,30064,119,100769,35.00,-7.25,-5.00
260921,1711,30064,115,100507,35.00,-7.20,-4.99
260943,1611,30064,118,100339,35.00,-7.23,-5.00
260965,1530,29296,132,100221,35.00,-7.26,-4.96
260987,1419,29296,127,100124,35.00,-7.22,-4.92
261030,1365,29296,147,100064,35.00,-7.22,-5.00
261052,1507,29296,146,100165,35.00,-7.22,-4.97
261074,1671,30064,153,100281,35.00,-7.25,-4.93
261096,1897,30064,141,100353,35.00,-7.24,-4.96
261118,1983,30064,127,100413,35.00,-7.21,-4.96
261140,2147,30064,134,100452,35.00,-7.23,-4.98
261162,2195,30064,125,100497,35.00,-7.25,-4.99
261184,2075,30064,135,100557,35.00,-7.21,-4.97
261206,2005,30064,143,100603,35.00,-7.24,-5.00
261228,1883,30064,156,100670,35.00,-7.23,-5.01
261270,1870,30064,163,100891,35.00,-7.24,-4.95
261292,1961,30064,171,100945,35.00,-7.24,-4.98
261314,2105,30576,165,101026,35.00,-7.23,-5.02
261336,2277,30576,167,101088,35.00,-7.20,-4.98
261358,2348,30576,157,101143,35.00,-7.25,-4.99
261380,2405,30576,152,101198,35.00,-7.25,-4.95
261402,2453,30576,149,101258,35.00,-7.24,-4.92
261424,2130,30576,145,101296,35.00,-7.21,-4.97
261446,1941,30576,153,101348,35.00,-7.24,-4.95
261468,1083,30576,141,101391,35.00,-7.24,-4.95
261490,0,30576,134,101455,35.00,-7.20,-4.96
261531,0,30960,118,101587,35.00,-7.24,-4.98
261553,363,30576,117,101644,35.00,-7.22,-4.99
261575,1229,30576,115,101655,35.00,-7.24,-4.96
261597,927,30576,106,101511,35.00,-7.25,-5.00
261619,2,30576,74,101189,35.00,-7.23,-4.95
261641,0,30576,59,100818,35.00,-7.23,-4.95
261663,0,30960,44,100536,35.00,-7.21,-4.97
261685,0,30960,31,100363,35.00,-7.22,-4.95
261707,0,30960,37,100247,35.00,-7.21,-4.98
261729,329,30576,78,100164,35.00,-7.22,-4.97
261771,1899,30576,99,100071,35.00,-7.24,-4.96
261793,2428,30576,132,100151,35.00,-7.23,-4.95
261815,2799,30576,147,100268,35.00,-7.19,-4.97
261837,3028,30576,136,100368,35.00,-7.24,-4.99
261859,3277,30576,137,100429,35.00,-7.24,-4.95
261881,3499,30576,141,100477,35.00,-7.21,-4.97
261903,3467,30960,142,100514,35.00,-7.24,-5.02
261925,3385,30576,147,100554,35.00,-7.27,-4.99
261947,3131,30576,157,100613,35.00,-7.20,-4.98
261969,2901,30576,166,100673,35.00,-7.22,-4.99
261991,2763,30576,173,100733,35.00,-7.25,-4.98
262032,2813,30576,181,100908,35.00,-7.24,-4.97
262054,2923,30576,197,100969,35.00,-7.23,-4.97
262076,3020,30576,187,101022,35.00,-7.25,-4.95
262098,3239,30576,187,101081,35.00,-7.24,-4.97
262120,3311,30576,171,101134,35.00,-7.22,-4.97
262142,3315,30576,171,101189,35.00,-7.21,-5.01
262164,3123,30576,168,101253,35.00,-7.23,-4.97
262186,2841,30576,169,101304,35.00,-7.24,-4.99
262208,2643,30576,173,101359,35.00,-7.21,-4.94
262230,2503,30576,183,101420,35.00,-7.22,-4.97
262273,2385,30576,201,101610,35.00,-7.25,-4.97
262295,2347,30064,185,101661,35.00,-7.27,-5.00
262317,2355,30576,185,101689,35.00,-7.20,-5.01
262339,2415,30576,168,101587,35.00,-7.24,-4.96
262361,2283,30576,155,101308,35.00,-7.23,-4.96
262383,2076,30576,141,100939,35.00,-7.23,-4.98
262405,1845,30576,134,100604,35.00,-7.22,-5.01
262427,1597,30576,135,100398,35.00,-7.26,-4.97
262449,1311,30576,138,100259,35.00,-7.21,-4.98
262471,1204,30576,148,100155,35.00,-7.21,-4.98
262513,1228,30576,151,100064,35.00,-7.23,-4.97
262535,1231,30576,151,100120,35.00,-7.21,-5.00
262557,1567,30576,145,100245,35.00,-7.23,-4.95
262579,2223,30576,161,100361,35.00,-7.25,-4.96
262601,1425,30576,123,100441,35.00,-7.23,-4.93
262623,1397,30576,116,100499,35.00,-7.21,-4.96
262645,1525,30576,124,100562,35.00,-7.23,-4.98
262667,1049,30576,120,100618,35.00,-7.25,-4.99
262689,1257,30576,142,100683,35.00,-7.19,-4.99
262711,1213,30576,147,100742,35.00,-7.25,-4.93
262733,971,30576,145,100819,35.00,-7.22,-4.95
262774,1161,30576,155,101015,35.00,-7.22,-4.97
262796,1385,30064,157,101117,35.00,-7.22,-4.92
262818,1619,30576,157,101198,35.00,-7.26,-4.98
262840,1813,30576,149,101264,35.00,-7.23,-4.94
262862,1903,30576,139,101338,35.00,-7.23,-4.96
262884,1815,30576,125,101403,35.00,-7.24,-4.99
262906,1741,30576,135,101468,35.00,-7.20,-4.99
262928,1565,30960,141,101516,35.00,-7.20,-4.98
262950,1531,30960,148,101564,35.00,-7.21,-4.95
262972,1465,30576,159,101612,35.00,-7.22,-4.96
263593,1640,30576,168,101778,35.65,-7.22,-4.93
263624,1284,30064,153,101482,35.00,-7.21,-4.97
263646,1470,30064,115,101532,35.00,-7.27,-4.98
263668,1573,30576,123,101591,35.00,-7.25,-4.98
263690,1499,30576,135,101647,35.00,-7.23,-5.00
263712,1455,30576,147,101700,35.00,-7.20,-4.95
263734,1417,30576,155,101770,35.00,-7.24,-4.94
263776,1427,30576,151,101962,35.00,-7.22,-4.97
263798,1395,30576,151,102000,35.00,-7.20,-4.95
263820,1773,30576,151,102031,35.00,-7.27,-4.94
263842,1959,30576,135,101963,35.00,-7.23,-4.96
263864,2055,30576,137,101703,35.00,-7.19,-4.97
263886,1865,30576,122,101297,35.00,-7.26,-4.95
263908,1847,30576,136,100925,35.00,-7.23,-4.99
263930,1821,30576,139,100668,35.00,-7.28,-4.96
263952,1787,30576,159,100490,35.00,-7.22,-4.98
263974,1637,30576,164,100389,35.00,-7.26,-4.96
263996,1655,30576,169,100324,35.00,-7.24,-4.98
264037,1789,30576,163,100277,35.00,-7.23,-4.91
264059,1551,30576,149,100395,35.00,-7.20,-4.97
264081,1822,30960,150,100519,35.00,-7.25,-4.98
264103,1907,30960,137,100621,35.00,-7.25,-4.97
264125,2153,30960,140,100671,35.00,-7.22,-4.98
264147,2175,30960,140,100704,35.00,-7.26,-4.97
264169,1671,30960,151,100748,35.00,-7.23,-4.97
264191,1643,30960,141,100820,35.00,-7.22,-4.98
264213,1693,30960,165,100887,35.00,-7.23,-4.97
264235,1607,30960,166,100953,35.00,-7.25,-4.98
264277,1561,30960,165,101154,35.00,-7.24,-4.95
264299,1862,30960,163,101232,35.00,-7.22,-4.96
264321,1947,30960,149,101292,35.00,-7.23,-4.94
264343,2063,30960,135,101358,35.00,-7.25,-4.95
264365,2029,30960,135,101415,35.00,-7.23,-4.98
264387,1941,31472,124,101479,35.00,-7.25,-4.93
264409,1803,31472,127,101522,35.00,-7.23,-5.02
264431,1661,31472,147,101559,35.00,-7.21,-5.01
264453,1517,30960,153,101596,35.00,-7.24,-4.98
264475,1547,30960,159,101623,35.00,-7.24,-4.94
264497,1567,30960,157,101676,35.00,-7.20,-5.01
264538,1755,30960,159,101820,35.00,-7.18,-5.01
264560,1835,30960,156,101828,35.00,-7.23,-5.01
264582,2012,30960,153,101816,35.00,-7.21,-4.96
264604,2138,30960,140,101646,35.00,-7.20,-4.95
264626,2012,30960,137,101281,35.00,-7.22,-4.96
264648,1901,30576,127,100846,35.00,-7.25,-4.95
264670,1703,30576,140,100522,35.00,-7.22,-4.99
264692,1595,30576,143,100323,35.00,-7.22,-4.97
264714,1555,30576,156,100197,35.00,-7.26,-4.99
264736,1565,30576,159,100128,35.00,-7.19,-4.96
264779,1615,30576,160,100059,35.00,-7.20,-5.02
264801,1832,30576,147,100190,35.00,-7.22,-4.92
264823,1957,30576,139,100355,35.00,-7.21,-4.94
264845,1978,30960,132,100481,35.00,-7.25,-4.97
264867,1855,30960,120,100577,35.00,-7.23,-5.01
264889,1705,30960,123,100647,35.00,-7.21,-4.97
264911,1557,30960,133,100732,35.00,-7.24,-4.94
264933,1459,30960,147,100820,35.00,-7.25,-4.95
264955,1276,30960,155,100909,35.00,-7.24,-4.96
264977,611,31472,141,101007,35.00,-7.25,-4.97
265380,0,31472,120,101285,36.13,-7.18,-4.95
265420,2553,30960,141,100799,35.00,-7.23,-4.95
265442,2645,30960,155,100700,35.00,-7.25,-4.96
265464,2767,30960,148,100620,35.00,-7.24,-4.95
265486,2867,30960,149,100568,35.00,-7.25,-4.99
265508,2747,30960,140,100545,35.00,-7.22,-4.97
265530,2581,30960,151,100579,35.00,-7.23,-4.96
265552,2409,30960,157,100720,35.00,-7.26,-4.94
265574,2287,30960,169,100851,35.00,-7.24,-5.00
265596,2219,30960,181,100929,35.00,-7.27,-4.97
265618,2215,30960,181,100998,35.00,-7.26,-4.96
265640,1690,30960,155,101054,35.00,-7.23,-4.92
265681,2043,30960,159,101208,35.00,-7.25,-5.01
265703,2510,30960,171,101298,35.00,-7.28,-5.01
265725,2344,30960,147,101367,35.00,-7.23,-4.96
265747,2232,30960,137,101431,35.00,-7.23,-4.95
265769,2009,30960,125,101514,35.00,-7.23,-4.99
265791,1815,30960,157,101594,35.00,-7.23,-5.00
265813,1430,30960,119,101675,35.00,-7.24,-4.96
265835,1317,30960,154,101738,35.00,-7.24,-4.88
265857,1374,30960,153,101813,35.00,-7.22,-4.90
265879,1745,30960,167,101878,35.00,-7.24,-4.98
265921,1645,31472,149,102068,35.00,-7.24,-4.97
265943,1721,30960,141,102132,35.00,-7.24,-5.00
265965,1699,31472,124,102198,35.00,-7.20,-4.98
265987,1576,31472,111,102273,35.00,-7.21,-4.98
266401,1613,31472,106,102353,35.58,-7.39,-5.12
266443,2004,30576,157,101500,35.00,-7.22,-4.95
266465,2077,30960,151,101586,35.00,-7.24,-5.00
266487,2057,30960,139,101667,35.00,-7.23,-4.97
266509,1980,30960,140,101742,35.00,-7.19,-4.96
266531,1865,31472,137,101818,35.00,-7.21,-4.97
266553,1725,31472,147,101892,35.00,-7.22,-4.96
266575,1609,31472,154,101970,35.00,-7.27,-4.94
266597,1549,30960,171,102035,35.00,-7.24,-4.96
266619,1597,30960,171,102095,35.00,-7.23,-4.99
266641,1660,31472,171,102151,35.00,-7.23,-5.00
266683,1788,31472,158,102329,35.00,-7.23,-4.99
266705,1871,31472,148,102386,35.00,-7.19,-4.98
266727,1898,30960,143,102450,35.00,-7.22,-4.97
266749,1801,31472,135,102515,35.00,-7.26,-4.99
266771,1717,31472,135,102583,35.00,-7.21,-4.97
266793,1553,31472,134,102619,35.00,-7.22,-5.02
266815,1451,30960,147,102619,35.00,-7.24,-4.95
266837,1396,30960,159,102450,35.00,-7.27,-4.97
266859,1407,30960,164,102088,35.00,-7.21,-5.02
266881,1531,30960,163,101679,35.00,-7.21,-4.97
266903,1715,30960,155,101379,35.00,-7.21,-4.97
266944,1835,30960,147,100965,35.00,-7.23,-4.95
266966,1659,30960,116,100906,35.00,-7.24,-4.95
266988,1637,31472,120,100875,35.00,-7.21,-4.91
267422,1629,31472,115,100890,36.52,-7.25,-4.98
267451,1901,30064,158,102326,35.00,-7.24,-4.96
267473,1789,30576,126,102393,35.00,-7.24,-4.97
267495,1647,30576,137,102441,35.00,-7.24,-4.96
267517,1564,30576,151,102510,35.00,-7.24,-4.96
267539,1610,30960,156,102564,35.00,-7.20,-4.96
267561,1045,30960,153,102601,35.00,-7.24,-4.94
267583,1397,30960,151,102556,35.00,-7.19,-4.98
267625,2383,31472,159,101527,35.00,-7.20,-4.94
267647,2152,31472,135,101244,35.00,-7.23,-4.99
267669,1993,31472,127,101073,35.00,-7.22,-5.00
267691,1031,31472,108,100958,35.00,-7.22,-4.98
267713,1831,30960,121,100871,35.00,-7.23,-4.98
267735,1515,31472,139,100809,35.00,-7.23,-5.01
267757,1510,31472,149,100775,35.00,-7.28,-4.94
267779,1609,31472,157,100818,35.00,-7.18,-4.99
267801,1711,32240,173,100919,35.00,-7.24,-4.98
267823,1990,32240,175,101048,35.00,-7.24,-4.97
267845,2035,32240,157,101145,35.00,-7.26,-4.95
267886,2431,32240,160,101305,35.00,-7.23,-4.97
267908,2217,32240,147,101369,35.00,-7.23,-4.97
267930,2356,32240,155,101439,35.00,-7.18,-4.97
267952,2301,32240,149,101505,35.00,-7.24,-4.98
267974,2069,32240,157,101578,35.00,-7.22,-4.98
267996,1829,32240,155,101632,35.00,-7.24,-4.94
268444,1830,31472,179,101718,37.56,-7.23,-4.99
268473,2083,32240,175,100865,35.00,-7.22,-4.99
268495,1779,31472,152,100801,35.00,-7.23,-4.97
268517,1802,31472,157,100791,35.00,-7.24,-4.96
268539,1436,31472,171,100838,35.00,-7.21,-4.97
268561,1439,31472,174,100945,35.00,-7.20,-4.98
268583,1481,30960,177,101045,35.00,-7.22,-4.95
268605,1842,30960,169,101116,35.00,-7.24,-4.98
268627,1741,30576,160,101179,35.00,-7.24,-4.94
268668,1867,30576,147,101307,35.00,-7.22,-4.99
268690,1791,30576,147,101374,35.00,-7.22,-4.98
268712,1811,30576,136,101432,35.00,-7.23,-4.95
268734,1650,30576,136,101492,35.00,-7.23,-4.96
268756,1327,30960,135,101551,35.00,-7.27,-4.97
268778,1176,30960,142,101605,35.00,-7.22,-4.95
268800,1126,30960,145,101669,35.00,-7.19,-5.00
268822,1095,30960,147,101728,35.00,-7.24,-4.97
268844,1203,30960,147,101780,35.00,-7.26,-4.94
268866,1434,30960,146,101838,35.00,-7.24,-4.99
268908,1675,30960,138,101970,35.00,-7.20,-4.96
268930,1933,31472,137,102005,35.00,-7.24,-4.97
268952,1993,31472,137,102053,35.00,-7.24,-4.99
268974,1933,31472,137,102103,35.00,-7.21,-4.95
268996,1669,30960,139,102161,35.00,-7.21,-4.95
269720,1492,31472,151,102224,35.68,-7.20,-4.98
269750,1325,30576,147,101768,35.00,-7.25,-5.00
269772,1720,30960,109,101794,35.00,-7.21,-4.98
269794,1529,30960,101,101818,35.00,-7.25,-5.00
269816,1821,30960,117,101794,35.00,-7.22,-4.99
269838,1267,30960,115,101595,35.00,-7.25,-4.97
269860,1051,30960,125,101221,35.00,-7.24,-4.97
269882,1391,30576,140,100826,35.00,-7.22,-4.97
269904,1544,30576,153,100528,35.00,-7.22,-4.98
269926,1637,30576,147,100352,35.00,-7.20,-4.97
269948,1978,30576,143,100248,35.00,-7.22,-4.99
269970,2248,30576,133,100168,35.00,-7.24,-4.96
270742,2260,30576,133,100124,35.49,-7.24,-4.98
270773,1975,30960,175,100126,35.00,-7.23,-4.98
270795,2349,30960,147,100227,35.00,-7.22,-4.95
270817,1827,31472,143,100305,35.00,-7.23,-4.99
270839,1460,30960,141,100335,35.00,-7.24,-5.00
270861,1640,31472,164,100382,35.00,-7.24,-4.99
270883,1559,31472,171,100425,35.00,-7.23,-4.91
270905,1433,31472,171,100507,35.00,-7.25,-4.98
270927,1609,31472,165,100591,35.00,-7.22,-4.96
270949,1877,31472,167,100662,35.00,-7.24,-4.96
270971,1870,30960,143,100740,35.00,-7.24,-4.96
271514,1704,30960,135,100946,35.44,-7.20,-4.97
271555,1823,30064,109,100424,35.00,-7.20,-5.01
271577,1687,29296,115,100474,35.00,-7.22,-5.00
271599,1831,29296,133,100537,35.00,-7.24,-4.97
271621,1817,29296,141,100597,35.00,-7.22,-4.99
271643,1643,28784,159,100672,35.00,-7.21,-4.95
271665,1765,28784,169,100739,35.00,-7.24,-4.97
271687,2120,28592,169,100812,35.00,-7.26,-5.00
271709,1541,28592,147,100886,35.00,-7.23,-4.99
271731,2253,28784,155,100954,35.00,-7.24,-4.96
271753,2348,28784,141,101034,35.00,-7.22,-4.96
271795,2335,28784,139,101246,35.00,-7.25,-4.96
271817,2045,28592,134,101308,35.00,-7.24,-4.99
271839,1444,28592,136,101362,35.00,-7.25,-4.97
271861,1704,28592,142,101414,35.00,-7.25,-4.97
271883,1943,28080,169,101473,35.00,-7.22,-4.97
271905,1778,28080,170,101544,35.00,-7.22,-4.94
271927,1901,28080,175,101600,35.00,-7.22,-5.00
271949,2100,28080,165,101664,35.00,-7.23,-4.96
271971,2101,28080,159,101717,35.00,-7.22,-5.01
271993,2166,28080,137,101771,35.00,-7.19,-4.99
272530,2140,28080,139,101812,35.32,-7.22,-4.98
272560,1755,27312,133,101616,35.00,-7.25,-4.96
272582,1353,27312,139,101660,35.00,-7.21,-4.96
272604,1689,28080,163,101722,35.00,-7.25,-4.96
272626,1705,28080,173,101765,35.00,-7.24,-4.96
272648,1992,28080,175,101819,35.00,-7.21,-4.97
272670,1949,28080,169,101880,35.00,-7.23,-4.97
272692,2299,28080,159,101933,35.00,-7.23,-4.96
272714,2331,28080,148,101994,35.00,-7.21,-4.99
272736,2399,28592,143,102030,35.00,-7.24,-4.94
272778,1695,28592,133,101706,35.00,-7.22,-4.96
272800,1809,28592,141,101332,35.00,-7.21,-4.96
272822,2827,28592,171,101002,35.00,-7.24,-4.95
272844,1833,28592,172,100770,35.00,-7.25,-4.99
272866,1762,28592,169,100656,35.00,-7.25,-4.99
272888,2027,28592,183,100558,35.00,-7.23,-4.99
272910,2084,28592,179,100503,35.00,-7.22,-4.94
272932,2079,28592,155,100464,35.00,-7.23,-4.95
272954,2207,28784,149,100481,35.00,-7.22,-4.99
272976,2123,28784,141,100559,35.00,-7.23,-5.01
273551,2054,28784,143,100854,35.54,-7.27,-4.94
273581,1904,28592,165,100704,35.00,-7.23,-4.95
273603,1657,28784,153,100613,35.00,-7.20,-4.96
273625,1748,28784,179,100543,35.00,-7.20,-4.98
273647,1736,28784,181,100501,35.00,-7.24,-4.96
273669,1845,28784,187,100504,35.00,-7.20,-4.95
273691,1992,28784,183,100576,35.00,-7.23,-4.95
273713,2215,28784,171,100696,35.00,-7.23,-5.02
273735,1129,28784,124,100797,35.00,-7.27,-4.96
273757,3739,29296,191,100857,35.00,-7.25,-4.96
273779,2058,29296,147,100904,35.00,-7.25,-4.99
273820,2172,29296,163,101050,35.00,-7.22,-5.00
273842,1831,29296,155,101097,35.00,-7.19,-4.98
273864,1661,29296,166,101151,35.00,-7.23,-4.98
273886,1561,29296,169,101201,35.00,-7.24,-4.96
273908,1465,28784,169,101262,35.00,-7.24,-4.96
273930,1541,29296,163,101314,35.00,-7.21,-4.98
273952,1689,29296,155,101381,35.00,-7.22,-4.96
273974,1624,29296,149,101443,35.00,-7.21,-4.96
273996,1797,29296,136,101519,35.00,-7.24,-4.97
274573,1740,29296,133,101573,35.98,-7.21,-4.98
274604,2105,28784,149,101089,35.00,-7.21,-4.99
274626,1587,29296,153,101160,35.00,-7.21,-4.95
274648,1613,29296,153,101224,35.00,-7.19,-4.96
274670,1589,29296,155,101300,35.00,-7.25,-4.94
274692,1529,29296,146,101357,35.00,-7.22,-4.97
274714,1710,29296,143,101417,35.00,-7.22,-4.99
274736,1778,29296,125,101478,35.00,-7.22,-4.98
274758,1867,29296,123,101522,35.00,-7.27,-4.96
274780,1749,29296,119,101562,35.00,-7.22,-4.98
274823,1769,29296,125,101716,35.00,-7.22,-5.01
274845,1493,29296,135,101786,35.00,-7.24,-4.96
274867,1401,29296,152,101856,35.00,-7.22,-4.95
274889,1562,29296,159,101890,35.00,-7.25,-4.98
274911,1621,29296,152,101932,35.00,-7.19,-4.99
274933,1726,29296,153,101892,35.00,-7.27,-4.98
274955,1845,29296,138,101649,35.00,-7.22,-4.95
274977,1893,29296,119,101267,35.00,-7.23,-4.97
274999,2075,29296,120,100891,35.00,-7.22,-4.99
275021,1996,29296,115,100650,35.00,-7.25,-4.97
275063,1678,29296,119,100300,35.00,-7.24,-4.98
275085,1555,29296,120,100230,35.00,-7.24,-4.95
275107,1336,29296,138,100231,35.00,-7.21,-4.96
275129,1368,29296,140,100282,35.00,-7.23,-4.97
275151,1481,29296,151,100404,35.00,-7.21,-4.95
275173,1623,29296,147,100533,35.00,-7.20,-4.98
275195,1811,29296,137,100638,35.00,-7.24,-4.98
275217,1668,29296,109,100706,35.00,-7.23,-4.98
275239,1591,29296,109,100756,35.00,-7.23,-5.02
275261,1613,29296,100,100801,35.00,-7.24,-4.96
275283,1547,28784,107,100877,35.00,-7.24,-4.96
275324,1459,28784,117,101054,35.00,-7.28,-4.98
275346,1621,28784,127,101159,35.00,-7.24,-5.00
275368,1529,28784,146,101239,35.00,-7.23,-4.97
275390,1785,28784,158,101306,35.00,-7.24,-4.97
275412,1981,28784,165,101387,35.00,-7.24,-5.03
275434,2123,29296,151,101452,35.00,-7.20,-4.98
275456,2221,29296,148,101527,35.00,-7.24,-4.97
275478,2183,29296,135,101589,35.00,-7.23,-4.96
275500,2957,29296,153,101647,35.00,-7.21,-4.97
275522,2205,29296,123,101708,35.00,-7.25,-4.92
275564,2092,29296,157,101911,35.00,-7.24,-4.98
275586,2003,29296,152,101973,35.00,-7.24,-4.96
275608,1952,30064,155,102029,35.00,-7.24,-4.96
275630,1993,30064,175,102069,35.00,-7.25,-4.95
275652,2127,29296,163,102054,35.00,-7.24,-4.95
275674,2186,30064,175,101891,35.00,-7.24,-4.98
275696,2293,30064,159,101516,35.00,-7.21,-4.97
275718,2389,30064,153,101112,35.00,-7.22,-5.01
275740,2387,30064,146,100806,35.00,-7.28,-4.96
275762,2301,29296,139,100631,35.00,-7.24,-4.97
275784,2085,29296,145,100507,35.00,-7.23,-4.98
275825,1961,30064,156,100288,35.00,-7.22,-4.94
275847,1739,29296,156,100317,35.00,-7.23,-4.97
275869,1674,29296,172,100408,35.00,-7.24,-4.98
275891,1627,29296,172,100542,35.00,-7.24,-4.99
275913,1741,29296,175,100651,35.00,-7.24,-4.97
275935,1824,30064,165,100715,35.00,-7.24,-4.96
275957,1847,30064,157,100775,35.00,-7.20,-4.94
275979,1753,30064,136,100818,35.00,-7.24,-5.00
276360,1767,30064,135,100878,36.84,-7.21,-4.98
276388,1075,30064,101,102095,35.00,-7.24,-4.95
276410,841,30064,133,101890,35.00,-7.25,-4.94
276432,1131,29296,141,101509,35.00,-7.22,-4.97
276454,1310,29296,141,101119,35.00,-7.19,-4.98
276476,1497,29296,135,100837,35.00,-7.21,-4.98
276498,1898,30064,125,100665,35.00,-7.23,-4.98
276520,1799,30064,107,100549,35.00,-7.24,-4.96
276542,1721,30064,107,100452,35.00,-7.24,-4.93
276564,1489,30064,107,100385,35.00,-7.23,-4.95
276586,1519,30064,117,100376,35.00,-7.23,-4.97
276627,1661,30064,141,100628,35.00,-7.22,-5.00
276649,1407,30064,139,100739,35.00,-7.26,-4.97
276671,1566,30064,153,100794,35.00,-7.23,-4.98
276693,1173,30064,140,100857,35.00,-7.24,-4.97
276715,857,29296,123,100905,35.00,-7.24,-4.93
276737,1355,29296,117,100959,35.00,-7.21,-5.01
276759,1614,28784,105,101008,35.00,-7.22,-4.96
276781,1619,28784,99,101064,35.00,-7.19,-4.97
276803,1671,28784,100,101117,35.00,-7.23,-4.93
276825,1719,28784,107,101188,35.00,-7.23,-5.01
276867,1489,28784,118,101378,35.00,-7.23,-4.97
276889,1971,28784,151,101445,35.00,-7.23,-4.98
276911,1605,28784,155,101511,35.00,-7.21,-4.96
276933,1785,28784,166,101564,35.00,-7.23,-5.00
276955,2300,28784,173,101606,35.00,-7.26,-4.92
276977,2393,29296,168,101657,35.00,-7.24,-4.95
276999,2292,29296,125,101704,35.00,-7.23,-4.94
277021,1976,29296,114,101754,35.00,-7.22,-4.95
277043,2313,29296,149,101805,35.00,-7.22,-4.97
277065,1884,29296,106,101861,35.00,-7.25,-5.00
277087,1610,29296,137,101913,35.00,-7.24,-4.97
277128,1703,29296,127,101968,35.00,-7.24,-5.00
277150,1705,28784,151,101763,35.00,-7.25,-4.96
277172,1545,28784,149,101387,35.00,-7.21,-5.02
277194,1779,28592,163,100978,35.00,-7.22,-4.99
277216,2009,28592,155,100691,35.00,-7.22,-4.98
277238,2333,28592,155,100505,35.00,-7.26,-4.97
277260,2452,28592,140,100400,35.00,-7.21,-4.97
277282,1864,28592,143,100312,35.00,-7.22,-4.95
277304,2293,28784,126,100249,35.00,-7.22,-5.02
277326,2356,28784,141,100230,35.00,-7.22,-5.01
277369,2059,28784,145,100519,35.00,-7.23,-4.98
277391,2227,28784,181,100625,35.00,-7.21,-4.96
277413,1846,28784,183,100695,35.00,-7.21,-4.97
277435,3099,28784,204,100740,35.00,-7.26,-4.98
277457,2427,28784,187,100792,35.00,-7.22,-4.97
277479,2633,28784,176,100857,35.00,-7.27,-4.96
277501,2524,29296,156,100919,35.00,-7.24,-5.03
277523,2485,29296,159,101000,35.00,-7.24,-4.98
277545,2431,29296,165,101064,35.00,-7.24,-4.97
277567,2283,29296,175,101143,35.00,-7.20,-4.95
277609,3167,29296,213,101370,35.00,-7.20,-4.96
277631,2467,29296,221,101431,35.00,-7.21,-4.96
277653,2297,29296,231,101499,35.00,-7.22,-4.97
277675,2223,29296,223,101565,35.00,-7.22,-4.97
277697,2232,29296,206,101628,35.00,-7.24,-4.96
277719,2221,30064,189,101682,35.00,-7.24,-4.98
277741,2013,30064,159,101742,35.00,-7.23,-5.00
277763,1847,30064,153,101804,35.00,-7.24,-4.98
277785,1686,30064,137,101871,35.00,-7.22,-4.98
277807,1499,30064,141,101952,35.00,-7.27,-4.99
277829,1231,30064,149,102015,35.00,-7.24,-4.96
277870,1079,30064,163,102082,35.00,-7.24,-4.96
277892,845,30064,153,101878,35.00,-7.23,-4.95
277914,717,29296,153,101497,35.00,-7.26,-4.97
277936,730,29296,142,101098,35.00,-7.23,-5.00
277958,789,29296,133,100826,35.00,-7.26,-4.94
277980,751,29296,114,100651,35.00,-7.19,-5.00
278402,879,29296,104,100532,36.04,-7.19,-4.94
278431,2747,30064,152,101893,35.00,-7.23,-4.97
278453,2443,30064,183,101949,35.00,-7.23,-5.00
278475,2617,30064,199,102009,35.00,-7.18,-4.98
278497,2812,30064,202,102067,35.00,-7.22,-4.96
278519,2793,30064,187,102138,35.00,-7.24,-4.96
278541,2904,30064,178,102200,35.00,-7.23,-5.00
278563,2927,30064,169,102279,35.00,-7.22,-4.97
278585,2612,30064,151,102331,35.00,-7.21,-4.96
278607,2615,30064,153,102387,35.00,-7.24,-4.96
278629,2190,30064,147,102365,35.00,-7.20,-4.95
278651,1851,30064,151,102169,35.00,-7.24,-4.97
278692,1703,29296,158,101075,35.00,-7.20,-4.94
278714,1316,29296,159,100902,35.00,-7.23,-4.95
278736,1322,29296,158,100771,35.00,-7.25,-4.97
278758,1173,29296,157,100659,35.00,-7.24,-4.98
278780,1295,30064,147,100577,35.00,-7.25,-5.00
278802,1366,30064,125,100544,35.00,-7.23,-4.93
278824,1547,30064,116,100573,35.00,-7.21,-4.96
278846,1389,30576,107,100676,35.00,-7.25,-4.96
278868,1193,30576,109,100822,35.00,-7.23,-4.99
278890,1005,30064,120,100934,35.00,-7.21,-4.99
278932,959,30576,128,101142,35.00,-7.25,-4.95
278954,1252,30576,138,101202,35.00,-7.23,-4.94
278976,1325,30576,153,101271,35.00,-7.20,-5.01
278998,1497,30576,157,101351,35.00,-7.17,-4.95
279020,1496,30064,147,101419,35.00,-7.21,-4.96
279042,2103,30576,145,101494,35.00,-7.17,-4.97
279064,2386,30576,135,101568,35.00,-7.20,-4.94
279086,2553,30576,136,101654,35.00,-7.20,-4.97
279108,2339,30576,137,101723,35.00,-7.25,-4.95
279130,2222,30576,148,101802,35.00,-7.24,-4.98
279152,2255,30576,159,101866,35.00,-7.22,-4.95
279193,2274,30576,185,102034,35.00,-7.21,-5.00
279215,2379,30576,187,102078,35.00,-7.24,-4.98
279237,2489,30576,201,102132,35.00,-7.22,-5.00
279259,2663,30576,197,102194,35.00,-7.23,-4.95
279281,2760,30576,191,102268,35.00,-7.21,-4.95
279303,2814,30960,179,102314,35.00,-7.20,-4.99
279325,2835,30960,174,102369,35.00,-7.24,-4.95
279347,2699,30960,171,102402,35.00,-7.22,-4.92
279369,2521,30960,173,102366,35.00,-7.23,-4.98
279391,2439,30576,182,102132,35.00,-7.23,-4.97
279434,2136,30576,201,101034,35.00,-7.24,-4.98
279456,2067,30576,205,100853,35.00,-7.21,-4.96
279478,2239,30576,218,100712,35.00,-7.23,-4.97
279500,2367,30576,205,100575,35.00,-7.24,-4.96
279522,2257,30576,201,100461,35.00,-7.23,-4.97
279544,2265,30576,175,100416,35.00,-7.23,-4.94
279566,2157,30576,172,100432,35.00,-7.25,-4.99
279588,1894,30960,157,100526,35.00,-7.24,-4.98
279610,1597,30960,165,100650,35.00,-7.24,-4.97
279632,1293,30960,158,100764,35.00,-7.22,-4.94
279674,1110,30960,179,100954,35.00,-7.24,-4.99
279696,1019,30576,178,100999,35.00,-7.23,-4.98
279718,1173,30960,180,101065,35.00,-7.23,-4.97
279740,925,30960,168,101135,35.00,-7.23,-5.00
279762,1012,30960,148,101203,35.00,-7.21,-4.94
279784,1145,30960,134,101259,35.00,-7.20,-5.00
279806,891,30960,117,101339,35.00,-7.19,-4.99
279828,817,30960,105,101409,35.00,-7.24,-4.94
279850,621,30960,109,101491,35.00,-7.24,-4.99
279872,360,30576,109,101552,35.00,-7.20,-4.97
279894,339,30960,121,101626,35.00,-7.25,-4.96
279935,349,30960,133,101762,35.00,-7.22,-4.96
279957,406,30960,123,101831,35.00,-7.22,-4.99
279979,697,30960,137,101903,35.00,-7.20,-4.96
280700,858,30960,117,101958,36.14,-7.21,-4.94
280737,1683,29296,174,101849,35.00,-7.25,-4.99
280759,1200,29296,180,101923,35.00,-7.22,-4.96
280781,1177,30064,165,102003,35.00,-7.24,-4.97
280803,1054,30064,153,102046,35.00,-7.23,-5.01
280825,1085,30064,141,102076,35.00,-7.22,-5.00
280847,1245,30064,125,101968,35.00,-7.19,-4.95
280869,1239,30064,121,101653,35.00,-7.21,-4.97
280891,1467,30064,140,101240,35.00,-7.21,-4.96
280913,2217,30064,175,100882,35.00,-7.25,-5.01
280935,3513,30064,229,100665,35.00,-7.23,-4.98
280977,874,30064,184,100317,35.00,-7.25,-4.97
280999,851,30064,171,100253,35.00,-7.20,-4.97
281021,989,30576,169,100259,35.00,-7.24,-4.93
281043,1460,30576,157,100331,35.00,-7.18,-5.02
281065,1397,30576,152,100467,35.00,-7.19,-4.99
281087,1225,30576,133,100601,35.00,-7.22,-4.94
281109,1381,30576,121,100704,35.00,-7.32,-5.02
281131,1614,30576,127,100779,35.00,-7.32,-5.04
281153,1577,30576,147,100840,35.00,-7.20,-5.02
281175,1163,30576,147,100904,35.00,-7.19,-4.97
281197,1207,30960,164,100987,35.00,-7.24,-5.00
281238,1545,30960,174,101178,35.00,-7.20,-4.99
281260,1643,30960,185,101267,35.00,-7.24,-4.97
281282,1928,30960,184,101351,35.00,-7.24,-4.99
281304,2053,30960,181,101421,35.00,-7.19,-4.98
281326,2057,30960,159,101503,35.00,-7.23,-5.00
281348,2107,30960,153,101570,35.00,-7.25,-4.92
281370,2075,30960,149,101647,35.00,-7.24,-4.94
281392,1879,30960,148,101713,35.00,-7.19,-4.99
281414,1737,30960,153,101781,35.00,-7.20,-4.99
281436,1553,30960,157,101844,35.00,-7.25,-4.98
281478,1467,30960,170,102044,35.00,-7.22,-4.99
281500,1495,30960,170,102119,35.00,-7.20,-5.04
281522,1486,30960,170,102194,35.00,-7.24,-4.94
281544,1545,30960,165,102246,35.00,-7.23,-4.98
281566,1609,30960,147,102281,35.00,-7.23,-4.94
281588,1621,30960,140,102171,35.00,-7.21,-5.01
281610,1595,30960,125,101836,35.00,-7.24,-4.98
281632,1493,30960,123,101423,35.00,-7.21,-4.95
281654,1321,30960,133,101053,35.00,-7.22,-4.96
281676,1235,30960,139,100818,35.00,-7.25,-4.96
281698,1228,30960,155,100669,35.00,-7.20,-4.93
281739,1371,30960,163,100370,35.00,-7.19,-4.92
281761,1311,30960,159,100355,35.00,-7.22,-4.97
281783,1427,30960,152,100408,35.00,-7.20,-4.95
281805,1592,30960,140,100539,35.00,-7.16,-4.93
281827,1896,30960,142,100683,35.00,-7.17,-4.94
281849,1821,30960,125,100771,35.00,-7.14,-4.93
281871,1703,31472,121,100843,35.00,-7.25,-4.98
281893,1769,30960,123,100893,35.00,-7.25,-5.00
281915,1677,30960,146,100946,35.00,-7.21,-5.00
281937,1615,30960,146,101013,35.00,-7.20,-4.98
281980,1553,30960,158,101219,35.00,-7.25,-4.95
282742,1675,30960,165,101295,35.31,-7.34,-5.07
282782,1751,30960,163,101435,35.00,-7.24,-4.95
282804,887,30576,131,101511,35.00,-7.22,-4.96
282826,1971,30576,149,101594,35.00,-7.23,-4.97
282848,2377,30576,141,101665,35.00,-7.23,-4.93
282870,2555,30064,140,101729,35.00,-7.19,-4.96
282892,2281,30064,135,101786,35.00,-7.24,-4.95
282914,2522,30576,153,101854,35.00,-7.22,-5.01
282936,2363,30576,157,101919,35.00,-7.22,-4.97
282958,2099,30576,169,101967,35.00,-7.21,-5.02
282980,1679,30576,175,102037,35.00,-7.23,-4.99
283022,1407,30576,175,102253,35.00,-7.26,-5.01
283044,1816,30960,175,102304,35.00,-7.25,-4.95
283066,1939,30960,165,102328,35.00,-7.25,-4.95
283088,2319,30960,165,102246,35.00,-7.22,-4.98
283110,2167,30960,147,101963,35.00,-7.23,-5.01
283132,2085,30960,149,101537,35.00,-7.24,-5.01
283154,1897,30576,139,101161,35.00,-7.24,-4.92
283176,1811,30576,141,100903,35.00,-7.19,-4.97
283198,1613,30576,154,100737,35.00,-7.20,-5.01
283220,1595,30576,167,100618,35.00,-7.19,-5.00
283263,1614,30576,173,100416,35.00,-7.21,-4.97
283285,1699,30576,179,100480,35.00,-7.24,-5.00
283307,1836,30960,159,100605,35.00,-7.22,-5.01
283329,1963,30960,149,100742,35.00,-7.22,-5.00
283351,1842,30960,137,100839,35.00,-7.25,-4.95
283373,1893,30960,127,100897,35.00,-7.23,-4.98
283395,1887,30960,133,100954,35.00,-7.22,-4.94
283417,1726,30960,144,101017,35.00,-7.19,-4.93
283439,1659,30960,154,101079,35.00,-7.25,-5.02
283461,1611,30960,159,101140,35.00,-7.24,-4.99
283503,1661,30960,170,101360,35.00,-7.23,-4.98
283525,1759,30960,169,101426,35.00,-7.23,-4.97
283547,1823,30960,158,101496,35.00,-7.24,-4.96
283569,1893,30960,155,101575,35.00,-7.22,-4.98
283591,1982,30960,140,101638,35.00,-7.27,-4.99
283613,2002,31472,134,101700,35.00,-7.18,-4.97
283635,1896,30960,131,101778,35.00,-7.26,-5.00
283657,1753,30960,141,101825,35.00,-7.25,-4.98
283679,1615,30960,142,101875,35.00,-7.21,-5.00
283701,1609,30960,169,101930,35.00,-7.24,-5.01
283723,1561,30960,170,101989,35.00,-7.25,-4.93
283764,1607,30960,175,102162,35.00,-7.24,-4.99
283786,1597,30960,168,102228,35.00,-7.22,-4.96
283808,1711,30960,158,102267,35.00,-7.25,-4.96
283830,1789,30960,157,102289,35.00,-7.24,-4.96
283852,1803,30960,141,102194,35.00,-7.23,-4.97
283874,1855,30960,135,101860,35.00,-7.24,-5.00
283896,1772,30576,135,101441,35.00,-7.23,-5.00
283918,1641,30576,148,101057,35.00,-7.23,-4.93
283940,1640,30576,159,100824,35.00,-7.22,-5.00
283962,1577,30576,167,100677,35.00,-7.23,-4.98
284529,1554,30576,170,100423,35.41,-7.23,-4.98
284566,2446,30960,171,102078,35.00,-7.21,-4.99
284588,2082,30576,179,102031,35.00,-7.24,-4.97
284610,2251,30576,175,101784,35.00,-7.26,-4.98
284632,2163,30576,149,101358,35.00,-7.23,-4.99
284654,2268,30576,160,100927,35.00,-7.22,-4.98
284676,2397,30576,157,100609,35.00,-7.23,-4.96
284698,1812,30576,142,100404,35.00,-7.19,-5.00
284720,1337,30576,147,100252,35.00,-7.25,-4.97
284742,959,30576,145,100127,35.00,-7.23,-4.98
284764,1111,30064,155,100025,35.00,-7.24,-5.02
284806,2053,30064,173,100066,35.00,-7.23,-5.01
284828,2315,30576,174,100164,35.00,-7.23,-4.96
284850,532,30576,119,100240,35.00,-7.23,-4.94
284872,1903,30576,151,100282,35.00,-7.22,-4.96
284894,1341,30064,121,100315,35.00,-7.23,-4.99
284916,1687,30064,157,100349,35.00,-7.22,-4.97
284938,2509,30064,199,100408,35.00,-7.25,-4.96
284960,2259,30064,186,100452,35.00,-7.21,-4.96
284982,1258,30064,163,100507,35.00,-7.24,-4.96
285550,2207,30064,187,100570,36.22,-7.22,-4.97
285588,0,30064,35,100164,35.00,-7.24,-4.96
285610,0,30064,45,100244,35.00,-7.21,-4.96
285632,0,30064,52,100301,35.00,-7.24,-4.98
285654,0,30064,68,100368,35.00,-7.23,-4.92
285676,1117,30064,103,100444,35.00,-7.24,-4.96
285698,1859,30576,101,100519,35.00,-7.25,-4.97
285720,2139,30576,115,100610,35.00,-7.22,-4.96
285742,2173,30576,117,100691,35.00,-7.23,-4.96
285764,2267,30576,120,100771,35.00,-7.21,-4.95
285786,1495,30064,111,100867,35.00,-7.21,-4.94
285808,1379,30576,89,100965,35.00,-7.22,-4.97
285849,1673,30576,89,101204,35.00,-7.23,-4.97
285871,1045,30576,41,101300,35.00,-7.20,-4.94
285893,1101,30960,41,101368,35.00,-7.24,-4.95
285915,1343,30960,31,101420,35.00,-7.25,-4.98
285937,1211,30960,41,101477,35.00,-7.28,-4.96
285959,1327,30960,45,101543,35.00,-7.23,-4.96
285981,1641,30960,69,101612,35.00,-7.21,-4.98
286572,1903,30960,88,101680,35.75,-7.28,-4.95
286611,2003,30960,121,101109,35.00,-7.22,-4.97
286633,1575,30960,181,101174,35.00,-7.25,-4.98
286655,1951,30960,127,101237,35.00,-7.25,-4.92
286677,1613,30960,121,101288,35.00,-7.23,-4.99
286699,1957,30960,143,101340,35.00,-7.23,-4.93
286721,1807,30960,125,101403,35.00,-7.24,-4.96
286743,1765,30960,149,101476,35.00,-7.23,-4.96
286765,1559,30960,142,101523,35.00,-7.19,-4.97
286787,1128,30960,143,101572,35.00,-7.21,-4.99
286809,931,30960,153,101553,35.00,-7.25,-4.93
286851,1167,30960,153,100572,35.00,-7.24,-4.98
286873,1553,30960,151,100246,35.00,-7.26,-4.97
286895,1716,30960,142,100054,35.00,-7.24,-5.01
286917,286,30960,108,99930,35.00,-7.19,-5.00
286939,1785,30960,133,99828,35.00,-7.24,-4.94
286961,1624,30960,123,99746,35.00,-7.27,-4.95
286983,1560,30960,136,99714,35.00,-7.23,-4.97
287345,553,30960,123,99717,36.25,-7.24,-4.96
287373,1591,30576,158,101060,35.00,-7.23,-4.96
287395,1707,30576,141,101133,35.00,-7.24,-4.98
287417,1831,30960,136,101205,35.00,-7.23,-4.96
287439,1809,30960,123,101267,35.00,-7.25,-4.95
287461,1715,30960,117,101339,35.00,-7.25,-4.94
287483,1677,30960,121,101390,35.00,-7.19,-4.97
287505,1711,30960,143,101444,35.00,-7.23,-4.99
287527,1587,30960,147,101436,35.00,-7.21,-5.01
287549,1485,30960,165,101228,35.00,-7.25,-4.98
287571,1496,30960,159,100853,35.00,-7.26,-4.97
287613,1716,30960,165,100054,35.00,-7.26,-5.01
287635,1765,30960,151,99943,35.00,-7.24,-4.98
287657,1845,31472,139,99868,35.00,-7.22,-4.97
287679,3801,31472,172,99824,35.00,-7.22,-4.98
287701,3767,31472,153,99808,35.00,-7.17,-4.98
287723,2122,31472,135,99845,35.00,-7.23,-4.96
287745,3341,31472,171,99972,35.00,-7.22,-4.94
287767,1447,31472,123,100119,35.00,-7.23,-4.98
287789,1133,31472,155,100240,35.00,-7.26,-4.95
287811,1447,30960,160,100317,35.00,-7.23,-4.95
287854,1683,30960,155,100492,35.00,-7.22,-4.96
287876,1707,30576,141,100581,35.00,-7.21,-5.00
287898,1633,30576,135,100661,35.00,-7.24,-4.99
287920,1405,30576,122,100737,35.00,-7.24,-4.98
287942,1640,30576,119,100808,35.00,-7.28,-4.97
287964,1385,30064,115,100887,35.00,-7.24,-4.99
287986,1194,30064,137,100979,35.00,-7.20,-4.97
288359,893,30064,143,101063,35.05,-7.22,-4.97
288395,1903,30064,136,99963,35.00,-7.24,-4.95
288417,1847,30064,153,99954,35.00,-7.22,-4.96
288439,1823,30064,135,99996,35.00,-7.22,-4.99
288461,1894,30576,134,100114,35.00,-7.23,-4.96
288483,2055,30064,135,100250,35.00,-7.20,-4.98
288505,1823,30064,127,100341,35.00,-7.22,-4.98
288527,1526,30064,145,100426,35.00,-7.19,-4.95
288549,1620,30576,155,100492,35.00,-7.22,-4.98
288571,1554,30576,159,100554,35.00,-7.21,-4.99
288593,1379,30064,158,100621,35.00,-7.24,-4.96
288636,1299,30576,149,100826,35.00,-7.24,-4.99
288658,1389,30576,125,100895,35.00,-7.24,-4.98
288680,1295,30576,109,100986,35.00,-7.23,-4.95
288702,1365,30576,107,101054,35.00,-7.23,-4.93
288724,939,30576,99,101126,35.00,-7.25,-4.95
288746,0,30576,67,101195,35.00,-7.23,-4.98
288768,0,30064,63,101271,35.00,-7.24,-4.98
288790,119,30064,93,101335,35.00,-7.21,-4.98
288812,1607,29296,111,101389,35.00,-7.24,-4.96
288834,1915,28784,123,101440,35.00,-7.23,-4.93
288876,2246,28784,135,101663,35.00,-7.24,-4.98
288898,2815,28784,148,101712,35.00,-7.20,-4.97
288920,2827,28784,139,101772,35.00,-7.27,-5.02
288942,2869,28592,134,101800,35.00,-7.23,-4.93
288964,3065,28592,139,101727,35.00,-7.24,-4.95
288986,3068,28592,147,101422,35.00,-7.18,-5.00
289380,2577,28592,149,101029,35.78,-7.22,-4.98
289418,3273,29296,145,101058,35.00,-7.20,-4.98
289440,3771,29296,175,101134,35.00,-7.22,-4.96
289462,2343,29296,138,101220,35.00,-7.20,-4.94
289484,3023,30064,155,101282,35.00,-7.20,-4.96
289506,2183,29296,123,101340,35.00,-7.26,-4.98
289528,955,29296,117,101389,35.00,-7.22,-4.96
289550,635,29296,119,101447,35.00,-7.22,-4.96
289572,1529,29296,147,101526,35.00,-7.24,-4.93
289594,1055,30064,125,101582,35.00,-7.21,-4.98
289616,0,30064,107,101647,35.00,-7.25,-4.98
289658,619,30064,117,101799,35.00,-7.24,-4.96
289680,1875,30064,120,101766,35.00,-7.26,-4.99
289702,1544,30064,91,101546,35.00,-7.20,-4.94
289724,1749,29296,104,101166,35.00,-7.25,-4.94
289746,2253,29296,115,100767,35.00,-7.20,-5.02
289768,2367,28784,135,100467,35.00,-7.20,-4.96
289790,2109,28784,131,100298,35.00,-7.24,-4.95
289812,1848,28592,149,100164,35.00,-7.22,-4.94
289834,2555,28080,175,100054,35.00,-7.25,-4.96
289856,3805,26800,189,99981,35.00,-7.19,-4.99
289899,3807,26800,179,100074,35.00,-7.25,-4.97
289921,3787,26416,169,100209,35.00,-7.22,-4.95
289943,0,26416,103,100328,35.00,-7.20,-4.96
289965,0,26416,107,100385,35.00,-7.19,-5.02
289987,0,26416,110,100432,35.00,-7.23,-5.00
290402,0,26416,102,100456,36.65,-7.22,-4.98
290440,0,26800,95,101238,35.00,-7.24,-4.96
290462,0,26800,101,100838,35.00,-7.20,-4.98
290484,109,26800,99,100459,35.00,-7.24,-4.99
290506,0,26800,93,100189,35.00,-7.24,-4.94
290528,0,26800,69,100043,35.00,-7.23,-5.00
290550,0,26800,110,99931,35.00,-7.25,-4.96
290572,0,27312,125,99840,35.00,-7.22,-4.94
290594,0,27312,138,99783,35.00,-7.20,-4.98
290616,0,26800,149,99780,35.00,-7.24,-4.96
290638,0,26800,147,99840,35.00,-7.21,-4.93
290681,3283,27312,219,100167,35.00,-7.25,-4.95
290703,0,27312,105,100225,35.00,-7.23,-4.96
290725,0,27312,119,100270,35.00,-7.20,-4.96
290747,3811,27312,160,100315,35.00,-7.22,-4.98
290769,3797,27312,169,100360,35.00,-7.20,-4.98
290791,3805,27312,181,100427,35.00,-7.22,-4.98
290813,0,27312,149,100487,35.00,-7.25,-4.99
290835,1843,27312,199,100552,35.00,-7.23,-4.96
290857,2453,27312,189,100616,35.00,-7.24,-4.96
290879,1092,27312,157,100691,35.00,-7.20,-4.95
290921,2507,28080,189,100880,35.00,-7.22,-4.96
290943,1459,27312,141,100928,35.00,-7.22,-4.98
290965,1403,27312,137,100986,35.00,-7.25,-4.94
290987,329,27312,116,101049,35.00,-7.22,-4.99
291422,0,27312,117,101096,35.80,-7.21,-4.96
291462,1228,27312,110,100350,35.00,-7.23,-4.95
291484,1877,27312,121,100416,35.00,-7.22,-4.98
291506,1977,27312,133,100480,35.00,-7.22,-4.97
291528,2569,26800,136,100525,35.00,-7.25,-5.00
291550,2020,26800,133,100593,35.00,-7.20,-4.96
291572,1785,26800,133,100666,35.00,-7.21,-4.97
291594,1787,26800,155,100721,35.00,-7.24,-4.97
291616,1386,26800,151,100775,35.00,-7.23,-4.96
291638,1565,26800,159,100820,35.00,-7.20,-4.95
291660,1611,26800,157,100872,35.00,-7.22,-4.97
291682,1479,26800,147,100939,35.00,-7.23,-4.98
291723,1557,26800,141,101060,35.00,-7.23,-4.98
291745,1895,26800,139,101096,35.00,-7.26,-4.97
291767,2403,26800,136,101144,35.00,-7.24,-4.98
291789,2262,27312,125,101199,35.00,-7.26,-4.97
291811,1885,27312,135,101256,35.00,-7.22,-4.98
291833,1707,27312,136,101301,35.00,-7.26,-4.96
291855,1449,26800,149,101358,35.00,-7.22,-4.96
291877,1401,26800,163,101339,35.00,-7.24,-4.98
291899,855,26800,156,101146,35.00,-7.24,-4.95
291921,793,26800,156,100774,35.00,-7.21,-4.98
291964,2635,26800,171,99937,35.00,-7.24,-4.98
291986,2156,26800,139,99834,35.00,-7.23,-4.97
292700,2297,26800,145,99749,35.75,-7.22,-4.98
292725,2065,26800,141,99873,35.00,-7.24,-4.97
292747,2075,26800,128,99787,35.00,-7.20,-4.98
292769,2547,26800,136,99732,35.00,-7.22,-4.95
292791,2394,26800,126,99733,35.00,-7.24,-4.95
292813,2515,26800,140,99815,35.00,-7.27,-4.97
292835,2479,26800,153,99934,35.00,-7.24,-4.96
292857,2296,26800,168,100050,35.00,-7.21,-4.97
292879,2133,26800,179,100120,35.00,-7.19,-5.00
292901,2323,26800,183,100169,35.00,-7.23,-4.99
292923,2504,26800,181,100220,35.00,-7.24,-4.97
292945,2702,26800,175,100282,35.00,-7.24,-5.00
292986,2885,26800,179,100443,35.00,-7.24,-4.96
293721,3157,26800,175,100514,35.51,-7.22,-5.01
293748,1323,26416,157,100510,35.00,-7.23,-4.98
293770,1724,26416,120,100583,35.00,-7.20,-4.99
293792,1737,26416,120,100661,35.00,-7.21,-4.97
293814,1523,26416,114,100726,35.00,-7.25,-5.00
293836,1189,26416,117,100788,35.00,-7.21,-4.96
293858,1015,26416,123,100848,35.00,-7.24,-4.96
293880,1041,26416,147,100894,35.00,-7.21,-4.97
293902,1161,26416,155,100948,35.00,-7.24,-4.96
293924,1449,26416,164,101000,35.00,-7.21,-4.98
293946,1597,26416,151,101047,35.00,-7.24,-4.97
293988,1939,26416,151,101229,35.00,-7.27,-4.96
294743,1951,26416,133,101286,35.82,-7.22,-4.99
294770,1839,26416,171,106822,35.00,-7.21,-4.96
294792,2421,26416,140,106512,35.00,-7.22,-4.95
294814,1307,26416,118,105921,35.00,-7.24,-4.97
294836,2164,26416,151,105502,35.00,-7.23,-4.98
294858,2135,26416,153,105385,35.00,-7.23,-4.99
294880,1683,26416,149,105405,35.00,-7.23,-4.99
294902,1628,26416,147,105478,35.00,-7.22,-4.96
294924,1407,26416,141,105550,35.00,-7.24,-4.97
294946,1199,26416,148,105638,35.00,-7.22,-4.99
294968,1331,26416,143,105780,35.00,-7.24,-4.95
294990,1752,26416,138,106055,35.00,-7.23,-4.96
295031,1695,26416,121,106963,35.00,-7.19,-4.98
295053,1577,26800,125,107094,35.00,-7.26,-4.97
295075,1489,26800,119,107170,35.00,-7.25,-4.95
295097,1603,26416,124,107265,35.00,-7.27,-4.98
295119,1422,26800,139,107417,35.00,-7.20,-4.97
295141,1147,26416,140,107573,35.00,-7.23,-4.99
295163,1141,26416,147,107727,35.00,-7.24,-4.96
295185,1635,26800,147,107900,35.00,-7.24,-4.95
295207,1363,26800,136,108055,35.00,-7.25,-4.95
295229,1419,26800,120,108193,35.00,-7.24,-5.01
295272,1641,26800,105,108597,35.00,-7.21,-5.00
295294,2283,26416,126,108731,35.00,-7.20,-4.99
295316,2055,26800,121,108863,35.00,-7.20,-4.96
295338,2373,26800,141,108966,35.00,-7.23,-4.93
295360,1688,26416,156,109085,35.00,-7.23,-4.98
295382,1933,26416,169,109201,35.00,-7.21,-4.94
295404,1947,26416,168,109322,35.00,-7.22,-4.95
295426,1891,26416,157,109428,35.00,-7.21,-4.99
295448,1812,26416,147,109512,35.00,-7.21,-4.95
295470,1805,26416,141,109569,35.00,-7.21,-4.96
295512,2031,26800,125,109200,35.00,-7.22,-4.98
295534,2207,26800,137,108515,35.00,-7.21,-4.96
295556,2341,26800,135,107939,35.00,-7.24,-5.01
295578,2040,26416,145,107691,35.00,-7.21,-4.97
295600,1806,26416,165,107581,35.00,-7.23,-4.97
295622,1785,26416,179,107490,35.00,-7.22,-4.96
295644,1879,26416,173,107421,35.00,-7.26,-4.99
295666,1715,26416,171,107408,35.00,-7.24,-4.93
295688,1829,26416,153,107499,35.00,-7.22,-4.97
295710,1701,26416,137,107695,35.00,-7.20,-4.98
295732,1717,26800,137,107940,35.00,-7.21,-4.94
295773,1781,26416,121,108263,35.00,-7.20,-4.95
295795,1933,26416,133,108370,35.00,-7.24,-4.96
295817,2152,26800,137,108498,35.00,-7.21,-4.98
295839,2044,26800,151,108603,35.00,-7.23,-4.96
295861,1911,26800,157,108745,35.00,-7.21,-4.96
295883,1783,26800,173,108885,35.00,-7.18,-4.95
295905,1497,26800,167,109060,35.00,-7.25,-4.98
295927,1421,26800,155,109270,35.00,-7.24,-4.98
295949,1243,26416,136,109487,35.00,-7.24,-4.96
295971,1547,26416,141,109671,35.00,-7.24,-4.94
296530,1739,26416,119,110408,35.74,-7.22,-4.98
296560,1983,25904,141,109285,35.00,-7.22,-4.97
296582,2247,26416,153,109405,35.00,-7.24,-4.99
296604,1573,26416,151,109538,35.00,-7.27,-4.97
296626,1519,26416,169,109638,35.00,-7.27,-4.95
296648,1935,26416,181,109746,35.00,-7.22,-5.00
296670,1850,26416,173,109835,35.00,-7.27,-5.01
296692,1848,26416,153,109939,35.00,-7.24,-5.02
296714,1655,26416,123,110033,35.00,-7.24,-4.97
296755,1573,26416,117,110251,35.00,-7.19,-4.97
296777,1850,26416,126,110299,35.00,-7.21,-4.98
296799,1931,26800,117,110345,35.00,-7.19,-5.00
296821,2078,26416,143,110391,35.00,-7.21,-4.96
296843,2197,26416,154,110471,35.00,-7.24,-4.96
296865,1385,26416,167,110543,35.00,-7.22,-5.00
296887,1715,26416,181,110610,35.00,-7.23,-4.98
296909,1711,26416,159,110645,35.00,-7.20,-4.97
296931,1525,26800,140,110670,35.00,-7.21,-4.94
296953,1485,26416,139,110680,35.00,-7.26,-4.95
296975,1433,26800,120,110635,35.00,-7.24,-4.92
297551,1685,26800,121,108947,36.04,-7.16,-4.94
297581,1951,26800,155,110499,35.00,-7.19,-4.99
297603,1896,26800,136,110555,35.00,-7.26,-4.95
297625,1036,26800,151,110593,35.00,-7.22,-4.97
297647,1609,26800,173,110626,35.00,-7.24,-4.97
297669,1768,26800,174,110664,35.00,-7.19,-4.99
297691,1817,26800,159,110597,35.00,-7.27,-4.96
297713,1452,26800,137,110216,35.00,-7.23,-4.97
297735,1957,26800,150,109401,35.00,-7.21,-4.97
297778,2039,26800,143,108185,35.00,-7.25,-4.94
297800,1901,26800,111,108106,35.00,-7.24,-4.97
297822,1751,26800,119,108050,35.00,-7.24,-4.96
297844,1772,26800,140,108033,35.00,-7.20,-4.98
297866,1556,26800,159,108086,35.00,-7.24,-4.99
297888,969,26800,168,108290,35.00,-7.26,-4.96
297910,1571,26800,184,108581,35.00,-7.24,-4.97
297932,1485,26800,166,108808,35.00,-7.26,-4.94
297954,1575,26800,148,108909,35.00,-7.24,-4.95
297976,1769,26800,147,108952,35.00,-7.26,-4.99
298572,2089,26800,137,109175,35.79,-7.24,-4.97
298602,1774,26800,232,108315,35.00,-7.25,-4.95
298624,2390,26800,199,108638,35.00,-7.21,-4.97
298646,2628,26800,190,108904,35.00,-7.28,-4.96
298668,1993,26800,173,109057,35.00,-7.22,-4.97
298690,1507,27312,159,109133,35.00,-7.21,-4.99
298712,1303,26800,158,109192,35.00,-7.25,-5.00
298734,1557,26800,167,109273,35.00,-7.21,-4.93
298756,1466,26800,163,109361,35.00,-7.24,-4.98
298778,1775,26800,157,109459,35.00,-7.19,-4.97
298820,1853,26800,149,109780,35.00,-7.21,-4.95
298842,2647,26800,136,109882,35.00,-7.25,-4.97
298864,1462,26800,115,109980,35.00,-7.26,-4.95
298886,876,26800,111,110062,35.00,-7.23,-4.96
298908,415,26800,115,110129,35.00,-7.22,-4.98
298930,559,26800,101,110190,35.00,-7.22,-4.96
298952,183,26800,94,110243,35.00,-7.19,-4.98
298974,141,26800,89,110284,35.00,-7.24,-4.95
298996,391,26800,93,110329,35.00,-7.24,-4.96
299594,741,26800,93,110376,35.76,-7.24,-4.92
299625,1555,26800,147,109451,35.00,-7.21,-4.96
299647,1547,26800,124,109502,35.00,-7.22,-4.92
299669,1459,27312,135,109538,35.00,-7.22,-4.98
299691,1413,26800,149,109553,35.00,-7.20,-4.96
299713,1603,27312,155,109596,35.00,-7.23,-4.94
299735,1966,27312,173,109649,35.00,-7.23,-4.96
299757,1525,27312,157,109697,35.00,-7.23,-4.96
299779,2133,26800,163,109772,35.00,-7.26,-5.00
299801,2233,27312,139,109851,35.00,-7.24,-4.97
299842,1589,27312,119,109874,35.00,-7.21,-4.96
299864,2013,27312,120,109505,35.00,-7.27,-4.97
299886,1853,27312,125,108688,35.00,-7.24,-4.91
299908,1587,27312,127,107869,35.00,-7.28,-5.02
299930,1553,26800,143,107527,35.00,-7.27,-4.95
299952,1561,26800,157,107430,35.00,-7.23,-4.94
299974,1644,26800,172,107360,35.00,-7.23,-4.98
299996,2219,27312,181,107322,35.00,-7.23,-4.93
300360,1913,26800,164,107299,35.78,-7.25,-4.97
300388,2825,26800,152,109303,35.00,-7.21,-4.96
300410,2193,27312,147,109386,35.00,-7.22,-4.98
300432,1161,27312,147,109439,35.00,-7.25,-4.98
300454,45,27312,137,109510,35.00,-7.23,-4.99
300476,73,27312,139,109585,35.00,-7.24,-4.97
300498,691,27312,140,109682,35.00,-7.25,-5.02
300520,1365,27312,143,109776,35.00,-7.24,-4.99
300542,2117,27312,151,109844,35.00,-7.23,-4.97
300584,2277,27312,147,109487,35.00,-7.23,-4.97
300606,3749,27312,167,108663,35.00,-7.21,-5.00
300628,3480,27312,167,107864,35.00,-7.22,-4.95
300650,2375,27312,165,107533,35.00,-7.20,-4.99
300672,1775,26800,159,107428,35.00,-7.23,-4.94
300694,469,27312,147,107354,35.00,-7.27,-5.00
300716,0,27312,149,107319,35.00,-7.24,-4.96
300738,200,27312,149,107295,35.00,-7.20,-4.99
300760,1197,27312,156,107320,35.00,-7.22,-5.00
300782,1981,26800,151,107445,35.00,-7.23,-4.99
300804,2683,27312,159,107674,35.00,-7.23,-4.99
300845,3031,27312,167,108147,35.00,-7.25,-4.96
300867,3772,27312,160,108212,35.00,-7.22,-4.99
300889,3205,27312,168,108279,35.00,-7.23,-4.99
300911,2271,27312,157,108333,35.00,-7.23,-4.95
300933,1198,27312,147,108419,35.00,-7.23,-4.94
300955,112,27312,137,108513,35.00,-7.21,-4.98
300977,0,27312,147,108629,35.00,-7.24,-4.97
300999,524,27312,146,108725,35.00,-7.22,-4.93
301021,1719,27312,151,108821,35.00,-7.23,-4.97
301043,1998,27312,141,108929,35.00,-7.21,-4.97
301085,60,27312,103,109167,35.00,-7.24,-4.96
301107,3757,27312,169,109219,35.00,-7.19,-4.98
301129,3751,27312,169,109274,35.00,-7.22,-4.96
301151,2347,27312,146,109323,35.00,-7.22,-4.99
301173,1627,27312,155,109401,35.00,-7.25,-4.96
301195,374,27312,136,109500,35.00,-7.27,-4.96
301217,171,27312,133,109581,35.00,-7.24,-4.99
301239,47,27312,120,109670,35.00,-7.20,-4.97
301261,0,27312,121,109748,35.00,-7.24,-5.00
301283,983,27312,140,109794,35.00,-7.24,-4.97
301305,3179,27312,171,109787,35.00,-7.22,-4.97
301346,3784,27312,163,107927,35.00,-7.25,-4.97
301368,3765,27312,168,107508,35.00,-7.25,-4.95
301390,3083,27312,159,107379,35.00,-7.23,-4.96
301412,1898,27312,157,107291,35.00,-7.25,-4.96
301434,1269,27312,151,107204,35.00,-7.21,-4.98
301456,690,27312,149,107126,35.00,-7.25,-5.01
301478,429,27312,147,107124,35.00,-7.20,-4.97
301500,795,27312,148,107197,35.00,-7.19,-5.01
301522,1796,27312,153,107363,35.00,-7.25,-4.93
301544,2590,27312,159,107575,35.00,-7.24,-5.00
301587,3743,27312,171,107898,35.00,-7.21,-4.97
301609,3659,27312,169,107950,35.00,-7.22,-4.99
301631,3049,27312,167,108022,35.00,-7.26,-4.98
301653,2300,27312,167,108116,35.00,-7.23,-4.98
301675,565,27312,146,108207,35.00,-7.22,-4.93
301697,48,27312,141,108308,35.00,-7.20,-5.00
301719,296,27312,146,108413,35.00,-7.20,-4.98
301741,800,27312,145,108513,35.00,-7.26,-4.97
301763,1813,27312,151,108608,35.00,-7.26,-4.94
301785,2345,27312,157,108692,35.00,-7.26,-4.99
301827,3401,27312,169,108966,35.00,-7.23,-4.96
301849,3795,27312,158,109011,35.00,-7.26,-4.94
301871,3789,27312,169,109059,35.00,-7.25,-4.94
301893,3791,27312,186,109138,35.00,-7.24,-4.94
301915,3765,27312,196,109216,35.00,-7.24,-4.98
301937,0,27312,121,109279,35.00,-7.25,-4.96
301959,0,26800,143,109379,35.00,-7.22,-4.99
301981,0,27312,146,109452,35.00,-7.22,-4.97
302402,0,27312,126,109519,35.59,-7.24,-4.99
302431,1753,27312,138,108344,35.00,-7.28,-4.97
302453,1439,28080,139,108477,35.00,-7.20,-4.96
302475,0,28080,133,108590,35.00,-7.23,-4.98
302497,0,28080,148,108714,35.00,-7.24,-5.01
302519,396,28080,143,108824,35.00,-7.24,-4.96
302541,1111,28080,149,108938,35.00,-7.23,-4.94
302563,1695,28080,147,109030,35.00,-7.20,-4.97
302585,2411,28080,153,109107,35.00,-7.20,-4.97
302607,3413,28080,173,109186,35.00,-7.24,-4.96
302649,3783,28080,163,109429,35.00,-7.24,-4.97
302671,3059,28592,167,109548,35.00,-7.25,-4.95
302693,2365,28592,163,109655,35.00,-7.22,-4.99
302715,1367,28592,154,109740,35.00,-7.21,-4.97
302737,1,28080,149,109819,35.00,-7.21,-4.97
302759,0,28080,157,109855,35.00,-7.21,-4.98
302781,691,28080,159,109796,35.00,-7.26,-4.94
302803,1413,28592,158,109294,35.00,-7.20,-4.98
302825,2275,28592,165,108410,35.00,-7.24,-4.96
302847,2716,28592,159,107684,35.00,-7.24,-4.95
302869,3507,28592,175,107429,35.00,-7.21,-4.96
302910,3758,28592,171,107271,35.00,-7.22,-4.98
302932,3028,28080,171,107266,35.00,-7.26,-4.96
302954,2340,28592,157,107317,35.00,-7.27,-4.99
302976,1307,28592,155,107466,35.00,-7.27,-5.01
302998,0,28592,139,107724,35.00,-7.23,-4.97
303020,0,28592,151,107949,35.00,-7.20,-4.97
303042,661,28592,142,108078,35.00,-7.27,-4.96
303064,1370,28592,151,108133,35.00,-7.24,-4.98
303086,2227,28592,153,108182,35.00,-7.27,-4.95
303108,2669,28592,163,108276,35.00,-7.20,-4.96
303150,3643,28592,165,108587,35.00,-7.19,-4.96
303172,3723,28592,160,108689,35.00,-7.19,-4.95
303194,2781,28592,157,108802,35.00,-7.24,-4.96
303216,1945,28592,153,108924,35.00,-7.24,-4.99
303238,79,28592,133,109049,35.00,-7.26,-4.95
303260,0,28592,149,109162,35.00,-7.17,-4.96
303282,0,28592,143,109261,35.00,-7.19,-4.98
303304,659,28592,139,109362,35.00,-7.24,-4.95
303326,1483,28592,141,109443,35.00,-7.23,-4.96
303348,2073,28592,149,109524,35.00,-7.22,-4.97
303370,2951,28592,159,109593,35.00,-7.21,-4.99
303411,3768,28592,170,109821,35.00,-7.21,-4.96
303433,3309,28592,157,109896,35.00,-7.20,-4.96
303455,2461,28592,155,109970,35.00,-7.19,-4.96
303477,717,28592,137,110043,35.00,-7.25,-4.94
303499,0,28592,143,110067,35.00,-7.25,-5.00
303521,0,28592,146,109993,35.00,-7.23,-4.97
303543,413,28592,151,109549,35.00,-7.19,-4.99
303565,1041,28592,147,108655,35.00,-7.25,-4.96
303587,1884,28592,147,107892,35.00,-7.24,-4.96
303609,2629,28592,155,107587,35.00,-7.23,-4.96
303652,3753,28592,167,107360,35.00,-7.24,-4.96
303674,3275,28592,158,107350,35.00,-7.23,-4.96
303696,2479,28592,157,107397,35.00,-7.24,-4.98
303718,1111,28592,139,107530,35.00,-7.19,-4.94
303740,0,28592,135,107768,35.00,-7.23,-4.98
303762,1,28592,139,108005,35.00,-7.25,-4.97
303784,381,28592,139,108160,35.00,-7.23,-4.94
303806,1159,28592,138,108235,35.00,-7.20,-4.99
303828,1988,28592,147,108274,35.00,-7.23,-4.96
303850,2680,28592,151,108350,35.00,-7.22,-4.95
303892,3227,28592,159,108679,35.00,-7.22,-4.94
303914,3468,28592,166,108795,35.00,-7.23,-5.00
303936,2663,28592,155,108919,35.00,-7.26,-4.95
303958,1885,28592,156,109036,35.00,-7.22,-4.96
303980,779,28080,135,109151,35.00,-7.24,-4.98
304699,0,28080,143,109261,36.27,-7.20,-4.95
304734,795,28592,133,109243,35.00,-7.23,-4.98
304756,1499,28592,148,109339,35.00,-7.20,-4.96
304778,1214,28592,141,109423,35.00,-7.24,-4.98
304800,869,28592,151,109520,35.00,-7.21,-5.00
304822,623,28592,139,109603,35.00,-7.24,-4.98
304844,925,28592,153,109684,35.00,-7.25,-4.95
304866,1735,28592,149,109745,35.00,-7.20,-4.95
304888,2460,28592,158,109806,35.00,-7.22,-4.97
304910,2875,28592,151,109868,35.00,-7.24,-4.98
304932,3049,28592,157,109936,35.00,-7.25,-4.98
304954,2871,28592,156,110025,35.00,-7.23,-4.98
304995,2127,28592,148,110186,35.00,-7.22,-4.96
305721,1541,28592,142,110189,35.45,-7.24,-4.95
305757,657,28592,149,109753,35.00,-7.25,-5.00
305779,2007,28592,153,109709,35.00,-7.25,-4.96
305801,2141,28592,165,109385,35.00,-7.22,-4.94
305823,1931,28592,156,108565,35.00,-7.19,-4.94
305845,1595,28592,153,107735,35.00,-7.23,-5.00
305867,1485,28592,146,107385,35.00,-7.23,-4.96
305889,1447,28592,141,107302,35.00,-7.28,-4.94
305911,1641,28592,139,107254,35.00,-7.24,-4.96
305933,1901,28592,149,107191,35.00,-7.24,-4.95
305955,1967,28592,151,107160,35.00,-7.22,-4.96
305997,1897,28592,148,107450,35.00,-7.24,-4.97
306743,2025,28592,149,107667,35.97,-7.23,-4.99
306779,2397,28592,171,107684,35.00,-7.25,-4.95
306801,2648,28592,167,107872,35.00,-7.26,-4.98
306823,1589,28592,155,107981,35.00,-7.23,-4.97
306845,589,28592,146,108048,35.00,-7.24,-4.94
306867,0,28592,133,108121,35.00,-7.24,-4.99
306889,0,28592,124,108232,35.00,-7.23,-4.95
306911,0,28592,115,108347,35.00,-7.22,-4.95
306933,458,28592,117,108465,35.00,-7.23,-4.95
306955,2007,28592,147,108567,35.00,-7.25,-4.98
306977,3789,28592,175,108671,35.00,-7.21,-4.93
306999,3795,28592,171,108773,35.00,-7.24,-4.97
307040,3789,28592,189,109068,35.00,-7.24,-4.99
307062,2389,28592,157,109167,35.00,-7.24,-5.00
307084,1063,28592,147,109272,35.00,-7.23,-4.99
307106,0,28592,133,109362,35.00,-7.22,-4.99
307128,0,28592,139,109429,35.00,-7.23,-4.96
307150,0,28592,125,109490,35.00,-7.24,-4.98
307172,0,28592,119,109551,35.00,-7.23,-4.96
307194,615,28592,117,109612,35.00,-7.20,-4.98
307216,2663,28592,157,109667,35.00,-7.23,-4.95
307238,3771,28592,166,109706,35.00,-7.22,-4.97
307280,3793,28592,179,109801,35.00,-7.22,-4.95
307302,3226,28080,168,109775,35.00,-7.21,-4.99
307324,1685,28592,151,109431,35.00,-7.23,-4.97
307346,435,28592,135,108576,35.00,-7.22,-4.97
307368,0,28080,138,107697,35.00,-7.23,-4.97
307390,0,28592,125,107359,35.00,-7.18,-4.97
307412,0,28592,117,107271,35.00,-7.22,-4.98
307434,421,28592,111,107251,35.00,-7.24,-4.96
307456,3624,28592,183,107228,35.00,-7.21,-4.96
307478,3493,28592,166,107207,35.00,-7.23,-4.92
307500,3061,28592,163,107202,35.00,-7.25,-4.96
307541,2822,28592,157,107574,35.00,-7.25,-4.99
307563,2709,28080,166,107663,35.00,-7.25,-5.00
307585,3163,28080,191,107710,35.00,-7.23,-4.97
307607,2516,28592,179,107737,35.00,-7.20,-4.96
307629,1495,28592,157,107768,35.00,-7.22,-4.92
307651,1085,28592,145,107836,35.00,-7.23,-4.97
307673,1043,28592,134,107933,35.00,-7.23,-4.99
307695,1035,28592,123,108035,35.00,-7.24,-4.97
307717,1146,28592,121,108149,35.00,-7.25,-4.97
307739,1241,28592,124,108277,35.00,-7.22,-4.97
307761,2362,28592,163,108401,35.00,-7.22,-4.97
307802,1605,28592,146,108747,35.00,-7.22,-4.96
307824,1908,28592,147,108863,35.00,-7.22,-4.97
307846,1561,28592,150,108952,35.00,-7.24,-4.96
307868,1301,28592,148,109024,35.00,-7.26,-5.01
307890,1500,28592,153,109089,35.00,-7.26,-4.94
307912,2160,28592,153,109156,35.00,-7.22,-4.96
307934,2079,28592,155,109218,35.00,-7.23,-4.99
307956,1981,28592,139,109283,35.00,-7.23,-4.99
307978,1863,28784,139,109369,35.00,-7.20,-4.98
308530,1934,28784,141,109464,36.25,-7.26,-4.98
308564,0,28592,139,108298,35.00,-7.22,-4.96
308586,795,28592,143,108398,35.00,-7.23,-4.99
308608,1016,28592,147,108514,35.00,-7.23,-4.97
308630,1381,28592,153,108601,35.00,-7.23,-4.96
308652,1911,28592,164,108673,35.00,-7.20,-4.96
308674,2569,28784,167,108744,35.00,-7.18,-5.01
308696,2782,28784,171,108826,35.00,-7.22,-4.97
308718,2799,28784,152,108932,35.00,-7.23,-4.97
308740,2695,28784,150,109029,35.00,-7.22,-4.99
308762,2479,28784,149,109119,35.00,-7.19,-4.98
308804,2123,28784,151,109312,35.00,-7.21,-4.93
308826,1312,28784,143,109054,35.00,-7.23,-4.99
308848,716,28784,141,108286,35.00,-7.20,-4.94
308870,473,28592,139,107463,35.00,-7.24,-4.97
308892,495,28784,138,107133,35.00,-7.21,-4.95
308914,863,28592,135,107017,35.00,-7.22,-4.97
308936,1439,28592,139,106982,35.00,-7.23,-4.95
308958,1976,28592,138,106941,35.00,-7.23,-4.98
308980,2207,28784,139,106914,35.00,-7.23,-4.97
309551,2129,28592,139,106921,35.63,-7.24,-4.96
309586,693,28784,142,108741,35.00,-7.25,-4.99
309608,1613,28784,153,107783,35.00,-7.24,-4.97
309630,1333,28784,149,107186,35.00,-7.22,-4.96
309652,1205,28784,147,106982,35.00,-7.24,-4.98
309674,1350,28784,147,106898,35.00,-7.21,-4.95
309696,1672,28784,147,106839,35.00,-7.23,-4.98
309718,1977,28784,139,106798,35.00,-7.22,-4.95
309740,2331,28784,152,106768,35.00,-7.23,-4.97
309762,2530,28784,153,106808,35.00,-7.21,-4.97
309784,2557,28784,153,106924,35.00,-7.22,-4.99
309806,2300,28784,153,107141,35.00,-7.23,-4.96
309847,1931,28784,153,107527,35.00,-7.20,-4.95
309869,1862,28784,158,107590,35.00,-7.24,-4.98
309891,1417,28784,142,107666,35.00,-7.23,-5.02
309913,1257,28784,136,107729,35.00,-7.29,-4.98
309935,1310,28784,135,107792,35.00,-7.22,-4.99
309957,1597,28784,133,107844,35.00,-7.21,-4.96
309979,1903,28784,135,107884,35.00,-7.23,-4.97
310573,2251,28784,145,107951,35.98,-7.23,-4.94
310609,793,28784,147,107532,35.00,-7.23,-4.98
310631,1099,28784,147,107596,35.00,-7.23,-4.98
310653,917,28784,149,107684,35.00,-7.22,-4.96
310675,947,28784,149,107772,35.00,-7.24,-4.97
310697,1292,28784,147,107870,35.00,-7.23,-4.96
310719,1851,28784,149,107967,35.00,-7.19,-4.97
310741,2355,28784,151,108063,35.00,-7.22,-4.98
310763,2655,28784,153,108162,35.00,-7.17,-4.99
310785,2636,28784,154,108267,35.00,-7.22,-4.96
310807,2271,28784,155,108384,35.00,-7.24,-5.01
310849,1695,28784,152,108713,35.00,-7.19,-4.94
310871,1127,28784,153,108782,35.00,-7.22,-4.99
310893,793,28784,149,108856,35.00,-7.22,-4.99
310915,824,28784,151,108941,35.00,-7.25,-4.96
310937,1179,28784,145,109031,35.00,-7.21,-4.98
310959,1703,28784,151,109149,35.00,-7.23,-4.94
310981,2291,29296,151,109283,35.00,-7.22,-4.95
311343,2683,28784,158,109392,35.88,-7.25,-4.98
311371,2423,28784,149,107950,35.00,-7.23,-4.98
311393,831,28784,160,108020,35.00,-7.22,-4.98
311415,633,28784,145,108098,35.00,-7.25,-4.99
311437,618,28784,143,108176,35.00,-7.21,-4.96
311459,1113,28784,147,108255,35.00,-7.20,-4.95
311481,1786,28784,148,108358,35.00,-7.25,-4.95
311503,2519,28784,154,108452,35.00,-7.24,-4.97
311525,2706,28784,153,108550,35.00,-7.24,-4.99
311547,3360,28784,170,108609,35.00,-7.24,-4.96
311569,2661,28784,151,108667,35.00,-7.25,-4.98
311611,2073,28784,159,108868,35.00,-7.21,-4.95
311633,1383,28784,146,108902,35.00,-7.22,-5.00
311655,919,28784,137,108942,35.00,-7.21,-4.96
311677,820,28784,143,109011,35.00,-7.24,-4.96
311699,1048,28784,138,109088,35.00,-7.23,-4.97
311721,1509,28784,142,109157,35.00,-7.20,-4.96
311743,2037,28784,146,109251,35.00,-7.20,-4.97
311765,2381,28784,147,109310,35.00,-7.20,-4.95
311787,2519,28784,149,109348,35.00,-7.25,-4.97
311809,2343,28592,155,109316,35.00,-7.21,-4.99
311831,1889,28784,140,108994,35.00,-7.22,-4.97
311872,1334,28784,145,107134,35.00,-7.23,-4.94
311894,1515,28592,140,107070,35.00,-7.25,-4.94
311916,807,28592,142,107038,35.00,-7.24,-4.98
311938,845,28592,136,107005,35.00,-7.19,-5.01
311960,1115,28592,139,106988,35.00,-7.20,-5.00
311982,1653,28784,135,106999,35.00,-7.24,-4.98
312359,1977,28784,146,107128,35.53,-7.24,-4.96
312393,1404,28784,153,108674,35.00,-7.23,-4.96
312415,1157,28784,151,108742,35.00,-7.24,-4.97
312437,909,28784,149,108816,35.00,-7.23,-4.99
312459,931,28784,141,108884,35.00,-7.22,-4.96
312481,1253,28784,147,108961,35.00,-7.24,-4.97
312503,1721,28784,146,109014,35.00,-7.22,-4.96
312525,2223,28784,155,109053,35.00,-7.23,-5.01
312547,2535,28784,152,108876,35.00,-7.21,-4.97
312569,2587,28784,163,108218,35.00,-7.19,-4.96
312591,2312,28784,149,107440,35.00,-7.22,-4.97
312634,1827,28784,152,106904,35.00,-7.25,-4.96
312656,1001,28784,137,106871,35.00,-7.22,-4.98
312678,829,28784,137,106842,35.00,-7.25,-4.97
312700,974,28784,133,106826,35.00,-7.26,-4.97
312722,1466,28784,137,106884,35.00,-7.23,-4.96
312744,1894,28784,136,107001,35.00,-7.22,-4.98
312766,2323,28784,142,107163,35.00,-7.25,-4.92
312788,2482,28784,148,107296,35.00,-7.20,-4.95
312810,2461,28784,147,107385,35.00,-7.24,-4.98
312832,2015,28784,141,107424,35.00,-7.25,-4.97
312874,1383,28784,141,107607,35.00,-7.23,-4.98
312896,790,28784,132,107676,35.00,-7.24,-4.98
312918,509,28784,134,107765,35.00,-7.26,-4.98
312940,659,28784,134,107869,35.00,-7.20,-4.96
312962,1042,28784,139,107979,35.00,-7.24,-4.94
312984,1683,28784,139,108082,35.00,-7.22,-4.98
313380,2173,28784,148,108183,35.88,-7.19,-4.98
313416,1337,28784,140,106681,35.00,-7.26,-5.00
313438,1097,28784,142,106728,35.00,-7.24,-4.98
313460,888,28784,135,106808,35.00,-7.23,-4.99
313482,1063,28784,138,106966,35.00,-7.23,-4.96
313504,1575,28784,134,107145,35.00,-7.20,-4.97
313526,2157,28784,143,107245,35.00,-7.24,-4.96
313548,2543,28784,149,107280,35.00,-7.26,-5.01
313570,2761,28784,155,107307,35.00,-7.23,-5.02
313592,2706,28784,157,107346,35.00,-7.25,-4.97
313614,2079,28784,148,107433,35.00,-7.28,-4.96
313656,1369,28784,143,107720,35.00,-7.23,-4.97
313678,741,28784,137,107817,35.00,-7.24,-4.99
313700,567,28784,137,107935,35.00,-7.24,-4.97
313722,687,28784,135,108040,35.00,-7.24,-4.98
313744,1161,28784,143,108138,35.00,-7.24,-4.97
313766,1691,28784,141,108209,35.00,-7.26,-4.93
313788,2232,28784,150,108308,35.00,-7.21,-4.92
313810,2522,28784,155,108383,35.00,-7.22,-4.99
313832,2629,28784,159,108448,35.00,-7.21,-4.97
313854,2361,28784,167,108504,35.00,-7.24,-4.97
313897,1847,28784,159,108734,35.00,-7.22,-4.96
313919,1211,28784,149,108839,35.00,-7.20,-5.00
313941,1118,28784,148,108906,35.00,-7.23,-4.93
313963,1269,28784,148,108932,35.00,-7.22,-4.98
313985,1803,28784,149,108877,35.00,-7.23,-4.96
314402,2484,28784,157,108475,36.47,-7.23,-4.99
314438,1050,28784,137,107880,35.00,-7.23,-4.96
314460,885,28784,143,107986,35.00,-7.25,-4.96
314482,839,28784,142,108067,35.00,-7.23,-4.97
314504,1075,28784,145,108142,35.00,-7.22,-4.98
314526,1637,28784,149,108218,35.00,-7.19,-4.94
314548,2215,29296,149,108285,35.00,-7.21,-4.96
314570,2664,29296,155,108337,35.00,-7.23,-4.96
314592,2781,28784,164,108401,35.00,-7.21,-4.96
314614,2633,28784,163,108503,35.00,-7.22,-4.91
314636,2191,28784,154,108599,35.00,-7.23,-4.97
314679,1628,28784,153,108809,35.00,-7.19,-4.98
314701,1013,28784,143,108831,35.00,-7.22,-4.99
314723,957,28784,146,108692,35.00,-7.26,-4.97
314745,1257,28784,137,108083,35.00,-7.21,-4.95
314767,1753,28784,147,107292,35.00,-7.24,-4.99
314789,2246,28784,147,106895,35.00,-7.21,-4.98
314811,2587,28784,150,106754,35.00,-7.19,-4.96
314833,2663,28784,153,106654,35.00,-7.19,-4.96
314855,2456,28784,157,106569,35.00,-7.23,-4.96
314877,1935,28784,153,106503,35.00,-7.21,-4.98
314919,1307,28784,149,106593,35.00,-7.25,-4.94
314941,843,28784,139,106735,35.00,-7.21,-4.97
314963,773,28784,135,106909,35.00,-7.20,-5.00
314985,1013,28784,139,107003,35.00,-7.24,-4.94
315422,1426,28784,138,107057,36.45,-7.24,-4.95
315460,889,28784,143,108400,35.00,-7.24,-4.99
315482,1002,28784,146,107765,35.00,-7.22,-4.97
315504,813,28784,149,107049,35.00,-7.22,-4.96
315526,1045,28784,139,106694,35.00,-7.25,-4.97
315548,1518,28784,147,106535,35.00,-7.25,-5.00
315570,2025,28784,139,106450,35.00,-7.22,-4.98
315592,2427,28784,153,106356,35.00,-7.23,-4.94
315614,2606,28784,148,106294,35.00,-7.24,-4.96
315636,2459,28784,157,106249,35.00,-7.23,-4.97
315658,1945,28784,147,106264,35.00,-7.25,-4.98
315680,1377,28784,149,106371,35.00,-7.23,-4.97
315721,943,28784,141,106700,35.00,-7.23,-4.94
315743,800,28784,143,106729,35.00,-7.22,-4.95
315765,795,28784,139,106763,35.00,-7.21,-4.97
315787,1190,28784,147,106834,35.00,-7.24,-4.97
315809,1745,28784,147,106900,35.00,-7.21,-4.97
315831,2233,28784,153,106943,35.00,-7.25,-4.92
315853,2555,28784,157,107004,35.00,-7.23,-4.99
315875,2587,28784,157,107069,35.00,-7.26,-4.95
315897,2397,28784,157,107138,35.00,-7.24,-4.97
315919,1979,28784,156,107204,35.00,-7.22,-4.98
315962,1365,28784,151,107366,35.00,-7.24,-4.95
315984,875,28784,147,107430,35.00,-7.25,-4.99
316699,966,28784,139,107487,35.50,-7.23,-4.98
316724,2135,28784,156,107322,35.00,-7.24,-5.00
316746,1065,28784,149,107453,35.00,-7.24,-4.98
316768,1244,29296,151,107535,35.00,-7.21,-4.96
316790,1645,29296,151,107620,35.00,-7.25,-4.97
316812,2237,29296,150,107727,35.00,-7.27,-4.95
316834,2641,29296,168,107851,35.00,-7.25,-4.96
316856,2774,29296,153,107964,35.00,-7.22,-4.98
316878,2620,29296,158,108061,35.00,-7.24,-5.00
316900,2146,29296,153,108120,35.00,-7.23,-4.96
316922,1631,29296,153,108073,35.00,-7.24,-5.01
316964,1083,29296,147,106472,35.00,-7.19,-4.96
316986,845,29296,140,106285,35.00,-7.24,-4.99
317721,928,29296,136,106155,35.96,-7.18,-4.99
317746,2297,28784,158,106189,35.00,-7.20,-4.98
317768,584,28784,139,106097,35.00,-7.22,-4.97
317790,297,28784,133,106009,35.00,-7.22,-4.99
317812,431,28784,125,105957,35.00,-7.23,-5.00
317834,905,28784,125,105948,35.00,-7.20,-4.96
317856,1387,28784,139,106005,35.00,-7.21,-4.93
317878,1867,28784,143,106141,35.00,-7.27,-4.98
317900,2325,28784,154,106287,35.00,-7.22,-4.97
317922,2505,28784,167,106369,35.00,-7.22,-4.99
317944,2195,28784,167,106400,35.00,-7.24,-4.97
317987,1590,28784,155,106585,35.00,-7.20,-4.99
318742,989,28784,141,106667,35.12,-7.21,-4.96
318769,2149,29296,155,106750,35.00,-7.21,-4.95
318791,827,28784,140,106835,35.00,-7.23,-4.96
318813,1101,29296,134,106942,35.00,-7.25,-5.00
318835,1567,29296,143,107040,35.00,-7.26,-4.97
318857,2184,29296,149,107135,35.00,-7.21,-4.95
318879,2532,29296,155,107243,35.00,-7.25,-4.95
318901,2711,29296,155,107337,35.00,-7.22,-4.97
318923,2500,29296,166,107446,35.00,-7.21,-4.98
318945,1917,29296,153,107524,35.00,-7.24,-4.98
318967,1236,29296,152,107597,35.00,-7.20,-4.97
319509,761,29296,143,107738,35.19,-7.22,-4.96
319550,735,28784,141,106845,35.00,-7.21,-4.99
319572,718,28784,140,106932,35.00,-7.23,-4.98
319594,891,28784,133,107019,35.00,-7.21,-4.97
319616,1448,28784,149,107098,35.00,-7.20,-4.97
319638,2009,28784,141,107181,35.00,-7.22,-4.95
319660,2423,29296,151,107268,35.00,-7.25,-4.99
319682,2565,29296,151,107327,35.00,-7.22,-4.97
319704,2365,29296,157,107390,35.00,-7.21,-4.93
319726,1951,29296,143,107437,35.00,-7.25,-4.95
319748,1541,28784,153,107485,35.00,-7.24,-4.99
319770,1141,28784,145,107544,35.00,-7.25,-5.00
319811,995,29296,145,107807,35.00,-7.19,-4.98
319833,972,29296,137,107895,35.00,-7.24,-4.98
319855,1215,29296,139,107977,35.00,-7.22,-4.97
319877,1733,29296,141,108044,35.00,-7.22,-4.98
319899,2238,29296,150,108065,35.00,-7.24,-4.99
319921,2669,29296,155,107835,35.00,-7.20,-4.99
319943,2766,29296,157,107172,35.00,-7.21,-4.97
319965,2495,29296,165,106601,35.00,-7.23,-4.99
319987,2021,29296,155,106313,35.00,-7.21,-4.96
320530,1417,29296,150,106184,35.40,-7.23,-4.96
320573,1223,28784,137,108270,35.00,-7.23,-4.98
320595,603,28784,124,108360,35.00,-7.21,-4.97
320617,409,29296,127,108403,35.00,-7.22,-4.97
320639,987,29296,132,108385,35.00,-7.23,-4.95
320661,2189,29296,149,108074,35.00,-7.23,-4.95
320683,2524,29296,155,107332,35.00,-7.21,-4.99
320705,2654,29296,154,106695,35.00,-7.20,-4.94
320727,2200,29296,155,106422,35.00,-7.24,-4.99
320749,1695,29296,151,106301,35.00,-7.23,-4.98
320771,1193,29296,148,106208,35.00,-7.24,-4.94
320813,757,29296,140,106046,35.00,-7.22,-4.97
320835,879,29296,149,106068,35.00,-7.19,-4.93
320857,873,29296,137,106187,35.00,-7.21,-4.95
320879,3803,29296,171,106341,35.00,-7.22,-4.99
320901,3815,28784,165,106462,35.00,-7.24,-4.99
320923,3821,29296,160,106536,35.00,-7.24,-4.96
320945,475,29296,107,106579,35.00,-7.24,-4.96
320967,0,29296,125,106638,35.00,-7.18,-4.96
320989,0,29296,143,106700,35.00,-7.22,-4.96
321551,0,29296,153,106784,35.59,-7.22,-4.99
321581,1063,29296,139,106170,35.00,-7.24,-5.01
321603,2043,29296,140,106259,35.00,-7.19,-4.97
321625,2541,29296,149,106406,35.00,-7.22,-4.99
321647,2519,29296,155,106569,35.00,-7.29,-4.94
321669,2294,29296,153,106650,35.00,-7.25,-4.95
321691,1827,29296,153,106694,35.00,-7.25,-4.98
321713,1354,29296,153,106734,35.00,-7.21,-4.97
321756,1117,29296,137,106947,35.00,-7.27,-4.99
321778,1239,29296,142,107045,35.00,-7.22,-4.97
321800,1727,29296,149,107135,35.00,-7.26,-4.96
321822,2094,29296,151,107226,35.00,-7.21,-5.00
321844,2603,29296,155,107333,35.00,-7.24,-4.98
321866,2779,29296,155,107424,35.00,-7.23,-4.98
321888,2733,29296,159,107512,35.00,-7.25,-4.95
321910,2395,29296,159,107601,35.00,-7.20,-4.97
321932,1929,29296,155,107690,35.00,-7.20,-4.98
321954,1402,29296,151,107770,35.00,-7.22,-4.97
321996,1187,29296,153,107970,35.00,-7.24,-4.99
322572,1236,29296,145,108050,35.35,-7.23,-4.98
322602,1477,29296,151,107288,35.00,-7.22,-4.99
322624,1817,29296,141,107361,35.00,-7.22,-4.94
322646,2427,30064,152,107420,35.00,-7.19,-4.97
322668,2693,29296,155,107499,35.00,-7.24,-4.97
322690,2709,29296,162,107570,35.00,-7.22,-4.97
322712,2332,29296,159,107630,35.00,-7.24,-4.94
322734,1721,29296,151,107692,35.00,-7.19,-4.91
322756,936,29296,141,107754,35.00,-7.25,-4.99
322798,549,29296,133,108015,35.00,-7.23,-4.90
322820,549,29296,125,108092,35.00,-7.23,-4.96
322842,923,29296,135,108149,35.00,-7.21,-4.97
322864,1489,29296,135,108131,35.00,-7.26,-4.98
322886,3785,29296,168,107723,35.00,-7.22,-4.97
322908,0,28784,95,106955,35.00,-7.25,-4.94
322930,1013,28784,139,106511,35.00,-7.25,-4.97
322952,1316,28784,143,106312,35.00,-7.21,-4.96
322974,1223,28784,147,106227,35.00,-7.21,-4.96
322996,1197,28784,142,106172,35.00,-7.23,-4.98
323593,1136,28784,147,106138,36.26,-7.23,-4.92
323624,1918,28784,155,107075,35.00,-7.20,-4.96
323646,2060,28784,140,106618,35.00,-7.24,-4.98
323668,3742,28784,171,106434,35.00,-7.22,-4.99
323690,3787,28784,159,106321,35.00,-7.25,-4.98
323712,3384,28784,155,106249,35.00,-7.26,-4.99
323734,0,28784,103,106178,35.00,-7.24,-4.96
323756,0,28784,141,106151,35.00,-7.20,-4.97
323778,0,28784,153,106143,35.00,-7.23,-4.99
323821,2699,28784,201,106496,35.00,-7.23,-4.96
323843,1593,28784,139,106621,35.00,-7.22,-4.96
323865,1739,28784,150,106686,35.00,-7.22,-4.97
323887,2120,28784,147,106717,35.00,-7.23,-4.97
323909,2329,28784,149,106750,35.00,-7.25,-4.98
323931,1911,29296,134,106810,35.00,-7.22,-4.97
323953,1663,28784,151,106882,35.00,-7.22,-4.97
323975,1583,28784,153,106982,35.00,-7.24,-4.96
323997,1174,28784,141,107061,35.00,-7.23,-4.95
324360,681,28784,146,107151,35.53,-7.25,-4.94
324402,1311,28592,147,106356,35.00,-7.22,-4.98
324424,1645,28784,147,106260,35.00,-7.29,-4.99
324446,2149,28784,155,106186,35.00,-7.22,-5.00
324468,2668,28784,149,106140,35.00,-7.24,-5.00
324490,2934,28784,154,106128,35.00,-7.23,-4.95
324512,2855,28784,153,106160,35.00,-7.23,-4.97
324534,2377,28784,151,106281,35.00,-7.22,-4.94
324556,1673,28784,141,106451,35.00,-7.27,-4.96
324578,1067,28784,146,106558,35.00,-7.19,-4.99
324600,693,28784,139,106602,35.00,-7.21,-5.00
324643,679,28784,146,106726,35.00,-7.25,-4.95
324665,1583,28784,154,106804,35.00,-7.24,-4.96
324687,2286,28784,159,106893,35.00,-7.22,-5.01
324709,2975,28784,169,106987,35.00,-7.21,-4.98
324731,3196,29296,167,107079,35.00,-7.23,-4.98
324753,2860,29296,165,107184,35.00,-7.22,-4.96
324775,2461,29296,159,107280,35.00,-7.23,-4.96
324797,1834,29296,155,107385,35.00,-7.25,-4.96
324819,1195,28784,155,107485,35.00,-7.24,-4.96
324841,767,28784,157,107589,35.00,-7.23,-5.01
324883,622,29296,147,107860,35.00,-7.23,-4.96
324905,829,29296,142,107935,35.00,-7.23,-4.96
324927,1629,29296,159,108037,35.00,-7.21,-4.96
324949,2363,28784,167,108137,35.00,-7.19,-4.94
324971,3022,28784,171,108223,35.00,-7.25,-4.98
324993,3221,29296,173,108276,35.00,-7.24,-4.95
325381,3083,29296,192,108314,36.66,-7.20,-4.95
325409,1051,28784,147,106907,35.00,-7.22,-4.97
325431,2363,29296,147,106996,35.00,-7.26,-4.95
325453,2695,29296,155,107097,35.00,-7.21,-4.96
325475,2297,29296,157,107199,35.00,-7.21,-4.97
325497,2008,29296,147,107308,35.00,-7.22,-5.01
325519,1643,29296,155,107388,35.00,-7.24,-4.97
325541,1272,29296,153,107476,35.00,-7.22,-4.98
325563,919,29296,151,107561,35.00,-7.23,-4.97
325605,1133,29296,148,107750,35.00,-7.22,-4.98
325627,1357,29296,139,107852,35.00,-7.26,-4.97
325649,1707,29296,145,107956,35.00,-7.23,-4.97
325671,2299,29296,150,108032,35.00,-7.23,-4.98
325693,2527,29296,151,108108,35.00,-7.24,-4.97
325715,2411,29296,149,108158,35.00,-7.19,-4.96
325737,2025,29296,159,108182,35.00,-7.23,-4.95
325759,1589,29296,147,108179,35.00,-7.21,-4.97
325781,1166,29296,151,107929,35.00,-7.19,-4.97
325803,936,29296,152,107249,35.00,-7.25,-5.00
325845,1033,29296,150,106244,35.00,-7.20,-4.98
325867,1581,29296,148,106137,35.00,-7.20,-4.97
325889,2099,29296,151,106039,35.00,-7.21,-4.98
325911,2697,29296,156,105967,35.00,-7.17,-4.95
325933,3053,29296,160,105938,35.00,-7.24,-4.98
325955,3036,29296,165,105958,35.00,-7.25,-4.93
325977,2531,29296,163,106061,35.00,-7.21,-4.97
325999,1911,29296,151,106224,35.00,-7.24,-4.98
326021,1267,29296,152,106357,35.00,-7.26,-4.99
326043,843,29296,149,106425,35.00,-7.24,-4.98
326065,819,29296,153,106470,35.00,-7.20,-4.96
326106,1115,29296,149,106632,35.00,-7.22,-5.02
326128,1075,29296,147,106714,35.00,-7.20,-4.99
326150,1454,29296,143,106804,35.00,-7.25,-4.98
326172,2078,29296,151,106883,35.00,-7.23,-4.96
326194,2747,29296,158,106973,35.00,-7.21,-4.97
326216,3165,29296,168,107058,35.00,-7.23,-5.00
326238,2843,29296,166,107164,35.00,-7.24,-5.00
326260,2225,29296,165,107253,35.00,-7.22,-4.97
326282,1433,29296,153,107343,35.00,-7.25,-4.98
326304,973,29296,149,107410,35.00,-7.24,-4.98
326347,916,29296,148,107536,35.00,-7.24,-4.98
326369,1124,29296,143,107622,35.00,-7.23,-4.96
326391,1445,29296,132,107712,35.00,-7.23,-4.97
326413,1833,29296,141,107790,35.00,-7.19,-4.99
326435,2021,29296,134,107868,35.00,-7.23,-4.97
326457,2087,29296,147,107932,35.00,-7.25,-4.93
326479,1864,29296,142,107982,35.00,-7.24,-4.95
326501,1583,29296,152,107971,35.00,-7.21,-4.99
326523,1341,29296,148,107588,35.00,-7.23,-4.96
326545,1099,29296,149,106897,35.00,-7.22,-4.96
326587,1081,29296,147,106125,35.00,-7.22,-5.03
326609,1419,29296,147,106040,35.00,-7.22,-4.98
326631,1801,29296,147,105982,35.00,-7.25,-4.96
326653,2135,29296,146,105945,35.00,-7.25,-4.97
326675,2246,29296,141,105948,35.00,-7.23,-5.00
326697,2247,29296,143,106003,35.00,-7.19,-4.95
326719,2009,29296,149,106157,35.00,-7.24,-4.94
326741,1580,29296,139,106325,35.00,-7.22,-4.99
326763,1228,29296,145,106445,35.00,-7.20,-5.01
326785,1092,29296,149,106496,35.00,-7.22,-4.96
326828,1175,29296,151,106657,35.00,-7.24,-4.99
326850,1721,29296,151,106749,35.00,-7.25,-5.02
326872,2149,29296,143,106842,35.00,-7.22,-4.97
326894,2523,29296,153,106932,35.00,-7.22,-4.96
326916,2651,29296,149,107042,35.00,-7.22,-4.94
326938,2459,29296,153,107139,35.00,-7.25,-5.00
326960,2011,29296,148,107272,35.00,-7.22,-4.96
326982,1429,29296,149,107380,35.00,-7.20,-4.95
327423,862,29296,147,107480,37.15,-7.23,-4.96
327452,1131,29296,146,106293,35.00,-7.21,-4.96
327474,1845,29296,137,106415,35.00,-7.23,-5.02
327496,2171,30064,152,106497,35.00,-7.22,-4.99
327518,2079,30064,137,106538,35.00,-7.21,-4.99
327540,1851,30064,143,106594,35.00,-7.20,-4.96
327562,1642,29296,146,106662,35.00,-7.23,-4.92
327584,1362,29296,152,106743,35.00,-7.23,-4.97
327606,1109,30064,149,106847,35.00,-7.23,-4.97
327628,1111,30064,151,106942,35.00,-7.23,-4.94
327670,1399,30064,151,107255,35.00,-7.25,-4.97
327692,1675,29296,142,107362,35.00,-7.23,-4.97
327714,1973,30064,147,107466,35.00,-7.24,-4.98
327736,2327,30064,149,107562,35.00,-7.21,-4.98
327758,2300,30064,143,107649,35.00,-7.20,-4.95
327780,2221,30064,147,107724,35.00,-7.21,-4.98
327802,1775,30064,139,107786,35.00,-7.23,-4.96
327824,1366,30064,147,107856,35.00,-7.22,-4.96
327846,1051,30064,147,107933,35.00,-7.28,-4.98
327868,911,30064,148,108031,35.00,-7.25,-4.97
327910,1113,30064,141,108299,35.00,-7.25,-5.00
327932,1482,30064,143,108339,35.00,-7.21,-5.00
327954,1820,30064,143,108279,35.00,-7.21,-4.95
327976,2215,30064,149,107843,35.00,-7.22,-5.01
327998,2485,30064,150,107056,35.00,-7.22,-4.93
328020,2464,30064,147,106561,35.00,-7.23,-4.98
328042,2273,30064,153,106356,35.00,-7.24,-4.97
328064,1817,30064,147,106239,35.00,-7.21,-4.99
328086,1395,30064,149,106137,35.00,-7.23,-4.97
328108,1180,30064,145,106048,35.00,-7.21,-4.97
328151,1184,30064,142,106011,35.00,-7.21,-4.99
328173,1677,29296,141,106158,35.00,-7.26,-4.96
328195,2117,30064,146,106327,35.00,-7.24,-4.97
328217,2470,30064,151,106427,35.00,-7.21,-4.98
328239,2476,30064,149,106497,35.00,-7.20,-4.99
328261,2239,30064,151,106534,35.00,-7.23,-4.96
328283,1717,30064,143,106588,35.00,-7.23,-4.96
328305,1286,30064,145,106657,35.00,-7.21,-4.99
328327,892,30064,147,106716,35.00,-7.18,-4.96
328349,791,30064,149,106781,35.00,-7.20,-4.96
328391,1117,30064,149,106951,35.00,-7.22,-4.95
328413,2037,30064,159,106987,35.00,-7.20,-4.96
328435,2520,30064,155,107022,35.00,-7.21,-4.95
328457,2843,30064,153,107066,35.00,-7.26,-4.99
328479,2907,30064,159,107129,35.00,-7.22,-4.97
328501,2670,30064,155,107177,35.00,-7.24,-4.98
328523,2088,30064,153,107232,35.00,-7.26,-4.93
328545,1403,30064,143,107280,35.00,-7.22,-4.94
328567,954,30064,151,107358,35.00,-7.26,-5.00
328589,700,30064,149,107432,35.00,-7.22,-5.00
328611,813,30064,154,107523,35.00,-7.32,-4.96
328652,1287,30064,152,107705,35.00,-7.23,-4.97
328674,1837,30064,159,107734,35.00,-7.22,-4.99
328696,2431,30064,156,107610,35.00,-7.22,-5.01
328718,2799,30064,167,107094,35.00,-7.26,-4.96
328740,2839,30064,158,106505,35.00,-7.24,-4.95
328762,2685,30064,167,106180,35.00,-7.23,-4.96
328784,2148,30064,165,106002,35.00,-7.20,-4.95
328806,1563,30064,166,105888,35.00,-7.29,-4.95
328828,1082,30064,153,105797,35.00,-7.20,-4.96
328850,871,30064,159,105716,35.00,-7.24,-4.96
328892,1043,30064,151,105727,35.00,-7.23,-4.89
328914,1657,30064,158,105847,35.00,-7.24,-4.99
328936,2153,30064,157,105996,35.00,-7.21,-4.98
328958,2519,30064,163,106085,35.00,-7.19,-4.96
328980,2620,30064,155,106142,35.00,-7.23,-4.96
329720,2421,30064,153,106189,35.55,-7.23,-4.98
329754,2701,29296,149,105701,35.00,-7.22,-4.95
329776,1351,29296,147,105790,35.00,-7.24,-4.96
329798,1647,29296,136,105871,35.00,-7.23,-5.03
329820,1925,29296,147,105942,35.00,-7.24,-4.96
329842,2078,29296,139,106029,35.00,-7.20,-4.96
329864,2185,29296,155,106115,35.00,-7.21,-5.00
329886,2173,29296,155,106191,35.00,-7.22,-4.96
329908,2031,29296,167,106263,35.00,-7.22,-4.97
329930,1767,29296,157,106332,35.00,-7.24,-4.96
329952,1545,29296,163,106388,35.00,-7.19,-4.92
329974,1531,29296,153,106457,35.00,-7.22,-4.95
330741,1750,29296,155,106558,35.13,-7.23,-4.98
330777,2680,29296,151,106948,35.00,-7.26,-5.02
330799,1957,29296,142,107031,35.00,-7.22,-5.01
330821,2351,29296,150,107122,35.00,-7.24,-4.98
330843,2588,30064,152,107180,35.00,-7.24,-4.99
330865,2613,30064,153,107226,35.00,-7.25,-4.96
330887,2297,30064,153,107241,35.00,-7.24,-5.00
330909,1813,30064,151,107099,35.00,-7.22,-4.96
330931,1204,30064,149,106573,35.00,-7.27,-4.99
330953,933,30064,151,106064,35.00,-7.25,-4.95
330975,915,29296,149,105758,35.00,-7.24,-5.00
331517,1183,29296,148,105369,34.80,-7.23,-4.98
331559,1372,30064,151,107442,35.00,-7.24,-4.96
331581,1639,29296,133,107545,35.00,-7.20,-5.01
331603,1635,30064,119,107633,35.00,-7.28,-4.96
331625,1865,30064,120,107670,35.00,-7.22,-4.98
331647,2703,30064,156,107513,35.00,-7.25,-5.00
331669,2059,30064,143,106927,35.00,-7.21,-4.98
331691,1727,30064,149,106325,35.00,-7.24,-4.98
331713,1397,30064,149,106022,35.00,-7.24,-4.99
331735,1522,30064,157,105854,35.00,-7.23,-4.99
331757,1737,30064,165,105751,35.00,-7.25,-5.02
331799,1779,30064,164,105580,35.00,-7.22,-4.98
331821,1759,30064,143,105580,35.00,-7.22,-4.96
331843,2133,30064,149,105693,35.00,-7.22,-5.00
331865,2453,30064,155,105842,35.00,-7.24,-4.99
331887,2515,30064,155,105987,35.00,-7.24,-4.95
331909,2265,30064,163,106062,35.00,-7.23,-4.96
331931,1861,30064,159,106111,35.00,-7.20,-4.95
331953,1431,30064,165,106148,35.00,-7.23,-4.97
331975,1118,30064,155,106211,35.00,-7.21,-4.94
331997,1080,30064,155,106292,35.00,-7.23,-4.99
332040,1203,30064,143,106585,35.00,-7.21,-4.98
332062,1815,30064,145,106705,35.00,-7.22,-4.91
332084,2203,30064,155,106814,35.00,-7.24,-4.96
332106,2458,30576,153,106922,35.00,-7.24,-4.95
332128,2533,30576,163,107015,35.00,-7.21,-4.98
332150,2259,30576,169,107108,35.00,-7.24,-5.03
332172,1757,30064,169,107193,35.00,-7.27,-5.00
332194,1391,30576,168,107272,35.00,-7.20,-4.98
332216,1268,30064,172,107346,35.00,-7.27,-4.98
332238,1319,30064,172,107403,35.00,-7.24,-4.95
332280,1813,30064,173,107732,35.00,-7.24,-4.97
332302,2524,30064,173,107830,35.00,-7.24,-4.96
332324,3158,30576,181,107920,35.00,-7.24,-4.95
332346,3717,30576,170,107971,35.00,-7.23,-4.97
332368,3445,30064,163,107986,35.00,-7.21,-4.97
332390,2959,30576,157,107779,35.00,-7.23,-4.96
332412,2101,30064,147,107098,35.00,-7.26,-5.00
332434,1105,30064,120,106466,35.00,-7.23,-5.00
332456,411,29296,117,106189,35.00,-7.28,-4.97
332478,169,29296,109,106060,35.00,-7.24,-4.97
332500,116,30064,109,105988,35.00,-7.24,-4.96
332541,427,29296,109,105849,35.00,-7.24,-4.97
332563,633,28592,105,105894,35.00,-7.26,-4.97
332585,0,28592,92,106010,35.00,-7.24,-4.95
332607,0,28592,94,106180,35.00,-7.24,-4.95
332629,0,28592,107,106321,35.00,-7.19,-4.97
332651,505,28784,123,106398,35.00,-7.26,-5.00
332673,579,28784,146,106455,35.00,-7.20,-4.97
332695,493,28784,140,106496,35.00,-7.23,-4.96
332717,634,28784,149,106551,35.00,-7.22,-4.95
332739,925,29296,141,106646,35.00,-7.22,-5.01
332782,1491,29296,152,106913,35.00,-7.22,-4.98
332804,2651,29296,154,107020,35.00,-7.18,-4.99
332826,3759,29296,180,107114,35.00,-7.18,-4.96
332848,3785,29296,169,107197,35.00,-7.25,-4.96
332870,3768,29296,183,107280,35.00,-7.24,-4.97
332892,3417,29296,183,107373,35.00,-7.22,-4.96
332914,2739,29296,176,107461,35.00,-7.28,-4.99
332936,2247,29296,163,107548,35.00,-7.21,-4.95
332958,2117,29296,159,107621,35.00,-7.24,-4.93
332980,2174,29296,153,107705,35.00,-7.22,-4.99
333022,2267,29296,157,108003,35.00,-7.27,-4.96
333044,2312,29296,139,108099,35.00,-7.23,-4.95
333066,2687,30064,148,108183,35.00,-7.24,-5.00
333088,2709,30064,142,108229,35.00,-7.26,-4.98
333110,2393,30064,145,108100,35.00,-7.23,-5.00
333132,1395,30064,125,107491,35.00,-7.20,-4.98
333154,615,30064,125,106750,35.00,-7.23,-4.99
333176,0,30064,127,106398,35.00,-7.25,-4.94
333198,0,30064,139,106272,35.00,-7.24,-4.96
333220,33,29296,137,106219,35.00,-7.21,-4.98
333263,587,30064,139,106134,35.00,-7.25,-4.97
333285,1761,29296,150,106188,35.00,-7.25,-5.01
333307,2263,30064,163,106350,35.00,-7.22,-5.01
333329,2567,30064,163,106556,35.00,-7.18,-4.99
333351,2537,30064,167,106716,35.00,-7.20,-4.96
333373,2342,30064,164,106795,35.00,-7.20,-4.96
333395,1919,30064,169,106845,35.00,-7.21,-4.94
333417,1715,30064,165,106886,35.00,-7.21,-4.99
333439,1769,29296,168,106973,35.00,-7.21,-5.00
333461,2005,29296,159,107058,35.00,-7.21,-4.99
333503,2299,29296,165,107394,35.00,-7.24,-4.97
333525,2633,30064,151,107489,35.00,-7.25,-4.98
333547,2775,30064,151,107607,35.00,-7.21,-4.96
333569,2793,30064,157,107699,35.00,-7.22,-5.00
333591,2547,30064,149,107796,35.00,-7.25,-4.99
333613,1980,30064,149,107882,35.00,-7.19,-4.95
333635,1294,30064,146,107982,35.00,-7.23,-4.96
333657,777,30064,139,108065,35.00,-7.23,-4.96
333679,599,30064,141,108128,35.00,-7.24,-4.95
333701,809,30064,141,108211,35.00,-7.22,-4.99
333723,1229,30064,141,108315,35.00,-7.26,-5.00
333764,1690,30064,147,108542,35.00,-7.24,-4.98
333786,2103,30064,149,108619,35.00,-7.23,-4.96
333808,2383,30064,151,108629,35.00,-7.24,-4.99
333830,2485,30064,149,108385,35.00,-7.24,-5.00
333852,2257,30064,150,107655,35.00,-7.23,-4.94
333874,1766,30064,151,106870,35.00,-7.21,-4.94
333896,1240,30064,150,106553,35.00,-7.25,-4.98
333918,1097,30064,149,106437,35.00,-7.22,-4.99
333940,991,30064,147,106370,35.00,-7.20,-4.99
333962,1299,30064,147,106299,35.00,-7.23,-5.01
334570,1628,30064,149,106286,35.69,-7.22,-4.98
334606,2637,30064,155,106530,35.00,-7.24,-5.00
334628,2335,30064,148,106422,35.00,-7.24,-4.94
334650,2535,30064,149,106342,35.00,-7.24,-4.96
334672,2541,30064,149,106265,35.00,-7.22,-4.95
334694,2251,30576,155,106212,35.00,-7.23,-4.95
334716,1865,30576,155,106200,35.00,-7.24,-4.97
334738,1561,30064,157,106240,35.00,-7.24,-4.99
334760,1187,30064,153,106360,35.00,-7.22,-4.91
334782,1247,30064,153,106548,35.00,-7.22,-4.96
334804,1551,30064,153,106698,35.00,-7.20,-4.97
334846,1831,30064,153,106902,35.00,-7.23,-4.96
334868,2213,30064,152,106966,35.00,-7.26,-4.94
334890,2463,30064,157,107053,35.00,-7.21,-4.98
334912,2602,30064,157,107146,35.00,-7.24,-4.97
334934,2427,30064,163,107231,35.00,-7.23,-4.98
334956,1919,30064,153,107342,35.00,-7.21,-4.96
334978,1727,30064,161,107444,35.00,-7.24,-4.92
335340,1041,30064,150,107550,36.26,-7.29,-5.00
335368,645,30064,139,106396,35.00,-7.24,-4.99
335390,1803,30064,126,106348,35.00,-7.26,-4.97
335412,2005,30064,138,106296,35.00,-7.25,-4.97
335434,2150,30576,147,106253,35.00,-7.21,-4.99
335456,1621,30064,133,106258,35.00,-7.22,-4.95
335478,1278,30064,147,106321,35.00,-7.19,-4.99
335500,933,30064,143,106486,35.00,-7.22,-4.99
335522,781,30064,141,106666,35.00,-7.22,-4.96
335544,1118,30064,142,106764,35.00,-7.24,-4.99
335566,1391,30064,137,106808,35.00,-7.22,-4.97
335608,2029,30064,145,107000,35.00,-7.24,-4.95
335630,2531,30064,150,107078,35.00,-7.21,-4.98
335652,2771,30064,152,107162,35.00,-7.24,-4.99
335674,2789,30064,155,107269,35.00,-7.25,-4.93
335696,2407,30064,153,107362,35.00,-7.20,-4.96
335718,1783,30064,153,107452,35.00,-7.26,-4.98
335740,1234,30064,147,107556,35.00,-7.25,-5.00
335762,943,30064,151,107635,35.00,-7.22,-4.98
335784,975,30064,143,107717,35.00,-7.21,-4.98
335806,1255,30064,141,107807,35.00,-7.23,-4.94
335828,1653,30064,143,107879,35.00,-7.23,-4.97
335869,2138,30064,147,108031,35.00,-7.19,-4.98
335891,2383,29296,155,108137,35.00,-7.23,-4.94
335913,2613,30064,155,108254,35.00,-7.21,-4.95
335935,2524,30064,167,108331,35.00,-7.24,-4.97
335957,2125,30064,157,108399,35.00,-7.21,-4.97
335979,1492,30064,155,108438,35.00,-7.25,-4.94
336357,1043,30064,149,108399,36.28,-7.25,-4.97
336390,2117,29296,160,107146,35.00,-7.21,-4.95
336412,2631,29296,155,107226,35.00,-7.24,-4.96
336434,3109,30064,169,107331,35.00,-7.25,-4.95
336456,3131,29296,184,107416,35.00,-7.23,-4.98
336478,3133,29296,187,107504,35.00,-7.24,-4.99
336500,1897,29296,171,107593,35.00,-7.24,-4.95
336522,1323,29296,157,107699,35.00,-7.24,-4.98
336544,849,30064,151,107778,35.00,-7.23,-4.96
336566,1004,29296,143,107837,35.00,-7.19,-4.95
336588,922,29296,145,107906,35.00,-7.26,-5.01
336631,1712,30064,147,108191,35.00,-7.19,-5.02
336653,2103,29296,143,108306,35.00,-7.24,-5.02
336675,2120,30064,139,108382,35.00,-7.27,-4.96
336697,1849,30064,151,108405,35.00,-7.24,-4.95
336719,1597,30064,138,108289,35.00,-7.29,-4.98
336741,1183,30064,149,107729,35.00,-7.25,-5.00
336763,931,30064,148,106962,35.00,-7.20,-4.98
336785,1007,30064,159,106566,35.00,-7.25,-4.99
336807,1215,29296,152,106421,35.00,-7.25,-4.96
336829,1379,30064,147,106345,35.00,-7.24,-4.97
336871,1864,30064,142,106230,35.00,-7.19,-4.99
336893,2135,30064,153,106241,35.00,-7.21,-5.00
336915,2475,30064,160,106335,35.00,-7.21,-4.96
336937,2671,30064,172,106520,35.00,-7.26,-4.99
336959,2385,29296,179,106678,35.00,-7.23,-4.98
336981,1975,30064,179,106779,35.00,-7.19,-4.96
337378,1511,30064,181,106822,35.80,-7.22,-5.00
337413,1845,29296,183,108401,35.00,-7.23,-4.96
337435,2401,30064,173,108305,35.00,-7.21,-4.97
337457,2187,30064,172,107738,35.00,-7.24,-4.98
337479,1771,30064,164,106950,35.00,-7.22,-4.96
337501,1231,30064,158,106558,35.00,-7.23,-5.05
337523,869,30064,155,106393,35.00,-7.23,-4.96
337545,661,30064,155,106299,35.00,-7.22,-4.98
337567,694,30064,147,106208,35.00,-7.20,-5.02
337589,743,30064,141,106143,35.00,-7.26,-4.99
337611,876,30064,123,106116,35.00,-7.27,-4.95
337653,1432,30064,139,106410,35.00,-7.23,-4.98
337675,1853,30064,134,106555,35.00,-7.24,-4.98
337697,2035,30064,135,106647,35.00,-7.24,-4.99
337719,2011,30064,147,106676,35.00,-7.22,-4.99
337741,1851,29296,153,106718,35.00,-7.24,-5.02
337763,919,29296,139,106788,35.00,-7.19,-5.00
337785,939,30064,153,106886,35.00,-7.25,-4.99
337807,894,29296,153,106969,35.00,-7.19,-4.93
337829,1173,29296,148,107052,35.00,-7.22,-4.96
337851,1842,29296,157,107135,35.00,-7.21,-4.96
337873,2127,29296,153,107226,35.00,-7.24,-5.01
337914,2412,29296,159,107498,35.00,-7.27,-4.95
337936,2227,28784,148,107597,35.00,-7.25,-4.96
337958,2294,28784,157,107684,35.00,-7.22,-4.96
337980,2121,28784,164,107740,35.00,-7.24,-4.97
338399,1439,28784,156,107809,36.49,-7.27,-4.95
338435,2226,29296,135,106707,35.00,-7.21,-4.99
338457,2459,28784,123,106750,35.00,-7.21,-4.98
338479,2005,29296,119,106813,35.00,-7.21,-4.96
338501,1847,29296,117,106891,35.00,-7.24,-4.96
338523,2057,29296,147,106982,35.00,-7.25,-4.96
338545,1578,28784,137,107043,35.00,-7.27,-4.94
338567,1291,28784,136,107136,35.00,-7.25,-4.96
338589,1287,28784,125,107233,35.00,-7.22,-4.98
338611,1321,28784,117,107322,35.00,-7.24,-4.98
338633,1700,28784,109,107415,35.00,-7.24,-4.98
338676,2041,28784,117,107633,35.00,-7.24,-4.98
338698,2638,28784,117,107701,35.00,-7.24,-4.97
338720,2517,29296,133,107772,35.00,-7.28,-4.99
338742,2099,28784,122,107841,35.00,-7.25,-4.98
338764,1529,28784,127,107927,35.00,-7.23,-4.96
338786,949,29296,115,108002,35.00,-7.22,-4.94
338808,589,28784,101,108082,35.00,-7.25,-4.98
338830,309,28784,85,108160,35.00,-7.24,-4.97
338852,279,28784,69,108220,35.00,-7.26,-4.99
338874,11,28784,29,108237,35.00,-7.24,-4.96
338916,0,29296,29,106830,35.00,-7.21,-4.95
338938,3787,28784,155,106487,35.00,-7.23,-4.98
338960,3721,28784,165,106342,35.00,-7.21,-4.97
338982,3293,28784,160,106275,35.00,-7.24,-4.99
339420,1819,28784,138,106217,35.42,-7.23,-4.95
339458,2463,28784,155,107779,35.00,-7.22,-4.96
339480,2595,28784,151,107867,35.00,-7.24,-4.96
339502,2399,28784,155,107946,35.00,-7.25,-4.95
339524,2037,28784,159,108011,35.00,-7.23,-5.02
339546,1461,28784,149,108070,35.00,-7.24,-4.95
339568,1129,28784,147,108096,35.00,-7.26,-4.97
339590,1077,28784,147,108044,35.00,-7.24,-4.97
339612,1236,28592,139,107626,35.00,-7.24,-4.98
339634,1660,28784,146,106918,35.00,-7.25,-4.98
339656,2159,28784,143,106465,35.00,-7.24,-4.97
339698,2535,28784,149,106096,35.00,-7.24,-4.98
339720,2641,28784,153,106016,35.00,-7.24,-4.96
339742,2303,28784,155,105970,35.00,-7.24,-4.96
339764,1755,28592,151,105960,35.00,-7.24,-4.98
339786,1340,28592,151,106031,35.00,-7.24,-4.99
339808,947,28592,147,106175,35.00,-7.22,-4.96
339830,857,28592,146,106343,35.00,-7.23,-4.97
339852,1047,28784,143,106447,35.00,-7.24,-4.95
339874,1481,28784,147,106504,35.00,-7.23,-5.00
339896,1957,28592,143,106565,35.00,-7.23,-5.01
339918,2410,28784,154,106647,35.00,-7.24,-4.98
339959,2637,28784,154,106894,35.00,-7.26,-4.97
339981,2603,28784,152,107001,35.00,-7.27,-4.99
340696,2291,28784,159,107129,36.37,-7.24,-5.00
340721,2215,28592,149,107315,35.00,-7.22,-4.99
340743,2584,28784,155,107443,35.00,-7.22,-5.01
340765,2035,28784,151,107551,35.00,-7.25,-4.95
340787,1484,28784,153,107630,35.00,-7.25,-4.97
340809,1133,28784,142,107728,35.00,-7.23,-5.00
340831,883,28784,147,107810,35.00,-7.19,-5.01
340853,1005,29296,141,107889,35.00,-7.25,-4.98
340875,1463,29296,143,107926,35.00,-7.23,-4.96
340897,1835,29296,147,107973,35.00,-7.29,-4.98
340919,2328,29296,153,108044,35.00,-7.23,-5.01
340961,2410,29296,149,108332,35.00,-7.23,-4.97
340983,2415,29296,152,108373,35.00,-7.25,-4.96
341718,2121,29296,149,108401,35.31,-7.20,-4.96
341743,2237,29296,149,108565,35.00,-7.23,-4.98
341765,2339,29296,151,108217,35.00,-7.21,-4.95
341787,1960,30064,149,107412,35.00,-7.21,-4.99
341809,1471,29296,149,106789,35.00,-7.24,-4.97
341831,1169,30064,148,106566,35.00,-7.24,-4.96
341853,990,30064,141,106466,35.00,-7.25,-4.96
341875,1189,30064,146,106414,35.00,-7.24,-4.97
341897,1561,29296,143,106335,35.00,-7.27,-4.97
341919,2005,29296,143,106302,35.00,-7.23,-4.95
341941,2439,30064,151,106305,35.00,-7.24,-4.97
341984,2621,30064,151,106691,35.00,-7.23,-4.97
342739,2411,30064,155,106837,35.30,-7.23,-5.01
342765,2258,29296,155,106909,35.00,-7.24,-4.96
342787,2325,30064,159,106968,35.00,-7.25,-4.99
342809,2111,30064,163,107040,35.00,-7.24,-4.94
342831,1503,30064,163,107126,35.00,-7.20,-4.97
342853,1066,29296,155,107230,35.00,-7.23,-4.96
342875,947,29296,153,107326,35.00,-7.22,-4.99
342897,1099,30064,150,107421,35.00,-7.23,-4.95
342919,1433,29296,151,107523,35.00,-7.26,-4.96
342941,1978,30064,149,107618,35.00,-7.21,-4.96
342963,2341,29296,153,107705,35.00,-7.26,-4.98
342985,2419,30064,146,107793,35.00,-7.24,-4.95
343026,2263,29296,154,107993,35.00,-7.23,-4.96
343048,2039,29296,145,108011,35.00,-7.25,-4.95
343070,1577,29296,147,108059,35.00,-7.21,-4.96
343092,1019,29296,138,108128,35.00,-7.23,-4.96
343114,760,29296,136,108203,35.00,-7.27,-5.00
343136,751,29296,127,108289,35.00,-7.19,-4.96
343158,1060,29296,139,108379,35.00,-7.22,-4.97
343180,1462,30064,131,108433,35.00,-7.22,-4.96
343202,1943,30064,141,108433,35.00,-7.25,-4.98
343224,2250,29296,139,108287,35.00,-7.23,-4.97
343267,2297,30064,142,106591,35.00,-7.27,-4.97
343289,1999,29296,135,106466,35.00,-7.25,-5.00
343311,1581,30064,141,106395,35.00,-7.23,-4.95
343333,1193,29296,136,106330,35.00,-7.24,-4.98
343355,908,30064,139,106287,35.00,-7.19,-5.01
343377,923,30064,132,106258,35.00,-7.24,-4.98
343399,1125,29296,135,106292,35.00,-7.22,-5.00
343421,1811,30064,136,106407,35.00,-7.23,-4.96
343443,2279,30064,146,106572,35.00,-7.27,-5.00
343465,2531,30064,143,106729,35.00,-7.22,-4.99
343507,2557,30064,148,106918,35.00,-7.25,-4.94
343529,2309,30064,151,106983,35.00,-7.25,-4.95
343551,1871,30064,149,107101,35.00,-7.23,-4.98
343573,1365,30064,147,107196,35.00,-7.26,-4.95
343595,1071,30064,147,107301,35.00,-7.20,-4.98
343617,1165,30064,147,107395,35.00,-7.23,-4.97
343639,1461,30064,149,107506,35.00,-7.26,-4.99
343661,1952,30064,156,107611,35.00,-7.20,-4.97
343683,2441,30064,157,107724,35.00,-7.24,-4.99
343705,2789,30064,159,107827,35.00,-7.23,-4.99
343727,2902,30064,167,107927,35.00,-7.26,-4.96
343768,2680,30064,167,108127,35.00,-7.24,-4.96
343790,2367,30064,174,108208,35.00,-7.22,-4.99
343812,1845,30064,165,108272,35.00,-7.23,-5.01
343834,1343,30064,156,108347,35.00,-7.20,-4.93
343856,1021,30064,155,108432,35.00,-7.21,-4.98
343878,1117,30064,152,108504,35.00,-7.22,-4.99
343900,1471,30064,151,108581,35.00,-7.24,-4.97
343922,1992,30064,153,108607,35.00,-7.19,-4.97
343944,2399,30064,155,108556,35.00,-7.22,-4.99
343966,2581,30064,157,108163,35.00,-7.24,-4.96
344526,2458,30064,154,106560,35.54,-7.27,-5.01
344556,2646,30064,157,108429,35.00,-7.26,-4.98
344578,893,30064,146,108510,35.00,-7.24,-4.97
344600,1273,30064,152,108604,35.00,-7.29,-4.99
344622,1691,30064,149,108699,35.00,-7.19,-4.99
344644,2253,30064,155,108768,35.00,-7.20,-4.95
344666,2635,30064,156,108807,35.00,-7.26,-4.95
344688,2767,30064,165,108745,35.00,-7.23,-5.00
344730,2603,30064,159,106884,35.00,-7.23,-5.02
344752,2155,30064,150,106654,35.00,-7.25,-4.98
344774,1591,30064,141,106549,35.00,-7.23,-4.98
344796,1142,30064,146,106477,35.00,-7.24,-4.98
344818,952,30064,147,106407,35.00,-7.19,-4.99
344840,1071,30064,139,106359,35.00,-7.21,-5.01
344862,1417,30064,147,106365,35.00,-7.22,-4.98
344884,1885,30064,147,106419,35.00,-7.21,-4.99
344906,2387,30064,154,106558,35.00,-7.28,-4.98
344928,2709,30064,148,106736,35.00,-7.23,-4.99
344950,2575,30064,153,106879,35.00,-7.25,-5.00
344991,2116,30064,154,107030,35.00,-7.24,-4.96
345547,1871,30064,147,107102,35.88,-7.24,-4.98
345577,2717,30064,156,106388,35.00,-7.23,-4.94
345599,983,29296,155,106356,35.00,-7.23,-4.97
345621,1157,30064,153,106397,35.00,-7.26,-4.97
345643,1513,30064,157,106500,35.00,-7.24,-4.98
345665,2056,30064,153,106677,35.00,-7.18,-4.99
345687,2456,30064,167,106811,35.00,-7.27,-4.97
345709,2648,30064,169,106881,35.00,-7.22,-4.99
345731,2644,30064,167,106909,35.00,-7.23,-4.94
345773,2430,30064,167,107078,35.00,-7.23,-4.95
345795,1894,30064,154,107160,35.00,-7.22,-4.95
345817,1255,29296,151,107237,35.00,-7.24,-5.00
345839,878,29296,149,107335,35.00,-7.24,-4.98
345861,791,29296,141,107410,35.00,-7.20,-4.99
345883,1086,30064,139,107499,35.00,-7.23,-4.99
345905,1652,30064,139,107597,35.00,-7.21,-4.92
345927,2037,30064,147,107680,35.00,-7.24,-4.98
345949,2343,30064,143,107757,35.00,-7.24,-5.02
345971,2375,29296,151,107838,35.00,-7.22,-5.00
346568,2107,29296,145,107990,35.17,-7.27,-4.96
346598,2910,30064,159,107081,35.00,-7.23,-4.97
346620,1116,30064,145,107169,35.00,-7.21,-4.99
346642,1180,30064,147,107284,35.00,-7.26,-4.99
346664,1429,30064,148,107384,35.00,-7.27,-5.00
346686,1982,30064,153,107494,35.00,-7.19,-4.97
346708,2652,30064,157,107594,35.00,-7.22,-4.94
346730,3177,30064,173,107673,35.00,-7.25,-4.99
346752,3183,30064,171,107758,35.00,-7.19,-4.97
346774,2778,30064,165,107837,35.00,-7.23,-5.01
346815,2301,30064,159,108053,35.00,-7.25,-4.99
346837,1869,30064,153,108160,35.00,-7.21,-4.97
346859,1147,30064,141,108253,35.00,-7.23,-4.98
346881,796,30064,141,108326,35.00,-7.22,-4.99
346903,883,29296,147,108360,35.00,-7.25,-5.00
346925,1215,30064,145,108310,35.00,-7.24,-5.01
346947,1725,30064,147,107891,35.00,-7.23,-5.00
346969,2251,30064,149,107105,35.00,-7.22,-4.99
346991,2507,30064,153,106595,35.00,-7.21,-4.98
347590,2549,30064,152,106378,35.36,-7.21,-4.99
347621,2647,30064,155,108341,35.00,-7.23,-4.98
347643,621,30064,134,108421,35.00,-7.23,-4.95
347665,939,30064,141,108448,35.00,-7.27,-4.96
347687,1395,30064,140,108324,35.00,-7.23,-4.95
347709,2045,30064,150,107725,35.00,-7.22,-4.96
347731,2514,30064,155,106960,35.00,-7.25,-5.00
347753,2732,30064,153,106599,35.00,-7.25,-4.95
347775,2693,30064,155,106477,35.00,-7.22,-4.99
347797,2303,30064,157,106414,35.00,-7.25,-4.98
347838,1812,30064,153,106287,35.00,-7.23,-4.95
347860,1437,30064,149,106317,35.00,-7.24,-4.95
347882,1036,30064,143,106435,35.00,-7.23,-5.00
347904,973,30064,149,106610,35.00,-7.21,-4.99
347926,1199,30064,141,106767,35.00,-7.24,-4.94
347948,1654,30064,155,106843,35.00,-7.23,-4.98
347970,2155,30576,145,106891,35.00,-7.21,-4.97
347992,2577,30576,156,106942,35.00,-7.24,-4.97
348356,2683,30064,153,107015,35.56,-7.18,-4.98
348384,1941,30064,137,108728,35.00,-7.23,-4.97
348406,759,30064,136,108756,35.00,-7.23,-4.97
348428,1207,30064,136,108762,35.00,-7.20,-4.95
348450,1707,30064,136,108499,35.00,-7.24,-4.97
348472,2285,30064,143,107780,35.00,-7.24,-4.98
348494,2535,30576,145,107058,35.00,-7.21,-4.98
348516,2517,30576,148,106771,35.00,-7.22,-4.97
348538,2232,30064,150,106712,35.00,-7.21,-4.99
348580,1775,30064,147,106642,35.00,-7.24,-4.94
348602,1315,30064,139,106702,35.00,-7.25,-4.98
348624,1051,30064,140,106827,35.00,-7.23,-4.96
348646,973,30576,137,107004,35.00,-7.23,-4.99
348668,1261,30064,139,107162,35.00,-7.24,-5.01
348690,1770,30064,149,107232,35.00,-7.21,-4.96
348712,2291,30064,155,107275,35.00,-7.25,-4.96
348734,2537,30576,153,107320,35.00,-7.21,-5.01
348756,2597,30576,153,107390,35.00,-7.22,-4.97
348778,2341,30576,153,107481,35.00,-7.24,-4.97
348820,1848,30064,151,107772,35.00,-7.23,-4.99
348842,1329,30064,150,107853,35.00,-7.22,-4.97
348864,1072,30064,149,107937,35.00,-7.19,-4.96
348886,949,30064,145,108018,35.00,-7.27,-4.99
348908,1438,30064,147,108099,35.00,-7.22,-4.99
348930,1747,30064,149,108171,35.00,-7.23,-4.96
348952,2295,30064,148,108224,35.00,-7.22,-5.00
348974,2733,30064,157,108281,35.00,-7.23,-4.97
348996,2861,30064,157,108341,35.00,-7.19,-4.94
349377,2715,30064,154,108388,36.48,-7.24,-4.95
349405,2156,30064,153,106831,35.00,-7.26,-4.98
349427,745,30064,139,106911,35.00,-7.22,-4.93
349449,1183,30064,141,106939,35.00,-7.24,-5.03
349471,1689,30064,148,106981,35.00,-7.23,-4.97
349493,2188,30064,152,107043,35.00,-7.21,-4.99
349515,2525,30064,157,107121,35.00,-7.25,-4.98
349537,2683,30576,163,107214,35.00,-7.23,-4.96
349559,2549,30064,167,107294,35.00,-7.25,-5.01
349581,2137,30064,169,107366,35.00,-7.24,-4.97
349622,1625,30064,165,107656,35.00,-7.20,-4.97
349644,1545,30064,169,107730,35.00,-7.20,-5.00
349666,1255,30064,168,107819,35.00,-7.21,-4.93
349688,1188,30064,163,107914,35.00,-7.21,-4.98
349710,1469,30064,163,108000,35.00,-7.21,-4.94
349732,1869,30064,164,108072,35.00,-7.19,-4.97
349754,2403,30064,171,108153,35.00,-7.20,-4.98
349776,2651,30064,169,108201,35.00,-7.22,-4.97
349798,2437,30064,163,108244,35.00,-7.23,-4.99
349820,2167,30064,155,108287,35.00,-7.24,-4.98
349842,1595,30064,153,108354,35.00,-7.21,-4.96
349883,1021,30064,153,108503,35.00,-7.24,-4.98
349905,762,30064,147,108523,35.00,-7.24,-4.97
349927,599,30064,143,108307,35.00,-7.20,-4.99
349949,819,30064,141,107607,35.00,-7.26,-4.99
349971,1215,30064,141,106919,35.00,-7.23,-4.96
349993,1685,30064,145,106613,35.00,-7.23,-4.95
350397,2133,30576,145,106508,36.04,-7.23,-4.97
350425,2479,30064,150,107772,35.00,-7.24,-4.98
350447,718,29296,137,107867,35.00,-7.26,-4.96
350469,955,30064,147,107959,35.00,-7.22,-4.95
350491,1325,30064,137,108043,35.00,-7.20,-4.98
350513,1897,30064,148,108119,35.00,-7.24,-4.95
350535,2266,30064,139,108173,35.00,-7.23,-4.98
350557,2840,30064,155,108263,35.00,-7.21,-5.02
350579,2793,30064,151,108370,35.00,-7.21,-4.97
350601,2427,30064,155,108462,35.00,-7.23,-4.99
350623,1997,30064,149,108541,35.00,-7.24,-4.96
350665,1337,30064,151,108250,35.00,-7.19,-4.99
350687,892,30064,139,107500,35.00,-7.25,-4.98
350709,940,30064,147,106890,35.00,-7.23,-4.97
350731,1203,30064,149,106645,35.00,-7.29,-5.00
350753,1571,30064,151,106583,35.00,-7.23,-4.99
350775,2213,30064,153,106530,35.00,-7.19,-4.97
350797,2597,30064,159,106510,35.00,-7.26,-5.01
350819,2719,30064,157,106474,35.00,-7.22,-4.96
350841,2493,30064,165,106485,35.00,-7.24,-5.02
350863,2057,30064,153,106559,35.00,-7.23,-4.95
350905,1454,30064,155,106956,35.00,-7.21,-4.95
350927,1125,30064,149,106997,35.00,-7.23,-4.98
350949,1064,30064,149,107039,35.00,-7.23,-4.95
350971,1297,30064,147,107101,35.00,-7.23,-4.96
350993,1722,30064,143,107182,35.00,-7.26,-4.96
351419,2187,30064,147,107272,36.39,-7.22,-4.96
351448,2569,30064,157,106784,35.00,-7.24,-4.99
351470,841,30064,149,106646,35.00,-7.20,-4.99
351492,1227,30064,147,106615,35.00,-7.23,-5.02
351514,1571,29296,148,106594,35.00,-7.22,-4.95
351536,1979,30064,147,106580,35.00,-7.23,-4.97
351558,2393,30064,153,106584,35.00,-7.24,-4.95
351580,2520,30064,152,106639,35.00,-7.26,-4.98
351602,2365,30064,151,106768,35.00,-7.27,-4.98
351624,1952,30064,159,106937,35.00,-7.24,-4.95
351646,1445,30064,151,107045,35.00,-7.24,-4.98
351687,1023,30064,153,107175,35.00,-7.20,-4.96
351709,822,30064,139,107232,35.00,-7.25,-4.99
351731,789,30064,141,107299,35.00,-7.21,-4.97
351753,1075,30064,137,107378,35.00,-7.20,-4.96
351775,1567,30064,151,107450,35.00,-7.21,-4.98
351797,2154,30064,150,107520,35.00,-7.24,-4.98
351819,2515,30064,159,107617,35.00,-7.21,-5.00
351841,2661,30064,157,107708,35.00,-7.25,-4.94
351863,2483,30064,167,107788,35.00,-7.27,-4.99
351885,2023,30064,152,107854,35.00,-7.23,-4.97
351907,1493,30064,157,107933,35.00,-7.21,-4.97
351948,1078,30064,153,108069,35.00,-7.26,-4.98
351970,1004,30064,153,108143,35.00,-7.25,-4.98
351992,1019,30064,148,108218,35.00,-7.23,-5.02
352440,1369,30064,157,108294,35.97,-7.23,-5.00
352469,3127,29296,168,107271,35.00,-7.23,-4.95
352491,875,29296,152,107363,35.00,-7.19,-4.97
352513,901,29296,150,107435,35.00,-7.24,-4.98
352535,1187,29296,151,107523,35.00,-7.24,-5.01
352557,1997,29296,155,107607,35.00,-7.20,-4.97
352579,2199,29296,155,107681,35.00,-7.26,-4.96
352601,2543,30064,157,107777,35.00,-7.24,-5.00
352623,2667,30064,167,107849,35.00,-7.24,-4.95
352645,2366,30064,164,107919,35.00,-7.23,-4.98
352667,1907,29296,165,107989,35.00,-7.22,-4.98
352710,1274,29296,155,108236,35.00,-7.24,-4.98
352732,819,29296,150,108352,35.00,-7.24,-4.95
352754,913,29296,147,108451,35.00,-7.22,-4.97
352776,1301,29296,149,108498,35.00,-7.23,-4.98
352798,1759,29296,143,108527,35.00,-7.19,-4.95
352820,2238,29296,157,108445,35.00,-7.23,-5.00
352842,2360,29296,156,107970,35.00,-7.21,-4.97
352864,2213,29296,156,107190,35.00,-7.27,-4.98
352886,1823,29296,155,106749,35.00,-7.26,-4.96
352908,1461,29296,155,106589,35.00,-7.24,-4.96
352950,1215,29296,157,106425,35.00,-7.22,-4.97
352972,1175,29296,158,106381,35.00,-7.20,-4.96
352994,1321,29296,153,106397,35.00,-7.20,-4.97
353716,1701,29296,155,106486,35.43,-7.21,-4.98
353752,1420,28592,147,106482,35.00,-7.27,-5.01
353774,727,28592,137,106577,35.00,-7.24,-5.00
353796,1005,28592,145,106627,35.00,-7.24,-4.99
353818,1479,28592,147,106675,35.00,-7.24,-4.98
353840,1937,28592,147,106730,35.00,-7.24,-5.00
353862,2419,28592,156,106793,35.00,-7.22,-4.99
353884,2581,28784,157,106892,35.00,-7.24,-4.97
353906,2461,28784,164,106967,35.00,-7.23,-4.99
353928,2105,28784,157,107036,35.00,-7.24,-4.96
353950,1606,28592,160,107133,35.00,-7.21,-4.97
353972,1123,28784,151,107235,35.00,-7.24,-4.97
354737,889,28784,149,107446,35.66,-7.24,-4.92
354775,1235,28784,149,107057,35.00,-7.25,-4.99
354797,746,28784,147,107129,35.00,-7.22,-4.97
354819,1174,28784,143,107224,35.00,-7.24,-4.94
354841,1693,28784,143,107308,35.00,-7.23,-4.96
354863,2227,28784,157,107380,35.00,-7.25,-4.96
354885,2488,28784,153,107438,35.00,-7.24,-4.96
354907,2415,29296,159,107473,35.00,-7.18,-4.98
354929,2008,29296,149,107508,35.00,-7.24,-4.99
354951,1578,28784,155,107441,35.00,-7.24,-4.97
354973,1061,28784,142,106996,35.00,-7.21,-4.95
355759,805,28784,151,106008,35.16,-7.20,-4.97
355797,1463,28592,155,106009,35.00,-7.21,-4.96
355819,1179,28592,147,105947,35.00,-7.22,-5.00
355841,1560,28784,153,105928,35.00,-7.24,-4.97
355863,1963,28784,151,105959,35.00,-7.18,-4.98
355885,2366,28784,155,106068,35.00,-7.25,-4.98
355907,2439,28784,147,106210,35.00,-7.28,-5.03
355929,2301,28784,155,106339,35.00,-7.21,-4.96
355951,1868,28784,149,106411,35.00,-7.22,-5.02
355973,1327,28784,151,106446,35.00,-7.21,-4.99
355995,983,28784,142,106484,35.00,-7.23,-4.96
356038,846,28784,149,106646,35.00,-7.22,-5.00
356060,1065,28784,137,106714,35.00,-7.22,-5.00
356082,1513,29296,149,106794,35.00,-7.22,-4.96
356104,2041,29296,145,106857,35.00,-7.24,-4.96
356126,2483,29296,151,106937,35.00,-7.25,-4.97
356148,2555,29296,153,107002,35.00,-7.20,-4.97
356170,2377,29296,155,107076,35.00,-7.22,-4.96
356192,1992,29296,151,107149,35.00,-7.24,-4.95
356214,1491,29296,153,107219,35.00,-7.19,-4.97
356236,1097,28784,151,107288,35.00,-7.25,-4.98
356278,1047,28784,149,107503,35.00,-7.22,-4.97
356300,1272,28784,147,107593,35.00,-7.22,-4.98
356322,1685,29296,148,107692,35.00,-7.24,-4.95
356344,2094,29296,147,107781,35.00,-7.23,-4.94
356366,2351,29296,153,107834,35.00,-7.23,-4.98
356388,2556,29296,155,107853,35.00,-7.24,-4.97
356410,2456,29296,159,107801,35.00,-7.24,-4.97
356432,1956,29296,153,107372,35.00,-7.24,-5.00
356454,1458,29296,155,106713,35.00,-7.25,-4.99
356476,1071,29296,147,106332,35.00,-7.23,-4.96
356498,971,29296,150,106162,35.00,-7.23,-4.96
356539,1146,29296,142,105912,35.00,-7.22,-4.97
356561,1275,28784,151,105901,35.00,-7.27,-4.99
356583,1769,29296,147,105916,35.00,-7.20,-4.98
356605,2171,29296,152,106010,35.00,-7.24,-5.00
356627,2525,29296,155,106170,35.00,-7.23,-4.99
356649,2653,29296,159,106317,35.00,-7.20,-5.00
356671,2399,29296,159,106408,35.00,-7.25,-5.00
356693,1949,29296,157,106444,35.00,-7.21,-4.95
356715,1429,28784,157,106483,35.00,-7.20,-4.97
356737,1110,28784,153,106561,35.00,-7.26,-4.98
356779,1107,29296,155,106823,35.00,-7.22,-4.96
356801,1389,29296,150,106911,35.00,-7.23,-4.98
356823,1757,29296,155,107015,35.00,-7.19,-4.94
356845,2175,29296,153,107116,35.00,-7.25,-5.01
356867,2455,29296,157,107215,35.00,-7.20,-4.99
356889,2509,29296,153,107311,35.00,-7.19,-4.95
356911,2409,29296,163,107394,35.00,-7.24,-4.97
356933,2092,28784,149,107485,35.00,-7.23,-4.99
356955,1755,28784,156,107568,35.00,-7.24,-4.98
356977,1074,28784,141,107638,35.00,-7.21,-4.99
356999,793,28784,137,107714,35.00,-7.22,-4.97
357040,969,28592,137,107979,35.00,-7.24,-4.97
357062,872,28592,127,108091,35.00,-7.24,-4.98
357084,1293,28592,138,108177,35.00,-7.24,-4.93
357106,1958,28080,140,108213,35.00,-7.22,-4.99
357128,2227,27312,137,108145,35.00,-7.22,-4.96
357150,2409,27312,141,107686,35.00,-7.23,-4.99
357172,2021,26800,149,106933,35.00,-7.22,-4.99
357194,1629,26800,149,106491,35.00,-7.19,-4.96
357216,1051,26800,147,106329,35.00,-7.23,-4.97
357238,742,26800,141,106234,35.00,-7.28,-4.97
357281,755,27312,149,106073,35.00,-7.21,-4.98
357303,1421,26800,147,106087,35.00,-7.23,-4.95
357325,2274,27312,151,106167,35.00,-7.24,-4.99
357347,2517,27312,165,106324,35.00,-7.23,-4.98
357369,2602,27312,155,106498,35.00,-7.25,-4.97
357391,2588,27312,159,106598,35.00,-7.20,-5.01
357413,2269,27312,167,106653,35.00,-7.22,-4.96
357435,1867,27312,163,106708,35.00,-7.20,-5.02
357457,1469,27312,163,106776,35.00,-7.26,-4.97
357479,1177,27312,157,106854,35.00,-7.19,-5.02
357521,1139,27312,157,107147,35.00,-7.21,-4.99
357543,1565,27312,157,107244,35.00,-7.22,-4.98
357565,2105,27312,157,107351,35.00,-7.20,-4.97
357587,2687,27312,169,107463,35.00,-7.28,-4.98
357609,2903,27312,163,107552,35.00,-7.22,-4.99
357631,2963,28080,168,107650,35.00,-7.23,-4.99
357653,2675,28080,171,107754,35.00,-7.24,-5.01
357675,2019,28080,165,107843,35.00,-7.23,-4.96
357697,1414,28080,156,107922,35.00,-7.23,-5.01
357719,1047,28080,152,107999,35.00,-7.25,-4.96
357762,1055,28080,150,108236,35.00,-7.21,-5.03
357784,1399,28080,149,108354,35.00,-7.23,-4.97
357806,1913,28080,147,108459,35.00,-7.23,-4.97
357828,2143,28080,155,108509,35.00,-7.28,-4.97
357850,2343,28080,151,108550,35.00,-7.25,-4.96
357872,2491,28080,154,108430,35.00,-7.23,-4.99
357894,1707,28080,155,107866,35.00,-7.24,-4.99
357916,1391,28080,149,107025,35.00,-7.21,-4.94
357938,747,28080,147,106607,35.00,-7.27,-4.97
357960,601,28080,151,106451,35.00,-7.24,-5.02
358566,718,28080,151,106239,35.67,-7.24,-4.98
358604,2407,28592,155,108652,35.00,-7.26,-5.00
358626,1546,28592,146,108451,35.00,-7.23,-4.94
358648,1966,28592,143,107754,35.00,-7.23,-4.95
358670,2213,28592,149,106951,35.00,-7.23,-5.01
358692,2232,28592,151,106627,35.00,-7.21,-4.97
358714,1879,28592,151,106506,35.00,-7.20,-4.99
358736,1463,28592,147,106445,35.00,-7.24,-4.99
358758,957,28592,153,106373,35.00,-7.23,-4.98
358780,717,28592,143,106325,35.00,-7.20,-4.96
358802,649,28592,141,106307,35.00,-7.24,-5.00
358844,878,28592,147,106667,35.00,-7.24,-4.98
358866,1467,28592,147,106817,35.00,-7.22,-4.96
358888,2031,28592,150,106902,35.00,-7.25,-4.96
358910,2285,28592,151,106930,35.00,-7.24,-4.98
358932,2524,28592,153,106990,35.00,-7.26,-5.00
358954,2261,28592,157,107056,35.00,-7.25,-4.98
358976,1707,28592,147,107189,35.00,-7.19,-4.98
358998,1289,28592,152,107287,35.00,-7.22,-4.96
359020,956,28592,151,107373,35.00,-7.27,-4.98
359042,973,28592,149,107467,35.00,-7.23,-4.99
359064,1099,28592,145,107595,35.00,-7.22,-4.98
359105,1563,28592,151,107894,35.00,-7.24,-4.95
359127,1824,28592,142,108010,35.00,-7.23,-4.94
359149,2340,28592,150,108102,35.00,-7.21,-4.97
359171,2641,28784,153,108176,35.00,-7.24,-4.98
359193,2736,28592,157,108258,35.00,-7.25,-4.97
359215,2489,28592,156,108319,35.00,-7.19,-4.99
359237,2079,28592,155,108396,35.00,-7.23,-4.97
359259,1500,28784,152,108469,35.00,-7.22,-4.97
359281,1123,28784,147,108560,35.00,-7.25,-4.98
359303,1015,28784,147,108654,35.00,-7.21,-5.00
359345,1245,28592,141,108868,35.00,-7.25,-5.05
359367,1867,28784,153,108851,35.00,-7.23,-4.98
359389,2395,28784,155,108506,35.00,-7.20,-4.98
359411,3283,28784,185,107677,35.00,-7.24,-4.96
359433,3205,28784,183,106952,35.00,-7.24,-4.99
359455,3416,28784,200,106701,35.00,-7.23,-4.94
359477,2975,28784,203,106613,35.00,-7.22,-4.95
359499,2579,28592,213,106565,35.00,-7.25,-4.96
359521,2293,28592,215,106498,35.00,-7.19,-4.95
359543,2901,28592,239,106457,35.00,-7.25,-4.94
359565,3787,28592,269,106469,35.00,-7.18,-5.00
359606,3799,28592,284,106824,35.00,-7.20,-4.96
359628,3815,28592,341,106945,35.00,-7.22,-4.93
359650,3816,28592,356,106990,35.00,-7.23,-4.96
359672,3813,28592,375,107030,35.00,-7.23,-4.96
359694,3819,28592,421,107082,35.00,-7.29,-4.95
359716,3812,28592,473,107146,35.00,-7.23,-4.97
359738,3797,28592,485,107227,35.00,-7.24,-4.98
359760,2365,28592,416,107309,35.00,-7.20,-4.98
359782,0,28592,310,107397,35.00,-7.22,-4.97
359804,0,28592,271,107468,35.00,-7.21,-4.96
359847,0,28592,217,107716,35.00,-7.23,-5.02
359869,0,28592,105,107788,35.00,-7.26,-4.99
359891,0,28592,69,107875,35.00,-7.22,-4.96
359913,0,28592,42,107949,35.00,-7.21,-4.98
359935,0,28592,41,107998,35.00,-7.24,-5.01
359957,0,28592,60,108038,35.00,-7.26,-4.98
359979,0,28592,89,108078,35.00,-7.25,-4.95
360353,0,28592,41,108138,35.31,-7.23,-4.99
360388,3813,26416,393,106406,35.00,-7.23,-4.95
360410,3805,26416,338,106458,35.00,-7.26,-4.97
360432,3807,26416,277,106496,35.00,-7.25,-4.94
360454,3818,26416,279,106539,35.00,-7.25,-4.96
360476,3814,26416,439,106598,35.00,-7.21,-4.94
360498,3805,26416,573,106667,35.00,-7.21,-4.97
360520,3796,26416,682,106749,35.00,-7.24,-4.99
360542,3794,26416,767,106831,35.00,-7.24,-4.96
360564,3803,26416,781,106919,35.00,-7.23,-4.96
360586,3811,26416,665,107003,35.00,-7.26,-5.02
360628,1215,26416,425,107267,35.00,-7.23,-4.97
360650,0,26416,237,107312,35.00,-7.22,-4.95
360672,0,26800,173,107358,35.00,-7.24,-4.97
360694,0,26416,127,107414,35.00,-7.22,-4.98
360716,0,26800,83,107483,35.00,-7.22,-4.97
360738,0,26800,118,107586,35.00,-7.22,-4.96
360760,0,26800,135,107691,35.00,-7.21,-4.96
360782,0,26800,123,107814,35.00,-7.24,-4.95
360804,0,26416,119,107930,35.00,-7.20,-4.97
360826,0,26416,111,108028,35.00,-7.24,-5.01
360848,0,26416,110,108103,35.00,-7.22,-4.98
360889,0,26416,114,106698,35.00,-7.24,-4.96
360911,359,26800,135,106396,35.00,-7.22,-4.97
360933,977,26800,149,106254,35.00,-7.21,-4.97
360955,1475,26800,152,106168,35.00,-7.20,-4.99
360977,1557,26800,153,106102,35.00,-7.22,-4.96
360999,958,26800,147,106032,35.00,-7.23,-4.98
361021,407,26800,152,106021,35.00,-7.24,-4.99
361043,105,26800,148,106044,35.00,-7.27,-5.00
361065,93,27312,152,106132,35.00,-7.20,-4.99
361087,219,26800,151,106283,35.00,-7.22,-5.00
361129,469,27312,147,106610,35.00,-7.20,-4.96
361151,1043,26800,137,106646,35.00,-7.23,-4.99
361173,1615,26800,143,106703,35.00,-7.21,-4.99
361195,1991,26800,143,106797,35.00,-7.25,-4.97
361217,1990,26800,151,106917,35.00,-7.24,-4.97
361239,1803,26800,153,107027,35.00,-7.21,-4.97
361261,1471,26800,157,107135,35.00,-7.25,-4.99
361283,965,26800,148,107258,35.00,-7.22,-4.99
361305,679,26800,149,107359,35.00,-7.23,-5.00
361327,695,26800,139,107483,35.00,-7.27,-5.01
361349,1069,26416,147,107597,35.00,-7.24,-4.95
361390,1645,26800,141,107980,35.00,-7.23,-4.98
361412,1832,26800,141,108072,35.00,-7.23,-4.99
361434,2221,26800,145,108182,35.00,-7.24,-4.94
361456,2311,26800,147,108289,35.00,-7.23,-4.99
361478,2139,26800,141,108391,35.00,-7.23,-5.01
361500,1703,26800,139,108493,35.00,-7.26,-5.00
361522,1148,26800,137,108601,35.00,-7.20,-4.97
361544,937,26800,125,108701,35.00,-7.23,-4.96
361566,671,26800,133,108759,35.00,-7.19,-4.96
361588,932,26800,134,108637,35.00,-7.23,-4.96
361631,1418,26800,126,106754,35.00,-7.23,-5.01
361653,2275,26800,138,106576,35.00,-7.24,-4.95
361675,2637,26800,140,106493,35.00,-7.26,-4.98
361697,2696,27312,147,106408,35.00,-7.22,-4.99
361719,2383,26800,147,106354,35.00,-7.21,-5.01
361741,1998,27312,141,106330,35.00,-7.23,-4.98
361763,1511,26800,141,106351,35.00,-7.23,-5.00
361785,1208,26800,139,106438,35.00,-7.24,-4.98
361807,1165,26800,137,106596,35.00,-7.21,-4.98
361829,1391,26800,135,106778,35.00,-7.23,-4.97
361871,1863,26800,141,107029,35.00,-7.23,-4.99
361893,2375,27312,140,107094,35.00,-7.21,-4.98
361915,2699,27312,151,107169,35.00,-7.22,-4.99
361937,2831,27312,153,107261,35.00,-7.24,-4.98
361959,2617,26800,153,107347,35.00,-7.21,-4.97
361981,2095,26800,149,107442,35.00,-7.22,-4.97
362395,1626,26800,146,107571,35.46,-7.21,-4.98
362433,2599,27312,139,106265,35.00,-7.24,-4.99
362455,2487,26800,149,106226,35.00,-7.23,-5.02
362477,2612,27312,143,106241,35.00,-7.23,-5.01
362499,2567,27312,157,106317,35.00,-7.22,-4.98
362521,2169,27312,147,106449,35.00,-7.21,-4.99
362543,1699,27312,153,106611,35.00,-7.26,-4.96
362565,1269,27312,148,106713,35.00,-7.24,-4.94
362587,1031,26800,152,106775,35.00,-7.27,-4.99
362609,1097,27312,149,106818,35.00,-7.17,-5.01
362631,1429,27312,147,106872,35.00,-7.22,-4.96
362673,1881,27312,143,107140,35.00,-7.28,-4.96
362695,2375,27312,152,107220,35.00,-7.24,-5.01
362717,2590,27312,153,107337,35.00,-7.24,-4.99
362739,2555,27312,156,107441,35.00,-7.25,-4.99
362761,2297,26800,152,107551,35.00,-7.20,-4.98
362783,1780,27312,151,107639,35.00,-7.21,-4.99
362805,1321,27312,151,107739,35.00,-7.24,-4.98
362827,1023,27312,149,107814,35.00,-7.26,-5.00
362849,1077,27312,143,107893,35.00,-7.24,-5.01
362871,1353,26800,149,107982,35.00,-7.21,-5.02
362893,1817,27312,147,108070,35.00,-7.23,-5.00
362934,2329,27312,149,108330,35.00,-7.20,-5.00
362956,2437,27312,147,108435,35.00,-7.21,-4.96
362978,2587,27312,149,108483,35.00,-7.22,-4.96
363416,2437,27312,149,108296,36.25,-7.20,-4.93
363455,2669,27312,155,107572,35.00,-7.22,-4.97
363477,2470,27312,149,107673,35.00,-7.23,-5.02
363499,2601,27312,153,107776,35.00,-7.23,-5.00
363521,2505,27312,158,107857,35.00,-7.20,-4.98
363543,2125,27312,153,107935,35.00,-7.23,-4.96
363565,1615,27312,160,107990,35.00,-7.22,-5.01
363587,1199,27312,153,108084,35.00,-7.23,-4.97
363609,1103,27312,153,108196,35.00,-7.22,-4.97
363631,1228,27312,152,108303,35.00,-7.22,-5.01
363653,1607,27312,153,108396,35.00,-7.23,-4.97
363696,2098,27312,155,108290,35.00,-7.26,-5.00
363718,2615,27312,156,107543,35.00,-7.24,-5.00
363740,2711,27312,165,106833,35.00,-7.23,-4.97
363762,2444,27312,164,106537,35.00,-7.22,-4.96
363784,2023,27312,165,106405,35.00,-7.23,-4.98
363806,1437,27312,157,106285,35.00,-7.22,-4.97
363828,1095,27312,155,106208,35.00,-7.23,-4.97
363850,1031,27312,153,106127,35.00,-7.21,-4.96
363872,1257,27312,153,106086,35.00,-7.17,-5.00
363894,1694,27312,157,106097,35.00,-7.23,-4.96
363936,2171,27312,155,106489,35.00,-7.22,-4.95
363958,2427,27312,156,106577,35.00,-7.27,-4.95
363980,2495,27312,154,106619,35.00,-7.20,-5.01
364693,2296,27312,165,106663,36.36,-7.19,-4.98
364718,1625,27312,133,106531,35.00,-7.27,-4.97
364740,2627,27312,141,106583,35.00,-7.21,-5.00
364762,2695,27312,149,106666,35.00,-7.22,-4.95
364784,2441,27312,145,106751,35.00,-7.22,-4.97
364806,2057,26800,150,106860,35.00,-7.21,-4.97
364828,1553,26800,147,106943,35.00,-7.23,-5.01
364850,1237,27312,149,107065,35.00,-7.25,-4.98
364872,1289,27312,149,107168,35.00,-7.23,-4.98
364894,1643,27312,151,107279,35.00,-7.22,-4.98
364916,2195,27312,157,107371,35.00,-7.22,-4.99
364959,2727,27312,162,107610,35.00,-7.20,-4.95
364981,3189,27312,165,107711,35.00,-7.24,-4.94
365714,3003,27312,169,107786,35.39,-7.25,-5.00
365741,1293,27312,136,107409,35.00,-7.25,-4.97
365763,2483,27312,143,107500,35.00,-7.22,-4.99
365785,2387,27312,149,107609,35.00,-7.28,-4.94
365807,2003,27312,150,107686,35.00,-7.19,-4.97
365829,1623,27312,141,107751,35.00,-7.27,-4.99
365851,1175,27312,139,107793,35.00,-7.25,-4.98
365873,1093,27312,137,107761,35.00,-7.25,-4.99
365895,1302,27312,137,107390,35.00,-7.25,-4.96
365917,1851,27312,147,106697,35.00,-7.21,-4.98
365939,2293,27312,147,106281,35.00,-7.23,-4.99
365981,2685,27312,151,105882,35.00,-7.28,-4.99
366736,2779,27312,149,105805,35.38,-7.21,-4.99
366763,1606,27312,134,105949,35.00,-7.23,-4.97
366785,2595,27312,143,105953,35.00,-7.26,-4.99
366807,2279,27312,147,106039,35.00,-7.23,-4.96
366829,1773,28080,141,106200,35.00,-7.20,-4.97
366851,1245,27312,139,106352,35.00,-7.24,-4.99
366873,921,28080,137,106463,35.00,-7.17,-4.98
366895,857,28080,137,106528,35.00,-7.19,-4.97
366917,1041,28080,125,106585,35.00,-7.25,-4.98
366939,1517,28080,140,106659,35.00,-7.20,-4.98
366961,1961,28080,136,106730,35.00,-7.22,-4.97
367504,2296,28080,141,107004,35.47,-7.25,-4.94
367545,2349,28080,136,106050,35.00,-7.26,-4.98
367567,2299,28080,139,106171,35.00,-7.24,-4.97
367589,1899,28080,135,106351,35.00,-7.22,-4.93
367611,1495,28080,141,106486,35.00,-7.24,-4.97
367633,1021,28080,135,106579,35.00,-7.26,-4.99
367655,857,28080,133,106619,35.00,-7.21,-4.99
367677,949,27312,127,106677,35.00,-7.23,-4.97
367699,1353,27312,137,106744,35.00,-7.23,-5.01
367721,1827,28080,139,106817,35.00,-7.23,-4.98
367743,2229,27312,135,106907,35.00,-7.25,-4.98
367785,2487,28080,137,107203,35.00,-7.22,-5.02
367807,2553,28080,141,107315,35.00,-7.21,-4.99
367829,2200,28080,147,107423,35.00,-7.28,-4.96
367851,1747,28080,141,107521,35.00,-7.21,-4.96
367873,1351,28080,138,107623,35.00,-7.23,-4.93
367895,1054,28080,142,107725,35.00,-7.23,-5.02
367917,1067,28080,147,107819,35.00,-7.22,-4.94
367939,1371,28080,146,107892,35.00,-7.25,-4.96
367961,1869,28080,151,107968,35.00,-7.19,-4.98
367983,2365,28080,151,108045,35.00,-7.21,-4.97
368523,2647,28080,154,108134,35.75,-7.25,-4.96
368553,2301,27312,148,107286,35.00,-7.24,-4.97
368575,926,27312,137,107397,35.00,-7.24,-4.99
368597,918,28080,141,107523,35.00,-7.23,-4.98
368619,1080,28080,137,107667,35.00,-7.25,-4.94
368641,1559,28080,147,107801,35.00,-7.21,-5.00
368663,2099,28080,146,107927,35.00,-7.24,-5.00
368685,2543,28080,153,108051,35.00,-7.23,-5.01
368728,2743,28080,155,108336,35.00,-7.21,-4.96
368750,2397,28080,155,108424,35.00,-7.23,-4.99
368772,1977,28080,149,108516,35.00,-7.20,-4.97
368794,1413,28080,151,108606,35.00,-7.25,-4.97
368816,1015,28080,147,108679,35.00,-7.23,-4.99
368838,949,28080,147,108743,35.00,-7.23,-4.96
368860,1179,28080,139,108793,35.00,-7.22,-4.98
368882,1620,28080,147,108803,35.00,-7.24,-4.96
368904,2099,28080,142,108594,35.00,-7.22,-4.98
368926,2438,28080,149,107879,35.00,-7.24,-4.99
368968,2495,28080,147,106517,35.00,-7.20,-4.96
368990,2207,28080,147,106408,35.00,-7.26,-4.98
369544,1763,28080,140,106324,35.69,-7.24,-4.95
369574,2157,28080,134,108498,35.00,-7.21,-5.01
369596,890,27312,133,108575,35.00,-7.21,-4.96
369618,740,28080,124,108641,35.00,-7.23,-4.98
369640,788,27312,124,108679,35.00,-7.21,-4.95
369662,1204,27312,124,108690,35.00,-7.24,-4.96
369684,1715,27312,125,108467,35.00,-7.19,-5.02
369706,2213,28080,134,107723,35.00,-7.27,-4.97
369728,2429,28080,135,106929,35.00,-7.23,-4.96
369770,2417,28080,138,106377,35.00,-7.19,-4.98
369792,2200,27312,137,106289,35.00,-7.22,-5.01
369814,1778,28080,140,106223,35.00,-7.23,-4.96
369836,1303,27312,135,106197,35.00,-7.24,-5.01
369858,1043,27312,133,106217,35.00,-7.22,-5.02
369880,1063,27312,137,106309,35.00,-7.21,-4.98
369902,1392,27312,127,106461,35.00,-7.23,-4.98
369924,1877,27312,141,106604,35.00,-7.17,-4.97
369946,2439,27312,143,106671,35.00,-7.21,-4.99
369968,2783,27312,148,106711,35.00,-7.24,-5.01
369990,2853,28080,145,106745,35.00,-7.23,-4.98
370031,2571,27312,150,106943,35.00,-7.27,-4.97
370053,2345,27312,140,107038,35.00,-7.27,-4.97
370075,1873,27312,149,107136,35.00,-7.22,-4.96
370097,1309,27312,136,107220,35.00,-7.19,-4.97
370119,1069,27312,138,107299,35.00,-7.25,-4.99
370141,1092,27312,134,107391,35.00,-7.23,-4.99
370163,1509,27312,141,107496,35.00,-7.19,-4.96
370185,1896,27312,135,107591,35.00,-7.22,-4.97
370207,2421,27312,143,107685,35.00,-7.24,-4.99
370229,2671,28080,141,107785,35.00,-7.24,-4.97
370271,2587,27312,148,108037,35.00,-7.24,-4.99
370293,2219,27312,149,108113,35.00,-7.21,-4.97
370315,1701,27312,138,108211,35.00,-7.24,-4.95
370337,1235,27312,139,108300,35.00,-7.24,-4.93
370359,969,27312,136,108379,35.00,-7.19,-4.94
370381,969,27312,135,108471,35.00,-7.24,-5.01
370403,1245,27312,135,108541,35.00,-7.20,-5.01
370425,1737,27312,139,108586,35.00,-7.19,-4.98
370447,2187,27312,139,108421,35.00,-7.23,-4.98
370469,2455,27312,140,107771,35.00,-7.23,-4.99
370491,2469,28080,140,106970,35.00,-7.23,-5.00
370532,2295,28080,148,106378,35.00,-7.20,-4.98
370554,2104,27312,141,106318,35.00,-7.23,-4.98
370576,1639,27312,145,106266,35.00,-7.19,-4.95
370598,1211,27312,138,106246,35.00,-7.23,-4.98
370620,995,27312,137,106268,35.00,-7.24,-4.96
370642,1075,28080,138,106375,35.00,-7.18,-4.95
370664,1399,28080,135,106555,35.00,-7.25,-4.98
370686,1901,28080,141,106724,35.00,-7.24,-4.98
370708,2374,28080,147,106824,35.00,-7.23,-4.96
370730,2582,27312,148,106870,35.00,-7.25,-5.00
370773,2521,28080,142,107052,35.00,-7.20,-4.99
370795,1956,27312,143,107133,35.00,-7.20,-4.96
370817,1453,28080,148,107235,35.00,-7.21,-5.00
370839,1053,27312,143,107340,35.00,-7.24,-4.97
370861,919,27312,136,107449,35.00,-7.24,-5.01
370883,1129,27312,137,107545,35.00,-7.20,-4.96
370905,1549,27312,135,107651,35.00,-7.24,-4.99
370927,2035,28080,137,107749,35.00,-7.23,-4.99
370949,2428,28080,150,107844,35.00,-7.24,-4.99
370971,2523,28080,146,107946,35.00,-7.21,-4.95
371586,2419,28080,150,108197,35.18,-7.23,-4.98
371617,1893,28080,137,107209,35.00,-7.21,-4.97
371639,1131,28080,137,107316,35.00,-7.22,-5.01
371661,937,28080,137,107406,35.00,-7.25,-4.99
371683,843,28080,139,107522,35.00,-7.22,-4.93
371705,1174,28080,133,107618,35.00,-7.25,-4.97
371727,1640,28080,141,107703,35.00,-7.22,-5.01
371749,2095,28080,139,107803,35.00,-7.23,-4.98
371771,2419,28080,143,107865,35.00,-7.21,-4.98
371793,2539,28080,151,107938,35.00,-7.25,-4.95
371835,2339,28080,157,108109,35.00,-7.22,-4.98
371857,1942,28080,153,108163,35.00,-7.24,-4.96
371879,1371,28080,149,108228,35.00,-7.24,-5.00
371901,1046,28080,147,108313,35.00,-7.22,-4.99
371923,988,28080,147,108390,35.00,-7.21,-4.97
371945,1223,28080,145,108449,35.00,-7.25,-4.96
371967,1646,28080,151,108487,35.00,-7.22,-4.96
371989,2108,28080,149,108312,35.00,-7.19,-4.97
372352,2467,28080,155,107646,35.06,-7.26,-4.97
372380,2469,28080,153,107091,35.00,-7.24,-4.99
372402,794,28080,141,107178,35.00,-7.22,-4.98
372424,825,28080,143,107279,35.00,-7.24,-4.95
372446,1094,28080,139,107365,35.00,-7.26,-4.97
372468,1580,28080,147,107485,35.00,-7.19,-4.97
372490,2027,28080,141,107594,35.00,-7.21,-4.97
372512,2423,28080,151,107703,35.00,-7.25,-4.98
372534,2530,28592,149,107796,35.00,-7.24,-4.97
372577,2381,28080,157,108076,35.00,-7.23,-4.99
372599,1645,28080,145,108152,35.00,-7.19,-4.97
372621,1139,28080,143,108228,35.00,-7.24,-4.98
372643,927,28592,144,108285,35.00,-7.21,-4.99
372665,985,28592,143,108369,35.00,-7.27,-4.97
372687,1317,28080,140,108462,35.00,-7.26,-5.01
372709,1803,28592,140,108551,35.00,-7.23,-4.96
372731,2335,28080,149,108628,35.00,-7.21,-4.97
372753,2604,28080,147,108672,35.00,-7.21,-5.02
372775,2649,28080,151,108526,35.00,-7.19,-4.97
372817,2349,28080,148,106667,35.00,-7.24,-4.98
372839,1789,28592,139,106489,35.00,-7.15,-5.00
372861,1251,28592,141,106396,35.00,-7.23,-4.99
372883,955,28080,137,106304,35.00,-7.27,-4.95
372905,967,28080,140,106245,35.00,-7.19,-4.96
372927,1247,28592,137,106208,35.00,-7.24,-5.02
372949,1627,28592,141,106214,35.00,-7.19,-4.99
372971,2223,28592,145,106273,35.00,-7.20,-4.99
372993,2591,28592,149,106401,35.00,-7.24,-4.98
373373,2697,28592,148,106557,35.24,-7.25,-4.97
373401,2619,28080,141,108138,35.00,-7.26,-4.94
373423,923,28080,138,108235,35.00,-7.22,-5.00
373445,985,28080,141,108309,35.00,-7.22,-5.01
373467,942,28080,139,108394,35.00,-7.24,-4.95
373489,1453,28080,137,108462,35.00,-7.22,-5.02
373511,2309,28080,145,108528,35.00,-7.16,-4.98
373533,2348,28080,145,108569,35.00,-7.24,-4.95
373555,2441,28080,147,108464,35.00,-7.16,-4.95
373577,2457,28080,149,107968,35.00,-7.25,-4.98
373619,2099,28080,151,106465,35.00,-7.21,-4.97
373641,1620,28080,149,106354,35.00,-7.20,-4.93
373663,1133,28080,141,106273,35.00,-7.24,-5.00
373685,927,28080,143,106211,35.00,-7.22,-4.95
373707,1033,28080,140,106152,35.00,-7.24,-5.01
373729,1369,28080,149,106141,35.00,-7.23,-4.94
373751,1897,28592,143,106203,35.00,-7.20,-4.97
373773,2333,28080,153,106342,35.00,-7.21,-4.98
373795,2595,28080,150,106477,35.00,-7.25,-4.95
373817,2595,28080,151,106571,35.00,-7.22,-5.00
373860,2261,28592,155,106692,35.00,-7.23,-4.99
373882,1479,28080,149,106769,35.00,-7.23,-5.02
373904,1051,28080,148,106852,35.00,-7.25,-4.95
373926,978,28080,149,106923,35.00,-7.24,-4.96
373948,1123,28080,145,106990,35.00,-7.20,-4.99
373970,1529,28080,141,107061,35.00,-7.26,-4.96
373992,2065,28080,149,107147,35.00,-7.24,-4.96
374395,2463,28080,151,107246,35.73,-7.20,-4.99
374423,2381,28592,135,106158,35.00,-7.21,-4.98
374445,805,28080,125,106107,35.00,-7.20,-4.98
374467,854,28592,126,106062,35.00,-7.22,-4.96
374489,982,28592,127,106054,35.00,-7.24,-4.97
374511,1429,28592,133,106106,35.00,-7.23,-4.96
374533,1950,28592,135,106253,35.00,-7.24,-4.98
374555,2285,28592,137,106394,35.00,-7.24,-4.97
374577,2515,28592,141,106497,35.00,-7.21,-4.96
374599,2474,28592,140,106546,35.00,-7.25,-4.96
374642,2043,28592,135,106690,35.00,-7.21,-4.98
374664,1324,28080,138,106761,35.00,-7.26,-5.00
374686,997,28592,135,106851,35.00,-7.27,-4.97
374708,987,28592,139,106933,35.00,-7.24,-4.96
374730,1224,28592,123,107032,35.00,-7.23,-5.00
374752,1651,28592,138,107124,35.00,-7.21,-4.98
374774,2196,28592,141,107213,35.00,-7.21,-4.96
374796,2553,28592,151,107324,35.00,-7.24,-5.02
374818,2663,28592,147,107402,35.00,-7.22,-4.96
374840,2504,28592,155,107490,35.00,-7.24,-4.98
374882,2073,28592,151,107764,35.00,-7.24,-4.99
374904,1607,28592,150,107827,35.00,-7.21,-4.97
374926,1235,28592,149,107886,35.00,-7.23,-4.98
374948,1128,28592,146,107960,35.00,-7.22,-5.01
374970,1363,28080,152,108067,35.00,-7.24,-4.94
374992,1743,28592,146,108150,35.00,-7.24,-4.98
375415,2249,28592,151,108244,36.62,-7.18,-5.00
375444,2331,28080,146,106824,35.00,-7.27,-4.96
375466,948,28080,135,106901,35.00,-7.24,-5.00
375488,781,28592,137,106981,35.00,-7.24,-4.97
375510,855,28592,138,107078,35.00,-7.23,-4.97
375532,1231,28592,137,107175,35.00,-7.22,-5.01
375554,1725,28592,139,107265,35.00,-7.21,-4.98
375576,2218,28080,146,107337,35.00,-7.23,-5.01
375598,2495,28592,151,107433,35.00,-7.21,-5.00
375620,2547,28592,147,107517,35.00,-7.26,-4.99
375642,2315,28592,153,107600,35.00,-7.24,-4.98
375684,1855,28592,147,107806,35.00,-7.23,-4.99
375706,1418,28080,149,107879,35.00,-7.23,-5.00
375728,1097,28080,149,107967,35.00,-7.25,-4.96
375750,1047,28080,141,108058,35.00,-7.23,-4.96
375772,1237,28080,143,108158,35.00,-7.26,-4.97
375794,1765,28592,147,108218,35.00,-7.25,-4.93
375816,2289,28592,151,108252,35.00,-7.24,-4.95
375838,2604,28592,151,108198,35.00,-7.21,-4.98
375860,2680,28592,155,107800,35.00,-7.21,-4.94
375882,2453,28080,151,107040,35.00,-7.23,-4.99
375925,1933,28080,156,106181,35.00,-7.23,-4.97
375947,1122,28080,138,106086,35.00,-7.25,-4.96
375969,889,28080,143,106010,35.00,-7.25,-4.96
375991,958,28080,139,105935,35.00,-7.24,-4.94
376437,1289,28080,139,105909,36.69,-7.20,-4.93
376466,2635,28080,151,107776,35.00,-7.22,-4.99
376488,1107,28080,137,107880,35.00,-7.24,-5.00
376510,955,28080,139,107942,35.00,-7.21,-5.00
376532,934,28080,141,108026,35.00,-7.24,-4.99
376554,1335,28592,135,108107,35.00,-7.26,-5.02
376576,1797,28592,141,108142,35.00,-7.21,-4.99
376598,2297,28592,147,108083,35.00,-7.23,-4.98
376620,2524,28592,147,107676,35.00,-7.26,-4.96
376642,2527,28592,142,106946,35.00,-7.23,-4.97
376664,2181,28592,150,106473,35.00,-7.25,-4.99
376706,1771,28592,141,106033,35.00,-7.21,-4.97
376728,1247,28592,137,105947,35.00,-7.20,-4.96
376750,979,28592,142,105883,35.00,-7.24,-4.99
376772,967,28592,137,105857,35.00,-7.24,-4.97
376794,1245,28080,139,105895,35.00,-7.30,-4.97
376816,1773,28592,139,105995,35.00,-7.25,-4.99
376838,2251,28592,149,106141,35.00,-7.27,-4.98
376860,2548,28592,150,106288,35.00,-7.22,-5.01
376882,2628,28592,154,106364,35.00,-7.25,-4.95
376904,2329,28592,159,106411,35.00,-7.26,-4.98
376926,1862,28592,150,106453,35.00,-7.21,-5.00
376967,1289,28592,148,106675,35.00,-7.23,-4.96
376989,1011,28592,142,106757,35.00,-7.24,-4.98
377713,809,28592,141,106856,35.42,-7.21,-4.98
377749,1227,28080,149,106588,35.00,-7.23,-4.97
377771,1119,28080,147,106665,35.00,-7.22,-4.99
377793,972,28592,149,106745,35.00,-7.20,-4.96
377815,1215,28592,146,106824,35.00,-7.24,-4.98
377837,1621,28592,149,106921,35.00,-7.28,-5.01
377859,2090,28592,149,106995,35.00,-7.19,-4.95
377881,2526,28592,159,107082,35.00,-7.22,-4.96
377903,2646,28592,153,107142,35.00,-7.18,-4.96
377925,2507,28592,155,107217,35.00,-7.27,-4.96
377947,2091,28592,151,107279,35.00,-7.25,-4.97
377990,1581,28592,149,107462,35.00,-7.24,-4.99
378734,907,28592,139,107549,35.16,-7.22,-4.97
378771,997,28592,149,107747,35.00,-7.24,-4.97
378793,1115,28592,149,107838,35.00,-7.24,-4.98
378815,1016,28592,153,107923,35.00,-7.24,-4.97
378837,1159,28592,145,107992,35.00,-7.24,-4.98
378859,1543,28592,148,108038,35.00,-7.25,-4.98
378881,2063,28592,151,107931,35.00,-7.22,-4.95
378903,2463,28592,154,107399,35.00,-7.22,-4.96
378925,2643,28592,157,106723,35.00,-7.23,-4.95
378947,2495,28592,153,106364,35.00,-7.23,-4.98
378969,2021,28592,156,106193,35.00,-7.20,-4.96
378991,1515,28592,150,106087,35.00,-7.23,-4.98
379032,1131,28592,149,105867,35.00,-7.22,-4.98
379054,959,28592,143,105863,35.00,-7.25,-5.02
379076,803,28592,147,105916,35.00,-7.22,-4.99
379098,1145,28592,142,106063,35.00,-7.24,-4.98
379120,1583,28592,151,106217,35.00,-7.23,-4.97
379142,2085,28592,153,106331,35.00,-7.24,-4.98
379164,2485,28592,157,106399,35.00,-7.25,-4.98
379186,2648,28592,165,106450,35.00,-7.21,-4.97
379208,2419,28784,165,106497,35.00,-7.26,-4.99
379230,1915,28592,158,106554,35.00,-7.21,-5.00
379273,1399,28592,157,106780,35.00,-7.26,-4.98
379295,957,28592,149,106877,35.00,-7.22,-4.96
379317,959,28592,150,106981,35.00,-7.25,-4.96
379339,1295,28592,151,107059,35.00,-7.22,-5.01
379361,1727,28592,149,107163,35.00,-7.21,-4.97
379383,2151,28784,147,107248,35.00,-7.25,-4.98
379405,2395,28592,154,107323,35.00,-7.21,-5.02
379427,2389,28592,149,107390,35.00,-7.24,-4.96
379449,2207,28592,153,107446,35.00,-7.23,-5.03
379471,1487,28592,145,107503,35.00,-7.23,-4.94
379513,1066,28592,140,107693,35.00,-7.25,-4.97
379535,939,28592,146,107749,35.00,-7.24,-5.01
379557,807,28592,137,107815,35.00,-7.24,-5.01
379579,1016,28592,135,107884,35.00,-7.22,-5.00
379601,1663,28592,143,107924,35.00,-7.22,-4.95
379623,2312,28784,143,107919,35.00,-7.24,-4.96
379645,2655,28784,151,107733,35.00,-7.25,-4.97
379667,2695,28784,147,107091,35.00,-7.20,-4.98
379689,2395,28784,150,106520,35.00,-7.18,-4.94
379711,1899,28784,140,106228,35.00,-7.23,-4.97
379754,1385,28784,145,105860,35.00,-7.24,-4.96
379776,757,28592,137,105775,35.00,-7.21,-4.96
379798,884,28592,143,105744,35.00,-7.23,-4.92
379820,1353,28784,141,105729,35.00,-7.24,-4.96
379842,1677,28784,143,105805,35.00,-7.20,-4.99
379864,2009,28784,151,105934,35.00,-7.24,-5.00
379886,2201,28592,153,106089,35.00,-7.26,-4.98
379908,2362,28592,157,106184,35.00,-7.24,-4.93
379930,2251,28784,167,106234,35.00,-7.27,-4.98
379952,1669,28784,158,106267,35.00,-7.22,-5.02
379994,1391,28592,165,106459,35.00,-7.22,-5.01
380521,1481,28592,169,106529,35.54,-7.21,-4.98
380556,1439,28592,132,105699,35.00,-7.23,-4.97
380578,607,28592,138,105698,35.00,-7.21,-4.98
380600,747,28592,137,105758,35.00,-7.24,-5.01
380622,1113,28592,132,105872,35.00,-7.23,-4.98
380644,1658,28592,139,106029,35.00,-7.21,-4.96
380666,2167,28592,145,106122,35.00,-7.21,-4.98
380688,2421,28592,147,106176,35.00,-7.24,-4.97
380710,2485,28592,152,106216,35.00,-7.23,-5.01
380732,2205,28592,153,106257,35.00,-7.20,-5.00
380754,1715,28592,153,106322,35.00,-7.25,-4.99
380796,1229,28592,149,106552,35.00,-7.24,-5.00
380818,973,28592,149,106629,35.00,-7.26,-4.98
380840,1085,28592,151,106714,35.00,-7.23,-4.98
380862,1437,28592,151,106804,35.00,-7.25,-4.96
380884,1981,28592,155,106882,35.00,-7.24,-4.95
380906,2455,28784,159,106934,35.00,-7.23,-4.98
380928,2799,28784,157,107010,35.00,-7.23,-4.97
380950,2847,28784,163,107086,35.00,-7.26,-4.94
380972,2491,28784,166,107153,35.00,-7.27,-4.99
380994,1908,28592,156,107217,35.00,-7.25,-4.93
381037,1379,28592,153,107362,35.00,-7.22,-4.96
381059,1047,28592,159,107463,35.00,-7.27,-4.98
381081,1189,28592,169,107552,35.00,-7.24,-4.98
381103,1607,28784,157,107624,35.00,-7.24,-4.99
381125,2021,28592,150,107685,35.00,-7.23,-4.98
381147,2453,28784,155,107726,35.00,-7.21,-4.98
381169,2567,28784,152,107684,35.00,-7.24,-5.02
381191,2456,28592,156,107312,35.00,-7.24,-4.99
381213,2085,28592,154,106657,35.00,-7.24,-4.96
381235,1515,28592,151,106222,35.00,-7.23,-4.97
381277,1086,28592,150,105764,35.00,-7.25,-4.98
381299,879,28592,149,105662,35.00,-7.21,-5.00
381321,1013,28592,148,105598,35.00,-7.24,-4.92
381343,1366,28592,150,105569,35.00,-7.24,-4.99
381365,1819,28592,147,105585,35.00,-7.19,-4.98
381387,2159,28592,149,105684,35.00,-7.22,-4.95
381409,2409,28592,143,105832,35.00,-7.21,-4.97
381431,2360,28592,148,105954,35.00,-7.27,-4.98
381453,2021,28592,142,106015,35.00,-7.28,-4.97
381475,1529,28592,148,106047,35.00,-7.22,-4.98
381497,1047,28592,141,106079,35.00,-7.24,-4.96
381538,893,28592,146,106249,35.00,-7.23,-4.99
381560,831,28592,141,106339,35.00,-7.22,-5.00
381582,1041,28592,141,106430,35.00,-7.26,-4.95
381604,1647,28592,149,106523,35.00,-7.20,-4.95
381626,2024,28592,149,106609,35.00,-7.19,-4.99
381648,2293,28592,141,106679,35.00,-7.19,-4.98
381670,2357,28592,137,106761,35.00,-7.22,-4.96
381692,2168,28592,139,106836,35.00,-7.20,-4.95
381714,1879,28592,135,106910,35.00,-7.25,-4.94
381736,1426,28592,141,106976,35.00,-7.20,-4.98
381778,1063,28592,140,107127,35.00,-7.26,-4.99
381800,1097,28592,141,107182,35.00,-7.24,-4.97
381822,1311,28592,143,107233,35.00,-7.20,-4.98
381844,1721,28592,151,107304,35.00,-7.24,-4.98
381866,2172,28592,149,107355,35.00,-7.21,-4.99
381888,2519,28592,143,107429,35.00,-7.25,-4.96
381910,2719,28592,150,107453,35.00,-7.27,-4.95
381932,2552,28592,147,107426,35.00,-7.20,-4.96
381954,2213,28592,153,107081,35.00,-7.24,-4.96
381976,1805,28592,143,106483,35.00,-7.21,-4.96
381998,1333,28592,151,106085,35.00,-7.22,-4.99
382039,1222,28592,150,105650,35.00,-7.21,-5.02
382061,1205,28592,152,105556,35.00,-7.25,-4.96
382083,1519,28592,153,105502,35.00,-7.26,-4.99
382105,1931,28592,157,105477,35.00,-7.25,-4.98
382127,2281,28592,149,105513,35.00,-7.22,-4.98
382149,2520,28592,155,105608,35.00,-7.25,-4.95
382171,2543,28592,148,105765,35.00,-7.23,-4.98
382193,2409,28592,149,105896,35.00,-7.28,-4.98
382215,2018,28592,147,105954,35.00,-7.23,-4.97
382237,1579,28592,148,105974,35.00,-7.24,-4.99
382280,1096,28592,139,106117,35.00,-7.25,-4.99
382302,907,28592,141,106185,35.00,-7.22,-4.96
382324,1189,28592,139,106276,35.00,-7.29,-4.97
382346,1656,28592,142,106353,35.00,-7.20,-4.98
382368,2055,28592,139,106438,35.00,-7.24,-4.92
382390,2347,28592,143,106518,35.00,-7.25,-4.96
382412,2420,28592,145,106610,35.00,-7.23,-4.98
382434,2223,28592,147,106698,35.00,-7.20,-4.99
382456,1787,28592,143,106770,35.00,-7.21,-4.97
382478,1299,28592,147,106846,35.00,-7.21,-4.95
382520,950,28592,141,107057,35.00,-7.27,-5.01
382542,883,28592,139,107108,35.00,-7.22,-4.96
382564,1062,28592,137,107182,35.00,-7.24,-4.97
382586,1453,28592,141,107272,35.00,-7.22,-4.98
382608,1941,28592,143,107356,35.00,-7.22,-5.02
382630,2397,28592,151,107415,35.00,-7.22,-4.97
382652,2639,28592,151,107491,35.00,-7.20,-4.98
382674,2569,28592,155,107530,35.00,-7.24,-4.95
382696,2121,28592,143,107480,35.00,-7.21,-4.99
382718,1567,28592,145,107079,35.00,-7.22,-4.93
382740,1080,28592,140,106468,35.00,-7.21,-4.99
382781,907,28592,147,105701,35.00,-7.24,-4.98
382803,882,28592,136,105603,35.00,-7.23,-4.96
382825,1119,28592,138,105511,35.00,-7.29,-4.99
382847,1590,28592,135,105425,35.00,-7.23,-4.93
382869,2027,28592,136,105395,35.00,-7.26,-4.98
382891,2381,28784,145,105402,35.00,-7.23,-4.98
382913,2411,28592,141,105501,35.00,-7.26,-4.96
382935,2287,28592,147,105662,35.00,-7.24,-4.97
382957,1817,28592,139,105795,35.00,-7.27,-4.94
382979,1323,28592,136,105868,35.00,-7.23,-4.99
383021,922,28592,137,106010,35.00,-7.25,-4.99
383043,768,28592,135,106075,35.00,-7.22,-4.99
383065,973,28784,138,106147,35.00,-7.22,-4.97
383087,1447,28592,135,106222,35.00,-7.21,-4.99
383109,1884,28592,136,106301,35.00,-7.21,-4.98
383131,2360,28592,149,106396,35.00,-7.26,-5.00
383153,2681,28784,148,106469,35.00,-7.23,-4.95
383175,2552,28784,149,106545,35.00,-7.24,-4.96
383197,2215,28784,151,106628,35.00,-7.24,-4.98
383219,1771,28592,149,106709,35.00,-7.21,-4.96
383241,1353,28784,147,106797,35.00,-7.26,-5.02
383282,1156,28784,143,106981,35.00,-7.24,-4.98
383304,1049,28784,141,107034,35.00,-7.26,-4.95
383326,1251,28784,141,107106,35.00,-7.20,-4.93
383348,1703,28784,147,107179,35.00,-7.19,-4.99
383370,2221,28784,151,107253,35.00,-7.25,-4.95
383392,2555,28784,155,107322,35.00,-7.27,-4.98
383414,2687,28784,151,107395,35.00,-7.23,-5.01
383436,2461,28784,160,107427,35.00,-7.25,-4.96
383458,2077,28784,148,107382,35.00,-7.23,-4.94
383480,1563,28784,155,107012,35.00,-7.26,-4.97
383523,1101,28784,143,105764,35.00,-7.21,-4.96
383545,999,28784,145,105636,35.00,-7.23,-4.96
383567,1299,28784,140,105528,35.00,-7.26,-4.98
383589,1775,28784,147,105416,35.00,-7.26,-4.93
383611,2285,28784,145,105321,35.00,-7.21,-4.98
383633,2597,28784,153,105273,35.00,-7.26,-4.96
383655,2641,28784,151,105279,35.00,-7.20,-5.00
383677,2343,28784,159,105361,35.00,-7.24,-4.98
383699,1934,28784,147,105503,35.00,-7.25,-4.96
383721,1363,28784,151,105638,35.00,-7.26,-4.97
383763,911,28592,147,105834,35.00,-7.26,-5.01
383785,804,28592,135,105880,35.00,-7.23,-4.94
383807,1032,28784,135,105948,35.00,-7.22,-5.00
383829,1517,28784,141,106019,35.00,-7.23,-4.99
383851,1983,28592,143,106104,35.00,-7.24,-5.00
383873,2301,28592,151,106154,35.00,-7.30,-4.99
383895,2442,28784,149,106244,35.00,-7.18,-5.01
383917,2271,28784,152,106315,35.00,-7.25,-5.00
383939,1823,28592,147,106402,35.00,-7.24,-4.99
383961,1341,28592,142,106481,35.00,-7.22,-4.99
383983,927,28592,139,106563,35.00,-7.24,-5.00
384024,823,28592,141,106731,35.00,-7.23,-4.97
384046,867,28592,137,106784,35.00,-7.24,-4.93
384068,1241,28592,139,106846,35.00,-7.24,-4.97
384090,1792,28592,147,106913,35.00,-7.24,-4.98
384112,2315,28592,151,106982,35.00,-7.24,-4.98
384134,2647,28784,156,107038,35.00,-7.25,-4.97
384156,2732,28784,153,107116,35.00,-7.24,-4.95
384178,2427,28592,154,107182,35.00,-7.23,-4.99
384200,1965,28592,155,107236,35.00,-7.21,-5.01
384222,1395,28592,151,107248,35.00,-7.24,-4.94
384264,1055,28592,146,105992,35.00,-7.29,-4.99
384286,931,28592,139,105718,35.00,-7.21,-4.94
384308,1147,28784,137,105567,35.00,-7.25,-4.99
384330,1647,28784,150,105449,35.00,-7.22,-4.98
384352,2121,28784,149,105349,35.00,-7.22,-4.98
384374,2495,28784,151,105268,35.00,-7.19,-4.97
384396,2553,28784,147,105205,35.00,-7.24,-4.97
384418,2329,28784,139,105202,35.00,-7.24,-5.00
384440,1853,28784,140,105269,35.00,-7.23,-4.99
384462,1357,28784,143,105392,35.00,-7.24,-4.99
384484,911,28784,135,105514,35.00,-7.24,-5.02
384525,869,28784,137,105641,35.00,-7.20,-4.99
384547,905,28784,137,105693,35.00,-7.23,-4.98
384569,1177,28784,136,105748,35.00,-7.24,-4.97
384591,1691,28784,141,105805,35.00,-7.19,-5.00
384613,2203,28784,145,105859,35.00,-7.23,-4.96
384635,2495,28784,149,105915,35.00,-7.23,-4.98
384657,2537,28784,151,105997,35.00,-7.24,-4.96
384679,2249,28784,147,106071,35.00,-7.22,-4.96
384701,1735,28784,145,106140,35.00,-7.21,-4.98
384723,1252,28784,138,106186,35.00,-7.22,-5.00
384766,965,28784,141,106343,35.00,-7.20,-4.99
384788,953,28784,139,106382,35.00,-7.24,-4.99
384810,1244,28784,138,106414,35.00,-7.23,-4.94
384832,1733,28784,139,106444,35.00,-7.21,-4.99
384854,2138,28784,147,106498,35.00,-7.26,-5.01
384876,2442,28784,145,106544,35.00,-7.25,-5.00
384898,2461,28784,145,106614,35.00,-7.26,-4.97
384920,2211,28784,149,106686,35.00,-7.18,-4.98
384942,1780,28784,145,106748,35.00,-7.21,-4.98
384964,1303,28784,143,106786,35.00,-7.26,-4.99
385370,1044,28784,142,105970,36.24,-7.23,-5.00
385407,1605,28784,141,105806,35.00,-7.22,-4.96
385429,982,28784,137,105870,35.00,-7.21,-4.96
385451,1271,28784,141,105949,35.00,-7.24,-5.00
385473,1767,28784,139,106038,35.00,-7.16,-4.94
385495,2345,28784,151,106119,35.00,-7.29,-4.98
385517,2577,29296,147,106177,35.00,-7.23,-4.98
385539,2605,29296,149,106236,35.00,-7.19,-4.96
385561,2229,29296,146,106286,35.00,-7.18,-4.96
385583,1803,28784,147,106362,35.00,-7.24,-4.95
385605,1275,28784,139,106433,35.00,-7.22,-4.98
385648,937,28784,136,106663,35.00,-7.24,-4.95
385670,939,28784,127,106758,35.00,-7.28,-5.00
385692,1385,28784,134,106815,35.00,-7.25,-4.96
385714,1853,28784,131,106788,35.00,-7.28,-4.97
385736,2295,29296,137,106469,35.00,-7.22,-5.00
385758,2425,28784,139,105957,35.00,-7.23,-4.97
385780,2397,28784,139,105597,35.00,-7.21,-5.00
385802,2039,28784,137,105379,35.00,-7.27,-4.98
385824,1543,28784,140,105220,35.00,-7.24,-4.97
385846,983,28784,139,105094,35.00,-7.23,-5.00
385888,743,28784,133,104888,35.00,-7.19,-4.92
385910,885,28784,125,104886,35.00,-7.27,-4.98
385932,1193,28784,140,104958,35.00,-7.24,-5.01
385954,1709,28784,134,105092,35.00,-7.23,-4.96
385976,2207,28784,141,105231,35.00,-7.24,-4.99
385998,2509,28784,141,105331,35.00,-7.24,-4.96
386020,2697,29296,149,105395,35.00,-7.25,-5.00
386042,2293,29296,143,105430,35.00,-7.23,-4.98
386064,1817,28784,145,105477,35.00,-7.22,-4.96
386086,1387,28784,147,105526,35.00,-7.24,-5.00
386108,1069,28784,147,105601,35.00,-7.20,-4.97
386149,1077,28784,137,105823,35.00,-7.21,-4.98
386171,1262,28784,141,105911,35.00,-7.21,-4.96
386193,1696,28784,143,105990,35.00,-7.21,-4.95
386215,2253,29296,153,106078,35.00,-7.23,-4.94
386237,2731,29296,155,106156,35.00,-7.25,-4.98
386259,3007,29296,159,106252,35.00,-7.24,-4.98
386281,2989,29296,165,106328,35.00,-7.22,-4.96
386303,2535,29296,167,106384,35.00,-7.20,-4.95
386325,1919,29296,157,106441,35.00,-7.23,-4.93
386347,1327,28784,157,106519,35.00,-7.24,-4.97
386389,1079,28784,155,106770,35.00,-7.22,-4.91
386411,1070,28784,149,106845,35.00,-7.24,-4.98
386433,1397,29296,149,106896,35.00,-7.23,-4.93
386455,1875,29296,152,106913,35.00,-7.24,-4.95
386477,2343,28784,154,106717,35.00,-7.23,-4.94
386499,2587,29296,159,106202,35.00,-7.21,-4.93
386521,2579,29296,156,105756,35.00,-7.24,-4.98
386543,2271,28784,154,105472,35.00,-7.23,-4.97
386565,1705,28784,151,105301,35.00,-7.26,-4.97
386587,1158,28784,147,105186,35.00,-7.25,-4.96
386609,847,28784,141,105069,35.00,-7.21,-4.94
386650,861,28784,142,104875,35.00,-7.18,-4.97
386672,937,28784,140,104914,35.00,-7.27,-4.95
386694,1289,28784,141,105038,35.00,-7.23,-4.97
386716,1724,29296,139,105193,35.00,-7.20,-5.00
386738,2137,28784,141,105304,35.00,-7.23,-4.97
386760,2455,29296,149,105344,35.00,-7.22,-4.95
386782,2281,29296,148,105388,35.00,-7.24,-4.97
386804,1875,29296,139,105439,35.00,-7.24,-4.99
386826,1369,29296,143,105483,35.00,-7.21,-4.94
386848,907,28784,138,105544,35.00,-7.25,-4.98
386891,743,28784,137,105761,35.00,-7.24,-4.96
386913,975,28784,125,105837,35.00,-7.23,-5.00
386935,1421,29296,138,105917,35.00,-7.23,-5.01
386957,1935,29296,136,105990,35.00,-7.23,-4.98
386979,2257,29296,144,106063,35.00,-7.23,-4.94
387413,2329,29296,140,106128,36.49,-7.22,-4.97
387452,2165,28784,184,105065,35.00,-7.22,-4.98
387474,1085,28784,143,105192,35.00,-7.20,-4.99
387496,1289,29296,137,105245,35.00,-7.22,-4.95
387518,1763,29296,135,105273,35.00,-7.20,-4.97
387540,2184,29296,140,105312,35.00,-7.25,-4.96
387562,2501,29296,141,105363,35.00,-7.25,-4.94
387584,2262,29296,143,105412,35.00,-7.23,-4.97
387606,1916,29296,137,105463,35.00,-7.24,-4.94
387628,1384,29296,141,105522,35.00,-7.22,-4.95
387650,806,29296,126,105573,35.00,-7.19,-4.99
387692,695,29296,133,105790,35.00,-7.22,-4.99
387714,888,29296,135,105845,35.00,-7.22,-4.96
387736,1261,29296,137,105884,35.00,-7.26,-4.96
387758,1693,29296,135,105935,35.00,-7.24,-4.99
387780,2184,29296,135,105981,35.00,-7.24,-4.97
387802,2302,29296,133,106034,35.00,-7.21,-4.99
387824,2137,29296,123,106097,35.00,-7.24,-4.98
387846,1608,29296,117,106158,35.00,-7.22,-4.98
387868,829,29296,103,106239,35.00,-7.24,-4.96
387890,424,29296,101,106324,35.00,-7.22,-4.98
387912,301,29296,104,106401,35.00,-7.22,-4.97
387953,423,29296,109,106371,35.00,-7.24,-4.97
387975,151,29296,87,105966,35.00,-7.23,-5.02
387997,600,29296,91,105527,35.00,-7.23,-4.99
388434,1306,29296,91,105246,35.83,-7.22,-4.95
388474,1368,29296,115,105873,35.00,-7.22,-4.95
388496,1497,29296,123,105917,35.00,-7.21,-4.99
388518,1741,29296,119,105959,35.00,-7.23,-4.98
388540,2056,30064,107,106001,35.00,-7.23,-4.99
388562,2322,29296,109,106043,35.00,-7.20,-4.95
388584,2581,30064,105,106101,35.00,-7.19,-5.00
388606,2488,30064,113,106179,35.00,-7.22,-4.97
388628,2195,30064,103,106240,35.00,-7.27,-4.97
388650,1847,29296,119,106293,35.00,-7.24,-4.97
388672,1589,29296,117,106318,35.00,-7.22,-4.97
388694,1483,29296,125,106279,35.00,-7.25,-4.98
388735,1599,29296,121,105179,35.00,-7.18,-4.96
388757,1375,29296,115,105001,35.00,-7.24,-5.00
388779,1765,29296,111,104881,35.00,-7.24,-4.97
388801,2471,29296,120,104768,35.00,-7.25,-4.96
388823,3031,29296,139,104686,35.00,-7.21,-4.95
388845,3644,29296,158,104600,35.00,-7.21,-4.96
388867,3403,29296,166,104568,35.00,-7.19,-4.96
388889,2705,29296,160,104592,35.00,-7.23,-4.96
388911,2199,29296,162,104686,35.00,-7.23,-4.97
388933,1591,29296,149,104829,35.00,-7.24,-4.96
388975,1237,29296,141,105086,35.00,-7.23,-5.00
388997,1403,29296,139,105123,35.00,-7.21,-4.95
389711,1951,29296,155,105180,35.64,-7.23,-4.97
389737,1049,29296,137,105013,35.00,-7.25,-4.96
389759,967,29296,133,105061,35.00,-7.24,-4.96
389781,1513,29296,141,105102,35.00,-7.23,-4.98
389803,1979,29296,139,105167,35.00,-7.22,-4.97
389825,2404,29296,145,105215,35.00,-7.27,-4.94
389847,2514,29296,147,105273,35.00,-7.25,-4.96
389869,2357,29296,149,105349,35.00,-7.27,-4.96
389891,1945,29296,152,105423,35.00,-7.20,-4.96
389913,1528,29296,155,105496,35.00,-7.23,-4.97
389935,1124,29296,145,105573,35.00,-7.25,-4.97
389978,1059,29296,147,105744,35.00,-7.21,-4.97
390732,1405,29296,146,105789,36.30,-7.26,-4.97
390759,1403,29296,141,105777,35.00,-7.25,-4.99
390781,1011,30064,136,105847,35.00,-7.19,-4.94
390803,1467,30064,141,105912,35.00,-7.19,-4.98
390825,1997,30064,141,105982,35.00,-7.19,-4.96
390847,2420,30064,142,106060,35.00,-7.23,-4.97
390869,2549,30064,152,106110,35.00,-7.22,-4.98
390891,2377,30064,150,106117,35.00,-7.25,-4.99
390913,1926,30064,149,105945,35.00,-7.22,-4.99
390935,1461,30064,150,105522,35.00,-7.25,-5.02
390957,1107,30064,142,105138,35.00,-7.22,-4.98
390979,969,30064,133,104922,35.00,-7.23,-4.96
391020,1135,30064,143,104571,35.00,-7.20,-4.99
391042,1277,30064,137,104470,35.00,-7.25,-5.00
391064,1867,30064,147,104413,35.00,-7.25,-4.98
391086,2309,30064,147,104394,35.00,-7.22,-4.92
391108,2600,30064,155,104433,35.00,-7.25,-4.98
391130,2649,30064,153,104546,35.00,-7.17,-5.01
391152,2348,30064,158,104708,35.00,-7.23,-4.98
391174,1773,30064,142,104824,35.00,-7.21,-5.00
391196,1317,30064,149,104896,35.00,-7.24,-5.00
391218,1006,30064,147,104940,35.00,-7.22,-4.96
391261,947,30064,149,105095,35.00,-7.23,-4.98
391283,1425,30064,147,105167,35.00,-7.22,-4.93
391305,1861,30064,146,105243,35.00,-7.20,-4.95
391327,2329,30576,151,105303,35.00,-7.23,-4.97
391349,2573,30576,153,105380,35.00,-7.24,-4.96
391371,2719,30576,157,105466,35.00,-7.24,-4.98
391393,2344,30576,159,105553,35.00,-7.23,-4.95
391415,1851,30064,158,105654,35.00,-7.26,-4.98
391437,1289,30064,148,105737,35.00,-7.19,-4.96
391459,1051,30064,147,105811,35.00,-7.26,-4.91
391501,1070,30576,147,106001,35.00,-7.26,-4.99
391523,1509,30064,151,106048,35.00,-7.22,-4.98
391545,1785,30064,146,106131,35.00,-7.27,-5.00
391567,2251,30576,150,106218,35.00,-7.23,-4.99
391589,2450,30576,151,106318,35.00,-7.22,-5.00
391611,2467,30576,143,106405,35.00,-7.18,-4.98
391633,2196,30576,152,106468,35.00,-7.22,-4.96
391655,1752,30576,143,106453,35.00,-7.21,-4.96
391677,1251,30576,146,106094,35.00,-7.26,-5.00
391699,941,30064,149,105567,35.00,-7.20,-4.97
391721,871,30064,151,105233,35.00,-7.23,-5.01
391762,1113,30576,147,104844,35.00,-7.24,-5.00
391784,1255,30576,148,104788,35.00,-7.24,-4.95
391806,1713,30576,147,104733,35.00,-7.23,-4.97
391828,2193,30576,157,104702,35.00,-7.21,-4.95
391850,2427,30576,159,104734,35.00,-7.23,-4.95
391872,2451,30576,171,104812,35.00,-7.23,-4.99
391894,2355,30576,169,104971,35.00,-7.21,-4.97
391916,1949,30576,173,105108,35.00,-7.26,-4.96
391938,1661,30576,167,105211,35.00,-7.21,-4.97
391960,1438,30576,169,105268,35.00,-7.26,-4.93
392519,1463,30576,163,105434,35.24,-7.27,-4.98
392549,982,30576,153,105060,35.00,-7.26,-4.98
392571,1887,30576,135,105036,35.00,-7.24,-5.00
392593,2085,30960,139,105036,35.00,-7.24,-4.95
392615,1971,30576,151,105077,35.00,-7.24,-4.99
392637,1579,30576,140,105186,35.00,-7.23,-4.96
392659,1135,30960,143,105336,35.00,-7.28,-4.98
392681,1065,30576,141,105455,35.00,-7.22,-4.94
392703,889,30576,147,105516,35.00,-7.23,-4.97
392744,1595,30576,155,105631,35.00,-7.21,-4.93
392766,0,30576,121,105691,35.00,-7.24,-4.96
392788,1752,30576,134,105758,35.00,-7.23,-4.98
392810,859,30576,117,105829,35.00,-7.23,-4.99
392832,1865,30576,120,105902,35.00,-7.25,-4.96
392854,1643,30576,121,105966,35.00,-7.23,-4.98
392876,1299,30576,134,106069,35.00,-7.23,-4.97
392898,1366,30576,147,106150,35.00,-7.23,-4.95
392920,1223,30576,149,106225,35.00,-7.20,-4.96
392942,1081,30576,153,106298,35.00,-7.21,-4.98
392985,1157,30960,150,106453,35.00,-7.23,-4.98
393540,1709,30576,143,106509,36.12,-7.23,-4.96
393570,1901,30576,160,105906,35.00,-7.21,-4.97
393592,1681,30576,119,105991,35.00,-7.20,-4.99
393614,1941,30960,125,106064,35.00,-7.22,-4.98
393636,2143,30576,123,106135,35.00,-7.28,-4.98
393658,1199,30960,131,106223,35.00,-7.25,-4.91
393680,1271,30576,143,106299,35.00,-7.22,-4.96
393702,1279,30576,152,106386,35.00,-7.24,-4.98
393724,1269,30576,155,106456,35.00,-7.21,-4.95
393766,1469,30576,147,106654,35.00,-7.23,-4.96
393788,1651,30576,146,106687,35.00,-7.25,-4.95
393810,1917,30960,139,106727,35.00,-7.23,-4.99
393832,2167,30960,148,106786,35.00,-7.20,-4.95
393854,2409,30576,141,106858,35.00,-7.22,-4.96
393876,2525,30960,147,106947,35.00,-7.23,-4.99
393898,2281,30960,154,107023,35.00,-7.24,-4.99
393920,1917,30960,149,107089,35.00,-7.20,-5.01
393942,1511,30960,150,107126,35.00,-7.25,-4.98
393964,1317,30960,147,107027,35.00,-7.23,-4.99
393986,2811,30960,187,106498,35.00,-7.23,-4.98
394027,1965,30960,159,105458,35.00,-7.23,-5.00
394049,1977,30960,157,105406,35.00,-7.21,-4.97
394071,2104,30960,137,105362,35.00,-7.24,-4.93
394093,2091,30960,134,105328,35.00,-7.24,-4.95
394115,2077,30960,133,105307,35.00,-7.23,-4.96
394137,2027,30960,139,105305,35.00,-7.24,-4.95
394159,1813,30960,137,105399,35.00,-7.22,-4.98
394181,1651,30960,153,105524,35.00,-7.24,-5.00
394203,1695,30576,164,105648,35.00,-7.24,-4.94
394225,1725,30576,165,105734,35.00,-7.23,-4.92
394268,1831,30576,155,105777,35.00,-7.23,-4.97
394290,1635,30576,143,105822,35.00,-7.21,-5.00
394312,2029,30960,140,105880,35.00,-7.23,-5.00
394334,2264,30960,141,105933,35.00,-7.23,-4.97
394356,2367,30960,143,105984,35.00,-7.22,-4.97
394378,2129,30960,142,106054,35.00,-7.23,-4.99
394400,1789,30960,146,106120,35.00,-7.24,-4.95
394422,1327,30960,141,106189,35.00,-7.23,-4.99
394444,995,30960,139,106250,35.00,-7.21,-4.96
394466,915,30960,140,106321,35.00,-7.23,-4.97
394508,1082,30960,139,106587,35.00,-7.25,-5.00
394530,1439,30960,151,106637,35.00,-7.20,-5.01
394552,1967,31472,141,106693,35.00,-7.22,-5.00
394574,2501,31472,155,106731,35.00,-7.23,-4.96
394596,2583,31472,151,106812,35.00,-7.22,-4.95
394618,2604,31472,165,106880,35.00,-7.25,-4.97
394640,2071,31472,147,106968,35.00,-7.21,-4.99
394662,1683,31472,157,107045,35.00,-7.20,-5.00
394684,1333,31472,150,107103,35.00,-7.25,-4.99
394706,941,30960,150,107107,35.00,-7.20,-4.96
394728,1081,31472,151,106782,35.00,-7.25,-5.00
394769,1491,31472,150,105460,35.00,-7.25,-4.97
394791,1559,30960,146,105388,35.00,-7.24,-4.98
394813,2205,30960,150,105326,35.00,-7.21,-4.94
394835,2489,30960,153,105249,35.00,-7.23,-4.99
394857,2381,30960,152,105191,35.00,-7.25,-4.99
394879,2701,30960,160,105156,35.00,-7.24,-4.99
394901,2603,30960,159,105172,35.00,-7.19,-4.96
394923,777,30576,123,105248,35.00,-7.26,-4.96
394945,1479,29296,152,105387,35.00,-7.26,-4.96
394967,0,28784,136,105515,35.00,-7.22,-4.98
395582,2258,28592,191,105654,35.86,-7.21,-5.02
395613,1263,26800,146,105440,35.00,-7.24,-4.96
395635,0,26800,105,105426,35.00,-7.23,-4.99
395657,0,27312,112,105434,35.00,-7.21,-4.98
395679,1845,27312,146,105511,35.00,-7.23,-5.01
395701,2039,27312,155,105645,35.00,-7.23,-4.97
395723,2271,27312,159,105789,35.00,-7.20,-4.97
395745,1583,27312,159,105882,35.00,-7.23,-5.01
395767,857,27312,151,105913,35.00,-7.22,-4.99
395789,1139,27312,163,105943,35.00,-7.25,-4.99
395831,1255,27312,151,106100,35.00,-7.25,-4.94
395853,3799,27312,202,106169,35.00,-7.26,-5.00
395875,3791,28080,175,106251,35.00,-7.26,-4.97
395897,3389,28080,159,106326,35.00,-7.21,-4.99
395919,0,28080,120,106407,35.00,-7.19,-5.02
395941,0,28592,125,106508,35.00,-7.23,-4.96
395963,0,28592,138,106579,35.00,-7.25,-4.98
395985,0,28592,133,106650,35.00,-7.22,-5.03
396349,0,28592,133,106720,36.41,-7.24,-4.93
396377,3347,28784,202,105456,35.00,-7.24,-4.99
396399,3596,28784,163,105455,35.00,-7.23,-5.00
396421,3467,28784,169,105496,35.00,-7.24,-4.99
396443,2989,28784,165,105617,35.00,-7.21,-4.99
396465,2891,28784,178,105748,35.00,-7.25,-4.97
396487,2765,28784,187,105851,35.00,-7.25,-4.99
396509,2649,28784,189,105880,35.00,-7.25,-4.95
396531,2509,28784,181,105887,35.00,-7.21,-4.99
396573,2573,28784,173,106002,35.00,-7.26,-4.96
396595,2571,29296,159,106038,35.00,-7.25,-4.93
396617,2581,29296,148,106107,35.00,-7.23,-4.98
396639,2483,29296,149,106162,35.00,-7.25,-4.96
396661,2315,29296,145,106224,35.00,-7.20,-5.00
396683,2089,29296,149,106281,35.00,-7.17,-4.98
396705,1853,30064,152,106375,35.00,-7.23,-4.98
396727,1801,30064,164,106456,35.00,-7.24,-4.96
396749,1721,30064,169,106519,35.00,-7.23,-4.95
396771,1669,30064,169,106586,35.00,-7.26,-4.97
396793,1659,30064,165,106649,35.00,-7.21,-4.99
396834,1844,29296,157,106796,35.00,-7.26,-4.99
396856,1789,29296,145,106893,35.00,-7.21,-4.97
396878,1725,29296,139,106976,35.00,-7.29,-5.00
396900,1565,30064,125,107060,35.00,-7.24,-4.98
396922,1833,30064,141,107144,35.00,-7.25,-4.97
396944,1611,30064,143,107193,35.00,-7.19,-4.99
396966,1485,29296,147,107128,35.00,-7.24,-4.98
396988,1233,29296,165,106652,35.00,-7.24,-4.97
397370,1404,30064,168,106042,35.21,-7.23,-5.07
397398,1401,30064,160,106361,35.00,-7.25,-4.98
397420,1647,30064,133,106442,35.00,-7.23,-4.99
397442,1613,30064,121,106533,35.00,-7.22,-4.97
397464,1533,30064,137,106621,35.00,-7.24,-5.00
397486,1577,30064,145,106710,35.00,-7.23,-4.96
397508,1357,30064,147,106777,35.00,-7.24,-4.98
397530,1107,30064,153,106819,35.00,-7.20,-4.96
397552,1244,30064,153,106875,35.00,-7.25,-5.02
397574,1510,30064,152,106934,35.00,-7.20,-4.98
397616,1629,30064,147,107169,35.00,-7.22,-4.96
397638,1719,30064,153,107243,35.00,-7.23,-4.95
397660,1891,30064,127,107303,35.00,-7.21,-4.96
397682,1844,30064,131,107265,35.00,-7.24,-4.97
397704,1767,30064,138,106877,35.00,-7.20,-5.02
397726,1893,30576,152,106195,35.00,-7.21,-5.02
397748,1635,30576,156,105758,35.00,-7.26,-4.99
397770,1564,30064,167,105547,35.00,-7.21,-4.97
397792,1576,30576,168,105416,35.00,-7.26,-4.97
397814,1725,30576,166,105294,35.00,-7.26,-4.97
397856,1874,30576,157,105083,35.00,-7.25,-4.96
397878,1928,30064,147,105109,35.00,-7.24,-4.97
397900,2027,30576,141,105231,35.00,-7.23,-4.95
397922,2001,30576,136,105384,35.00,-7.26,-4.99
397944,1993,30576,144,105512,35.00,-7.25,-4.94
397966,1861,30576,149,105572,35.00,-7.21,-4.97
397988,1839,30576,151,105624,35.00,-7.25,-4.95
398391,1678,30576,169,105659,35.76,-7.21,-4.97
398419,1575,30576,177,106950,35.00,-7.21,-5.00
398441,1897,30576,137,106314,35.00,-7.24,-4.98
398463,1951,30576,135,105769,35.00,-7.27,-4.98
398485,1788,30576,125,105493,35.00,-7.24,-4.94
398507,1643,30576,145,105372,35.00,-7.20,-4.95
398529,1548,30576,142,105274,35.00,-7.21,-4.99
398551,1463,30576,157,105198,35.00,-7.25,-4.99
398573,1465,30960,169,105127,35.00,-7.24,-4.97
398595,1621,30960,167,105082,35.00,-7.21,-4.96
398617,1765,30960,163,105084,35.00,-7.20,-5.01
398658,1908,30576,154,105420,35.00,-7.25,-4.99
398680,1989,30960,153,105486,35.00,-7.19,-4.96
398702,2213,30960,149,105517,35.00,-7.14,-4.91
398724,2142,30960,146,105548,35.00,-7.26,-4.99
398746,2011,30960,143,105599,35.00,-7.22,-5.00
398768,2010,30960,157,105640,35.00,-7.25,-4.98
398790,1886,30960,166,105705,35.00,-7.21,-4.93
398812,1723,30960,174,105773,35.00,-7.22,-4.96
398834,1657,30960,176,105855,35.00,-7.30,-5.04
398856,1737,30960,179,105928,35.00,-7.15,-4.90
398899,1927,30960,171,106128,35.00,-7.22,-5.02
398921,2138,30960,159,106206,35.00,-7.24,-4.93
398943,2167,30960,159,106278,35.00,-7.22,-5.00
398965,2121,31472,155,106306,35.00,-7.22,-4.98
398987,1992,31472,155,106339,35.00,-7.22,-4.98
399412,3787,31472,283,106379,36.54,-7.24,-4.98
399441,1573,31472,174,105243,35.00,-7.26,-4.98
399463,2013,31472,149,105276,35.00,-7.24,-4.97
399485,2159,32240,155,105298,35.00,-7.22,-4.95
399507,2109,32240,151,105324,35.00,-7.24,-4.95
399529,2008,32240,157,105325,35.00,-7.26,-4.96
399551,1880,32240,169,105325,35.00,-7.24,-4.98
399573,1511,32240,173,105353,35.00,-7.24,-4.99
399595,1291,32240,169,105361,35.00,-7.24,-4.97
399617,1173,32240,160,105395,35.00,-7.20,-4.97
399639,1002,32240,147,105416,35.00,-7.22,-4.95
399681,915,32240,119,105502,35.00,-7.22,-4.95
399703,928,32240,94,105551,35.00,-7.25,-5.00
399725,907,32240,87,105605,35.00,-7.22,-4.98
399747,997,32240,83,105656,35.00,-7.23,-4.99
399769,1528,32240,97,105709,35.00,-7.20,-4.96
399791,1749,32240,101,105765,35.00,-7.24,-4.98
399813,2831,31472,147,105802,35.00,-7.21,-4.95
399835,3774,31472,169,105840,35.00,-7.25,-4.96
399857,639,31472,121,105809,35.00,-7.24,-5.02
399879,1001,30960,95,105587,35.00,-7.24,-4.97
399921,1147,30960,77,104633,35.00,-7.23,-4.96
399943,0,30576,36,104467,35.00,-7.24,-4.94
399965,0,30064,21,104339,35.00,-7.22,-5.00
399987,0,30064,25,104217,35.00,-7.22,-4.96
400433,0,29296,18,104121,36.35,-7.30,-4.96
400462,3796,28592,245,105136,35.00,-7.23,-4.99
400484,3801,28080,211,105205,35.00,-7.21,-4.99
400506,3819,28592,223,105255,35.00,-7.23,-5.00
400528,3813,28592,251,105299,35.00,-7.20,-4.99
400550,3820,28592,296,105335,35.00,-7.23,-4.94
400572,3807,28592,319,105271,35.00,-7.23,-4.97
400594,3799,28784,357,104997,35.00,-7.24,-4.95
400616,3793,28784,378,104673,35.00,-7.23,-4.99
400638,3801,29296,413,104407,35.00,-7.23,-4.98
400660,3800,29296,407,104249,35.00,-7.22,-4.94
400682,3815,29296,395,104182,35.00,-7.24,-4.98
400723,3812,28784,335,104200,35.00,-7.27,-4.95
400745,3802,28080,245,104304,35.00,-7.22,-4.98
400767,3793,28080,230,104445,35.00,-7.26,-4.97
400789,3811,26800,219,104658,35.00,-7.23,-4.97
400811,3801,26416,216,104866,35.00,-7.21,-4.98
400833,3791,25904,232,105014,35.00,-7.25,-4.99
400855,3806,25136,231,105089,35.00,-7.20,-4.97
400877,3800,24624,233,105121,35.00,-7.22,-4.94
400899,2828,24528,199,105164,35.00,-7.22,-4.98
400921,2219,24016,181,105228,35.00,-7.22,-4.95
400964,1864,23248,163,105597,35.00,-7.24,-4.97
400986,1881,22352,140,105725,35.00,-7.26,-5.02
401710,1659,21840,147,105903,35.31,-7.24,-4.96
401745,1607,16912,104,106907,35.00,-7.20,-4.99
401767,1273,16912,106,106975,35.00,-7.25,-4.96
401789,3774,17680,149,107039,35.00,-7.21,-5.02
401811,3589,16912,142,107100,35.00,-7.23,-5.01
401833,2874,16912,143,107144,35.00,-7.22,-4.95
401855,2281,16912,137,107210,35.00,-7.24,-4.99
401877,1465,16912,140,107299,35.00,-7.26,-5.02
401899,1690,16912,147,107434,35.00,-7.24,-4.96
401921,1331,16912,139,107536,35.00,-7.23,-4.99
401943,1407,17680,133,107603,35.00,-7.26,-4.96
401965,1541,17680,134,107638,35.00,-7.26,-4.95
402732,1842,16912,127,106591,35.18,-7.20,-4.97
402768,1614,18576,155,105053,35.00,-7.19,-4.98
402790,1959,18576,155,104949,35.00,-7.23,-4.96
402812,2129,18576,149,104876,35.00,-7.24,-4.96
402834,2133,18576,154,104803,35.00,-7.22,-5.00
402856,1907,18576,153,104760,35.00,-7.22,-4.97
402878,1691,18576,157,104738,35.00,-7.25,-4.95
402900,1612,18576,160,104811,35.00,-7.21,-4.99
402922,1507,18576,164,104937,35.00,-7.20,-4.98
402944,1384,18576,152,105031,35.00,-7.25,-4.96
402966,1493,18576,151,105084,35.00,-7.24,-5.02
403753,1703,18576,141,105146,35.07,-7.25,-4.96
403790,1867,18576,125,106200,35.00,-7.24,-4.96
403812,1863,18576,124,106286,35.00,-7.25,-4.99
403834,1847,18576,117,106381,35.00,-7.22,-4.96
403856,1837,18576,134,106479,35.00,-7.23,-4.98
403878,1787,19088,133,106565,35.00,-7.25,-4.95
403900,2040,19088,159,106645,35.00,-7.26,-4.99
403922,1544,19088,153,106722,35.00,-7.25,-4.94
403944,1383,19088,152,106780,35.00,-7.22,-4.98
403966,1767,19088,157,106813,35.00,-7.23,-4.99
403988,1627,19088,147,106827,35.00,-7.20,-4.96
404519,2075,19088,135,106852,35.13,-7.24,-4.97
404552,1513,22736,152,105606,35.00,-7.25,-4.97
404574,1757,23248,120,105666,35.00,-7.22,-4.93
404596,1877,23248,124,105720,35.00,-7.25,-4.97
404618,1886,24016,141,105783,35.00,-7.26,-4.99
404640,2080,24016,150,105868,35.00,-7.25,-4.98
404662,1995,24016,166,105941,35.00,-7.22,-4.96
404684,1739,24016,163,106009,35.00,-7.25,-4.96
404706,1639,24016,163,106081,35.00,-7.25,-4.98
404728,1855,24016,155,106192,35.00,-7.24,-4.96
404750,1960,24016,145,106292,35.00,-7.21,-4.96
404793,2151,24016,125,106205,35.00,-7.22,-4.97
404815,2108,24016,119,105753,35.00,-7.24,-4.97
404837,2037,24016,118,105330,35.00,-7.21,-4.97
404859,1650,24016,133,105061,35.00,-7.22,-4.99
404881,1579,24016,140,104909,35.00,-7.24,-4.92
404903,1399,24016,156,104815,35.00,-7.23,-4.98
404925,1327,23248,159,104747,35.00,-7.22,-4.92
404947,1323,22736,156,104686,35.00,-7.22,-4.96
404969,1483,22736,149,104643,35.00,-7.28,-4.94
404991,1583,22736,140,104651,35.00,-7.21,-4.97
405033,1717,22736,123,104978,35.00,-7.21,-4.98
405055,1789,22736,121,105054,35.00,-7.22,-4.98
405077,1813,22736,121,105105,35.00,-7.19,-4.95
405099,1693,22736,134,105153,35.00,-7.22,-4.96
405121,1357,22736,127,105205,35.00,-7.20,-4.95
405143,1373,23248,147,105260,35.00,-7.18,-4.97
405165,1444,23248,151,105351,35.00,-7.23,-4.96
405187,1299,23248,151,105446,35.00,-7.24,-4.92
405209,1507,23248,143,105520,35.00,-7.21,-4.97
405231,1755,22736,141,105612,35.00,-7.22,-5.02
405253,1746,23248,122,105702,35.00,-7.20,-5.00
405294,1799,23248,123,105910,35.00,-7.22,-5.00
405316,2057,22736,121,105990,35.00,-7.19,-4.97
405338,2223,23248,137,106064,35.00,-7.22,-4.98
405360,2015,23248,139,106098,35.00,-7.25,-4.98
405382,1428,23248,149,106150,35.00,-7.20,-4.95
405404,1686,22736,163,106195,35.00,-7.23,-4.96
405426,1395,22736,159,106274,35.00,-7.22,-4.95
405448,1385,23248,153,106385,35.00,-7.26,-4.99
405470,1517,23248,153,106507,35.00,-7.21,-4.98
405492,1823,23248,139,106617,35.00,-7.22,-4.96
405534,2031,24016,133,105965,35.00,-7.19,-4.99
405556,1979,24016,123,105471,35.00,-7.20,-4.99
405578,2099,24016,121,105218,35.00,-7.21,-5.01
405600,1752,24016,141,105090,35.00,-7.25,-5.00
405622,1563,24016,136,105017,35.00,-7.22,-4.93
405644,1639,24016,167,104959,35.00,-7.24,-4.96
405666,1805,24528,175,104933,35.00,-7.21,-5.01
405688,1893,24016,185,104922,35.00,-7.22,-4.98
405710,2092,24016,181,104942,35.00,-7.25,-4.95
405732,2265,24016,173,105019,35.00,-7.20,-4.98
405754,2253,24016,157,105137,35.00,-7.23,-4.96
405795,2347,24528,150,105272,35.00,-7.21,-4.99
405817,2623,24528,153,105287,35.00,-7.19,-5.01
405839,2221,24528,147,105300,35.00,-7.19,-4.97
405861,1973,24528,152,105324,35.00,-7.25,-4.97
405883,1779,24528,154,105353,35.00,-7.23,-4.98
405905,1683,24528,167,105373,35.00,-7.23,-4.99
405927,1681,24016,170,105427,35.00,-7.23,-4.96
405949,1784,24016,170,105484,35.00,-7.25,-4.97
405971,1757,24016,155,105538,35.00,-7.26,-4.99
405993,1819,24016,149,105626,35.00,-7.24,-4.97
406036,1735,24016,125,105852,35.00,-7.24,-4.98
406058,1704,24016,116,105914,35.00,-7.27,-4.98
406080,1705,24528,120,105965,35.00,-7.22,-4.99
406102,1745,24528,147,106011,35.00,-7.19,-5.01
406124,1541,24528,151,106091,35.00,-7.25,-4.98
406146,1578,24528,165,106184,35.00,-7.21,-5.02
406168,1575,24528,165,106251,35.00,-7.22,-4.95
406190,1421,24528,164,106292,35.00,-7.24,-4.99
406212,1583,24528,148,106298,35.00,-7.22,-4.97
406234,1544,24528,139,106287,35.00,-7.21,-4.98
406276,1643,24528,125,105178,35.00,-7.23,-4.95
406298,1710,24016,119,104917,35.00,-7.23,-4.97
406320,1681,24528,125,104751,35.00,-7.19,-4.98
406342,1567,24528,126,104635,35.00,-7.23,-4.97
406364,1215,24528,135,104535,35.00,-7.19,-4.98
406386,949,24528,140,104449,35.00,-7.20,-4.98
406408,1141,24528,149,104382,35.00,-7.23,-4.98
406430,1240,24528,146,104344,35.00,-7.17,-4.96
406452,1551,24528,141,104366,35.00,-7.22,-5.00
406474,1657,24016,126,104437,35.00,-7.24,-4.98
406496,1763,24528,119,104499,35.00,-7.21,-4.99
406537,1891,24528,123,104494,35.00,-7.21,-4.96
406559,2248,24528,141,104507,35.00,-7.20,-4.98
406581,2317,24528,147,104527,35.00,-7.18,-4.95
406603,2215,24528,155,104517,35.00,-7.21,-4.99
406625,2056,24528,165,104527,35.00,-7.21,-4.94
406647,2131,24528,173,104550,35.00,-7.22,-4.96
406669,2299,24528,185,104584,35.00,-7.22,-4.98
406691,2403,24528,181,104617,35.00,-7.23,-4.96
406713,2551,24528,171,104651,35.00,-7.24,-4.95
406735,2619,24624,152,104710,35.00,-7.25,-4.99
406777,2619,24624,150,104807,35.00,-7.21,-4.97
406799,2407,24624,146,104796,35.00,-7.21,-4.97
406821,2252,24624,151,104810,35.00,-7.20,-4.96
406843,2099,24624,167,104825,35.00,-7.21,-5.01
406865,1933,24624,165,104868,35.00,-7.26,-4.98
406887,1861,24624,181,104931,35.00,-7.25,-4.94
406909,1863,24624,199,104982,35.00,-7.24,-4.93
406931,1960,24624,201,105020,35.00,-7.20,-4.98
406953,2007,24528,181,105037,35.00,-7.21,-5.00
406975,1973,24528,167,104936,35.00,-7.23,-4.97
406997,1767,24624,143,104659,35.00,-7.19,-4.97
407038,1587,24624,138,103887,35.00,-7.25,-4.99
407060,1430,24624,127,103789,35.00,-7.25,-5.01
407082,1401,24528,145,103712,35.00,-7.29,-4.98
407104,1259,24528,151,103652,35.00,-7.23,-5.01
407126,1145,24528,168,103617,35.00,-7.24,-4.99
407148,1298,24528,171,103608,35.00,-7.25,-5.01
407170,1449,24528,171,103682,35.00,-7.24,-4.96
407192,1626,24624,165,103815,35.00,-7.19,-4.96
407214,1748,24624,155,103925,35.00,-7.25,-4.98
407236,1807,24624,147,104000,35.00,-7.24,-5.00
407279,1645,24624,133,104134,35.00,-7.25,-4.99
407301,1267,24624,107,104168,35.00,-7.23,-4.99
407323,1060,24624,107,104204,35.00,-7.21,-4.96
407345,927,24624,119,104240,35.00,-7.24,-4.96
407367,936,24624,147,104270,35.00,-7.21,-4.98
407389,1197,24624,165,104306,35.00,-7.22,-4.98
407411,1445,24624,165,104364,35.00,-7.23,-5.02
407433,1631,24624,164,104452,35.00,-7.20,-4.96
407455,1832,24624,154,104508,35.00,-7.20,-4.96
407477,1964,24624,147,104579,35.00,-7.23,-4.97
407519,2007,24624,138,104733,35.00,-7.26,-4.98
407541,1813,25136,122,104768,35.00,-7.24,-4.97
407563,1691,25136,133,104814,35.00,-7.25,-4.98
407585,1638,25136,142,104863,35.00,-7.20,-5.00
407607,1583,25136,155,104912,35.00,-7.27,-5.00
407629,1625,25136,159,104952,35.00,-7.23,-5.02
407651,1675,25136,164,105003,35.00,-7.23,-5.00
407673,1723,25136,154,105029,35.00,-7.24,-4.96
407695,1863,25136,158,105015,35.00,-7.25,-5.02
407717,2011,25136,139,104805,35.00,-7.25,-4.99
407760,2071,25136,143,103868,35.00,-7.21,-4.98
407782,2109,25136,133,103733,35.00,-7.20,-4.97
407804,1995,25136,151,103632,35.00,-7.24,-4.98
407826,1865,25136,151,103531,35.00,-7.23,-4.99
407848,1719,25136,159,103457,35.00,-7.23,-4.97
407870,1755,25136,168,103422,35.00,-7.20,-4.96
407892,1722,25136,167,103457,35.00,-7.26,-4.95
407914,1861,24624,154,103550,35.00,-7.24,-4.99
407936,1932,25136,153,103670,35.00,-7.19,-4.95
407958,2027,25136,133,103737,35.00,-7.23,-4.96
408348,2153,25136,142,103852,36.29,-7.23,-4.96
408381,1623,25136,154,104617,35.00,-7.21,-4.94
408403,1959,25136,123,104460,35.00,-7.20,-4.95
408425,1863,25136,139,104097,35.00,-7.22,-4.97
408447,1675,25136,148,103754,35.00,-7.23,-4.99
408469,1581,25136,163,103471,35.00,-7.23,-5.00
408491,1519,25136,165,103271,35.00,-7.22,-5.00
408513,1611,25136,165,103130,35.00,-7.27,-4.99
408535,1695,25136,151,103021,35.00,-7.19,-4.99
408557,1749,25136,141,102940,35.00,-7.21,-4.94
408579,1828,25136,133,102887,35.00,-7.26,-4.96
408601,1981,25136,131,102882,35.00,-7.20,-4.98
408642,1959,25136,133,103124,35.00,-7.22,-5.02
408664,1774,25136,125,103190,35.00,-7.23,-4.97
408686,1551,25136,137,103231,35.00,-7.24,-4.96
408708,1385,25136,139,103264,35.00,-7.23,-4.97
408730,1233,25136,150,103301,35.00,-7.21,-4.98
408752,1167,25136,151,103345,35.00,-7.24,-4.94
408774,1207,25136,145,103405,35.00,-7.22,-4.97
408796,1372,25136,126,103464,35.00,-7.27,-4.94
408818,1514,25136,123,103547,35.00,-7.22,-4.95
408840,1653,25136,111,103631,35.00,-7.24,-4.99
408882,1725,25136,111,103885,35.00,-7.24,-4.98
408904,1753,25136,119,103960,35.00,-7.23,-5.01
408926,1587,25136,133,104018,35.00,-7.26,-4.99
408948,1453,25136,142,104073,35.00,-7.23,-4.96
408970,1290,25136,142,104115,35.00,-7.20,-4.96
408992,1105,25136,143,104178,35.00,-7.26,-4.99
409369,1229,25136,147,104234,35.97,-7.25,-4.96
409404,1832,25136,158,103363,35.00,-7.20,-4.96
409426,2035,24624,132,103445,35.00,-7.19,-4.98
409448,1964,24624,153,103539,35.00,-7.22,-4.96
409470,1885,25136,167,103603,35.00,-7.25,-4.98
409492,1944,24624,173,103683,35.00,-7.25,-4.98
409514,1967,24624,173,103744,35.00,-7.22,-4.99
409536,2127,25136,180,103818,35.00,-7.20,-5.00
409558,2123,25136,197,103876,35.00,-7.22,-4.98
409580,2701,25136,187,103933,35.00,-7.23,-4.97
409602,2634,25136,165,103985,35.00,-7.23,-4.97
409644,2441,25136,153,104198,35.00,-7.23,-5.00
409666,2266,25136,147,104245,35.00,-7.23,-4.96
409688,2055,25136,151,104302,35.00,-7.24,-5.00
409710,1899,25136,165,104359,35.00,-7.23,-4.97
409732,1847,25136,175,104462,35.00,-7.19,-4.96
409754,1791,25136,184,104548,35.00,-7.22,-4.96
409776,1773,25136,154,104641,35.00,-7.22,-5.00
409798,1532,25136,121,104708,35.00,-7.24,-4.99
409820,1363,24624,99,104748,35.00,-7.21,-5.02
409842,1369,24624,84,104746,35.00,-7.24,-4.95
409864,1372,24624,85,104551,35.00,-7.27,-4.99
409905,1450,24624,125,103571,35.00,-7.24,-4.96
409927,1906,24624,149,103403,35.00,-7.25,-5.03
409949,1845,24624,151,103268,35.00,-7.19,-4.98
409971,1401,24624,135,103166,35.00,-7.21,-4.95
409993,1371,24624,149,103095,35.00,-7.24,-4.95
410390,1339,24624,147,103061,35.72,-7.23,-4.95
410426,1768,25136,165,104249,35.00,-7.27,-4.97
410448,2094,25136,170,104291,35.00,-7.25,-4.96
410470,2389,25136,231,104350,35.00,-7.24,-4.96
410492,2719,25136,275,104411,35.00,-7.24,-4.96
410514,2731,25136,255,104484,35.00,-7.22,-5.01
410536,2506,25136,219,104525,35.00,-7.20,-4.98
410558,2269,25136,186,104434,35.00,-7.26,-4.94
410580,1992,25904,171,104097,35.00,-7.26,-4.96
410602,2425,25136,218,103751,35.00,-7.22,-4.97
410624,2638,25136,213,103450,35.00,-7.25,-4.97
410667,2586,25136,198,102858,35.00,-7.20,-5.01
410689,2342,25136,205,102707,35.00,-7.24,-5.00
410711,2163,25136,211,102595,35.00,-7.19,-4.95
410733,2007,25136,217,102545,35.00,-7.22,-4.98
410755,2249,25136,219,102574,35.00,-7.23,-4.96
410777,1916,25136,219,102639,35.00,-7.24,-4.94
410799,1875,25136,191,102703,35.00,-7.27,-4.94
410821,1870,25136,167,102747,35.00,-7.23,-4.97
410843,1848,25136,119,102781,35.00,-7.28,-5.08
410865,1275,25136,96,102830,35.00,-7.13,-4.95
410907,1140,25136,100,102996,35.00,-7.16,-4.97
410929,1245,24624,103,103039,35.00,-7.22,-4.93
410951,986,24624,87,103070,35.00,-7.33,-4.98
410973,536,24528,139,103104,35.00,-7.22,-4.94
410995,744,24528,125,103155,35.00,-7.23,-5.01
411412,953,24528,111,103211,36.81,-7.25,-4.97
411449,1055,24016,125,101685,35.00,-7.24,-5.01
411471,1723,24016,123,101768,35.00,-7.28,-4.99
411493,1823,24016,151,101873,35.00,-7.21,-4.98
411515,1571,23248,151,101940,35.00,-7.25,-4.99
411537,1459,23248,159,101995,35.00,-7.23,-5.02
411559,1917,23248,119,102035,35.00,-7.26,-4.99
411581,1948,23248,121,102110,35.00,-7.23,-5.00
411603,2281,23248,104,102201,35.00,-7.24,-5.04
411625,2775,23248,109,102273,35.00,-7.22,-4.99
411647,3737,23248,216,102371,35.00,-7.18,-5.00
411689,3757,23248,245,102655,35.00,-7.17,-4.99
411711,3759,23248,271,102725,35.00,-7.20,-5.00
411733,3753,23248,249,102808,35.00,-7.22,-5.00
411755,3767,23248,227,102881,35.00,-7.20,-5.00
411777,3736,23248,235,102951,35.00,-7.26,-4.97
411799,3292,23248,277,103000,35.00,-7.21,-4.98
411821,3103,23248,186,103063,35.00,-7.20,-5.01
411843,1417,23248,101,103103,35.00,-7.22,-5.04
411865,1663,23248,179,103151,35.00,-7.22,-4.97
411887,1897,23248,205,103192,35.00,-7.28,-4.97
411909,2264,22736,287,103233,35.00,-7.21,-4.95
411950,2844,22736,326,103179,35.00,-7.19,-5.01
411972,3211,22352,202,102893,35.00,-7.22,-4.99
411994,2541,22352,175,102490,35.00,-7.28,-5.00
412433,1828,22352,147,102153,36.02,-7.22,-4.96
412471,2075,23248,205,103300,35.00,-7.23,-4.95
412493,2506,23248,207,103430,35.00,-7.22,-4.97
412515,2264,23248,239,103532,35.00,-7.24,-4.98
412537,2462,23248,287,103607,35.00,-7.20,-4.96
412559,2643,23248,309,103683,35.00,-7.22,-4.97
412581,2921,23248,313,103747,35.00,-7.23,-4.99
412603,2552,23248,229,103799,35.00,-7.25,-4.94
412625,1909,23248,155,103831,35.00,-7.23,-5.01
412647,1627,23248,148,103847,35.00,-7.20,-5.00
412669,1567,23248,121,103848,35.00,-7.24,-4.96
412712,1273,24016,138,103027,35.00,-7.23,-4.97
412734,1205,24016,153,102698,35.00,-7.21,-4.94
412756,1227,24016,185,102467,35.00,-7.21,-4.98
412778,1479,24016,221,102274,35.00,-7.22,-4.94
412800,1949,24016,253,102110,35.00,-7.20,-4.97
412822,2323,24016,281,101990,35.00,-7.25,-4.97
412844,3231,24016,367,101907,35.00,-7.20,-5.02
412866,3729,24016,365,101877,35.00,-7.21,-5.02
412888,3725,24016,315,101901,35.00,-7.22,-5.00
412910,3067,24528,239,102007,35.00,-7.25,-5.00
412952,2377,24528,206,102359,35.00,-7.26,-5.03
412974,1558,24016,173,102399,35.00,-7.24,-5.03
412996,1163,24016,170,102456,35.00,-7.25,-4.97
413711,886,24016,165,102531,36.69,-7.24,-5.03
413735,2151,24528,135,103045,35.00,-7.22,-4.97
413757,1979,24528,162,103118,35.00,-7.20,-5.03
413779,1959,24528,169,103182,35.00,-7.23,-4.97
413801,1850,24528,170,103261,35.00,-7.24,-4.97
413823,2084,24528,167,103331,35.00,-7.19,-4.98
413845,2143,24528,157,103402,35.00,-7.20,-4.96
413867,2215,24528,145,103488,35.00,-7.24,-5.00
413889,2311,24528,148,103572,35.00,-7.24,-4.99
413911,2309,24528,139,103653,35.00,-7.21,-4.99
413933,2261,24528,149,103730,35.00,-7.23,-4.97
413975,2127,24016,151,103936,35.00,-7.20,-5.02
413997,1929,24016,153,104017,35.00,-7.20,-5.01
414733,1832,24016,163,104086,36.05,-7.25,-5.00
414758,1907,23248,140,104098,35.00,-7.24,-5.00
414780,1595,24016,169,104150,35.00,-7.25,-4.97
414802,1582,23248,171,104196,35.00,-7.21,-4.96
414824,1685,23248,167,104222,35.00,-7.21,-4.98
414846,1738,23248,157,104262,35.00,-7.20,-4.99
414868,1819,23248,151,104296,35.00,-7.22,-4.97
414890,1877,23248,141,104336,35.00,-7.22,-4.99
414912,1903,23248,136,104403,35.00,-7.21,-4.99
414934,1869,23248,125,104461,35.00,-7.22,-4.98
414956,1705,23248,139,104539,35.00,-7.19,-4.98
414997,1645,23248,146,104664,35.00,-7.21,-4.97
415755,1597,23248,153,104453,35.72,-7.23,-4.97
415780,1854,21072,139,105137,35.00,-7.22,-5.00
415802,1593,21072,159,105202,35.00,-7.23,-4.99
415824,1575,21072,163,105181,35.00,-7.28,-4.99
415846,1628,21072,167,104941,35.00,-7.25,-4.95
415868,1783,21072,151,104514,35.00,-7.23,-4.99
415890,1907,21072,147,104149,35.00,-7.21,-4.96
415912,1958,21072,126,103924,35.00,-7.24,-4.96
415934,1907,21072,123,103785,35.00,-7.21,-4.99
415956,1911,21072,121,103726,35.00,-7.24,-4.96
415978,1769,21072,141,103677,35.00,-7.24,-4.99
416020,1720,21072,142,103662,35.00,-7.22,-4.99
416042,1611,20560,155,103772,35.00,-7.22,-4.95
416064,1587,20560,164,103902,35.00,-7.23,-4.97
416086,1661,20560,167,104004,35.00,-7.21,-4.98
416108,1683,20560,159,104065,35.00,-7.24,-5.01
416130,1847,20560,149,104103,35.00,-7.26,-4.94
416152,1897,20560,135,104157,35.00,-7.22,-5.00
416174,1861,20560,133,104242,35.00,-7.22,-5.01
416196,1935,20560,137,104302,35.00,-7.17,-4.98
416218,1861,20560,143,104377,35.00,-7.27,-4.97
416260,1741,20560,152,104646,35.00,-7.20,-4.97
416282,1621,20560,159,104717,35.00,-7.23,-4.97
416304,1571,20560,165,104803,35.00,-7.23,-4.96
416326,1615,20368,169,104876,35.00,-7.26,-4.94
416348,1663,20368,155,104961,35.00,-7.27,-4.99
416370,1767,20368,151,105053,35.00,-7.25,-5.01
416392,1853,20368,137,105152,35.00,-7.24,-4.99
416414,1899,20368,125,105226,35.00,-7.20,-4.99
416436,1875,20368,133,105263,35.00,-7.19,-4.94
416458,1799,20368,127,105276,35.00,-7.21,-4.94
416501,1647,20368,143,105396,35.00,-7.24,-5.01
416523,1475,20368,157,105462,35.00,-7.19,-4.94
416545,1491,20368,165,105526,35.00,-7.21,-4.95
416567,1611,20368,167,105592,35.00,-7.25,-4.97
416589,1741,20368,166,105678,35.00,-7.24,-4.95
416611,1815,20368,147,105772,35.00,-7.25,-5.03
416633,1896,20368,139,105864,35.00,-7.26,-4.97
416655,1899,20368,139,105940,35.00,-7.24,-5.00
416677,1875,20368,134,105977,35.00,-7.24,-4.93
416699,1747,20368,136,105797,35.00,-7.22,-4.96
416741,1685,20368,155,104517,35.00,-7.26,-4.96
416763,1608,20368,161,104340,35.00,-7.23,-4.99
416785,1567,20368,165,104259,35.00,-7.21,-4.94
416807,1631,20368,168,104211,35.00,-7.22,-4.95
416829,1708,20368,160,104182,35.00,-7.24,-4.96
416851,1846,19856,155,104155,35.00,-7.18,-4.97
416873,1859,19856,137,104185,35.00,-7.25,-4.95
416895,1919,19856,137,104266,35.00,-7.23,-4.98
416917,1883,20368,122,104371,35.00,-7.24,-4.97
416939,1751,19856,133,104470,35.00,-7.26,-4.98
416961,1693,19856,143,104540,35.00,-7.19,-4.96
417544,1613,19856,157,104651,35.94,-7.23,-4.95
417583,1173,21072,149,104913,35.00,-7.24,-4.99
417605,1567,20560,151,104709,35.00,-7.24,-5.02
417627,1627,20560,153,104593,35.00,-7.27,-4.93
417649,1458,21840,151,104532,35.00,-7.24,-4.99
417671,1173,21072,126,104471,35.00,-7.25,-5.04
417693,1243,21072,121,104426,35.00,-7.19,-4.99
417715,1617,20560,121,104411,35.00,-7.24,-4.94
417737,1713,20560,132,104452,35.00,-7.20,-4.98
417759,1940,21072,139,104547,35.00,-7.25,-4.91
417781,1949,21072,159,104649,35.00,-7.24,-4.96
417803,1934,21840,164,104722,35.00,-7.23,-5.01
417844,1875,21840,183,104779,35.00,-7.21,-5.00
417866,1967,22352,184,104834,35.00,-7.26,-4.98
417888,1940,22352,189,104884,35.00,-7.25,-4.96
417910,1951,22736,187,104929,35.00,-7.23,-4.98
417932,1988,22352,173,104995,35.00,-7.24,-4.99
417954,2063,22352,157,105051,35.00,-7.21,-4.97
417976,2025,22736,143,105115,35.00,-7.20,-4.94
417998,1947,22736,137,105181,35.00,-7.18,-4.98
418020,1861,22736,139,105249,35.00,-7.21,-4.95
418042,1769,22736,149,105326,35.00,-7.21,-4.98
418084,1677,22736,159,105522,35.00,-7.25,-4.95
418106,1723,23248,173,105581,35.00,-7.23,-4.97
418128,1725,23248,179,105630,35.00,-7.20,-5.01
418150,1767,23248,179,105687,35.00,-7.25,-4.98
418172,1851,23248,167,105722,35.00,-7.24,-4.98
418194,1833,23248,154,105786,35.00,-7.26,-4.96
418216,1834,23248,135,105819,35.00,-7.24,-4.95
418238,1581,23248,126,105869,35.00,-7.20,-4.99
418260,1383,23248,121,105937,35.00,-7.24,-4.98
418282,1157,23248,119,106010,35.00,-7.23,-4.93
418304,1005,22736,141,106073,35.00,-7.25,-4.98
418345,1031,22736,147,106171,35.00,-7.25,-5.00
418367,1203,22736,153,105826,35.00,-7.23,-4.96
418389,1316,22736,157,105280,35.00,-7.20,-4.93
418411,1461,22736,165,104886,35.00,-7.24,-4.96
418433,1669,22736,151,104646,35.00,-7.21,-4.95
418455,1815,22736,149,104517,35.00,-7.20,-4.99
418477,1932,22736,135,104475,35.00,-7.22,-4.98
418499,1885,22736,135,104440,35.00,-7.25,-4.95
418521,1907,22736,136,104422,35.00,-7.24,-4.96
418543,1803,22736,147,104429,35.00,-7.25,-4.96
418586,1725,22736,149,104706,35.00,-7.25,-4.99
418608,1657,22352,166,104813,35.00,-7.26,-5.00
418630,1695,22352,169,104872,35.00,-7.24,-4.95
418652,1781,22352,171,104901,35.00,-7.22,-4.95
418674,1868,22736,150,104969,35.00,-7.21,-4.97
418696,1929,22352,141,105035,35.00,-7.21,-4.96
418718,1961,22352,135,105104,35.00,-7.24,-4.94
418740,1929,22736,133,105182,35.00,-7.26,-4.95
418762,1907,22736,137,105275,35.00,-7.23,-5.01
418784,1788,22736,147,105362,35.00,-7.23,-4.92
418826,1715,22736,155,105635,35.00,-7.24,-4.96
418848,1701,22736,171,105710,35.00,-7.24,-4.98
418870,1705,22736,175,105810,35.00,-7.25,-4.98
418892,1807,22736,175,105904,35.00,-7.22,-4.98
418914,1832,22736,159,106013,35.00,-7.24,-4.97
418936,1971,22736,153,106105,35.00,-7.23,-4.96
418958,1981,22736,146,106191,35.00,-7.25,-4.96
418980,1947,22736,137,106248,35.00,-7.25,-4.96
419342,1869,22736,138,106304,35.69,-7.25,-4.96
419370,1683,22352,137,105049,35.00,-7.24,-4.95
419392,1465,22352,163,105199,35.00,-7.24,-4.99
419414,1659,22352,165,105273,35.00,-7.23,-5.02
419436,1735,22352,150,105311,35.00,-7.24,-4.99
419458,1820,22352,134,105339,35.00,-7.24,-4.97
419480,1909,22352,133,105383,35.00,-7.24,-4.97
419502,1867,22352,133,105436,35.00,-7.25,-4.96
419524,1759,21840,136,105490,35.00,-7.23,-4.94
419546,1640,21840,147,105555,35.00,-7.22,-4.97
419588,1530,21840,157,105804,35.00,-7.24,-4.95
419610,1465,21840,159,105880,35.00,-7.25,-5.01
419632,1553,21840,165,105945,35.00,-7.23,-4.95
419654,1645,21840,158,106004,35.00,-7.24,-4.97
419676,1755,21840,153,106066,35.00,-7.21,-4.97
419698,1845,21840,139,106108,35.00,-7.19,-4.95
419720,1883,21840,136,106174,35.00,-7.29,-4.96
419742,1836,21840,125,106233,35.00,-7.22,-4.94
419764,1769,21840,133,106284,35.00,-7.27,-4.98
419786,1672,21840,147,106326,35.00,-7.29,-4.91
419829,1544,21840,153,106474,35.00,-7.22,-4.94
419851,1430,21840,159,106540,35.00,-7.25,-4.95
419873,1465,21840,163,106609,35.00,-7.24,-5.01
419895,1531,21840,152,106669,35.00,-7.25,-4.96
419917,1628,21840,140,106726,35.00,-7.23,-4.97
419939,1673,21840,123,106700,35.00,-7.23,-4.93
419961,1723,21840,118,106360,35.00,-7.23,-4.96
419983,1701,21840,122,105705,35.00,-7.26,-5.01
420356,1610,21840,124,105246,35.98,-7.24,-4.94
420390,2168,21840,164,105433,35.00,-7.22,-4.95
420412,1879,21840,185,105499,35.00,-7.22,-5.01
420434,1935,21840,184,105581,35.00,-7.26,-4.96
420456,1990,21840,175,105662,35.00,-7.24,-4.96
420478,2029,21072,165,105743,35.00,-7.22,-4.96
420500,2163,21072,153,105806,35.00,-7.21,-5.00
420522,2188,21072,152,105867,35.00,-7.23,-4.98
420544,2077,21072,149,105927,35.00,-7.24,-4.99
420566,1944,21072,154,105997,35.00,-7.26,-4.94
420588,1807,21072,165,106050,35.00,-7.24,-4.96
420631,1743,21072,173,106284,35.00,-7.23,-4.94
420653,1624,21072,175,106381,35.00,-7.22,-4.99
420675,1636,21072,169,106481,35.00,-7.25,-4.96
420697,1781,21072,170,106543,35.00,-7.25,-4.94
420719,1776,21072,149,106579,35.00,-7.23,-4.95
420741,1837,21072,142,106332,35.00,-7.24,-4.95
420763,1771,21072,133,105726,35.00,-7.21,-4.97
420785,1615,21072,136,105258,35.00,-7.22,-4.96
420807,1465,21072,141,104988,35.00,-7.23,-4.98
420829,1264,21072,146,104862,35.00,-7.24,-4.96
420871,1190,21072,157,104714,35.00,-7.23,-4.99
420893,1123,21072,155,104681,35.00,-7.23,-4.96
420915,1158,21072,158,104697,35.00,-7.25,-4.93
420937,1289,21072,137,104757,35.00,-7.21,-4.96
420959,1321,20560,136,104876,35.00,-7.25,-4.96
420981,1463,21072,117,104969,35.00,-7.23,-4.98
421378,1483,21072,115,105062,36.28,-7.26,-4.97
421412,2188,21840,157,107646,35.00,-7.27,-4.97
421434,1861,21840,183,107869,35.00,-7.25,-4.96
421456,1965,21840,179,108065,35.00,-7.22,-4.97
421478,2040,22352,172,108253,35.00,-7.24,-4.96
421500,2132,21840,159,108392,35.00,-7.21,-4.96
421522,2171,22352,149,108279,35.00,-7.25,-4.95
421544,2171,22352,141,107744,35.00,-7.23,-4.97
421566,2073,21840,147,107160,35.00,-7.23,-4.99
421588,1979,21840,151,106852,35.00,-7.23,-4.99
421610,1880,21840,159,106893,35.00,-7.22,-4.98
421632,1717,21840,171,107062,35.00,-7.20,-4.93
421673,1672,21840,179,107520,35.00,-7.18,-5.00
421695,1553,21840,169,107845,35.00,-7.24,-4.99
421717,1587,21840,169,108229,35.00,-7.23,-4.98
421739,1661,21840,155,108574,35.00,-7.23,-4.95
421761,1741,21840,149,108804,35.00,-7.24,-4.96
421783,1768,22352,137,108943,35.00,-7.27,-4.99
421805,1737,22352,125,109022,35.00,-7.23,-4.93
421827,1637,22352,127,109071,35.00,-7.21,-4.97
421849,1523,22352,138,109119,35.00,-7.25,-4.98
421871,1419,22352,141,109160,35.00,-7.24,-4.98
421914,1331,22352,159,109234,35.00,-7.20,-5.00
421936,1353,22352,163,109260,35.00,-7.18,-5.00
421958,1519,22352,157,109260,35.00,-7.18,-4.97
421980,1562,22352,149,109263,35.00,-7.27,-4.97
422400,1723,22352,136,109250,35.80,-7.23,-4.99
422435,2057,22352,155,106558,35.00,-7.20,-4.98
422457,1755,22352,179,106615,35.00,-7.24,-4.96
422479,1846,22352,173,106756,35.00,-7.19,-4.91
422501,1927,22352,158,106954,35.00,-7.21,-4.95
422523,1961,22352,149,107133,35.00,-7.24,-4.98
422545,1983,22352,139,107230,35.00,-7.23,-5.02
422567,1911,22352,133,107264,35.00,-7.25,-4.97
422589,1816,22352,135,107267,35.00,-7.20,-4.94
422611,1711,22352,149,107281,35.00,-7.24,-4.95
422633,1581,22352,157,107303,35.00,-7.25,-4.97
422675,1507,22352,165,107387,35.00,-7.20,-4.95
422697,1557,22352,169,107400,35.00,-7.27,-4.98
422719,1629,22352,159,107438,35.00,-7.24,-4.98
422741,1736,22736,155,107502,35.00,-7.23,-4.98
422763,1805,22352,143,107544,35.00,-7.21,-4.97
422785,1839,22352,137,107602,35.00,-7.23,-4.96
422807,1891,22352,125,107679,35.00,-7.24,-4.98
422829,1717,22352,122,107752,35.00,-7.21,-4.98
422851,1606,22352,137,107808,35.00,-7.26,-4.99
422873,1509,22352,145,107861,35.00,-7.25,-4.97
422895,1433,22352,157,107914,35.00,-7.22,-4.97
422936,1437,22352,164,108033,35.00,-7.25,-4.98
422958,1702,22352,179,108092,35.00,-7.22,-5.00
422980,1820,22352,173,108153,35.00,-7.25,-4.95
423423,1959,22352,165,108172,36.86,-7.24,-4.94
423457,2087,22352,151,106538,35.00,-7.22,-4.98
423479,1850,22352,190,106640,35.00,-7.22,-4.93
423501,2361,22352,228,106726,35.00,-7.23,-4.97
423523,2469,22352,236,106795,35.00,-7.25,-4.97
423545,3525,22352,345,106878,35.00,-7.27,-4.96
423567,3695,22352,335,106961,35.00,-7.21,-4.99
423589,3694,22352,285,107041,35.00,-7.24,-4.96
423611,3531,22352,249,107103,35.00,-7.23,-4.99
423633,2681,22352,210,107150,35.00,-7.22,-4.95
423655,2012,21840,181,107203,35.00,-7.30,-4.98
423698,1619,21840,187,107458,35.00,-7.23,-4.95
423720,1757,21840,213,107559,35.00,-7.29,-4.96
423742,1772,22352,186,107643,35.00,-7.21,-4.99
423764,1817,22352,181,107664,35.00,-7.21,-4.98
423786,1806,22352,168,107496,35.00,-7.27,-4.95
423808,1771,22352,157,106856,35.00,-7.23,-4.95
423830,1641,22352,153,106124,35.00,-7.24,-4.98
423852,1466,21840,156,105761,35.00,-7.24,-4.99
423874,1173,21840,151,105596,35.00,-7.26,-4.96
423896,1131,21840,177,105518,35.00,-7.24,-4.96
423938,1269,21840,197,105406,35.00,-7.23,-4.94
423960,1372,21840,185,105399,35.00,-7.23,-4.98
423982,1386,21840,171,105465,35.00,-7.27,-4.95
424701,1385,21840,147,105579,36.89,-7.23,-4.98
424740,45,19088,247,105370,35.00,-7.24,-4.99
424762,1893,19088,163,105478,35.00,-7.21,-4.96
424784,2059,19856,151,105563,35.00,-7.24,-4.98
424806,2280,19856,143,105593,35.00,-7.21,-4.98
424828,2451,19856,150,105619,35.00,-7.24,-4.98
424850,2623,19856,149,105645,35.00,-7.22,-4.98
424872,2539,19856,147,105691,35.00,-7.24,-4.98
424894,2333,19856,147,105757,35.00,-7.21,-4.97
424916,2238,20368,163,105811,35.00,-7.26,-4.93
424938,2185,19856,169,105888,35.00,-7.20,-4.95
424960,2063,19856,172,105980,35.00,-7.25,-4.97
425723,2088,20368,171,106180,35.28,-7.23,-4.99
425763,2743,20368,261,106194,35.00,-7.24,-5.00
425785,2005,20368,215,106295,35.00,-7.25,-4.96
425807,1683,20368,176,106374,35.00,-7.22,-5.01
425829,1449,20368,152,106426,35.00,-7.24,-4.95
425851,1106,20368,125,106497,35.00,-7.22,-4.96
425873,913,20368,137,106571,35.00,-7.23,-4.97
425895,1177,20368,157,106648,35.00,-7.24,-5.01
425917,1001,19856,163,106736,35.00,-7.19,-4.96
425939,711,19856,156,106836,35.00,-7.19,-4.92
425961,627,19856,171,106918,35.00,-7.26,-4.96
426746,498,20368,163,106495,35.64,-7.20,-5.01
426785,1743,20368,158,105278,35.00,-7.24,-5.01
426807,1660,20560,163,105049,35.00,-7.23,-4.97
426829,1846,20368,147,104896,35.00,-7.21,-4.99
426851,1900,20368,138,104778,35.00,-7.21,-4.99
426873,1975,20560,135,104687,35.00,-7.25,-4.96
426895,1903,20560,125,104611,35.00,-7.22,-4.99
426917,1827,20368,136,104590,35.00,-7.24,-4.97
426939,1715,20368,147,104606,35.00,-7.27,-4.97
426961,1658,20368,155,104684,35.00,-7.22,-4.95
426983,1579,20368,156,104812,35.00,-7.26,-4.95
427026,1581,20368,163,104982,35.00,-7.24,-4.99
427048,1635,20368,138,105033,35.00,-7.24,-5.00
427070,1700,20368,136,105097,35.00,-7.22,-4.99
427092,1766,20368,119,105133,35.00,-7.24,-4.99
427114,1827,20368,121,105187,35.00,-7.23,-4.98
427136,1768,20368,123,105257,35.00,-7.23,-4.98
427158,1749,20368,136,105327,35.00,-7.27,-4.96
427180,1670,20368,141,105411,35.00,-7.24,-4.95
427202,1615,20368,157,105496,35.00,-7.24,-4.96
427224,1607,20560,159,105589,35.00,-7.22,-4.97
427266,1691,20368,169,105832,35.00,-7.24,-4.98
427288,1813,20368,159,105887,35.00,-7.24,-4.98
427310,1931,20560,150,105956,35.00,-7.24,-4.95
427332,2015,20560,139,106018,35.00,-7.25,-4.96
427354,1974,20560,139,106092,35.00,-7.26,-4.99
427376,1973,20560,135,106172,35.00,-7.23,-4.96
427398,1899,20560,136,106266,35.00,-7.23,-4.98
427420,1749,20560,150,106327,35.00,-7.24,-4.98
427442,1686,20560,157,106378,35.00,-7.24,-4.94
427464,1683,20560,164,106355,35.00,-7.25,-4.97
427486,1696,20560,173,106103,35.00,-7.23,-4.94
427527,1849,20560,179,104950,35.00,-7.24,-4.96
427549,1945,20368,165,104823,35.00,-7.23,-4.95
427571,2055,20560,164,104724,35.00,-7.26,-4.98
427593,2124,20560,147,104661,35.00,-7.23,-4.97
427615,2089,20368,143,104612,35.00,-7.21,-4.97
427637,2023,20368,138,104568,35.00,-7.24,-4.96
427659,1900,20560,151,104597,35.00,-7.22,-4.95
427681,1763,20560,155,104673,35.00,-7.25,-4.96
427703,1690,20560,173,104799,35.00,-7.25,-4.99
427725,1663,20560,173,104895,35.00,-7.26,-4.98
427767,1735,20368,171,105044,35.00,-7.23,-5.00
427789,1757,20368,163,105094,35.00,-7.24,-4.97
427811,1849,20368,171,105155,35.00,-7.24,-4.95
427833,1892,20560,140,105231,35.00,-7.27,-4.97
427855,1947,20368,138,105299,35.00,-7.25,-4.96
427877,1893,20560,136,105385,35.00,-7.21,-4.98
427899,1743,20560,140,105458,35.00,-7.22,-4.93
427921,1635,20560,149,105533,35.00,-7.27,-4.96
427943,1583,20560,167,105623,35.00,-7.23,-4.96
427965,1561,20560,168,105710,35.00,-7.28,-4.97
427987,1589,20560,173,105782,35.00,-7.24,-4.97
428028,1679,20560,159,105948,35.00,-7.23,-4.99
428050,1691,20560,155,106004,35.00,-7.23,-4.96
428072,1773,20560,141,106083,35.00,-7.24,-4.98
428094,1815,20560,135,106159,35.00,-7.21,-4.99
428116,1751,20560,123,106249,35.00,-7.24,-5.00
428138,1736,20560,135,106320,35.00,-7.24,-5.00
428160,1643,20560,137,106372,35.00,-7.25,-4.93
428182,1493,20560,150,106368,35.00,-7.28,-5.01
428204,1461,20560,160,106097,35.00,-7.25,-4.96
428226,1463,20560,169,105576,35.00,-7.19,-4.96
428269,1566,20560,163,104756,35.00,-7.21,-4.96
428291,1709,20560,153,104661,35.00,-7.22,-4.96
428313,1789,20560,139,104589,35.00,-7.21,-4.93
428335,1868,20560,139,104519,35.00,-7.21,-4.95
428357,1874,20560,134,104476,35.00,-7.21,-4.96
428379,1783,20560,137,104483,35.00,-7.27,-5.01
428401,1719,20560,149,104549,35.00,-7.21,-4.99
428423,1605,20560,157,104687,35.00,-7.26,-4.96
428445,1573,20560,167,104805,35.00,-7.24,-4.99
428467,1587,20560,169,104873,35.00,-7.24,-4.96
428509,1738,20560,173,105018,35.00,-7.24,-4.97
428531,1881,20560,157,105062,35.00,-7.25,-4.96
428553,1977,21072,154,105133,35.00,-7.23,-4.97
428575,1997,20560,140,105220,35.00,-7.19,-4.97
428597,1997,20560,140,105313,35.00,-7.22,-4.96
428619,1906,20560,137,105389,35.00,-7.26,-4.99
428641,1803,20560,145,105473,35.00,-7.21,-4.95
428663,1630,20560,157,105567,35.00,-7.24,-5.01
428685,1563,20560,165,105662,35.00,-7.22,-4.97
428707,1579,20560,169,105759,35.00,-7.23,-5.03
428729,1647,20560,169,105849,35.00,-7.24,-5.01
428770,1745,20560,165,106020,35.00,-7.24,-4.99
428792,1781,20560,151,106110,35.00,-7.20,-5.00
428814,1853,20560,149,106199,35.00,-7.26,-4.97
428836,1895,20560,136,106273,35.00,-7.20,-4.99
428858,1831,20560,127,106353,35.00,-7.23,-4.98
428880,1763,20560,135,106423,35.00,-7.20,-4.96
428902,1715,20560,149,106447,35.00,-7.23,-4.98
428924,1591,21072,151,106281,35.00,-7.22,-4.94
428946,1564,20560,166,105768,35.00,-7.22,-4.94
428968,1593,20560,171,105271,35.00,-7.24,-4.96
429556,1683,20560,171,104690,35.94,-7.24,-4.96
429592,1903,20560,127,106195,35.00,-7.22,-4.96
429614,1819,20560,153,106255,35.00,-7.22,-5.00
429636,1948,21072,136,106258,35.00,-7.23,-4.99
429658,1989,21072,136,105991,35.00,-7.21,-4.96
429680,1955,21072,133,105490,35.00,-7.26,-4.98
429702,1931,20560,140,105085,35.00,-7.23,-4.99
429724,1819,20560,149,104852,35.00,-7.24,-4.96
429746,1700,21072,163,104701,35.00,-7.27,-4.99
429768,1707,21072,169,104595,35.00,-7.25,-4.95
429790,1741,20560,173,104518,35.00,-7.26,-4.93
429832,1816,21072,159,104453,35.00,-7.21,-4.97
429854,1863,21072,152,104530,35.00,-7.20,-4.96
429876,1955,21072,142,104668,35.00,-7.24,-4.98
429898,1865,21072,133,104780,35.00,-7.27,-4.97
429920,1811,21072,121,104849,35.00,-7.24,-4.95
429942,1675,21072,123,104890,35.00,-7.24,-4.96
429964,1625,21072,140,104927,35.00,-7.25,-4.97
429986,1497,21072,147,104991,35.00,-7.24,-5.01
430579,1511,21072,158,105052,35.90,-7.21,-4.95
430614,1840,21840,133,104339,35.00,-7.23,-4.98
430636,1651,21840,149,104467,35.00,-7.23,-4.96
430658,1755,21840,133,104563,35.00,-7.25,-4.97
430680,1828,21840,127,104629,35.00,-7.22,-4.95
430702,1821,21840,121,104684,35.00,-7.27,-4.98
430724,1773,21840,139,104757,35.00,-7.23,-4.99
430746,1692,21840,149,104828,35.00,-7.23,-4.99
430768,1588,21840,159,104899,35.00,-7.23,-4.97
430790,1568,21840,164,104982,35.00,-7.26,-4.96
430812,1631,21840,167,105068,35.00,-7.23,-4.98
430855,1719,21840,159,105315,35.00,-7.23,-4.98
430877,1817,21840,146,105403,35.00,-7.23,-4.94
430899,1880,21840,134,105498,35.00,-7.24,-4.97
430921,1899,21840,135,105553,35.00,-7.23,-5.00
430943,1895,21840,132,105621,35.00,-7.23,-4.99
430965,1740,21840,139,105678,35.00,-7.28,-4.97
430987,1625,21840,149,105740,35.00,-7.24,-4.96
431349,1553,21840,157,105797,35.21,-7.20,-4.98
431377,1492,21840,159,104839,35.00,-7.22,-4.97
431399,1742,21840,125,104949,35.00,-7.20,-4.99
431421,1805,21840,124,105003,35.00,-7.23,-4.98
431443,1711,21840,118,105050,35.00,-7.24,-4.98
431465,1735,21840,135,105083,35.00,-7.23,-4.99
431487,1672,21840,139,105129,35.00,-7.23,-4.97
431509,1577,21840,157,105199,35.00,-7.24,-4.94
431531,1519,21840,165,105266,35.00,-7.21,-4.94
431553,1549,21840,169,105327,35.00,-7.24,-4.98
431575,1701,21072,163,105392,35.00,-7.24,-4.97
431616,1894,21072,158,105588,35.00,-7.24,-4.97
431638,1944,21072,151,105651,35.00,-7.23,-4.98
431660,1941,21840,136,105735,35.00,-7.28,-4.95
431682,2007,21840,136,105807,35.00,-7.20,-4.99
431704,1989,21072,135,105869,35.00,-7.22,-4.95
431726,1835,21840,140,105938,35.00,-7.22,-4.96
431748,1709,21840,151,105966,35.00,-7.24,-4.95
431770,1685,21840,165,106048,35.00,-7.25,-4.99
431792,1699,21072,179,106128,35.00,-7.22,-4.96
431814,1814,21072,172,106225,35.00,-7.24,-4.93
431836,1853,21072,169,106304,35.00,-7.24,-4.95
431877,1932,21072,164,106472,35.00,-7.24,-5.01
431899,1893,21072,153,106218,35.00,-7.20,-4.96
431921,1955,21072,138,105648,35.00,-7.24,-4.99
431943,1927,21072,137,105206,35.00,-7.24,-4.94
431965,1797,21072,139,104945,35.00,-7.23,-4.97
431987,1653,21072,141,104799,35.00,-7.23,-4.99
432368,1584,21072,151,104708,35.54,-7.23,-4.97
432398,1567,19856,146,105590,35.00,-7.23,-4.99
432420,1843,19856,147,105629,35.00,-7.23,-4.95
432442,2003,19856,135,105674,35.00,-7.24,-4.96
432464,1999,19856,136,105707,35.00,-7.23,-4.95
432486,1957,19088,126,105718,35.00,-7.20,-4.97
432508,1781,19088,147,105749,35.00,-7.23,-4.96
432530,1691,19088,150,105796,35.00,-7.20,-4.92
432552,1635,18576,164,105851,35.00,-7.23,-4.99
432574,1673,18576,170,105909,35.00,-7.21,-4.98
432596,1748,18192,171,105951,35.00,-7.23,-4.99
432618,1864,18192,159,105981,35.00,-7.22,-4.96
432659,1961,17680,158,105775,35.00,-7.24,-4.96
432681,1813,16400,139,105293,35.00,-7.20,-4.98
432703,1821,16400,135,104878,35.00,-7.22,-4.93
432725,1741,16352,123,104599,35.00,-7.20,-4.95
432747,1687,16352,135,104410,35.00,-7.24,-4.98
432769,1617,15840,141,104268,35.00,-7.24,-4.94
432791,1408,15840,149,104163,35.00,-7.27,-4.94
432813,1458,15840,159,104051,35.00,-7.25,-4.95
432835,1527,15072,169,103975,35.00,-7.21,-4.96
432857,1626,14560,167,103933,35.00,-7.25,-4.97
432900,1775,14560,153,104178,35.00,-7.23,-4.96
432922,1771,14176,137,104249,35.00,-7.19,-4.99
432944,1833,14560,133,104295,35.00,-7.21,-4.97
432966,1870,14176,133,104332,35.00,-7.22,-4.97
432988,1885,14176,133,104371,35.00,-7.25,-4.96
433389,1711,14176,147,104426,36.14,-7.26,-4.96
433421,1677,12896,146,105488,35.00,-7.21,-4.97
433443,1897,12896,139,105105,35.00,-7.25,-4.95
433465,1831,12896,133,104703,35.00,-7.26,-4.96
433487,1879,12896,127,104401,35.00,-7.24,-4.95
433509,1823,12896,135,104207,35.00,-7.23,-4.96
433531,1715,12896,147,104088,35.00,-7.21,-4.99
433553,1613,12896,160,103982,35.00,-7.23,-4.92
433575,1560,12896,165,103890,35.00,-7.23,-5.00
433597,1641,12896,172,103813,35.00,-7.20,-4.96
433619,1786,12896,165,103798,35.00,-7.22,-4.99
433661,1927,12896,153,104034,35.00,-7.26,-4.97
433683,1948,12896,141,104133,35.00,-7.24,-4.97
433705,1989,12896,139,104180,35.00,-7.19,-4.97
433727,2003,12896,133,104224,35.00,-7.23,-4.93
433749,1893,12896,140,104269,35.00,-7.24,-5.01
433771,1709,12896,147,104341,35.00,-7.24,-4.97
433793,1621,12896,159,104410,35.00,-7.24,-4.96
433815,1611,12896,164,104515,35.00,-7.24,-4.97
433837,1560,12896,169,104615,35.00,-7.24,-5.00
433859,1651,12896,165,104714,35.00,-7.25,-4.96
433881,1747,12896,157,104805,35.00,-7.22,-4.96
433922,1853,12896,150,105059,35.00,-7.21,-5.00
433944,1751,12896,137,105132,35.00,-7.28,-4.99
433966,1790,12896,133,105199,35.00,-7.23,-4.97
433988,1747,12896,132,105256,35.00,-7.22,-4.98
434412,1655,12896,127,105326,36.58,-7.25,-4.97
434443,1581,12896,151,104426,35.00,-7.23,-4.95
434465,1797,12896,127,104479,35.00,-7.25,-4.97
434487,1828,13664,127,104522,35.00,-7.24,-4.98
434509,1789,13664,125,104547,35.00,-7.23,-4.98
434531,1815,13664,139,104589,35.00,-7.20,-4.95
434553,1705,13664,148,104641,35.00,-7.25,-4.99
434575,1673,12896,163,104701,35.00,-7.22,-5.00
434597,1653,12896,167,104760,35.00,-7.25,-4.97
434619,1607,13664,168,104828,35.00,-7.22,-4.98
434641,1835,12896,166,104908,35.00,-7.22,-4.99
434663,1960,13664,152,105005,35.00,-7.25,-4.96
434704,1997,13664,140,105208,35.00,-7.22,-5.00
434726,1993,13664,135,105279,35.00,-7.21,-4.99
434748,1933,13664,134,105345,35.00,-7.24,-4.95
434770,1903,13664,127,105392,35.00,-7.24,-4.97
434792,1811,13664,149,105439,35.00,-7.24,-5.01
434814,1737,13664,148,105464,35.00,-7.26,-4.95
434836,1671,12896,169,105524,35.00,-7.26,-4.96
434858,1629,12896,169,105574,35.00,-7.23,-4.97
434880,1725,12896,170,105633,35.00,-7.24,-5.03
434902,1781,12896,157,105703,35.00,-7.24,-4.96
434945,1855,12896,155,105888,35.00,-7.23,-4.97
434967,1851,12896,139,105891,35.00,-7.22,-4.94
434989,1807,12896,127,105707,35.00,-7.21,-4.99
435434,1757,12896,136,105240,37.27,-7.22,-4.98
435466,1703,12384,159,104917,35.00,-7.22,-4.96
435488,2009,12896,135,104987,35.00,-7.24,-4.98
435510,2088,12896,137,105058,35.00,-7.20,-5.01
435532,1939,12896,136,105117,35.00,-7.23,-4.99
435554,1870,12896,151,105162,35.00,-7.23,-4.98
435576,1787,12896,159,105217,35.00,-7.21,-4.93
435598,1743,12896,173,105283,35.00,-7.19,-4.99
435620,1813,12896,173,105345,35.00,-7.23,-4.97
435642,1893,12896,182,105423,35.00,-7.25,-4.98
435664,1927,12896,163,105501,35.00,-7.23,-4.99
435706,2011,12896,158,105659,35.00,-7.24,-4.95
435728,1961,12896,141,105616,35.00,-7.22,-4.97
435750,1911,12896,138,105324,35.00,-7.23,-4.95
435772,1867,12896,142,104885,35.00,-7.20,-4.99
435794,1811,12896,147,104543,35.00,-7.27,-4.95
435816,1715,12896,159,104332,35.00,-7.21,-4.99
435838,1611,12896,167,104193,35.00,-7.23,-4.97
435860,1625,12896,171,104120,35.00,-7.22,-5.01
435882,1669,12896,168,104051,35.00,-7.22,-4.95
435904,1659,12896,158,103996,35.00,-7.22,-4.98
435926,1629,12896,149,103991,35.00,-7.23,-4.95
435967,1656,12896,136,104225,35.00,-7.24,-4.94
435989,1611,12896,125,104326,35.00,-7.25,-4.97
436712,1549,12896,121,104364,36.07,-7.24,-4.96
436749,1775,12896,136,104333,35.00,-7.27,-4.98
436771,1896,12896,141,104362,35.00,-7.23,-4.96
436793,1863,12896,133,104392,35.00,-7.27,-4.96
436815,1695,12896,136,104444,35.00,-7.22,-4.97
436837,1645,12896,147,104493,35.00,-7.21,-5.00
436859,1618,12896,159,104561,35.00,-7.20,-4.97
436881,1609,12896,166,104640,35.00,-7.22,-4.96
436903,1587,12896,169,104724,35.00,-7.22,-4.96
436925,1657,13664,159,104793,35.00,-7.27,-5.02
436947,1830,12896,154,104872,35.00,-7.25,-4.96
436989,1925,12896,149,105084,35.00,-7.25,-4.96
437735,1851,12896,136,105144,36.29,-7.24,-4.98
437771,1901,12896,137,105254,35.00,-7.22,-4.97
437793,2005,12896,137,105313,35.00,-7.23,-4.94
437815,1932,12896,137,105375,35.00,-7.26,-4.93
437837,1925,13664,145,105422,35.00,-7.20,-4.97
437859,1889,12896,165,105494,35.00,-7.24,-4.98
437881,1774,12896,163,105569,35.00,-7.24,-4.98
437903,1743,12896,179,105654,35.00,-7.23,-4.97
437925,1784,12896,178,105730,35.00,-7.27,-4.96
437947,1939,12896,175,105806,35.00,-7.23,-5.00
437969,2025,12896,163,105866,35.00,-7.18,-4.97
437991,2027,13664,153,105900,35.00,-7.23,-4.97
438032,2095,13664,147,104860,35.00,-7.20,-4.96
438054,2141,12896,147,104562,35.00,-7.23,-5.00
438076,2063,12896,145,104373,35.00,-7.22,-5.01
438098,1927,12896,155,104244,35.00,-7.26,-4.95
438120,1815,12896,159,104143,35.00,-7.25,-4.95
438142,1641,12896,171,104074,35.00,-7.26,-5.01
438164,1629,12896,175,104029,35.00,-7.25,-4.97
438186,1705,12896,179,104017,35.00,-7.19,-4.96
438208,1892,12896,169,104065,35.00,-7.24,-4.97
438230,1881,12896,159,104179,35.00,-7.23,-4.94
438273,1931,12896,141,104439,35.00,-7.21,-4.95
438295,1817,12896,137,104480,35.00,-7.22,-4.99
438317,1707,12896,135,104526,35.00,-7.24,-4.99
438339,1603,13664,149,104595,35.00,-7.26,-4.96
438361,1611,13664,159,104661,35.00,-7.24,-4.94
438383,1553,12896,170,104721,35.00,-7.25,-5.00
438405,1551,12896,169,104804,35.00,-7.25,-4.96
438427,1417,12896,165,104898,35.00,-7.24,-4.97
438449,1547,12896,157,104989,35.00,-7.24,-4.97
438471,1655,12896,151,105066,35.00,-7.24,-5.04
438513,1733,12896,137,105326,35.00,-7.24,-4.96
438535,1691,12896,136,105391,35.00,-7.21,-4.97
438557,1591,12896,125,105462,35.00,-7.22,-4.96
438579,1461,12896,141,105523,35.00,-7.26,-4.97
438601,1279,12896,140,105573,35.00,-7.26,-5.02
438623,1267,12896,159,105610,35.00,-7.26,-4.99
438645,1318,12896,160,105672,35.00,-7.23,-4.98
438667,1374,12896,165,105740,35.00,-7.24,-4.97
438689,1551,12896,151,105796,35.00,-7.24,-4.96
438711,1653,12896,143,105857,35.00,-7.26,-4.96
438733,1755,12896,131,105869,35.00,-7.21,-4.95
438774,1869,12896,127,105493,35.00,-7.23,-4.98
438796,1831,12896,115,105023,35.00,-7.25,-4.95
438818,1663,12896,121,104632,35.00,-7.24,-4.95
438840,1611,12896,134,104383,35.00,-7.24,-4.96
438862,1561,12896,147,104222,35.00,-7.25,-4.97
438884,1485,12896,151,104113,35.00,-7.23,-4.95
438906,1561,12896,159,104022,35.00,-7.24,-4.92
438928,1677,12896,161,103944,35.00,-7.20,-4.94
438950,1877,12896,160,103910,35.00,-7.22,-4.97
438972,2013,12896,147,103908,35.00,-7.21,-4.97
439523,2071,12896,137,104173,36.12,-7.21,-4.98
439556,1289,12896,159,104773,35.00,-7.24,-4.93
439578,1577,12896,124,104443,35.00,-7.24,-4.97
439600,1595,12896,127,104242,35.00,-7.24,-4.98
439622,1465,12896,140,104104,35.00,-7.27,-4.96
439644,1444,12896,149,104021,35.00,-7.23,-4.93
439666,1449,12384,159,103956,35.00,-7.27,-4.97
439688,1447,12896,164,103917,35.00,-7.22,-4.98
439710,1605,12896,159,103901,35.00,-7.24,-5.00
439732,1722,12896,151,103936,35.00,-7.24,-4.97
439754,1855,12896,140,104041,35.00,-7.27,-4.98
439796,1787,12896,124,104326,35.00,-7.25,-4.94
439818,1747,12896,123,104356,35.00,-7.26,-4.96
439840,1659,12896,132,104391,35.00,-7.22,-4.96
439862,1673,12896,146,104440,35.00,-7.24,-4.94
439884,1662,12896,151,104505,35.00,-7.23,-4.95
439906,1548,12896,158,104571,35.00,-7.25,-4.98
439928,1502,12896,165,104642,35.00,-7.23,-4.97
439950,1647,12896,166,104728,35.00,-7.23,-4.95
439972,1830,12896,156,104804,35.00,-7.24,-4.96
439994,1932,12896,149,104881,35.00,-7.26,-4.95
440546,1827,12896,125,104969,35.95,-7.25,-4.93
440578,1476,12896,172,104215,35.00,-7.23,-4.96
440600,1741,12896,133,104261,35.00,-7.25,-4.98
440622,1701,12896,139,104317,35.00,-7.26,-4.97
440644,1471,12896,149,104376,35.00,-7.24,-4.96
440666,1388,12896,158,104454,35.00,-7.21,-4.99
440688,1327,12896,165,104518,35.00,-7.24,-4.96
440710,1356,12896,168,104618,35.00,-7.23,-4.99
440732,1405,12896,155,104715,35.00,-7.23,-4.96
440754,1495,12896,151,104787,35.00,-7.28,-5.00
440776,1467,12896,133,104862,35.00,-7.22,-4.98
440798,1453,12896,121,104943,35.00,-7.21,-4.96
440839,1540,12896,120,105129,35.00,-7.27,-4.98
440861,1517,12896,116,105191,35.00,-7.23,-4.95
440883,1390,12896,123,105260,35.00,-7.24,-4.95
440905,1321,12896,139,105303,35.00,-7.24,-4.97
440927,1288,12896,151,105364,35.00,-7.21,-4.97
440949,1288,12896,157,105433,35.00,-7.21,-4.98
440971,1479,12896,157,105522,35.00,-7.21,-4.96
440993,1582,13664,151,105600,35.00,-7.27,-4.94
441568,1743,13664,143,105658,36.30,-7.22,-4.98
441601,1555,12896,168,105030,35.00,-7.26,-4.96
441623,1699,12896,124,105099,35.00,-7.27,-4.94
441645,1685,12384,145,105163,35.00,-7.25,-5.02
441667,1619,12384,152,105225,35.00,-7.22,-4.97
441689,1614,12384,165,105281,35.00,-7.24,-4.98
441711,1603,12384,167,105353,35.00,-7.24,-4.97
441733,1659,12384,166,105432,35.00,-7.27,-4.95
441755,1703,12384,155,105504,35.00,-7.26,-4.97
441777,1845,12384,147,105567,35.00,-7.23,-4.99
441799,1903,12384,135,105596,35.00,-7.28,-4.96
441841,1907,12384,135,104751,35.00,-7.21,-4.94
441863,1900,12384,127,104402,35.00,-7.21,-4.99
441885,1823,12384,147,104181,35.00,-7.25,-4.96
441907,1580,12384,141,104037,35.00,-7.23,-4.98
441929,1437,12384,157,103930,35.00,-7.20,-4.98
441951,1443,12384,165,103839,35.00,-7.25,-4.96
441973,1587,12384,171,103778,35.00,-7.22,-4.97
441995,1947,12384,163,103748,35.00,-7.25,-4.92
442590,1820,12384,151,103741,36.34,-7.23,-4.98
442623,1503,12384,167,104406,35.00,-7.24,-4.98
442645,1725,12384,125,104178,35.00,-7.23,-5.00
442667,1675,12384,141,104032,35.00,-7.22,-4.96
442689,1593,12384,153,103927,35.00,-7.24,-4.96
442711,1584,12384,165,103830,35.00,-7.27,-5.00
442733,1595,12384,171,103758,35.00,-7.23,-4.97
442755,1691,12384,167,103722,35.00,-7.22,-4.98
442777,1772,12384,157,103733,35.00,-7.22,-4.95
442799,1855,12384,147,103817,35.00,-7.22,-4.96
442821,1887,12384,135,103928,35.00,-7.29,-4.97
442863,1869,12384,127,104106,35.00,-7.20,-4.92
442885,1845,12384,132,104158,35.00,-7.29,-5.01
442907,1755,12384,143,104211,35.00,-7.23,-5.00
442929,1627,12384,147,104269,35.00,-7.24,-4.99
442951,1530,12384,161,104330,35.00,-7.25,-4.99
442973,1557,12384,167,104390,35.00,-7.21,-4.94
442995,1661,12384,170,104446,35.00,-7.23,-4.96
443357,1739,12384,157,104509,34.96,-7.24,-4.97
443385,1877,12192,156,104187,35.00,-7.23,-4.96
443407,1747,12192,134,104016,35.00,-7.24,-5.00
443429,1747,12192,141,103909,35.00,-7.23,-4.99
443451,1615,12192,155,103827,35.00,-7.23,-4.98
443473,1519,12192,157,103762,35.00,-7.23,-4.97
443495,1643,12192,167,103724,35.00,-7.27,-4.93
443517,1821,12192,157,103732,35.00,-7.23,-4.98
443539,1955,12192,163,103787,35.00,-7.23,-5.00
443561,1880,12192,137,103888,35.00,-7.22,-4.97
443583,1895,12192,135,103971,35.00,-7.24,-4.96
443625,1815,12192,119,104009,35.00,-7.19,-4.95
443647,1688,12192,119,104000,35.00,-7.26,-4.96
443669,1480,12192,137,104051,35.00,-7.22,-5.01
443691,1407,12192,139,104116,35.00,-7.21,-4.94
443713,1392,11680,155,104211,35.00,-7.26,-4.96
443735,1541,11680,159,104320,35.00,-7.21,-4.92
443757,1687,11680,165,104418,35.00,-7.23,-4.96
443779,1687,11680,142,104510,35.00,-7.25,-4.98
443801,1811,11680,146,104594,35.00,-7.23,-4.96
443823,1933,11680,133,104664,35.00,-7.24,-4.96
443845,1902,11680,121,104758,35.00,-7.25,-4.99
443886,1756,11680,119,104939,35.00,-7.23,-4.97
443908,1737,11680,127,104992,35.00,-7.25,-4.92
443930,1617,11680,137,105040,35.00,-7.23,-4.97
443952,1604,11680,155,105098,35.00,-7.24,-4.98
443974,1683,11680,163,105175,35.00,-7.20,-4.96
443996,1636,11680,168,105243,35.00,-7.26,-4.95
444379,1646,11680,156,105319,36.06,-7.27,-4.95
444407,2012,10912,155,104004,35.00,-7.23,-4.99
444429,1807,10912,133,104066,35.00,-7.23,-4.95
444451,1715,10912,139,104125,35.00,-7.24,-4.98
444473,1647,10912,153,104193,35.00,-7.22,-4.94
444495,1579,10912,163,104259,35.00,-7.25,-4.97
444517,1541,10912,169,104313,35.00,-7.21,-4.96
444539,1676,11680,159,104391,35.00,-7.25,-4.93
444561,1707,11680,156,104461,35.00,-7.24,-5.00
444583,1864,11680,141,104543,35.00,-7.24,-4.96
444605,2143,11680,140,104611,35.00,-7.26,-4.96
444627,1831,11680,121,104662,35.00,-7.24,-4.93
444668,1486,11680,133,104815,35.00,-7.25,-5.01
444690,1603,11680,125,104878,35.00,-7.28,-4.95
444712,1507,11680,141,104951,35.00,-7.26,-4.97
444734,1267,12192,149,105009,35.00,-7.21,-4.97
444756,1226,12192,157,105087,35.00,-7.23,-4.99
444778,1350,12192,155,105168,35.00,-7.26,-4.98
444800,1448,12192,151,105240,35.00,-7.23,-4.99
444822,1597,12192,139,105287,35.00,-7.23,-4.96
444844,1885,11680,139,105286,35.00,-7.23,-4.99
444866,1741,10912,120,105054,35.00,-7.21,-4.97
444908,1725,10016,120,104004,35.00,-7.23,-4.96
444930,1519,10016,117,103827,35.00,-7.22,-4.97
444952,1407,10016,123,103699,35.00,-7.21,-4.93
444974,1530,10016,141,103593,35.00,-7.25,-4.95
444996,1497,10016,149,103515,35.00,-7.21,-4.97
445402,1480,10400,153,103473,36.36,-7.23,-4.98
445430,696,13664,113,105240,35.00,-7.26,-4.97
445452,793,13664,94,104900,35.00,-7.27,-4.98
445474,1690,13664,120,104959,35.00,-7.27,-4.92
445496,1746,13664,137,105010,35.00,-7.25,-4.97
445518,1896,13664,148,105085,35.00,-7.25,-4.96
445540,1973,14176,151,105158,35.00,-7.23,-4.96
445562,2094,14176,149,105230,35.00,-7.20,-4.95
445584,2301,14176,148,105272,35.00,-7.27,-4.94
445606,2363,14176,139,105267,35.00,-7.26,-4.93
445628,2253,14176,127,105147,35.00,-7.24,-4.96
445670,1787,14176,121,104045,35.00,-7.23,-4.98
445692,2077,14176,139,103841,35.00,-7.26,-4.97
445714,1943,14176,149,103695,35.00,-7.24,-4.98
445736,1840,14560,165,103582,35.00,-7.25,-4.94
445758,1885,14560,174,103488,35.00,-7.27,-4.96
445780,2013,14560,172,103416,35.00,-7.24,-5.00
445802,1990,14560,159,103412,35.00,-7.22,-4.96
445824,2085,14560,157,103432,35.00,-7.23,-4.96
445846,2227,14560,147,103545,35.00,-7.23,-4.97
445868,2093,14560,140,103663,35.00,-7.22,-4.94
445890,2143,14560,141,103757,35.00,-7.24,-4.98
445931,2083,14560,140,103882,35.00,-7.24,-4.98
445953,1875,14560,149,103933,35.00,-7.25,-5.05
445975,1907,15072,159,103992,35.00,-7.24,-4.99
445997,1833,15072,172,104050,35.00,-7.24,-4.99
446424,1749,15072,173,104116,36.22,-7.27,-4.96
446453,1887,15840,143,103807,35.00,-7.26,-4.97
446475,1097,15840,125,103655,35.00,-7.24,-4.96
446497,1020,15840,149,103527,35.00,-7.22,-4.97
446519,1419,15840,167,103431,35.00,-7.22,-4.94
446541,1402,15840,159,103342,35.00,-7.25,-4.96
446563,1669,15840,163,103301,35.00,-7.26,-4.96
446585,1818,15840,154,103311,35.00,-7.25,-4.97
446607,1699,15840,135,103393,35.00,-7.20,-4.99
446629,1759,15840,135,103518,35.00,-7.20,-4.97
446651,1889,15840,135,103600,35.00,-7.24,-4.94
446693,1709,15840,141,103734,35.00,-7.30,-4.99
446715,1653,15840,141,103791,35.00,-7.22,-4.96
446737,1445,15840,149,103849,35.00,-7.23,-4.99
446759,1491,15840,166,103905,35.00,-7.22,-4.95
446781,1493,16352,167,103972,35.00,-7.22,-4.96
446803,1725,16352,169,104029,35.00,-7.24,-5.01
446825,1749,16352,153,104100,35.00,-7.24,-5.00
446847,1903,16352,149,104174,35.00,-7.24,-5.01
446869,1876,16352,135,104232,35.00,-7.24,-4.97
446891,1609,16352,123,104284,35.00,-7.23,-4.96
446933,1815,16352,133,104460,35.00,-7.25,-4.94
446955,1644,16400,145,104484,35.00,-7.25,-5.00
446977,1613,16400,159,104521,35.00,-7.22,-4.96
446999,1641,16400,169,104578,35.00,-7.25,-4.99
447021,1595,16400,173,104630,35.00,-7.24,-4.96
447043,1613,16400,169,104692,35.00,-7.23,-4.94
447065,1765,16400,167,104768,35.00,-7.26,-4.98
447087,1845,16400,152,104816,35.00,-7.24,-4.94
447109,1885,16400,141,104866,35.00,-7.20,-4.98
447131,1821,16400,133,104885,35.00,-7.25,-4.94
447153,1757,16912,137,104756,35.00,-7.29,-4.98
447194,1749,16912,142,103735,35.00,-7.23,-4.96
447216,1495,16912,142,103563,35.00,-7.19,-4.97
447238,1203,16400,153,103431,35.00,-7.23,-4.97
447260,1459,16400,169,103316,35.00,-7.25,-4.97
447282,1531,16400,169,103241,35.00,-7.24,-4.96
447304,1852,16400,170,103189,35.00,-7.23,-4.96
447326,1834,16400,159,103176,35.00,-7.22,-4.97
447348,1798,16352,147,103227,35.00,-7.26,-4.98
447370,1929,16400,139,103329,35.00,-7.24,-4.99
447392,1928,16400,137,103444,35.00,-7.25,-4.98
447434,1823,16400,139,103663,35.00,-7.24,-4.97
447456,1634,16400,153,103714,35.00,-7.22,-4.98
447478,1599,16912,156,103767,35.00,-7.24,-5.00
447500,1598,16912,169,103822,35.00,-7.26,-4.91
447522,1671,16912,172,103895,35.00,-7.22,-4.93
447544,1637,16912,179,103984,35.00,-7.24,-4.95
447566,1876,16912,164,104055,35.00,-7.24,-4.98
447588,1962,17680,156,104121,35.00,-7.24,-4.98
447610,2007,17680,139,104181,35.00,-7.22,-4.94
447632,2063,17680,137,104260,35.00,-7.23,-4.97
447654,1669,17680,135,104344,35.00,-7.28,-4.94
447695,1704,17680,149,104544,35.00,-7.25,-4.98
447717,1609,17680,143,104590,35.00,-7.23,-4.95
447739,1481,17680,158,104646,35.00,-7.24,-4.92
447761,1416,17680,166,104706,35.00,-7.21,-4.96
447783,1523,18192,171,104778,35.00,-7.23,-4.99
447805,1605,18192,165,104850,35.00,-7.24,-4.98
447827,1703,18192,160,104946,35.00,-7.29,-4.96
447849,1767,18192,141,105013,35.00,-7.22,-4.99
447871,1831,18192,133,105037,35.00,-7.23,-5.02
447893,1773,18192,122,104984,35.00,-7.21,-4.96
447936,1606,18192,134,103933,35.00,-7.23,-4.96
447958,1487,18192,142,103732,35.00,-7.24,-4.94
447980,1469,18192,163,103565,35.00,-7.24,-4.99
448724,1470,18192,168,103429,36.64,-7.23,-4.94
448758,1629,19856,167,103299,35.00,-7.25,-4.98
448780,1557,19856,153,103193,35.00,-7.19,-5.01
448802,1562,19856,163,103113,35.00,-7.24,-4.97
448824,1541,19856,172,103069,35.00,-7.25,-4.98
448846,1656,19856,167,103084,35.00,-7.23,-4.97
448868,1779,19856,163,103172,35.00,-7.22,-4.97
448890,1817,19856,155,103303,35.00,-7.24,-4.97
448912,1881,19856,135,103411,35.00,-7.21,-4.94
448934,1903,19856,137,103475,35.00,-7.26,-4.97
448956,1879,19856,135,103523,35.00,-7.22,-4.97
448998,1745,19856,138,103681,35.00,-7.24,-4.98
449020,1588,19856,141,103725,35.00,-7.24,-4.97
449042,1439,19856,155,103783,35.00,-7.23,-4.96
449064,1422,19856,165,103842,35.00,-7.24,-5.01
449086,1463,19856,165,103915,35.00,-7.25,-4.96
449108,1605,19856,157,103974,35.00,-7.26,-4.99
449130,1870,19856,155,104032,35.00,-7.22,-5.00
449152,1854,19856,141,104093,35.00,-7.24,-4.96
449174,1853,19856,135,104154,35.00,-7.23,-4.99
449196,1863,19856,135,104221,35.00,-7.26,-4.98
449218,1771,19856,136,104276,35.00,-7.25,-4.96
449259,1705,20368,151,104399,35.00,-7.25,-4.97
449281,1639,20368,145,104486,35.00,-7.25,-4.96
449303,1529,20368,169,104551,35.00,-7.21,-4.99
449325,1525,20368,171,104609,35.00,-7.25,-4.98
449347,1752,20368,178,104680,35.00,-7.27,-4.93
449369,1849,20368,159,104721,35.00,-7.21,-4.97
449391,1949,20368,153,104715,35.00,-7.19,-4.93
449413,1871,20368,136,104512,35.00,-7.22,-5.01
449435,1883,20368,135,104143,35.00,-7.27,-4.97
449457,1833,20368,125,103802,35.00,-7.27,-4.98
449499,1699,20368,140,103266,35.00,-7.19,-4.97
449521,1509,20368,147,103169,35.00,-7.22,-4.96
449543,1445,20368,159,103094,35.00,-7.22,-5.00
449565,1440,20368,165,103055,35.00,-7.24,-4.96
449587,1518,20368,164,103056,35.00,-7.25,-4.97
449609,1656,20368,155,103143,35.00,-7.25,-4.98
449631,1711,20368,146,103284,35.00,-7.22,-5.01
449653,1699,20368,125,103398,35.00,-7.24,-4.98
449675,1717,20368,125,103477,35.00,-7.20,-4.97
449697,1707,20368,119,103530,35.00,-7.24,-4.96
449719,1619,20368,127,103599,35.00,-7.25,-4.92
449760,1561,20368,137,103803,35.00,-7.26,-4.97
449782,1499,20368,147,103882,35.00,-7.26,-4.97
449804,1430,20368,159,103965,35.00,-7.23,-4.96
449826,1514,20368,163,104044,35.00,-7.23,-4.96
449848,1611,20368,164,104121,35.00,-7.21,-4.99
449870,1785,20368,156,104194,35.00,-7.25,-4.97
449892,1939,20368,149,104279,35.00,-7.24,-4.98
449914,1949,20368,133,104342,35.00,-7.24,-4.95
449936,1947,20368,127,104403,35.00,-7.25,-4.97
449958,1854,20368,125,104459,35.00,-7.24,-4.91
450513,1711,20368,137,104595,36.20,-7.26,-4.96
450543,1884,20368,141,104021,35.00,-7.25,-4.96
450565,1308,20368,160,104108,35.00,-7.23,-4.99
450587,1415,20368,171,104181,35.00,-7.20,-4.94
450609,1454,20368,173,104262,35.00,-7.25,-4.96
450631,1635,20368,165,104325,35.00,-7.27,-4.96
450653,1800,20368,155,104403,35.00,-7.27,-4.94
450675,1848,20560,140,104471,35.00,-7.25,-4.97
450697,1813,20560,137,104511,35.00,-7.25,-4.94
450719,1755,20560,139,104568,35.00,-7.23,-4.97
450741,1693,20560,151,104619,35.00,-7.22,-5.00
450783,1645,20560,151,104796,35.00,-7.24,-4.96
450805,1631,20560,167,104868,35.00,-7.26,-4.98
450827,1640,20560,179,104928,35.00,-7.23,-4.99
450849,1775,20560,179,104964,35.00,-7.25,-4.97
450871,1883,20560,179,104967,35.00,-7.23,-4.95
450893,2091,20560,167,104825,35.00,-7.19,-4.99
450915,2158,20560,155,104445,35.00,-7.26,-4.94
450937,2149,20560,147,104082,35.00,-7.23,-4.95
450959,2021,20560,143,103818,35.00,-7.21,-4.94
450981,1816,20560,143,103633,35.00,-7.26,-4.96
451023,1599,20560,152,103296,35.00,-7.22,-4.93
451045,1481,20368,168,103227,35.00,-7.24,-5.00
451067,1461,20560,169,103205,35.00,-7.25,-4.98
451089,1553,20560,180,103241,35.00,-7.25,-5.01
451111,1695,20560,170,103347,35.00,-7.22,-4.95
451133,1828,20560,173,103455,35.00,-7.24,-4.98
451155,1867,20560,150,103574,35.00,-7.25,-4.98
451177,1837,20368,139,103636,35.00,-7.24,-4.98
451199,1723,20368,134,103686,35.00,-7.24,-4.97
451221,1581,19856,133,103734,35.00,-7.24,-4.99
451264,1342,19856,141,103924,35.00,-7.26,-5.00
451286,1215,19856,167,103995,35.00,-7.20,-4.99
451308,1126,19856,155,104075,35.00,-7.22,-4.97
451330,1191,19856,163,104138,35.00,-7.24,-4.95
451352,1316,19856,155,104198,35.00,-7.23,-4.96
451374,1485,19856,159,104257,35.00,-7.28,-4.97
451396,1641,19856,126,104324,35.00,-7.23,-4.95
451418,1603,19856,121,104394,35.00,-7.26,-4.95
451440,1575,19856,118,104460,35.00,-7.24,-4.94
451462,1493,19856,121,104522,35.00,-7.24,-4.99
451504,1819,19856,149,104672,35.00,-7.24,-4.98
451526,1135,19088,149,104721,35.00,-7.24,-4.99
451548,1177,19088,151,104786,35.00,-7.21,-4.94
451570,1303,19088,154,104840,35.00,-7.22,-4.98
451592,1400,19088,151,104891,35.00,-7.22,-4.98
451614,1657,19088,149,104913,35.00,-7.23,-4.96
451636,1816,19088,133,104905,35.00,-7.24,-5.00
451658,1935,19088,133,104696,35.00,-7.24,-4.95
451680,2005,19088,125,104296,35.00,-7.24,-4.92
451702,1963,19088,137,103943,35.00,-7.24,-4.96
451724,1788,19088,139,103706,35.00,-7.24,-4.99
451765,1688,19088,153,103256,35.00,-7.21,-5.00
451787,1722,18576,155,103162,35.00,-7.23,-4.97
451809,1747,18576,167,103117,35.00,-7.23,-4.97
451831,1869,18576,171,103100,35.00,-7.24,-4.96
451853,1983,18576,167,103156,35.00,-7.28,-4.96
451875,2181,18576,157,103264,35.00,-7.24,-4.96
451897,2324,18576,155,103383,35.00,-7.28,-4.99
451919,2399,18576,149,103460,35.00,-7.23,-4.95
451941,2360,18576,152,103507,35.00,-7.24,-4.98
451963,2185,18576,152,103544,35.00,-7.23,-5.00
452557,1951,18576,156,103687,36.09,-7.24,-4.96
452587,2019,16400,143,103055,35.00,-7.22,-5.00
452609,1381,16400,159,103164,35.00,-7.24,-4.99
452631,1437,16912,165,103286,35.00,-7.24,-5.01
452653,1496,16912,172,103377,35.00,-7.26,-4.98
452675,1701,16912,155,103427,35.00,-7.22,-4.96
452697,1915,16912,157,103477,35.00,-7.22,-4.91
452719,2025,16912,141,103527,35.00,-7.23,-4.98
452741,2038,16912,141,103586,35.00,-7.24,-4.98
452763,1849,17680,139,103661,35.00,-7.19,-4.98
452785,1700,16912,149,103733,35.00,-7.24,-4.95
452827,1481,16912,143,103947,35.00,-7.25,-4.99
452849,1445,16912,155,104018,35.00,-7.23,-4.94
452871,1301,17680,167,104090,35.00,-7.22,-4.98
452893,1385,17680,163,104111,35.00,-7.24,-4.98
452915,1491,17680,156,104127,35.00,-7.30,-4.98
452937,1753,18192,153,104163,35.00,-7.24,-4.96
452959,1887,18192,141,104196,35.00,-7.22,-4.97
452981,1843,18192,134,104245,35.00,-7.24,-4.97
453580,1851,18192,134,104291,36.09,-7.18,-4.97
453611,1983,18576,149,104116,35.00,-7.27,-5.00
453633,1276,18576,159,104203,35.00,-7.22,-4.97
453655,1511,19088,159,104277,35.00,-7.24,-4.98
453677,1583,19088,157,104349,35.00,-7.24,-4.99
453699,1759,19088,151,104410,35.00,-7.21,-4.98
453721,1836,19088,138,104462,35.00,-7.23,-4.94
453743,1845,19088,133,104509,35.00,-7.25,-4.94
453765,1737,19088,132,104570,35.00,-7.22,-4.96
453787,1581,19088,135,104647,35.00,-7.19,-4.99
453809,1387,19088,142,104739,35.00,-7.25,-4.93
453850,1339,19088,153,104940,35.00,-7.24,-4.97
453872,1445,19088,158,104970,35.00,-7.25,-4.96
453894,1395,19088,163,104801,35.00,-7.21,-4.97
453916,1641,19088,163,104393,35.00,-7.26,-4.99
453938,1619,19088,153,104025,35.00,-7.25,-4.97
453960,1787,19856,141,103762,35.00,-7.29,-4.97
453982,2005,19856,139,103606,35.00,-7.24,-4.97
454346,1919,19856,125,103495,35.83,-7.24,-4.97
454374,1752,19856,143,104384,35.00,-7.24,-4.95
454396,1436,19856,159,104451,35.00,-7.27,-4.96
454418,1807,19856,163,104532,35.00,-7.27,-4.98
454440,1903,19856,153,104595,35.00,-7.22,-5.00
454462,2087,19856,149,104648,35.00,-7.19,-4.99
454484,2041,19856,141,104703,35.00,-7.25,-4.98
454506,1958,20368,138,104757,35.00,-7.25,-5.01
454528,1819,19856,143,104830,35.00,-7.23,-5.00
454550,1628,20368,148,104912,35.00,-7.24,-4.98
454592,1531,19856,165,105107,35.00,-7.21,-4.97
454614,1523,19856,167,105141,35.00,-7.27,-4.98
454636,1603,20368,171,105044,35.00,-7.24,-4.97
454658,1715,20368,163,104657,35.00,-7.27,-4.93
454680,1866,20368,151,104228,35.00,-7.24,-5.00
454702,1944,20368,149,103936,35.00,-7.24,-4.99
454724,1963,20368,138,103755,35.00,-7.22,-4.95
454746,1895,20368,137,103637,35.00,-7.30,-4.98
454768,1771,20368,141,103530,35.00,-7.24,-4.98
454790,1623,20368,150,103438,35.00,-7.25,-4.96
454832,1455,20368,156,103392,35.00,-7.22,-4.93
454854,1331,20368,156,103494,35.00,-7.23,-5.00
454876,1395,20368,165,103608,35.00,-7.24,-4.95
454898,1491,20368,155,103696,35.00,-7.23,-4.94
454920,1710,19856,157,103750,35.00,-7.21,-4.94
454942,1852,20368,146,103780,35.00,-7.21,-4.96
454964,1980,20368,143,103829,35.00,-7.26,-4.96
454986,1943,20368,135,103882,35.00,-7.24,-4.94
455369,1798,20368,139,103944,36.52,-7.21,-4.96
455397,1755,20368,147,104866,35.00,-7.25,-4.97
455419,1749,20560,167,104446,35.00,-7.24,-4.97
455441,2011,20560,163,104089,35.00,-7.23,-4.99
455463,2109,20560,150,103866,35.00,-7.28,-4.96
455485,2145,20560,143,103722,35.00,-7.23,-4.99
455507,2149,20560,142,103610,35.00,-7.23,-4.95
455529,2025,20560,149,103517,35.00,-7.24,-4.96
455551,1789,20560,146,103451,35.00,-7.21,-4.98
455573,1705,20560,165,103409,35.00,-7.24,-5.00
455614,1561,20560,168,103612,35.00,-7.21,-4.99
455636,1575,20560,169,103701,35.00,-7.25,-4.95
455658,1611,20560,169,103768,35.00,-7.24,-4.96
455680,1736,20560,169,103808,35.00,-7.22,-4.96
455702,1874,20560,155,103845,35.00,-7.23,-5.00
455724,1943,20560,149,103878,35.00,-7.23,-4.95
455746,1997,20560,143,103949,35.00,-7.24,-4.98
455768,1911,20560,139,104001,35.00,-7.24,-4.96
455790,1783,20560,139,104073,35.00,-7.23,-4.98
455812,1461,20560,145,104143,35.00,-7.21,-4.96
455855,1397,20560,157,104345,35.00,-7.24,-4.96
455877,1213,20560,156,104432,35.00,-7.23,-4.96
455899,1321,20560,155,104497,35.00,-7.21,-4.96
455921,1468,20560,153,104542,35.00,-7.24,-4.96
455943,1571,20560,139,104585,35.00,-7.24,-4.99
455965,1659,20560,134,104633,35.00,-7.23,-4.97
455987,1711,20560,123,104684,35.00,-7.25,-4.96
456391,1647,20560,125,104738,36.04,-7.24,-4.98
456419,1709,20560,147,103911,35.00,-7.24,-4.96
456441,1541,20560,156,103940,35.00,-7.26,-4.97
456463,1891,21072,159,103997,35.00,-7.26,-4.96
456485,2002,21072,141,104062,35.00,-7.23,-5.03
456507,2131,21072,141,104128,35.00,-7.26,-4.97
456529,2053,21072,139,104201,35.00,-7.24,-4.96
456551,1939,21072,141,104259,35.00,-7.25,-4.96
456573,1755,21072,139,104341,35.00,-7.21,-4.96
456595,1750,21072,163,104405,35.00,-7.25,-4.96
456637,1492,21072,157,104612,35.00,-7.27,-4.95
456659,1510,21072,163,104674,35.00,-7.25,-4.95
456681,1645,21072,167,104734,35.00,-7.25,-5.00
456703,1832,21072,158,104774,35.00,-7.23,-4.98
456725,2011,21072,151,104837,35.00,-7.20,-4.98
456747,2012,21072,141,104904,35.00,-7.27,-4.97
456769,2055,21072,141,104983,35.00,-7.24,-4.97
456791,1916,21840,135,105059,35.00,-7.24,-4.95
456813,1737,21840,147,105141,35.00,-7.25,-4.95
456835,1507,21840,149,105180,35.00,-7.22,-4.97
456877,1373,21840,163,104565,35.00,-7.24,-4.96
456899,1366,21840,165,104189,35.00,-7.25,-4.98
456921,1469,21840,161,103945,35.00,-7.23,-4.99
456943,1675,21840,157,103810,35.00,-7.21,-4.96
456965,1735,21840,151,103719,35.00,-7.22,-4.96
456987,2007,21840,146,103630,35.00,-7.28,-4.99
457414,2095,21840,139,103583,37.44,-7.21,-4.95
457443,1661,21840,151,104910,35.00,-7.25,-4.97
457465,1899,21840,156,104988,35.00,-7.26,-4.97
457487,2137,21840,155,105048,35.00,-7.21,-4.95
457509,2173,21840,143,105122,35.00,-7.23,-4.95
457531,2164,22352,146,105196,35.00,-7.24,-4.94
457553,2053,22352,143,105255,35.00,-7.26,-4.96
457575,1825,22352,153,105270,35.00,-7.26,-4.97
457597,1635,22352,164,105155,35.00,-7.24,-4.96
457639,1585,22352,168,104068,35.00,-7.20,-4.98
457661,1629,22352,175,103880,35.00,-7.24,-4.99
457683,1717,22352,179,103766,35.00,-7.22,-4.96
457705,1963,22352,171,103668,35.00,-7.26,-4.95
457727,2039,22352,155,103603,35.00,-7.24,-4.96
457749,2127,22352,151,103538,35.00,-7.19,-4.95
457771,2056,22352,147,103539,35.00,-7.24,-4.93
457793,1939,22352,149,103573,35.00,-7.25,-5.01
457815,1752,22352,150,103673,35.00,-7.24,-4.99
457837,1522,22352,156,103777,35.00,-7.25,-4.95
457859,1406,22352,168,103861,35.00,-7.23,-4.97
457900,1432,22352,171,103954,35.00,-7.21,-4.96
457922,1401,22352,164,104029,35.00,-7.25,-4.97
457944,1509,22352,163,104093,35.00,-7.27,-4.92
457966,1673,22352,157,104150,35.00,-7.26,-4.99
457988,1757,22352,143,104211,35.00,-7.26,-4.96
458436,1855,22352,143,104292,36.96,-7.24,-4.94
458465,1595,22736,143,103525,35.00,-7.25,-5.01
458487,1789,22736,148,103511,35.00,-7.23,-4.96
458509,2066,22736,136,103549,35.00,-7.22,-4.93
458531,2077,22736,139,103641,35.00,-7.21,-4.98
458553,2078,22736,133,103768,35.00,-7.24,-4.93
458575,1916,22736,138,103863,35.00,-7.22,-4.93
458597,1745,22736,145,103927,35.00,-7.20,-4.98
458619,1582,22736,153,103957,35.00,-7.23,-4.97
458641,1516,22736,157,104002,35.00,-7.24,-4.94
458682,1583,22736,167,104139,35.00,-7.24,-4.96
458704,1669,22352,167,104227,35.00,-7.23,-4.96
458726,1830,22352,160,104304,35.00,-7.21,-4.99
458748,2003,22352,156,104369,35.00,-7.26,-4.95
458770,2100,22352,142,104453,35.00,-7.22,-4.95
458792,2105,22736,146,104504,35.00,-7.24,-5.00
458814,2103,22736,141,104574,35.00,-7.24,-4.98
458836,1931,22736,147,104635,35.00,-7.26,-4.98
458858,1740,22736,153,104671,35.00,-7.24,-4.99
458880,1617,22736,163,104716,35.00,-7.22,-4.96
458922,1541,22736,165,104887,35.00,-7.25,-4.96
458944,1613,22736,175,104958,35.00,-7.25,-4.97
458966,1759,22736,165,105017,35.00,-7.23,-4.98
458988,1931,22736,168,105072,35.00,-7.24,-4.96
459714,2039,22736,139,105098,36.47,-7.25,-4.93
459744,1869,23248,137,104876,35.00,-7.24,-4.97
459766,1437,23248,167,104678,35.00,-7.22,-4.98
459788,1621,23248,163,104295,35.00,-7.21,-4.97
459810,1799,23248,151,103950,35.00,-7.25,-4.97
459832,1943,23248,147,103716,35.00,-7.24,-5.00
459854,1947,23248,141,103573,35.00,-7.21,-4.95
459876,1876,23248,140,103459,35.00,-7.27,-4.96
459898,1646,23248,141,103372,35.00,-7.24,-5.00
459920,1499,23248,153,103300,35.00,-7.27,-4.97
459942,1363,23248,155,103260,35.00,-7.25,-4.95
459964,1307,23248,159,103274,35.00,-7.26,-5.00
460737,1413,23248,165,103538,35.97,-7.22,-4.97
460767,1685,24016,134,103626,35.00,-7.22,-4.99
460789,1605,24016,163,103677,35.00,-7.25,-4.95
460811,1749,24016,152,103727,35.00,-7.23,-4.96
460833,1806,24016,141,103780,35.00,-7.24,-4.98
460855,1853,24016,137,103843,35.00,-7.24,-4.94
460877,1819,24016,133,103910,35.00,-7.19,-4.95
460899,1711,24016,127,103981,35.00,-7.19,-4.97
460921,1562,24016,145,104055,35.00,-7.25,-4.95
460943,1448,24016,152,104117,35.00,-7.22,-4.97
460965,1495,24016,169,104180,35.00,-7.24,-4.95
461508,1525,24016,173,104349,36.31,-7.23,-4.94
461549,1557,24016,165,103686,35.00,-7.24,-4.98
461571,1647,24016,158,103733,35.00,-7.22,-4.95
461593,1784,24528,163,103797,35.00,-7.22,-4.99
461615,2201,24016,151,103860,35.00,-7.22,-4.95
461637,2063,24016,141,103930,35.00,-7.22,-4.97
461659,1975,24016,137,103990,35.00,-7.23,-4.96
461681,1779,24016,147,104059,35.00,-7.24,-4.95
461703,1629,24016,153,104107,35.00,-7.25,-4.99
461725,1486,24016,165,104158,35.00,-7.22,-5.00
461747,1440,24016,165,104198,35.00,-7.21,-4.95
461789,1484,24016,168,104310,35.00,-7.24,-4.95
461811,1591,24016,167,104379,35.00,-7.24,-4.96
461833,1790,24016,155,104449,35.00,-7.23,-4.95
461855,1882,24016,147,104505,35.00,-7.24,-4.97
461877,1994,24016,141,104551,35.00,-7.26,-4.96
461899,1965,24528,139,104593,35.00,-7.21,-4.99
461921,1847,24528,142,104559,35.00,-7.23,-4.93
461943,1595,24016,145,104291,35.00,-7.25,-5.01
461965,1500,24016,155,103908,35.00,-7.26,-4.97
461987,1385,24016,163,103584,35.00,-7.24,-5.01
462526,1405,24016,165,103353,35.53,-7.24,-4.93
462556,1467,24528,167,104345,35.00,-7.20,-4.97
462578,1897,24528,139,104407,35.00,-7.25,-4.98
462600,1983,24528,139,104482,35.00,-7.24,-4.98
462622,1813,24528,141,104514,35.00,-7.24,-4.94
462644,1661,24528,143,104517,35.00,-7.24,-4.96
462666,1458,24528,155,104324,35.00,-7.25,-4.96
462688,1301,24528,165,103942,35.00,-7.23,-4.99
462710,1277,24528,169,103593,35.00,-7.24,-4.98
462752,1383,24528,162,103025,35.00,-7.25,-4.95
462774,1451,24528,149,102952,35.00,-7.23,-4.94
462796,1595,24528,139,102878,35.00,-7.24,-4.97
462818,1704,24528,137,102840,35.00,-7.22,-4.96
462840,1710,24528,125,102859,35.00,-7.24,-4.94
462862,1598,24528,125,102942,35.00,-7.28,-4.95
462884,1423,24528,135,103074,35.00,-7.24,-4.99
462906,1257,24528,137,103196,35.00,-7.24,-4.98
462928,1205,24528,152,103264,35.00,-7.24,-4.94
462950,1223,24528,155,103314,35.00,-7.20,-4.98
462992,1309,24528,156,103477,35.00,-7.23,-4.94
463549,1577,24528,152,103515,35.38,-7.28,-4.94
463579,1561,24528,171,102767,35.00,-7.28,-4.98
463601,1944,24528,137,102881,35.00,-7.22,-4.95
463623,1868,24624,140,103040,35.00,-7.23,-4.93
463645,1669,24624,140,103141,35.00,-7.26,-4.98
463667,1528,24624,152,103203,35.00,-7.23,-4.95
463689,1415,24528,159,103248,35.00,-7.23,-4.96
463711,1419,24528,167,103316,35.00,-7.26,-5.02
463733,1531,24528,169,103373,35.00,-7.27,-4.96
463774,1687,24528,166,103595,35.00,-7.24,-4.93
463796,1745,24528,153,103673,35.00,-7.24,-4.93
463818,1892,24624,155,103741,35.00,-7.24,-4.96
463840,1951,24624,140,103808,35.00,-7.26,-4.97
463862,1931,24528,137,103870,35.00,-7.22,-4.97
463884,1839,24624,137,103936,35.00,-7.24,-4.96
463906,1656,24624,145,103993,35.00,-7.24,-4.94
463928,1520,24624,148,104062,35.00,-7.28,-4.98
463950,1477,24624,170,104115,35.00,-7.24,-4.97
463972,1500,24528,171,104160,35.00,-7.23,-4.97
463994,1623,24624,171,104220,35.00,-7.23,-5.01
464035,1813,24624,163,104409,35.00,-7.23,-4.98
464057,1847,24624,159,104492,35.00,-7.22,-4.97
464079,1935,24624,145,104533,35.00,-7.25,-4.96
464101,1959,24624,147,104554,35.00,-7.23,-4.96
464123,1869,24624,136,104423,35.00,-7.25,-4.95
464145,1751,24624,141,104070,35.00,-7.20,-4.99
464167,1622,24624,147,103691,35.00,-7.21,-4.96
464189,1437,24624,155,103394,35.00,-7.26,-4.96
464211,1400,24624,167,103192,35.00,-7.22,-4.98
464233,1405,24624,171,103038,35.00,-7.23,-4.95
464276,1519,24624,166,102753,35.00,-7.23,-4.93
464298,1755,24624,152,102736,35.00,-7.24,-4.96
464320,1834,24624,139,102789,35.00,-7.21,-4.98
464342,1841,24624,136,102897,35.00,-7.17,-4.98
464364,1767,24624,135,103028,35.00,-7.24,-4.92
464386,1639,24624,136,103133,35.00,-7.23,-4.94
464408,1516,24624,147,103199,35.00,-7.25,-4.99
464430,1545,24624,159,103254,35.00,-7.26,-4.95
464452,1511,24624,165,103300,35.00,-7.24,-4.95
464474,1577,24624,165,103368,35.00,-7.25,-4.96
464516,1715,24624,165,103577,35.00,-7.24,-4.97
464538,1891,24624,163,103644,35.00,-7.26,-4.99
464560,1981,24624,139,103729,35.00,-7.26,-4.94
464582,1982,24624,137,103814,35.00,-7.25,-4.98
464604,1909,24624,133,103886,35.00,-7.23,-5.02
464626,1791,24624,139,103950,35.00,-7.21,-4.98
464648,1622,24624,138,104038,35.00,-7.21,-4.96
464670,1495,24624,159,104102,35.00,-7.23,-4.96
464692,1517,24624,163,104152,35.00,-7.24,-4.92
464714,1563,24624,170,104208,35.00,-7.26,-4.98
464757,1655,24624,163,104411,35.00,-7.22,-4.96
464779,1849,24624,152,104491,35.00,-7.21,-4.94
464801,1911,24624,140,104562,35.00,-7.24,-5.01
464823,1917,25136,145,104610,35.00,-7.24,-4.98
464845,1823,24624,133,104639,35.00,-7.23,-4.97
464867,1738,24624,138,104531,35.00,-7.25,-4.96
464889,1657,25136,151,104197,35.00,-7.21,-4.96
464911,1560,25136,158,103805,35.00,-7.27,-4.97
464933,1555,25136,167,103490,35.00,-7.24,-4.96
464955,1622,24624,174,103272,35.00,-7.26,-4.96
464997,1765,25136,167,102936,35.00,-7.25,-4.97
465593,1867,24624,155,102868,36.58,-7.25,-4.95
465624,1769,25136,173,104260,35.00,-7.24,-4.99
465646,1981,25136,135,103880,35.00,-7.24,-4.96
465668,1991,25136,139,103547,35.00,-7.24,-4.95
465690,1807,25136,153,103288,35.00,-7.23,-4.96
465712,1737,25136,160,103130,35.00,-7.19,-4.96
465734,1693,25136,171,103023,35.00,-7.22,-5.00
465756,1712,25136,170,102940,35.00,-7.22,-4.97
465778,1779,25136,167,102876,35.00,-7.25,-4.98
465819,1890,25136,165,102970,35.00,-7.21,-4.96
465841,1853,25136,160,103091,35.00,-7.25,-4.94
465863,1862,25136,149,103201,35.00,-7.26,-4.94
465885,1800,25136,139,103268,35.00,-7.26,-4.96
465907,1695,25136,137,103310,35.00,-7.23,-4.97
465929,1576,25136,147,103352,35.00,-7.23,-4.93
465951,1437,25136,149,103404,35.00,-7.27,-4.99
465973,1368,25136,164,103458,35.00,-7.17,-4.96
465995,1379,25136,167,103514,35.00,-7.23,-4.96
466360,1449,25136,169,103576,35.27,-7.24,-4.98
466401,1853,25136,151,103400,35.00,-7.25,-4.95
466423,1945,25136,143,103194,35.00,-7.27,-4.93
466445,1995,25136,140,103063,35.00,-7.24,-4.96
466467,2057,25136,135,102952,35.00,-7.27,-4.96
466489,1907,25136,134,102869,35.00,-7.20,-4.99
466511,1734,25136,148,102821,35.00,-7.21,-4.95
466533,1653,25136,155,102816,35.00,-7.21,-4.98
466555,1611,25136,167,102863,35.00,-7.26,-5.01
466577,1670,25136,174,102982,35.00,-7.25,-4.96
466599,1752,25136,179,103103,35.00,-7.25,-4.96
466641,1893,25136,165,103278,35.00,-7.23,-5.01
466663,2015,25136,154,103319,35.00,-7.26,-5.00
466685,2127,25904,147,103376,35.00,-7.25,-4.97
466707,2085,25136,141,103437,35.00,-7.20,-4.94
466729,2065,25136,143,103503,35.00,-7.23,-4.98
466751,1852,25136,149,103581,35.00,-7.24,-4.95
466773,1719,25136,152,103642,35.00,-7.24,-4.96
466795,1611,25136,169,103726,35.00,-7.25,-5.00
466817,1647,25136,173,103795,35.00,-7.27,-4.94
466839,1707,25136,170,103854,35.00,-7.23,-4.95
466861,1868,25904,169,103914,35.00,-7.24,-5.01
466902,1971,25904,157,104028,35.00,-7.24,-5.00
466924,1925,25136,155,104082,35.00,-7.22,-4.94
466946,1992,25136,147,104119,35.00,-7.23,-4.98
466968,1929,25904,137,104177,35.00,-7.27,-4.96
466990,1867,25904,137,104228,35.00,-7.25,-4.96
467382,1708,25136,147,104286,35.80,-7.26,-4.96
467423,1845,25136,157,103252,35.00,-7.24,-4.94
467445,1851,25136,149,103312,35.00,-7.22,-4.97
467467,1897,25904,143,103377,35.00,-7.23,-4.97
467489,1915,25904,135,103445,35.00,-7.21,-4.93
467511,1754,25904,124,103513,35.00,-7.27,-5.00
467533,1577,25904,139,103569,35.00,-7.24,-4.97
467555,1415,25904,142,103656,35.00,-7.24,-5.01
467577,1244,25904,155,103722,35.00,-7.22,-4.95
467599,1317,25904,164,103790,35.00,-7.27,-4.99
467621,1407,25904,165,103840,35.00,-7.25,-4.96
467643,1562,25904,151,103896,35.00,-7.25,-4.96
467684,1725,25904,149,103996,35.00,-7.20,-4.99
467706,1803,25904,141,104056,35.00,-7.26,-4.96
467728,1881,25904,142,104133,35.00,-7.25,-4.96
467750,1895,25904,137,104193,35.00,-7.23,-5.00
467772,1803,25904,138,104239,35.00,-7.21,-4.99
467794,1677,25904,141,104293,35.00,-7.23,-4.98
467816,1599,25904,155,104317,35.00,-7.25,-4.97
467838,1571,25904,165,104203,35.00,-7.21,-4.96
467860,1605,25904,171,103875,35.00,-7.26,-4.96
467882,1704,25904,167,103519,35.00,-7.22,-4.98
467924,1836,25904,157,102894,35.00,-7.22,-5.00
467946,1983,25904,149,102790,35.00,-7.22,-4.98
467968,1998,25904,139,102710,35.00,-7.24,-4.98
467990,2004,25904,132,102665,35.00,-7.25,-5.00
468405,1962,25904,139,102668,36.44,-7.22,-4.98
468446,2070,25136,149,104204,35.00,-7.22,-4.94
468468,2065,25136,149,104288,35.00,-7.27,-4.93
468490,2173,25904,147,104378,35.00,-7.24,-4.96
468512,2118,25904,139,104440,35.00,-7.21,-4.98
468534,1896,25904,140,104502,35.00,-7.25,-4.93
468556,1703,25904,143,104538,35.00,-7.27,-4.95
468578,1451,25904,153,104542,35.00,-7.22,-4.96
468600,1291,25904,156,104345,35.00,-7.25,-5.00
468622,1353,25904,157,103964,35.00,-7.25,-4.98
468644,1430,25904,152,103612,35.00,-7.23,-4.94
468686,1566,25904,143,103148,35.00,-7.23,-4.98
468708,1721,25904,137,103074,35.00,-7.21,-4.97
468730,1707,25904,125,103025,35.00,-7.24,-4.97
468752,1767,25904,125,103008,35.00,-7.24,-4.95
468774,1709,25904,135,103077,35.00,-7.20,-4.98
468796,1461,25904,135,103195,35.00,-7.25,-4.98
468818,1324,25904,149,103311,35.00,-7.25,-4.99
468840,1273,25904,153,103377,35.00,-7.21,-4.94
468862,1286,25904,160,103415,35.00,-7.25,-4.98
468884,1355,25904,153,103456,35.00,-7.23,-4.99
468906,1565,25904,157,103519,35.00,-7.25,-4.96
468947,1839,25904,147,103683,35.00,-7.27,-4.93
468969,1906,25904,143,103752,35.00,-7.22,-5.00
468991,1863,25904,136,103816,35.00,-7.22,-4.97
469427,1767,25904,135,103890,36.63,-7.23,-4.94
469468,2038,26416,150,103228,35.00,-7.22,-4.98
469490,2159,25904,143,103213,35.00,-7.26,-4.97
469512,2088,25904,147,103249,35.00,-7.25,-4.98
469534,1967,25904,139,103353,35.00,-7.24,-5.00
469556,1702,25136,146,103457,35.00,-7.21,-4.96
469578,837,25136,138,103549,35.00,-7.24,-4.99
469600,2109,25136,179,103610,35.00,-7.26,-4.97
469622,1373,25136,158,103656,35.00,-7.22,-4.96
469644,1513,25904,163,103705,35.00,-7.17,-4.95
469666,2301,25904,178,103753,35.00,-7.25,-4.98
469688,1725,25904,151,103814,35.00,-7.21,-4.98
469729,2219,25904,155,103996,35.00,-7.23,-4.97
469751,2136,25904,149,104073,35.00,-7.25,-4.99
469773,2095,25904,143,104140,35.00,-7.22,-4.94
469795,1994,25904,139,104214,35.00,-7.25,-4.96
469817,1832,25904,156,104278,35.00,-7.28,-5.01
469839,1605,25904,149,104338,35.00,-7.25,-4.97
469861,1511,25904,167,104401,35.00,-7.28,-4.95
469883,1495,25904,166,104452,35.00,-7.24,-4.94
469905,1672,26416,173,104504,35.00,-7.22,-4.96
469927,1822,25904,165,104546,35.00,-7.24,-4.96
469970,2007,26416,167,104712,35.00,-7.24,-4.98
469992,2147,25904,147,104783,35.00,-7.20,-4.97
470705,2069,26416,140,104853,36.63,-7.24,-4.95
470731,1387,25904,158,104794,35.00,-7.23,-4.95
470753,1928,25904,145,104848,35.00,-7.23,-4.97
470775,1945,25904,134,104883,35.00,-7.22,-4.96
470797,1904,25904,135,104870,35.00,-7.23,-4.98
470819,1721,25904,139,104649,35.00,-7.24,-4.97
470841,1455,25904,154,104229,35.00,-7.24,-4.96
470863,1467,26416,159,103865,35.00,-7.21,-4.97
470885,1341,25904,159,103617,35.00,-7.21,-5.00
470907,1435,26416,159,103464,35.00,-7.22,-4.96
470929,1690,26416,163,103374,35.00,-7.24,-4.97
470951,1880,26416,151,103298,35.00,-7.24,-4.94
470992,2019,26416,141,103260,35.00,-7.24,-4.93
471727,2023,26800,139,103347,36.16,-7.22,-4.92
471754,1471,25904,163,103139,35.00,-7.22,-4.96
471776,1938,25904,139,103245,35.00,-7.24,-4.97
471798,1868,25904,126,103308,35.00,-7.21,-4.95
471820,1941,25904,139,103338,35.00,-7.23,-4.93
471842,1648,25136,140,103363,35.00,-7.22,-4.96
471864,1352,25136,151,103401,35.00,-7.24,-4.98
471886,2557,24624,189,103455,35.00,-7.24,-4.98
471908,1467,24624,159,103508,35.00,-7.25,-4.98
471930,1589,24624,163,103574,35.00,-7.24,-4.92
471952,2053,24624,160,103637,35.00,-7.23,-5.01
471995,2143,24624,149,103806,35.00,-7.26,-4.95
472750,2043,24624,135,103870,35.36,-7.26,-4.92
472776,1512,6848,165,103941,35.00,-7.22,-4.96
472798,2333,7616,151,104000,35.00,-7.24,-4.94
472820,1405,8128,132,104052,35.00,-7.23,-4.98
472842,1320,8224,135,104108,35.00,-7.23,-5.00
472864,1165,8224,137,104162,35.00,-7.23,-4.96
472886,1081,9504,157,104239,35.00,-7.24,-4.95
472908,1033,10016,157,104302,35.00,-7.26,-4.94
472930,1471,11680,171,104372,35.00,-7.22,-4.93
472952,1179,12192,155,104439,35.00,-7.24,-4.99
472974,1391,12384,155,104477,35.00,-7.20,-4.95
472996,1399,12384,132,104477,35.00,-7.21,-4.96
473037,1338,12384,125,103554,35.00,-7.24,-4.99
473059,1225,12384,121,103275,35.00,-7.25,-4.96
473081,1203,12192,122,103092,35.00,-7.20,-4.99
473103,952,11680,121,102952,35.00,-7.23,-5.00
473125,855,11680,141,102828,35.00,-7.23,-4.91
473147,1021,11680,154,102732,35.00,-7.20,-4.98
473169,1525,11680,165,102687,35.00,-7.24,-4.99
473191,2949,12192,199,102679,35.00,-7.22,-4.94
473213,2695,12192,165,102741,35.00,-7.24,-4.99
473235,1319,12192,133,102868,35.00,-7.24,-4.95
473278,1413,12384,125,103134,35.00,-7.24,-4.96
473300,1576,12384,122,103193,35.00,-7.22,-4.97
473322,1389,12384,123,103260,35.00,-7.26,-4.98
473344,1379,12384,135,103309,35.00,-7.25,-4.93
473366,1507,12384,147,103372,35.00,-7.25,-4.97
473388,1477,12896,157,103440,35.00,-7.21,-4.97
473410,1395,12896,167,103518,35.00,-7.19,-4.96
473432,1519,12896,159,103596,35.00,-7.19,-4.93
473454,1815,12896,157,103671,35.00,-7.25,-4.97
473476,1965,12896,151,103745,35.00,-7.24,-4.96
473518,2019,12896,137,103964,35.00,-7.27,-4.95
473540,1947,13664,137,104022,35.00,-7.21,-4.96
473562,2124,14176,140,104077,35.00,-7.23,-4.97
473584,2083,14176,151,104131,35.00,-7.22,-4.93
473606,1911,14176,157,104183,35.00,-7.19,-4.97
473628,2058,14176,180,104248,35.00,-7.24,-4.99
473650,1833,14560,173,104323,35.00,-7.24,-4.96
473672,1855,15072,170,104388,35.00,-7.22,-4.98
473694,2014,15072,168,104459,35.00,-7.27,-4.96
473716,2157,15840,160,104512,35.00,-7.26,-4.95
473738,1974,15840,139,104533,35.00,-7.23,-4.96
473779,1955,15840,148,103716,35.00,-7.24,-4.96
473801,1039,16352,123,103401,35.00,-7.26,-4.94
473823,1567,16400,138,103174,35.00,-7.24,-4.97
473845,1532,16912,142,103023,35.00,-7.22,-4.99
473867,2870,16912,185,102903,35.00,-7.23,-4.99
473889,252,16912,133,102796,35.00,-7.22,-4.96
473911,2071,16400,186,102730,35.00,-7.24,-4.96
473933,1880,16912,170,102706,35.00,-7.24,-4.95
473955,1383,16912,150,102730,35.00,-7.24,-4.97
473977,1581,17680,151,102822,35.00,-7.23,-4.96
474539,1575,18192,125,103112,35.88,-7.26,-4.94
474581,2381,20560,169,103000,35.00,-7.22,-4.98
474603,2471,21072,159,102882,35.00,-7.24,-4.97
474625,2379,21072,165,102777,35.00,-7.25,-5.00
474647,2057,21072,171,102678,35.00,-7.21,-4.97
474669,1871,21072,184,102629,35.00,-7.21,-4.96
474691,1801,21072,187,102610,35.00,-7.22,-4.97
474713,1837,20560,198,102681,35.00,-7.24,-4.96
474735,1907,20560,201,102800,35.00,-7.22,-4.97
474757,2100,21072,187,102922,35.00,-7.25,-4.96
474779,2351,21072,181,102992,35.00,-7.27,-4.92
474821,2255,21072,167,103123,35.00,-7.27,-5.00
474843,2297,21072,156,103180,35.00,-7.27,-4.97
474865,2095,21072,159,103242,35.00,-7.19,-4.95
474887,1804,21072,151,103303,35.00,-7.24,-4.94
474909,1593,21072,167,103370,35.00,-7.29,-4.94
474931,1509,21072,171,103438,35.00,-7.23,-4.93
474953,1513,21072,183,103494,35.00,-7.23,-5.00
474975,1554,20560,175,103565,35.00,-7.21,-4.95
474997,1647,20560,168,103631,35.00,-7.24,-4.98
475561,1819,20560,157,103689,35.89,-7.25,-4.95
475603,1787,20560,133,103198,35.00,-7.22,-4.99
475625,1901,20560,133,103256,35.00,-7.20,-4.98
475647,1735,20560,135,103322,35.00,-7.20,-4.94
475669,1639,20560,141,103393,35.00,-7.24,-4.94
475691,1651,20560,153,103488,35.00,-7.23,-4.97
475713,1465,20560,164,103556,35.00,-7.24,-4.95
475735,1551,20560,168,103632,35.00,-7.18,-4.96
475757,1566,20560,163,103700,35.00,-7.25,-4.92
475779,1817,20368,155,103770,35.00,-7.24,-4.96
475801,2099,20368,149,103841,35.00,-7.25,-5.02
475823,1989,20368,137,103908,35.00,-7.24,-4.97
475864,2042,20368,133,104039,35.00,-7.23,-4.96
475886,2039,20368,134,104121,35.00,-7.23,-4.96
475908,2199,20368,147,104189,35.00,-7.23,-4.98
475930,1912,20560,149,104268,35.00,-7.27,-4.99
475952,1583,20560,157,104338,35.00,-7.26,-4.94
475974,1675,20560,167,104381,35.00,-7.23,-4.95
475996,1257,20560,159,104404,35.00,-7.24,-5.00
476584,1813,20560,167,104237,35.95,-7.24,-4.95
476626,1939,21840,141,104113,35.00,-7.25,-4.94
476648,2073,21840,137,104168,35.00,-7.21,-4.96
476670,1693,21840,141,104239,35.00,-7.21,-4.95
476692,1492,21840,147,104304,35.00,-7.25,-4.96
476714,1380,21840,159,104368,35.00,-7.22,-4.97
476736,1466,21840,159,104434,35.00,-7.25,-5.00
476758,1497,21840,157,104481,35.00,-7.29,-4.98
476780,1221,22352,149,104426,35.00,-7.24,-5.01
476802,2041,22352,153,104122,35.00,-7.24,-4.95
476824,2021,22352,137,103715,35.00,-7.20,-4.95
476866,2027,22352,136,102974,35.00,-7.23,-4.95
476888,1947,22352,125,102844,35.00,-7.24,-5.00
476910,1757,22352,131,102740,35.00,-7.24,-4.94
476932,1555,22736,139,102657,35.00,-7.24,-4.99
476954,1517,22352,153,102623,35.00,-7.24,-4.97
476976,1401,22352,155,102625,35.00,-7.23,-4.94
476998,1391,22736,157,102722,35.00,-7.25,-5.00
477020,1596,22736,149,102845,35.00,-7.25,-4.99
477042,1715,22736,151,102960,35.00,-7.22,-4.94
477064,2001,22352,135,103022,35.00,-7.25,-5.01
477107,2053,22352,140,103163,35.00,-7.21,-4.98
477129,2139,22352,137,103239,35.00,-7.22,-4.97
477151,1966,22736,147,103310,35.00,-7.25,-4.94
477173,1874,22736,149,103360,35.00,-7.24,-4.97
477195,1611,22736,167,103433,35.00,-7.24,-4.98
477217,1579,22736,167,103505,35.00,-7.23,-4.96
477239,1727,22736,173,103606,35.00,-7.25,-4.96
477261,1787,22736,159,103670,35.00,-7.26,-4.96
477283,2004,22736,159,103741,35.00,-7.26,-4.97
477305,2105,22736,147,103810,35.00,-7.24,-4.96
477347,2212,22736,146,104022,35.00,-7.21,-4.98
477369,2103,22736,143,104072,35.00,-7.28,-4.94
477391,2013,22736,152,104116,35.00,-7.27,-4.98
477413,1822,23248,156,104173,35.00,-7.21,-4.96
477435,1608,22736,167,104231,35.00,-7.22,-4.97
477457,1489,22736,169,104296,35.00,-7.24,-4.96
477479,1518,23248,167,104375,35.00,-7.23,-5.00
477501,1689,23248,169,104451,35.00,-7.24,-4.97
477523,1747,23248,166,104494,35.00,-7.25,-4.98
477545,1863,23248,147,104522,35.00,-7.24,-4.97
477567,1944,23248,141,104406,35.00,-7.23,-4.97
477608,1915,23248,141,103328,35.00,-7.22,-4.95
477630,1938,23248,137,103144,35.00,-7.25,-4.97
477652,1756,23248,149,103025,35.00,-7.24,-4.93
477674,1574,23248,152,102918,35.00,-7.24,-4.94
477696,1463,23248,163,102830,35.00,-7.25,-4.95
477718,1463,23248,165,102777,35.00,-7.23,-4.96
477740,1467,24016,163,102755,35.00,-7.27,-4.96
477762,1557,24016,158,102788,35.00,-7.23,-5.02
477784,1719,24016,144,102892,35.00,-7.20,-4.95
477806,1831,24016,142,103001,35.00,-7.22,-4.97
477848,1845,24016,135,103175,35.00,-7.25,-4.96
477870,1755,24016,124,103215,35.00,-7.25,-4.93
477892,1639,24016,136,103276,35.00,-7.26,-4.95
477914,1556,24016,139,103326,35.00,-7.23,-4.98
477936,1421,24016,152,103399,35.00,-7.23,-4.94
477958,1327,24016,154,103471,35.00,-7.23,-4.98
477980,1472,24016,164,103527,35.00,-7.24,-4.94
478372,1501,24016,151,103590,36.32,-7.25,-5.00
478410,1804,24528,138,103030,35.00,-7.23,-4.96
478432,1941,24528,123,102916,35.00,-7.25,-4.96
478454,1815,24528,138,102817,35.00,-7.27,-4.97
478476,1679,24528,142,102710,35.00,-7.23,-4.96
478498,1572,24528,157,102665,35.00,-7.28,-4.98
478520,1469,24528,157,102648,35.00,-7.25,-4.98
478542,1588,24528,163,102722,35.00,-7.25,-4.95
478564,1694,24528,151,102836,35.00,-7.25,-4.99
478586,1853,24528,148,102912,35.00,-7.22,-4.95
478608,1775,24528,131,102970,35.00,-7.25,-4.99
478650,1993,24624,133,103099,35.00,-7.23,-4.99
478672,1839,24624,125,103147,35.00,-7.25,-4.91
478694,1705,24624,142,103203,35.00,-7.25,-4.98
478716,1651,24624,143,103264,35.00,-7.23,-4.96
478738,1597,24624,165,103326,35.00,-7.24,-5.00
478760,1591,24624,165,103381,35.00,-7.25,-4.95
478782,1671,24624,170,103441,35.00,-7.24,-4.96
478804,1789,24624,157,103508,35.00,-7.22,-4.96
478826,1957,24624,155,103568,35.00,-7.20,-4.99
478848,2083,24624,139,103626,35.00,-7.21,-4.97
478870,2143,25136,141,103692,35.00,-7.24,-5.00
478911,2088,25136,134,103819,35.00,-7.24,-4.97
478933,1915,25136,135,103881,35.00,-7.25,-4.99
478955,1759,25136,134,103937,35.00,-7.23,-5.02
478977,1645,25136,147,103995,35.00,-7.25,-4.97
478999,1555,25136,150,104047,35.00,-7.21,-4.94
479021,1429,25136,157,104097,35.00,-7.27,-4.99
479043,1655,25136,165,104146,35.00,-7.24,-4.95
479065,1578,25136,156,104187,35.00,-7.25,-4.95
479087,1819,25136,146,104204,35.00,-7.23,-4.98
479109,1897,25136,134,104044,35.00,-7.23,-4.98
479151,1979,25136,137,103050,35.00,-7.20,-4.99
479173,1855,25136,133,102880,35.00,-7.23,-5.01
479195,1723,25136,139,102756,35.00,-7.23,-4.99
479217,1558,25136,142,102681,35.00,-7.26,-4.97
479239,1414,25136,153,102635,35.00,-7.24,-4.96
479261,1431,25136,167,102628,35.00,-7.25,-4.98
479283,1511,25136,165,102656,35.00,-7.20,-4.96
479305,1611,25136,157,102748,35.00,-7.24,-4.97
479327,1741,25136,153,102880,35.00,-7.24,-4.99
479349,1821,25136,139,103014,35.00,-7.20,-4.96
479371,1787,25136,141,103100,35.00,-7.23,-4.98
479412,1801,25136,142,103252,35.00,-7.22,-4.95
479434,1768,25136,131,103307,35.00,-7.23,-4.97
479456,1595,25136,139,103368,35.00,-7.24,-4.98
479478,1431,25136,139,103452,35.00,-7.22,-4.97
479500,1327,25136,153,103525,35.00,-7.24,-4.96
479522,1389,25136,156,103598,35.00,-7.22,-4.98
479544,1509,25904,159,103683,35.00,-7.26,-4.98
479566,1619,25904,147,103754,35.00,-7.28,-4.94
479588,1775,25904,149,103824,35.00,-7.23,-4.91
479610,1943,25904,137,103899,35.00,-7.21,-4.96
479653,1937,25904,135,104080,35.00,-7.25,-4.95
479675,1919,25904,133,104134,35.00,-7.24,-5.01
479697,1788,25904,145,104184,35.00,-7.21,-4.97
479719,1631,25904,155,104218,35.00,-7.21,-4.94
479741,1577,25904,163,104276,35.00,-7.27,-4.95
479763,1739,25904,171,104340,35.00,-7.23,-4.99
479785,1527,25904,163,104392,35.00,-7.25,-4.98
479807,1887,25904,165,104442,35.00,-7.23,-4.95
479829,1944,25904,154,104455,35.00,-7.22,-4.97
479851,2199,25904,153,104407,35.00,-7.24,-4.97
479893,2142,25904,147,103389,35.00,-7.21,-5.00
479915,2013,25904,141,103115,35.00,-7.21,-4.96
479937,1839,25136,149,102927,35.00,-7.24,-4.97
479959,1733,25904,157,102784,35.00,-7.21,-4.96
479981,1582,25136,175,102676,35.00,-7.24,-4.94
480416,1563,25136,173,102558,36.38,-7.23,-4.96
480454,1642,25904,141,103711,35.00,-7.25,-4.97
480476,1785,25904,135,103768,35.00,-7.22,-4.96
480498,1619,26416,141,103842,35.00,-7.22,-5.01
480520,1475,26416,152,103911,35.00,-7.22,-4.95
480542,1417,26416,159,103976,35.00,-7.25,-4.95
480564,1391,26416,167,104035,35.00,-7.26,-4.95
480586,1465,26416,165,104066,35.00,-7.22,-4.95
480608,1637,26416,163,104014,35.00,-7.23,-4.98
480630,1787,26416,149,103739,35.00,-7.23,-4.96
480652,1919,26416,143,103363,35.00,-7.24,-4.98
480674,1906,26416,135,103030,35.00,-7.24,-4.96
480715,1897,26416,136,102483,35.00,-7.23,-4.95
480737,1747,26416,127,102360,35.00,-7.21,-4.99
480759,1672,26416,151,102253,35.00,-7.21,-4.98
480781,1636,26416,151,102196,35.00,-7.24,-4.96
480803,1555,25904,163,102202,35.00,-7.26,-4.92
480825,1485,26416,165,102272,35.00,-7.21,-4.96
480847,1532,26416,165,102379,35.00,-7.18,-4.95
480869,1747,26416,159,102461,35.00,-7.23,-4.95
480891,1889,26416,152,102520,35.00,-7.22,-4.97
480913,1950,26416,138,102552,35.00,-7.24,-4.97
480956,1895,26416,135,102697,35.00,-7.23,-4.96
480978,1817,26416,141,102759,35.00,-7.24,-4.91
481695,1629,26416,147,102830,36.52,-7.23,-4.99
481737,2077,26800,136,102760,35.00,-7.26,-4.96
481759,1991,27312,138,102804,35.00,-7.23,-4.97
481781,1847,27312,143,102859,35.00,-7.22,-4.99
481803,1677,27312,157,102916,35.00,-7.26,-4.96
481825,1625,26800,164,102971,35.00,-7.23,-4.91
481847,1657,27312,168,103007,35.00,-7.27,-4.93
481869,1745,26800,171,103059,35.00,-7.24,-4.97
481891,1817,26800,163,103129,35.00,-7.24,-4.93
481913,1996,26800,155,103178,35.00,-7.21,-4.96
481935,2039,26416,143,103216,35.00,-7.25,-4.92
481957,2093,26800,139,103264,35.00,-7.22,-4.98
481998,2029,26800,139,103374,35.00,-7.23,-4.96
482020,2377,26800,150,103434,35.00,-7.26,-5.00
482042,1467,26800,139,103500,35.00,-7.26,-4.95
482064,1259,26800,151,103534,35.00,-7.25,-4.99
482086,1448,26800,166,103548,35.00,-7.23,-4.95
482108,1405,26800,165,103522,35.00,-7.23,-4.92
482130,1499,26800,168,103313,35.00,-7.24,-4.96
482152,1653,26416,155,102966,35.00,-7.26,-4.98
482174,1852,26416,150,102627,35.00,-7.22,-4.97
482196,1875,26416,142,102376,35.00,-7.20,-4.96
482238,1915,26416,135,101964,35.00,-7.25,-4.99
482260,1980,26416,137,101883,35.00,-7.24,-4.98
482282,1622,26416,139,101840,35.00,-7.21,-4.96
482304,1433,26416,150,101848,35.00,-7.22,-4.95
482326,1429,26416,166,101945,35.00,-7.24,-5.00
482348,1449,26416,169,102053,35.00,-7.27,-5.01
482370,1463,26416,160,102124,35.00,-7.23,-4.97
482392,1596,26416,155,102168,35.00,-7.19,-4.96
482414,1805,26416,149,102194,35.00,-7.26,-4.95
482436,1961,26416,142,102240,35.00,-7.22,-4.94
482458,1915,26416,136,102283,35.00,-7.18,-4.95
482499,1850,26416,137,102457,35.00,-7.24,-5.01
482521,1830,26416,138,102535,35.00,-7.23,-4.97
482543,1624,26416,139,102595,35.00,-7.24,-4.97
482565,1510,26416,153,102662,35.00,-7.24,-4.94
482587,1503,26416,165,102720,35.00,-7.24,-4.95
482609,1491,26416,165,102791,35.00,-7.27,-4.97
482631,1591,26416,165,102875,35.00,-7.24,-4.98
482653,1707,26416,155,102934,35.00,-7.26,-4.97
482675,1835,26416,148,102988,35.00,-7.22,-4.98
482697,1939,26416,149,103036,35.00,-7.24,-4.98
482740,1973,26416,137,103213,35.00,-7.22,-4.96
482762,1852,26416,139,103265,35.00,-7.25,-4.93
482784,1718,26416,143,103333,35.00,-7.20,-4.96
482806,1592,26416,156,103381,35.00,-7.28,-5.00
482828,1571,26416,163,103418,35.00,-7.26,-5.00
482850,1629,26416,173,103397,35.00,-7.22,-4.94
482872,1727,26416,167,103190,35.00,-7.22,-4.96
482894,1875,26416,157,102864,35.00,-7.27,-5.02
482916,2043,26416,146,102499,35.00,-7.25,-4.99
482938,2093,26416,142,102241,35.00,-7.23,-4.95
482980,1933,26800,133,101852,35.00,-7.26,-4.94
483739,1945,26416,137,101765,36.69,-7.23,-4.99
483764,1909,26416,136,101493,35.00,-7.22,-4.96
483786,1581,26416,141,101464,35.00,-7.23,-5.02
483808,1453,26416,153,101493,35.00,-7.20,-4.97
483830,1350,26416,159,101566,35.00,-7.25,-5.00
483852,1479,26416,166,101672,35.00,-7.20,-4.95
483874,1643,26416,167,101752,35.00,-7.23,-4.97
483896,1652,26416,151,101791,35.00,-7.21,-4.99
483918,1791,26416,143,101845,35.00,-7.24,-4.94
483940,1869,26416,134,101870,35.00,-7.23,-4.94
483982,1890,26416,136,102031,35.00,-7.22,-4.95
484506,1797,26416,127,102080,35.73,-7.22,-4.96
484544,1685,26800,143,101240,35.00,-7.21,-4.92
484566,1781,26800,127,101347,35.00,-7.20,-4.97
484588,1689,26800,152,101487,35.00,-7.21,-4.99
484610,1522,26800,156,101564,35.00,-7.24,-4.96
484632,1542,26800,167,101617,35.00,-7.22,-5.00
484654,1577,26800,169,101648,35.00,-7.25,-4.93
484676,1699,26800,167,101698,35.00,-7.24,-4.94
484698,1845,26800,156,101739,35.00,-7.24,-4.98
484720,2020,26800,151,101795,35.00,-7.26,-4.97
484742,2063,26800,147,101855,35.00,-7.21,-4.96
484784,2055,26800,141,102049,35.00,-7.25,-4.97
484806,1945,26800,145,102111,35.00,-7.23,-5.00
484828,1799,26800,144,102170,35.00,-7.24,-4.94
484850,1635,26800,165,102234,35.00,-7.25,-4.96
484872,1565,26800,167,102296,35.00,-7.23,-4.94
484894,1541,26800,175,102352,35.00,-7.27,-4.98
484916,1709,26800,174,102411,35.00,-7.27,-4.95
484938,1864,26800,167,102454,35.00,-7.25,-4.97
484960,1903,26800,156,102498,35.00,-7.23,-4.96
484982,2007,26800,151,102556,35.00,-7.26,-4.99
485528,2074,27312,144,102618,35.38,-7.23,-4.99
485566,1395,26416,140,101712,35.00,-7.22,-4.99
485588,1639,26416,125,101783,35.00,-7.25,-4.98
485610,1428,26800,137,101846,35.00,-7.27,-4.99
485632,1297,26800,142,101895,35.00,-7.22,-5.01
485654,1365,26800,156,101962,35.00,-7.19,-4.98
485676,1445,26800,156,102018,35.00,-7.22,-4.98
485698,1549,26800,155,102091,35.00,-7.24,-4.94
485720,1723,26800,148,102144,35.00,-7.24,-4.98
485742,1989,26800,141,102202,35.00,-7.25,-5.00
485764,2130,26800,138,102257,35.00,-7.25,-4.94
485807,2182,26800,135,102482,35.00,-7.22,-4.98
485829,2043,26800,149,102521,35.00,-7.24,-4.97
485851,1939,26800,153,102395,35.00,-7.25,-4.94
485873,1791,26800,165,102063,35.00,-7.20,-4.97
485895,1741,26800,171,101688,35.00,-7.25,-4.95
485917,1757,26800,173,101403,35.00,-7.28,-4.96
485939,1917,26800,167,101238,35.00,-7.24,-4.96
485961,2039,26800,166,101130,35.00,-7.23,-4.95
485983,2164,26800,152,101044,35.00,-7.26,-4.93
486551,2221,26800,147,100988,36.39,-7.25,-4.98
486589,1421,27312,136,102319,35.00,-7.26,-4.97
486611,1612,27312,128,101981,35.00,-7.23,-4.96
486633,1463,27312,137,101621,35.00,-7.23,-4.95
486655,1371,27312,151,101348,35.00,-7.22,-4.97
486677,1368,27312,156,101168,35.00,-7.20,-4.96
486699,1431,27312,155,101028,35.00,-7.21,-4.95
486721,1547,27312,152,100923,35.00,-7.25,-4.94
486743,1811,27312,145,100847,35.00,-7.20,-4.91
486765,1917,27312,137,100810,35.00,-7.23,-4.96
486787,1951,27312,133,100836,35.00,-7.26,-5.01
486829,1952,28080,125,101194,35.00,-7.20,-4.94
486851,1783,28080,135,101251,35.00,-7.23,-4.96
486873,1733,28080,142,101309,35.00,-7.26,-4.98
486895,1663,28080,155,101350,35.00,-7.21,-4.96
486917,1625,28080,159,101410,35.00,-7.25,-4.99
486939,1669,28080,169,101491,35.00,-7.21,-4.99
486961,1813,28080,159,101602,35.00,-7.24,-4.93
486983,1957,28080,160,101669,35.00,-7.21,-4.98
487573,2079,28080,148,101751,36.23,-7.26,-4.95
487611,1438,28592,141,101509,35.00,-7.24,-4.93
487633,1663,28592,136,101554,35.00,-7.21,-4.97
487655,1417,28592,143,101610,35.00,-7.24,-4.96
487677,1320,28592,152,101673,35.00,-7.26,-4.96
487699,1357,28592,157,101743,35.00,-7.20,-4.96
487721,1491,28592,159,101823,35.00,-7.21,-4.97
487743,1645,28592,157,101901,35.00,-7.24,-4.98
487765,1753,28592,149,101986,35.00,-7.26,-4.96
487787,1939,28592,145,102055,35.00,-7.23,-4.96
487809,1973,28592,135,102129,35.00,-7.25,-4.98
487851,1869,28784,127,102282,35.00,-7.23,-4.96
487873,1848,28592,137,102346,35.00,-7.21,-5.01
487895,1699,28784,141,102400,35.00,-7.23,-4.95
487917,1513,28784,155,102431,35.00,-7.24,-5.00
487939,1604,28592,163,102489,35.00,-7.20,-4.98
487961,1576,28784,169,102562,35.00,-7.23,-4.96
487983,1759,28784,167,102634,35.00,-7.23,-4.98
488345,1899,28592,167,102713,35.26,-7.22,-4.96
488373,1933,28784,157,101540,35.00,-7.20,-4.97
488395,1710,28784,147,101603,35.00,-7.25,-4.95
488417,1571,28784,153,101675,35.00,-7.25,-4.99
488439,1385,28784,159,101740,35.00,-7.22,-4.99
488461,1450,28784,169,101810,35.00,-7.25,-4.96
488483,1559,28784,167,101893,35.00,-7.24,-4.99
488505,1653,28784,163,101975,35.00,-7.20,-4.97
488527,1779,28784,152,102040,35.00,-7.24,-4.94
488549,1899,29296,141,102115,35.00,-7.25,-4.98
488571,1885,28784,140,102200,35.00,-7.23,-4.95
488613,1815,29296,139,102409,35.00,-7.23,-4.96
488635,1658,28784,141,102473,35.00,-7.25,-5.00
488657,1523,29296,143,102528,35.00,-7.22,-4.97
488679,1400,29296,157,102594,35.00,-7.20,-4.97
488701,1419,28784,167,102657,35.00,-7.20,-4.97
488723,1545,29296,173,102717,35.00,-7.25,-4.96
488745,1705,29296,165,102800,35.00,-7.25,-4.98
488767,1815,29296,158,102866,35.00,-7.24,-4.96
488789,1939,29296,141,102920,35.00,-7.22,-4.99
488811,2022,29296,142,102965,35.00,-7.26,-4.97
488833,1980,29296,135,102997,35.00,-7.26,-5.01
488874,1898,29296,143,102431,35.00,-7.24,-4.97
488896,1843,29296,143,102074,35.00,-7.26,-4.97
488918,1653,29296,151,101800,35.00,-7.23,-4.99
488940,1523,29296,165,101595,35.00,-7.22,-4.96
488962,1707,29296,173,101453,35.00,-7.22,-4.96
488984,1635,29296,165,101325,35.00,-7.23,-4.97
489363,1748,29296,163,101239,35.81,-7.28,-4.96
489395,1684,29296,169,102444,35.00,-7.24,-5.00
489417,1764,29296,147,102496,35.00,-7.22,-4.96
489439,1653,30064,149,102556,35.00,-7.28,-4.97
489461,1511,29296,158,102617,35.00,-7.24,-4.96
489483,1544,30064,167,102679,35.00,-7.30,-5.00
489505,1693,30064,171,102728,35.00,-7.22,-4.96
489527,1853,30064,171,102786,35.00,-7.24,-4.96
489549,1977,30064,159,102853,35.00,-7.23,-4.98
489571,1924,30064,149,102901,35.00,-7.28,-4.95
489593,2092,29296,153,102909,35.00,-7.24,-4.97
489636,1907,30064,139,102098,35.00,-7.25,-4.98
489658,1695,30064,143,101769,35.00,-7.27,-4.97
489680,1549,30064,157,101541,35.00,-7.23,-4.94
489702,1555,30064,168,101376,35.00,-7.26,-4.99
489724,1557,30064,173,101256,35.00,-7.27,-4.97
489746,1630,30064,171,101154,35.00,-7.23,-4.99
489768,1738,30064,163,101085,35.00,-7.24,-4.96
489790,1818,30064,157,101074,35.00,-7.27,-4.97
489812,1895,30064,147,101111,35.00,-7.24,-4.96
489834,1705,30064,135,101229,35.00,-7.25,-5.01
489876,1891,30576,137,101465,35.00,-7.18,-5.02
489898,1681,30576,143,101506,35.00,-7.25,-4.94
489920,1372,30576,149,101572,35.00,-7.26,-4.93
489942,1544,30576,167,101639,35.00,-7.24,-4.97
489964,1625,30576,171,101703,35.00,-7.21,-4.99
489986,1197,30576,165,101767,35.00,-7.24,-4.97
490385,1983,30576,172,101862,36.13,-7.21,-4.97
490417,1571,30960,171,101812,35.00,-7.21,-4.94
490439,1659,30960,139,101631,35.00,-7.25,-4.96
490461,1530,30960,151,101497,35.00,-7.24,-4.96
490483,1467,30960,157,101379,35.00,-7.24,-4.97
490505,1465,30960,165,101291,35.00,-7.21,-4.96
490527,1631,30960,171,101257,35.00,-7.22,-4.99
490549,1851,30960,171,101257,35.00,-7.22,-4.95
490571,1677,30960,152,101360,35.00,-7.23,-4.98
490593,1880,30960,141,101495,35.00,-7.25,-4.97
490615,1898,30960,136,101598,35.00,-7.25,-4.97
490637,1817,31472,132,101675,35.00,-7.22,-4.93
490678,1691,30960,139,101828,35.00,-7.24,-4.95
490700,1690,30960,143,101886,35.00,-7.21,-4.97
490722,1494,30960,149,101950,35.00,-7.22,-5.00
490744,1388,30960,169,102017,35.00,-7.22,-4.97
490766,1527,30960,172,102089,35.00,-7.24,-4.97
490788,1679,30960,175,102158,35.00,-7.23,-4.96
490810,1843,30960,169,102243,35.00,-7.21,-4.96
490832,2083,30960,167,102312,35.00,-7.24,-4.96
490854,2042,30960,143,102385,35.00,-7.21,-4.94
490876,1995,30960,147,102462,35.00,-7.23,-4.99
490919,2013,30960,143,102642,35.00,-7.21,-5.00
490941,1763,30960,141,102714,35.00,-7.27,-4.98
490963,1511,30960,155,102773,35.00,-7.20,-4.95
490985,1576,30960,167,102838,35.00,-7.21,-5.02
491407,1651,30960,179,102881,35.83,-7.26,-4.92
491440,859,30960,151,101684,35.00,-7.23,-4.96
491462,1597,30960,145,101757,35.00,-7.24,-4.96
491484,1387,30960,148,101837,35.00,-7.24,-4.95
491506,1479,30960,167,101906,35.00,-7.21,-4.96
491528,1287,30960,163,101980,35.00,-7.28,-4.96
491550,1437,30960,163,102049,35.00,-7.21,-4.97
491572,1711,30960,163,102146,35.00,-7.22,-4.98
491594,1847,31472,152,102217,35.00,-7.24,-4.96
491616,1832,30960,141,102307,35.00,-7.22,-4.94
491638,1935,30960,138,102382,35.00,-7.24,-4.95
491680,1707,30960,134,102604,35.00,-7.26,-5.00
491702,1757,30960,141,102668,35.00,-7.24,-4.93
491724,1415,30960,140,102733,35.00,-7.22,-4.97
491746,1277,30960,153,102802,35.00,-7.24,-4.96
491768,1315,30960,157,102867,35.00,-7.24,-4.96
491790,1433,30960,157,102927,35.00,-7.25,-4.96
491812,1589,30960,153,102992,35.00,-7.24,-4.96
491834,1251,30960,137,103021,35.00,-7.23,-4.98
491856,2227,30576,141,103008,35.00,-7.29,-4.95
491878,1817,30576,122,102829,35.00,-7.28,-4.98
491900,1687,30576,119,102484,35.00,-7.22,-4.97
491941,1801,30576,138,101585,35.00,-7.23,-4.96
491963,1614,30576,125,101448,35.00,-7.23,-4.93
491985,1548,30576,145,101330,35.00,-7.24,-4.92
492429,1437,30576,152,101249,36.47,-7.24,-4.96
492462,1763,30576,171,102353,35.00,-7.23,-4.98
492484,1849,30576,141,102423,35.00,-7.25,-4.98
492506,1799,30576,151,102469,35.00,-7.27,-4.99
492528,1624,30576,165,102528,35.00,-7.24,-4.94
492550,1615,30576,165,102575,35.00,-7.22,-4.97
492572,1845,30576,169,102607,35.00,-7.24,-4.98
492594,2013,30576,166,102657,35.00,-7.27,-4.96
492616,1993,30576,152,102663,35.00,-7.22,-4.96
492638,2024,30576,139,102528,35.00,-7.21,-4.94
492660,2071,30576,137,102203,35.00,-7.20,-4.94
492703,2060,30576,140,101239,35.00,-7.24,-4.97
492725,1748,30064,147,101086,35.00,-7.23,-4.95
492747,1573,30064,153,100960,35.00,-7.23,-4.97
492769,1432,30064,160,100830,35.00,-7.24,-4.92
492791,1561,30064,173,100770,35.00,-7.23,-4.94
492813,1854,30064,167,100752,35.00,-7.27,-4.96
492835,1948,30064,163,100798,35.00,-7.25,-4.97
492857,1940,30064,153,100894,35.00,-7.23,-4.94
492879,1961,30064,141,100987,35.00,-7.24,-4.96
492901,1869,30064,133,101050,35.00,-7.24,-4.97
492943,1720,30064,136,101148,35.00,-7.25,-5.01
492965,1623,30064,139,101180,35.00,-7.25,-4.94
492987,1499,30064,143,101232,35.00,-7.25,-4.99
493708,1435,30064,159,101294,36.85,-7.25,-4.96
493745,1253,30960,159,101526,35.00,-7.27,-4.95
493767,1643,30960,142,101594,35.00,-7.23,-4.94
493789,1467,30960,148,101674,35.00,-7.24,-4.95
493811,1333,30960,159,101768,35.00,-7.24,-4.95
493833,1439,30960,159,101837,35.00,-7.22,-4.99
493855,1644,30960,170,101888,35.00,-7.23,-4.98
493877,1742,30960,155,101963,35.00,-7.27,-4.95
493899,1800,31472,152,102030,35.00,-7.22,-4.96
493921,1894,30960,139,102084,35.00,-7.22,-4.97
493943,1935,30960,139,102140,35.00,-7.26,-4.98
493965,1917,31472,135,102207,35.00,-7.24,-4.95
494730,1771,30960,147,102320,35.33,-7.21,-4.96
494768,1619,30960,181,101735,35.00,-7.25,-4.97
494790,1679,30576,167,101773,35.00,-7.23,-4.94
494812,1775,30960,187,101837,35.00,-7.23,-4.98
494834,1972,30960,207,101879,35.00,-7.24,-4.98
494856,2215,30960,214,101912,35.00,-7.22,-4.96
494878,2101,30960,211,101922,35.00,-7.26,-5.00
494900,2323,30576,204,101879,35.00,-7.23,-4.97
494922,2173,30960,183,101650,35.00,-7.23,-4.94
494944,2341,30960,183,101267,35.00,-7.26,-4.93
494966,2153,30576,173,100909,35.00,-7.23,-4.95
495754,2159,30576,180,100274,35.92,-7.23,-4.97
495790,359,28784,185,100327,35.00,-7.24,-5.02
495812,543,28784,153,100203,35.00,-7.22,-4.98
495834,328,28784,166,100127,35.00,-7.25,-5.00
495856,327,28784,168,100103,35.00,-7.22,-4.92
495878,354,28784,169,100136,35.00,-7.21,-4.96
495900,390,28784,163,100238,35.00,-7.26,-4.96
495922,555,28784,151,100374,35.00,-7.21,-4.95
495944,619,28784,140,100483,35.00,-7.24,-4.94
495966,683,29296,132,100551,35.00,-7.26,-5.00
495988,669,29296,122,100628,35.00,-7.26,-4.99
496031,633,29296,122,100822,35.00,-7.24,-4.95
496053,598,28784,141,100895,35.00,-7.24,-4.91
496075,627,29296,151,100962,35.00,-7.23,-4.95
496097,655,29296,163,101016,35.00,-7.26,-4.97
496119,749,29296,156,101069,35.00,-7.24,-4.96
496141,1213,29296,163,101099,35.00,-7.23,-4.93
496163,677,29296,139,101132,35.00,-7.26,-4.98
496185,1311,29296,136,101170,35.00,-7.24,-4.96
496207,1241,29296,133,101208,35.00,-7.25,-4.96
496229,1327,29296,135,101266,35.00,-7.25,-4.94
496271,1339,29296,135,101458,35.00,-7.23,-5.01
496293,1187,29296,133,101489,35.00,-7.25,-4.92
496315,1269,29296,157,101550,35.00,-7.21,-4.95
496337,1241,29296,163,101615,35.00,-7.28,-4.93
496359,1364,28784,175,101695,35.00,-7.24,-4.96
496381,1651,29296,170,101757,35.00,-7.24,-5.00
496403,1765,29296,165,101842,35.00,-7.24,-4.97
496425,1991,29296,152,101901,35.00,-7.19,-4.97
496447,1979,29296,141,101938,35.00,-7.24,-4.98
496469,1767,29296,127,101896,35.00,-7.19,-4.97
496491,1639,29296,135,101660,35.00,-7.25,-4.95
496532,1634,29296,147,100596,35.00,-7.21,-4.95
496554,1547,29296,146,100396,35.00,-7.25,-4.97
496576,1464,29296,155,100229,35.00,-7.26,-4.96
496598,1605,29296,167,100071,35.00,-7.25,-4.96
496620,1547,29296,165,99981,35.00,-7.25,-4.96
496642,1799,29296,163,99945,35.00,-7.23,-4.96
496664,1875,29296,159,99977,35.00,-7.24,-4.95
496686,1684,29296,139,100082,35.00,-7.24,-4.98
496708,1960,29296,139,100204,35.00,-7.23,-5.01
496730,1817,29296,123,100305,35.00,-7.25,-4.96
496772,1765,29296,134,100479,35.00,-7.24,-4.95
496794,1651,29296,141,100548,35.00,-7.25,-4.95
496816,1573,30064,151,100628,35.00,-7.24,-4.95
496838,1564,30064,167,100705,35.00,-7.24,-4.98
496860,1542,29296,165,100781,35.00,-7.24,-5.00
496882,1843,30064,169,100878,35.00,-7.23,-4.97
496904,2053,30064,157,100966,35.00,-7.22,-4.96
496926,2166,30064,152,101065,35.00,-7.23,-4.93
496948,2138,30064,139,101151,35.00,-7.22,-4.93
496970,2057,30064,131,101224,35.00,-7.25,-5.01
496992,1915,30064,138,101302,35.00,-7.24,-4.94
497033,1771,30064,143,101546,35.00,-7.25,-4.94
497055,1753,30064,147,101639,35.00,-7.26,-4.95
497077,1835,30064,165,101705,35.00,-7.25,-4.99
497099,1835,30064,168,101767,35.00,-7.22,-4.95
497121,1353,30064,163,101850,35.00,-7.23,-5.02
497143,1779,30064,165,101912,35.00,-7.25,-4.95
497165,2168,30064,159,101994,35.00,-7.23,-4.98
497187,1962,30064,141,102066,35.00,-7.22,-4.96
497209,2043,30064,141,102123,35.00,-7.24,-4.94
497231,2038,30576,136,102165,35.00,-7.22,-4.99
497274,1948,30576,143,101414,35.00,-7.26,-4.94
497296,1643,30576,149,101098,35.00,-7.27,-4.99
497318,1530,30576,163,100884,35.00,-7.24,-4.97
497340,1576,30576,167,100723,35.00,-7.22,-4.95
497362,1653,30576,171,100593,35.00,-7.24,-4.99
497384,1755,30576,159,100497,35.00,-7.22,-4.98
497406,1952,30576,153,100449,35.00,-7.23,-4.96
497428,1971,30576,136,100441,35.00,-7.22,-4.97
497450,1925,30576,133,100440,35.00,-7.23,-4.99
497472,1811,30576,133,100527,35.00,-7.25,-4.97
497514,1691,30576,135,100718,35.00,-7.21,-4.99
497536,1511,30576,141,100768,35.00,-7.24,-4.96
497558,1443,30576,155,100841,35.00,-7.23,-4.96
497580,1500,30576,163,100909,35.00,-7.26,-5.01
497602,1553,30576,165,100993,35.00,-7.24,-4.98
497624,1641,30576,151,101069,35.00,-7.24,-4.97
497646,1821,30576,152,101186,35.00,-7.21,-4.96
497668,1946,30576,134,101300,35.00,-7.25,-4.98
497690,2009,30960,133,101427,35.00,-7.20,-4.97
497712,1899,30576,118,101514,35.00,-7.27,-4.93
497755,1797,30960,125,101754,35.00,-7.25,-4.99
497777,1530,30576,135,101821,35.00,-7.22,-4.99
497799,1529,30576,153,101889,35.00,-7.24,-5.00
497821,1607,30576,164,101938,35.00,-7.22,-4.93
497843,1689,30576,163,102000,35.00,-7.26,-4.96
497865,1775,30576,164,102060,35.00,-7.22,-4.97
497887,1897,30576,143,102126,35.00,-7.29,-4.96
497909,1994,30576,135,102205,35.00,-7.24,-4.99
497931,1964,30576,125,102274,35.00,-7.22,-4.96
497953,1885,30576,121,102345,35.00,-7.24,-4.99
497995,1810,30960,137,102437,35.00,-7.19,-4.98
498565,1612,30960,140,102228,35.82,-7.27,-4.98
498597,1711,30960,152,102486,35.00,-7.25,-4.96
498619,1385,30960,136,102566,35.00,-7.24,-4.95
498641,1301,30576,149,102628,35.00,-7.23,-4.97
498663,1483,30576,152,102698,35.00,-7.23,-4.95
498685,1559,30576,157,102782,35.00,-7.24,-4.97
498707,1720,30064,147,102866,35.00,-7.23,-4.95
498729,1909,30064,149,102951,35.00,-7.24,-5.00
498751,1955,30064,133,103025,35.00,-7.24,-4.98
498773,1877,30064,121,103075,35.00,-7.26,-4.98
498795,1779,30064,121,103070,35.00,-7.22,-4.96
498837,1657,30064,135,102123,35.00,-7.27,-4.93
498859,1639,30064,143,101837,35.00,-7.20,-4.95
498881,1557,30064,153,101641,35.00,-7.26,-4.97
498903,1639,30064,165,101488,35.00,-7.25,-4.96
498925,1815,30064,159,101384,35.00,-7.23,-4.97
498947,1977,30064,157,101284,35.00,-7.24,-4.95
498969,2039,30064,150,101233,35.00,-7.24,-4.93
498991,2057,30064,135,101245,35.00,-7.23,-4.95
499587,2035,30064,134,101322,35.82,-7.24,-4.97
499619,1799,30064,155,102232,35.00,-7.23,-4.99
499641,1442,30576,141,101967,35.00,-7.23,-4.99
499663,1405,30576,149,101790,35.00,-7.25,-4.99
499685,1465,30576,163,101650,35.00,-7.24,-4.99
499707,1676,30576,156,101535,35.00,-7.23,-4.96
499729,1679,30576,149,101442,35.00,-7.24,-4.97
499751,1874,30576,139,101413,35.00,-7.22,-4.95
499773,1917,30576,137,101451,35.00,-7.24,-4.98
499795,1907,30576,132,101553,35.00,-7.25,-4.94
499817,1774,30576,123,101672,35.00,-7.24,-4.95
499860,1609,30576,135,101851,35.00,-7.19,-4.95
499882,1451,30576,147,101887,35.00,-7.23,-4.94
499904,1400,30576,155,101938,35.00,-7.28,-5.01
499926,1502,30960,167,101985,35.00,-7.23,-4.99
499948,1629,30576,157,102053,35.00,-7.23,-4.95
499970,1862,30576,159,102095,35.00,-7.25,-4.96
499992,1962,30960,147,102172,35.00,-7.24,-4.98
500354,1975,30960,133,102254,36.75,-7.23,-4.99
500382,1973,30576,125,102305,35.00,-7.22,-4.97
500404,1399,30576,155,102045,35.00,-7.25,-4.98
500426,1553,30960,164,101867,35.00,-7.23,-4.98
500448,1653,30960,165,101734,35.00,-7.24,-4.93
500470,1802,30960,159,101597,35.00,-7.24,-4.92
500492,1831,30960,153,101477,35.00,-7.25,-4.95
500514,1862,30576,135,101393,35.00,-7.21,-4.98
500536,1890,30576,133,101383,35.00,-7.19,-4.92
500558,1796,30576,121,101466,35.00,-7.23,-4.95
500580,1631,30960,125,101584,35.00,-7.23,-4.97
500621,1545,30960,135,101732,35.00,-7.22,-4.97
500643,1397,30960,141,101746,35.00,-7.26,-4.96
500665,1451,30960,155,101782,35.00,-7.24,-4.98
500687,1463,30960,159,101841,35.00,-7.24,-4.95
500709,1555,30960,154,101917,35.00,-7.22,-4.93
500731,1707,30960,152,102006,35.00,-7.23,-5.01
500753,1879,30960,143,102070,35.00,-7.23,-4.98
500775,1903,30960,133,102141,35.00,-7.25,-4.97
500797,1881,30960,126,102213,35.00,-7.23,-4.96
500819,1771,30960,121,102275,35.00,-7.28,-4.96
500841,1704,30960,135,102366,35.00,-7.23,-4.93
500882,1605,30960,137,102568,35.00,-7.25,-4.94
500904,1461,30960,151,102643,35.00,-7.25,-4.97
500926,1439,30960,153,102717,35.00,-7.23,-5.00
500948,1547,30960,166,102788,35.00,-7.24,-4.93
500970,1689,30960,159,102843,35.00,-7.23,-4.94
500992,1847,30960,158,102905,35.00,-7.25,-4.95
501376,1973,30960,149,102981,35.44,-7.21,-4.96
501404,1939,31472,127,101857,35.00,-7.23,-4.96
501426,1495,31472,168,101915,35.00,-7.25,-4.99
501448,1553,31472,167,101959,35.00,-7.26,-4.99
501470,1609,31472,168,102024,35.00,-7.24,-4.95
501492,1847,31472,167,102092,35.00,-7.23,-4.97
501514,1909,31472,154,102173,35.00,-7.23,-4.97
501536,1959,31472,139,102242,35.00,-7.23,-4.98
501558,1899,32240,135,102314,35.00,-7.24,-4.97
501580,1865,32240,125,102379,35.00,-7.20,-4.98
501602,1719,32240,127,102453,35.00,-7.24,-4.99
501644,1567,32240,141,102629,35.00,-7.24,-4.95
501666,1483,31472,153,102715,35.00,-7.27,-4.99
501688,1492,31472,165,102783,35.00,-7.24,-4.95
501710,1553,31472,167,102838,35.00,-7.24,-4.97
501732,1579,31472,155,102893,35.00,-7.22,-4.98
501754,1754,31472,157,102954,35.00,-7.22,-4.99
501776,1839,31472,138,103025,35.00,-7.23,-4.96
501798,1805,31472,127,103083,35.00,-7.19,-4.94
501820,1752,32240,120,103108,35.00,-7.22,-4.94
501842,1677,32240,127,103001,35.00,-7.25,-5.01
501884,1523,32240,125,102071,35.00,-7.27,-5.01
501906,1466,32240,149,101837,35.00,-7.23,-4.96
501928,1431,31472,158,101656,35.00,-7.24,-4.98
501950,1512,32240,163,101507,35.00,-7.23,-4.96
501972,1655,31472,165,101392,35.00,-7.24,-5.00
501994,1811,32240,153,101309,35.00,-7.19,-4.95
502398,2022,32240,151,101273,36.25,-7.22,-4.97
502426,1917,32240,134,102515,35.00,-7.22,-4.99
502448,1485,32240,160,102595,35.00,-7.23,-4.96
502470,1525,32240,163,102667,35.00,-7.24,-4.92
502492,1553,32240,165,102727,35.00,-7.23,-4.97
502514,1773,32240,167,102793,35.00,-7.25,-4.96
502536,1837,32240,153,102834,35.00,-7.21,-4.92
502558,1943,32752,135,102884,35.00,-7.24,-4.98
502580,1890,32752,131,102834,35.00,-7.25,-4.94
502602,1811,32752,121,102607,35.00,-7.22,-4.97
502624,1699,32752,123,102261,35.00,-7.23,-4.97
502666,1543,32752,140,101516,35.00,-7.26,-4.95
502688,1494,32240,150,101341,35.00,-7.27,-5.00
502710,1507,32240,155,101209,35.00,-7.27,-4.98
502732,1640,32240,163,101117,35.00,-7.23,-4.95
502754,1669,32240,157,101076,35.00,-7.25,-4.97
502776,1797,32240,153,101089,35.00,-7.21,-4.96
502798,1895,32752,137,101185,35.00,-7.24,-4.96
502820,1891,32752,133,101315,35.00,-7.22,-4.99
502842,1801,32752,120,101426,35.00,-7.23,-4.94
502864,1688,32752,125,101500,35.00,-7.19,-4.97
502907,1548,32752,131,101619,35.00,-7.23,-5.00
502929,1447,32240,151,101699,35.00,-7.22,-4.95
502951,1451,32752,155,101775,35.00,-7.21,-4.98
502973,1518,32752,158,101830,35.00,-7.25,-4.95
502995,1651,32752,154,101903,35.00,-7.21,-4.99
503421,1831,32752,149,101976,36.35,-7.26,-4.95
503450,2022,32752,126,101181,35.00,-7.24,-4.98
503472,1575,32752,169,101081,35.00,-7.23,-4.96
503494,1693,32752,172,101019,35.00,-7.19,-4.98
503516,1845,32752,167,101000,35.00,-7.28,-5.00
503538,1951,32752,163,101067,35.00,-7.23,-4.98
503560,2015,32776,146,101172,35.00,-7.21,-4.99
503582,2010,32776,139,101268,35.00,-7.24,-4.95
503604,1927,32776,131,101328,35.00,-7.23,-4.94
503626,1695,32776,135,101379,35.00,-7.28,-4.97
503668,1559,32776,139,101517,35.00,-7.22,-4.99
503690,1542,32752,149,101571,35.00,-7.27,-4.95
503712,1470,32752,159,101616,35.00,-7.23,-4.95
503734,1546,32776,167,101680,35.00,-7.26,-4.96
503756,1715,32752,167,101752,35.00,-7.26,-4.98
503778,1695,32752,149,101824,35.00,-7.25,-4.97
503800,1787,32776,141,101883,35.00,-7.24,-4.93
503822,1877,32776,127,101952,35.00,-7.24,-4.97
503844,1799,32776,124,102006,35.00,-7.24,-4.98
503866,1651,32776,121,102074,35.00,-7.21,-4.96
503888,1559,32776,135,102140,35.00,-7.22,-5.02
503929,1465,32776,146,102284,35.00,-7.22,-4.96
503951,1501,32776,155,102343,35.00,-7.25,-4.94
503973,1532,32776,163,102398,35.00,-7.22,-4.93
503995,1655,32776,168,102457,35.00,-7.22,-5.00
504443,1852,32776,164,102508,37.43,-7.24,-4.97
504472,1802,32776,119,101777,35.00,-7.23,-4.97
504494,1482,32776,157,101847,35.00,-7.25,-4.93
504516,1628,32776,165,101929,35.00,-7.22,-4.99
504538,1755,32776,157,101997,35.00,-7.21,-4.96
504560,1983,32776,156,102072,35.00,-7.20,-5.00
504582,2059,32776,141,102164,35.00,-7.22,-4.97
504604,2040,32776,138,102242,35.00,-7.24,-4.96
504626,2006,32776,124,102301,35.00,-7.24,-5.00
504648,1899,32776,138,102359,35.00,-7.26,-4.98
504670,1770,32776,147,102415,35.00,-7.26,-4.97
504711,1752,32776,159,102594,35.00,-7.25,-5.01
504733,1703,32776,168,102690,35.00,-7.23,-4.93
504755,1750,32776,174,102752,35.00,-7.26,-4.99
504777,1798,32776,178,102803,35.00,-7.25,-4.91
504799,1699,32776,158,102859,35.00,-7.24,-4.98
504821,2313,32776,157,102876,35.00,-7.24,-4.97
504843,1904,32776,141,102768,35.00,-7.23,-4.96
504865,1893,32776,141,102487,35.00,-7.26,-4.96
504887,1867,32776,137,102157,35.00,-7.22,-4.91
504909,1625,32776,141,101877,35.00,-7.23,-4.96
504951,1495,32776,141,101340,35.00,-7.21,-4.95
504973,1488,32776,155,101204,35.00,-7.22,-4.97
504995,1434,32776,169,101118,35.00,-7.28,-4.99
505722,1575,32776,168,101099,36.12,-7.22,-4.99
505753,1868,32776,149,101191,35.00,-7.21,-4.97
505775,1363,33288,151,101133,35.00,-7.25,-4.99
505797,1338,33288,160,101162,35.00,-7.24,-4.93
505819,1417,33288,168,101266,35.00,-7.25,-4.97
505841,1595,32776,159,101409,35.00,-7.27,-4.98
505863,1711,33288,151,101500,35.00,-7.27,-4.96
505885,1827,33288,139,101582,35.00,-7.25,-4.96
505907,1863,33288,133,101606,35.00,-7.27,-4.98
505929,1709,33288,121,101642,35.00,-7.24,-4.98
505951,1519,33288,121,101679,35.00,-7.22,-4.97
505973,1397,33288,137,101737,35.00,-7.22,-4.94
506745,1459,33288,149,101908,36.06,-7.20,-5.01
506775,1849,33288,140,101846,35.00,-7.23,-4.99
506797,1375,33288,151,101926,35.00,-7.21,-4.95
506819,1383,33288,157,101999,35.00,-7.27,-4.95
506841,1447,33288,165,102055,35.00,-7.22,-4.97
506863,1653,33288,163,102115,35.00,-7.23,-4.98
506885,1797,34056,152,102184,35.00,-7.26,-5.01
506907,1919,34056,139,102229,35.00,-7.22,-4.94
506929,1900,33288,133,102307,35.00,-7.22,-4.99
506951,1828,34056,125,102355,35.00,-7.23,-4.99
506973,1737,34056,125,102405,35.00,-7.27,-4.96
506995,1647,34056,141,102449,35.00,-7.24,-4.98
507036,1572,34056,153,102632,35.00,-7.24,-4.97
507058,1613,34056,159,102687,35.00,-7.22,-4.97
507080,1626,34056,165,102723,35.00,-7.26,-4.99
507102,1764,34056,174,102731,35.00,-7.29,-4.97
507124,1977,34056,165,102720,35.00,-7.25,-4.95
507146,2085,34056,165,102568,35.00,-7.25,-4.94
507168,2134,34056,149,102250,35.00,-7.25,-4.95
507190,2117,34056,145,101859,35.00,-7.21,-4.95
507212,2019,34056,135,101527,35.00,-7.24,-4.95
507234,1885,34056,138,101279,35.00,-7.20,-4.96
507277,1736,34056,149,100811,35.00,-7.21,-4.99
507299,1605,34056,166,100754,35.00,-7.22,-4.96
507321,1686,34056,172,100770,35.00,-7.22,-4.99
507343,1791,34056,171,100834,35.00,-7.28,-5.00
507365,1939,34056,165,100940,35.00,-7.21,-4.99
507387,2001,34056,155,101036,35.00,-7.27,-4.96
507409,2039,34056,143,101115,35.00,-7.21,-4.98
507431,1939,34056,137,101166,35.00,-7.25,-4.96
507453,1823,34056,135,101218,35.00,-7.27,-4.94
507475,1677,34056,137,101280,35.00,-7.25,-4.96
507517,1515,34056,149,101472,35.00,-7.19,-4.99
507539,1476,34056,158,101501,35.00,-7.23,-4.98
507561,1485,34056,165,101558,35.00,-7.23,-5.00
507583,1595,34056,171,101611,35.00,-7.20,-4.97
507605,1659,34056,159,101673,35.00,-7.27,-4.97
507627,1835,34056,157,101724,35.00,-7.24,-4.97
507649,1866,34056,135,101785,35.00,-7.22,-4.96
507671,1829,34056,133,101844,35.00,-7.21,-5.00
507693,1764,34056,125,101919,35.00,-7.23,-4.96
507715,1629,34056,135,101976,35.00,-7.25,-4.97
507758,1467,34056,135,102123,35.00,-7.23,-4.97
507780,1431,34056,160,102175,35.00,-7.23,-4.97
507802,1525,34056,164,102223,35.00,-7.23,-4.98
507824,1637,34056,172,102254,35.00,-7.23,-4.97
507846,1780,34056,157,102299,35.00,-7.24,-4.96
507868,1854,34056,151,102322,35.00,-7.24,-4.93
507890,1917,34056,139,102327,35.00,-7.23,-4.96
507912,1897,34056,135,102228,35.00,-7.23,-4.97
507934,1815,34568,127,101926,35.00,-7.25,-4.95
507956,1670,34568,139,101542,35.00,-7.21,-4.96
507998,1578,34056,147,100831,35.00,-7.25,-4.96
508020,1558,34568,159,100690,35.00,-7.23,-4.95
508042,1593,34056,169,100597,35.00,-7.22,-4.98
508064,1707,34056,173,100537,35.00,-7.24,-4.94
508086,1831,34056,168,100532,35.00,-7.23,-4.99
508108,1948,34056,157,100591,35.00,-7.20,-4.96
508130,2001,34568,149,100733,35.00,-7.24,-4.98
508152,1927,34568,135,100853,35.00,-7.25,-4.94
508174,1823,34568,136,100921,35.00,-7.24,-4.96
508196,1676,34056,137,100965,35.00,-7.23,-4.97
508218,1509,34568,140,101009,35.00,-7.23,-4.96
508259,1475,34568,164,101168,35.00,-7.25,-5.00
508281,1469,34568,163,101257,35.00,-7.24,-4.94
508303,1493,34568,170,101343,35.00,-7.21,-4.96
508325,1671,34568,169,101411,35.00,-7.27,-4.95
508347,1771,34568,166,101500,35.00,-7.23,-4.95
508369,1863,34568,155,101579,35.00,-7.25,-4.96
508391,2148,34568,147,101650,35.00,-7.20,-4.93
508413,2024,34568,133,101729,35.00,-7.24,-4.97
508435,1033,34568,131,101812,35.00,-7.26,-4.97
508457,1756,34568,137,101895,35.00,-7.20,-4.94
508499,1510,34568,147,102039,35.00,-7.25,-4.96
508521,1388,34568,155,102076,35.00,-7.23,-5.02
508543,1449,34568,160,102141,35.00,-7.21,-5.02
508565,1611,34568,170,102201,35.00,-7.20,-4.96
508587,1741,34568,159,102275,35.00,-7.26,-4.97
508609,1875,34568,157,102361,35.00,-7.21,-4.96
508631,1861,34568,139,102425,35.00,-7.25,-4.96
508653,1883,34568,132,102452,35.00,-7.30,-4.96
508675,1751,34568,121,102342,35.00,-7.22,-4.97
508697,1613,34568,124,102021,35.00,-7.20,-4.95
508719,1491,34568,135,101627,35.00,-7.20,-4.96
508760,1403,34568,151,100824,35.00,-7.26,-4.95
508782,1340,34568,152,100686,35.00,-7.25,-4.98
508804,1275,34568,159,100576,35.00,-7.26,-4.95
508826,1517,34568,164,100482,35.00,-7.26,-4.98
508848,1655,34568,153,100423,35.00,-7.25,-4.93
508870,1787,34568,143,100447,35.00,-7.27,-4.93
508892,1799,34568,125,100544,35.00,-7.22,-4.93
508914,1769,34952,121,100627,35.00,-7.24,-4.96
508936,1678,34952,120,100673,35.00,-7.22,-4.97
508958,1591,34568,125,100668,35.00,-7.23,-4.99
509555,1461,34568,133,100633,35.90,-7.24,-4.96
509585,1966,34952,136,99060,35.00,-7.23,-4.95
509607,1676,34952,171,98978,35.00,-7.25,-4.97
509629,1816,34952,170,98976,35.00,-7.24,-4.96
509651,1868,34952,163,99057,35.00,-7.25,-4.97
509673,1948,34952,141,99176,35.00,-7.21,-4.97
509695,1836,34952,136,99266,35.00,-7.22,-4.95
509717,1708,34952,124,99295,35.00,-7.22,-4.96
509739,1617,34952,133,99287,35.00,-7.22,-4.95
509761,1437,34952,139,99248,35.00,-7.24,-4.96
509802,1401,34952,152,99311,35.00,-7.23,-4.96
509824,1387,34952,158,99343,35.00,-7.22,-4.93
509846,1423,34952,165,99425,35.00,-7.27,-4.96
509868,1562,34952,164,99485,35.00,-7.22,-4.99
509890,1765,34952,156,99549,35.00,-7.23,-4.97
509912,1720,34952,140,99590,35.00,-7.24,-4.95
509934,1783,34952,125,99624,35.00,-7.24,-4.97
509956,1769,34952,117,99668,35.00,-7.24,-4.97
509978,1745,35464,116,99715,35.00,-7.20,-4.95
510578,1675,34952,119,99769,36.23,-7.24,-4.95
510609,1821,35464,126,98743,35.00,-7.22,-4.95
510631,1813,35464,168,98797,35.00,-7.25,-4.97
510653,1919,35464,159,98857,35.00,-7.25,-5.01
510675,1965,35464,149,98966,35.00,-7.22,-4.96
510697,1964,35464,139,99045,35.00,-7.24,-4.96
510719,1885,35464,127,99116,35.00,-7.23,-4.95
510741,1717,35464,125,99182,35.00,-7.25,-4.96
510763,1565,35464,143,99227,35.00,-7.27,-4.96
510805,1465,35464,148,99411,35.00,-7.26,-4.96
510827,1464,35464,157,99458,35.00,-7.25,-4.95
510849,1514,35464,170,99490,35.00,-7.22,-4.97
510871,1647,35464,167,99503,35.00,-7.24,-4.92
510893,1723,35464,156,99547,35.00,-7.27,-5.00
510915,1818,35464,143,99595,35.00,-7.23,-4.95
510937,1779,35464,135,99655,35.00,-7.24,-4.99
510959,1687,35464,121,99684,35.00,-7.24,-4.96
510981,1587,35464,122,99716,35.00,-7.23,-4.97
511345,1481,35464,133,99718,36.21,-7.23,-4.97
511386,1557,35464,156,98651,35.00,-7.24,-4.93
511408,1677,35464,163,98665,35.00,-7.24,-4.95
511430,1687,35464,171,98685,35.00,-7.24,-4.94
511452,1853,35464,171,98711,35.00,-7.27,-4.93
511474,1977,35464,163,98767,35.00,-7.23,-4.98
511496,2137,36232,155,98844,35.00,-7.27,-4.97
511518,2184,36232,147,98921,35.00,-7.23,-4.96
511540,2107,35464,141,98992,35.00,-7.24,-4.96
511562,2053,36232,137,99037,35.00,-7.28,-4.98
511584,1903,35464,141,99101,35.00,-7.25,-4.95
511627,1739,35464,153,99275,35.00,-7.23,-4.96
511649,1701,35464,167,99355,35.00,-7.25,-4.96
511671,1693,36232,174,99448,35.00,-7.23,-4.97
511693,1875,35464,173,99493,35.00,-7.25,-4.96
511715,1961,36232,169,99542,35.00,-7.22,-4.97
511737,2038,36232,157,99606,35.00,-7.23,-4.95
511759,2083,36232,141,99655,35.00,-7.24,-4.96
511781,1896,36232,137,99685,35.00,-7.24,-4.95
511803,1765,36232,135,99582,35.00,-7.23,-4.96
511825,1595,36232,151,99279,35.00,-7.25,-4.98
511867,1494,36232,151,98302,35.00,-7.21,-4.96
511889,1501,36232,165,98166,35.00,-7.26,-4.97
511911,1555,36232,170,98015,35.00,-7.25,-5.03
511933,1669,36232,169,97886,35.00,-7.26,-4.97
511955,1827,35464,165,97785,35.00,-7.24,-4.98
511977,1849,36232,150,97761,35.00,-7.21,-4.97
511999,1909,36232,140,97833,35.00,-7.23,-5.02
512021,1767,35464,127,97968,35.00,-7.24,-4.97
512043,1641,35464,134,98102,35.00,-7.23,-4.98
512065,1541,35464,139,98203,35.00,-7.24,-4.99
512087,1405,36232,141,98256,35.00,-7.22,-4.96
512128,1331,36232,157,98416,35.00,-7.25,-5.01
512150,1324,35464,160,98502,35.00,-7.19,-5.00
512172,1369,35464,163,98575,35.00,-7.23,-5.00
512194,1500,35464,163,98626,35.00,-7.25,-4.97
512216,1637,35464,152,98691,35.00,-7.24,-4.99
512238,1754,35464,141,98749,35.00,-7.22,-4.97
512260,1704,35464,124,98831,35.00,-7.24,-4.97
512282,1717,35464,121,98887,35.00,-7.25,-4.98
512304,1515,35464,120,98930,35.00,-7.21,-4.97
512326,1364,35464,121,98963,35.00,-7.22,-4.97
512368,1260,36232,136,99037,35.00,-7.24,-4.98
512390,1149,35464,145,99030,35.00,-7.21,-4.99
512412,1286,36232,153,99029,35.00,-7.25,-4.97
512434,1421,36232,155,99042,35.00,-7.26,-4.98
512456,1609,35464,139,99073,35.00,-7.20,-4.99
512478,1789,36232,143,99128,35.00,-7.23,-4.97
512500,1902,36232,123,99180,35.00,-7.24,-4.96
512522,1892,36232,121,99219,35.00,-7.22,-4.95
512544,1817,36232,119,99243,35.00,-7.22,-5.00
512566,1653,36232,137,99214,35.00,-7.23,-4.98
512588,1620,36232,135,99037,35.00,-7.28,-4.97
512629,1647,36232,157,98039,35.00,-7.23,-4.97
512651,1647,36232,157,97855,35.00,-7.24,-4.97
512673,1719,36232,169,97710,35.00,-7.22,-4.98
512695,1891,36232,165,97628,35.00,-7.22,-4.92
512717,2059,35464,165,97580,35.00,-7.22,-4.97
512739,2146,35464,149,97564,35.00,-7.27,-4.95
512761,2168,36232,147,97602,35.00,-7.24,-4.94
512783,2119,36232,134,97681,35.00,-7.23,-4.96
512805,2093,36232,139,97830,35.00,-7.25,-4.97
512827,1927,36232,141,97937,35.00,-7.23,-4.97
512870,1774,36232,158,98099,35.00,-7.22,-4.95
512892,1863,36232,173,98167,35.00,-7.25,-4.97
512914,1929,36232,180,98239,35.00,-7.23,-4.93
512936,2008,36232,175,98303,35.00,-7.22,-4.97
512958,2103,36232,169,98367,35.00,-7.27,-4.93
512980,2152,36232,157,98449,35.00,-7.22,-4.97
513389,2129,36232,146,98519,36.45,-7.24,-4.98
513431,1462,36232,151,97679,35.00,-7.21,-5.01
513453,1582,36232,159,97565,35.00,-7.24,-4.91
513475,1544,36232,171,97475,35.00,-7.25,-4.95
513497,1757,36232,165,97446,35.00,-7.24,-5.00
513519,1849,36232,163,97451,35.00,-7.26,-4.98
513541,1939,36232,145,97478,35.00,-7.22,-4.96
513563,1919,36232,139,97594,35.00,-7.22,-4.97
513585,1849,36232,125,97737,35.00,-7.25,-4.96
513607,1719,36232,135,97865,35.00,-7.27,-4.97
513629,1559,36232,139,97951,35.00,-7.27,-4.95
513672,1449,36232,153,98087,35.00,-7.24,-4.95
513694,1498,36232,163,98165,35.00,-7.24,-4.99
513716,1567,36232,169,98237,35.00,-7.22,-4.97
513738,1707,36232,163,98285,35.00,-7.22,-4.98
513760,1895,36232,165,98328,35.00,-7.19,-5.01
513782,1931,36232,137,98381,35.00,-7.23,-4.96
513804,1927,36232,135,98462,35.00,-7.28,-4.98
513826,1813,36232,125,98564,35.00,-7.22,-5.00
513848,1723,36232,133,98639,35.00,-7.21,-4.96
513870,1577,36232,141,98698,35.00,-7.22,-4.94
513912,1477,36232,152,98884,35.00,-7.25,-4.95
513934,1452,36232,159,98924,35.00,-7.23,-4.98
513956,1542,36232,165,98953,35.00,-7.24,-4.93
513978,1695,36232,167,98987,35.00,-7.22,-4.94
514411,1806,36232,157,98999,36.40,-7.27,-4.97
514453,1511,36232,149,98297,35.00,-7.23,-4.97
514475,1553,36232,157,98382,35.00,-7.25,-4.92
514497,1640,36232,167,98465,35.00,-7.25,-5.00
514519,1828,36744,163,98546,35.00,-7.22,-4.97
514541,1898,36232,155,98611,35.00,-7.21,-4.95
514563,1959,36744,141,98652,35.00,-7.21,-4.98
514585,2004,36744,135,98679,35.00,-7.25,-4.99
514607,1909,36744,123,98717,35.00,-7.22,-4.94
514629,1759,36744,127,98748,35.00,-7.25,-4.98
514651,1640,36744,135,98806,35.00,-7.23,-4.97
514673,1486,36744,149,98863,35.00,-7.22,-4.98
514714,1451,36744,155,98945,35.00,-7.24,-4.97
514736,1498,36744,155,98992,35.00,-7.26,-4.97
514758,1575,36744,165,99061,35.00,-7.26,-4.98
514780,1754,36744,163,99100,35.00,-7.27,-4.98
514802,1865,36744,153,99144,35.00,-7.25,-4.94
514824,1933,36744,137,99169,35.00,-7.25,-4.93
514846,1995,36744,135,99202,35.00,-7.25,-4.97
514868,1881,36744,125,99185,35.00,-7.26,-5.00
514890,1772,36744,127,98972,35.00,-7.24,-5.00
514912,1704,36232,141,98615,35.00,-7.23,-4.98
514955,1625,36744,153,97808,35.00,-7.24,-4.97
514977,1673,36232,166,97699,35.00,-7.23,-4.96
514999,1767,36744,175,97629,35.00,-7.28,-4.92
515021,1853,36744,159,97575,35.00,-7.24,-4.99
515043,2007,36744,158,97599,35.00,-7.24,-4.98
515065,2087,36744,139,97681,35.00,-7.28,-4.93
515087,1982,36744,137,97830,35.00,-7.27,-4.97
515109,1876,36232,125,97993,35.00,-7.24,-4.93
515131,1759,36744,139,98126,35.00,-7.23,-4.94
515153,1598,36744,141,98208,35.00,-7.25,-4.98
515195,1555,36744,159,98373,35.00,-7.23,-4.98
515217,1563,36744,163,98435,35.00,-7.23,-4.97
515239,1562,36744,165,98517,35.00,-7.26,-4.95
515261,1749,36744,168,98584,35.00,-7.21,-5.00
515283,1830,36744,151,98637,35.00,-7.24,-4.97
515305,1943,36744,151,98705,35.00,-7.29,-4.97
515327,1908,36744,134,98797,35.00,-7.27,-4.94
515349,1874,36744,126,98872,35.00,-7.25,-4.96
515371,1708,36744,133,98918,35.00,-7.27,-4.96
515393,1609,36744,139,98963,35.00,-7.22,-4.95
515415,1506,36744,154,99030,35.00,-7.30,-4.93
515456,1480,36744,165,99198,35.00,-7.24,-5.00
515478,1529,36744,164,99262,35.00,-7.24,-5.00
515500,1672,36744,171,99332,35.00,-7.23,-4.95
515522,1813,36744,159,99406,35.00,-7.27,-4.94
515544,2079,36744,159,99468,35.00,-7.24,-4.96
515566,1992,36744,141,99511,35.00,-7.29,-4.94
515588,2011,36744,137,99530,35.00,-7.26,-4.92
515610,1864,36744,125,99439,35.00,-7.20,-5.01
515632,1743,36744,133,99162,35.00,-7.19,-4.99
515654,1573,36744,141,98773,35.00,-7.24,-4.97
515696,1499,36744,151,98046,35.00,-7.25,-4.96
515718,1495,36744,163,97920,35.00,-7.23,-4.98
515740,1563,36744,167,97835,35.00,-7.21,-4.98
515762,1751,36744,167,97801,35.00,-7.22,-4.94
515784,1803,36744,159,97800,35.00,-7.27,-4.99
515806,1961,36744,145,97887,35.00,-7.27,-4.95
515828,1935,36744,139,98039,35.00,-7.23,-4.96
515850,1823,36744,124,98200,35.00,-7.26,-4.92
515872,1740,36744,126,98312,35.00,-7.24,-4.99
515894,1606,36744,139,98362,35.00,-7.25,-4.95
515916,1524,36744,152,98409,35.00,-7.22,-4.97
515957,1542,36744,159,98566,35.00,-7.26,-4.97
515979,1597,36744,165,98626,35.00,-7.25,-4.97
516711,1653,36744,174,98690,36.16,-7.22,-4.99
516739,1812,36936,133,98452,35.00,-7.24,-4.96
516761,1549,36936,165,98520,35.00,-7.24,-4.96
516783,1677,36936,169,98593,35.00,-7.24,-5.00
516805,1813,36936,162,98668,35.00,-7.22,-4.97
516827,1967,36936,155,98723,35.00,-7.25,-5.00
516849,1961,36936,135,98766,35.00,-7.23,-4.94
516871,1914,36936,140,98846,35.00,-7.25,-5.02
516893,1851,36936,127,98904,35.00,-7.25,-4.96
516915,1689,36936,141,98958,35.00,-7.24,-4.93
516937,1576,36936,151,99013,35.00,-7.24,-4.97
516980,1531,36936,160,99175,35.00,-7.23,-4.94
517734,1656,36936,171,99225,36.01,-7.24,-4.98
517761,1714,37448,125,99369,35.00,-7.24,-4.97
517783,1527,37448,165,99411,35.00,-7.25,-4.95
517805,1617,37448,167,99406,35.00,-7.26,-4.97
517827,1748,37448,159,99261,35.00,-7.25,-4.92
517849,1917,37448,158,98939,35.00,-7.24,-4.96
517871,1920,37448,136,98564,35.00,-7.22,-4.94
517893,1899,37448,137,98266,35.00,-7.23,-4.95
517915,1827,37448,123,98060,35.00,-7.23,-4.96
517937,1721,37448,135,97901,35.00,-7.23,-4.99
517959,1623,37448,138,97798,35.00,-7.24,-4.97
517981,1525,37448,159,97705,35.00,-7.24,-4.97
518022,1559,37448,164,97703,35.00,-7.19,-4.96
518044,1625,37448,169,97844,35.00,-7.26,-4.96
518066,1709,37448,166,97984,35.00,-7.32,-5.00
518088,1852,37448,159,98064,35.00,-7.25,-4.97
518110,1979,37448,151,98109,35.00,-7.26,-4.94
518132,1989,37448,137,98140,35.00,-7.25,-4.98
518154,1930,37448,134,98191,35.00,-7.25,-4.99
518176,1819,37448,133,98262,35.00,-7.22,-4.98
518198,1720,37448,137,98318,35.00,-7.24,-4.93
518220,1547,37448,147,98370,35.00,-7.22,-4.97
518263,1435,37448,167,98583,35.00,-7.24,-4.95
518285,1645,37448,170,98637,35.00,-7.24,-4.97
518307,1749,37448,171,98690,35.00,-7.24,-4.98
518329,1861,37448,157,98739,35.00,-7.26,-4.94
518351,1965,37448,157,98806,35.00,-7.24,-4.98
518373,2013,37448,137,98864,35.00,-7.22,-5.00
518395,1891,37448,135,98917,35.00,-7.26,-4.95
518417,1696,38216,124,98970,35.00,-7.24,-4.96
518439,1597,38216,142,98995,35.00,-7.22,-4.93
518461,1518,38216,147,99064,35.00,-7.21,-4.96
518503,1477,38216,171,99274,35.00,-7.24,-5.01
518525,1545,37448,169,99310,35.00,-7.25,-5.02
518547,1699,37448,167,99320,35.00,-7.20,-4.93
518569,1822,37448,167,99168,35.00,-7.25,-4.95
518591,1911,37448,151,98854,35.00,-7.24,-4.95
518613,2039,38216,141,98489,35.00,-7.22,-4.97
518635,1981,38216,134,98234,35.00,-7.23,-4.98
518657,1803,37448,133,98060,35.00,-7.23,-4.95
518679,1671,38216,137,97926,35.00,-7.25,-4.94
518701,1583,37448,137,97837,35.00,-7.23,-4.98
518744,1467,37448,157,97784,35.00,-7.27,-4.92
518766,1637,37448,173,97912,35.00,-7.23,-5.00
518788,1695,37448,169,98077,35.00,-7.24,-5.01
518810,1791,38216,155,98213,35.00,-7.24,-4.96
518832,1994,38216,149,98311,35.00,-7.23,-5.00
518854,1895,37448,136,98370,35.00,-7.21,-4.96
518876,1929,38216,125,98447,35.00,-7.22,-4.95
518898,1805,38216,121,98527,35.00,-7.26,-4.94
518920,1647,38216,139,98612,35.00,-7.24,-4.95
518942,1575,37448,148,98699,35.00,-7.25,-4.98
518984,1553,37448,165,98987,35.00,-7.25,-5.00
519523,1619,37448,169,99054,35.66,-7.23,-4.98
519566,1507,37448,155,98695,35.00,-7.21,-4.96
519588,1609,37448,164,98788,35.00,-7.24,-4.94
519610,1767,38216,169,98857,35.00,-7.21,-4.94
519632,1993,38216,157,98914,35.00,-7.23,-4.98
519654,2079,37448,151,98977,35.00,-7.21,-4.96
519676,1979,37448,135,99041,35.00,-7.25,-4.98
519698,1917,37448,126,99120,35.00,-7.23,-4.97
519720,1821,37448,133,99205,35.00,-7.25,-4.98
519742,1733,37448,143,99277,35.00,-7.22,-4.98
519764,1606,37448,149,99352,35.00,-7.25,-4.97
519806,1549,37448,163,99586,35.00,-7.24,-4.97
519828,1644,37448,171,99649,35.00,-7.25,-4.96
519850,1737,37448,169,99718,35.00,-7.26,-4.99
519872,1819,37448,163,99781,35.00,-7.23,-4.99
519894,1940,37448,151,99844,35.00,-7.24,-4.93
519916,1978,37448,142,99881,35.00,-7.24,-4.97
519938,1927,38216,135,99949,35.00,-7.27,-4.99
519960,1750,38216,133,100020,35.00,-7.23,-4.96
519982,1663,38216,147,100086,35.00,-7.23,-4.93
520545,1576,37448,146,100149,35.67,-7.25,-4.97
520575,1529,37448,165,99733,35.00,-7.25,-5.01
520597,1847,38216,136,99783,35.00,-7.20,-4.96
520619,1895,38216,136,99841,35.00,-7.24,-4.99
520641,1773,38216,125,99897,35.00,-7.27,-5.00
520663,1587,38216,127,99932,35.00,-7.24,-4.93
520685,1479,38216,145,99980,35.00,-7.25,-4.92
520707,1439,38216,157,100033,35.00,-7.22,-4.97
520748,1513,38216,168,100217,35.00,-7.22,-4.98
520770,1541,38216,167,100251,35.00,-7.21,-4.93
520792,1645,38216,167,100274,35.00,-7.22,-4.93
520814,1833,38216,155,100236,35.00,-7.23,-4.97
520836,1893,38216,147,100031,35.00,-7.24,-4.99
520858,1831,38216,136,99693,35.00,-7.24,-4.91
520880,1817,38216,133,99322,35.00,-7.24,-4.96
520902,1691,38216,124,99029,35.00,-7.24,-4.93
520924,1659,38216,139,98814,35.00,-7.20,-4.93
520946,1517,38216,141,98664,35.00,-7.25,-5.01
520968,1389,38216,155,98548,35.00,-7.22,-4.99
521568,1493,38216,167,98487,35.85,-7.23,-4.97
521611,1524,38728,160,99114,35.00,-7.22,-4.95
521633,1684,38728,165,98827,35.00,-7.21,-4.96
521655,1803,38728,159,98633,35.00,-7.24,-4.98
521677,1961,38728,150,98481,35.00,-7.23,-4.99
521699,1991,38728,139,98382,35.00,-7.28,-4.99
521721,1931,38216,133,98307,35.00,-7.23,-4.98
521743,1827,38216,125,98281,35.00,-7.25,-4.96
521765,1659,38216,135,98315,35.00,-7.24,-4.98
521787,1584,38216,143,98389,35.00,-7.26,-4.98
521809,1495,38216,155,98516,35.00,-7.26,-4.95
521851,1495,38216,159,98731,35.00,-7.25,-4.98
521873,1705,38216,171,98761,35.00,-7.24,-4.98
521895,1815,38216,166,98807,35.00,-7.23,-4.98
521917,1909,38216,160,98856,35.00,-7.24,-4.92
521939,2019,38216,143,98935,35.00,-7.20,-4.96
521961,1976,38728,139,98993,35.00,-7.23,-4.97
521983,1947,38728,125,99073,35.00,-7.22,-5.00
522590,1723,38728,127,99130,35.85,-7.22,-4.97
522621,1439,38728,159,98667,35.00,-7.24,-4.95
522643,1829,38728,125,98717,35.00,-7.28,-5.01
522665,1734,38728,127,98788,35.00,-7.24,-4.98
522687,1588,38728,123,98854,35.00,-7.26,-4.95
522709,1497,38728,137,98911,35.00,-7.22,-4.97
522731,1403,38728,152,98983,35.00,-7.25,-4.96
522773,1419,38728,157,99232,35.00,-7.21,-4.98
522795,1559,38728,164,99297,35.00,-7.24,-5.02
522817,1687,38728,165,99357,35.00,-7.25,-4.95
522839,1829,38728,151,99429,35.00,-7.26,-4.98
522861,1935,38728,141,99478,35.00,-7.24,-5.01
522883,1907,38728,127,99537,35.00,-7.20,-4.95
522905,1863,38728,121,99575,35.00,-7.23,-4.99
522927,1733,38728,126,99626,35.00,-7.26,-4.97
522949,1578,38728,141,99685,35.00,-7.22,-4.95
522971,1597,38728,151,99749,35.00,-7.24,-4.96
522993,1597,38728,165,99813,35.00,-7.23,-4.96
523034,1701,38728,171,99951,35.00,-7.24,-4.98
523056,1742,38728,169,99834,35.00,-7.21,-4.97
523078,1863,38728,164,99535,35.00,-7.23,-4.97
523100,1989,38728,153,99155,35.00,-7.21,-4.97
523122,2079,38728,143,98825,35.00,-7.22,-4.94
523144,2003,38728,135,98587,35.00,-7.20,-4.95
523166,1877,38728,127,98427,35.00,-7.21,-5.00
523188,1767,38728,133,98295,35.00,-7.23,-4.96
523210,1717,38728,151,98204,35.00,-7.21,-4.96
523232,1629,38728,162,98158,35.00,-7.25,-4.97
523275,1588,38728,171,98354,35.00,-7.24,-4.97
523297,1772,38728,167,98506,35.00,-7.25,-4.96
523319,1855,38728,167,98610,35.00,-7.24,-4.97
523341,1992,38728,157,98656,35.00,-7.22,-4.98
523363,1971,39112,143,98707,35.00,-7.22,-4.97
523385,1931,38728,134,98750,35.00,-7.22,-4.96
523407,1813,38728,133,98804,35.00,-7.20,-4.96
523429,1677,38728,136,98861,35.00,-7.20,-4.97
523451,1527,38728,149,98921,35.00,-7.25,-4.97
523473,1515,38728,165,98977,35.00,-7.23,-4.98
523515,1497,38728,169,99211,35.00,-7.24,-4.97
523537,1653,38728,171,99268,35.00,-7.23,-4.97
523559,1709,38728,157,99343,35.00,-7.23,-4.98
523581,1721,39112,151,99407,35.00,-7.25,-4.96
523603,1727,39112,136,99462,35.00,-7.24,-4.97
523625,1739,39112,133,99502,35.00,-7.24,-4.97
523647,1647,39112,120,99555,35.00,-7.25,-4.98
523669,1465,39112,121,99616,35.00,-7.22,-4.97
523691,1354,39112,136,99686,35.00,-7.28,-4.95
523713,1291,38728,152,99756,35.00,-7.26,-4.98
523735,1382,38728,163,99837,35.00,-7.19,-4.96
523776,1528,38728,165,99937,35.00,-7.22,-4.99
523798,1659,38728,166,99854,35.00,-7.25,-4.97
523820,1865,39112,155,99562,35.00,-7.25,-4.94
523842,2008,39112,149,99169,35.00,-7.23,-4.96
523864,2021,39112,135,98816,35.00,-7.23,-4.96
523886,1975,38728,133,98565,35.00,-7.22,-4.93
523908,1989,38728,123,98403,35.00,-7.22,-5.01
523930,1805,38728,137,98277,35.00,-7.27,-5.02
523952,1641,39112,137,98198,35.00,-7.26,-4.96
523974,1591,38728,162,98136,35.00,-7.25,-5.01
524378,1598,38728,159,98307,35.95,-7.25,-4.98
524417,1931,38728,169,99722,35.00,-7.23,-4.95
524439,1799,39112,169,99790,35.00,-7.22,-4.97
524461,1907,39112,166,99849,35.00,-7.25,-4.96
524483,1995,39112,154,99918,35.00,-7.21,-4.96
524505,2063,38728,140,99965,35.00,-7.22,-4.94
524527,1959,39112,138,100009,35.00,-7.27,-5.01
524549,1833,39112,133,99966,35.00,-7.21,-4.99
524571,1631,39112,137,99761,35.00,-7.24,-4.95
524593,1491,39112,145,99388,35.00,-7.25,-4.96
524615,1338,38728,151,99003,35.00,-7.22,-4.99
524637,1379,38728,160,98751,35.00,-7.25,-4.97
524678,1499,38728,165,98388,35.00,-7.23,-4.96
524700,1514,39112,157,98351,35.00,-7.24,-4.93
524722,1618,38728,150,98348,35.00,-7.22,-4.95
524744,1717,39112,142,98405,35.00,-7.23,-4.97
524766,1725,38728,125,98531,35.00,-7.21,-4.96
524788,1657,39112,123,98644,35.00,-7.25,-4.99
524810,1553,39112,123,98749,35.00,-7.23,-5.01
524832,1483,38728,125,98779,35.00,-7.26,-4.94
524854,1433,39112,135,98815,35.00,-7.25,-4.94
524876,1428,38728,155,98839,35.00,-7.23,-4.99
524919,1494,39112,153,98993,35.00,-7.25,-4.97
524941,1801,38728,159,99062,35.00,-7.29,-4.95
524963,1885,39112,159,99139,35.00,-7.27,-4.99
524985,1929,38728,142,99202,35.00,-7.22,-4.96
525401,1983,38728,125,99271,37.24,-7.25,-4.96
525440,1821,38728,167,98162,35.00,-7.21,-4.99
525462,1773,38728,173,98165,35.00,-7.22,-4.96
525484,1860,38728,154,98240,35.00,-7.23,-4.93
525506,1879,38728,154,98366,35.00,-7.21,-5.00
525528,1941,38728,137,98504,35.00,-7.25,-5.00
525550,1877,38728,125,98596,35.00,-7.26,-4.99
525572,1693,38728,133,98655,35.00,-7.21,-4.97
525594,1435,39112,131,98700,35.00,-7.27,-4.94
525616,1455,39112,148,98733,35.00,-7.23,-4.97
525638,1501,38728,163,98759,35.00,-7.22,-4.98
525680,1547,38728,168,98937,35.00,-7.26,-4.93
525702,1711,38728,170,98978,35.00,-7.25,-4.94
525724,1977,38728,159,99038,35.00,-7.24,-4.97
525746,1867,38728,159,99099,35.00,-7.24,-4.98
525768,2147,38728,153,99159,35.00,-7.25,-4.97
525790,2078,39112,135,99223,35.00,-7.22,-4.98
525812,1873,39112,135,99259,35.00,-7.24,-4.98
525834,1639,38728,141,99295,35.00,-7.24,-4.97
525856,1529,39112,141,99337,35.00,-7.27,-4.97
525878,1553,38728,163,99369,35.00,-7.24,-4.98
525900,1672,38728,169,99428,35.00,-7.20,-4.98
525941,1749,38728,173,99590,35.00,-7.23,-4.96
525963,1822,38728,165,99636,35.00,-7.25,-5.01
525985,2003,39112,163,99658,35.00,-7.24,-4.93
526423,1913,39112,149,99617,35.92,-7.26,-4.94
526462,1814,38728,167,99075,35.00,-7.24,-4.98
526484,1591,39112,171,99157,35.00,-7.26,-4.92
526506,1701,38728,157,99229,35.00,-7.23,-4.97
526528,1813,39112,153,99304,35.00,-7.20,-4.99
526550,1749,39112,125,99368,35.00,-7.24,-5.00
526572,1661,39112,123,99417,35.00,-7.27,-4.98
526594,1530,39112,123,99472,35.00,-7.22,-4.96
526616,1369,39112,126,99538,35.00,-7.25,-4.96
526638,1243,39112,143,99604,35.00,-7.25,-4.94
526660,1275,38728,149,99686,35.00,-7.25,-4.97
526682,1321,38728,163,99750,35.00,-7.26,-4.93
526723,1379,39112,151,99743,35.00,-7.20,-4.96
526745,1576,39112,155,99489,35.00,-7.23,-4.93
526767,1734,39112,142,99127,35.00,-7.22,-4.96
526789,1821,39112,138,98771,35.00,-7.22,-4.94
526811,1839,39112,124,98533,35.00,-7.22,-4.99
526833,1748,39112,117,98379,35.00,-7.24,-4.97
526855,1643,39112,119,98271,35.00,-7.21,-4.98
526877,1495,38728,135,98183,35.00,-7.25,-4.99
526899,1437,38728,140,98125,35.00,-7.22,-4.95
526921,1496,38728,157,98113,35.00,-7.23,-4.94
526963,1589,38728,159,98428,35.00,-7.25,-4.94
526985,1653,39112,157,98508,35.00,-7.23,-4.96
527701,1804,39112,153,98571,36.76,-7.26,-4.97
527725,1621,38728,173,98608,35.00,-7.24,-4.96
527747,1897,39112,173,98636,35.00,-7.21,-4.92
527769,1909,39112,167,98662,35.00,-7.26,-4.97
527791,1817,39112,141,98703,35.00,-7.19,-4.96
527813,1915,39112,141,98757,35.00,-7.23,-4.94
527835,1819,39112,126,98803,35.00,-7.22,-4.93
527857,1583,39112,125,98870,35.00,-7.22,-4.97
527879,1366,39112,139,98927,35.00,-7.23,-4.97
527901,1388,39112,155,98980,35.00,-7.24,-4.97
527923,1389,39112,164,99044,35.00,-7.23,-4.96
527945,1384,39112,166,99118,35.00,-7.24,-5.01
527986,1406,39112,157,99251,35.00,-7.26,-4.98
528724,1641,38728,152,99327,36.03,-7.21,-4.93
528749,1689,39112,175,99386,35.00,-7.25,-4.96
528771,1991,39112,160,99441,35.00,-7.29,-4.92
528793,2079,39112,155,99504,35.00,-7.21,-4.96
528815,2016,39112,140,99567,35.00,-7.26,-5.00
528837,2071,39112,141,99646,35.00,-7.22,-4.95
528859,1852,39112,145,99662,35.00,-7.24,-4.98
528881,1641,39112,153,99597,35.00,-7.24,-4.97
528903,1653,39112,165,99354,35.00,-7.25,-4.96
528925,1629,39112,171,98982,35.00,-7.26,-4.99
528947,1615,39112,175,98633,35.00,-7.24,-5.00
528988,1715,39112,171,98123,35.00,-7.23,-4.96
529747,1613,39112,165,98026,35.32,-7.21,-4.96
529772,1735,38728,169,98344,35.00,-7.25,-4.95
529794,2167,38728,151,98425,35.00,-7.23,-5.03
529816,2147,39112,139,98549,35.00,-7.22,-4.97
529838,2059,38728,135,98660,35.00,-7.23,-4.96
529860,2019,39112,133,98723,35.00,-7.24,-4.99
529882,1804,39112,137,98763,35.00,-7.19,-4.96
529904,1681,39112,148,98808,35.00,-7.23,-4.97
529926,1705,39112,159,98849,35.00,-7.21,-4.98
529948,1749,38728,172,98897,35.00,-7.20,-4.98
529991,1754,38728,165,99096,35.00,-7.24,-5.00
530514,1899,38728,157,99171,35.36,-7.22,-4.97
530552,1901,38728,149,98894,35.00,-7.27,-4.97
530574,1869,39112,155,98980,35.00,-7.24,-4.96
530596,1943,39112,149,99018,35.00,-7.26,-4.95
530618,1909,39112,134,99042,35.00,-7.24,-4.93
530640,1929,39112,124,99085,35.00,-7.25,-4.93
530662,1801,39112,125,99130,35.00,-7.22,-4.97
530684,1671,39112,141,99194,35.00,-7.24,-4.99
530706,1607,39112,151,99246,35.00,-7.21,-4.98
530728,1577,39112,170,99308,35.00,-7.24,-4.94
530750,1654,38728,168,99376,35.00,-7.20,-5.01
530792,1739,39112,169,99587,35.00,-7.24,-4.97
530814,1913,39112,165,99647,35.00,-7.22,-4.98
530836,2103,39112,159,99714,35.00,-7.22,-4.96
530858,2100,39112,137,99767,35.00,-7.25,-5.00
530880,2057,39112,139,99827,35.00,-7.25,-4.96
530902,1897,39112,133,99876,35.00,-7.25,-4.95
530924,1764,39112,149,99915,35.00,-7.22,-4.99
530946,1605,39112,151,99960,35.00,-7.21,-4.98
530968,1575,39112,167,100022,35.00,-7.24,-4.96
530990,1658,39112,169,100094,35.00,-7.30,-4.97
531536,1811,39112,176,100164,36.23,-7.24,-4.98
531574,1763,38728,141,99747,35.00,-7.27,-4.96
531596,1755,38728,153,99815,35.00,-7.22,-4.95
531618,1779,39112,145,99865,35.00,-7.21,-4.96
531640,1829,38728,133,99911,35.00,-7.23,-4.95
531662,1827,38728,121,99965,35.00,-7.28,-4.96
531684,1673,38728,125,100019,35.00,-7.24,-4.95
531706,1483,38728,127,100083,35.00,-7.26,-4.94
531728,1545,38728,149,100152,35.00,-7.20,-4.98
531750,1484,38728,159,100202,35.00,-7.25,-4.98
531772,1528,38728,166,100240,35.00,-7.23,-4.93
531794,1671,38728,164,100262,35.00,-7.23,-4.97
531835,1869,38728,159,99486,35.00,-7.23,-4.95
531857,2014,38728,155,99162,35.00,-7.23,-4.95
531879,2056,38728,145,98942,35.00,-7.24,-4.98
531901,2043,38728,135,98815,35.00,-7.23,-4.98
531923,1995,38728,132,98727,35.00,-7.23,-4.98
531945,1835,38728,127,98672,35.00,-7.24,-4.96
531967,1743,38728,145,98644,35.00,-7.22,-4.97
531989,1635,38728,149,98667,35.00,-7.26,-4.94
532559,1604,38728,167,98747,36.27,-7.25,-4.98
532597,1973,38728,140,98661,35.00,-7.25,-4.96
532619,1897,38728,153,98532,35.00,-7.21,-4.95
532641,1865,38728,146,98459,35.00,-7.22,-4.97
532663,1911,38728,125,98393,35.00,-7.30,-4.98
532685,1875,38728,135,98355,35.00,-7.23,-4.99
532707,1743,38728,135,98364,35.00,-7.24,-4.95
532729,1541,38728,142,98443,35.00,-7.30,-4.99
532751,1497,38728,155,98577,35.00,-7.26,-4.95
532773,1497,38728,166,98697,35.00,-7.23,-4.96
532795,1620,38728,170,98767,35.00,-7.23,-4.98
532837,1781,38728,171,98873,35.00,-7.22,-4.96
532859,1883,38728,165,98914,35.00,-7.26,-5.00
532881,1903,38728,149,98968,35.00,-7.29,-4.98
532903,1967,38728,143,99036,35.00,-7.23,-4.94
532925,1846,38728,126,99102,35.00,-7.22,-4.99
532947,1753,38728,137,99185,35.00,-7.25,-4.95
532969,1619,38728,141,99254,35.00,-7.25,-4.96
532991,1567,38728,152,99328,35.00,-7.27,-4.96
533581,1491,38728,163,99397,35.70,-7.25,-4.95
533619,2163,39112,141,98990,35.00,-7.19,-4.96
533641,2196,39112,159,99068,35.00,-7.22,-4.95
533663,2248,39112,151,99127,35.00,-7.27,-4.96
533685,2252,39112,142,99192,35.00,-7.23,-4.96
533707,2269,39112,143,99255,35.00,-7.24,-4.91
533729,2077,39112,141,99314,35.00,-7.21,-4.96
533751,2029,39112,154,99379,35.00,-7.23,-4.99
533773,1916,39112,169,99425,35.00,-7.22,-4.97
533795,1955,39112,174,99476,35.00,-7.24,-4.96
533817,1971,39112,185,99535,35.00,-7.24,-4.95
533839,2056,39112,179,99589,35.00,-7.24,-5.01
533880,2199,39112,170,99715,35.00,-7.24,-4.97
533902,2167,39112,169,99788,35.00,-7.25,-4.97
533924,2197,39112,153,99849,35.00,-7.26,-4.97
533946,2156,39112,147,99895,35.00,-7.20,-4.96
533968,1907,39112,138,99931,35.00,-7.23,-4.95
533990,1699,39112,143,99857,35.00,-7.22,-4.98
534352,1661,39112,154,99597,35.64,-7.21,-5.00
534381,1235,39112,141,99272,35.00,-7.23,-4.96
534403,1805,39112,141,99353,35.00,-7.23,-4.99
534425,1799,39112,133,99429,35.00,-7.24,-4.94
534447,1541,39112,116,99512,35.00,-7.24,-4.96
534469,1594,39112,119,99578,35.00,-7.25,-4.95
534491,1463,39112,121,99637,35.00,-7.24,-4.97
534513,1415,39112,141,99702,35.00,-7.26,-4.96
534535,1386,39112,155,99763,35.00,-7.22,-4.98
534557,1438,39112,165,99801,35.00,-7.26,-4.97
534579,1435,39112,163,99838,35.00,-7.24,-4.95
534622,1639,39112,165,100014,35.00,-7.23,-4.95
534644,2039,39112,148,100080,35.00,-7.22,-4.98
534666,2011,39112,133,100153,35.00,-7.24,-4.97
534688,1907,39112,123,100178,35.00,-7.26,-4.98
534710,1759,39112,123,100200,35.00,-7.26,-4.99
534732,1683,39112,135,100128,35.00,-7.26,-4.98
534754,1543,39112,141,99893,35.00,-7.25,-5.01
534776,1609,39112,155,99526,35.00,-7.23,-4.93
534798,1671,39112,163,99211,35.00,-7.24,-4.95
534820,1497,39112,157,99000,35.00,-7.21,-4.98
534862,1790,39112,153,98833,35.00,-7.26,-4.95
534884,1979,38728,149,98837,35.00,-7.25,-4.98
534906,2006,38728,137,98892,35.00,-7.25,-4.97
534928,1868,38728,123,99000,35.00,-7.19,-4.97
534950,1877,38728,125,99122,35.00,-7.24,-4.96
534972,1805,38728,126,99200,35.00,-7.18,-4.96
534994,1539,38728,143,99261,35.00,-7.25,-4.96
535370,1383,38728,149,99304,36.10,-7.24,-4.95
535403,2083,38728,136,100376,35.00,-7.25,-4.97
535425,2183,38728,163,100425,35.00,-7.21,-4.96
535447,2142,39112,149,100458,35.00,-7.20,-4.95
535469,2251,39112,151,100381,35.00,-7.22,-4.97
535491,2213,38728,143,100120,35.00,-7.22,-4.96
535513,2074,39112,145,99770,35.00,-7.22,-4.92
535535,1909,39112,155,99433,35.00,-7.22,-4.99
535557,1753,38728,169,99235,35.00,-7.26,-4.97
535579,1781,38728,171,99139,35.00,-7.22,-4.93
535601,1861,38728,181,99106,35.00,-7.24,-5.02
535623,1951,38728,179,99073,35.00,-7.22,-4.97
535664,2107,38728,173,99239,35.00,-7.20,-4.98
535686,2224,38728,168,99335,35.00,-7.24,-5.00
535708,2237,38728,155,99403,35.00,-7.23,-4.98
535730,2059,38728,152,99433,35.00,-7.21,-4.99
535752,1908,39112,151,99454,35.00,-7.26,-4.94
535774,1783,39112,148,99483,35.00,-7.23,-4.96
535796,1765,39112,163,99538,35.00,-7.29,-4.99
535818,1523,39112,175,99589,35.00,-7.21,-4.95
535840,1349,38728,175,99647,35.00,-7.25,-4.97
535862,1527,38728,175,99701,35.00,-7.23,-4.97
535905,1751,38728,197,99880,35.00,-7.24,-4.98
535927,1765,38728,149,99955,35.00,-7.23,-4.99
535949,1843,39112,140,100029,35.00,-7.24,-4.98
535971,1811,39112,139,100080,35.00,-7.23,-4.96
535993,1553,39112,135,100132,35.00,-7.20,-4.95
536392,1459,39112,139,100178,36.04,-7.22,-4.96
536426,1783,39112,115,99295,35.00,-7.22,-4.96
536448,1767,39112,133,99371,35.00,-7.22,-4.96
536470,1785,39112,117,99420,35.00,-7.23,-4.93
536492,1720,39112,116,99432,35.00,-7.23,-4.93
536514,1755,39112,115,99463,35.00,-7.25,-4.95
536536,1607,39112,127,99497,35.00,-7.25,-4.97
536558,1588,39112,138,99553,35.00,-7.20,-4.94
536580,1359,39112,141,99605,35.00,-7.24,-4.97
536602,1583,38728,156,99655,35.00,-7.25,-4.98
536624,1718,38728,153,99704,35.00,-7.21,-4.96
536666,1860,38728,151,99832,35.00,-7.21,-4.96
536688,2069,37448,146,99865,35.00,-7.24,-4.98
536710,2076,37448,134,99917,35.00,-7.25,-4.94
536732,2132,37448,135,99948,35.00,-7.24,-5.03
536754,2027,37448,127,99992,35.00,-7.26,-4.97
536776,1957,37448,143,100039,35.00,-7.21,-4.95
536798,1799,38216,141,100065,35.00,-7.24,-4.95
536820,1695,38216,157,100126,35.00,-7.21,-4.96
536842,1701,38216,159,100170,35.00,-7.23,-4.97
536864,1724,38216,166,100230,35.00,-7.24,-4.92
536886,2136,38728,163,100287,35.00,-7.23,-4.99
536927,2117,38728,153,100202,35.00,-7.25,-4.96
536949,2071,38728,148,99889,35.00,-7.26,-4.96
536971,2329,38728,141,99515,35.00,-7.24,-4.96
536993,1965,38728,127,99199,35.00,-7.23,-4.96
537414,1947,38728,131,99023,35.63,-7.23,-4.96
537448,1753,38728,121,99644,35.00,-7.19,-4.97
537470,1791,39112,140,99671,35.00,-7.24,-4.97
537492,2045,39112,133,99716,35.00,-7.23,-4.96
537514,1983,39112,125,99773,35.00,-7.26,-4.98
537536,1875,39112,123,99821,35.00,-7.24,-4.99
537558,1763,39112,125,99881,35.00,-7.21,-4.96
537580,1661,39112,141,99947,35.00,-7.21,-4.96
537602,1485,39112,151,100012,35.00,-7.23,-4.95
537624,1672,39112,159,100052,35.00,-7.24,-4.98
537646,1611,38728,157,100055,35.00,-7.28,-4.99
537668,1869,39112,167,99878,35.00,-7.24,-4.98
537709,1929,39112,150,98845,35.00,-7.23,-4.96
537731,2103,39112,151,98697,35.00,-7.21,-4.96
537753,2127,39112,141,98612,35.00,-7.22,-4.96
537775,2053,39112,138,98559,35.00,-7.24,-4.96
537797,1829,39112,135,98521,35.00,-7.21,-4.96
537819,1699,39112,147,98516,35.00,-7.22,-5.01
537841,1482,39112,148,98560,35.00,-7.20,-4.94
537863,1437,39112,163,98656,35.00,-7.26,-4.96
537885,1579,38728,167,98769,35.00,-7.24,-4.95
537907,1683,38728,167,98860,35.00,-7.25,-4.97
537949,1853,39112,164,98970,35.00,-7.25,-4.98
537971,1883,39112,153,99004,35.00,-7.25,-4.98
537993,1989,39112,139,99048,35.00,-7.24,-4.95
538437,1976,39112,135,99086,37.10,-7.24,-4.97
538471,1865,39624,133,98343,35.00,-7.22,-4.98
538493,2057,39112,143,98259,35.00,-7.24,-4.94
538515,1992,39624,141,98201,35.00,-7.21,-4.95
538537,1947,39624,133,98176,35.00,-7.21,-4.96
538559,1767,39624,138,98226,35.00,-7.26,-4.97
538581,1573,39624,150,98336,35.00,-7.23,-4.97
538603,1501,39624,157,98458,35.00,-7.23,-4.98
538625,1370,39112,165,98559,35.00,-7.22,-5.00
538647,1463,39624,169,98612,35.00,-7.22,-4.95
538669,1577,39624,168,98648,35.00,-7.26,-4.97
538711,1787,39624,157,98814,35.00,-7.22,-4.95
538733,2028,39624,155,98864,35.00,-7.23,-4.94
538755,1901,39624,139,98913,35.00,-7.23,-4.96
538777,1783,39624,127,98964,35.00,-7.27,-4.96
538799,1691,39624,135,99035,35.00,-7.23,-4.94
538821,1621,39624,141,99087,35.00,-7.23,-4.97
538843,1579,39624,151,99150,35.00,-7.22,-4.97
538865,1529,39624,167,99201,35.00,-7.22,-4.95
538887,1481,39624,169,99239,35.00,-7.21,-4.98
538909,1611,39624,165,99284,35.00,-7.24,-4.99
538931,1782,40392,156,99338,35.00,-7.23,-5.02
538972,1980,39624,153,99462,35.00,-7.25,-5.00
538994,1861,39624,139,99525,35.00,-7.27,-4.96
539715,1919,40392,137,99594,36.19,-7.20,-4.92
539754,1995,39624,134,99347,35.00,-7.23,-5.00
539776,2001,39624,135,99359,35.00,-7.30,-4.97
539798,2068,39624,137,99201,35.00,-7.24,-4.99
539820,1899,40392,123,98854,35.00,-7.20,-4.96
539842,1775,40392,126,98477,35.00,-7.21,-4.98
539864,1822,40392,145,98224,35.00,-7.20,-4.97
539886,1599,39624,148,98050,35.00,-7.21,-4.98
539908,1611,39624,165,97928,35.00,-7.29,-4.98
539930,1983,39624,179,97840,35.00,-7.26,-4.94
539952,1421,39624,151,97793,35.00,-7.21,-4.95
539994,1933,39624,151,97920,35.00,-7.26,-4.97
540737,2063,39624,146,98049,35.71,-7.24,-4.96
540776,2281,39624,143,98296,35.00,-7.23,-4.95
540798,2043,39624,150,98359,35.00,-7.24,-4.97
540820,1932,39624,137,98412,35.00,-7.25,-4.96
540842,1879,39624,135,98475,35.00,-7.22,-4.94
540864,1705,39624,135,98541,35.00,-7.25,-4.97
540886,1670,39624,145,98589,35.00,-7.23,-4.96
540908,1512,39624,151,98667,35.00,-7.23,-4.94
540930,1519,39624,163,98728,35.00,-7.26,-4.97
540952,559,39624,147,98795,35.00,-7.22,-4.96
540974,1799,39112,169,98854,35.00,-7.19,-4.96
541760,1517,39624,147,99017,35.37,-7.20,-4.92
541799,1911,38728,139,99062,35.00,-7.24,-4.99
541821,2058,38728,139,99116,35.00,-7.23,-4.96
541843,1918,38728,135,99169,35.00,-7.24,-4.95
541865,1865,38728,135,99205,35.00,-7.22,-4.95
541887,1719,38728,141,99252,35.00,-7.24,-4.98
541909,1482,38728,143,99314,35.00,-7.26,-5.01
541931,1701,38728,167,99358,35.00,-7.23,-4.94
541953,1628,38728,166,99406,35.00,-7.21,-4.96
541975,1603,38728,167,99468,35.00,-7.27,-4.99
541997,1770,38728,159,99517,35.00,-7.22,-4.92
542039,1949,38728,155,99287,35.00,-7.25,-4.96
542061,1773,38728,131,98904,35.00,-7.28,-4.99
542083,1929,38728,138,98543,35.00,-7.20,-4.96
542105,1743,38728,123,98306,35.00,-7.23,-4.98
542127,1582,38728,127,98148,35.00,-7.22,-4.96
542149,1506,38728,137,98020,35.00,-7.23,-4.98
542171,1509,38728,149,97942,35.00,-7.27,-4.95
542193,1524,38728,159,97897,35.00,-7.23,-4.95
542215,1503,38728,158,97878,35.00,-7.23,-4.95
542237,1629,38216,159,97926,35.00,-7.24,-4.98
542259,3057,38216,187,98055,35.00,-7.24,-4.96
542300,1258,38216,125,98334,35.00,-7.26,-4.99
542322,2141,38216,135,98398,35.00,-7.25,-4.99
542344,2106,38728,137,98449,35.00,-7.24,-5.00
542366,1643,38728,124,98492,35.00,-7.25,-4.98
542388,1643,38728,137,98556,35.00,-7.24,-4.96
542410,1643,38728,153,98626,35.00,-7.24,-4.97
542432,1372,38728,157,98688,35.00,-7.26,-5.00
542454,1715,38728,173,98757,35.00,-7.23,-4.96
542476,1575,38728,157,98837,35.00,-7.26,-4.97
542498,2040,38728,169,98904,35.00,-7.23,-4.94
542540,1868,38728,151,99091,35.00,-7.25,-4.98
542562,2041,38728,139,99153,35.00,-7.22,-4.97
542584,1918,38728,139,99214,35.00,-7.24,-4.98
542606,1815,38728,122,99259,35.00,-7.22,-4.96
542628,1708,38728,135,99325,35.00,-7.24,-4.96
542650,1625,38728,143,99386,35.00,-7.24,-4.94
542672,1565,38728,156,99432,35.00,-7.23,-4.97
542694,1567,38728,175,99494,35.00,-7.23,-4.99
542716,1627,38728,171,99567,35.00,-7.23,-4.96
542738,1788,39112,157,99638,35.00,-7.26,-5.00
542760,1903,39112,155,99704,35.00,-7.23,-4.96
542801,1880,39112,137,99735,35.00,-7.26,-4.95
542823,1819,39112,125,99441,35.00,-7.25,-4.97
542845,2163,39112,153,99045,35.00,-7.24,-4.97
542867,1671,39112,107,98705,35.00,-7.27,-4.97
542889,1589,39112,123,98492,35.00,-7.26,-4.99
542911,1541,39112,141,98345,35.00,-7.22,-4.94
542933,1823,38728,215,98246,35.00,-7.22,-5.00
542955,2203,38728,203,98158,35.00,-7.24,-4.98
542977,1467,38728,109,98117,35.00,-7.28,-4.98
542999,911,38216,155,98097,35.00,-7.22,-4.99
543042,1311,38216,153,98409,35.00,-7.23,-4.96
543064,1565,38216,116,98516,35.00,-7.24,-5.01
543086,1449,38216,117,98574,35.00,-7.24,-4.95
543108,1637,38728,137,98601,35.00,-7.19,-4.96
543130,1641,38728,151,98646,35.00,-7.25,-4.97
543152,829,38728,121,98693,35.00,-7.26,-4.98
543174,1739,38728,167,98743,35.00,-7.22,-5.00
543196,1567,38728,163,98799,35.00,-7.25,-4.94
543218,1848,38728,176,98871,35.00,-7.21,-4.96
543240,1879,38728,157,98948,35.00,-7.26,-4.98
543282,1925,38728,159,99161,35.00,-7.27,-4.97
543304,2259,39112,147,99211,35.00,-7.25,-4.96
543326,2085,39112,139,99268,35.00,-7.22,-4.98
543348,1849,39112,136,99322,35.00,-7.27,-4.96
543370,1513,39112,119,99376,35.00,-7.22,-4.98
543392,1559,39112,149,99422,35.00,-7.27,-4.98
543414,1576,39112,163,99484,35.00,-7.22,-4.99
543436,1653,39112,169,99529,35.00,-7.24,-4.98
543458,1519,39112,148,99584,35.00,-7.27,-4.97
543480,1592,39112,165,99646,35.00,-7.23,-4.99
543502,1870,39112,158,99722,35.00,-7.25,-4.96
543543,1965,39112,151,99877,35.00,-7.26,-4.95
543565,2915,39112,163,99940,35.00,-7.23,-4.94
543587,1916,39112,137,99953,35.00,-7.22,-4.99
543609,1829,39112,137,99786,35.00,-7.25,-4.96
543631,1721,39112,142,99445,35.00,-7.24,-4.99
543653,1328,39112,137,99051,35.00,-7.24,-4.99
543675,2229,39112,179,98775,35.00,-7.24,-4.97
543697,1607,39112,180,98596,35.00,-7.25,-4.98
543719,1863,39112,199,98496,35.00,-7.22,-4.99
543741,2041,39112,187,98431,35.00,-7.23,-4.97
543783,2019,39112,173,98410,35.00,-7.23,-4.98
543805,2363,39112,167,98504,35.00,-7.23,-4.95
543827,2295,39112,159,98642,35.00,-7.24,-4.96
543849,1895,39624,140,98743,35.00,-7.22,-4.98
543871,1655,39112,139,98810,35.00,-7.22,-4.99
543893,1387,39112,142,98852,35.00,-7.21,-4.99
543915,1333,39112,171,98873,35.00,-7.31,-4.95
543937,1373,39112,165,98910,35.00,-7.28,-4.96
543959,1929,39112,183,98967,35.00,-7.21,-4.97
543981,1491,39112,155,99028,35.00,-7.24,-4.94
544571,1849,39624,166,99097,35.86,-7.26,-4.96
544605,1671,39624,142,99103,35.00,-7.26,-4.96
544627,1835,39624,135,99204,35.00,-7.21,-4.95
544649,1868,39624,135,99262,35.00,-7.27,-4.96
544671,1727,39624,123,99293,35.00,-7.23,-4.99
544693,1657,39624,142,99337,35.00,-7.24,-4.96
544715,1375,39624,149,99382,35.00,-7.24,-4.96
544737,2298,39624,179,99445,35.00,-7.23,-4.92
544759,1503,39624,167,99498,35.00,-7.23,-4.96
544781,1652,39624,167,99562,35.00,-7.24,-4.96
544803,1880,39624,165,99645,35.00,-7.22,-4.98
544825,2083,40392,149,99735,35.00,-7.20,-4.96
544866,2075,40392,137,99968,35.00,-7.25,-4.95
544888,1803,40392,125,100061,35.00,-7.24,-4.97
544910,1819,39624,121,100144,35.00,-7.22,-4.97
544932,1695,39624,118,100205,35.00,-7.22,-5.01
544954,1429,39624,127,100265,35.00,-7.28,-4.95
544976,1224,39624,135,100317,35.00,-7.24,-4.94
544998,1271,39624,153,100384,35.00,-7.23,-4.92
545020,1289,39624,159,100430,35.00,-7.23,-4.96
545042,1385,39624,165,100483,35.00,-7.28,-4.99
545064,1661,39624,164,100536,35.00,-7.27,-4.97
545107,2001,39624,159,100722,35.00,-7.29,-4.98
545129,2309,39624,150,100783,35.00,-7.23,-5.01
545151,2181,39624,141,100838,35.00,-7.24,-4.96
545173,1992,39112,147,100867,35.00,-7.26,-4.99
545195,1901,39112,155,100811,35.00,-7.20,-4.95
545217,1723,39112,159,100562,35.00,-7.25,-4.95
545239,1549,39112,165,100186,35.00,-7.23,-4.96
545261,1557,39112,165,99832,35.00,-7.26,-4.98
545283,1583,39112,157,99585,35.00,-7.24,-4.97
545305,1660,39112,146,99484,35.00,-7.24,-5.00
545347,2194,39112,146,99445,35.00,-7.22,-4.98
545369,2397,39112,147,99490,35.00,-7.26,-4.97
545391,2104,39624,133,99576,35.00,-7.24,-4.98
545413,2092,39624,140,99662,35.00,-7.26,-4.95
545435,2029,39624,147,99729,35.00,-7.24,-4.99
545457,2009,39624,165,99758,35.00,-7.26,-4.98
545479,1711,39624,181,99796,35.00,-7.25,-5.02
545501,2409,39624,221,99826,35.00,-7.27,-4.97
545523,2031,39624,202,99859,35.00,-7.25,-4.97
545545,2095,39624,183,99898,35.00,-7.24,-4.96
545588,2121,39624,170,100053,35.00,-7.27,-4.95
545610,1879,39624,139,100133,35.00,-7.16,-4.96
545632,1839,39624,131,100208,35.00,-7.21,-4.99
545654,1611,39624,126,100269,35.00,-7.24,-4.97
545676,1302,39624,139,100322,35.00,-7.23,-4.96
545698,1261,39624,151,100385,35.00,-7.20,-5.02
545720,1059,39624,157,100457,35.00,-7.22,-4.96
545742,1139,39624,157,100523,35.00,-7.25,-5.02
545764,1301,39624,165,100576,35.00,-7.22,-4.96
545786,1451,39624,138,100622,35.00,-7.24,-4.96
545828,1565,39624,133,100786,35.00,-7.23,-4.98
545850,1280,39624,108,100826,35.00,-7.21,-4.95
545872,1332,39624,101,100893,35.00,-7.23,-4.97
545894,1323,39624,107,100964,35.00,-7.24,-4.96
545916,1182,39624,115,101020,35.00,-7.22,-4.99
545938,1172,39112,139,101046,35.00,-7.22,-4.98
545960,1327,39112,153,100999,35.00,-7.24,-4.99
545982,1317,38728,159,100738,35.00,-7.27,-4.96
546359,1511,38728,157,100353,35.96,-7.23,-4.98
546390,2101,39112,175,100398,35.00,-7.23,-4.96
546412,2543,39112,151,100482,35.00,-7.21,-5.00
546434,2312,39112,139,100551,35.00,-7.27,-5.00
546456,2141,39112,143,100595,35.00,-7.25,-4.97
546478,2004,39112,159,100668,35.00,-7.23,-4.96
546500,1747,38728,165,100714,35.00,-7.24,-4.95
546522,1863,38728,179,100768,35.00,-7.24,-4.95
546544,1915,39112,182,100826,35.00,-7.23,-4.97
546566,2039,39112,183,100858,35.00,-7.21,-4.98
546588,2152,39112,174,100903,35.00,-7.25,-4.95
546630,2063,39112,152,101095,35.00,-7.23,-4.98
546652,2163,39624,135,101151,35.00,-7.26,-4.96
546674,1901,39624,116,101212,35.00,-7.22,-4.98
546696,1551,39624,115,101231,35.00,-7.19,-4.95
546718,1557,39624,120,101101,35.00,-7.21,-4.95
546740,1429,39624,147,100760,35.00,-7.25,-4.96
546762,1438,39624,152,100354,35.00,-7.24,-4.98
546784,1563,39624,165,100016,35.00,-7.23,-4.97
546806,1786,39624,159,99805,35.00,-7.25,-4.96
546828,1891,39112,159,99696,35.00,-7.26,-4.96
546871,2087,39624,147,99572,35.00,-7.30,-4.99
546893,1959,39112,140,99596,35.00,-7.19,-4.96
546915,1752,39112,140,99691,35.00,-7.23,-4.98
546937,1620,39112,147,99787,35.00,-7.25,-4.95
546959,1720,39112,163,99884,35.00,-7.27,-4.96
546981,1877,39112,185,99937,35.00,-7.22,-4.94
547381,1688,39112,184,99968,35.94,-7.23,-4.96
547412,1679,39624,166,101030,35.00,-7.29,-4.94
547434,2101,39624,141,101061,35.00,-7.26,-4.99
547456,1733,40392,141,100984,35.00,-7.25,-4.97
547478,1940,39624,155,100693,35.00,-7.22,-4.99
547500,2079,39624,170,100297,35.00,-7.22,-4.95
547522,2101,40392,180,99925,35.00,-7.26,-4.98
547544,1977,39624,185,99700,35.00,-7.25,-5.01
547566,1911,40392,185,99571,35.00,-7.25,-4.99
547588,2086,39624,186,99501,35.00,-7.28,-4.93
547610,2163,39624,169,99457,35.00,-7.24,-4.95
547652,2479,39624,167,99475,35.00,-7.21,-4.95
547674,2313,40392,145,99593,35.00,-7.20,-4.93
547696,1688,40392,111,99691,35.00,-7.23,-4.99
547718,1667,40392,121,99737,35.00,-7.27,-4.97
547740,1449,40392,124,99763,35.00,-7.20,-4.96
547762,1278,40392,147,99789,35.00,-7.20,-4.96
547784,1183,40392,156,99817,35.00,-7.24,-4.96
547806,1239,40392,163,99854,35.00,-7.24,-4.96
547828,1451,40392,167,99903,35.00,-7.21,-4.96
547850,1531,40392,157,99967,35.00,-7.25,-4.97
547872,1634,40392,147,100035,35.00,-7.22,-4.95
547913,1763,40392,137,100239,35.00,-7.24,-5.00
547935,1785,40392,146,100286,35.00,-7.24,-4.96
547957,1549,40392,126,100347,35.00,-7.21,-4.99
547979,1513,40392,139,100401,35.00,-7.25,-4.95
548403,1357,40392,145,100462,35.84,-7.26,-4.98
548434,1565,39624,168,99744,35.00,-7.19,-4.97
548456,2387,40392,153,99814,35.00,-7.24,-4.96
548478,2165,40392,148,99840,35.00,-7.25,-4.93
548500,1555,40392,141,99867,35.00,-7.20,-4.97
548522,1743,40392,159,99902,35.00,-7.22,-5.00
548544,1958,40392,171,99949,35.00,-7.24,-4.94
548566,1907,40392,182,100007,35.00,-7.23,-4.95
548588,2124,40392,183,100051,35.00,-7.24,-4.95
548610,2233,40392,181,100113,35.00,-7.24,-4.92
548632,1575,40392,136,100172,35.00,-7.25,-5.00
548654,1845,40392,135,100237,35.00,-7.20,-4.96
548695,1939,40392,125,100383,35.00,-7.22,-4.99
548717,1739,40392,111,100434,35.00,-7.21,-4.97
548739,1707,40904,111,100471,35.00,-7.23,-4.94
548761,1630,40904,120,100514,35.00,-7.19,-4.95
548783,1322,40904,123,100545,35.00,-7.22,-4.92
548805,1547,40392,152,100581,35.00,-7.22,-4.98
548827,1479,40904,158,100640,35.00,-7.21,-4.99
548849,1597,40904,169,100694,35.00,-7.23,-4.99
548871,1852,40392,165,100759,35.00,-7.26,-4.97
548893,1885,40392,165,100829,35.00,-7.26,-4.99
548936,1913,40392,149,100873,35.00,-7.27,-4.97
548958,2031,40392,143,100685,35.00,-7.25,-4.98
548980,1864,40904,141,100343,35.00,-7.26,-4.97
549426,1613,40904,150,99975,36.82,-7.23,-4.97
549457,1591,40904,173,100681,35.00,-7.21,-4.98
549479,2031,40904,141,100708,35.00,-7.26,-4.97
549501,1907,40904,139,100751,35.00,-7.23,-5.00
549523,1896,40904,151,100786,35.00,-7.20,-4.98
549545,1703,40904,153,100838,35.00,-7.27,-4.97
549567,1691,40904,171,100890,35.00,-7.24,-4.98
549589,1786,40904,171,100949,35.00,-7.20,-4.96
549611,1679,40904,164,101008,35.00,-7.23,-4.96
549633,1700,40904,153,101070,35.00,-7.21,-4.97
549655,1880,40904,139,101095,35.00,-7.30,-4.98
549697,1738,40904,117,100671,35.00,-7.24,-4.97
549719,1756,40904,117,100312,35.00,-7.25,-4.95
549741,1725,40904,117,100027,35.00,-7.27,-5.01
549763,1707,40904,124,99868,35.00,-7.24,-4.98
549785,1683,40904,139,99792,35.00,-7.23,-4.98
549807,1479,40904,157,99764,35.00,-7.24,-4.99
549829,1717,40904,169,99752,35.00,-7.24,-5.02
549851,1693,40904,181,99776,35.00,-7.23,-5.01
549873,1615,40904,163,99831,35.00,-7.22,-4.95
549895,1951,40392,169,99928,35.00,-7.23,-4.96
549917,1883,40904,141,100027,35.00,-7.25,-4.97
549958,1789,40904,141,100151,35.00,-7.24,-4.97
549980,1918,40904,137,100188,35.00,-7.23,-4.97
550704,1903,40904,137,100234,36.33,-7.24,-4.94
550740,1553,40904,125,100352,35.00,-7.26,-4.96
550762,1451,40904,114,100421,35.00,-7.21,-4.96
550784,1343,40904,115,100480,35.00,-7.21,-4.99
550806,1593,40904,146,100533,35.00,-7.18,-4.98
550828,1767,40904,157,100593,35.00,-7.25,-4.97
550850,1688,40904,173,100647,35.00,-7.23,-4.96
550872,1763,40904,184,100716,35.00,-7.23,-4.93
550894,1773,40904,185,100761,35.00,-7.25,-4.96
550916,1781,40904,170,100810,35.00,-7.24,-4.99
550938,1874,40904,169,100855,35.00,-7.23,-4.96
550981,2042,40904,152,101015,35.00,-7.24,-4.99
551726,2157,40904,139,101071,35.40,-7.22,-4.97
551762,1366,40904,111,100752,35.00,-7.23,-4.96
551784,2013,40904,122,100775,35.00,-7.21,-4.97
551806,2009,40904,120,100751,35.00,-7.23,-4.97
551828,1881,40904,139,100540,35.00,-7.27,-4.96
551850,1801,40904,141,100189,35.00,-7.26,-4.96
551872,1832,40904,169,99832,35.00,-7.25,-4.95
551894,1786,40904,173,99572,35.00,-7.23,-4.97
551916,2053,40904,179,99433,35.00,-7.26,-4.98
551938,2403,40904,177,99337,35.00,-7.22,-4.93
551960,2495,40904,183,99285,35.00,-7.22,-4.97
551982,2603,40904,168,99248,35.00,-7.27,-4.96
552023,2663,40904,171,99396,35.00,-7.23,-4.95
552045,2523,40904,158,99490,35.00,-7.24,-4.99
552067,2184,40904,153,99549,35.00,-7.22,-4.95
552089,2117,40904,155,99579,35.00,-7.20,-4.97
552111,1845,40904,150,99596,35.00,-7.21,-4.97
552133,1440,40904,158,99629,35.00,-7.21,-4.93
552155,1364,40904,151,99674,35.00,-7.21,-4.97
552177,1558,40904,153,99728,35.00,-7.26,-4.98
552199,1679,40904,138,99786,35.00,-7.24,-4.98
552221,1965,40904,135,99849,35.00,-7.21,-4.97
552264,1853,40904,126,99978,35.00,-7.22,-4.95
552286,1477,40904,121,100037,35.00,-7.25,-5.00
552308,1598,40904,133,100091,35.00,-7.24,-4.95
552330,1499,40904,147,100122,35.00,-7.22,-4.96
552352,1387,40904,149,100156,35.00,-7.23,-4.94
552374,1439,40392,160,100195,35.00,-7.24,-4.99
552396,1523,40392,171,100251,35.00,-7.23,-4.95
552418,1627,40392,179,100309,35.00,-7.21,-4.96
552440,1853,40392,169,100363,35.00,-7.21,-4.97
552462,1960,40392,167,100412,35.00,-7.24,-4.95
552504,2109,40392,151,100472,35.00,-7.23,-4.94
552526,1949,40392,135,100276,35.00,-7.24,-4.97
552548,1816,40904,139,99941,35.00,-7.27,-4.95
552570,1469,40904,133,99576,35.00,-7.23,-5.02
552592,1324,40392,141,99307,35.00,-7.24,-4.98
552614,1367,40904,151,99137,35.00,-7.24,-4.97
552636,1445,40904,157,99026,35.00,-7.23,-4.97
552658,1451,40904,145,98952,35.00,-7.24,-4.94
552680,1581,40904,139,98894,35.00,-7.23,-4.99
552702,1783,40904,125,98869,35.00,-7.21,-4.97
552724,1863,40904,118,98907,35.00,-7.28,-4.98
552765,1563,40904,111,99200,35.00,-7.23,-4.99
552787,756,40904,93,99273,35.00,-7.24,-4.99
552809,2189,40904,137,99317,35.00,-7.26,-4.94
552831,1471,40904,133,99349,35.00,-7.21,-4.97
552853,1581,40904,151,99404,35.00,-7.23,-4.95
552875,937,40904,142,99445,35.00,-7.21,-4.93
552897,1753,40392,175,99503,35.00,-7.23,-4.96
552919,1710,40392,172,99565,35.00,-7.18,-4.96
552941,2187,40392,175,99625,35.00,-7.22,-4.97
552963,2361,40392,173,99695,35.00,-7.27,-4.99
553515,2335,40392,163,99882,36.11,-7.22,-4.98
553547,1276,40392,170,99159,35.00,-7.21,-4.99
553569,1727,40392,125,99213,35.00,-7.27,-4.96
553591,1577,40904,139,99280,35.00,-7.26,-4.95
553613,1587,40904,138,99321,35.00,-7.25,-4.96
553635,1437,40904,149,99374,35.00,-7.26,-4.95
553657,1380,40904,147,99426,35.00,-7.26,-4.99
553679,1374,40904,151,99497,35.00,-7.20,-4.98
553701,1447,40904,143,99570,35.00,-7.24,-4.97
553723,1575,40904,143,99637,35.00,-7.27,-4.97
553745,1757,40904,119,99702,35.00,-7.23,-4.94
553787,1851,40904,119,99886,35.00,-7.26,-4.98
553809,1656,40904,123,99922,35.00,-7.21,-4.97
553831,1803,40904,125,99967,35.00,-7.23,-4.99
553853,1523,40904,138,100033,35.00,-7.22,-4.95
553875,1435,40904,147,100083,35.00,-7.23,-4.97
553897,1491,40904,159,100133,35.00,-7.24,-4.97
553919,1555,40904,165,100195,35.00,-7.26,-4.96
553941,1797,40904,165,100237,35.00,-7.23,-4.95
553963,1901,40904,158,100237,35.00,-7.21,-4.98
553985,2055,40904,149,100098,35.00,-7.23,-5.02
554537,2245,40904,146,99778,35.37,-7.25,-4.98
554569,1150,41000,141,99966,35.00,-7.20,-4.99
554591,1737,41000,126,100028,35.00,-7.24,-4.95
554613,2069,41000,155,100098,35.00,-7.22,-4.96
554635,1961,41000,165,100151,35.00,-7.21,-4.96
554657,1779,41000,170,100200,35.00,-7.23,-4.94
554679,1754,41000,169,100238,35.00,-7.23,-4.98
554701,1847,41000,168,100260,35.00,-7.22,-5.00
554723,1741,41000,155,100135,35.00,-7.24,-4.97
554745,1739,41000,141,99824,35.00,-7.24,-4.96
554767,1783,41000,124,99451,35.00,-7.20,-4.91
554810,1739,41000,117,98759,35.00,-7.26,-4.98
554832,1589,41000,111,98672,35.00,-7.21,-4.97
554854,1553,41000,119,98592,35.00,-7.24,-4.97
554876,1184,41000,135,98539,35.00,-7.23,-4.99
554898,1182,41000,148,98544,35.00,-7.23,-4.96
554920,1400,41000,156,98612,35.00,-7.27,-4.96
554942,1466,41000,155,98753,35.00,-7.23,-4.98
554964,1573,41000,154,98883,35.00,-7.26,-4.96
554986,1773,41000,136,98975,35.00,-7.25,-4.98
555560,1761,41000,110,99020,36.27,-7.20,-4.99
555592,1709,40904,187,98620,35.00,-7.26,-4.97
555614,2066,40904,151,98544,35.00,-7.21,-4.94
555636,2012,40904,165,98505,35.00,-7.28,-4.95
555658,1850,41000,169,98488,35.00,-7.25,-4.97
555680,1915,41000,179,98553,35.00,-7.23,-4.98
555702,1979,41000,187,98677,35.00,-7.23,-4.98
555724,1807,41000,179,98804,35.00,-7.21,-4.96
555746,1747,41000,158,98878,35.00,-7.25,-4.97
555768,1907,41000,156,98925,35.00,-7.20,-4.91
555790,1869,41000,122,98960,35.00,-7.23,-4.96
555832,1555,41512,117,99092,35.00,-7.26,-4.94
555854,1554,41512,109,99140,35.00,-7.22,-4.98
555876,1471,41512,111,99198,35.00,-7.26,-4.98
555898,1355,41512,123,99266,35.00,-7.22,-4.97
555920,1279,41000,147,99324,35.00,-7.24,-4.96
555942,1437,41000,160,99383,35.00,-7.22,-4.96
555964,1526,41000,159,99456,35.00,-7.24,-4.99
555986,1587,41000,157,99521,35.00,-7.28,-5.00
556583,1735,41000,151,99578,35.77,-7.26,-4.95
556614,1753,41000,181,99256,35.00,-7.23,-4.99
556636,1869,41000,138,99350,35.00,-7.25,-5.02
556658,1751,41000,148,99409,35.00,-7.23,-4.98
556680,1581,41000,151,99477,35.00,-7.24,-4.96
556702,1683,41000,169,99543,35.00,-7.22,-4.95
556724,1751,41512,179,99611,35.00,-7.24,-4.96
556746,1782,41000,179,99688,35.00,-7.20,-4.96
556768,1891,41000,167,99769,35.00,-7.24,-4.98
556790,1945,41000,160,99853,35.00,-7.24,-4.99
556812,1993,41000,135,99916,35.00,-7.24,-4.99
556855,1851,41512,121,100088,35.00,-7.22,-4.96
556877,1510,41512,103,100160,35.00,-7.23,-4.98
556899,1413,41512,120,100233,35.00,-7.22,-4.95
556921,1326,41512,125,100290,35.00,-7.22,-4.97
556943,1331,41512,149,100368,35.00,-7.23,-4.96
556965,1273,41000,156,100432,35.00,-7.23,-4.99
556987,1533,41000,167,100487,35.00,-7.26,-4.99
557350,1557,41000,151,100453,35.74,-7.20,-4.97
557378,1661,41000,137,99396,35.00,-7.27,-4.96
557400,1464,41512,119,99462,35.00,-7.24,-4.99
557422,1391,41512,135,99517,35.00,-7.21,-4.99
557444,1289,41512,151,99581,35.00,-7.26,-4.96
557466,1455,41512,168,99651,35.00,-7.27,-4.96
557488,1673,41512,167,99706,35.00,-7.25,-4.96
557510,1797,41512,165,99768,35.00,-7.23,-4.91
557532,1983,41512,152,99838,35.00,-7.22,-4.97
557554,2071,41512,140,99908,35.00,-7.25,-4.98
557596,1847,41512,124,100049,35.00,-7.24,-4.93
557618,1723,41512,127,100092,35.00,-7.24,-4.93
557640,1659,41512,149,100133,35.00,-7.23,-4.96
557662,1722,41512,163,100184,35.00,-7.26,-4.99
557684,1716,41512,191,100252,35.00,-7.22,-4.96
557706,1967,41512,207,100309,35.00,-7.27,-4.98
557728,2313,41512,217,100361,35.00,-7.22,-4.96
557750,2207,41512,197,100383,35.00,-7.26,-4.96
557772,2045,41512,173,100398,35.00,-7.25,-4.97
557794,2077,41512,149,100308,35.00,-7.24,-4.97
557816,1989,41512,134,99999,35.00,-7.22,-4.96
557857,1734,41512,117,98968,35.00,-7.21,-4.98
557879,1582,41512,109,98811,35.00,-7.26,-4.95
557901,1403,41512,119,98697,35.00,-7.24,-4.95
557923,1021,41512,119,98600,35.00,-7.24,-4.96
557945,1039,41512,137,98536,35.00,-7.24,-4.97
557967,1234,41512,149,98502,35.00,-7.21,-4.93
557989,1279,41512,149,98525,35.00,-7.21,-4.97
558372,1081,41512,135,98609,35.93,-7.24,-4.96
558400,1979,41000,146,99695,35.00,-7.23,-4.96
558422,1455,41512,117,99746,35.00,-7.21,-4.98
558444,1291,41512,135,99813,35.00,-7.24,-4.97
558466,1395,41512,146,99867,35.00,-7.21,-4.99
558488,1525,41512,157,99918,35.00,-7.25,-4.97
558510,1657,41000,160,99979,35.00,-7.21,-5.01
558532,1677,41000,169,100020,35.00,-7.23,-5.00
558554,1989,41000,159,100035,35.00,-7.23,-4.96
558576,2075,41000,153,99938,35.00,-7.23,-4.97
558598,2088,41000,142,99657,35.00,-7.23,-4.94
558639,1829,41000,133,98662,35.00,-7.19,-4.96
558661,1823,41000,141,98537,35.00,-7.25,-5.02
558683,1545,41000,151,98455,35.00,-7.24,-4.95
558705,1583,41000,167,98369,35.00,-7.22,-4.96
558727,1611,41000,187,98315,35.00,-7.24,-4.94
558749,1773,41000,189,98291,35.00,-7.24,-4.95
558771,1806,41000,181,98340,35.00,-7.23,-4.97
558793,1652,41000,157,98452,35.00,-7.24,-4.96
558815,1833,41000,147,98572,35.00,-7.23,-4.95
558837,1621,41512,121,98659,35.00,-7.23,-4.97
558880,1523,41512,109,98772,35.00,-7.22,-4.99
558902,1160,41000,102,98833,35.00,-7.23,-4.99
558924,1052,41512,109,98886,35.00,-7.24,-4.98
558946,1059,41000,125,98947,35.00,-7.24,-4.97
558968,1071,41000,137,99007,35.00,-7.21,-4.97
558990,1303,41512,149,99064,35.00,-7.25,-4.98
559394,1211,41512,143,99141,36.35,-7.23,-4.99
559422,2187,41000,147,98609,35.00,-7.24,-4.99
559444,1531,41512,116,98489,35.00,-7.25,-5.00
559466,1205,41512,133,98392,35.00,-7.22,-4.98
559488,1195,41512,143,98315,35.00,-7.25,-4.95
559510,1214,41512,151,98257,35.00,-7.25,-4.94
559532,1302,41512,159,98235,35.00,-7.22,-4.96
559554,1497,41000,159,98301,35.00,-7.23,-4.95
559576,1811,41000,159,98401,35.00,-7.26,-4.98
559598,1909,41000,140,98515,35.00,-7.24,-4.96
559620,1853,41000,135,98579,35.00,-7.24,-4.95
559661,1763,41000,127,98689,35.00,-7.23,-4.97
559683,1686,41000,133,98729,35.00,-7.23,-4.94
559705,1593,41000,146,98789,35.00,-7.23,-4.95
559727,1573,41000,157,98841,35.00,-7.24,-4.96
559749,1683,40904,184,98895,35.00,-7.20,-4.93
559771,1773,41000,184,98953,35.00,-7.21,-5.00
559793,1927,41000,187,99010,35.00,-7.24,-5.01
559815,1909,41000,171,99076,35.00,-7.24,-4.95
559837,1963,41000,154,99138,35.00,-7.27,-5.01
559859,1908,41000,139,99202,35.00,-7.23,-4.99
559881,1869,41000,136,99253,35.00,-7.22,-4.95
559922,1757,41000,122,99405,35.00,-7.20,-4.99
559944,1627,41000,116,99452,35.00,-7.21,-4.95
559966,1429,41000,123,99494,35.00,-7.25,-4.97
559988,1350,41000,135,99529,35.00,-7.22,-4.99
560416,1319,41000,153,99597,36.65,-7.22,-4.97
560445,1815,40904,143,98708,35.00,-7.24,-4.96
560467,1237,40904,121,98753,35.00,-7.22,-4.95
560489,1251,40904,135,98803,35.00,-7.18,-4.96
560511,1444,40904,151,98862,35.00,-7.25,-4.99
560533,1403,40904,155,98922,35.00,-7.27,-4.98
560555,1419,40904,153,99003,35.00,-7.24,-4.95
560577,1607,40904,156,99065,35.00,-7.24,-4.97
560599,2079,40904,149,99110,35.00,-7.24,-4.94
560621,2233,40904,137,99177,35.00,-7.25,-4.97
560643,1902,40904,131,99244,35.00,-7.25,-4.97
560684,1817,40904,135,99416,35.00,-7.24,-4.99
560706,1779,40904,134,99470,35.00,-7.19,-4.94
560728,1609,40904,149,99515,35.00,-7.23,-4.94
560750,1437,40904,157,99534,35.00,-7.21,-4.94
560772,1607,40904,176,99593,35.00,-7.22,-4.96
560794,1848,40904,179,99636,35.00,-7.20,-4.97
560816,1977,40904,181,99687,35.00,-7.25,-4.98
560838,1815,40904,155,99749,35.00,-7.23,-4.96
560860,1816,40904,149,99804,35.00,-7.26,-4.94
560882,2003,40904,136,99829,35.00,-7.22,-4.97
560924,1863,40904,127,98999,35.00,-7.25,-5.00
560946,1641,40904,117,98686,35.00,-7.25,-4.96
560968,1548,40904,124,98508,35.00,-7.21,-4.93
560990,1517,40904,146,98400,35.00,-7.24,-4.97
561438,1307,40904,153,98312,36.84,-7.20,-4.96
561467,1720,40904,135,99530,35.00,-7.20,-4.94
561489,1311,40904,109,99579,35.00,-7.23,-4.96
561511,1322,40904,132,99633,35.00,-7.24,-4.96
561533,1351,40904,147,99697,35.00,-7.24,-4.99
561555,1434,40904,158,99756,35.00,-7.24,-4.96
561577,1480,40904,159,99821,35.00,-7.23,-4.97
561599,1807,40904,163,99873,35.00,-7.27,-4.97
561621,2019,40904,142,99918,35.00,-7.22,-4.96
561643,1945,40904,133,99946,35.00,-7.24,-4.99
561665,1881,40904,127,99871,35.00,-7.22,-4.98
561706,1927,40904,135,98849,35.00,-7.30,-4.98
561728,2055,40392,141,98617,35.00,-7.26,-4.98
561750,1898,40392,155,98475,35.00,-7.24,-4.98
561772,1771,40392,159,98373,35.00,-7.23,-4.95
561794,1781,40392,175,98295,35.00,-7.24,-5.00
561816,1989,40392,183,98240,35.00,-7.23,-4.97
561838,1963,40392,185,98218,35.00,-7.21,-4.95
561860,1999,40392,164,98247,35.00,-7.24,-4.96
561882,2063,40904,157,98365,35.00,-7.23,-4.99
561904,2039,40904,141,98488,35.00,-7.25,-4.99
561926,1869,40904,135,98589,35.00,-7.24,-4.99
561967,1595,40904,132,98699,35.00,-7.24,-4.98
561989,1759,40904,137,98752,35.00,-7.24,-4.97
562717,1834,40904,151,98800,36.27,-7.22,-4.98
562749,1468,40904,165,98697,35.00,-7.24,-4.96
562771,1639,40904,119,98766,35.00,-7.22,-4.99
562793,1481,40904,137,98845,35.00,-7.25,-4.99
562815,1323,40904,147,98911,35.00,-7.23,-4.94
562837,1207,40904,151,98971,35.00,-7.22,-4.98
562859,1237,40392,159,99030,35.00,-7.23,-4.97
562881,1619,40392,159,99115,35.00,-7.27,-4.96
562903,1863,40904,158,99192,35.00,-7.22,-4.97
562925,2109,40392,159,99242,35.00,-7.24,-4.95
562947,2333,40392,159,99289,35.00,-7.25,-4.94
562989,2538,40904,168,99472,35.00,-7.24,-4.95
563739,2067,40904,149,99518,35.11,-7.22,-4.95
563771,1223,40904,157,99441,35.00,-7.26,-4.96
563793,1323,40904,122,99493,35.00,-7.22,-4.95
563815,1671,40904,138,99537,35.00,-7.27,-4.98
563837,1989,40904,169,99582,35.00,-7.24,-5.01
563859,1811,40904,181,99634,35.00,-7.25,-4.98
563881,2109,40904,197,99674,35.00,-7.25,-4.99
563903,2162,40904,187,99723,35.00,-7.25,-4.95
563925,2171,40904,178,99750,35.00,-7.20,-4.97
563947,2315,40904,158,99679,35.00,-7.23,-4.96
563969,2186,40904,147,99423,35.00,-7.24,-4.97
564512,2171,40904,133,98554,36.38,-7.26,-4.97
564553,1673,40904,125,99651,35.00,-7.25,-5.00
564575,1567,40904,121,99705,35.00,-7.24,-4.97
564597,1305,41000,135,99758,35.00,-7.25,-4.97
564619,1337,41000,157,99806,35.00,-7.22,-4.96
564641,1343,40904,160,99855,35.00,-7.22,-5.00
564663,1832,40904,176,99880,35.00,-7.22,-4.96
564685,1867,40904,165,99800,35.00,-7.22,-4.94
564707,1843,40904,154,99547,35.00,-7.24,-4.92
564729,2031,40904,145,99194,35.00,-7.24,-5.00
564751,2029,40904,139,98887,35.00,-7.23,-4.95
564794,1811,40904,124,98496,35.00,-7.28,-4.93
564816,1639,40392,147,98438,35.00,-7.21,-4.93
564838,1751,40392,165,98397,35.00,-7.24,-4.94
564860,1625,40392,183,98395,35.00,-7.21,-4.96
564882,1707,40392,189,98480,35.00,-7.19,-4.95
564904,2002,40392,199,98592,35.00,-7.24,-4.93
564926,1933,40904,175,98715,35.00,-7.23,-4.97
564948,1837,40904,157,98791,35.00,-7.21,-4.94
564970,2037,40904,141,98824,35.00,-7.23,-4.95
564992,1893,40904,133,98859,35.00,-7.20,-4.98
565034,1400,40904,117,99009,35.00,-7.23,-4.98
565056,1455,40904,121,99050,35.00,-7.23,-5.00
565078,1163,40904,119,99114,35.00,-7.25,-4.97
565100,1082,41000,145,99169,35.00,-7.23,-4.95
565122,1239,41000,152,99222,35.00,-7.19,-4.93
565144,1459,40904,158,99276,35.00,-7.20,-4.96
565166,1610,40904,151,99345,35.00,-7.26,-4.97
565188,1631,40904,151,99403,35.00,-7.24,-4.97
565210,1989,41000,138,99471,35.00,-7.23,-4.98
565232,2121,40904,135,99512,35.00,-7.27,-4.99
565254,1781,41000,119,99556,35.00,-7.20,-4.98
565295,1599,40904,121,99680,35.00,-7.24,-4.96
565317,1491,40904,119,99748,35.00,-7.22,-4.90
565339,1161,40904,127,99808,35.00,-7.25,-4.99
565361,1261,40904,159,99864,35.00,-7.24,-4.96
565383,1636,40904,178,99903,35.00,-7.25,-4.98
565405,1883,41000,189,99928,35.00,-7.19,-4.98
565427,2077,41000,190,99899,35.00,-7.22,-4.96
565449,2569,41000,192,99687,35.00,-7.24,-4.96
565471,2457,41000,172,99332,35.00,-7.26,-4.94
565493,2457,40904,159,98979,35.00,-7.21,-4.92
565535,2105,40904,138,98477,35.00,-7.24,-4.94
565557,1809,41000,119,98369,35.00,-7.24,-4.97
565579,1639,41000,127,98297,35.00,-7.23,-4.96
565601,1497,41000,137,98266,35.00,-7.23,-4.99
565623,1299,40904,141,98293,35.00,-7.23,-4.96
565645,1317,41000,149,98385,35.00,-7.23,-4.98
565667,1581,41000,153,98500,35.00,-7.19,-4.93
565689,1775,41000,145,98604,35.00,-7.26,-4.97
565711,1775,41000,137,98674,35.00,-7.23,-4.98
565733,1692,41000,120,98717,35.00,-7.24,-4.98
565755,1477,41000,111,98749,35.00,-7.23,-4.98
565796,1638,41000,117,98855,35.00,-7.26,-5.01
565818,1432,41000,123,98902,35.00,-7.24,-4.96
565840,1354,41000,138,98948,35.00,-7.24,-4.99
565862,1453,41000,167,98988,35.00,-7.23,-4.96
565884,1688,41000,179,99034,35.00,-7.24,-5.01
565906,1883,41000,189,99090,35.00,-7.22,-4.92
565928,1875,41000,173,99164,35.00,-7.25,-4.96
565950,2151,41000,172,99231,35.00,-7.27,-5.01
565972,2121,41000,146,99296,35.00,-7.25,-4.96
565994,2183,41000,145,99345,35.00,-7.25,-4.96
566037,1943,41000,121,99491,35.00,-7.23,-4.94
566059,1705,41000,134,99552,35.00,-7.20,-4.96
566081,1626,41512,139,99606,35.00,-7.24,-4.93
566103,1481,41512,150,99654,35.00,-7.24,-4.97
566125,1383,41000,152,99713,35.00,-7.23,-5.00
566147,1491,41000,155,99754,35.00,-7.24,-4.94
566169,1810,41000,151,99775,35.00,-7.28,-5.00
566191,1831,41000,141,99697,35.00,-7.22,-4.97
566213,1946,41000,125,99416,35.00,-7.23,-4.96
566235,1763,41000,121,99048,35.00,-7.23,-4.96
566277,1720,41512,115,98400,35.00,-7.26,-4.95
566299,1567,41000,135,98284,35.00,-7.24,-4.99
566321,1467,41000,143,98208,35.00,-7.28,-4.97
566343,1387,41000,165,98142,35.00,-7.23,-4.97
566365,1693,41000,174,98140,35.00,-7.22,-4.94
566387,1809,41000,185,98176,35.00,-7.23,-4.95
566409,1851,41000,171,98291,35.00,-7.20,-4.96
566431,1949,41000,167,98424,35.00,-7.23,-4.94
566453,2259,41000,143,98520,35.00,-7.25,-4.99
566475,1767,41000,127,98579,35.00,-7.26,-4.96
566497,1658,41512,119,98627,35.00,-7.27,-4.90
566538,1720,41512,133,98766,35.00,-7.24,-4.92
566560,1557,41512,123,98835,35.00,-7.23,-4.95
566582,1513,41000,149,98908,35.00,-7.22,-4.99
566604,1575,41000,158,98967,35.00,-7.22,-4.96
566626,1645,41000,166,99038,35.00,-7.21,-4.97
566648,1624,41512,166,99099,35.00,-7.21,-4.96
566670,2027,41512,155,99169,35.00,-7.25,-4.92
566692,2131,41512,149,99227,35.00,-7.22,-4.97
566714,1983,41512,123,99285,35.00,-7.22,-4.95
566736,1898,41512,121,99343,35.00,-7.24,-4.96
566778,1815,41512,119,99501,35.00,-7.22,-4.98
566800,1548,41512,132,99557,35.00,-7.21,-4.93
566822,1512,41512,141,99611,35.00,-7.20,-4.97
566844,1446,41512,164,99683,35.00,-7.23,-5.00
566866,1509,41000,170,99748,35.00,-7.22,-4.96
566888,1830,41000,187,99805,35.00,-7.24,-4.97
566910,2135,41000,184,99837,35.00,-7.27,-4.99
566932,2157,41000,183,99853,35.00,-7.21,-4.96
566954,2258,41512,159,99770,35.00,-7.23,-4.97
566976,2365,41000,156,99528,35.00,-7.24,-4.97
566998,2215,41512,143,99181,35.00,-7.26,-4.97
567039,1884,41512,137,98503,35.00,-7.25,-4.94
567061,1787,41512,133,98385,35.00,-7.24,-4.99
567083,1415,41000,133,98301,35.00,-7.24,-4.96
567105,1289,41000,147,98243,35.00,-7.23,-4.97
567127,1375,41000,151,98244,35.00,-7.24,-4.97
567149,1673,41000,157,98276,35.00,-7.21,-4.91
567171,1783,41000,153,98381,35.00,-7.24,-4.98
567193,1717,41000,153,98502,35.00,-7.22,-4.95
567215,1881,41512,134,98582,35.00,-7.25,-4.97
567237,2065,41000,139,98641,35.00,-7.20,-4.98
567280,1765,41000,125,98781,35.00,-7.22,-4.97
567302,1687,41000,145,98841,35.00,-7.25,-4.97
567324,1627,41000,151,98902,35.00,-7.22,-4.96
567346,1490,41000,168,98956,35.00,-7.22,-4.96
567368,1541,41000,169,99030,35.00,-7.25,-4.94
567390,1610,41000,171,99087,35.00,-7.24,-4.95
567412,1677,41000,153,99153,35.00,-7.23,-4.96
567434,1897,41000,163,99220,35.00,-7.23,-4.97
567456,2065,41000,140,99280,35.00,-7.23,-4.96
567478,1972,41000,132,99335,35.00,-7.25,-4.96
567520,1851,41000,125,99516,35.00,-7.25,-4.93
567542,1351,41000,125,99544,35.00,-7.22,-4.96
567564,1383,41000,149,99597,35.00,-7.23,-4.94
567586,1553,41000,160,99657,35.00,-7.24,-4.95
567608,1652,41000,168,99729,35.00,-7.24,-4.94
567630,1651,41000,168,99778,35.00,-7.24,-4.95
567652,1735,41000,163,99827,35.00,-7.25,-4.94
567674,1917,41000,153,99889,35.00,-7.23,-4.95
567696,2068,41512,145,99937,35.00,-7.20,-4.94
567718,2159,41000,135,99906,35.00,-7.20,-4.98
567740,1912,41512,131,99719,35.00,-7.24,-4.96
567781,1435,41512,125,98815,35.00,-7.23,-4.97
567803,1483,41000,139,98676,35.00,-7.18,-4.97
567825,1242,41000,142,98586,35.00,-7.20,-4.94
567847,1301,41000,151,98499,35.00,-7.26,-4.94
567869,1255,41000,156,98453,35.00,-7.26,-4.94
567891,1518,41000,163,98446,35.00,-7.25,-4.94
567913,1597,41512,151,98498,35.00,-7.25,-4.96
567935,1768,41512,147,98609,35.00,-7.22,-4.98
567957,1896,41512,133,98728,35.00,-7.23,-4.92
567979,1881,41512,125,98801,35.00,-7.23,-4.96
568021,1848,41512,136,98950,35.00,-7.23,-4.98
568043,1951,41512,147,98997,35.00,-7.24,-4.94
568065,1709,41512,147,99050,35.00,-7.23,-4.97
568087,1735,41512,172,99104,35.00,-7.24,-4.95
568109,1687,41000,169,99163,35.00,-7.27,-4.97
568131,1871,41512,185,99230,35.00,-7.24,-4.97
568153,1958,41512,165,99288,35.00,-7.23,-4.98
568175,1949,41512,159,99349,35.00,-7.24,-4.96
568197,2165,41512,141,99410,35.00,-7.24,-4.96
568219,1983,41512,127,99471,35.00,-7.22,-4.92
568241,1674,41512,111,99545,35.00,-7.26,-4.96
568282,1369,41512,119,99710,35.00,-7.24,-4.99
568304,1304,41512,120,99753,35.00,-7.23,-4.98
568326,1307,41512,141,99812,35.00,-7.21,-4.92
568348,1383,41512,152,99867,35.00,-7.23,-4.95
568370,1285,41512,160,99929,35.00,-7.22,-4.94
568392,1604,41512,167,99977,35.00,-7.24,-4.96
568414,2125,41512,167,100037,35.00,-7.22,-4.98
568436,2171,41512,155,100093,35.00,-7.24,-4.97
568458,2381,42280,141,100105,35.00,-7.23,-4.96
568480,2053,41512,133,100035,35.00,-7.23,-4.93
568523,1893,41512,139,99126,35.00,-7.27,-4.94
568545,1913,41000,159,98909,35.00,-7.26,-4.93
568567,1873,41512,179,98771,35.00,-7.23,-4.96
568589,1845,41512,180,98655,35.00,-7.25,-4.95
568611,1799,41512,187,98564,35.00,-7.24,-4.94
568633,1892,41512,175,98498,35.00,-7.28,-4.96
568655,1947,41512,159,98490,35.00,-7.21,-4.98
568677,1933,41512,142,98531,35.00,-7.26,-4.95
568699,1878,42280,124,98637,35.00,-7.22,-4.96
568721,1557,41512,115,98748,35.00,-7.21,-4.99
568763,1477,42280,117,98962,35.00,-7.23,-4.98
568785,1586,41512,135,98986,35.00,-7.25,-4.94
568807,1517,41512,153,99045,35.00,-7.24,-4.97
568829,1497,41512,167,99092,35.00,-7.25,-5.00
568851,1519,41512,167,99154,35.00,-7.25,-5.02
568873,1707,41512,167,99204,35.00,-7.22,-4.96
568895,2080,41512,165,99271,35.00,-7.22,-5.01
568917,1711,41512,142,99331,35.00,-7.24,-4.97
568939,1629,41512,133,99396,35.00,-7.22,-4.93
568961,1637,41512,133,99471,35.00,-7.24,-4.97
568983,1846,41512,141,99552,35.00,-7.26,-4.95
569024,1589,41512,139,99727,35.00,-7.26,-4.96
569046,1438,41512,143,99779,35.00,-7.26,-4.96
569068,1388,41512,149,99839,35.00,-7.22,-4.97
569090,1322,41512,154,99898,35.00,-7.18,-4.96
569112,1468,41512,157,99960,35.00,-7.25,-4.96
569134,1351,41512,149,100007,35.00,-7.21,-4.96
569156,1612,41512,147,100084,35.00,-7.22,-4.98
569178,1543,41512,133,100136,35.00,-7.25,-4.97
569200,1679,41512,121,100189,35.00,-7.27,-5.02
569222,1735,41512,120,100224,35.00,-7.27,-5.00
569264,1640,41512,120,99626,35.00,-7.22,-4.96
569286,1724,41512,127,99292,35.00,-7.21,-4.96
569308,1653,41512,143,99034,35.00,-7.21,-4.97
569330,1449,41512,153,98856,35.00,-7.22,-4.95
569352,1571,41512,157,98715,35.00,-7.27,-4.95
569374,1747,42280,166,98616,35.00,-7.24,-4.98
569396,2007,41512,160,98527,35.00,-7.25,-4.97
569418,2085,41512,163,98498,35.00,-7.25,-4.98
569440,2201,41512,148,98507,35.00,-7.26,-4.95
569462,2259,41512,151,98583,35.00,-7.23,-4.92
569484,2213,41512,145,98723,35.00,-7.21,-4.95
569525,1873,41512,151,98940,35.00,-7.20,-4.97
569547,1557,41512,136,98988,35.00,-7.22,-5.00
569569,1863,41512,160,99026,35.00,-7.27,-4.95
569591,1863,41512,167,99090,35.00,-7.24,-4.98
569613,1767,41512,168,99148,35.00,-7.28,-4.98
569635,1689,41512,157,99194,35.00,-7.24,-4.96
569657,1933,41512,155,99259,35.00,-7.23,-4.94
569679,1991,41512,137,99323,35.00,-7.21,-4.96
569701,1889,41512,125,99391,35.00,-7.24,-4.94
569723,1823,41512,117,99443,35.00,-7.24,-4.97
569766,1734,41512,123,99640,35.00,-7.25,-5.00
569788,1611,41512,135,99709,35.00,-7.25,-4.98
569810,1563,41512,157,99773,35.00,-7.24,-4.98
569832,1691,42280,167,99804,35.00,-7.23,-4.98
569854,1755,41512,170,99854,35.00,-7.21,-4.97
569876,1593,41512,159,99914,35.00,-7.22,-4.99
569898,1643,41512,166,99977,35.00,-7.22,-4.98
569920,2026,41512,153,100039,35.00,-7.22,-4.94
569942,2093,41512,153,100100,35.00,-7.23,-4.92
569964,1927,41512,147,100165,35.00,-7.25,-4.98
570382,2231,42280,160,100240,35.83,-7.24,-4.98
570410,1899,41512,127,99165,35.00,-7.27,-4.96
570432,1396,41512,159,99211,35.00,-7.22,-4.96
570454,1469,41512,172,99283,35.00,-7.25,-4.98
570476,1759,41512,182,99336,35.00,-7.22,-4.96
570498,2003,41512,171,99416,35.00,-7.19,-4.92
570520,2005,41512,158,99463,35.00,-7.25,-4.97
570542,1913,41512,133,99508,35.00,-7.23,-4.97
570564,2001,42280,139,99570,35.00,-7.24,-4.96
570586,1967,41512,121,99624,35.00,-7.26,-4.93
570628,1675,42280,136,99773,35.00,-7.21,-4.92
570650,1693,41512,141,99830,35.00,-7.24,-4.97
570672,1640,41512,155,99889,35.00,-7.23,-4.96
570694,1681,41512,158,99940,35.00,-7.26,-4.95
570716,1739,42280,159,99993,35.00,-7.25,-4.96
570738,2023,41512,171,100045,35.00,-7.21,-4.95
570760,2187,42280,153,100091,35.00,-7.23,-4.95
570782,2086,42280,149,100124,35.00,-7.23,-4.98
570804,1867,42280,134,100102,35.00,-7.22,-4.96
570826,1571,42280,133,99909,35.00,-7.24,-4.99
570868,1835,42280,141,98954,35.00,-7.24,-4.97
570890,2246,41512,157,98767,35.00,-7.25,-4.99
570912,1695,41512,167,98636,35.00,-7.25,-4.97
570934,1613,41512,173,98537,35.00,-7.28,-5.00
570956,1559,41512,183,98479,35.00,-7.21,-4.94
570978,1901,41512,183,98442,35.00,-7.24,-4.96
571404,2259,41512,180,98483,36.50,-7.20,-4.95
571433,1783,41000,121,99804,35.00,-7.22,-4.95
571455,1383,41512,151,99881,35.00,-7.24,-4.98
571477,1477,41512,158,99952,35.00,-7.21,-4.96
571499,1631,41512,153,100012,35.00,-7.25,-4.98
571521,1772,41512,145,100062,35.00,-7.23,-4.96
571543,1453,41512,125,100121,35.00,-7.24,-5.00
571565,1941,42280,133,100164,35.00,-7.21,-4.98
571587,2215,41512,139,100109,35.00,-7.26,-4.93
571609,2011,41512,151,99885,35.00,-7.22,-4.92
571650,2013,41512,169,98972,35.00,-7.22,-4.97
571672,2193,41512,173,98841,35.00,-7.22,-4.95
571694,1691,41512,167,98736,35.00,-7.28,-4.99
571716,1308,41512,159,98662,35.00,-7.26,-4.99
571738,1547,41512,149,98612,35.00,-7.22,-5.00
571760,1939,41512,153,98608,35.00,-7.21,-4.98
571782,1854,41512,133,98684,35.00,-7.22,-4.99
571804,1385,41512,115,98796,35.00,-7.23,-4.95
571826,1234,41512,108,98924,35.00,-7.24,-4.97
571848,1640,41512,117,99022,35.00,-7.23,-4.98
571891,1708,41512,125,99163,35.00,-7.24,-4.95
571913,1373,41512,141,99214,35.00,-7.22,-4.95
571935,1450,41512,156,99267,35.00,-7.25,-4.94
571957,1587,41512,167,99320,35.00,-7.22,-4.98
571979,1479,41512,159,99381,35.00,-7.25,-4.99
572427,1687,41512,157,99432,36.97,-7.24,-4.95
572456,1978,42280,123,98782,35.00,-7.22,-4.98
572478,1815,42280,167,98684,35.00,-7.23,-4.98
572500,1817,42280,171,98611,35.00,-7.26,-4.97
572522,1901,42280,171,98590,35.00,-7.22,-4.98
572544,2072,42280,158,98632,35.00,-7.24,-4.97
572566,2115,42280,151,98736,35.00,-7.25,-4.97
572588,2335,42280,155,98880,35.00,-7.28,-4.95
572610,2341,42280,155,98978,35.00,-7.24,-4.98
572652,2279,42280,165,99133,35.00,-7.22,-4.96
572674,1865,42280,171,99190,35.00,-7.24,-4.96
572696,1709,42280,189,99259,35.00,-7.24,-4.95
572718,2143,42280,201,99314,35.00,-7.23,-4.92
572740,1701,42280,187,99374,35.00,-7.21,-4.98
572762,1903,42280,174,99443,35.00,-7.23,-4.97
572784,1835,42792,151,99500,35.00,-7.25,-4.98
572806,1767,42792,124,99564,35.00,-7.20,-4.97
572828,1607,42792,118,99623,35.00,-7.22,-4.95
572850,1318,42792,109,99693,35.00,-7.25,-4.95
572872,1166,42280,108,99760,35.00,-7.22,-4.95
572913,1353,42280,132,99957,35.00,-7.23,-4.96
572935,1115,42792,135,100012,35.00,-7.26,-4.95
572957,874,42792,152,100065,35.00,-7.25,-4.96
572979,1320,42792,164,100128,35.00,-7.21,-4.95
573705,1325,42280,165,100192,37.17,-7.24,-4.97
573735,2195,42792,157,100090,35.00,-7.23,-4.94
573757,1707,42792,141,100148,35.00,-7.25,-5.00
573779,1683,42792,153,100209,35.00,-7.24,-4.96
573801,1687,42792,157,100277,35.00,-7.25,-4.95
573823,1676,42792,149,100322,35.00,-7.24,-4.96
573845,1853,42792,140,100371,35.00,-7.24,-4.98
573867,1676,42792,133,100421,35.00,-7.17,-5.00
573889,1887,43176,125,100376,35.00,-7.23,-4.95
573911,1846,42792,127,100147,35.00,-7.24,-5.00
573933,2009,42792,127,99772,35.00,-7.21,-4.94
573976,1749,42792,135,99011,35.00,-7.25,-4.96
573998,1592,42792,149,98877,35.00,-7.26,-4.96
574020,1349,42792,154,98795,35.00,-7.20,-4.97
574042,1567,42280,171,98703,35.00,-7.25,-4.94
574064,1635,42280,171,98666,35.00,-7.24,-5.01
574086,1775,42792,169,98686,35.00,-7.22,-4.96
574108,2057,42792,167,98783,35.00,-7.26,-4.96
574130,1935,42792,157,98921,35.00,-7.27,-4.96
574152,1577,42792,147,99016,35.00,-7.24,-4.98
574174,1819,42792,157,99107,35.00,-7.24,-4.95
574216,1907,42280,159,99296,35.00,-7.23,-4.95
574238,1809,42280,149,99340,35.00,-7.24,-4.94
574260,1637,42792,164,99407,35.00,-7.26,-4.94
574282,1565,42792,157,99470,35.00,-7.24,-4.97
574304,1956,42792,166,99536,35.00,-7.26,-4.95
574326,1959,42792,147,99577,35.00,-7.22,-5.00
574348,1637,42792,139,99655,35.00,-7.23,-5.00
574370,1741,42792,119,99701,35.00,-7.24,-4.92
574392,1865,42792,117,99746,35.00,-7.25,-4.95
574414,1651,42792,109,99772,35.00,-7.23,-4.97
574436,1481,42792,123,99794,35.00,-7.23,-4.95
574477,1384,42792,133,99828,35.00,-7.22,-4.96
574499,1478,42792,141,99894,35.00,-7.21,-4.95
574521,1567,42792,159,99952,35.00,-7.23,-4.93
574543,1575,42792,167,100014,35.00,-7.24,-4.96
574565,1613,42280,163,100087,35.00,-7.26,-4.96
574587,1725,42280,154,100144,35.00,-7.20,-4.95
574609,1853,42792,151,100205,35.00,-7.24,-4.94
574631,1915,42792,145,100245,35.00,-7.21,-4.98
574653,1999,42792,147,100196,35.00,-7.27,-4.98
574675,2069,42280,151,99968,35.00,-7.24,-4.96
574717,1980,42280,167,99019,35.00,-7.22,-4.96
574739,1933,42280,157,98857,35.00,-7.21,-4.98
574761,1791,42280,171,98749,35.00,-7.25,-4.94
574783,1943,42280,179,98687,35.00,-7.24,-4.93
574805,2025,42280,171,98648,35.00,-7.24,-5.00
574827,2217,42280,176,98648,35.00,-7.22,-4.97
574849,2083,42280,154,98696,35.00,-7.27,-4.98
574871,2534,42280,151,98824,35.00,-7.23,-4.96
574893,1946,42280,109,98967,35.00,-7.24,-4.97
574915,2549,41512,155,99070,35.00,-7.23,-4.97
574937,1213,41512,121,99133,35.00,-7.24,-4.98
574978,1131,41512,135,99270,35.00,-7.23,-5.01
575500,1197,41512,137,99342,35.87,-7.22,-4.96
575539,1418,40392,151,98674,35.00,-7.25,-4.96
575561,1271,40904,138,98622,35.00,-7.23,-4.95
575583,1398,40904,166,98619,35.00,-7.23,-5.01
575605,1611,40904,179,98666,35.00,-7.29,-4.98
575627,1786,40392,172,98775,35.00,-7.24,-4.99
575649,1977,40904,171,98871,35.00,-7.25,-4.98
575671,2133,40904,166,98954,35.00,-7.22,-4.93
575693,2123,40904,147,99005,35.00,-7.22,-4.97
575715,1992,40904,142,99033,35.00,-7.22,-4.97
575737,1828,40392,137,99066,35.00,-7.20,-4.97
575759,1829,40904,151,99111,35.00,-7.23,-4.99
575800,1767,40904,157,99252,35.00,-7.23,-4.94
575822,1719,40904,165,99306,35.00,-7.24,-4.97
575844,1624,40904,169,99371,35.00,-7.25,-4.94
575866,1711,40904,175,99440,35.00,-7.21,-4.94
575888,1783,40904,169,99498,35.00,-7.26,-4.94
575910,2035,40904,167,99556,35.00,-7.21,-4.96
575932,1935,41000,153,99615,35.00,-7.25,-4.98
575954,2038,40904,137,99670,35.00,-7.22,-4.94
575976,1797,40904,125,99715,35.00,-7.24,-4.97
575998,1623,40904,125,99762,35.00,-7.23,-4.96
576040,1438,41000,123,99910,35.00,-7.25,-4.96
576062,1203,41000,138,99966,35.00,-7.24,-4.95
576084,1509,41000,165,100027,35.00,-7.23,-4.97
576106,1625,41000,167,100073,35.00,-7.25,-4.98
576128,1503,40904,168,100116,35.00,-7.24,-4.96
576150,1719,41000,153,100142,35.00,-7.24,-4.99
576172,1783,41000,163,100036,35.00,-7.24,-4.95
576194,1962,41000,137,99762,35.00,-7.24,-4.97
576216,1851,41000,135,99379,35.00,-7.26,-4.97
576238,1819,41000,132,99063,35.00,-7.23,-4.98
576260,1775,41000,143,98854,35.00,-7.19,-4.97
576301,1546,41000,143,98464,35.00,-7.21,-4.97
576323,1335,41000,145,98395,35.00,-7.22,-4.96
576345,1331,41000,157,98377,35.00,-7.26,-4.96
576367,1389,41000,165,98417,35.00,-7.27,-4.96
576389,1429,41000,153,98529,35.00,-7.26,-4.98
576411,1523,41000,148,98637,35.00,-7.25,-4.93
576433,1625,41000,136,98744,35.00,-7.26,-4.95
576455,1453,41512,118,98810,35.00,-7.29,-4.96
576477,1391,41000,114,98858,35.00,-7.22,-4.94
576499,1567,41000,117,98909,35.00,-7.25,-4.97
576542,1480,41512,124,99062,35.00,-7.25,-4.96
576564,1343,41000,141,99147,35.00,-7.24,-4.95
576586,1391,41512,151,99225,35.00,-7.23,-4.97
576608,1357,41512,150,99270,35.00,-7.23,-4.97
576630,1838,41512,159,99340,35.00,-7.22,-5.02
576652,2024,41512,148,99391,35.00,-7.25,-4.98
576674,2175,41512,165,99457,35.00,-7.23,-4.96
576696,2246,41512,137,99509,35.00,-7.23,-4.97
576718,2287,41512,140,99556,35.00,-7.24,-4.97
576740,1973,41512,133,99607,35.00,-7.23,-4.99
576782,1855,41512,147,99753,35.00,-7.24,-4.95
576804,1870,41512,155,99798,35.00,-7.23,-4.96
576826,2039,41512,173,99851,35.00,-7.21,-4.98
576848,2157,41512,176,99907,35.00,-7.22,-4.94
576870,2129,41512,172,99976,35.00,-7.23,-4.96
576892,2069,41512,164,99995,35.00,-7.22,-4.97
576914,2009,41512,147,100006,35.00,-7.22,-4.98
576936,2217,42280,135,99898,35.00,-7.23,-4.99
576958,2126,42280,123,99600,35.00,-7.23,-5.00
576980,1803,41512,117,99221,35.00,-7.21,-4.97
577539,1325,42280,121,98918,35.99,-7.24,-4.96
577569,2153,42280,109,99631,35.00,-7.21,-4.97
577591,1417,42280,155,99687,35.00,-7.24,-4.97
577613,1689,42280,151,99756,35.00,-7.23,-4.97
577635,1789,42280,147,99814,35.00,-7.24,-4.99
577657,1961,42280,137,99858,35.00,-7.24,-4.96
577679,1977,42280,141,99875,35.00,-7.22,-4.98
577701,2173,42280,138,99886,35.00,-7.25,-4.98
577723,1911,42280,147,99724,35.00,-7.27,-4.96
577765,2325,42280,164,98783,35.00,-7.24,-4.94
577787,1662,42280,157,98618,35.00,-7.24,-4.99
577809,1630,42280,171,98513,35.00,-7.21,-4.98
577831,2029,42280,181,98417,35.00,-7.25,-4.97
577853,2002,42280,166,98362,35.00,-7.23,-4.98
577875,1855,42280,160,98328,35.00,-7.23,-4.93
577897,1989,42280,151,98353,35.00,-7.22,-4.98
577919,2235,42280,141,98457,35.00,-7.23,-4.98
577941,2249,42280,135,98587,35.00,-7.24,-4.98
577963,1919,42280,139,98692,35.00,-7.26,-4.96
578562,1815,42280,143,98804,35.93,-7.23,-4.98
578592,1847,41512,120,98391,35.00,-7.22,-4.96
578614,1768,41512,168,98350,35.00,-7.22,-4.98
578636,1899,41512,167,98344,35.00,-7.22,-4.96
578658,2044,41512,157,98366,35.00,-7.26,-5.01
578680,2335,42280,151,98463,35.00,-7.24,-4.97
578702,2265,42280,140,98578,35.00,-7.23,-4.96
578724,2233,42280,137,98689,35.00,-7.27,-4.96
578746,1949,42280,151,98767,35.00,-7.25,-4.96
578787,1627,42280,143,98926,35.00,-7.24,-4.99
578809,1562,42280,157,98975,35.00,-7.23,-4.97
578831,1625,42280,163,99046,35.00,-7.24,-4.94
578853,1777,42280,179,99117,35.00,-7.23,-4.95
578875,1992,42280,171,99184,35.00,-7.23,-4.94
578897,2159,42280,179,99241,35.00,-7.19,-4.96
578919,2140,41512,160,99323,35.00,-7.24,-4.97
578941,1997,41512,149,99395,35.00,-7.24,-4.99
578963,1991,42280,141,99463,35.00,-7.23,-4.97
578985,1869,41512,142,99534,35.00,-7.25,-4.98
579028,1696,42280,137,99691,35.00,-7.24,-4.99
579050,1195,42280,147,99752,35.00,-7.22,-5.00
579072,1193,42280,153,99815,35.00,-7.25,-4.94
579094,1339,42280,159,99859,35.00,-7.25,-4.97
579116,1467,42280,153,99906,35.00,-7.22,-4.99
579138,1691,42280,149,99972,35.00,-7.21,-4.97
579160,1751,42280,131,100045,35.00,-7.23,-4.98
579182,1663,42280,133,100097,35.00,-7.24,-4.96
579204,1583,42792,121,100133,35.00,-7.23,-4.92
579226,1622,42280,139,100099,35.00,-7.22,-4.96
579268,1401,42280,142,99156,35.00,-7.26,-4.95
579290,1619,42280,166,98909,35.00,-7.24,-4.94
579312,1880,42280,181,98751,35.00,-7.25,-4.96
579334,1915,42280,173,98635,35.00,-7.24,-4.96
579356,2040,42280,170,98548,35.00,-7.23,-4.98
579378,1785,42280,149,98502,35.00,-7.22,-4.97
579400,1787,42280,135,98489,35.00,-7.22,-4.97
579422,1677,42792,115,98523,35.00,-7.26,-4.96
579444,1638,42792,107,98617,35.00,-7.25,-4.98
579466,1476,42280,110,98757,35.00,-7.24,-4.96
579488,1177,42280,118,98880,35.00,-7.24,-4.97
579529,1163,42280,141,98993,35.00,-7.28,-4.97
579551,1399,42280,159,99049,35.00,-7.24,-4.99
579573,1533,42280,169,99108,35.00,-7.22,-4.95
579595,1700,42280,177,99178,35.00,-7.26,-4.95
579617,1974,42280,175,99247,35.00,-7.26,-4.96
579639,2099,42792,163,99312,35.00,-7.26,-4.95
579661,2409,42792,153,99390,35.00,-7.25,-4.95
579683,2415,42792,137,99458,35.00,-7.23,-4.95
579705,2088,42792,117,99524,35.00,-7.25,-4.91
579727,1892,42792,117,99588,35.00,-7.23,-4.97
579769,1544,42792,126,99774,35.00,-7.24,-4.97
579791,1269,42792,139,99827,35.00,-7.25,-4.94
579813,1359,42280,157,99878,35.00,-7.26,-4.96
579835,1497,42280,174,99932,35.00,-7.22,-5.00
579857,1643,42280,180,99972,35.00,-7.25,-4.96
579879,1789,42280,191,100034,35.00,-7.25,-4.96
579901,2765,42280,185,100075,35.00,-7.25,-4.97
579923,2833,42280,166,100130,35.00,-7.24,-4.98
579945,2278,42280,137,100178,35.00,-7.27,-4.96
579967,1907,42792,121,100204,35.00,-7.23,-4.98
579989,1591,42792,117,100150,35.00,-7.24,-4.96
580030,1223,42280,123,99213,35.00,-7.27,-4.96
580052,1354,42792,142,98951,35.00,-7.24,-4.95
580074,1419,42792,153,98790,35.00,-7.25,-4.96
580096,1377,42280,159,98674,35.00,-7.22,-4.95
580118,1497,42280,157,98580,35.00,-7.24,-5.00
580140,1875,42280,165,98513,35.00,-7.24,-4.96
580162,2001,42280,153,98505,35.00,-7.25,-4.93
580184,1804,42280,149,98541,35.00,-7.25,-5.00
580206,2131,42280,151,98657,35.00,-7.21,-4.96
580228,2373,42280,153,98787,35.00,-7.27,-4.97
580271,1883,42280,146,99012,35.00,-7.24,-4.95
580293,1402,42280,152,99076,35.00,-7.26,-5.00
580315,1641,42280,157,99136,35.00,-7.23,-4.95
580337,1657,42280,163,99180,35.00,-7.27,-4.98
580359,1397,42280,139,99246,35.00,-7.22,-4.96
580381,1525,42792,139,99316,35.00,-7.24,-4.96
580403,1791,42792,123,99390,35.00,-7.29,-4.94
580425,1824,42792,134,99459,35.00,-7.23,-4.96
580447,1568,42792,120,99536,35.00,-7.24,-4.98
580469,1449,42792,139,99612,35.00,-7.21,-4.97
580511,1407,42792,143,99790,35.00,-7.23,-4.97
580533,1672,42280,165,99832,35.00,-7.24,-4.96
580555,1749,42280,170,99888,35.00,-7.26,-4.96
580577,1801,42280,170,99941,35.00,-7.22,-4.92
580599,1907,42280,163,99996,35.00,-7.24,-4.94
580621,1982,42792,149,100049,35.00,-7.24,-4.94
580643,2045,42792,137,100117,35.00,-7.23,-4.91
580665,1901,42792,119,100189,35.00,-7.24,-4.96
580687,1817,42792,119,100238,35.00,-7.23,-4.97
580709,1526,42792,118,100282,35.00,-7.22,-4.97
580731,1323,42792,137,100325,35.00,-7.23,-4.95
580772,1069,42792,151,99688,35.00,-7.20,-4.96
580794,1689,42280,183,99336,35.00,-7.20,-4.95
580816,1641,42280,186,99075,35.00,-7.21,-4.98
580838,1541,42280,185,98916,35.00,-7.24,-4.98
580860,1999,42280,171,98795,35.00,-7.25,-4.96
580882,2063,42280,158,98696,35.00,-7.23,-4.98
580904,2045,42792,135,98642,35.00,-7.21,-4.95
580926,2094,42792,132,98616,35.00,-7.26,-4.95
580948,1973,42792,124,98653,35.00,-7.24,-4.96
580970,1723,42792,123,98752,35.00,-7.22,-4.96
581373,1477,42792,133,99060,35.95,-7.21,-4.97
581413,1465,41512,167,100141,35.00,-7.22,-4.98
581435,1675,42280,168,100194,35.00,-7.29,-4.91
581457,1949,42280,181,100238,35.00,-7.23,-4.97
581479,1685,42280,170,100285,35.00,-7.23,-4.94
581501,1829,42280,159,100304,35.00,-7.26,-4.97
581523,1635,42280,147,100191,35.00,-7.21,-4.98
581545,1673,42280,126,99863,35.00,-7.22,-4.92
581567,1624,42280,122,99483,35.00,-7.26,-4.92
581589,1541,42280,116,99173,35.00,-7.24,-4.96
581611,1401,42280,118,98965,35.00,-7.22,-4.94
581633,1139,42280,119,98848,35.00,-7.25,-4.97
581674,1131,41512,148,98661,35.00,-7.26,-4.97
581696,1287,41512,155,98663,35.00,-7.25,-4.95
581718,1414,41512,167,98760,35.00,-7.23,-4.97
581740,1567,41512,165,98898,35.00,-7.22,-4.98
581762,1815,41512,165,99010,35.00,-7.25,-4.97
581784,2185,42280,157,99073,35.00,-7.23,-4.97
581806,2205,42280,147,99122,35.00,-7.23,-4.95
581828,2223,42280,139,99150,35.00,-7.22,-4.95
581850,2167,42280,137,99192,35.00,-7.23,-4.97
581872,1883,42280,124,99251,35.00,-7.27,-4.94
581915,1551,42280,141,99409,35.00,-7.23,-4.95
581937,1513,42280,144,99464,35.00,-7.24,-4.94
581959,1404,42280,153,99537,35.00,-7.26,-5.00
581981,1357,42280,151,99585,35.00,-7.25,-4.95
582395,1560,42280,153,99654,36.59,-7.23,-4.94
582436,1913,41512,164,98600,35.00,-7.24,-4.94
582458,1577,41512,159,98608,35.00,-7.24,-4.98
582480,1738,41512,173,98686,35.00,-7.26,-4.95
582502,2080,41512,172,98796,35.00,-7.27,-4.93
582524,1587,41512,159,98931,35.00,-7.26,-4.99
582546,1801,41512,147,99001,35.00,-7.26,-4.96
582568,1811,41512,137,99053,35.00,-7.25,-4.97
582590,1854,41512,133,99099,35.00,-7.26,-5.00
582612,1595,41512,125,99146,35.00,-7.22,-5.01
582634,1199,41512,124,99203,35.00,-7.22,-4.98
582676,1095,41512,138,99397,35.00,-7.22,-4.99
582698,1237,42280,152,99467,35.00,-7.23,-4.96
582720,1620,42280,159,99538,35.00,-7.24,-4.95
582742,1379,41512,163,99609,35.00,-7.26,-4.95
582764,1707,41512,157,99673,35.00,-7.24,-4.97
582786,1959,42280,157,99747,35.00,-7.22,-4.96
582808,2184,42280,139,99802,35.00,-7.24,-4.98
582830,2175,42280,137,99868,35.00,-7.23,-4.95
582852,2031,42280,125,99926,35.00,-7.27,-4.95
582874,1736,42280,133,99983,35.00,-7.24,-4.97
582896,1471,42280,135,100022,35.00,-7.23,-5.00
582937,1337,42280,155,100224,35.00,-7.21,-4.98
582959,1361,42280,157,100275,35.00,-7.24,-4.96
582981,1581,42280,169,100344,35.00,-7.23,-4.96
583418,1627,42280,169,100393,37.22,-7.25,-4.97
583458,1677,42280,167,99460,35.00,-7.24,-5.00
583480,1405,42280,159,99512,35.00,-7.21,-4.98
583502,1319,42280,165,99557,35.00,-7.23,-4.99
583524,1663,42280,169,99589,35.00,-7.21,-5.00
583546,1750,42280,173,99632,35.00,-7.22,-4.99
583568,1455,42280,151,99694,35.00,-7.20,-4.96
583590,2376,42792,155,99758,35.00,-7.29,-4.96
583612,2140,42792,139,99805,35.00,-7.21,-4.94
583634,1819,42792,124,99847,35.00,-7.24,-4.96
583656,1610,42792,136,99887,35.00,-7.23,-4.96
583678,1394,42792,147,99939,35.00,-7.25,-4.94
583719,1327,42792,152,100070,35.00,-7.28,-4.97
583741,1343,42792,157,100133,35.00,-7.23,-4.99
583763,1439,42792,165,100180,35.00,-7.25,-4.96
583785,1652,42792,169,100203,35.00,-7.24,-4.93
583807,1855,42792,167,100184,35.00,-7.22,-4.95
583829,1955,42792,171,100012,35.00,-7.24,-4.94
583851,2013,42792,159,99676,35.00,-7.25,-4.95
583873,2004,42792,153,99281,35.00,-7.24,-4.99
583895,1940,42792,147,98964,35.00,-7.24,-4.96
583917,1883,42280,149,98775,35.00,-7.21,-4.94
583959,1484,42792,141,98479,35.00,-7.25,-4.96
583981,1242,42792,145,98429,35.00,-7.25,-4.98
584696,1315,42792,157,98427,36.94,-7.23,-4.98
584721,1757,42280,137,98545,35.00,-7.21,-4.99
584743,1433,42792,163,98460,35.00,-7.23,-4.97
584765,1385,42792,159,98431,35.00,-7.23,-4.94
584787,1606,42792,160,98431,35.00,-7.22,-4.98
584809,1811,42792,153,98493,35.00,-7.25,-4.93
584831,1831,42280,151,98598,35.00,-7.24,-4.97
584853,1803,42280,139,98724,35.00,-7.20,-4.94
584875,1769,42280,132,98811,35.00,-7.21,-4.97
584897,1853,42280,133,98851,35.00,-7.22,-4.99
584919,1754,42280,148,98889,35.00,-7.25,-4.99
584941,1641,42280,148,98940,35.00,-7.22,-4.96
584982,1495,42280,157,99092,35.00,-7.25,-4.98
585719,1427,42280,155,99179,35.90,-7.19,-4.98
585744,1408,42280,123,99222,35.00,-7.22,-4.98
585766,1433,42280,164,99307,35.00,-7.25,-4.92
585788,1843,42280,175,99368,35.00,-7.24,-5.01
585810,1876,42280,163,99430,35.00,-7.25,-4.91
585832,1941,42280,159,99494,35.00,-7.27,-4.96
585854,2011,42792,139,99550,35.00,-7.26,-4.96
585876,1797,42792,134,99621,35.00,-7.23,-4.98
585898,1609,42792,122,99674,35.00,-7.26,-4.95
585920,2568,42792,149,99724,35.00,-7.24,-4.94
585942,1970,42280,153,99779,35.00,-7.25,-4.95
585984,1791,42280,169,99927,35.00,-7.24,-4.96
586743,1692,42792,180,99964,35.78,-7.24,-4.96
586768,1580,42280,140,99589,35.00,-7.24,-4.95
586790,1611,42280,163,99656,35.00,-7.26,-4.96
586812,1727,42280,165,99705,35.00,-7.23,-4.96
586834,1855,42792,151,99767,35.00,-7.22,-4.95
586856,2027,42792,146,99819,35.00,-7.23,-5.02
586878,1927,42792,133,99867,35.00,-7.23,-4.93
586900,1861,42792,127,99848,35.00,-7.24,-4.96
586922,1823,42792,128,99624,35.00,-7.27,-4.97
586944,1757,42792,153,99255,35.00,-7.23,-4.93
586987,1724,42792,162,98442,35.00,-7.22,-4.96
587510,1639,42280,173,98349,35.65,-7.24,-5.02
587548,1763,42792,179,99617,35.00,-7.25,-4.96
587570,1531,42792,160,99693,35.00,-7.21,-4.99
587592,1910,42792,175,99774,35.00,-7.25,-4.97
587614,1819,43176,167,99831,35.00,-7.22,-4.98
587636,1813,42792,149,99877,35.00,-7.22,-4.97
587658,1927,42792,136,99857,35.00,-7.24,-4.93
587680,1886,42792,123,99673,35.00,-7.24,-4.97
587702,1658,42792,117,99312,35.00,-7.23,-5.00
587724,1390,43176,123,98930,35.00,-7.26,-5.01
587746,1291,42792,133,98659,35.00,-7.24,-4.97
587788,1270,43176,148,98283,35.00,-7.23,-4.98
587810,1623,43176,159,98216,35.00,-7.22,-4.96
587832,1779,43176,175,98189,35.00,-7.21,-4.97
587854,1635,43176,159,98218,35.00,-7.23,-4.99
587876,1592,42792,153,98307,35.00,-7.25,-4.96
587898,1823,43176,143,98440,35.00,-7.26,-4.93
587920,1830,43176,135,98552,35.00,-7.23,-4.96
587942,1684,43176,123,98634,35.00,-7.23,-4.96
587964,1609,43176,134,98681,35.00,-7.27,-4.92
587986,1547,43176,141,98717,35.00,-7.23,-4.95
588532,1579,43176,153,98759,35.33,-7.25,-4.94
588570,1759,43176,167,98215,35.00,-7.27,-4.95
588592,1301,43176,149,98237,35.00,-7.22,-4.96
588614,1598,43176,157,98315,35.00,-7.19,-4.95
588636,2771,43176,174,98451,35.00,-7.25,-4.97
588658,1939,43176,151,98597,35.00,-7.26,-4.96
588680,1977,43176,135,98679,35.00,-7.21,-4.96
588702,2328,43176,137,98733,35.00,-7.24,-4.98
588724,2065,43688,121,98777,35.00,-7.25,-4.97
588746,1557,43176,123,98829,35.00,-7.20,-4.95
588768,1653,43176,147,98894,35.00,-7.22,-4.94
588790,1579,43176,157,98961,35.00,-7.21,-4.98
588831,1571,43176,179,99141,35.00,-7.25,-4.97
588853,1781,43176,171,99236,35.00,-7.25,-4.95
588875,1839,43176,167,99305,35.00,-7.26,-4.95
588897,1977,43176,165,99366,35.00,-7.24,-4.98
588919,2067,43176,155,99416,35.00,-7.23,-4.96
588941,1989,43176,127,99467,35.00,-7.26,-4.96
588963,2035,43176,137,99525,35.00,-7.29,-4.99
588985,2029,43176,127,99587,35.00,-7.23,-4.97
589555,1736,43176,140,99637,35.67,-7.24,-4.98
589593,1707,43176,154,99111,35.00,-7.25,-4.97
589615,1098,43176,151,99188,35.00,-7.22,-4.98
589637,1383,43176,159,99254,35.00,-7.25,-4.95
589659,1675,43176,156,99300,35.00,-7.21,-4.97
589681,1989,43176,160,99360,35.00,-7.25,-5.00
589703,2093,43176,152,99417,35.00,-7.22,-4.99
589725,2136,43176,150,99475,35.00,-7.24,-4.97
589747,2037,43176,139,99525,35.00,-7.25,-4.95
589769,1790,43176,136,99581,35.00,-7.26,-4.96
589791,1771,43176,147,99639,35.00,-7.21,-5.01
589833,1613,43176,155,99826,35.00,-7.23,-4.94
589855,1527,43176,158,99860,35.00,-7.22,-4.95
589877,1715,43176,158,99891,35.00,-7.23,-4.94
589899,1768,43176,153,99832,35.00,-7.24,-4.96
589921,1897,43176,149,99581,35.00,-7.26,-4.95
589943,1998,43176,135,99168,35.00,-7.22,-4.95
589965,2073,43176,135,98815,35.00,-7.23,-4.96
589987,1894,43176,121,98585,35.00,-7.22,-4.98
590578,1755,43176,135,98443,35.75,-7.25,-4.95
590615,1835,43176,164,99984,35.00,-7.23,-4.98
590637,1755,43176,169,99980,35.00,-7.22,-4.96
590659,1839,43176,169,99810,35.00,-7.23,-4.96
590681,2059,43176,167,99453,35.00,-7.27,-4.95
590703,1943,43176,149,99079,35.00,-7.22,-4.98
590725,2065,43176,135,98780,35.00,-7.20,-4.99
590747,2075,43176,119,98624,35.00,-7.24,-4.95
590769,1943,43176,115,98516,35.00,-7.23,-4.97
590791,1810,43176,117,98442,35.00,-7.25,-4.95
590813,1714,43176,137,98400,35.00,-7.22,-4.95
590835,1685,43176,146,98382,35.00,-7.24,-4.95
590876,1704,43176,163,98603,35.00,-7.26,-4.93
590898,1694,43176,156,98732,35.00,-7.24,-4.96
590920,1899,43176,167,98800,35.00,-7.24,-4.97
590942,2203,43176,158,98827,35.00,-7.26,-4.97
590964,2377,43176,151,98874,35.00,-7.19,-4.95
590986,1811,43176,123,98917,35.00,-7.26,-4.98
591348,2315,43176,126,98984,35.84,-7.28,-4.96
591377,1966,43176,121,99962,35.00,-7.22,-4.97
591399,1683,43176,162,99853,35.00,-7.24,-4.97
591421,1670,43176,159,99550,35.00,-7.22,-4.94
591443,1723,43176,151,99180,35.00,-7.27,-4.96
591465,1835,43176,135,98884,35.00,-7.24,-4.95
591487,1765,43688,117,98723,35.00,-7.28,-4.97
591509,1453,43688,110,98653,35.00,-7.22,-5.00
591531,1568,43688,111,98599,35.00,-7.22,-4.93
591553,1581,43688,125,98566,35.00,-7.21,-5.01
591575,1629,43176,151,98568,35.00,-7.23,-4.98
591618,1757,43176,169,98841,35.00,-7.19,-4.96
591640,1762,43176,178,98927,35.00,-7.23,-4.95
591662,1834,43176,168,98972,35.00,-7.23,-4.94
591684,1855,43176,155,98997,35.00,-7.26,-4.96
591706,1909,43688,136,99046,35.00,-7.23,-4.97
591728,1861,43688,118,99073,35.00,-7.25,-4.92
591750,1755,43688,109,99127,35.00,-7.24,-4.97
591772,1670,43688,115,99186,35.00,-7.22,-4.96
591794,1551,43688,121,99253,35.00,-7.24,-4.96
591816,1423,43688,135,99320,35.00,-7.22,-4.94
591858,1380,43688,151,99518,35.00,-7.20,-4.93
591880,1517,43688,154,99568,35.00,-7.25,-4.97
591902,1651,43688,157,99638,35.00,-7.23,-4.98
591924,1839,43688,147,99693,35.00,-7.25,-4.94
591946,1850,43688,141,99758,35.00,-7.25,-4.94
591968,1819,43688,119,99802,35.00,-7.24,-4.95
591990,1789,43688,119,99864,35.00,-7.24,-4.95
592368,1609,43688,115,99927,36.55,-7.20,-4.97
592399,2139,43688,135,99034,35.00,-7.23,-4.95
592421,1467,43688,167,99069,35.00,-7.23,-4.98
592443,1416,43688,159,99102,35.00,-7.24,-4.98
592465,2663,43688,197,99142,35.00,-7.22,-4.96
592487,1701,43176,156,99180,35.00,-7.25,-4.95
592509,2021,43688,148,99245,35.00,-7.26,-4.96
592531,1865,43688,136,99281,35.00,-7.23,-4.96
592553,1915,43688,135,99328,35.00,-7.25,-4.94
592575,1743,43688,126,99378,35.00,-7.23,-4.99
592597,1496,43688,145,99417,35.00,-7.23,-4.96
592619,1385,43688,149,99461,35.00,-7.22,-4.98
592660,1403,43688,154,99599,35.00,-7.23,-4.97
592682,1485,43688,157,99633,35.00,-7.25,-4.94
592704,1516,43176,166,99678,35.00,-7.25,-4.93
592726,1778,43688,160,99702,35.00,-7.21,-4.99
592748,1861,43688,164,99736,35.00,-7.23,-4.97
592770,1991,43688,141,99772,35.00,-7.24,-4.94
592792,1929,43688,135,99835,35.00,-7.27,-4.96
592814,1767,43688,119,99892,35.00,-7.25,-4.95
592836,1604,43688,127,99945,35.00,-7.21,-4.95
592858,1400,43688,123,99998,35.00,-7.23,-4.94
592901,1251,43688,137,99728,35.00,-7.24,-4.98
592923,1113,43688,141,99362,35.00,-7.26,-4.96
592945,1141,43688,139,99023,35.00,-7.27,-4.97
592967,1609,43688,133,98796,35.00,-7.24,-4.96
592989,1657,43176,127,98696,35.00,-7.27,-4.98
593390,1781,43176,119,98637,36.20,-7.28,-4.95
593422,1981,43688,127,99625,35.00,-7.24,-4.96
593444,1509,43688,163,99682,35.00,-7.23,-4.94
593466,1588,43688,163,99729,35.00,-7.26,-4.98
593488,1695,43688,153,99774,35.00,-7.20,-4.95
593510,1850,43688,158,99841,35.00,-7.22,-4.99
593532,1959,43688,139,99894,35.00,-7.25,-4.98
593554,2043,43688,141,99955,35.00,-7.28,-4.99
593576,1827,43688,135,100005,35.00,-7.22,-4.96
593598,1691,43688,146,100052,35.00,-7.27,-4.97
593620,1461,43688,139,100060,35.00,-7.22,-4.96
593662,1477,43688,155,99208,35.00,-7.22,-4.97
593684,1507,43688,152,98922,35.00,-7.21,-4.94
593706,1609,43688,151,98759,35.00,-7.23,-4.99
593728,1690,43688,149,98688,35.00,-7.24,-4.96
593750,1753,43688,116,98651,35.00,-7.21,-4.95
593772,1819,43688,126,98622,35.00,-7.22,-5.00
593794,1789,43688,119,98612,35.00,-7.21,-4.98
593816,1619,43688,114,98664,35.00,-7.24,-4.93
593838,1401,43688,109,98774,35.00,-7.23,-4.94
593860,1239,43688,119,98915,35.00,-7.24,-4.98
593882,1191,43688,137,99010,35.00,-7.23,-4.96
593923,1180,43688,147,99150,35.00,-7.25,-4.95
593945,1518,43688,169,99205,35.00,-7.25,-4.96
593967,1801,43688,171,99238,35.00,-7.22,-4.95
593989,2265,43688,175,99289,35.00,-7.24,-4.96
594413,1976,43688,153,99347,36.17,-7.24,-4.97
594444,2163,43176,139,98631,35.00,-7.26,-4.94
594466,1861,43688,175,98550,35.00,-7.24,-4.93
594488,2035,43688,179,98487,35.00,-7.22,-4.93
594510,2216,43688,167,98443,35.00,-7.25,-4.95
594532,2373,43176,165,98444,35.00,-7.22,-4.97
594554,2251,43688,138,98523,35.00,-7.23,-4.95
594576,2159,43688,133,98651,35.00,-7.22,-4.97
594598,2008,43688,119,98773,35.00,-7.24,-4.96
594620,1753,43688,123,98836,35.00,-7.23,-4.95
594642,1575,43176,136,98881,35.00,-7.23,-4.95
594664,1323,43176,155,98924,35.00,-7.24,-4.97
594705,1645,43176,165,99067,35.00,-7.23,-4.98
594727,1705,43176,168,99141,35.00,-7.24,-4.97
594749,1759,43176,169,99206,35.00,-7.23,-4.96
594771,1913,43176,160,99274,35.00,-7.24,-4.97
594793,1995,43176,153,99324,35.00,-7.26,-4.96
594815,2009,43176,139,99361,35.00,-7.22,-4.98
594837,2084,43176,137,99417,35.00,-7.23,-4.96
594859,1855,43176,133,99482,35.00,-7.27,-4.95
594881,1644,43176,137,99542,35.00,-7.24,-4.95
594903,1545,43176,141,99590,35.00,-7.20,-4.98
594945,1400,43176,155,99704,35.00,-7.21,-4.96
594967,1432,43176,165,99752,35.00,-7.23,-4.94
594989,1587,43176,178,99813,35.00,-7.22,-4.95
595435,1895,43176,183,99862,36.24,-7.25,-4.94
595467,2059,42792,141,98841,35.00,-7.24,-4.93
595489,1641,42792,169,98902,35.00,-7.25,-4.93
595511,1773,42792,161,98979,35.00,-7.24,-4.98
595533,1829,42792,161,99026,35.00,-7.24,-4.96
595555,2039,42792,151,99086,35.00,-7.23,-4.97
595577,1885,42792,123,99131,35.00,-7.24,-4.95
595599,1901,43176,119,99173,35.00,-7.20,-4.91
595621,1207,43176,105,99215,35.00,-7.24,-4.99
595643,2027,43176,140,99239,35.00,-7.27,-4.96
595665,1803,43176,147,99296,35.00,-7.24,-4.97
595707,1716,43176,169,99438,35.00,-7.24,-4.96
595729,1341,43176,158,99467,35.00,-7.21,-4.92
595751,1764,43176,166,99496,35.00,-7.22,-4.98
595773,2030,43176,159,99512,35.00,-7.24,-4.95
595795,2013,43176,149,99477,35.00,-7.22,-5.00
595817,2219,43176,138,99254,35.00,-7.21,-4.96
595839,2395,43176,136,98890,35.00,-7.26,-4.96
595861,1593,43176,119,98518,35.00,-7.22,-4.97
595883,1399,43176,123,98271,35.00,-7.21,-4.92
595905,1543,42792,145,98121,35.00,-7.26,-4.95
595927,1671,42792,156,98016,35.00,-7.24,-4.96
595968,1606,42792,171,97810,35.00,-7.25,-4.99
595990,1496,42792,165,97850,35.00,-7.22,-4.98
596714,1622,42792,163,97967,37.24,-7.22,-4.99
596750,1429,42792,136,97532,35.00,-7.24,-5.01
596772,1659,42280,169,97606,35.00,-7.23,-4.96
596794,2037,42792,171,97646,35.00,-7.27,-4.98
596816,2171,42792,169,97662,35.00,-7.24,-4.96
596838,2059,42792,157,97683,35.00,-7.23,-4.99
596860,2149,42792,157,97703,35.00,-7.24,-4.95
596882,2217,42792,148,97749,35.00,-7.25,-4.95
596904,2055,42792,152,97811,35.00,-7.22,-4.97
596926,1832,42792,149,97864,35.00,-7.25,-4.96
596948,1611,42792,157,97916,35.00,-7.24,-4.93
596990,1501,42792,155,98132,35.00,-7.23,-4.98
597737,1291,42792,151,98181,36.42,-7.22,-4.96
597772,2024,42792,149,98407,35.00,-7.21,-4.96
597794,1555,42792,157,98438,35.00,-7.22,-5.00
597816,1811,42792,159,98467,35.00,-7.26,-4.94
597838,1875,42792,157,98484,35.00,-7.20,-4.96
597860,2079,42792,147,98506,35.00,-7.21,-4.94
597882,2149,42792,137,98543,35.00,-7.26,-4.92
597904,2093,42792,124,98586,35.00,-7.25,-4.99
597926,1961,42792,125,98628,35.00,-7.21,-4.95
597948,1807,42792,126,98664,35.00,-7.26,-4.93
597970,1735,42792,139,98668,35.00,-7.21,-4.96
598513,1635,42792,151,97956,36.85,-7.22,-4.96
598554,1812,42280,173,98646,35.00,-7.20,-4.97
598576,1264,42280,153,98707,35.00,-7.18,-4.96
598598,1561,42280,167,98756,35.00,-7.21,-4.98
598620,1753,42792,163,98818,35.00,-7.22,-4.96
598642,1824,42792,155,98886,35.00,-7.25,-4.93
598664,2007,42792,141,98952,35.00,-7.21,-4.97
598686,1519,42792,136,99005,35.00,-7.20,-4.92
598708,1633,42792,121,99022,35.00,-7.22,-4.96
598730,1631,42792,149,98974,35.00,-7.26,-4.93
598752,1331,42792,143,98761,35.00,-7.22,-4.98
598795,1425,42792,165,97888,35.00,-7.23,-4.95
598817,1439,42792,174,97794,35.00,-7.23,-4.97
598839,2379,42792,203,97735,35.00,-7.27,-4.96
598861,1851,42792,158,97673,35.00,-7.24,-4.96
598883,1709,42792,134,97641,35.00,-7.20,-4.97
598905,1363,43176,112,97653,35.00,-7.23,-4.96
598927,1455,43176,108,97728,35.00,-7.22,-4.97
598949,1496,43176,109,97850,35.00,-7.24,-4.97
598971,1229,43176,115,97961,35.00,-7.24,-4.97
598993,1097,42792,125,98056,35.00,-7.19,-4.93
599035,1135,43176,141,98202,35.00,-7.22,-4.98
599057,1392,43176,151,98234,35.00,-7.25,-4.98
599079,1593,43176,149,98281,35.00,-7.21,-4.98
599101,1833,43176,146,98332,35.00,-7.23,-4.94
599123,1683,43176,137,98392,35.00,-7.26,-4.91
599145,1720,43176,122,98451,35.00,-7.25,-4.96
599167,1742,43176,109,98522,35.00,-7.24,-4.96
599189,1758,43176,107,98571,35.00,-7.22,-4.97
599211,1317,43176,115,98634,35.00,-7.23,-4.97
599233,1187,43176,123,98702,35.00,-7.21,-4.96
599276,1383,43176,151,98813,35.00,-7.22,-4.95
599298,1573,43176,157,98841,35.00,-7.22,-4.97
599320,1708,43176,157,98896,35.00,-7.27,-4.95
599342,1952,43176,149,98920,35.00,-7.26,-4.96
599364,2075,43176,188,98982,35.00,-7.25,-4.97
599386,3576,43176,263,99030,35.00,-7.23,-4.96
599408,3597,43176,191,99091,35.00,-7.24,-4.94
599430,1941,43176,111,99132,35.00,-7.21,-4.96
599452,1322,43176,89,99161,35.00,-7.26,-4.96
599474,821,43176,73,99139,35.00,-7.23,-4.94
599516,0,43176,119,98309,35.00,-7.25,-4.98
599538,1469,43176,147,98075,35.00,-7.23,-4.98
599560,1617,43176,151,97962,35.00,-7.25,-4.97
599582,1751,43176,157,97909,35.00,-7.23,-4.95
599604,2453,43176,172,97868,35.00,-7.25,-4.98
599626,1919,43176,123,97832,35.00,-7.25,-4.98
599648,1998,43176,123,97850,35.00,-7.26,-4.97
599670,1883,43688,115,97940,35.00,-7.27,-4.98
599692,1597,43688,105,98061,35.00,-7.23,-4.98
599714,1553,43176,127,98170,35.00,-7.23,-4.96
599736,1733,43176,173,98240,35.00,-7.24,-4.95
599777,1881,43176,183,98344,35.00,-7.25,-4.95
599799,1916,43176,185,98405,35.00,-7.25,-4.96
599821,2166,43176,217,98463,35.00,-7.22,-4.97
599843,2438,43688,203,98517,35.00,-7.22,-5.00
599865,2484,43688,181,98582,35.00,-7.26,-4.98
599887,2419,43688,157,98649,35.00,-7.25,-4.96
599909,2136,43688,149,98716,35.00,-7.25,-4.97
599931,1804,43688,184,98789,35.00,-7.27,-4.98
599953,3671,43176,367,98854,35.00,-7.24,-4.99
599975,3693,42792,585,98919,35.00,-7.24,-4.95
600549,3702,42792,701,99103,36.29,-7.22,-4.98
600579,3212,43176,214,98942,35.00,-7.25,-4.94
600601,2120,43176,201,99043,35.00,-7.23,-4.98
600623,1903,43176,179,99142,35.00,-7.26,-4.97
600645,1785,43688,175,99212,35.00,-7.24,-4.94
600667,1799,43176,173,99292,35.00,-7.22,-4.95
600689,2412,43176,177,99356,35.00,-7.23,-4.96
600711,2031,43688,156,99432,35.00,-7.22,-4.99
600733,1873,43688,143,99501,35.00,-7.20,-4.97
600755,1574,43688,143,99555,35.00,-7.23,-4.98
600777,1674,43688,165,99614,35.00,-7.20,-4.95
600819,1767,43688,191,99786,35.00,-7.25,-4.97
600841,1797,43688,201,99838,35.00,-7.24,-4.94
600863,1787,43688,198,99910,35.00,-7.25,-4.98
600885,1817,43688,172,99973,35.00,-7.27,-4.97
600907,1695,43688,156,100022,35.00,-7.25,-4.96
600929,1614,43688,133,100028,35.00,-7.24,-4.96
600951,1529,43688,117,99904,35.00,-7.22,-4.97
600973,1308,44456,107,99634,35.00,-7.22,-4.94
600995,1203,44456,126,99332,35.00,-7.23,-4.94
601571,1242,43688,140,99094,36.37,-7.22,-4.93
601602,1980,44456,126,100277,35.00,-7.20,-4.96
601624,1579,44456,167,100339,35.00,-7.24,-4.96
601646,1725,44456,169,100359,35.00,-7.25,-4.91
601668,1755,44456,159,100338,35.00,-7.22,-4.96
601690,1929,44456,156,100168,35.00,-7.23,-4.98
601712,2065,44456,136,99892,35.00,-7.23,-5.02
601734,1913,44456,135,99617,35.00,-7.23,-4.97
601756,1751,44456,137,99412,35.00,-7.25,-4.94
601778,1868,44456,163,99312,35.00,-7.24,-4.96
601800,1909,44456,160,99212,35.00,-7.25,-4.99
601842,1773,44456,172,99030,35.00,-7.25,-4.97
601864,1518,44456,171,99044,35.00,-7.19,-4.93
601886,1692,44456,181,99101,35.00,-7.24,-4.97
601908,2027,44456,174,99183,35.00,-7.24,-4.95
601930,2129,44456,158,99254,35.00,-7.22,-4.98
601952,1928,44456,138,99303,35.00,-7.22,-4.96
601974,1919,44456,139,99358,35.00,-7.28,-4.94
601996,1893,44456,137,99410,35.00,-7.27,-4.96
602594,1519,44456,133,99469,35.83,-7.22,-4.93
602625,2103,43688,141,99359,35.00,-7.29,-4.97
602647,1661,43688,179,99490,35.00,-7.22,-4.94
602669,1895,44456,171,99566,35.00,-7.20,-4.94
602691,1960,43688,168,99621,35.00,-7.20,-4.93
602713,2043,44456,143,99674,35.00,-7.21,-4.94
602735,2067,44456,139,99708,35.00,-7.22,-4.94
602757,1818,44456,121,99763,35.00,-7.22,-4.94
602779,1545,44456,123,99809,35.00,-7.23,-4.95
602801,1389,44456,133,99864,35.00,-7.23,-4.94
602823,1467,44456,149,99919,35.00,-7.20,-4.97
602864,1431,44456,155,100111,35.00,-7.21,-4.95
602886,1421,44456,153,100158,35.00,-7.25,-4.94
602908,1341,44456,148,100213,35.00,-7.24,-4.99
602930,1526,44968,147,100265,35.00,-7.23,-4.98
602952,1459,44456,116,100321,35.00,-7.24,-5.02
602974,930,44968,76,100360,35.00,-7.23,-4.94
602996,1111,44968,57,100406,35.00,-7.26,-4.95
603361,471,44968,29,100444,36.03,-7.23,-4.99
603389,2063,44456,149,99763,35.00,-7.21,-4.96
603411,2093,44968,159,99648,35.00,-7.19,-4.96
603433,2075,44968,124,99699,35.00,-7.24,-4.98
603455,2066,44968,137,99718,35.00,-7.20,-4.93
603477,2219,44968,135,99743,35.00,-7.22,-4.95
603499,2127,44968,127,99774,35.00,-7.24,-4.96
603521,2153,44968,132,99823,35.00,-7.23,-4.96
603543,2021,44456,155,99873,35.00,-7.22,-4.99
603565,1912,44968,159,99920,35.00,-7.21,-4.98
603606,2187,44456,181,100051,35.00,-7.23,-4.96
603628,2007,44968,173,100123,35.00,-7.25,-4.94
603650,1907,44968,182,100177,35.00,-7.24,-4.95
603672,2031,44968,168,100220,35.00,-7.21,-4.94
603694,2237,44968,166,100277,35.00,-7.24,-4.96
603716,2316,44968,151,100317,35.00,-7.23,-4.99
603738,2283,44968,139,100369,35.00,-7.22,-4.94
603760,2074,44968,137,100399,35.00,-7.27,-4.93
603782,2091,44968,150,100452,35.00,-7.23,-4.96
603804,2057,44968,156,100512,35.00,-7.24,-4.96
603846,1628,44968,165,100689,35.00,-7.26,-4.92
603868,1463,44968,155,100720,35.00,-7.22,-4.97
603890,1591,44968,163,100724,35.00,-7.25,-4.99
603912,1785,44968,164,100595,35.00,-7.22,-4.91
603934,1973,44456,159,100360,35.00,-7.24,-4.93
603956,1924,44968,149,100089,35.00,-7.25,-4.99
603978,1891,44968,137,99855,35.00,-7.27,-5.00
604384,1806,44968,123,99702,36.41,-7.22,-4.95
604412,1621,44456,155,100247,35.00,-7.28,-4.99
604434,1976,44456,173,100304,35.00,-7.17,-4.97
604456,1913,44456,163,100358,35.00,-7.24,-4.97
604478,1981,44456,147,100396,35.00,-7.26,-5.00
604500,2077,44456,145,100456,35.00,-7.19,-4.96
604522,1627,44456,134,100501,35.00,-7.22,-4.96
604544,1690,44456,139,100552,35.00,-7.27,-4.96
604566,1493,44456,149,100612,35.00,-7.20,-4.96
604608,1681,43688,169,100751,35.00,-7.26,-5.01
604630,1365,44456,155,100710,35.00,-7.26,-4.96
604652,1423,44456,163,100542,35.00,-7.25,-4.98
604674,1583,44456,157,100272,35.00,-7.25,-4.95
604696,1752,44456,157,100005,35.00,-7.19,-4.95
604718,1939,44456,150,99767,35.00,-7.21,-4.96
604740,1966,44456,149,99606,35.00,-7.23,-4.96
604762,2099,44456,141,99468,35.00,-7.24,-4.93
604784,1811,44456,135,99360,35.00,-7.26,-4.95
604806,1445,44456,127,99281,35.00,-7.24,-4.98
604828,1196,44456,117,99249,35.00,-7.22,-4.96
604869,1131,44456,153,99426,35.00,-7.26,-4.97
604891,1683,44456,173,99518,35.00,-7.19,-4.93
604913,1750,44456,175,99582,35.00,-7.22,-4.97
604935,1561,44456,136,99613,35.00,-7.23,-4.96
604957,1145,44456,105,99638,35.00,-7.25,-4.97
604979,1369,44456,125,99673,35.00,-7.25,-4.98
605406,1461,44456,107,99715,37.04,-7.26,-4.93
605435,1807,44456,157,100048,35.00,-7.21,-4.96
605457,1735,44968,167,99781,35.00,-7.26,-4.97
605479,1685,44968,151,99571,35.00,-7.24,-4.96
605501,1483,44968,111,99417,35.00,-7.26,-4.98
605523,1182,44968,109,99281,35.00,-7.26,-4.95
605545,1375,44968,139,99178,35.00,-7.25,-4.98
605567,1463,44968,137,99132,35.00,-7.25,-4.96
605589,1007,44968,125,99109,35.00,-7.23,-4.97
605631,942,44968,173,99336,35.00,-7.25,-4.94
605653,1701,44456,219,99425,35.00,-7.21,-4.96
605675,1779,44968,201,99478,35.00,-7.21,-4.97
605697,1711,44968,180,99507,35.00,-7.24,-4.98
605719,1628,44968,155,99546,35.00,-7.22,-4.97
605741,1486,44968,146,99581,35.00,-7.26,-4.94
605763,1645,44968,143,99640,35.00,-7.20,-4.96
605785,1735,44968,143,99689,35.00,-7.23,-4.97
605807,1463,44968,139,99746,35.00,-7.22,-4.95
605829,1311,44968,153,99812,35.00,-7.25,-4.97
605871,1339,44968,159,100002,35.00,-7.25,-4.99
605893,1207,44968,169,100047,35.00,-7.21,-4.95
605915,1629,44968,184,100103,35.00,-7.25,-4.95
605937,1607,44968,169,100149,35.00,-7.24,-4.94
605959,1785,44968,165,100210,35.00,-7.24,-4.94
605981,1692,44968,140,100262,35.00,-7.24,-4.95
606429,1496,44968,135,100316,36.81,-7.23,-4.95
606458,1295,44968,109,99406,35.00,-7.24,-4.95
606480,1394,44968,109,99423,35.00,-7.24,-4.99
606502,1425,45160,122,99452,35.00,-7.26,-4.95
606524,1881,44968,135,99473,35.00,-7.20,-4.96
606546,1739,45160,95,99524,35.00,-7.24,-4.98
606568,983,45160,55,99568,35.00,-7.24,-4.95
606590,364,45160,57,99635,35.00,-7.23,-4.92
606612,659,44968,121,99708,35.00,-7.24,-4.97
606653,1469,44968,169,99886,35.00,-7.27,-4.96
606675,1389,44968,119,99926,35.00,-7.21,-4.96
606697,1417,45160,138,99982,35.00,-7.21,-4.96
606719,1588,44968,141,100029,35.00,-7.22,-4.92
606741,1639,44968,111,100066,35.00,-7.25,-4.96
606763,1547,45160,99,100106,35.00,-7.24,-4.95
606785,2002,45160,139,100155,35.00,-7.24,-4.93
606807,2402,45160,137,100207,35.00,-7.21,-4.98
606829,2253,45160,133,100262,35.00,-7.22,-4.96
606851,2255,44968,171,100317,35.00,-7.23,-4.98
606894,2339,44968,192,100447,35.00,-7.23,-4.98
606916,2777,44968,246,100483,35.00,-7.24,-4.93
606938,2859,44968,243,100443,35.00,-7.24,-4.95
606960,3095,45160,213,100208,35.00,-7.20,-4.97
606982,2845,45160,199,99870,35.00,-7.22,-4.96
607707,2759,45160,175,99555,35.86,-7.22,-5.01
607736,1679,44968,125,99628,35.00,-7.22,-4.97
607758,1383,44968,155,99297,35.00,-7.25,-4.93
607780,1540,44968,163,99075,35.00,-7.20,-4.97
607802,1563,44968,158,98914,35.00,-7.26,-4.95
607824,1703,44968,149,98803,35.00,-7.20,-4.95
607846,1877,44968,141,98727,35.00,-7.23,-4.95
607868,1891,44968,132,98672,35.00,-7.26,-4.97
607890,1895,44968,125,98659,35.00,-7.24,-5.01
607912,1773,44968,125,98703,35.00,-7.22,-4.96
607934,1660,44968,149,98797,35.00,-7.21,-4.99
607976,1599,44968,155,99057,35.00,-7.24,-4.93
607998,1639,44968,167,99098,35.00,-7.24,-4.96
608020,1484,44968,168,99147,35.00,-7.23,-4.95
608042,1750,44968,168,99205,35.00,-7.23,-4.94
608064,1847,44968,157,99253,35.00,-7.23,-5.00
608086,1779,44968,143,99315,35.00,-7.25,-4.96
608108,1885,44968,143,99385,35.00,-7.24,-4.95
608130,1883,44968,124,99454,35.00,-7.23,-5.00
608152,1759,44968,131,99521,35.00,-7.22,-4.96
608174,1647,44968,141,99595,35.00,-7.26,-4.97
608196,1499,44968,146,99666,35.00,-7.24,-4.95
608237,1561,44968,163,99863,35.00,-7.24,-4.95
608259,1610,44968,160,99913,35.00,-7.23,-4.96
608281,1471,44968,164,99962,35.00,-7.21,-5.01
608303,1637,44968,159,100012,35.00,-7.21,-4.91
608325,1747,44968,155,100058,35.00,-7.23,-4.99
608347,2041,44968,149,100110,35.00,-7.18,-4.96
608369,2109,44968,141,100175,35.00,-7.23,-4.95
608391,1757,44968,127,100230,35.00,-7.26,-4.93
608413,1749,44968,137,100283,35.00,-7.28,-4.94
608435,1764,44968,139,100347,35.00,-7.22,-4.97
608478,1615,44968,153,100255,35.00,-7.21,-4.95
608500,1497,44968,156,99964,35.00,-7.19,-4.94
608522,1673,44968,167,99613,35.00,-7.24,-4.96
608544,1743,44968,159,99312,35.00,-7.26,-4.97
608566,1903,44968,159,99102,35.00,-7.24,-4.93
608588,2063,44968,141,98957,35.00,-7.23,-4.95
608610,2109,44968,139,98842,35.00,-7.21,-4.99
608632,2001,44968,132,98773,35.00,-7.24,-4.95
608654,1845,44968,136,98722,35.00,-7.27,-4.96
608676,1669,44968,137,98712,35.00,-7.23,-4.95
608718,1563,44968,153,98992,35.00,-7.21,-4.94
608740,1479,44968,165,99051,35.00,-7.25,-4.98
608762,1566,44968,167,99096,35.00,-7.24,-4.95
608784,1703,44968,169,99130,35.00,-7.21,-4.92
608806,1874,44968,152,99169,35.00,-7.23,-4.98
608828,1862,44968,147,99201,35.00,-7.23,-4.98
608850,1917,44968,134,99269,35.00,-7.24,-4.96
608872,1757,44968,125,99323,35.00,-7.24,-4.96
608894,1584,44968,117,99400,35.00,-7.25,-4.99
608916,1391,44968,132,99462,35.00,-7.26,-4.93
608938,1303,44968,135,99529,35.00,-7.24,-4.96
608979,1289,44968,141,99694,35.00,-7.20,-4.98
609501,885,44968,107,99754,36.21,-7.22,-4.95
609540,2086,44968,203,99030,35.00,-7.24,-4.99
609562,1951,44968,185,99065,35.00,-7.24,-4.92
609584,2004,44968,191,99105,35.00,-7.27,-4.99
609606,2261,44968,200,99152,35.00,-7.22,-4.94
609628,2203,44968,173,99216,35.00,-7.20,-4.95
609650,2077,44968,147,99278,35.00,-7.22,-4.95
609672,1871,44968,124,99342,35.00,-7.21,-4.95
609694,1783,45160,117,99405,35.00,-7.26,-4.97
609716,1651,45160,125,99460,35.00,-7.26,-4.96
609738,1640,44968,150,99523,35.00,-7.23,-4.94
609781,1690,45160,169,99701,35.00,-7.24,-4.96
609803,1673,44968,181,99771,35.00,-7.19,-4.99
609825,1903,44968,213,99836,35.00,-7.21,-4.99
609847,2111,44968,213,99887,35.00,-7.19,-4.97
609869,2473,44968,227,99948,35.00,-7.24,-4.97
609891,2714,44968,243,99985,35.00,-7.25,-4.96
609913,3629,44968,299,100043,35.00,-7.25,-4.92
609935,3684,44968,297,100097,35.00,-7.23,-5.00
609957,3237,44968,231,100164,35.00,-7.24,-4.97
609979,2163,44968,179,100229,35.00,-7.27,-4.94
610021,1683,44968,159,100366,35.00,-7.23,-4.98
610043,767,44968,123,100297,35.00,-7.23,-5.01
610065,252,44968,99,100084,35.00,-7.25,-4.96
610087,2,44968,56,99726,35.00,-7.22,-4.98
610109,0,45160,21,99390,35.00,-7.24,-4.97
610131,0,45160,18,99147,35.00,-7.25,-4.96
610153,0,44968,125,99017,35.00,-7.25,-4.97
610175,1381,44968,202,98901,35.00,-7.27,-4.94
610197,2218,44968,181,98816,35.00,-7.23,-4.95
610219,1907,44968,137,98765,35.00,-7.24,-4.97
610241,1476,44968,157,98758,35.00,-7.25,-4.94
610282,2319,44968,283,98996,35.00,-7.21,-4.98
610304,3369,44968,275,99087,35.00,-7.24,-4.90
610326,2661,44968,231,99136,35.00,-7.23,-4.94
610348,2533,44968,229,99174,35.00,-7.26,-4.94
610370,2413,44968,199,99210,35.00,-7.23,-4.95
610392,2285,44968,168,99252,35.00,-7.23,-4.96
610414,2044,45160,139,99300,35.00,-7.23,-4.95
610436,1768,45160,121,99356,35.00,-7.23,-4.96
610458,1311,45160,93,99409,35.00,-7.25,-4.96
610480,827,45160,87,99469,35.00,-7.24,-4.96
610522,181,45160,57,99655,35.00,-7.22,-4.97
610544,1,45672,58,99708,35.00,-7.21,-4.92
610566,0,45160,165,99761,35.00,-7.24,-4.99
610588,2142,44968,267,99807,35.00,-7.21,-4.97
610610,2596,44968,221,99853,35.00,-7.24,-4.94
610632,2229,45160,146,99887,35.00,-7.27,-4.99
610654,1628,45160,95,99899,35.00,-7.26,-4.99
610676,1505,45160,117,99927,35.00,-7.22,-4.96
610698,2039,45160,173,99946,35.00,-7.24,-5.01
610720,2475,45160,211,99979,35.00,-7.27,-4.99
610742,2535,45160,222,100022,35.00,-7.25,-4.97
610783,2357,44968,217,100161,35.00,-7.24,-4.99
610805,2491,45160,214,100184,35.00,-7.27,-4.99
610827,1944,44968,189,100192,35.00,-7.21,-4.94
610849,1775,44968,171,100033,35.00,-7.24,-4.99
610871,1501,44968,133,99709,35.00,-7.25,-4.96
610893,1581,45160,101,99331,35.00,-7.23,-4.97
610915,1197,45160,61,99064,35.00,-7.24,-4.98
610937,750,45160,76,98881,35.00,-7.25,-4.96
610959,1065,45160,117,98766,35.00,-7.24,-4.95
610981,1694,44968,159,98680,35.00,-7.25,-4.97
611540,2071,44968,159,98625,35.82,-7.24,-4.97
611570,1995,45160,169,100057,35.00,-7.21,-4.97
611592,2361,45160,223,100072,35.00,-7.22,-4.98
611614,2509,45160,228,99998,35.00,-7.23,-4.99
611636,2778,45160,201,99749,35.00,-7.26,-4.98
611658,2603,45160,165,99379,35.00,-7.21,-4.95
611680,1890,45160,105,99038,35.00,-7.22,-4.98
611702,1172,45160,93,98823,35.00,-7.25,-4.94
611724,855,45160,101,98690,35.00,-7.25,-4.94
611766,913,45160,125,98465,35.00,-7.24,-4.95
611788,827,45160,125,98468,35.00,-7.27,-5.00
611810,1021,45160,149,98508,35.00,-7.22,-4.96
611832,1543,45160,171,98612,35.00,-7.21,-4.94
611854,1931,45160,168,98721,35.00,-7.19,-4.94
611876,2151,45160,171,98798,35.00,-7.23,-4.94
611898,2246,45160,157,98844,35.00,-7.22,-4.99
611920,2163,45160,150,98896,35.00,-7.27,-4.95
611942,1972,45160,143,98939,35.00,-7.23,-4.95
611964,1870,45160,157,98991,35.00,-7.24,-4.99
612563,1854,45160,173,99182,36.34,-7.21,-4.98
612593,1180,45160,100,98448,35.00,-7.24,-4.97
612615,1177,45160,123,98576,35.00,-7.24,-4.96
612637,1114,45160,105,98707,35.00,-7.24,-4.97
612659,982,45160,86,98778,35.00,-7.24,-4.95
612681,1082,45160,81,98828,35.00,-7.19,-4.97
612703,968,45160,107,98860,35.00,-7.21,-4.94
612725,1579,45160,143,98904,35.00,-7.21,-4.96
612747,1742,45160,159,98966,35.00,-7.24,-4.99
612788,1682,44968,180,99152,35.00,-7.22,-4.97
612810,1891,44968,187,99214,35.00,-7.25,-4.96
612832,1862,44968,179,99287,35.00,-7.24,-4.92
612854,2003,44968,181,99360,35.00,-7.25,-4.95
612876,2165,44968,179,99431,35.00,-7.25,-4.96
612898,2409,45160,185,99476,35.00,-7.24,-4.97
612920,2795,45160,205,99547,35.00,-7.29,-4.94
612942,2525,44968,189,99611,35.00,-7.24,-4.95
612964,2751,45160,181,99668,35.00,-7.24,-4.96
612986,2347,45160,155,99711,35.00,-7.26,-4.94
613029,1643,45160,135,99857,35.00,-7.20,-4.94
613051,1241,45160,147,99927,35.00,-7.20,-4.93
613073,1043,45160,140,99991,35.00,-7.20,-4.96
613095,844,45160,127,100044,35.00,-7.23,-5.00
613117,1227,45160,115,100090,35.00,-7.22,-4.99
613139,1161,45160,101,100129,35.00,-7.23,-4.94
613161,925,45160,89,100090,35.00,-7.23,-4.96
613183,1509,45160,125,99869,35.00,-7.20,-4.94
613205,2567,45160,157,99509,35.00,-7.26,-4.96
613227,1670,44968,151,99144,35.00,-7.22,-4.97
613269,1737,44968,160,98638,35.00,-7.26,-4.96
613291,1737,44968,158,98532,35.00,-7.22,-4.96
613313,1906,44968,173,98483,35.00,-7.23,-4.96
613335,1955,44968,204,98467,35.00,-7.25,-4.97
613357,2321,44968,215,98507,35.00,-7.24,-4.97
613379,2697,44968,227,98598,35.00,-7.21,-4.99
613401,2919,44968,201,98732,35.00,-7.24,-4.96
613423,2700,44968,181,98817,35.00,-7.26,-4.97
613445,2283,45160,143,98864,35.00,-7.24,-5.02
613467,1675,45160,117,98896,35.00,-7.20,-4.97
613489,1269,45160,117,98934,35.00,-7.23,-4.98
613530,1075,45160,135,99051,35.00,-7.21,-4.94
613552,800,45160,119,99124,35.00,-7.23,-4.94
613574,755,45160,137,99185,35.00,-7.22,-4.96
613596,1343,45160,141,99259,35.00,-7.27,-4.96
613618,1368,45160,138,99332,35.00,-7.21,-4.94
613640,1965,45160,157,99390,35.00,-7.23,-4.93
613662,2206,45160,159,99449,35.00,-7.23,-4.93
613684,2183,45160,150,99514,35.00,-7.27,-4.96
613706,1935,45160,137,99560,35.00,-7.24,-4.95
613728,1702,45160,138,99611,35.00,-7.25,-4.96
613770,1596,45160,147,99719,35.00,-7.22,-4.95
613792,1714,45160,184,99777,35.00,-7.27,-4.97
613814,2151,44968,235,99828,35.00,-7.26,-4.94
613836,2751,44968,263,99875,35.00,-7.23,-4.98
613858,2633,44968,203,99931,35.00,-7.25,-4.97
613880,1979,45160,139,99970,35.00,-7.26,-4.96
613902,1611,45160,109,100003,35.00,-7.24,-4.94
613924,1547,45160,103,99961,35.00,-7.23,-4.95
613946,1326,45160,91,99752,35.00,-7.24,-5.02
613968,1007,45672,88,99418,35.00,-7.24,-4.97
613990,595,45160,93,99052,35.00,-7.27,-4.98
614031,1135,45160,167,98526,35.00,-7.25,-4.95
614053,776,45160,98,98438,35.00,-7.24,-4.93
614075,757,45160,147,98361,35.00,-7.24,-4.97
614097,1834,45160,203,98337,35.00,-7.23,-4.96
614119,2322,45160,183,98362,35.00,-7.20,-4.96
614141,2293,45160,184,98439,35.00,-7.20,-4.92
614163,2622,45160,186,98567,35.00,-7.23,-5.00
614185,2873,45160,201,98654,35.00,-7.22,-4.93
614207,2811,45672,167,98705,35.00,-7.28,-4.96
614229,2075,45160,163,98729,35.00,-7.22,-4.95
614272,2122,45672,198,98844,35.00,-7.25,-4.97
614294,2537,45160,234,98914,35.00,-7.24,-4.99
614316,2124,45160,198,98972,35.00,-7.24,-4.96
614338,1523,45672,141,99029,35.00,-7.23,-4.97
614360,1128,45672,105,99087,35.00,-7.25,-4.98
614382,989,45672,95,99136,35.00,-7.24,-4.99
614404,981,45672,75,99210,35.00,-7.24,-4.97
614426,812,46440,74,99276,35.00,-7.19,-4.93
614448,805,45672,87,99339,35.00,-7.24,-4.94
614470,977,45672,120,99401,35.00,-7.25,-4.96
614512,1271,45672,157,99536,35.00,-7.19,-4.97
614534,1960,45672,203,99567,35.00,-7.24,-4.94
614556,1995,45672,203,99617,35.00,-7.22,-4.97
614578,1948,45672,198,99671,35.00,-7.25,-4.98
614600,2003,45672,183,99716,35.00,-7.23,-4.94
614622,2103,45672,163,99777,35.00,-7.24,-4.96
614644,1365,45672,125,99810,35.00,-7.23,-4.98
614666,2382,45672,150,99845,35.00,-7.22,-4.94
614688,1995,45672,155,99839,35.00,-7.21,-4.96
614710,2123,45672,180,99669,35.00,-7.25,-4.96
614732,2294,45672,181,99340,35.00,-7.20,-4.99
614773,1739,45160,169,98537,35.00,-7.25,-4.95
614795,1193,45160,136,98454,35.00,-7.25,-4.95
614817,831,45160,121,98377,35.00,-7.20,-4.97
614839,698,45160,109,98343,35.00,-7.19,-4.95
614861,759,45160,94,98332,35.00,-7.25,-4.95
614883,779,45672,84,98358,35.00,-7.23,-4.99
614905,1111,45672,139,98454,35.00,-7.24,-4.93
614927,1942,45672,160,98570,35.00,-7.23,-4.96
614949,1582,45672,116,98659,35.00,-7.28,-4.96
614971,1639,45672,147,98707,35.00,-7.24,-4.98
615374,2067,45672,191,98818,36.14,-7.23,-4.95
615415,1753,45160,173,99755,35.00,-7.24,-4.96
615437,1699,45160,182,99622,35.00,-7.18,-4.92
615459,2151,45160,202,99319,35.00,-7.23,-4.95
615481,2245,45160,195,98924,35.00,-7.26,-4.94
615503,2195,45160,190,98611,35.00,-7.26,-4.94
615525,2575,45160,181,98425,35.00,-7.22,-4.95
615547,2707,44968,169,98309,35.00,-7.24,-4.97
615569,2357,45160,165,98219,35.00,-7.24,-4.96
615591,2324,45160,165,98127,35.00,-7.24,-4.92
615613,2237,45160,165,98085,35.00,-7.22,-4.97
615655,1941,44968,167,98294,35.00,-7.19,-4.96
615677,1335,45160,146,98395,35.00,-7.23,-4.97
615699,1262,45160,147,98478,35.00,-7.24,-4.99
615721,1311,45160,148,98519,35.00,-7.26,-4.97
615743,1209,45160,139,98551,35.00,-7.26,-4.99
615765,1589,45160,122,98593,35.00,-7.24,-4.96
615787,1426,45160,91,98667,35.00,-7.30,-5.00
615809,1387,45160,99,98711,35.00,-7.27,-4.95
615831,1308,45672,103,98766,35.00,-7.27,-4.97
615853,1463,45160,132,98827,35.00,-7.28,-4.96
615896,1719,45672,155,99006,35.00,-7.22,-4.93
615918,1814,45160,175,99067,35.00,-7.24,-4.97
615940,1842,45160,188,99125,35.00,-7.25,-4.94
615962,2083,45160,187,99158,35.00,-7.23,-5.00
615984,2139,45160,183,99186,35.00,-7.26,-4.98
616396,2213,45160,172,99219,35.87,-7.24,-4.94
616437,1595,45160,173,98168,35.00,-7.22,-4.93
616459,1927,45160,201,98234,35.00,-7.25,-4.94
616481,2089,45160,221,98269,35.00,-7.21,-4.94
616503,2315,45160,215,98300,35.00,-7.22,-4.99
616525,2318,45160,201,98340,35.00,-7.24,-4.96
616547,2174,45160,170,98374,35.00,-7.24,-4.96
616569,1999,45160,133,98423,35.00,-7.22,-4.95
616591,1659,45160,115,98463,35.00,-7.23,-4.98
616613,1277,45672,99,98520,35.00,-7.23,-4.95
616635,1237,45672,107,98577,35.00,-7.24,-4.98
616677,1023,45672,109,98736,35.00,-7.23,-4.96
616699,1013,45672,123,98771,35.00,-7.26,-4.99
616721,1193,45160,151,98807,35.00,-7.19,-4.95
616743,1503,45672,169,98838,35.00,-7.21,-4.96
616765,1946,45160,181,98867,35.00,-7.24,-4.98
616787,2315,45672,183,98904,35.00,-7.25,-4.97
616809,2311,45672,163,98929,35.00,-7.25,-5.00
616831,2107,45672,153,98971,35.00,-7.23,-4.97
616853,1842,45672,153,99012,35.00,-7.23,-4.98
616875,2313,45160,172,99038,35.00,-7.22,-4.95
616897,2478,45672,189,99056,35.00,-7.24,-4.96
616938,2067,45672,188,98837,35.00,-7.20,-4.97
616960,1699,45672,183,98529,35.00,-7.23,-4.96
616982,1611,45672,171,98142,35.00,-7.24,-5.01
617419,1391,45672,153,97826,36.23,-7.19,-4.97
617459,1381,45160,138,98419,35.00,-7.24,-4.97
617481,837,45672,120,98444,35.00,-7.29,-4.92
617503,972,45672,133,98473,35.00,-7.25,-4.94
617525,1117,45672,127,98504,35.00,-7.23,-4.96
617547,1123,45160,121,98536,35.00,-7.20,-4.95
617569,1336,45672,119,98574,35.00,-7.23,-4.98
617591,1614,45672,119,98624,35.00,-7.26,-5.00
617613,1893,45672,137,98666,35.00,-7.23,-4.98
617635,2007,45672,137,98708,35.00,-7.24,-4.98
617657,2055,45672,146,98751,35.00,-7.25,-4.96
617700,1913,45672,155,98557,35.00,-7.22,-4.98
617722,1878,45160,201,98238,35.00,-7.23,-4.98
617744,1957,45160,198,97900,35.00,-7.21,-4.93
617766,2136,45160,204,97638,35.00,-7.26,-4.96
617788,2374,45160,202,97475,35.00,-7.24,-4.98
617810,2570,45160,207,97334,35.00,-7.22,-4.98
617832,2621,45160,176,97216,35.00,-7.25,-4.97
617854,2569,45160,165,97123,35.00,-7.23,-4.97
617876,2269,45672,137,97081,35.00,-7.25,-4.94
617898,1725,45672,124,97101,35.00,-7.24,-4.95
617940,1310,45672,119,97412,35.00,-7.24,-4.97
617962,1189,45672,139,97464,35.00,-7.23,-4.95
617984,1149,45160,141,97495,35.00,-7.25,-4.95
618696,1192,45160,141,97527,36.70,-7.24,-4.90
618722,3251,44968,221,97303,35.00,-7.21,-4.95
618744,3421,44968,251,97337,35.00,-7.23,-4.96
618766,2019,44968,187,97372,35.00,-7.24,-4.95
618788,1727,44968,163,97401,35.00,-7.23,-4.98
618810,1553,45160,133,97446,35.00,-7.20,-4.98
618832,1415,45160,116,97481,35.00,-7.23,-5.00
618854,1213,45160,88,97560,35.00,-7.21,-4.95
618876,783,45160,61,97629,35.00,-7.26,-4.98
618898,477,45672,67,97694,35.00,-7.23,-4.96
618920,821,45160,78,97735,35.00,-7.25,-4.97
618942,764,45160,101,97795,35.00,-7.25,-4.93
618983,983,45160,137,97930,35.00,-7.28,-4.96
619720,1567,45160,180,97988,36.66,-7.24,-4.95
619745,1268,45672,101,97839,35.00,-7.24,-4.96
619767,959,45672,124,97900,35.00,-7.23,-4.94
619789,805,45672,137,97940,35.00,-7.24,-4.96
619811,1097,45672,150,97962,35.00,-7.26,-4.96
619833,1493,45672,146,97994,35.00,-7.23,-4.96
619855,1715,45672,145,98022,35.00,-7.24,-4.98
619877,1831,45672,141,98069,35.00,-7.20,-4.98
619899,1747,45672,133,98099,35.00,-7.21,-4.97
619921,1815,45672,125,98137,35.00,-7.26,-4.96
619943,1915,45672,145,98152,35.00,-7.21,-4.96
619985,1982,46440,164,97683,35.00,-7.24,-4.96
620743,1879,46440,183,97298,36.33,-7.25,-4.99
620768,1292,46952,111,97902,35.00,-7.25,-4.93
620790,1389,46440,163,97532,35.00,-7.24,-4.96
620812,1645,46440,173,97232,35.00,-7.27,-5.01
620834,1820,46440,181,97033,35.00,-7.22,-4.95
620856,2201,46440,190,96861,35.00,-7.25,-4.92
620878,2449,46440,187,96742,35.00,-7.24,-4.96
620900,2682,46440,181,96639,35.00,-7.23,-4.94
620922,2723,46440,187,96554,35.00,-7.22,-4.95
620944,2648,46440,175,96518,35.00,-7.21,-4.95
620966,2361,46440,171,96548,35.00,-7.20,-4.97
621510,2250,46440,175,96760,35.59,-7.22,-4.99
621549,889,45672,123,96958,35.00,-7.26,-4.97
621571,757,46440,108,96589,35.00,-7.27,-4.95
621593,501,46440,111,96280,35.00,-7.22,-4.95
621615,715,46440,137,96090,35.00,-7.26,-5.00
621637,1063,46440,141,95965,35.00,-7.23,-4.92
621659,1642,46440,157,95863,35.00,-7.23,-4.96
621681,2013,46440,159,95790,35.00,-7.21,-4.98
621703,2249,46440,160,95744,35.00,-7.26,-4.94
621725,2258,46440,155,95760,35.00,-7.21,-4.94
621747,2131,46440,153,95840,35.00,-7.26,-4.94
621790,1915,46440,163,96023,35.00,-7.24,-5.00
621812,2156,46440,199,96011,35.00,-7.21,-4.95
621834,2023,46440,211,96013,35.00,-7.24,-4.95
621856,2271,46440,227,96015,35.00,-7.29,-4.96
621878,2324,46440,212,96026,35.00,-7.24,-4.95
621900,2361,46440,187,96026,35.00,-7.24,-4.97
621922,2251,46440,167,96019,35.00,-7.21,-5.00
621944,1997,46440,139,96016,35.00,-7.24,-4.96
621966,1775,46440,123,95981,35.00,-7.24,-4.94
621988,1304,46952,111,95957,35.00,-7.27,-5.00
622030,935,46952,112,96027,35.00,-7.24,-4.96
622052,857,46952,104,96053,35.00,-7.25,-4.95
622074,589,46952,115,96084,35.00,-7.22,-4.99
622096,725,46952,142,96098,35.00,-7.25,-4.92
622118,1275,46440,158,96111,35.00,-7.21,-4.96
622140,2137,46440,174,96131,35.00,-7.26,-4.96
622162,2054,46440,163,96141,35.00,-7.26,-4.95
622184,2131,46440,153,96079,35.00,-7.24,-4.94
622206,2204,46440,154,95990,35.00,-7.26,-4.97
622228,2311,46440,167,95955,35.00,-7.19,-4.96
622250,2055,46440,158,95916,35.00,-7.19,-4.97
622291,1695,46440,157,95846,35.00,-7.23,-4.98
622313,1599,46440,165,95664,35.00,-7.24,-4.93
622335,1875,46440,203,95336,35.00,-7.23,-4.97
622357,2163,46440,221,95023,35.00,-7.21,-4.99
622379,2089,46440,187,94808,35.00,-7.20,-4.98
622401,1919,46440,138,94659,35.00,-7.22,-4.96
622423,1609,46440,105,94528,35.00,-7.24,-4.96
622445,1271,46440,91,94410,35.00,-7.20,-4.94
622467,1081,46440,87,94353,35.00,-7.20,-4.97
622489,921,46440,83,94340,35.00,-7.22,-4.95
622531,713,46440,90,94585,35.00,-7.21,-4.97
622553,717,46440,111,94657,35.00,-7.26,-4.96
622575,1021,46440,158,94698,35.00,-7.24,-4.94
622597,1590,45672,182,94743,35.00,-7.23,-4.96
622619,1816,45672,171,94768,35.00,-7.26,-4.96
622641,2053,45672,165,94803,35.00,-7.26,-4.97
622663,2333,46440,169,94840,35.00,-7.21,-4.99
622685,2379,46440,151,94890,35.00,-7.22,-4.95
622707,2221,45672,147,94972,35.00,-7.23,-4.98
622729,1991,45672,141,95067,35.00,-7.23,-4.99
622751,2019,45672,170,95147,35.00,-7.23,-4.96
622792,2168,45672,185,95375,35.00,-7.20,-4.96
622814,2003,45672,169,95442,35.00,-7.23,-4.94
622836,1645,45672,157,95484,35.00,-7.28,-4.97
622858,1341,45672,138,95526,35.00,-7.28,-4.98
622880,1361,45672,142,95572,35.00,-7.24,-4.96
622902,1581,46440,152,95619,35.00,-7.22,-4.96
622924,1621,45672,140,95676,35.00,-7.24,-4.93
622946,1895,45672,137,95703,35.00,-7.22,-4.96
622968,1839,46440,122,95733,35.00,-7.20,-4.96
622990,1547,45672,112,95731,35.00,-7.22,-4.95
623033,1617,46440,119,95815,35.00,-7.24,-4.96
623055,1330,45672,139,95863,35.00,-7.25,-4.97
623077,1383,45672,149,95893,35.00,-7.24,-4.96
623099,1641,45672,164,95845,35.00,-7.20,-4.99
623121,1774,45160,165,95596,35.00,-7.23,-5.01
623143,1963,45160,165,95206,35.00,-7.23,-4.92
623165,2157,45160,163,94790,35.00,-7.26,-4.96
623187,2501,45160,178,94499,35.00,-7.25,-4.94
623209,2749,45160,186,94307,35.00,-7.24,-4.99
623231,2717,45160,179,94174,35.00,-7.25,-4.97
623273,2105,45160,165,93946,35.00,-7.23,-4.92
623295,1688,45160,151,93961,35.00,-7.22,-4.96
623317,1481,45160,147,94054,35.00,-7.23,-4.98
623339,1223,45160,135,94196,35.00,-7.24,-4.95
623361,1053,45160,137,94317,35.00,-7.24,-4.95
623383,977,45160,115,94376,35.00,-7.23,-4.99
623405,1294,45160,116,94424,35.00,-7.26,-4.97
623427,1691,45160,136,94502,35.00,-7.23,-5.02
623449,1637,45160,103,94628,35.00,-7.23,-4.93
623471,1351,45160,95,94719,35.00,-7.20,-4.97
623493,999,45160,125,94798,35.00,-7.25,-4.94
623534,1823,45160,171,94979,35.00,-7.23,-4.95
623556,1652,45160,165,95067,35.00,-7.23,-4.97
623578,1911,45160,181,95159,35.00,-7.23,-4.94
623600,1983,45160,184,95217,35.00,-7.26,-4.96
623622,2037,45160,187,95256,35.00,-7.22,-4.96
623644,2323,45160,186,95296,35.00,-7.24,-4.95
623666,2676,45160,200,95334,35.00,-7.23,-4.98
623688,2605,45160,180,95380,35.00,-7.21,-4.96
623710,2541,45160,160,95391,35.00,-7.25,-4.96
623732,1997,45160,133,95429,35.00,-7.24,-4.99
623775,1400,45672,110,95572,35.00,-7.26,-4.96
623797,474,45672,101,95619,35.00,-7.24,-4.94
623819,523,45672,116,95652,35.00,-7.25,-4.97
623841,667,45672,113,95666,35.00,-7.25,-4.95
623863,842,45672,126,95686,35.00,-7.29,-4.97
623885,1705,45672,176,95700,35.00,-7.25,-4.94
623907,1865,45672,149,95581,35.00,-7.22,-4.97
623929,2231,45672,165,95311,35.00,-7.18,-4.99
623951,2439,45672,149,94967,35.00,-7.23,-4.94
623973,2203,45160,154,94716,35.00,-7.24,-5.00
624577,2067,45672,171,94375,36.53,-7.23,-4.97
624617,2011,45160,183,95227,35.00,-7.26,-4.97
624639,1383,45672,135,95303,35.00,-7.25,-5.00
624661,851,46440,105,95293,35.00,-7.24,-4.93
624683,334,46440,60,95106,35.00,-7.25,-5.00
624705,0,46440,71,94793,35.00,-7.28,-4.97
624727,1036,45672,185,94456,35.00,-7.21,-4.97
624749,1654,45672,112,94196,35.00,-7.25,-4.98
624771,1721,45672,155,94025,35.00,-7.23,-4.98
624793,2127,45672,134,93881,35.00,-7.29,-4.97
624815,1951,45672,150,93719,35.00,-7.23,-4.94
624857,1869,45160,151,93402,35.00,-7.27,-4.98
624879,1567,45672,141,93473,35.00,-7.24,-4.97
624901,1390,45672,143,93611,35.00,-7.23,-4.94
624923,1863,45160,169,93757,35.00,-7.25,-5.00
624945,1799,45160,171,93835,35.00,-7.25,-4.97
624967,2744,45160,228,93908,35.00,-7.24,-5.01
624989,3616,45160,278,93977,35.00,-7.25,-4.93
625351,3675,45160,273,94085,35.67,-7.19,-4.94
625379,1959,45672,117,95921,35.00,-7.25,-4.98
625401,1399,45672,147,95983,35.00,-7.24,-4.97
625423,1592,45672,186,95999,35.00,-7.26,-4.94
625445,2428,45160,277,95941,35.00,-7.24,-4.97
625467,3353,45160,312,95721,35.00,-7.24,-4.94
625489,3037,45160,237,95407,35.00,-7.24,-4.96
625511,2577,45160,173,95128,35.00,-7.24,-4.99
625533,1864,45160,105,94940,35.00,-7.26,-4.99
625555,1141,45160,71,94819,35.00,-7.25,-4.98
625577,787,45160,86,94733,35.00,-7.21,-4.92
625619,830,45160,117,94625,35.00,-7.24,-4.98
625641,0,45672,89,94702,35.00,-7.26,-4.97
625663,1013,45160,199,94828,35.00,-7.20,-4.97
625685,1407,45160,167,94950,35.00,-7.23,-4.95
625707,1972,45160,205,95051,35.00,-7.21,-4.94
625729,2057,45160,175,95103,35.00,-7.19,-4.99
625751,2148,45160,167,95166,35.00,-7.24,-5.00
625773,1912,45160,136,95217,35.00,-7.25,-4.96
625795,1835,45160,127,95258,35.00,-7.26,-4.98
625817,1723,45160,123,95293,35.00,-7.24,-4.99
625860,1927,45160,181,95459,35.00,-7.24,-4.97
625882,2653,45160,247,95513,35.00,-7.22,-4.97
625904,2195,45160,195,95573,35.00,-7.23,-4.99
625926,1519,45160,155,95653,35.00,-7.22,-4.99
625948,1655,45160,169,95717,35.00,-7.23,-4.95
625970,2099,45160,163,95780,35.00,-7.22,-4.94
625992,1775,45160,135,95841,35.00,-7.24,-4.98
626366,1725,45160,135,95909,36.52,-7.29,-4.98
626401,1801,44968,137,94826,35.00,-7.26,-4.97
626423,1227,44968,157,94871,35.00,-7.24,-4.95
626445,1321,44968,169,94982,35.00,-7.24,-4.95
626467,1375,44968,157,95142,35.00,-7.27,-4.95
626489,1565,44456,149,95242,35.00,-7.24,-4.99
626511,567,44456,87,95277,35.00,-7.23,-4.98
626533,1007,44968,43,95307,35.00,-7.19,-4.95
626555,203,44968,89,95350,35.00,-7.20,-4.99
626577,1277,44456,127,95405,35.00,-7.21,-4.96
626599,1180,44456,113,95459,35.00,-7.25,-4.95
626642,1621,44456,171,95636,35.00,-7.21,-4.95
626664,1449,43688,154,95694,35.00,-7.27,-5.00
626686,1371,44456,155,95761,35.00,-7.23,-4.95
626708,1747,43688,215,95827,35.00,-7.24,-4.97
626730,2765,43688,279,95912,35.00,-7.22,-4.97
626752,3193,43688,264,95969,35.00,-7.25,-4.98
626774,2931,44456,185,96043,35.00,-7.25,-4.95
626796,2087,44456,110,96122,35.00,-7.23,-4.98
626818,698,44968,59,96182,35.00,-7.26,-4.95
626840,1316,44968,85,96228,35.00,-7.23,-4.95
626882,933,44968,115,96405,35.00,-7.23,-4.98
626904,1305,44968,125,96439,35.00,-7.22,-4.94
626926,1175,44968,120,96493,35.00,-7.25,-4.96
626948,765,44968,93,96546,35.00,-7.26,-4.94
626970,773,44968,119,96589,35.00,-7.24,-4.94
626992,1625,44968,143,96575,35.00,-7.23,-4.95
627388,1595,44968,121,96472,35.38,-7.24,-4.92
627423,1647,44968,141,95399,35.00,-7.23,-5.01
627445,156,45160,52,95442,35.00,-7.27,-4.97
627467,583,45160,165,95445,35.00,-7.23,-4.91
627489,1461,44968,179,95429,35.00,-7.24,-4.96
627511,1269,45160,151,95403,35.00,-7.25,-4.97
627533,1879,44968,173,95409,35.00,-7.22,-4.93
627555,1875,44968,153,95412,35.00,-7.22,-4.94
627577,2035,44968,139,95437,35.00,-7.21,-4.98
627599,1907,44968,135,95453,35.00,-7.25,-4.94
627621,1751,44968,123,95479,35.00,-7.22,-4.96
627643,1722,44968,151,95508,35.00,-7.23,-4.96
627684,1815,45160,184,95611,35.00,-7.25,-4.99
627706,2141,45160,236,95630,35.00,-7.20,-4.93
627728,2682,45160,218,95646,35.00,-7.24,-4.96
627750,1951,45160,157,95647,35.00,-7.21,-4.95
627772,1143,45160,123,95611,35.00,-7.23,-4.93
627794,1293,45160,133,95418,35.00,-7.23,-4.97
627816,1553,45160,148,95090,35.00,-7.26,-4.93
627838,1707,45160,119,94729,35.00,-7.19,-4.98
627860,1240,45672,61,94489,35.00,-7.23,-4.97
627882,136,45672,26,94329,35.00,-7.20,-4.95
627925,221,45160,119,94108,35.00,-7.24,-4.93
627947,887,45160,103,94084,35.00,-7.24,-4.96
627969,1211,45160,167,94108,35.00,-7.25,-4.94
627991,1307,45160,143,94204,35.00,-7.28,-4.96
628410,1715,45160,166,94329,36.28,-7.26,-4.99
628446,1610,45160,181,94980,35.00,-7.22,-4.95
628468,1543,45672,155,95001,35.00,-7.24,-4.95
628490,1627,45672,159,95012,35.00,-7.22,-4.95
628512,1799,45672,179,94987,35.00,-7.26,-5.02
628534,1966,45672,183,94924,35.00,-7.21,-4.99
628556,2159,45672,200,94730,35.00,-7.22,-4.96
628578,2623,45160,220,94383,35.00,-7.19,-4.94
628600,3271,45160,243,93969,35.00,-7.24,-4.98
628622,3111,45160,187,93644,35.00,-7.23,-4.97
628644,2297,45160,121,93420,35.00,-7.25,-4.95
628686,1512,45672,109,92901,35.00,-7.26,-4.97
628708,1686,45160,159,92800,35.00,-7.25,-4.96
628730,1579,45160,167,92735,35.00,-7.21,-4.97
628752,1518,45160,165,92719,35.00,-7.25,-4.98
628774,1295,45160,137,92727,35.00,-7.25,-4.99
628796,1007,45160,97,92725,35.00,-7.24,-4.94
628818,661,45160,73,92676,35.00,-7.24,-4.95
628840,1359,45160,134,92607,35.00,-7.26,-4.94
628862,1769,45160,111,92504,35.00,-7.22,-4.93
628884,1405,45160,101,92428,35.00,-7.27,-4.97
628906,1523,45160,135,92356,35.00,-7.23,-4.95
628947,1353,45160,141,92308,35.00,-7.23,-4.95
628969,1541,45160,140,92319,35.00,-7.21,-4.95
628991,1695,45160,169,92402,35.00,-7.26,-4.99
629433,1874,45160,201,92501,36.14,-7.22,-4.96
629468,1723,43688,159,89140,35.00,-7.23,-4.97
629490,1752,44456,159,88875,35.00,-7.22,-4.98
629512,1941,44456,185,88711,35.00,-7.26,-4.98
629534,2340,44456,210,88662,35.00,-7.20,-4.96
629556,2349,44456,183,88701,35.00,-7.20,-4.96
629578,2355,44968,175,88751,35.00,-7.21,-4.94
629600,2675,44968,197,88762,35.00,-7.24,-4.97
629622,2747,44968,167,88759,35.00,-7.21,-4.96
629644,2153,44456,125,88832,35.00,-7.24,-4.96
629666,1829,44968,103,88978,35.00,-7.25,-4.98
629688,1349,44968,105,89098,35.00,-7.24,-4.99
629729,1285,44968,99,89116,35.00,-7.27,-5.02
629751,1157,44968,156,89045,35.00,-7.25,-4.95
629773,1570,44456,155,89023,35.00,-7.23,-4.96
629795,1417,44456,149,89062,35.00,-7.26,-4.95
629817,1827,44456,171,89148,35.00,-7.19,-4.94
629839,1917,44456,157,89238,35.00,-7.24,-4.96
629861,2101,44456,156,89303,35.00,-7.24,-4.99
629883,2095,44456,142,89307,35.00,-7.20,-4.99
629905,2166,44968,149,89287,35.00,-7.21,-4.96
629927,2135,44968,157,89235,35.00,-7.24,-4.97
629970,2213,44968,172,89115,35.00,-7.27,-4.95
629992,2315,44968,205,89086,35.00,-7.22,-4.94
630711,1995,44968,189,89100,36.12,-7.24,-4.96
630752,787,42280,101,85647,35.00,-7.19,-4.96
630774,1123,42792,125,85591,35.00,-7.21,-4.99
630796,1237,42280,163,85567,35.00,-7.23,-4.97
630818,1485,42280,163,85556,35.00,-7.20,-4.95
630840,1735,42280,173,85512,35.00,-7.27,-4.94
630862,2083,42792,178,85494,35.00,-7.21,-4.96
630884,2378,42792,183,85482,35.00,-7.22,-4.99
630906,2931,42792,213,85434,35.00,-7.23,-4.97
630928,2903,42792,175,85324,35.00,-7.25,-4.95
630950,2375,42280,147,85032,35.00,-7.22,-4.94
630992,1845,41512,123,83753,35.00,-7.24,-4.97
631734,1435,39112,149,83455,35.64,-7.19,-4.98
631774,1639,38216,178,81975,35.00,-7.23,-4.99
631796,1830,38216,198,81853,35.00,-7.24,-4.94
631818,2203,38216,211,81770,35.00,-7.24,-4.97
631840,1948,38216,175,81667,35.00,-7.23,-4.97
631862,1892,38216,169,81579,35.00,-7.26,-4.96
631884,1715,38728,157,81506,35.00,-7.18,-4.95
631906,1834,38728,151,81481,35.00,-7.24,-4.99
631928,1787,38728,109,81499,35.00,-7.29,-4.94
631950,1353,38728,74,81520,35.00,-7.21,-4.99
631972,671,38728,55,81508,35.00,-7.26,-4.93
632757,814,38728,119,81462,36.09,-7.24,-4.96
632797,1322,38216,141,80291,35.00,-7.25,-4.99
632819,1770,38216,185,80321,35.00,-7.21,-5.00
632841,1813,38216,180,80304,35.00,-7.23,-4.96
632863,1711,38216,169,80264,35.00,-7.22,-4.94
632885,1461,38216,148,80257,35.00,-7.30,-4.95
632907,1460,38216,136,80256,35.00,-7.23,-4.97
632929,1581,38216,137,80278,35.00,-7.26,-4.97
632951,1733,38216,135,80293,35.00,-7.22,-5.00
632973,1625,38216,113,80290,35.00,-7.26,-4.95
632995,1471,38216,109,80305,35.00,-7.24,-4.94
633037,1244,38216,120,80321,35.00,-7.25,-4.95
633059,1199,38216,139,80308,35.00,-7.24,-4.96
633081,1197,38728,155,80320,35.00,-7.22,-5.00
633103,1503,38216,179,80336,35.00,-7.23,-4.99
633125,2351,38216,249,80371,35.00,-7.24,-4.93
633147,2909,38216,243,80395,35.00,-7.24,-4.99
633169,2583,38216,171,80426,35.00,-7.22,-4.94
633191,2070,38216,151,80453,35.00,-7.27,-4.96
633213,2343,38216,160,80463,35.00,-7.24,-4.97
633235,2108,38216,136,80486,35.00,-7.23,-4.94
633257,1559,38216,107,80500,35.00,-7.25,-4.96
633298,980,38216,91,80040,35.00,-7.24,-4.97
633320,127,38216,71,79738,35.00,-7.28,-4.97
633342,138,38216,99,79519,35.00,-7.22,-4.96
633364,709,36936,138,79365,35.00,-7.23,-4.96
633386,1291,36936,147,79248,35.00,-7.25,-4.99
633408,1518,36936,135,79174,35.00,-7.22,-4.99
633430,1766,36936,136,79092,35.00,-7.22,-4.93
633452,1947,36936,127,79039,35.00,-7.24,-4.96
633474,1944,36936,125,79026,35.00,-7.22,-4.92
633496,1929,36936,135,79054,35.00,-7.23,-4.96
633538,1885,37448,143,79255,35.00,-7.23,-4.93
633560,1737,37448,145,79286,35.00,-7.19,-4.97
633582,1848,36936,186,79318,35.00,-7.23,-4.96
633604,2299,36936,230,79344,35.00,-7.25,-4.99
633626,2651,36936,231,79373,35.00,-7.25,-4.96
633648,2471,36936,187,79358,35.00,-7.26,-4.97
633670,2229,36936,148,79343,35.00,-7.23,-4.93
633692,1515,36936,93,79389,35.00,-7.27,-4.97
633714,1546,36936,87,79437,35.00,-7.21,-4.93
633736,1253,37448,73,79487,35.00,-7.21,-4.96
633758,1001,37448,91,79486,35.00,-7.26,-4.98
633799,1357,36936,123,79454,35.00,-7.25,-4.95
633821,1385,36936,137,79450,35.00,-7.23,-4.93
633843,1681,36936,159,79463,35.00,-7.22,-4.93
633865,1695,36744,159,79467,35.00,-7.22,-4.99
633887,1751,36936,171,79487,35.00,-7.22,-4.97
633909,1911,36936,167,79488,35.00,-7.24,-4.97
633931,2133,36936,165,79507,35.00,-7.26,-4.98
633953,2341,36936,158,79523,35.00,-7.20,-4.99
633975,2260,36936,165,79537,35.00,-7.24,-4.97
633997,2643,36936,202,79541,35.00,-7.20,-4.97
634040,2701,37448,199,79602,35.00,-7.26,-4.98
634062,1531,37448,105,79606,35.00,-7.23,-4.95
634084,636,37448,78,79565,35.00,-7.25,-4.95
634106,254,37448,109,79342,35.00,-7.27,-4.98
634128,1243,37448,168,79048,35.00,-7.25,-4.94
634150,1695,37448,135,78778,35.00,-7.22,-4.97
634172,1627,37448,133,78615,35.00,-7.27,-4.94
634194,1895,37448,141,78542,35.00,-7.22,-4.98
634216,1873,36936,126,78483,35.00,-7.24,-4.95
634238,1833,36936,137,78431,35.00,-7.21,-4.98
634280,1755,36936,141,78433,35.00,-7.25,-4.94
634302,2031,36936,200,78494,35.00,-7.24,-4.96
634324,2406,36936,231,78564,35.00,-7.25,-4.99
634346,2187,36936,179,78626,35.00,-7.23,-4.99
634368,1387,37448,93,78659,35.00,-7.24,-4.93
634390,389,37448,59,78667,35.00,-7.19,-4.95
634412,1263,37448,160,78700,35.00,-7.22,-4.96
634434,2019,37448,133,78709,35.00,-7.24,-4.98
634456,1598,37448,101,78755,35.00,-7.27,-5.00
634478,1847,37448,147,78847,35.00,-7.24,-4.96
634500,1927,37448,140,78909,35.00,-7.23,-5.00
634541,1679,36936,134,79136,35.00,-7.19,-4.96
634563,1785,36936,199,79223,35.00,-7.22,-4.98
634585,2343,36744,229,79309,35.00,-7.24,-4.96
634607,2008,36744,149,79375,35.00,-7.24,-4.96
634629,775,36936,56,79459,35.00,-7.21,-4.96
634651,953,36936,159,79581,35.00,-7.24,-4.94
634673,2036,36936,158,79689,35.00,-7.24,-5.00
634695,1708,36936,115,79760,35.00,-7.20,-4.98
634717,2459,36936,184,79796,35.00,-7.24,-4.96
634739,2394,37448,137,79828,35.00,-7.25,-4.97
634781,1787,37448,135,80001,35.00,-7.24,-4.95
634803,2072,37448,173,80039,35.00,-7.23,-4.97
634825,1951,37448,167,80129,35.00,-7.23,-5.00
634847,1513,38216,126,80257,35.00,-7.25,-4.96
634869,1160,38216,137,80338,35.00,-7.23,-4.99
634891,1815,37448,173,80405,35.00,-7.24,-4.91
634913,2117,37448,169,80422,35.00,-7.23,-4.94
634935,2293,37448,168,80341,35.00,-7.26,-4.96
634957,2217,37448,151,80143,35.00,-7.24,-4.96
634979,1995,37448,136,79980,35.00,-7.22,-4.96
635568,1749,37448,134,79877,35.69,-7.24,-5.01
635603,949,36936,101,79520,35.00,-7.23,-4.96
635625,1077,37448,127,79557,35.00,-7.25,-4.98
635647,1290,37448,147,79548,35.00,-7.24,-4.98
635669,1255,37448,149,79531,35.00,-7.24,-4.99
635691,1685,37448,169,79460,35.00,-7.26,-4.96
635713,1767,37448,155,79278,35.00,-7.23,-4.91
635735,1961,37448,155,78975,35.00,-7.26,-4.98
635757,2075,37448,133,78716,35.00,-7.24,-4.98
635779,2279,37448,159,78519,35.00,-7.23,-4.93
635801,2888,37448,212,78360,35.00,-7.28,-4.96
635823,2875,36936,215,78189,35.00,-7.24,-4.92
635864,2248,37448,141,77925,35.00,-7.23,-4.96
635886,0,38216,31,77957,35.00,-7.24,-4.98
635908,627,37448,165,78037,35.00,-7.25,-5.00
635930,1391,36936,167,78113,35.00,-7.24,-5.01
635952,1277,36936,123,78176,35.00,-7.20,-4.96
635974,1946,36936,179,78169,35.00,-7.21,-4.95
635996,2269,36936,151,78182,35.00,-7.22,-4.94
636591,2201,36936,142,78195,36.29,-7.24,-4.96
636626,2011,37448,204,76538,35.00,-7.26,-4.96
636648,2577,36936,239,76445,35.00,-7.24,-4.95
636670,2613,37448,222,76346,35.00,-7.24,-4.97
636692,1751,37448,119,76275,35.00,-7.23,-4.98
636714,403,38216,31,76301,35.00,-7.23,-4.96
636736,0,38216,133,76334,35.00,-7.23,-4.94
636758,1957,37448,165,76341,35.00,-7.25,-4.95
636780,1390,38216,92,76296,35.00,-7.26,-4.94
636802,1783,38216,149,76232,35.00,-7.25,-4.97
636824,1763,38216,111,76203,35.00,-7.24,-4.97
636866,1629,38216,141,76205,35.00,-7.25,-4.97
636888,1598,37448,142,76228,35.00,-7.26,-4.95
636910,1772,37448,207,76239,35.00,-7.24,-4.97
636932,2687,36936,266,76258,35.00,-7.24,-4.96
636954,2415,37448,175,76265,35.00,-7.24,-5.00
636976,1295,38216,45,76257,35.00,-7.28,-4.98
636998,137,38216,75,76247,35.00,-7.23,-4.97
637020,1944,37448,203,76249,35.00,-7.26,-4.96
637042,2025,37448,115,76267,35.00,-7.26,-5.01
637064,2149,37448,152,76247,35.00,-7.24,-4.95
637086,2430,37448,155,76242,35.00,-7.24,-4.93
637127,1871,37448,133,76270,35.00,-7.26,-4.97
637149,1887,36936,183,76315,35.00,-7.24,-4.96
637171,2472,36744,261,76348,35.00,-7.24,-4.94
637193,2539,36744,211,76363,35.00,-7.26,-4.98
637215,1624,36936,88,76377,35.00,-7.27,-4.95
637237,415,37448,74,76364,35.00,-7.22,-4.93
637259,1673,36936,213,76344,35.00,-7.20,-4.95
637281,2349,36936,171,76322,35.00,-7.24,-4.97
637303,2105,36936,125,76210,35.00,-7.19,-4.98
637325,1839,36936,125,75973,35.00,-7.21,-4.93
637367,1605,36744,133,75362,35.00,-7.25,-4.96
637389,1739,36744,185,75288,35.00,-7.25,-4.89
637411,2275,36232,237,75234,35.00,-7.20,-4.94
637433,2140,36744,175,75171,35.00,-7.25,-4.97
637455,1007,36744,69,75150,35.00,-7.25,-4.97
637477,23,36936,83,75135,35.00,-7.22,-4.95
637499,1449,36744,197,75144,35.00,-7.22,-4.96
637521,2075,36744,149,75194,35.00,-7.26,-4.96
637543,1983,36936,126,75238,35.00,-7.24,-4.98
637565,1507,36936,111,75252,35.00,-7.23,-4.94
637587,1593,36744,131,75275,35.00,-7.27,-4.97
637628,1582,36744,156,75287,35.00,-7.23,-4.97
637650,2408,36232,213,75287,35.00,-7.22,-4.92
637672,2123,36232,175,75304,35.00,-7.26,-4.98
637694,1039,36936,75,75339,35.00,-7.24,-4.94
637716,0,37448,67,75367,35.00,-7.22,-4.98
637738,1111,36936,204,75400,35.00,-7.21,-4.91
637760,2391,36936,182,75430,35.00,-7.25,-4.97
637782,1803,36936,101,75444,35.00,-7.24,-4.92
637804,1694,36936,137,75440,35.00,-7.27,-4.96
637826,1975,36936,148,75444,35.00,-7.24,-4.97
637869,1945,36936,149,75528,35.00,-7.25,-4.96
637891,2168,36936,207,75577,35.00,-7.24,-5.00
637913,2221,36936,172,75583,35.00,-7.20,-5.00
637935,1595,36936,102,75568,35.00,-7.24,-4.99
637957,573,37448,74,75604,35.00,-7.23,-5.00
637979,1043,36936,183,75649,35.00,-7.25,-4.96
638380,2131,36936,183,75692,35.34,-7.21,-4.99
638410,422,37448,50,74806,35.00,-7.24,-4.93
638432,1401,36936,165,74825,35.00,-7.22,-4.94
638454,1525,36936,152,74865,35.00,-7.24,-4.94
638476,1823,36936,190,74885,35.00,-7.24,-5.00
638498,1945,36936,154,74915,35.00,-7.24,-4.96
638520,1717,37448,137,74946,35.00,-7.22,-4.94
638542,2008,37448,165,74990,35.00,-7.24,-4.95
638564,2628,37448,183,75042,35.00,-7.25,-4.98
638586,2456,37448,119,75081,35.00,-7.24,-4.94
638608,1299,38216,45,75122,35.00,-7.22,-4.96
638651,968,38216,118,75195,35.00,-7.30,-4.96
638673,1891,37448,173,75217,35.00,-7.28,-4.96
638695,2403,37448,187,75250,35.00,-7.24,-4.94
638717,1851,38216,153,75272,35.00,-7.22,-5.00
638739,1479,38216,157,75296,35.00,-7.23,-4.93
638761,2107,37448,175,75350,35.00,-7.26,-4.97
638783,2728,37448,206,75406,35.00,-7.21,-4.98
638805,2591,37448,201,75440,35.00,-7.23,-4.95
638827,2440,37448,174,75455,35.00,-7.27,-4.93
638849,2319,38216,123,75487,35.00,-7.24,-4.94
638891,1853,38216,109,75102,35.00,-7.25,-4.93
638913,1404,38216,133,74871,35.00,-7.24,-4.94
638935,1183,38216,119,74731,35.00,-7.17,-4.97
638957,979,37448,112,74671,35.00,-7.24,-4.99
638979,1406,37448,180,74631,35.00,-7.22,-4.96
639402,2314,37448,219,74557,36.32,-7.27,-4.98
639432,2735,38216,210,75049,35.00,-7.23,-4.95
639454,1554,38728,121,75069,35.00,-7.26,-4.93
639476,935,38728,95,75086,35.00,-7.28,-4.93
639498,319,38728,79,75106,35.00,-7.23,-4.97
639520,104,38728,99,75111,35.00,-7.24,-4.94
639542,1150,38728,168,75113,35.00,-7.19,-4.94
639564,1661,38728,142,75132,35.00,-7.25,-4.96
639586,1671,38728,126,75163,35.00,-7.22,-4.97
639608,1791,38728,140,75184,35.00,-7.23,-4.97
639630,1908,38728,135,75191,35.00,-7.27,-4.98
639652,2107,38728,157,75149,35.00,-7.22,-4.95
639693,2239,38216,181,74517,35.00,-7.23,-4.94
639715,2487,37448,221,74381,35.00,-7.22,-4.97
639737,2409,37448,211,74311,35.00,-7.23,-4.99
639759,1934,37448,163,74250,35.00,-7.19,-4.93
639781,1509,38216,127,74200,35.00,-7.25,-4.96
639803,1085,38216,99,74172,35.00,-7.23,-4.94
639825,551,38728,59,74157,35.00,-7.22,-4.98
639847,237,38216,83,74138,35.00,-7.22,-4.96
639869,1655,38216,143,74172,35.00,-7.24,-4.97
639891,2238,38216,119,74220,35.00,-7.21,-4.93
639934,1445,38216,123,74277,35.00,-7.25,-4.97
639956,1763,38216,155,74293,35.00,-7.26,-4.96
639978,1752,38216,185,74322,35.00,-7.20,-4.96
640424,2334,38216,219,74323,36.36,-7.25,-4.98
640455,2229,37448,154,74169,35.00,-7.26,-4.96
640477,1758,37448,150,74094,35.00,-7.25,-4.93
640499,1757,37448,152,74065,35.00,-7.21,-4.99
640521,1215,37448,98,74044,35.00,-7.27,-4.97
640543,403,37448,75,74024,35.00,-7.24,-4.96
640565,1162,37448,169,73982,35.00,-7.23,-4.98
640587,1899,37448,133,73950,35.00,-7.24,-4.93
640609,1677,37448,119,73989,35.00,-7.22,-4.98
640631,2085,37448,127,74095,35.00,-7.24,-4.96
640653,1876,38216,125,74165,35.00,-7.25,-4.97
640695,1947,38216,125,74256,35.00,-7.24,-4.94
640717,1741,38216,136,74282,35.00,-7.24,-4.91
640739,1592,38216,167,74298,35.00,-7.25,-4.94
640761,1831,37448,184,74316,35.00,-7.24,-4.95
640783,2247,37448,227,74351,35.00,-7.24,-4.92
640805,2666,37448,226,74417,35.00,-7.21,-4.94
640827,2473,37448,189,74457,35.00,-7.26,-4.98
640849,2427,38216,157,74498,35.00,-7.22,-4.95
640871,2025,38216,111,74544,35.00,-7.22,-4.96
640893,1724,38216,91,74594,35.00,-7.22,-4.95
640915,1244,38216,107,74632,35.00,-7.25,-4.95
640956,1231,38216,122,74745,35.00,-7.25,-4.96
640978,543,38728,77,74792,35.00,-7.25,-4.95
641702,1171,38216,167,74828,36.30,-7.27,-4.98
641738,2063,37448,197,74648,35.00,-7.25,-4.95
641760,1813,38216,154,74691,35.00,-7.20,-4.96
641782,1983,38216,201,74732,35.00,-7.22,-4.95
641804,2131,38216,209,74773,35.00,-7.29,-5.00
641826,2334,38216,197,74804,35.00,-7.21,-5.00
641848,1908,38216,139,74840,35.00,-7.23,-4.93
641870,1431,38728,94,74880,35.00,-7.24,-4.95
641892,1021,38728,61,74892,35.00,-7.23,-4.96
641914,1031,38728,111,74885,35.00,-7.24,-5.00
641936,1621,38728,120,74771,35.00,-7.21,-4.98
641979,1342,38728,104,74158,35.00,-7.21,-4.98
642725,1337,38216,127,74088,36.15,-7.23,-4.97
642760,1245,39112,147,73891,35.00,-7.24,-4.96
642782,1268,39112,123,73822,35.00,-7.22,-4.94
642804,944,39112,105,73773,35.00,-7.21,-4.97
642826,440,39112,115,73726,35.00,-7.24,-4.97
642848,1033,39112,173,73673,35.00,-7.23,-5.00
642870,1065,39112,138,73657,35.00,-7.23,-4.96
642892,1598,39112,137,73686,35.00,-7.25,-4.99
642914,1768,39624,147,73760,35.00,-7.23,-4.98
642936,1823,39624,133,73835,35.00,-7.20,-4.96
642958,1837,39624,133,73885,35.00,-7.25,-4.96
642980,2099,39624,143,73910,35.00,-7.24,-4.93
643021,1687,39112,163,73954,35.00,-7.27,-4.98
643043,2214,39112,188,73982,35.00,-7.21,-4.92
643065,1647,39624,175,74000,35.00,-7.26,-4.95
643087,1771,39112,183,74034,35.00,-7.22,-4.96
643109,1755,39624,183,74037,35.00,-7.23,-4.97
643131,2093,39624,175,74032,35.00,-7.21,-4.95
643153,1919,39624,149,74067,35.00,-7.22,-4.96
643175,1773,39624,119,74095,35.00,-7.21,-4.96
643197,1499,39624,125,74108,35.00,-7.24,-4.95
643219,1653,39624,109,74128,35.00,-7.25,-4.96
643262,1123,40392,75,74193,35.00,-7.21,-4.96
643284,1151,39624,148,74211,35.00,-7.23,-4.99
643306,1547,39624,149,74217,35.00,-7.26,-4.96
643328,1323,39624,157,74241,35.00,-7.24,-4.98
643350,1884,39624,173,74289,35.00,-7.20,-4.96
643372,1914,39624,163,74317,35.00,-7.24,-4.96
643394,2087,39624,166,74360,35.00,-7.26,-4.95
643416,2197,39624,148,74368,35.00,-7.20,-4.95
643438,2152,39624,157,74369,35.00,-7.25,-4.96
643460,2253,39624,156,74290,35.00,-7.24,-4.92
643502,2523,39624,186,73718,35.00,-7.26,-4.93
643524,2053,39112,167,73631,35.00,-7.27,-4.97
643546,2109,39112,189,73575,35.00,-7.24,-5.02
643568,2059,39112,185,73540,35.00,-7.25,-4.96
643590,1982,39112,165,73525,35.00,-7.24,-4.96
643612,1780,39112,147,73529,35.00,-7.24,-4.97
643634,1676,39112,149,73539,35.00,-7.27,-4.92
643656,1699,39624,121,73589,35.00,-7.18,-4.94
643678,1293,39624,75,73669,35.00,-7.27,-4.98
643700,904,39624,89,73747,35.00,-7.23,-4.97
643722,1289,39624,135,73806,35.00,-7.22,-4.94
643763,1227,39624,109,73844,35.00,-7.27,-4.97
643785,1431,39624,140,73865,35.00,-7.20,-4.96
643807,1245,39624,149,73908,35.00,-7.23,-5.00
643829,1331,39624,167,73941,35.00,-7.23,-4.96
643851,1443,39624,167,73992,35.00,-7.22,-4.96
643873,1831,39624,171,74019,35.00,-7.24,-4.99
643895,2143,39624,171,74053,35.00,-7.26,-4.94
643917,2285,39624,166,74079,35.00,-7.23,-4.92
643939,2551,39624,165,74127,35.00,-7.26,-4.99
643961,2099,39624,135,74187,35.00,-7.21,-4.96
644515,1929,39624,149,74208,35.36,-7.24,-4.95
644545,1315,39624,93,73853,35.00,-7.23,-4.95
644567,999,39624,133,73912,35.00,-7.20,-4.92
644589,1198,39624,149,73954,35.00,-7.25,-4.97
644611,1123,39624,147,74004,35.00,-7.26,-4.96
644633,1374,39624,160,74042,35.00,-7.25,-4.96
644655,1605,39624,151,74066,35.00,-7.24,-4.95
644677,1791,39624,152,74105,35.00,-7.22,-4.96
644699,1893,39624,131,74133,35.00,-7.21,-4.95
644721,1960,39624,127,74185,35.00,-7.27,-4.96
644743,1987,39624,133,74232,35.00,-7.28,-4.98
644785,1821,39624,147,74299,35.00,-7.21,-4.97
644807,1823,39624,155,74307,35.00,-7.25,-4.92
644829,1991,39624,174,74339,35.00,-7.24,-4.97
644851,2071,39624,175,74341,35.00,-7.24,-4.98
644873,1767,39624,167,74362,35.00,-7.25,-4.97
644895,2356,39624,197,74396,35.00,-7.22,-4.93
644917,2173,39624,187,74419,35.00,-7.25,-4.96
644939,2607,39624,175,74448,35.00,-7.22,-5.00
644961,2628,39624,147,74465,35.00,-7.24,-5.00
644983,1747,39624,101,74430,35.00,-7.24,-4.92
645537,1244,39624,87,74273,35.92,-7.24,-4.92
645567,1575,39624,155,73930,35.00,-7.26,-4.95
645589,1254,40392,139,73954,35.00,-7.20,-4.94
645611,1297,40392,163,73960,35.00,-7.25,-4.97
645633,1205,40392,167,73975,35.00,-7.26,-4.94
645655,1528,40392,183,73991,35.00,-7.24,-4.94
645677,1817,40392,185,74006,35.00,-7.26,-4.99
645699,2058,40392,199,74022,35.00,-7.24,-4.97
645721,2537,40392,183,74028,35.00,-7.22,-4.94
645743,2221,40392,159,74040,35.00,-7.21,-4.97
645765,2009,40392,155,73969,35.00,-7.26,-4.97
645808,1945,40392,147,73308,35.00,-7.26,-4.96
645830,751,40392,99,73212,35.00,-7.22,-4.98
645852,789,40392,140,73145,35.00,-7.22,-4.96
645874,1135,40392,152,73073,35.00,-7.26,-4.95
645896,901,40392,103,73036,35.00,-7.23,-4.97
645918,651,40392,111,73000,35.00,-7.25,-4.94
645940,1355,40392,152,72995,35.00,-7.24,-4.95
645962,1483,40392,105,73022,35.00,-7.23,-4.94
645984,1366,40392,110,73101,35.00,-7.24,-4.96
646560,1563,40392,109,73192,36.59,-7.22,-4.94
646591,2665,39624,205,73105,35.00,-7.21,-4.94
646613,2237,39624,199,73057,35.00,-7.24,-4.97
646635,2023,39624,187,73015,35.00,-7.22,-5.02
646657,1678,39624,167,72978,35.00,-7.24,-4.93
646679,1561,39624,167,72953,35.00,-7.22,-4.96
646701,1612,39624,149,72944,35.00,-7.25,-4.96
646723,1460,39624,114,72974,35.00,-7.23,-4.97
646745,1398,39624,108,73060,35.00,-7.23,-4.97
646767,1423,39624,135,73142,35.00,-7.22,-4.97
646789,1143,39624,109,73174,35.00,-7.25,-4.96
646830,1045,39624,131,73270,35.00,-7.26,-4.99
646852,997,39624,137,73282,35.00,-7.21,-5.00
646874,979,39624,159,73319,35.00,-7.21,-4.97
646896,1013,39624,167,73369,35.00,-7.24,-4.95
646918,1196,39624,169,73394,35.00,-7.24,-4.96
646940,1377,39624,170,73408,35.00,-7.24,-4.96
646962,1669,39624,167,73440,35.00,-7.22,-4.96
646984,1875,39624,159,73486,35.00,-7.22,-4.93
647583,2151,39624,163,73542,36.17,-7.25,-4.95
647614,1631,40392,112,73310,35.00,-7.25,-4.94
647636,1385,40392,169,73348,35.00,-7.26,-4.96
647658,1603,40392,169,73390,35.00,-7.26,-4.99
647680,1559,40392,169,73425,35.00,-7.23,-4.98
647702,1819,40392,169,73478,35.00,-7.27,-4.97
647724,1960,40392,167,73552,35.00,-7.25,-4.96
647746,2055,40392,159,73610,35.00,-7.21,-4.95
647768,1913,40392,149,73643,35.00,-7.25,-4.99
647790,1672,40904,141,73663,35.00,-7.21,-4.96
647833,1929,40392,153,73781,35.00,-7.24,-4.97
647855,1932,40904,175,73815,35.00,-7.26,-4.94
647877,1561,40392,179,73845,35.00,-7.20,-4.94
647899,1593,40392,185,73867,35.00,-7.22,-4.99
647921,2151,40392,221,73877,35.00,-7.25,-4.95
647943,2597,40392,215,73899,35.00,-7.20,-4.99
647965,2195,40392,167,73939,35.00,-7.18,-4.93
647987,1407,40392,112,73966,35.00,-7.22,-4.93
648350,1257,40904,101,74000,35.22,-7.24,-4.95
648378,2431,40392,171,73309,35.00,-7.19,-4.98
648400,2155,40392,199,73341,35.00,-7.22,-4.96
648422,1917,40392,155,73364,35.00,-7.23,-4.97
648444,1497,40392,122,73387,35.00,-7.26,-4.98
648466,1514,40392,109,73417,35.00,-7.24,-4.93
648488,1181,40392,99,73458,35.00,-7.23,-4.95
648510,1498,40392,125,73492,35.00,-7.24,-4.98
648532,1687,40392,119,73521,35.00,-7.23,-4.96
648574,1511,40904,115,73578,35.00,-7.22,-4.97
648596,1596,40392,137,73577,35.00,-7.24,-4.93
648618,1583,40392,156,73576,35.00,-7.24,-4.98
648640,1737,40392,183,73579,35.00,-7.21,-4.92
648662,1679,40392,185,73574,35.00,-7.24,-4.95
648684,2124,40392,191,73596,35.00,-7.24,-4.99
648706,2131,40392,185,73613,35.00,-7.24,-4.94
648728,2629,40392,185,73637,35.00,-7.25,-4.99
648750,2873,40392,170,73640,35.00,-7.25,-4.98
648772,2377,40904,167,73663,35.00,-7.27,-4.94
648794,2397,40904,171,73688,35.00,-7.23,-4.95
648835,2009,40904,166,73379,35.00,-7.24,-4.98
648857,1565,40904,118,73176,35.00,-7.25,-5.00
648879,1385,40904,143,73043,35.00,-7.22,-4.97
648901,1229,40392,139,72962,35.00,-7.24,-4.98
648923,1047,40904,137,72903,35.00,-7.22,-4.99
648945,1401,40392,159,72850,35.00,-7.23,-4.98
648967,1663,40392,157,72836,35.00,-7.24,-4.95
648989,1443,40904,117,72837,35.00,-7.25,-4.95
649372,1553,40904,124,72881,36.48,-7.24,-4.92
649400,1301,40904,91,73421,35.00,-7.24,-4.96
649422,1485,40904,164,73439,35.00,-7.23,-4.95
649444,1469,40904,151,73462,35.00,-7.24,-4.95
649466,1528,40904,163,73477,35.00,-7.26,-4.99
649488,1873,40904,153,73480,35.00,-7.24,-4.95
649510,1833,40904,143,73491,35.00,-7.20,-4.97
649532,2024,40904,139,73478,35.00,-7.24,-4.99
649554,2153,40904,141,73465,35.00,-7.21,-4.97
649576,1935,40904,143,73454,35.00,-7.24,-4.98
649617,2067,40904,159,72906,35.00,-7.22,-4.95
649639,2021,40904,154,72722,35.00,-7.23,-4.96
649661,1897,40904,179,72636,35.00,-7.24,-5.01
649683,2173,40392,221,72581,35.00,-7.25,-4.97
649705,2375,40392,217,72525,35.00,-7.26,-4.95
649727,2247,40904,172,72484,35.00,-7.27,-4.96
649749,1799,40904,119,72447,35.00,-7.22,-4.95
649771,1502,40904,110,72414,35.00,-7.21,-4.96
649793,1379,40904,102,72467,35.00,-7.25,-4.93
649815,1547,40904,125,72508,35.00,-7.22,-4.98
649858,1638,40904,123,72591,35.00,-7.25,-4.98
649880,1215,40904,141,72611,35.00,-7.24,-4.97
649902,1353,40904,153,72639,35.00,-7.24,-4.97
649924,1424,40904,166,72655,35.00,-7.23,-4.99
649946,1522,40904,169,72668,35.00,-7.22,-4.96
649968,1547,40904,169,72690,35.00,-7.24,-4.95
649990,1743,40904,151,72721,35.00,-7.27,-4.99
650394,2022,40904,143,72771,35.85,-7.26,-4.99
650422,2004,39624,135,72527,35.00,-7.26,-4.96
650444,1715,39624,175,72487,35.00,-7.24,-4.96
650466,1811,39624,197,72473,35.00,-7.23,-4.95
650488,1855,39624,187,72471,35.00,-7.22,-4.93
650510,2100,39624,179,72485,35.00,-7.24,-4.95
650532,2089,39624,153,72536,35.00,-7.25,-4.91
650554,2200,40392,160,72613,35.00,-7.23,-4.96
650576,2284,40392,169,72666,35.00,-7.20,-4.98
650598,2253,40392,155,72689,35.00,-7.24,-4.98
650639,1947,40392,139,72744,35.00,-7.26,-4.97
650661,1547,40392,134,72775,35.00,-7.25,-4.96
650683,1304,40392,137,72814,35.00,-7.24,-4.97
650705,1173,40392,134,72835,35.00,-7.26,-4.95
650727,1241,40392,159,72872,35.00,-7.26,-4.96
650749,1663,40392,171,72912,35.00,-7.26,-4.97
650771,1519,40392,139,72940,35.00,-7.23,-4.96
650793,1736,40392,149,72965,35.00,-7.25,-4.96
650815,1938,40392,133,73000,35.00,-7.25,-4.98
650837,1769,40392,125,73045,35.00,-7.23,-4.93
650859,1721,40392,125,73078,35.00,-7.24,-4.95
650900,1468,40392,149,73164,35.00,-7.25,-4.98
650922,1669,40392,155,73192,35.00,-7.24,-4.97
650944,1693,40392,173,73207,35.00,-7.24,-4.94
650966,1657,40392,173,73244,35.00,-7.24,-4.99
650988,1853,40392,187,73260,35.00,-7.16,-4.96
651416,2109,40392,213,73283,36.25,-7.28,-4.95
651445,2103,40392,136,72780,35.00,-7.28,-4.95
651467,1383,40904,138,72846,35.00,-7.26,-5.00
651489,1151,40904,141,72900,35.00,-7.21,-4.94
651511,1389,40904,158,72931,35.00,-7.27,-4.97
651533,1547,40904,139,72984,35.00,-7.27,-4.95
651555,1515,40904,120,73020,35.00,-7.23,-4.94
651577,1949,40904,143,73057,35.00,-7.25,-4.94
651599,1764,40904,115,73092,35.00,-7.22,-4.95
651621,1422,40904,116,73124,35.00,-7.22,-5.00
651662,1567,40392,139,73216,35.00,-7.26,-5.01
651684,1485,40904,137,73256,35.00,-7.24,-4.95
651706,1557,40904,157,73313,35.00,-7.21,-4.96
651728,1619,40392,169,73345,35.00,-7.26,-4.96
651750,1823,40392,186,73374,35.00,-7.23,-4.94
651772,1911,40392,183,73399,35.00,-7.24,-4.96
651794,2133,40392,181,73345,35.00,-7.24,-4.96
651816,2364,40904,168,73164,35.00,-7.24,-4.96
651838,2250,40392,159,72933,35.00,-7.23,-4.96
651860,2163,40392,153,72769,35.00,-7.22,-4.94
651902,1979,40904,135,72511,35.00,-7.23,-4.99
651924,1340,40904,115,72479,35.00,-7.23,-4.97
651946,1135,40904,127,72460,35.00,-7.25,-4.94
651968,812,40904,120,72435,35.00,-7.21,-4.97
651990,1161,40904,165,72438,35.00,-7.19,-4.95
652439,1549,40392,167,72510,36.80,-7.24,-4.96
652468,1195,40904,43,73182,35.00,-7.24,-4.97
652490,0,40904,51,73237,35.00,-7.25,-4.97
652512,1,40904,60,73248,35.00,-7.24,-4.98
652534,0,40904,55,73195,35.00,-7.22,-5.00
652556,107,40392,56,73048,35.00,-7.25,-4.99
652578,104,40392,44,72815,35.00,-7.24,-4.97
652600,820,40392,83,72631,35.00,-7.24,-4.94
652622,1568,40392,107,72543,35.00,-7.19,-4.96
652664,1981,40392,136,72469,35.00,-7.24,-4.99
652686,2347,39624,161,72447,35.00,-7.25,-4.98
652708,2333,40392,176,72461,35.00,-7.23,-4.97
652730,1819,40392,169,72507,35.00,-7.26,-4.94
652752,1784,40392,168,72586,35.00,-7.23,-4.94
652774,2195,40392,201,72674,35.00,-7.24,-4.97
652796,2955,40392,217,72729,35.00,-7.21,-4.98
652818,3087,40392,183,72746,35.00,-7.23,-4.95
652840,2555,40392,121,72748,35.00,-7.24,-5.01
652862,1835,40392,102,72791,35.00,-7.24,-4.96
652884,2093,40392,110,72827,35.00,-7.25,-4.96
652925,1983,40392,137,72930,35.00,-7.28,-4.98
652947,2445,40392,159,72991,35.00,-7.25,-4.95
652969,2250,40392,179,73072,35.00,-7.23,-4.94
652991,2141,40392,187,73148,35.00,-7.24,-4.97
653717,2153,40392,201,73249,36.10,-7.24,-4.95
653747,869,40904,85,73054,35.00,-7.23,-4.97
653769,347,40904,85,73104,35.00,-7.23,-4.97
653791,391,40904,101,73134,35.00,-7.25,-4.94
653813,327,41000,101,73150,35.00,-7.24,-4.96
653835,455,41000,117,73157,35.00,-7.24,-4.98
653857,632,41000,121,73172,35.00,-7.25,-5.00
653879,1085,40904,137,73185,35.00,-7.25,-4.96
653901,1683,40904,149,73162,35.00,-7.22,-4.96
653923,2446,40392,152,73153,35.00,-7.24,-4.97
653945,2595,40392,150,73152,35.00,-7.23,-4.96
653987,2487,39624,173,73121,35.00,-7.24,-4.97
654740,2611,39112,188,72970,35.88,-7.24,-4.92
654769,1843,40904,155,72689,35.00,-7.23,-4.99
654791,1533,40904,126,72504,35.00,-7.25,-4.97
654813,1705,40392,157,72370,35.00,-7.22,-4.97
654835,1592,39624,165,72252,35.00,-7.25,-4.97
654857,1687,39624,165,72154,35.00,-7.24,-4.94
654879,1720,39624,155,72082,35.00,-7.24,-4.98
654901,1960,39624,153,72056,35.00,-7.27,-4.97
654923,2328,40392,164,72088,35.00,-7.26,-4.94
654945,2199,40392,143,72137,35.00,-7.21,-4.97
654967,1823,40392,120,72249,35.00,-7.26,-4.95
654989,1851,39624,141,72342,35.00,-7.23,-4.97
655030,1995,39624,143,72527,35.00,-7.24,-4.94
655052,1941,39112,164,72616,35.00,-7.26,-4.93
655074,1971,39624,175,72703,35.00,-7.25,-4.98
655096,1683,39624,183,72807,35.00,-7.25,-4.94
655118,1576,39624,174,72872,35.00,-7.24,-4.96
655140,1583,39624,159,72945,35.00,-7.25,-4.95
655162,1849,40392,148,73021,35.00,-7.24,-4.96
655184,1725,40392,137,73085,35.00,-7.22,-4.92
655206,1775,40392,139,73139,35.00,-7.21,-4.97
655228,2250,40392,159,73183,35.00,-7.24,-4.96
655271,2461,40392,171,73227,35.00,-7.24,-4.94
655293,1695,40904,152,73235,35.00,-7.25,-4.94
655315,1515,40904,159,73225,35.00,-7.23,-5.01
655337,1648,40904,179,73191,35.00,-7.22,-4.97
655359,1582,40392,141,73158,35.00,-7.19,-4.96
655381,1561,40392,142,73128,35.00,-7.22,-4.97
655403,1736,40392,141,73090,35.00,-7.23,-4.98
655425,1721,40392,118,73079,35.00,-7.24,-4.93
655447,1718,40392,118,73052,35.00,-7.25,-4.94
655469,1559,40392,115,72962,35.00,-7.22,-5.01
655511,1579,40392,133,72566,35.00,-7.25,-4.96
655533,1451,40392,141,72523,35.00,-7.23,-4.98
655555,1478,40392,153,72524,35.00,-7.24,-4.97
655577,1531,40392,148,72533,35.00,-7.26,-4.96
655599,1149,40904,133,72501,35.00,-7.24,-5.01
655621,1000,40904,141,72484,35.00,-7.24,-4.97
655643,1223,40904,137,72507,35.00,-7.22,-5.00
655665,1295,41000,117,72538,35.00,-7.26,-4.97
655687,1261,41000,85,72570,35.00,-7.25,-4.96
655709,1389,41000,109,72600,35.00,-7.24,-4.93
655731,1545,41000,108,72581,35.00,-7.20,-4.98
655772,1187,40904,105,72390,35.00,-7.24,-4.95
655794,1237,40392,105,72362,35.00,-7.23,-4.95
655816,1477,40392,151,72317,35.00,-7.23,-4.95
655838,1587,39624,151,72264,35.00,-7.24,-4.96
655860,1699,39624,167,72219,35.00,-7.23,-4.98
655882,2360,39112,205,72200,35.00,-7.22,-4.97
655904,2616,39112,203,72213,35.00,-7.22,-4.96
655926,2399,39624,174,72232,35.00,-7.21,-4.98
655948,2423,39624,157,72248,35.00,-7.26,-4.96
655970,2415,39624,155,72281,35.00,-7.24,-4.97
656529,2467,39624,179,72497,35.59,-7.22,-4.98
656559,1661,40904,115,72462,35.00,-7.24,-4.96
656581,1791,40904,167,72484,35.00,-7.24,-4.99
656603,1689,40904,149,72481,35.00,-7.19,-4.95
656625,1236,40904,109,72456,35.00,-7.23,-4.95
656647,1353,40904,123,72427,35.00,-7.24,-4.95
656669,1693,40392,117,72396,35.00,-7.24,-4.96
656691,1915,40392,125,72390,35.00,-7.26,-4.96
656713,1781,40392,101,72339,35.00,-7.24,-4.94
656754,1199,40392,102,72274,35.00,-7.25,-4.97
656776,1823,40392,139,72256,35.00,-7.23,-4.97
656798,1582,40392,149,72279,35.00,-7.23,-5.00
656820,1755,40392,174,72280,35.00,-7.21,-4.91
656842,1831,40392,179,72281,35.00,-7.22,-4.91
656864,1771,40392,175,72272,35.00,-7.24,-4.94
656886,2041,40392,177,72226,35.00,-7.23,-4.97
656908,2163,40392,169,72091,35.00,-7.24,-4.97
656930,2421,40392,171,71908,35.00,-7.18,-4.97
656952,2523,40392,172,71752,35.00,-7.21,-4.97
656974,2281,40392,163,71675,35.00,-7.22,-4.96
657552,2267,40392,158,71638,35.66,-7.24,-4.97
657582,1979,39624,99,77242,35.00,-7.26,-4.95
657604,952,39624,149,77414,35.00,-7.21,-4.96
657626,1080,39624,157,77524,35.00,-7.26,-4.98
657648,1429,39624,141,77613,35.00,-7.27,-4.95
657670,1690,40392,145,77750,35.00,-7.19,-4.97
657692,1702,40392,147,77944,35.00,-7.25,-4.94
657714,1468,40392,121,78089,35.00,-7.22,-4.97
657757,1757,40392,133,78874,35.00,-7.22,-4.97
657779,1465,39624,139,79154,35.00,-7.27,-4.92
657801,1548,39624,153,79424,35.00,-7.21,-4.95
657823,1775,39624,172,79809,35.00,-7.25,-4.93
657845,1762,39624,185,80468,35.00,-7.26,-4.97
657867,1657,39624,187,81181,35.00,-7.24,-4.96
657889,1885,39624,175,81820,35.00,-7.21,-4.95
657911,2007,39624,153,82272,35.00,-7.20,-4.93
657933,2206,39624,159,82701,35.00,-7.20,-4.97
657955,2407,39624,183,83030,35.00,-7.22,-4.97
657997,2449,39624,173,83639,35.00,-7.24,-4.96
658575,1387,40392,102,83930,35.90,-7.22,-4.95
658605,1433,40904,111,94029,35.00,-7.23,-4.96
658627,1357,40904,165,95280,35.00,-7.23,-4.99
658649,1595,40904,172,96646,35.00,-7.20,-4.94
658671,1643,40904,159,98131,35.00,-7.22,-4.92
658693,2027,40904,165,99459,35.00,-7.21,-4.99
658715,2125,40904,149,101054,35.00,-7.21,-4.93
658737,2012,40904,141,102511,35.00,-7.29,-4.96
658779,1844,41000,125,105129,35.00,-7.18,-4.92
658801,2024,41512,177,105668,35.00,-7.27,-4.95
658823,2085,41512,179,106057,35.00,-7.20,-4.93
658845,1848,41512,171,106379,35.00,-7.23,-4.94
658867,1469,41512,153,106659,35.00,-7.24,-4.96
658889,1523,41512,153,106890,35.00,-7.23,-4.96
658911,1615,41512,149,107128,35.00,-7.21,-4.98
658933,1656,42280,147,107324,35.00,-7.27,-4.94
658955,1553,42280,109,107452,35.00,-7.23,-4.96
658977,1674,42280,135,107575,35.00,-7.22,-4.97
659020,1803,42280,120,107854,35.00,-7.22,-4.95
659042,1321,42280,133,107933,35.00,-7.27,-4.96
659064,1308,42280,140,108028,35.00,-7.21,-4.99
659086,1465,42280,167,108122,35.00,-7.25,-4.91
659108,1597,42280,171,108221,35.00,-7.26,-4.96
659130,1683,42280,181,108307,35.00,-7.20,-4.97
659152,1913,42280,173,108390,35.00,-7.24,-4.95
659174,2215,42280,175,108521,35.00,-7.24,-4.97
659196,2405,42280,153,108677,35.00,-7.24,-4.93
659218,2130,42280,141,108831,35.00,-7.28,-4.96
659260,2207,42792,165,108938,35.00,-7.20,-4.94
659282,2571,42792,175,108943,35.00,-7.22,-4.95
659304,1919,42792,151,108982,35.00,-7.23,-4.96
659326,1419,42792,125,109049,35.00,-7.23,-4.97
659348,1271,42792,148,109059,35.00,-7.24,-4.98
659370,1372,42792,154,109031,35.00,-7.30,-4.93
659392,1449,42792,149,109010,35.00,-7.23,-4.96
659414,1635,42792,157,109014,35.00,-7.25,-5.00
659436,1869,43176,143,109020,35.00,-7.24,-4.97
659458,1828,43176,133,109013,35.00,-7.24,-4.94
659501,1463,43176,119,109023,35.00,-7.25,-4.96
659523,1496,43176,141,109000,35.00,-7.26,-4.98
659545,1485,43176,153,108995,35.00,-7.23,-4.93
659567,1451,43176,173,108990,35.00,-7.24,-4.95
659589,1767,43176,187,109007,35.00,-7.24,-4.93
659611,2004,43176,185,109006,35.00,-7.23,-4.94
659633,1759,43176,163,109005,35.00,-7.27,-4.94
659655,1917,43176,171,109017,35.00,-7.22,-4.98
659677,2510,43176,189,109029,35.00,-7.23,-4.96
659699,2634,43176,174,109040,35.00,-7.24,-4.94
659741,2057,43176,135,109012,35.00,-7.22,-4.94
659763,1493,43176,107,108993,35.00,-7.22,-4.94
659785,1288,43176,127,108975,35.00,-7.23,-4.98
659807,1067,43176,137,108967,35.00,-7.24,-4.99
659829,975,43176,147,108957,35.00,-7.24,-4.98
659851,1382,43176,168,108946,35.00,-7.22,-4.92
659873,1609,43176,167,108935,35.00,-7.28,-4.95
659895,1464,43176,139,108920,35.00,-7.22,-4.99
659917,1718,43176,147,108924,35.00,-7.23,-5.00
659939,1849,43176,135,108893,35.00,-7.25,-4.96
659961,1821,43688,136,108881,35.00,-7.23,-4.95
660364,1771,43688,141,108874,36.50,-7.27,-4.98
660403,1623,43688,147,109103,35.00,-7.25,-4.97
660425,1701,44456,141,109103,35.00,-7.25,-4.95
660447,1661,44456,149,109127,35.00,-7.26,-4.96
660469,1636,44456,159,109133,35.00,-7.22,-4.98
660491,1704,43688,181,109130,35.00,-7.24,-4.99
660513,1996,43688,211,109132,35.00,-7.24,-4.97
660535,2239,43688,197,109149,35.00,-7.23,-4.96
660557,2247,44456,165,109154,35.00,-7.25,-4.94
660579,2117,44456,133,109168,35.00,-7.22,-4.95
660601,1816,44456,116,109168,35.00,-7.26,-4.96
660643,1531,44456,95,109190,35.00,-7.25,-4.93
660665,1733,44456,135,109169,35.00,-7.25,-4.95
660687,1567,44456,134,109155,35.00,-7.25,-4.97
660709,1444,44456,151,109130,35.00,-7.24,-4.98
660731,1456,44456,159,109130,35.00,-7.24,-4.92
660753,1579,44456,169,109137,35.00,-7.23,-4.97
660775,1789,44456,169,109137,35.00,-7.25,-4.98
660797,2037,44456,173,109140,35.00,-7.24,-4.99
660819,1981,44456,153,109137,35.00,-7.28,-5.00
660841,2045,44456,151,109168,35.00,-7.22,-4.95
660863,2043,44456,145,109204,35.00,-7.26,-4.97
660904,2042,44456,151,109215,35.00,-7.22,-4.97
660926,1811,44456,134,109226,35.00,-7.26,-4.97
660948,1779,44456,163,109237,35.00,-7.24,-4.95
660970,1812,44456,191,109241,35.00,-7.24,-4.96
660992,1916,44456,203,109263,35.00,-7.24,-4.97
661387,1989,44968,181,109249,36.21,-7.23,-4.95
661425,1915,45160,180,109171,35.00,-7.24,-4.94
661447,2259,45160,155,109147,35.00,-7.24,-4.99
661469,1564,45160,119,109128,35.00,-7.25,-4.98
661491,966,45160,114,109121,35.00,-7.24,-5.00
661513,1077,45160,152,109131,35.00,-7.27,-4.96
661535,1383,45160,149,109118,35.00,-7.25,-4.96
661557,1385,45160,139,109121,35.00,-7.22,-4.94
661579,1499,45160,150,109126,35.00,-7.22,-4.98
661601,1723,45160,158,109142,35.00,-7.21,-4.96
661623,1714,45160,115,109142,35.00,-7.23,-4.98
661645,1628,45160,119,109158,35.00,-7.22,-4.94
661686,1447,45160,115,109136,35.00,-7.22,-4.93
661708,1725,45160,137,109141,35.00,-7.25,-4.96
661730,1762,45160,151,109154,35.00,-7.28,-4.95
661752,1741,45160,179,109142,35.00,-7.22,-4.94
661774,1769,45160,190,109141,35.00,-7.24,-4.96
661796,1930,45160,180,109133,35.00,-7.23,-4.93
661818,2011,45160,178,109127,35.00,-7.25,-4.98
661840,2360,45160,211,109117,35.00,-7.24,-4.97
661862,2700,45160,200,109118,35.00,-7.22,-4.95
661884,2605,45160,157,109107,35.00,-7.28,-5.01
661926,2116,45160,106,109072,35.00,-7.22,-4.94
661948,1257,45672,100,109070,35.00,-7.26,-4.96
661970,1490,45160,139,109073,35.00,-7.25,-4.91
661992,1609,45160,145,109090,35.00,-7.24,-4.98
662409,1467,45160,156,109102,36.20,-7.25,-4.93
662448,1341,44968,137,109038,35.00,-7.22,-4.96
662470,1396,45160,119,109056,35.00,-7.25,-4.96
662492,1257,45160,132,109071,35.00,-7.23,-4.99
662514,1129,45160,147,109065,35.00,-7.23,-4.96
662536,1303,45160,165,109073,35.00,-7.24,-4.92
662558,1575,45160,182,109088,35.00,-7.24,-4.98
662580,1631,45160,172,109112,35.00,-7.26,-4.95
662602,2077,45160,173,109130,35.00,-7.21,-4.96
662624,1973,45160,153,109149,35.00,-7.23,-4.92
662646,1971,45160,139,109161,35.00,-7.29,-4.97
662688,2411,45160,169,109182,35.00,-7.23,-4.96
662710,2375,44968,151,109168,35.00,-7.23,-4.95
662732,1700,45160,133,109157,35.00,-7.28,-4.96
662754,1323,44968,122,109130,35.00,-7.26,-4.98
662776,1388,45160,147,109117,35.00,-7.26,-4.93
662798,1268,44968,155,109090,35.00,-7.25,-4.98
662820,1453,44968,167,109059,35.00,-7.26,-4.97
662842,1823,45160,157,109038,35.00,-7.25,-4.95
662864,1925,45160,156,109029,35.00,-7.24,-4.97
662886,1735,45160,127,109030,35.00,-7.21,-4.97
662908,1468,45160,125,109026,35.00,-7.23,-4.98
662949,1626,45160,135,108783,35.00,-7.24,-4.96
662971,2099,45160,151,108688,35.00,-7.24,-4.94
662993,1972,45160,158,108664,35.00,-7.23,-4.99
663432,1813,45160,169,108662,36.90,-7.22,-4.97
663470,1430,45160,149,109020,35.00,-7.26,-4.97
663492,1599,45160,127,109048,35.00,-7.23,-4.96
663514,1356,45160,142,109068,35.00,-7.25,-4.97
663536,1443,45160,181,109090,35.00,-7.19,-4.96
663558,1707,45160,199,109105,35.00,-7.26,-4.96
663580,1721,44968,183,109109,35.00,-7.24,-4.95
663602,1440,45160,141,109132,35.00,-7.24,-4.98
663624,1253,45160,123,109152,35.00,-7.23,-4.93
663646,1196,45160,106,109147,35.00,-7.24,-4.95
663668,1139,45160,99,109109,35.00,-7.22,-4.95
663690,1341,45160,120,108987,35.00,-7.26,-4.98
663731,1293,45160,111,108707,35.00,-7.21,-4.98
663753,1454,45160,109,108707,35.00,-7.26,-4.95
663775,1229,44968,121,108703,35.00,-7.25,-4.90
663797,1097,45160,133,108696,35.00,-7.25,-4.96
663819,1139,44968,155,108700,35.00,-7.25,-4.93
663841,1595,44968,173,108729,35.00,-7.26,-4.95
663863,1853,44968,175,108784,35.00,-7.24,-4.97
663885,1851,45160,157,108829,35.00,-7.21,-4.96
663907,1883,45160,145,108868,35.00,-7.26,-4.97
663929,2146,45160,155,108894,35.00,-7.25,-4.95
663971,2395,45160,164,108973,35.00,-7.26,-4.96
663993,2073,45160,121,108999,35.00,-7.27,-4.92
664710,1843,45160,112,109014,36.65,-7.25,-4.97
664734,1901,45672,141,109089,35.00,-7.19,-4.96
664756,1557,45672,123,109110,35.00,-7.24,-4.93
664778,1572,45672,157,109114,35.00,-7.24,-4.94
664800,1817,45672,198,109131,35.00,-7.22,-4.94
664822,1935,45672,189,109149,35.00,-7.25,-4.97
664844,1805,45672,171,109167,35.00,-7.23,-4.91
664866,1439,45672,128,109185,35.00,-7.24,-4.92
664888,1170,45672,110,109197,35.00,-7.23,-4.96
664910,1357,45672,119,109215,35.00,-7.31,-4.96
664932,1800,45672,139,109235,35.00,-7.23,-4.94
664974,1937,45672,132,109270,35.00,-7.24,-4.94
664996,1671,45672,120,109286,35.00,-7.27,-4.90
665733,1528,46440,136,109301,36.15,-7.23,-4.95
665776,1183,45672,95,108986,35.00,-7.25,-4.97
665798,1623,45672,119,109005,35.00,-7.23,-4.96
665820,1335,45672,119,109016,35.00,-7.24,-4.97
665842,1110,45672,126,109003,35.00,-7.23,-4.97
665864,1109,45672,152,108987,35.00,-7.23,-4.98
665886,1323,45672,159,108949,35.00,-7.24,-4.97
665908,1391,45160,168,108783,35.00,-7.26,-4.95
665930,1725,45160,159,107952,35.00,-7.23,-4.94
665952,2927,45160,185,106986,35.00,-7.23,-4.96
665974,2007,45160,134,106504,35.00,-7.22,-4.98
666757,2235,45160,141,105752,35.31,-7.24,-4.96
666798,1882,45160,135,107320,35.00,-7.25,-4.97
666820,2025,45160,137,107330,35.00,-7.21,-4.94
666842,1941,45160,141,107443,35.00,-7.24,-4.97
666864,1853,45160,148,107633,35.00,-7.21,-4.96
666886,1891,45160,186,107791,35.00,-7.20,-4.95
666908,2089,44968,215,107916,35.00,-7.25,-4.97
666930,2155,44968,215,107988,35.00,-7.27,-4.95
666952,2072,44968,167,108044,35.00,-7.28,-4.96
666974,1868,45160,139,108107,35.00,-7.22,-4.92
666996,1701,45160,120,108166,35.00,-7.25,-4.96
667524,1686,45160,109,108233,35.62,-7.26,-4.97
667560,1431,45160,140,107000,35.00,-7.21,-4.95
667582,1739,45160,124,107149,35.00,-7.24,-4.96
667604,1549,45160,139,107342,35.00,-7.24,-4.97
667626,1359,45160,141,107507,35.00,-7.27,-4.96
667648,1429,45160,165,107625,35.00,-7.24,-4.96
667670,1592,45160,167,107714,35.00,-7.23,-4.99
667692,1455,45160,169,107772,35.00,-7.26,-4.97
667714,1832,45160,185,107835,35.00,-7.30,-4.95
667736,2133,45160,199,107905,35.00,-7.21,-4.93
667758,2227,45160,159,107975,35.00,-7.23,-4.96
667780,2123,45160,123,108046,35.00,-7.25,-4.98
667821,1780,45160,99,108203,35.00,-7.23,-4.96
667843,1625,45672,115,108262,35.00,-7.25,-4.97
667865,1383,45672,108,108307,35.00,-7.24,-4.97
667887,1371,45672,137,108336,35.00,-7.20,-4.99
667909,1421,45672,159,108384,35.00,-7.24,-4.94
667931,1565,45672,163,108421,35.00,-7.25,-4.96
667953,1643,45672,168,108438,35.00,-7.24,-4.94
667975,1799,45672,171,108453,35.00,-7.23,-4.98
667997,1989,45672,163,108465,35.00,-7.21,-4.98
668547,2087,45672,153,108488,36.32,-7.24,-4.94
668583,1428,45160,162,108020,35.00,-7.24,-4.92
668605,1527,45672,109,108098,35.00,-7.25,-4.97
668627,1225,45672,95,108174,35.00,-7.24,-4.94
668649,1129,45672,123,108200,35.00,-7.21,-4.95
668671,1045,45672,136,108246,35.00,-7.25,-4.98
668693,946,45672,141,108300,35.00,-7.24,-5.00
668715,970,45672,136,108350,35.00,-7.23,-4.94
668737,1365,45672,152,108390,35.00,-7.23,-4.92
668759,1517,45672,139,108431,35.00,-7.25,-4.92
668781,1349,45672,115,108467,35.00,-7.25,-4.93
668823,1403,45672,107,108564,35.00,-7.25,-4.96
668845,1263,46440,99,108580,35.00,-7.20,-4.95
668867,1395,46440,116,108593,35.00,-7.25,-4.97
668889,1384,45672,133,108600,35.00,-7.26,-4.93
668911,1639,45672,153,108500,35.00,-7.22,-4.96
668933,1717,45672,165,108009,35.00,-7.24,-4.95
668955,2063,45672,173,107323,35.00,-7.25,-4.94
668977,2165,45672,181,106935,35.00,-7.22,-4.93
668999,2667,45160,203,106772,35.00,-7.24,-4.99
669021,2989,45672,199,106685,35.00,-7.24,-4.94
669043,2637,45672,141,106619,35.00,-7.25,-4.97
669084,2005,46440,99,106590,35.00,-7.24,-4.95
669106,1541,46440,103,106721,35.00,-7.23,-4.96
669128,1659,46440,136,106897,35.00,-7.28,-4.92
669150,1755,46440,147,107038,35.00,-7.23,-4.94
669172,1805,46440,156,107129,35.00,-7.21,-4.94
669194,1815,46440,171,107183,35.00,-7.25,-4.98
669216,1915,46440,185,107258,35.00,-7.22,-4.96
669238,2089,46440,181,107345,35.00,-7.22,-4.95
669260,2287,46440,169,107451,35.00,-7.24,-4.98
669282,2309,46440,150,107563,35.00,-7.23,-4.93
669325,2118,46440,141,107939,35.00,-7.23,-4.95
669347,1919,46440,135,108062,35.00,-7.19,-4.96
669369,1790,46440,144,108168,35.00,-7.26,-4.95
669391,1609,46440,147,108250,35.00,-7.21,-4.96
669413,1529,46440,166,108325,35.00,-7.24,-4.96
669435,1671,46440,165,108386,35.00,-7.24,-4.95
669457,1696,46440,172,108438,35.00,-7.27,-4.95
669479,1669,46440,157,108483,35.00,-7.26,-4.96
669501,1749,46440,159,108506,35.00,-7.24,-4.98
669523,1993,46440,153,108542,35.00,-7.20,-4.97
669565,2297,46440,172,108659,35.00,-7.26,-4.98
669587,2157,46440,136,108692,35.00,-7.27,-4.91
669609,1625,46952,101,108714,35.00,-7.24,-4.95
669631,1047,46952,99,108727,35.00,-7.22,-4.96
669653,1000,46440,137,108686,35.00,-7.28,-4.93
669675,1503,46440,173,108474,35.00,-7.22,-4.99
669697,1639,46440,165,107876,35.00,-7.21,-4.91
669719,1599,46440,163,107312,35.00,-7.21,-4.96
669741,1672,46440,159,107052,35.00,-7.25,-4.96
669763,1836,46440,139,106949,35.00,-7.21,-4.95
669806,1739,46440,133,106821,35.00,-7.22,-4.93
669828,1787,46440,123,106868,35.00,-7.22,-4.93
669850,1739,46952,141,106998,35.00,-7.22,-4.98
669872,1661,46952,151,107179,35.00,-7.23,-4.96
669894,1619,46440,170,107362,35.00,-7.26,-4.96
669916,1613,46440,169,107504,35.00,-7.25,-4.97
669938,1687,46440,174,107602,35.00,-7.21,-4.93
669960,2123,46440,199,107680,35.00,-7.23,-4.96
669982,2495,46440,214,107768,35.00,-7.21,-4.93
670344,2461,46440,173,107856,35.63,-7.25,-4.97
670372,2127,46952,151,108775,35.00,-7.25,-4.94
670394,2029,46952,181,108775,35.00,-7.24,-4.93
670416,2071,46952,203,108725,35.00,-7.25,-4.94
670438,1877,46952,172,108370,35.00,-7.23,-4.94
670460,1803,46952,149,107656,35.00,-7.23,-4.95
670482,1385,46952,115,107150,35.00,-7.23,-4.94
670504,1349,46952,133,106957,35.00,-7.23,-4.97
670526,1993,46952,157,106853,35.00,-7.24,-4.95
670568,2332,46952,151,106774,35.00,-7.27,-4.94
670590,1909,46952,125,106854,35.00,-7.26,-4.96
670612,1727,46952,125,107000,35.00,-7.24,-4.95
670634,1481,46952,137,107165,35.00,-7.26,-4.93
670656,1573,46952,159,107274,35.00,-7.25,-4.96
670678,1700,46952,175,107318,35.00,-7.23,-4.96
670700,1885,46440,189,107328,35.00,-7.24,-4.96
670722,2007,46440,188,107355,35.00,-7.21,-4.94
670744,2215,46440,187,107390,35.00,-7.23,-4.96
670766,2262,46440,159,107459,35.00,-7.25,-4.96
670808,2099,46440,150,107726,35.00,-7.25,-4.97
670830,2495,46440,189,107811,35.00,-7.24,-4.95
670852,2567,46952,179,107907,35.00,-7.24,-4.99
670874,2063,46440,157,108004,35.00,-7.24,-4.95
670896,1439,46952,127,108083,35.00,-7.23,-4.97
670918,1077,46952,141,108159,35.00,-7.24,-4.96
670940,1110,46952,147,108245,35.00,-7.23,-4.96
670962,1191,46952,157,108323,35.00,-7.21,-4.96
670984,1526,46952,168,108380,35.00,-7.26,-4.97
671358,1705,46952,155,108439,36.02,-7.23,-4.97
671390,1445,46440,157,107161,35.00,-7.24,-4.96
671412,1331,46440,107,107287,35.00,-7.23,-4.92
671434,1209,46440,122,107392,35.00,-7.25,-4.94
671456,1255,46440,136,107464,35.00,-7.22,-4.96
671478,1461,45672,151,107547,35.00,-7.19,-4.96
671500,1676,45672,163,107620,35.00,-7.22,-4.92
671522,1691,45672,175,107718,35.00,-7.20,-4.95
671544,1821,45672,178,107816,35.00,-7.26,-4.92
671566,2219,45672,170,107907,35.00,-7.23,-4.95
671588,2205,45672,147,108012,35.00,-7.24,-4.99
671630,2092,45672,133,108312,35.00,-7.24,-4.92
671652,2013,46440,123,108383,35.00,-7.25,-4.97
671674,2007,46440,131,108443,35.00,-7.24,-4.97
671696,1670,46440,136,108502,35.00,-7.20,-4.94
671718,1517,46440,138,108549,35.00,-7.24,-4.96
671740,1407,46440,151,108587,35.00,-7.26,-4.94
671762,1635,46440,167,108637,35.00,-7.26,-4.99
671784,2091,46440,180,108672,35.00,-7.24,-4.93
671806,2331,46440,173,108719,35.00,-7.23,-4.94
671828,2193,46440,155,108754,35.00,-7.25,-4.94
671871,2123,46440,149,108832,35.00,-7.23,-4.96
671893,1901,46440,126,108858,35.00,-7.23,-4.94
671915,1847,46952,139,108782,35.00,-7.24,-4.96
671937,1587,46952,145,108312,35.00,-7.27,-4.96
671959,1556,46440,165,107619,35.00,-7.25,-4.97
671981,1907,46440,181,107204,35.00,-7.24,-4.99
672380,1448,46440,175,107054,36.16,-7.21,-4.97
672412,1319,46440,167,108607,35.00,-7.25,-4.96
672434,1673,45672,119,108647,35.00,-7.22,-4.93
672456,1471,45672,121,108703,35.00,-7.21,-4.95
672478,1097,45672,126,108745,35.00,-7.24,-4.97
672500,893,45672,135,108788,35.00,-7.26,-4.98
672522,1045,45672,151,108816,35.00,-7.22,-4.96
672544,1553,45672,169,108864,35.00,-7.21,-4.97
672566,1491,45672,159,108903,35.00,-7.24,-4.94
672588,1311,45672,149,108945,35.00,-7.24,-4.95
672610,1381,46440,147,108974,35.00,-7.24,-4.98
672653,1899,46440,125,109032,35.00,-7.21,-4.91
672675,1779,46440,120,108993,35.00,-7.22,-4.91
672697,1637,46440,122,108758,35.00,-7.26,-4.98
672719,1653,46440,139,108136,35.00,-7.25,-4.97
672741,1710,46440,149,107635,35.00,-7.23,-4.95
672763,1711,46440,155,107399,35.00,-7.21,-4.92
672785,1733,46440,167,107297,35.00,-7.24,-4.95
672807,1805,46440,165,107240,35.00,-7.27,-4.93
672829,1682,45672,151,107207,35.00,-7.25,-4.94
672851,1970,46440,147,107226,35.00,-7.24,-4.96
672893,1764,46440,132,107639,35.00,-7.24,-4.95
672915,2003,46440,133,107800,35.00,-7.24,-4.93
672937,1911,46440,133,107889,35.00,-7.26,-4.94
672959,1429,46440,134,107975,35.00,-7.24,-4.96
672981,1583,46440,155,108068,35.00,-7.21,-4.92
673403,1843,46440,175,108145,36.36,-7.26,-4.93
673435,1367,46440,160,109246,35.00,-7.24,-4.94
673457,1815,46440,125,109134,35.00,-7.24,-4.99
673479,1663,46440,137,108736,35.00,-7.23,-4.94
673501,1590,46440,136,108188,35.00,-7.26,-4.93
673523,1205,46440,125,107900,35.00,-7.20,-4.97
673545,1063,46440,151,107777,35.00,-7.22,-4.97
673567,1365,46440,169,107717,35.00,-7.21,-4.92
673589,1605,46440,159,107664,35.00,-7.23,-4.96
673611,1851,46440,158,107660,35.00,-7.26,-4.97
673633,1747,46440,138,107737,35.00,-7.27,-4.91
673675,1673,46440,117,108284,35.00,-7.22,-4.92
673697,2009,46440,121,108386,35.00,-7.27,-4.94
673719,2077,46440,121,108447,35.00,-7.25,-4.97
673741,1836,46440,137,108506,35.00,-7.23,-4.95
673763,1319,46440,133,108573,35.00,-7.23,-4.95
673785,1271,45672,155,108628,35.00,-7.21,-4.96
673807,1247,45672,157,108687,35.00,-7.23,-4.95
673829,1513,45672,171,108747,35.00,-7.20,-4.96
673851,1845,45672,159,108806,35.00,-7.21,-4.97
673873,2043,45672,167,108864,35.00,-7.25,-4.96
673916,2419,46440,159,108986,35.00,-7.23,-4.96
673938,2021,46440,122,109025,35.00,-7.23,-4.97
673960,1779,46440,133,109076,35.00,-7.24,-4.95
673982,2121,46440,189,109097,35.00,-7.25,-4.96
674426,2509,46440,211,109125,37.00,-7.24,-4.94
674457,1626,44456,173,108635,35.00,-7.26,-4.95
674479,1893,44456,134,108714,35.00,-7.22,-4.98
674501,1781,44968,140,108769,35.00,-7.25,-4.93
674523,1469,44968,137,108828,35.00,-7.23,-4.92
674545,1372,44968,147,108878,35.00,-7.25,-4.96
674567,1177,44968,153,108930,35.00,-7.25,-4.95
674589,1195,44968,167,108986,35.00,-7.26,-4.97
674611,1455,44968,167,109042,35.00,-7.25,-4.90
674633,1641,44456,165,109095,35.00,-7.26,-4.95
674655,1621,44968,145,109141,35.00,-7.25,-4.93
674698,1572,44968,120,109255,35.00,-7.23,-4.96
674720,1571,44968,115,109294,35.00,-7.24,-4.98
674742,1567,44968,120,109324,35.00,-7.25,-4.96
674764,1315,44968,119,109358,35.00,-7.23,-4.97
674786,1271,44968,135,109378,35.00,-7.24,-4.97
674808,1208,44968,149,109407,35.00,-7.24,-4.95
674830,1322,44968,156,109442,35.00,-7.23,-4.95
674852,1502,44968,157,109477,35.00,-7.24,-4.96
674874,1805,44968,152,109500,35.00,-7.26,-4.98
674896,1747,44968,145,109524,35.00,-7.24,-4.92
674938,1881,44968,125,109600,35.00,-7.22,-4.95
674960,2277,45160,140,109541,35.00,-7.26,-4.99
674982,2203,45160,143,109385,35.00,-7.26,-4.98
675704,2083,45160,153,109014,36.00,-7.24,-4.97
675740,1173,46440,133,109488,35.00,-7.25,-4.95
675762,1279,46440,93,109180,35.00,-7.26,-4.96
675784,1509,46440,110,108720,35.00,-7.24,-4.95
675806,1579,46440,119,108456,35.00,-7.24,-4.94
675828,1443,45672,125,108354,35.00,-7.23,-4.95
675850,1559,45672,159,108293,35.00,-7.24,-4.96
675872,1754,45672,175,108259,35.00,-7.24,-4.96
675894,1809,45672,174,108284,35.00,-7.24,-4.97
675916,1979,45672,169,108320,35.00,-7.24,-5.00
675938,2094,45672,157,108446,35.00,-7.23,-4.97
675981,2135,46440,142,108917,35.00,-7.26,-4.95
676727,2025,46440,117,108985,37.05,-7.26,-4.98
676762,1547,46440,101,109162,35.00,-7.26,-4.92
676784,2325,46440,191,109206,35.00,-7.24,-4.97
676806,2760,46440,175,109235,35.00,-7.21,-4.95
676828,2071,46440,107,109269,35.00,-7.22,-4.94
676850,955,46440,71,109308,35.00,-7.23,-5.00
676872,917,46440,139,109350,35.00,-7.25,-4.98
676894,1707,46440,181,109386,35.00,-7.23,-4.97
676916,1805,46440,155,109412,35.00,-7.24,-4.99
676938,1692,46440,157,109459,35.00,-7.25,-4.96
676960,1951,46440,157,109503,35.00,-7.25,-5.00
676982,1947,46440,135,109535,35.00,-7.23,-4.97
677023,1724,46440,105,109623,35.00,-7.23,-4.96
677045,1613,46440,101,109634,35.00,-7.23,-4.98
677067,1642,46440,106,109651,35.00,-7.23,-4.99
677089,1805,46440,123,109686,35.00,-7.24,-4.97
677111,1771,45672,158,109716,35.00,-7.24,-4.94
677133,1881,45160,191,109737,35.00,-7.28,-4.95
677155,1966,45160,172,109772,35.00,-7.23,-4.94
677177,1561,45160,120,109798,35.00,-7.25,-4.99
677199,816,45160,71,109819,35.00,-7.27,-4.97
677221,869,45160,111,109812,35.00,-7.22,-4.98
677264,1816,45160,136,109090,35.00,-7.24,-4.95
677286,1769,45160,103,108727,35.00,-7.24,-4.97
677308,1790,45160,111,108561,35.00,-7.24,-4.97
677330,1906,45160,121,108465,35.00,-7.20,-4.96
677352,1779,45160,119,108399,35.00,-7.30,-4.97
677374,1592,45160,146,108379,35.00,-7.26,-4.95
677396,1783,45160,165,108401,35.00,-7.27,-4.94
677418,1913,45160,160,108477,35.00,-7.26,-4.97
677440,2107,45672,169,108623,35.00,-7.23,-4.95
677462,2357,45672,185,108799,35.00,-7.26,-4.96
677504,2411,45672,157,109082,35.00,-7.20,-4.97
677526,2107,45672,100,109115,35.00,-7.25,-4.96
677548,1477,45672,85,109152,35.00,-7.27,-4.96
677570,1595,45672,127,109198,35.00,-7.26,-4.92
677592,1907,45672,159,109241,35.00,-7.26,-4.98
677614,1947,45672,167,109281,35.00,-7.21,-4.96
677636,1873,45672,175,109330,35.00,-7.21,-4.98
677658,1873,45672,184,109370,35.00,-7.24,-4.97
677680,2211,45672,173,109406,35.00,-7.25,-4.95
677702,1949,45672,157,109432,35.00,-7.21,-4.96
677745,2149,45672,143,109484,35.00,-7.26,-4.96
677767,2045,46440,134,109518,35.00,-7.22,-4.94
677789,1779,46440,133,109541,35.00,-7.22,-4.95
677811,1863,45672,160,109537,35.00,-7.23,-4.97
677833,2207,45672,198,109546,35.00,-7.24,-4.96
677855,2339,45672,229,109563,35.00,-7.24,-4.95
677877,2229,45672,205,109571,35.00,-7.25,-4.96
677899,1813,45672,155,109587,35.00,-7.24,-4.96
677921,1383,45672,119,109616,35.00,-7.24,-5.00
677943,1433,45672,139,109633,35.00,-7.26,-4.95
677985,1659,45672,123,109340,35.00,-7.21,-4.96
678516,1699,45672,126,108696,35.57,-7.23,-4.93
678547,779,46440,98,109456,35.00,-7.26,-4.97
678569,948,46440,75,109474,35.00,-7.25,-4.94
678591,894,46440,84,109504,35.00,-7.26,-4.96
678613,1161,46440,123,109509,35.00,-7.24,-4.92
678635,1547,46440,120,109534,35.00,-7.23,-4.98
678657,1349,46440,118,109564,35.00,-7.20,-4.96
678679,1227,46440,140,109589,35.00,-7.24,-4.95
678701,1553,45672,164,109590,35.00,-7.28,-4.97
678723,1683,45672,145,109482,35.00,-7.22,-4.96
678745,1885,45672,156,109152,35.00,-7.26,-4.95
678787,2073,46440,149,108067,35.00,-7.30,-4.92
678809,1916,46440,134,107978,35.00,-7.26,-4.97
678831,1913,46440,147,107914,35.00,-7.22,-4.98
678853,2159,46440,178,107867,35.00,-7.23,-4.98
678875,2053,46440,189,107879,35.00,-7.24,-4.97
678897,2164,46440,185,107926,35.00,-7.24,-4.98
678919,1719,46440,163,108090,35.00,-7.26,-4.96
678941,1485,46440,141,108287,35.00,-7.24,-4.98
678963,1373,46440,138,108447,35.00,-7.24,-4.97
678985,1579,46440,121,108544,35.00,-7.22,-4.96
679028,1509,46440,107,108713,35.00,-7.27,-4.96
679050,1913,46440,137,108790,35.00,-7.26,-4.95
679072,1879,46440,127,108873,35.00,-7.25,-4.96
679094,1845,46440,144,108934,35.00,-7.25,-4.96
679116,2009,46440,170,109002,35.00,-7.22,-5.00
679138,2009,46440,171,109054,35.00,-7.22,-4.98
679160,1637,46440,167,109118,35.00,-7.24,-4.98
679182,1772,46440,187,109159,35.00,-7.22,-4.99
679204,2191,46440,211,109198,35.00,-7.23,-4.94
679226,2595,46440,197,109236,35.00,-7.19,-4.96
679268,2541,46440,169,109335,35.00,-7.23,-4.94
679290,2031,46440,125,109368,35.00,-7.25,-4.95
679312,1785,46952,109,109397,35.00,-7.26,-4.95
679334,1533,46440,111,109429,35.00,-7.23,-4.94
679356,1484,46440,139,109452,35.00,-7.28,-4.96
679378,1503,46440,155,109479,35.00,-7.21,-4.96
679400,1309,46440,167,109505,35.00,-7.28,-4.96
679422,1309,46440,173,109527,35.00,-7.26,-4.96
679444,1653,46440,179,109539,35.00,-7.21,-4.97
679466,2141,46440,169,109500,35.00,-7.25,-4.93
679488,2150,46440,157,109322,35.00,-7.24,-4.92
679529,1275,46440,123,107933,35.00,-7.26,-4.95
679551,893,46440,125,107841,35.00,-7.20,-4.97
679573,1035,46440,119,107778,35.00,-7.24,-4.98
679595,1383,46440,137,107714,35.00,-7.26,-4.96
679617,1624,46440,138,107723,35.00,-7.23,-4.99
679639,1755,45672,159,107769,35.00,-7.24,-4.96
679661,1389,45672,155,107899,35.00,-7.20,-4.96
679683,1316,45672,165,108071,35.00,-7.24,-4.94
679705,1529,45672,165,108280,35.00,-7.24,-4.98
679727,1832,45672,165,108431,35.00,-7.26,-4.98
679769,2087,45672,147,108660,35.00,-7.20,-4.95
679791,1683,45672,123,108743,35.00,-7.23,-4.97
679813,1894,46440,127,108826,35.00,-7.21,-4.96
679835,2093,46440,133,108902,35.00,-7.22,-4.96
679857,1935,45672,141,108960,35.00,-7.22,-4.95
679879,1572,46440,150,109039,35.00,-7.29,-4.93
679901,1635,46440,169,109098,35.00,-7.27,-4.96
679923,1960,46440,175,109148,35.00,-7.23,-4.96
679945,2075,46440,171,109193,35.00,-7.22,-4.94
679967,1831,46440,156,109238,35.00,-7.23,-4.95
679989,1837,46440,152,109270,35.00,-7.23,-4.97
680030,1783,46440,124,109366,35.00,-7.25,-5.00
680052,1973,46440,137,109391,35.00,-7.23,-4.94
680074,1977,46440,125,109421,35.00,-7.25,-4.95
680096,1929,46440,136,109456,35.00,-7.26,-4.93
680118,1780,46440,146,109481,35.00,-7.28,-4.94
680140,1653,46440,155,109498,35.00,-7.26,-4.94
680162,1781,46440,169,109532,35.00,-7.21,-4.97
680184,1869,46440,173,109558,35.00,-7.25,-4.97
680206,1999,46440,175,109538,35.00,-7.24,-4.89
680228,1978,46440,159,109423,35.00,-7.27,-4.95
680271,2003,46440,153,108038,35.00,-7.28,-4.96
680293,2375,46440,141,107905,35.00,-7.22,-4.95
680315,2163,46440,135,107849,35.00,-7.26,-4.95
680337,1866,46440,135,107804,35.00,-7.26,-4.94
680359,1545,46440,146,107801,35.00,-7.25,-4.98
680381,1555,46440,165,107831,35.00,-7.23,-4.94
680403,1565,46440,167,107965,35.00,-7.26,-4.99
680425,1575,46440,167,108180,35.00,-7.24,-4.93
680447,1589,46440,171,108403,35.00,-7.26,-4.95
680469,1815,46440,156,108583,35.00,-7.26,-4.97
680511,1781,46440,149,108820,35.00,-7.25,-4.98
680533,1977,46440,137,108867,35.00,-7.23,-5.00
680555,1977,46952,125,108939,35.00,-7.22,-4.99
680577,1657,46952,123,108989,35.00,-7.24,-4.93
680599,1531,46952,139,109052,35.00,-7.23,-4.94
680621,1597,46952,155,109089,35.00,-7.20,-4.92
680643,1645,46952,166,109144,35.00,-7.22,-4.97
680665,1645,46952,170,109202,35.00,-7.21,-4.92
680687,1501,46952,165,109239,35.00,-7.26,-4.98
680709,1710,46952,155,109284,35.00,-7.23,-4.95
680731,1915,46952,157,109333,35.00,-7.27,-4.95
680772,2027,46952,133,109413,35.00,-7.29,-4.96
680794,1943,46952,131,109448,35.00,-7.21,-4.95
680816,1823,46952,126,109484,35.00,-7.22,-4.94
680838,1734,46952,133,109519,35.00,-7.23,-4.94
680860,1656,46952,141,109543,35.00,-7.24,-4.94
680882,1668,46952,158,109574,35.00,-7.24,-4.97
680904,1671,46952,169,109609,35.00,-7.22,-4.97
680926,1658,46952,175,109631,35.00,-7.25,-4.96
680948,1691,46952,168,109623,35.00,-7.25,-4.98
680970,1836,46952,168,109566,35.00,-7.26,-4.97
681583,2005,46952,151,108395,36.06,-7.22,-4.97
681614,1643,46440,167,109448,35.00,-7.25,-4.95
681636,2079,46440,135,109489,35.00,-7.24,-4.95
681658,1917,46440,138,109523,35.00,-7.28,-4.94
681680,1847,46440,136,109536,35.00,-7.27,-5.00
681702,1708,46952,147,109534,35.00,-7.24,-4.94
681724,1647,46440,154,109445,35.00,-7.27,-4.99
681746,1696,46440,169,109136,35.00,-7.23,-4.97
681768,1613,46440,169,108499,35.00,-7.24,-4.98
681790,1657,46440,164,108058,35.00,-7.23,-4.93
681812,1487,45672,138,107836,35.00,-7.26,-4.95
681855,1693,45672,149,107582,35.00,-7.25,-4.99
681877,1821,45672,136,107553,35.00,-7.27,-4.96
681899,1506,46440,109,107598,35.00,-7.23,-4.96
681921,1497,46440,113,107714,35.00,-7.22,-4.98
681943,1388,46440,121,107851,35.00,-7.17,-4.97
681965,1387,46440,137,107969,35.00,-7.22,-4.93
681987,1226,46440,151,108047,35.00,-7.23,-4.96
682350,1387,46440,164,108087,36.05,-7.24,-5.00
682378,2163,45672,187,109097,35.00,-7.25,-4.96
682400,2219,45672,135,109149,35.00,-7.26,-4.97
682422,2065,46440,155,109178,35.00,-7.24,-4.93
682444,1855,46440,153,109171,35.00,-7.25,-4.97
682466,2015,46440,173,108976,35.00,-7.24,-4.94
682488,1647,46440,169,108393,35.00,-7.21,-4.98
682510,1199,46440,167,107714,35.00,-7.23,-4.96
682532,1880,46440,180,107371,35.00,-7.25,-4.97
682554,2155,46440,169,107233,35.00,-7.23,-4.95
682596,2079,46440,155,106986,35.00,-7.20,-4.93
682618,2093,46440,149,106959,35.00,-7.24,-4.92
682640,2141,46440,147,107017,35.00,-7.18,-4.98
682662,2072,46440,150,107135,35.00,-7.24,-4.98
682684,1925,46440,153,107245,35.00,-7.21,-4.91
682706,1711,46440,163,107312,35.00,-7.26,-4.94
682728,1631,46440,168,107327,35.00,-7.23,-4.95
682750,1615,46440,171,107339,35.00,-7.20,-4.96
682772,1721,46440,171,107371,35.00,-7.25,-4.95
682794,1947,46440,168,107421,35.00,-7.24,-4.95
682816,1881,46440,153,107509,35.00,-7.23,-4.95
682857,1991,46440,147,107783,35.00,-7.23,-4.99
682879,1707,46952,140,107888,35.00,-7.23,-4.96
682901,1399,46952,121,107971,35.00,-7.22,-4.96
682923,1707,46952,153,108075,35.00,-7.25,-4.96
682945,1833,46952,159,108191,35.00,-7.24,-4.96
682967,1335,46952,137,108297,35.00,-7.24,-4.94
682989,1319,46952,172,108405,35.00,-7.25,-4.95
683372,1779,46952,189,108503,36.73,-7.22,-4.95
683400,1845,46952,165,107299,35.00,-7.22,-4.92
683422,1899,46952,121,107459,35.00,-7.25,-4.96
683444,1779,46952,122,107584,35.00,-7.25,-4.94
683466,1607,46952,139,107650,35.00,-7.23,-4.93
683488,1555,46952,145,107688,35.00,-7.23,-4.95
683510,1547,46952,159,107748,35.00,-7.24,-4.95
683532,1592,46952,169,107830,35.00,-7.23,-4.95
683554,1627,46952,171,107930,35.00,-7.26,-4.96
683576,2041,46952,168,108040,35.00,-7.24,-4.94
683598,2072,46952,164,108170,35.00,-7.24,-4.94
683639,2139,46952,140,108481,35.00,-7.27,-4.94
683661,2235,46440,145,108593,35.00,-7.24,-4.93
683683,1958,46952,127,108689,35.00,-7.24,-4.97
683705,1484,46440,127,108766,35.00,-7.25,-4.98
683727,1708,46952,143,108843,35.00,-7.21,-4.95
683749,1639,46952,158,108906,35.00,-7.24,-4.98
683771,1583,46952,172,108964,35.00,-7.24,-4.96
683793,1851,46440,201,109008,35.00,-7.22,-4.93
683815,2173,46952,207,109061,35.00,-7.23,-4.98
683837,2123,46952,171,109120,35.00,-7.23,-4.94
683879,1817,46952,123,109243,35.00,-7.27,-4.94
683901,2025,46952,163,109269,35.00,-7.24,-4.96
683923,2291,46952,157,109255,35.00,-7.23,-4.94
683945,1757,47336,101,108995,35.00,-7.26,-4.97
683967,1115,46952,103,108319,35.00,-7.26,-4.95
683989,1241,46952,142,107680,35.00,-7.23,-4.99
684395,1388,46952,155,107391,36.26,-7.22,-4.97
684423,1851,47336,175,108609,35.00,-7.21,-4.97
684445,1899,47336,132,108689,35.00,-7.22,-4.94
684467,1781,47336,135,108762,35.00,-7.26,-4.94
684489,1587,47336,137,108833,35.00,-7.28,-4.99
684511,1496,47336,151,108884,35.00,-7.26,-4.98
684533,1337,47336,159,108948,35.00,-7.26,-4.96
684555,1430,47336,169,109022,35.00,-7.25,-4.97
684577,1605,47336,159,109071,35.00,-7.21,-4.98
684599,1753,47336,157,109130,35.00,-7.24,-4.96
684641,1721,47336,141,109273,35.00,-7.28,-4.93
684663,1686,47336,125,109255,35.00,-7.23,-4.97
684685,1822,47848,119,109130,35.00,-7.21,-4.97
684707,1508,47848,110,108592,35.00,-7.27,-4.91
684729,1251,47848,125,107931,35.00,-7.25,-4.95
684751,1207,47848,133,107536,35.00,-7.26,-4.95
684773,1318,47336,151,107415,35.00,-7.26,-4.95
684795,1195,47848,153,107343,35.00,-7.21,-4.96
684817,1419,47336,159,107304,35.00,-7.25,-4.96
684839,1647,47336,147,107271,35.00,-7.25,-4.96
684861,1691,47336,142,107284,35.00,-7.25,-4.96
684902,1862,47848,124,107670,35.00,-7.21,-4.96
684924,2091,47848,123,107813,35.00,-7.22,-4.95
684946,2005,47848,119,107900,35.00,-7.23,-4.91
684968,1658,47848,119,107953,35.00,-7.23,-4.96
684990,1829,47848,140,108008,35.00,-7.23,-4.97
685417,1877,47848,153,108090,36.71,-7.24,-4.97
685446,1651,47848,174,109121,35.00,-7.23,-4.95
685468,1699,47848,123,108499,35.00,-7.26,-4.98
685490,1611,47848,127,107981,35.00,-7.25,-4.94
685512,1439,47848,142,107753,35.00,-7.21,-4.95
685534,1326,47848,155,107688,35.00,-7.23,-4.96
685556,1335,47848,164,107656,35.00,-7.23,-4.96
685578,1463,47848,167,107637,35.00,-7.25,-4.91
685600,1515,47848,167,107680,35.00,-7.24,-4.98
685622,1623,47848,153,107780,35.00,-7.24,-4.97
685664,1741,47848,147,108270,35.00,-7.20,-4.96
685686,1638,47848,121,108374,35.00,-7.25,-4.95
685708,1573,47848,118,108450,35.00,-7.20,-4.96
685730,1335,47848,121,108517,35.00,-7.21,-4.94
685752,1323,47848,126,108588,35.00,-7.24,-4.99
685774,1339,47848,143,108652,35.00,-7.26,-4.96
685796,1389,47848,156,108718,35.00,-7.24,-4.93
685818,1466,47848,165,108794,35.00,-7.26,-4.96
685840,1647,47848,167,108868,35.00,-7.25,-4.96
685862,1818,47848,153,108947,35.00,-7.25,-4.94
685904,1863,47848,147,109139,35.00,-7.26,-4.95
685926,1461,47848,111,109181,35.00,-7.23,-4.94
685948,1933,47848,133,109233,35.00,-7.26,-4.90
685970,1774,47848,123,109277,35.00,-7.23,-4.95
685992,1652,47848,137,109323,35.00,-7.25,-4.97
686440,1587,47848,141,109355,36.71,-7.25,-4.94
686469,1807,47336,173,108950,35.00,-7.29,-4.98
686491,1893,47336,136,109038,35.00,-7.25,-4.94
686513,1677,47848,137,109109,35.00,-7.26,-4.96
686535,1513,47848,143,109185,35.00,-7.23,-4.98
686557,1546,47336,165,109232,35.00,-7.26,-4.99
686579,1509,47848,166,109289,35.00,-7.23,-4.95
686601,1643,47848,177,109319,35.00,-7.25,-4.97
686623,1735,47336,167,109362,35.00,-7.24,-4.94
686645,1835,47336,163,109396,35.00,-7.24,-4.95
686686,1877,47336,146,109517,35.00,-7.24,-4.93
686708,1879,47336,137,109552,35.00,-7.26,-4.93
686730,1819,47848,133,109604,35.00,-7.24,-4.96
686752,1711,47848,125,109634,35.00,-7.24,-4.96
686774,1581,47848,137,109674,35.00,-7.27,-4.94
686796,1395,47848,141,109692,35.00,-7.25,-4.97
686818,1359,47848,154,109739,35.00,-7.23,-4.95
686840,1423,47848,163,109767,35.00,-7.24,-4.94
686862,1549,47848,165,109787,35.00,-7.24,-4.97
686884,1675,47336,156,109814,35.00,-7.26,-4.97
686927,1711,47336,152,109742,35.00,-7.24,-4.95
686949,1686,47336,124,109401,35.00,-7.23,-4.95
686971,1705,47336,119,108847,35.00,-7.21,-4.94
686993,1635,47336,117,108472,35.00,-7.25,-4.92
687718,1499,47336,135,108334,37.16,-7.26,-4.96
687749,1317,47336,152,107851,35.00,-7.24,-4.97
687771,1797,47848,126,107780,35.00,-7.20,-4.96
687793,1767,47336,125,107748,35.00,-7.23,-4.96
687815,1589,47848,123,107744,35.00,-7.22,-4.93
687837,1383,47848,125,107804,35.00,-7.22,-4.95
687859,1348,47848,147,107944,35.00,-7.25,-4.94
687881,1427,47336,159,108139,35.00,-7.26,-4.96
687903,1461,47336,166,108295,35.00,-7.25,-4.97
687925,1513,47336,165,108391,35.00,-7.24,-4.93
687947,1755,47336,163,108454,35.00,-7.25,-4.96
687989,2004,47336,151,108711,35.00,-7.26,-4.96
688741,1677,47848,133,108803,35.97,-7.24,-4.95
688771,1258,47848,151,108559,35.00,-7.24,-4.96
688793,1659,47848,126,108650,35.00,-7.23,-4.94
688815,1621,47848,124,108742,35.00,-7.27,-4.97
688837,1523,48616,119,108812,35.00,-7.22,-4.96
688859,1525,47848,121,108896,35.00,-7.23,-4.94
688881,1515,47848,139,108967,35.00,-7.28,-4.95
688903,1547,47848,152,109044,35.00,-7.23,-4.98
688925,1543,47848,158,109107,35.00,-7.21,-4.96
688947,1639,48616,165,109149,35.00,-7.22,-4.95
688969,1751,48616,159,109210,35.00,-7.24,-4.99
688991,1801,48616,147,109262,35.00,-7.20,-4.95
689032,1869,48616,136,109404,35.00,-7.21,-4.96
689054,1895,48616,125,109450,35.00,-7.20,-4.94
689076,2009,48616,135,109473,35.00,-7.24,-4.95
689098,1682,48616,119,109485,35.00,-7.25,-4.96
689120,1546,48616,135,109327,35.00,-7.23,-4.95
689142,1583,48616,141,108836,35.00,-7.23,-4.96
689164,1607,48616,163,108180,35.00,-7.25,-4.95
689186,1671,48616,167,107803,35.00,-7.23,-4.97
689208,1892,48616,173,107641,35.00,-7.22,-4.95
689230,1951,48616,159,107541,35.00,-7.20,-4.94
689272,1928,48616,153,107303,35.00,-7.23,-4.94
689294,2040,48616,141,107306,35.00,-7.22,-4.94
689316,1983,48616,136,107392,35.00,-7.25,-4.95
689338,1879,48616,125,107511,35.00,-7.25,-4.98
689360,1721,48616,137,107597,35.00,-7.25,-4.99
689382,1677,48616,149,107652,35.00,-7.23,-4.95
689404,1675,48616,163,107685,35.00,-7.25,-4.97
689426,1561,48616,167,107761,35.00,-7.23,-4.94
689448,1763,48616,175,107844,35.00,-7.26,-4.98
689470,1931,48616,172,107943,35.00,-7.24,-4.94
689492,1965,48616,164,108049,35.00,-7.25,-4.97
689533,2014,48616,151,108379,35.00,-7.24,-4.96
689555,2065,48616,140,108450,35.00,-7.23,-4.98
689577,1957,48616,140,108547,35.00,-7.28,-4.96
689599,1855,48616,134,108640,35.00,-7.22,-4.96
689621,1716,48616,135,108716,35.00,-7.27,-4.96
689643,1591,48616,150,108786,35.00,-7.26,-4.95
689665,1610,48616,164,108854,35.00,-7.26,-4.96
689687,1604,48616,171,108929,35.00,-7.24,-4.99
689709,1653,48616,175,108989,35.00,-7.25,-4.99
689731,1835,48616,171,109050,35.00,-7.25,-5.00
689753,1961,48616,155,109116,35.00,-7.21,-4.95
689794,1815,48616,139,109236,35.00,-7.23,-4.96
689816,2002,48616,138,109254,35.00,-7.23,-4.93
689838,1853,48616,133,109087,35.00,-7.21,-4.91
689860,1623,48616,123,108560,35.00,-7.26,-4.94
689882,1523,48616,141,107830,35.00,-7.26,-4.92
689904,1510,48616,141,107446,35.00,-7.24,-4.92
689926,1427,48616,164,107271,35.00,-7.23,-4.93
689948,1391,48616,167,107172,35.00,-7.23,-4.94
689970,1544,48616,173,107083,35.00,-7.24,-4.95
689992,1693,48616,157,107027,35.00,-7.23,-4.96
690034,1750,48616,154,107170,35.00,-7.22,-4.98
690056,1869,48616,137,107336,35.00,-7.25,-4.95
690078,1861,48616,132,107494,35.00,-7.23,-4.95
690100,1814,48616,125,107587,35.00,-7.24,-4.95
690122,1663,48616,133,107653,35.00,-7.26,-4.95
690144,1659,48616,141,107711,35.00,-7.21,-4.98
690166,1595,48616,159,107781,35.00,-7.21,-4.93
690188,1485,48616,159,107867,35.00,-7.23,-4.96
690210,1636,48616,171,107977,35.00,-7.25,-4.99
690232,1977,48616,173,108091,35.00,-7.21,-4.95
690254,2095,48616,160,108203,35.00,-7.26,-4.98
690295,2065,48616,148,108512,35.00,-7.21,-4.96
690317,2095,48616,140,108615,35.00,-7.25,-4.98
690339,2067,48616,139,108707,35.00,-7.24,-4.94
690361,1861,48616,133,108781,35.00,-7.23,-4.93
690383,1757,48616,141,108842,35.00,-7.21,-4.94
690405,1609,48616,151,108917,35.00,-7.26,-4.99
690427,1593,48616,159,108989,35.00,-7.23,-4.92
690449,1677,48616,170,109046,35.00,-7.24,-4.95
690471,1779,48616,169,109108,35.00,-7.21,-4.92
690493,1767,48616,173,109170,35.00,-7.27,-4.91
690536,1959,48616,157,109314,35.00,-7.24,-4.97
690558,2007,48616,138,109354,35.00,-7.24,-4.95
690580,1935,48616,137,109285,35.00,-7.24,-4.95
690602,1909,48616,139,108942,35.00,-7.22,-4.96
690624,1753,48616,141,108282,35.00,-7.26,-4.99
690646,1527,48616,153,107766,35.00,-7.27,-4.94
690668,1439,48616,159,107562,35.00,-7.25,-5.00
690690,1528,48616,172,107445,35.00,-7.23,-4.96
690712,1641,48616,167,107351,35.00,-7.25,-4.99
690734,1583,48616,160,107299,35.00,-7.24,-4.98
690776,1651,48616,149,107453,35.00,-7.22,-4.97
690798,1963,48616,137,107655,35.00,-7.30,-4.95
690820,1919,48616,139,107844,35.00,-7.20,-4.97
690842,1573,48616,117,107987,35.00,-7.23,-4.98
690864,1445,48616,137,108068,35.00,-7.21,-4.96
690886,1523,48616,142,108130,35.00,-7.20,-4.95
690908,1445,48616,155,108222,35.00,-7.23,-4.94
690930,1375,48616,163,108310,35.00,-7.21,-4.97
690952,1603,48616,171,108421,35.00,-7.20,-4.97
690974,1763,48616,167,108536,35.00,-7.25,-4.95
691552,1895,48616,157,108834,36.00,-7.22,-4.94
691582,1754,48616,171,108256,35.00,-7.21,-4.96
691604,2139,48616,136,108375,35.00,-7.26,-4.96
691626,1293,48616,126,108443,35.00,-7.24,-4.93
691648,1749,48616,143,108517,35.00,-7.24,-4.96
691670,1748,48616,169,108599,35.00,-7.26,-4.97
691692,1269,47848,165,108688,35.00,-7.23,-4.96
691714,1655,47848,178,108777,35.00,-7.24,-4.95
691736,1882,47848,173,108855,35.00,-7.26,-4.96
691778,1685,47848,155,109082,35.00,-7.22,-4.92
691800,1733,47336,143,109143,35.00,-7.25,-4.93
691822,1821,47848,140,109213,35.00,-7.25,-4.94
691844,1895,47848,133,109260,35.00,-7.21,-4.96
691866,1781,47336,135,109303,35.00,-7.26,-4.97
691888,1477,47336,144,109351,35.00,-7.23,-4.97
691910,1465,47848,153,109382,35.00,-7.28,-4.95
691932,1507,47336,169,109430,35.00,-7.27,-4.98
691954,1544,47336,173,109472,35.00,-7.24,-4.94
691976,1705,47336,171,109504,35.00,-7.26,-4.96
691998,1853,47848,166,109550,35.00,-7.24,-4.96
692039,1980,47848,151,109673,35.00,-7.23,-4.95
692061,1855,47848,139,109697,35.00,-7.24,-4.90
692083,1863,47848,135,109712,35.00,-7.23,-4.93
692105,1876,47848,134,109706,35.00,-7.25,-4.96
692127,1724,47848,133,109523,35.00,-7.25,-4.97
692149,1541,47848,148,109029,35.00,-7.23,-4.94
692171,1635,47848,158,108481,35.00,-7.18,-4.95
692193,1603,47848,173,108172,35.00,-7.23,-4.97
692215,1571,47848,171,108031,35.00,-7.26,-4.96
692237,1721,47848,171,107969,35.00,-7.23,-4.94
692259,1951,47848,155,107948,35.00,-7.24,-4.96
692300,2041,47848,146,108128,35.00,-7.24,-4.94
692322,1811,47848,136,108348,35.00,-7.27,-4.96
692344,1983,48616,137,108520,35.00,-7.24,-4.95
692366,1929,48616,133,108638,35.00,-7.26,-4.94
692388,1561,48616,137,108719,35.00,-7.27,-4.95
692410,1459,48616,140,108780,35.00,-7.19,-5.00
692432,1575,48616,162,108863,35.00,-7.25,-4.94
692454,1523,48616,165,108935,35.00,-7.24,-4.97
692476,1490,48616,167,109006,35.00,-7.23,-4.94
692498,1597,48616,159,109077,35.00,-7.25,-4.92
692540,1787,48616,151,109286,35.00,-7.24,-4.97
692562,1705,48616,135,109350,35.00,-7.25,-4.96
692584,1717,48616,121,109412,35.00,-7.23,-4.96
692606,1740,48616,120,109461,35.00,-7.24,-4.95
692628,1612,48616,121,109504,35.00,-7.26,-4.94
692650,1437,48616,135,109554,35.00,-7.28,-4.94
692672,1337,48616,147,109584,35.00,-7.26,-4.98
692694,1379,48616,155,109621,35.00,-7.24,-4.98
692716,1541,48616,160,109646,35.00,-7.24,-4.94
692738,1598,48616,159,109689,35.00,-7.25,-4.98
692760,1839,48616,152,109738,35.00,-7.24,-4.96
692801,2007,49128,143,109829,35.00,-7.21,-4.96
692823,1913,49128,125,109873,35.00,-7.27,-4.97
692845,1958,49128,125,109899,35.00,-7.22,-4.96
692867,1855,49128,119,109919,35.00,-7.22,-4.98
692889,1676,49128,122,109883,35.00,-7.25,-4.93
692911,1610,49128,139,109711,35.00,-7.24,-5.00
692933,1627,48616,156,109251,35.00,-7.24,-4.96
692955,1563,48616,159,108753,35.00,-7.22,-4.96
692977,1675,48616,166,108488,35.00,-7.23,-4.98
692999,1847,48616,167,108372,35.00,-7.25,-4.94
693042,1943,49128,153,108324,35.00,-7.26,-5.00
693064,2080,49128,137,108412,35.00,-7.26,-4.98
693086,2044,49128,131,108610,35.00,-7.24,-4.97
693108,1960,49128,127,108827,35.00,-7.20,-4.95
693130,1815,49128,135,108966,35.00,-7.27,-4.93
693152,1761,49128,149,109052,35.00,-7.24,-4.89
693174,1615,49128,157,109125,35.00,-7.27,-4.96
693196,1672,49128,171,109192,35.00,-7.23,-4.96
693218,1782,49128,171,109254,35.00,-7.19,-4.95
693240,1963,49128,170,109328,35.00,-7.24,-4.98
693282,2057,49128,157,109526,35.00,-7.27,-4.95
693304,2039,49128,141,109574,35.00,-7.23,-4.98
693326,2076,49128,138,109625,35.00,-7.20,-4.97
693348,2039,49176,134,109665,35.00,-7.24,-4.96
693370,1949,49128,141,109715,35.00,-7.20,-4.98
693392,1815,49128,147,109751,35.00,-7.22,-4.94
693414,1772,49128,163,109796,35.00,-7.21,-4.97
693436,1747,49128,171,109833,35.00,-7.22,-4.97
693458,1779,49128,175,109871,35.00,-7.23,-4.95
693480,1959,49128,182,109901,35.00,-7.25,-4.92
693502,2075,49128,169,109934,35.00,-7.24,-4.93
693543,2046,49128,155,110031,35.00,-7.27,-4.97
693565,2041,49128,143,110076,35.00,-7.23,-4.99
693587,2036,49176,147,110123,35.00,-7.25,-4.97
693609,1868,49176,135,110136,35.00,-7.24,-4.95
693631,1663,49128,141,110140,35.00,-7.24,-4.97
693653,1567,49128,146,110064,35.00,-7.24,-4.96
693675,1453,49128,159,109866,35.00,-7.26,-4.98
693697,1333,49128,167,109425,35.00,-7.24,-4.98
693719,1357,49128,170,109050,35.00,-7.26,-4.95
693741,1583,49128,167,108861,35.00,-7.25,-4.95
693783,1790,49128,155,108703,35.00,-7.24,-4.95
693805,1889,49176,146,108701,35.00,-7.25,-4.96
693827,1834,49176,133,108784,35.00,-7.28,-4.98
693849,1691,49176,123,108942,35.00,-7.27,-4.98
693871,1446,49176,120,109111,35.00,-7.26,-4.92
693893,1351,49176,137,109239,35.00,-7.26,-4.99
693915,1292,49176,147,109298,35.00,-7.22,-4.96
693937,1275,49176,153,109352,35.00,-7.23,-4.96
693959,1383,49176,163,109399,35.00,-7.25,-4.93
693981,1515,49176,167,109444,35.00,-7.20,-4.93
694363,1980,49176,161,109506,35.87,-7.23,-4.96
694405,2005,49176,165,109908,35.00,-7.21,-4.96
694427,2131,49176,146,109449,35.00,-7.27,-4.93
694449,2137,49176,149,108992,35.00,-7.28,-4.97
694471,2159,49176,138,108738,35.00,-7.23,-4.96
694493,1911,49176,139,108623,35.00,-7.24,-4.98
694515,1789,49176,149,108518,35.00,-7.23,-4.94
694537,1767,49176,166,108461,35.00,-7.25,-4.96
694559,1815,49176,181,108437,35.00,-7.26,-4.99
694581,1727,49176,179,108473,35.00,-7.24,-4.98
694603,1801,49176,175,108613,35.00,-7.22,-4.96
694645,1847,49176,166,109064,35.00,-7.25,-4.97
694667,1823,49176,151,109143,35.00,-7.25,-4.96
694689,1900,49688,139,109210,35.00,-7.27,-4.94
694711,1848,49688,136,109289,35.00,-7.25,-4.92
694733,1766,49688,131,109348,35.00,-7.23,-4.97
694755,1460,49688,137,109422,35.00,-7.23,-4.99
694777,1355,49688,151,109486,35.00,-7.23,-4.96
694799,1431,49688,165,109551,35.00,-7.23,-4.98
694821,1452,49688,169,109603,35.00,-7.22,-4.95
694843,1583,49688,170,109661,35.00,-7.25,-4.97
694865,1771,49688,166,109718,35.00,-7.24,-4.94
694906,1887,49688,151,109862,35.00,-7.24,-4.98
694928,1797,49688,149,109895,35.00,-7.26,-4.99
694950,1810,49688,134,109935,35.00,-7.28,-4.94
694972,1766,49688,127,109971,35.00,-7.26,-4.98
694994,1637,49688,125,110006,35.00,-7.24,-4.91
695385,1466,49688,141,110024,35.61,-7.21,-4.99
695427,1849,49688,159,109338,35.00,-7.24,-4.98
695449,1927,49688,141,109407,35.00,-7.23,-4.98
695471,1935,49688,137,109473,35.00,-7.26,-4.98
695493,1983,50456,124,109537,35.00,-7.23,-4.96
695515,1955,49688,125,109607,35.00,-7.22,-4.96
695537,1609,49688,136,109659,35.00,-7.21,-4.97
695559,1575,49688,149,109709,35.00,-7.23,-4.97
695581,1677,49688,169,109757,35.00,-7.20,-4.96
695603,1603,49688,166,109807,35.00,-7.26,-4.93
695625,1629,49688,169,109864,35.00,-7.20,-4.94
695647,1945,49688,157,109918,35.00,-7.24,-4.97
695688,2075,49688,155,110040,35.00,-7.23,-4.96
695710,1879,49688,139,110068,35.00,-7.25,-4.99
695732,2002,49688,137,110098,35.00,-7.24,-4.93
695754,2149,49688,133,110124,35.00,-7.24,-4.96
695776,1928,49688,133,110157,35.00,-7.23,-4.97
695798,1549,49688,137,110172,35.00,-7.26,-4.91
695820,1515,49688,160,110208,35.00,-7.26,-4.98
695842,1646,49688,164,110237,35.00,-7.24,-4.96
695864,1718,49688,179,110275,35.00,-7.25,-4.94
695886,1717,49688,167,110297,35.00,-7.25,-4.96
695929,1817,49688,166,110054,35.00,-7.22,-4.94
695951,2072,49688,146,109627,35.00,-7.22,-4.97
695973,1941,49688,140,109257,35.00,-7.25,-4.96
695995,1775,49688,133,109058,35.00,-7.25,-4.96
696408,1811,49688,141,108960,36.63,-7.28,-4.95
696450,1843,49688,158,110231,35.00,-7.23,-4.95
696472,1915,49688,147,110287,35.00,-7.26,-4.95
696494,1843,49688,134,110336,35.00,-7.20,-4.97
696516,1849,49688,135,110362,35.00,-7.23,-4.94
696538,1701,49688,139,110390,35.00,-7.22,-4.99
696560,1517,50456,143,110418,35.00,-7.22,-4.95
696582,1551,50456,153,110451,35.00,-7.27,-4.93
696604,1573,49688,165,110479,35.00,-7.25,-4.98
696626,1593,49688,172,110502,35.00,-7.24,-4.96
696648,1603,49688,165,110516,35.00,-7.20,-4.96
696690,1784,49688,166,110284,35.00,-7.21,-4.94
696712,1939,49688,151,109979,35.00,-7.21,-4.98
696734,1835,50456,126,109723,35.00,-7.25,-4.95
696756,1775,49688,136,109588,35.00,-7.22,-4.98
696778,1720,49688,123,109488,35.00,-7.26,-4.95
696800,1607,50456,139,109436,35.00,-7.23,-4.97
696822,1509,50456,139,109399,35.00,-7.24,-4.97
696844,1467,50456,157,109418,35.00,-7.23,-4.98
696866,1625,49688,167,109490,35.00,-7.25,-4.95
696888,1782,49688,171,109623,35.00,-7.24,-4.88
696910,1767,49688,163,109754,35.00,-7.25,-4.96
696951,1867,49688,155,109929,35.00,-7.25,-4.96
696973,2019,49688,153,109946,35.00,-7.24,-4.96
696995,2004,50456,137,109998,35.00,-7.22,-4.95
697430,1837,50456,133,110039,36.60,-7.22,-4.97
697472,1875,50456,169,109735,35.00,-7.24,-4.94
697494,2006,50456,153,109571,35.00,-7.26,-4.93
697516,2002,50456,139,109485,35.00,-7.24,-4.90
697538,1959,50456,134,109437,35.00,-7.26,-4.95
697560,1779,50456,133,109427,35.00,-7.25,-4.97
697582,1655,50456,141,109460,35.00,-7.26,-4.96
697604,1581,50456,152,109520,35.00,-7.21,-4.96
697626,1529,50456,165,109660,35.00,-7.24,-4.97
697648,1553,50456,170,109795,35.00,-7.24,-4.95
697670,1661,50456,173,109888,35.00,-7.28,-4.95
697692,1765,50456,172,109947,35.00,-7.23,-4.97
697733,1829,50456,154,110027,35.00,-7.24,-4.95
697755,1830,50456,155,110060,35.00,-7.23,-4.93
697777,1849,50456,141,110096,35.00,-7.23,-4.96
697799,1820,50456,139,110135,35.00,-7.22,-4.96
697821,1733,50456,133,110178,35.00,-7.22,-4.94
697843,1583,50456,148,110206,35.00,-7.25,-4.96
697865,1495,50456,151,110246,35.00,-7.24,-4.94
697887,1492,50456,168,110284,35.00,-7.22,-4.98
697909,1637,50456,171,110307,35.00,-7.24,-4.95
697931,1639,50456,175,110345,35.00,-7.24,-4.96
697974,1779,50456,165,110420,35.00,-7.24,-4.97
697996,2043,50456,152,110439,35.00,-7.24,-4.94
698708,1989,50456,139,110469,36.72,-7.21,-4.95
698736,1515,50968,165,110330,35.00,-7.24,-4.95
698758,1933,50968,149,110343,35.00,-7.22,-4.94
698780,2024,50968,142,110370,35.00,-7.23,-5.00
698802,2067,51352,139,110390,35.00,-7.21,-4.97
698824,1827,51352,133,110420,35.00,-7.25,-4.97
698846,1647,51352,147,110449,35.00,-7.25,-4.95
698868,1627,50968,156,110467,35.00,-7.24,-4.98
698890,1683,50968,171,110484,35.00,-7.24,-4.93
698912,1643,50968,174,110478,35.00,-7.23,-4.94
698934,1775,51352,183,110416,35.00,-7.24,-4.96
698976,1961,50968,171,109312,35.00,-7.25,-4.91
698998,2057,50968,157,109095,35.00,-7.26,-4.96
699020,2003,51352,141,108978,35.00,-7.24,-4.96
699042,1973,51352,139,108854,35.00,-7.28,-4.93
699064,1861,50968,134,108791,35.00,-7.24,-4.96
699086,1799,50968,150,108771,35.00,-7.25,-4.96
699108,1660,50968,152,108832,35.00,-7.24,-4.97
699130,1551,50968,171,108958,35.00,-7.28,-4.95
699152,1540,50968,173,109143,35.00,-7.23,-4.94
699174,1695,50968,180,109300,35.00,-7.22,-4.94
699217,1811,50968,171,109512,35.00,-7.24,-4.95
699239,1959,51352,153,109586,35.00,-7.26,-4.92
699261,1869,51352,135,109654,35.00,-7.22,-4.96
699283,1788,51352,133,109705,35.00,-7.22,-4.99
699305,1751,50968,133,109766,35.00,-7.25,-4.96
699327,1595,51352,151,109814,35.00,-7.21,-4.94
699349,1436,50968,149,109870,35.00,-7.27,-5.00
699371,1372,50968,169,109914,35.00,-7.24,-4.94
699393,1589,50968,170,109959,35.00,-7.26,-4.98
699415,1739,50968,169,110000,35.00,-7.23,-4.95
699457,1843,51352,157,110123,35.00,-7.24,-4.95
699479,1952,51352,153,110138,35.00,-7.24,-4.94
699501,1980,51352,147,110168,35.00,-7.23,-4.91
699523,1896,51352,139,110205,35.00,-7.23,-4.99
699545,1725,50968,133,110231,35.00,-7.24,-4.96
699567,1635,51352,138,110265,35.00,-7.25,-4.94
699589,1660,51352,153,110299,35.00,-7.24,-4.96
699611,1560,51352,165,110331,35.00,-7.22,-4.96
699633,1516,50968,169,110352,35.00,-7.23,-4.95
699655,1661,50968,175,110383,35.00,-7.28,-4.94
699677,1815,51352,167,110404,35.00,-7.26,-4.96
699718,1939,51352,166,109881,35.00,-7.25,-4.93
699740,1911,50968,151,109479,35.00,-7.25,-4.96
699762,1913,50968,137,109228,35.00,-7.23,-4.96
699784,1881,50968,133,109088,35.00,-7.25,-4.97
699806,1773,50968,135,108989,35.00,-7.20,-4.91
699828,1567,50968,135,108922,35.00,-7.29,-4.94
699850,1405,50968,145,108903,35.00,-7.24,-4.97
699872,1368,50968,159,108916,35.00,-7.21,-4.98
699894,1471,50968,166,109033,35.00,-7.22,-4.96
699916,1623,51352,170,109211,35.00,-7.21,-4.94
699959,1711,50968,165,109555,35.00,-7.24,-4.94
699981,1881,51352,150,109612,35.00,-7.28,-4.96
700503,1912,50968,133,109662,36.15,-7.25,-4.95
700540,2231,50968,149,109448,35.00,-7.26,-4.91
700562,2168,50968,170,109382,35.00,-7.23,-4.96
700584,2191,50968,153,109347,35.00,-7.28,-4.98
700606,2169,50968,153,109346,35.00,-7.21,-4.93
700628,1945,50968,149,109370,35.00,-7.24,-4.95
700650,1691,50968,151,109478,35.00,-7.25,-5.00
700672,1545,50968,153,109652,35.00,-7.27,-5.00
700694,1470,50968,167,109783,35.00,-7.23,-4.94
700716,1479,50968,173,109869,35.00,-7.27,-4.95
700738,1507,50968,176,109921,35.00,-7.24,-4.96
700781,1635,50968,169,110023,35.00,-7.25,-4.95
700803,1703,50968,156,110063,35.00,-7.24,-4.95
700825,1691,50968,135,110101,35.00,-7.24,-4.96
700847,1612,50968,135,110144,35.00,-7.23,-4.96
700869,1563,50968,125,110174,35.00,-7.22,-4.99
700891,1423,50968,141,110209,35.00,-7.26,-4.98
700913,1338,50968,146,110244,35.00,-7.24,-4.95
700935,1371,50968,159,110273,35.00,-7.22,-4.93
700957,1479,50968,171,110309,35.00,-7.24,-4.91
700979,1631,50968,172,110334,35.00,-7.24,-4.94
701021,1784,50968,168,110383,35.00,-7.25,-4.97
701043,1977,50968,157,110370,35.00,-7.25,-4.94
701065,2027,50968,151,110363,35.00,-7.24,-4.94
701087,1952,50968,139,110369,35.00,-7.28,-4.94
701109,1851,50968,135,110385,35.00,-7.23,-5.00
701131,1776,50968,135,110412,35.00,-7.21,-4.95
701153,1640,50968,147,110445,35.00,-7.21,-4.98
701175,1559,50968,159,110458,35.00,-7.25,-4.96
701197,1571,50968,173,110466,35.00,-7.26,-4.94
701219,1688,50968,178,110445,35.00,-7.24,-4.94
701241,1749,50968,177,110334,35.00,-7.23,-4.94
701282,1754,50968,160,109177,35.00,-7.22,-4.97
701304,1623,50968,152,109052,35.00,-7.24,-4.95
701326,1599,50968,132,108981,35.00,-7.23,-4.95
701348,1593,50968,126,108917,35.00,-7.24,-4.97
701370,1573,50968,124,108897,35.00,-7.26,-4.99
701392,1455,50968,134,108938,35.00,-7.30,-4.95
701414,1335,50968,141,109071,35.00,-7.24,-4.95
701436,1263,50968,155,109257,35.00,-7.26,-4.91
701458,1335,50968,159,109432,35.00,-7.24,-4.96
701480,1459,50968,168,109553,35.00,-7.24,-4.97
701522,1651,50968,165,109732,35.00,-7.24,-4.97
701544,1821,50968,155,109776,35.00,-7.23,-4.98
701566,1854,50968,137,109831,35.00,-7.24,-4.95
701588,1749,50968,127,109881,35.00,-7.22,-4.99
701610,1705,50968,117,109941,35.00,-7.27,-4.96
701632,1715,50968,127,109999,35.00,-7.24,-4.99
701654,1567,50968,126,110048,35.00,-7.24,-4.96
701676,1482,50968,150,110097,35.00,-7.27,-4.99
701698,1496,50968,160,110135,35.00,-7.27,-4.97
701720,1677,50968,167,110180,35.00,-7.24,-4.97
701742,1819,50968,171,110222,35.00,-7.25,-4.93
701783,1969,50968,163,110305,35.00,-7.22,-4.94
701805,2148,50968,157,110328,35.00,-7.27,-4.99
701827,2167,50968,149,110351,35.00,-7.22,-4.92
701849,2109,51352,137,110383,35.00,-7.24,-4.95
701871,1973,50968,135,110411,35.00,-7.28,-4.96
701893,2025,51352,139,110425,35.00,-7.25,-4.94
701915,1883,51352,153,110467,35.00,-7.21,-4.97
701937,1837,51352,166,110494,35.00,-7.26,-4.95
701959,1909,50968,173,110503,35.00,-7.24,-4.96
701981,1791,50968,171,110492,35.00,-7.24,-4.97
702024,1719,50968,171,109690,35.00,-7.23,-4.97
702046,2044,50968,156,109392,35.00,-7.25,-4.95
702068,1925,50968,135,109230,35.00,-7.26,-4.94
702090,1707,50968,131,109119,35.00,-7.22,-4.93
702112,1701,50968,122,109041,35.00,-7.25,-4.94
702134,1711,50968,137,108991,35.00,-7.22,-4.95
702156,1463,50968,138,109005,35.00,-7.27,-4.97
702178,1309,50968,153,109068,35.00,-7.25,-4.92
702200,1368,50968,156,109214,35.00,-7.25,-4.98
702222,1523,50968,167,109380,35.00,-7.26,-4.97
702264,1591,50968,154,109661,35.00,-7.24,-4.94
702286,1738,50968,148,109708,35.00,-7.20,-4.98
702308,1999,50968,139,109756,35.00,-7.27,-4.94
702330,1773,50968,133,109815,35.00,-7.22,-4.95
702352,1673,50968,119,109866,35.00,-7.23,-4.96
702374,1695,50968,121,109907,35.00,-7.24,-5.01
702396,1781,50968,149,109964,35.00,-7.24,-4.95
702418,1655,50968,149,110010,35.00,-7.24,-4.98
702440,1559,50968,167,110059,35.00,-7.26,-4.96
702462,1797,50968,171,110094,35.00,-7.28,-4.95
702484,1989,50968,175,110138,35.00,-7.25,-4.95
702525,2070,50968,163,110225,35.00,-7.26,-4.98
702547,2138,50968,164,110256,35.00,-7.26,-4.97
702569,2173,50968,141,110290,35.00,-7.25,-4.97
702591,1944,51352,139,110316,35.00,-7.28,-4.93
702613,1891,51352,134,110349,35.00,-7.25,-4.91
702635,1829,50968,143,110375,35.00,-7.23,-4.95
702657,1912,50968,151,110407,35.00,-7.28,-4.97
702679,1653,50968,165,110438,35.00,-7.24,-4.95
702701,1557,50968,169,110465,35.00,-7.26,-4.95
702723,1661,50968,179,110485,35.00,-7.21,-4.95
702765,1863,50968,175,110247,35.00,-7.25,-4.96
702787,1908,50968,165,109808,35.00,-7.26,-4.93
702809,1928,50968,153,109433,35.00,-7.27,-4.94
702831,2065,51352,141,109232,35.00,-7.26,-4.96
702853,1967,51352,135,109123,35.00,-7.24,-4.94
702875,1747,51352,133,109024,35.00,-7.23,-4.97
702897,1742,51352,147,108957,35.00,-7.24,-4.98
702919,1502,51352,150,108957,35.00,-7.26,-4.95
702941,1337,50968,169,109017,35.00,-7.22,-4.93
702963,1533,50968,171,109140,35.00,-7.20,-4.93
702985,1733,50968,173,109336,35.00,-7.24,-4.97
703026,1651,50968,157,109690,35.00,-7.27,-4.92
703048,1949,50968,158,109733,35.00,-7.26,-4.94
703070,1897,51352,139,109783,35.00,-7.23,-4.97
703092,1743,51352,127,109843,35.00,-7.24,-4.96
703114,1704,51352,131,109895,35.00,-7.25,-4.94
703136,1757,50968,123,109944,35.00,-7.24,-4.97
703158,1455,51352,140,110001,35.00,-7.21,-4.93
703180,1256,51352,147,110053,35.00,-7.23,-4.95
703202,1439,50968,169,110105,35.00,-7.22,-4.96
703224,1659,50968,170,110150,35.00,-7.19,-4.92
703267,1809,50968,171,110250,35.00,-7.24,-4.96
703289,1916,51352,155,110296,35.00,-7.26,-4.96
703311,1991,51352,148,110340,35.00,-7.24,-4.95
703333,1973,51352,140,110353,35.00,-7.23,-4.98
703355,1824,51352,134,110378,35.00,-7.23,-4.94
703377,1611,51352,124,110410,35.00,-7.23,-4.96
703399,1403,51352,145,110438,35.00,-7.26,-4.99
703421,1470,51352,157,110472,35.00,-7.23,-4.96
703443,1561,51352,168,110486,35.00,-7.21,-4.94
703465,1547,51352,173,110516,35.00,-7.27,-4.92
703507,1647,51352,167,110528,35.00,-7.28,-4.94
703529,1917,51352,165,110422,35.00,-7.25,-4.96
703551,1933,51352,149,110132,35.00,-7.22,-5.00
703573,1907,51352,143,109729,35.00,-7.24,-4.94
703595,1903,51352,136,109487,35.00,-7.25,-4.95
703617,1881,51352,135,109353,35.00,-7.24,-4.98
703639,1734,51352,143,109286,35.00,-7.25,-4.99
703661,1485,51352,151,109229,35.00,-7.28,-4.93
703683,1498,51352,165,109213,35.00,-7.23,-4.96
703705,1581,51352,173,109247,35.00,-7.26,-4.95
703727,1701,51352,171,109363,35.00,-7.26,-4.98
703768,1868,51352,163,109728,35.00,-7.27,-4.95
703790,1775,51352,157,109799,35.00,-7.27,-4.93
703812,1877,51352,146,109842,35.00,-7.22,-4.96
703834,2038,51352,143,109880,35.00,-7.26,-4.96
703856,1997,51352,133,109910,35.00,-7.24,-4.93
703878,1746,51352,137,109957,35.00,-7.29,-4.96
703900,1655,51352,141,110000,35.00,-7.24,-4.91
703922,1588,51352,157,110051,35.00,-7.24,-4.91
703944,1628,51352,165,110094,35.00,-7.23,-4.99
703966,1691,51352,179,110135,35.00,-7.27,-4.96
704585,1809,51352,175,110241,35.66,-7.24,-4.93
704616,1581,51352,171,109914,35.00,-7.23,-4.97
704638,1722,51352,124,109965,35.00,-7.24,-4.96
704660,1629,51864,135,110018,35.00,-7.25,-4.92
704682,1413,51352,141,110062,35.00,-7.24,-4.98
704704,1395,51864,149,110102,35.00,-7.28,-4.95
704726,1509,51864,165,110143,35.00,-7.25,-4.95
704748,1551,51864,169,110192,35.00,-7.23,-4.97
704790,1661,51864,171,110283,35.00,-7.22,-4.98
704812,1933,51864,167,110311,35.00,-7.23,-4.95
704834,1913,51864,148,110334,35.00,-7.23,-4.94
704856,1875,51864,136,110354,35.00,-7.23,-4.94
704878,1875,51864,125,110368,35.00,-7.27,-4.93
704900,1822,51864,135,110407,35.00,-7.25,-4.96
704922,1659,51864,136,110431,35.00,-7.24,-4.94
704944,1501,51864,155,110466,35.00,-7.23,-4.96
704966,1532,51864,165,110485,35.00,-7.23,-4.94
704988,1595,51864,171,110514,35.00,-7.24,-4.92
705352,1658,51864,175,110547,35.89,-7.25,-4.95
705392,1993,51352,167,109876,35.00,-7.22,-5.00
705414,2019,51864,170,109967,35.00,-7.22,-4.96
705436,2039,51864,153,110016,35.00,-7.29,-4.96
705458,2137,51864,153,110055,35.00,-7.23,-4.92
705480,2109,51864,153,110098,35.00,-7.24,-4.94
705502,1903,51864,151,110136,35.00,-7.21,-4.95
705524,1723,51864,149,110181,35.00,-7.20,-4.92
705546,1599,51864,158,110219,35.00,-7.25,-4.97
705568,1609,51864,173,110259,35.00,-7.18,-4.99
705590,1506,51864,179,110292,35.00,-7.25,-4.93
705632,1563,51864,175,110376,35.00,-7.26,-4.97
705654,1759,51352,169,110401,35.00,-7.26,-4.93
705676,1817,51864,160,110420,35.00,-7.25,-4.97
705698,1747,51864,137,110450,35.00,-7.26,-4.98
705720,1871,51864,136,110488,35.00,-7.25,-4.97
705742,1930,51352,132,110512,35.00,-7.24,-4.95
705764,1381,51352,125,110521,35.00,-7.24,-4.94
705786,1423,51352,143,110520,35.00,-7.21,-4.94
705808,1193,51352,151,110468,35.00,-7.22,-4.99
705830,1311,50968,158,110269,35.00,-7.24,-4.96
705852,1687,50968,173,109782,35.00,-7.24,-4.95
705893,1741,50968,159,109088,35.00,-7.24,-4.94
705915,582,50456,117,109006,35.00,-7.22,-4.91
705937,1678,50456,151,108954,35.00,-7.23,-4.95
705959,1823,49688,122,108945,35.00,-7.23,-4.93
705981,1497,49688,123,109006,35.00,-7.22,-4.92
706374,1555,49688,119,109139,35.99,-7.24,-4.98
706414,1558,49128,107,110403,35.00,-7.22,-4.96
706436,1316,49176,117,110435,35.00,-7.24,-4.95
706458,1485,49176,117,110448,35.00,-7.23,-4.92
706480,1914,49176,111,110467,35.00,-7.26,-4.93
706502,2641,49176,116,110500,35.00,-7.24,-4.97
706524,2235,49176,92,110515,35.00,-7.22,-4.96
706546,2014,49176,99,110495,35.00,-7.25,-4.97
706568,1365,49128,84,110359,35.00,-7.26,-4.98
706590,1030,48616,95,109960,35.00,-7.25,-4.99
706612,1444,47336,103,109479,35.00,-7.21,-4.92
706634,1623,46440,111,109207,35.00,-7.24,-4.93
706675,1657,45672,108,108845,35.00,-7.29,-4.99
706697,1564,45160,106,108804,35.00,-7.20,-4.97
706719,1255,44968,93,108827,35.00,-7.23,-4.95
706741,1719,44968,93,108927,35.00,-7.24,-4.92
706763,1763,44456,89,109098,35.00,-7.23,-4.97
706785,2087,44968,99,109300,35.00,-7.27,-4.98
706807,1791,44968,107,109445,35.00,-7.24,-4.96
706829,1523,44968,107,109539,35.00,-7.22,-4.95
706851,1459,44968,120,109584,35.00,-7.22,-4.96
706873,1645,44968,133,109644,35.00,-7.23,-4.97
706916,1651,44968,125,109819,35.00,-7.23,-4.97
706938,2045,44968,125,109899,35.00,-7.24,-4.95
706960,2297,44968,117,109941,35.00,-7.21,-4.94
706982,2159,45160,105,109996,35.00,-7.26,-4.96
707396,1918,45160,105,110045,36.10,-7.24,-4.98
707437,2159,45672,157,109038,35.00,-7.25,-4.96
707459,2245,45672,154,109036,35.00,-7.24,-4.97
707481,2293,45672,151,109069,35.00,-7.22,-4.95
707503,2265,46440,143,109156,35.00,-7.24,-4.99
707525,2184,45672,137,109328,35.00,-7.24,-4.94
707547,2190,45672,133,109495,35.00,-7.24,-4.95
707569,2159,45672,141,109611,35.00,-7.28,-4.94
707591,1901,45672,157,109699,35.00,-7.25,-4.95
707613,1885,45672,159,109750,35.00,-7.21,-4.96
707635,2103,45160,175,109793,35.00,-7.25,-4.94
707677,2249,45160,181,109953,35.00,-7.26,-4.94
707699,2184,45160,174,109991,35.00,-7.22,-4.95
707721,2301,45160,173,110036,35.00,-7.24,-4.94
707743,2377,44968,159,110084,35.00,-7.24,-5.01
707765,2615,45160,158,110128,35.00,-7.24,-4.95
707787,2387,45160,143,110172,35.00,-7.24,-4.96
707809,1919,45160,148,110208,35.00,-7.25,-4.97
707831,1884,45160,149,110232,35.00,-7.22,-4.97
707853,2027,45160,173,110265,35.00,-7.19,-4.96
707875,1997,45160,175,110294,35.00,-7.23,-4.99
707897,1854,45160,181,110330,35.00,-7.27,-4.91
707938,1949,45160,175,110408,35.00,-7.22,-4.94
707960,1939,45160,170,110439,35.00,-7.23,-4.95
707982,1851,45160,151,110466,35.00,-7.24,-4.97
708419,1719,45160,141,110485,37.48,-7.26,-4.96
708459,1310,43688,155,110078,35.00,-7.24,-4.98
708481,1993,43688,173,110121,35.00,-7.28,-4.95
708503,2127,44456,160,110166,35.00,-7.28,-4.97
708525,2164,44456,153,110210,35.00,-7.18,-4.93
708547,2100,44456,147,110251,35.00,-7.25,-4.98
708569,2227,44456,147,110273,35.00,-7.24,-4.97
708591,2385,44456,153,110315,35.00,-7.26,-4.97
708613,1989,44456,157,110354,35.00,-7.24,-4.93
708635,1707,44456,166,110386,35.00,-7.22,-4.94
708657,1802,44456,185,110419,35.00,-7.21,-4.93
708679,1975,44456,189,110460,35.00,-7.26,-4.96
708720,2074,44968,187,110530,35.00,-7.22,-4.95
708742,2011,44968,179,110567,35.00,-7.22,-4.97
708764,2185,44968,173,110597,35.00,-7.26,-4.96
708786,2332,44968,163,110625,35.00,-7.21,-4.95
708808,2195,44968,141,110630,35.00,-7.24,-4.96
708830,2133,44968,151,110593,35.00,-7.19,-4.91
708852,1658,44968,151,110472,35.00,-7.13,-4.92
708874,1315,44968,151,110136,35.00,-7.19,-4.90
708896,1404,44968,179,109739,35.00,-7.27,-4.93
708918,1383,44968,171,109530,35.00,-7.29,-4.95
708960,1391,44968,173,109332,35.00,-7.23,-4.98
708982,1243,44968,163,109310,35.00,-7.26,-4.93
709697,1305,44968,152,109371,36.17,-7.25,-4.96
709722,1733,44456,180,109154,35.00,-7.25,-4.99
709744,1849,44968,181,109144,35.00,-7.23,-4.95
709766,1919,44968,168,109233,35.00,-7.21,-4.97
709788,1939,44968,157,109393,35.00,-7.22,-4.94
709810,1950,44968,148,109544,35.00,-7.24,-4.96
709832,1876,44968,139,109674,35.00,-7.25,-4.97
709854,1703,44968,139,109732,35.00,-7.24,-4.97
709876,1455,44968,147,109760,35.00,-7.23,-4.96
709898,1343,44456,157,109785,35.00,-7.24,-4.97
709920,1500,44456,173,109850,35.00,-7.22,-4.96
709942,1691,44456,174,109921,35.00,-7.22,-4.92
709983,1657,44456,169,110030,35.00,-7.24,-4.97
710719,1467,44968,163,110084,36.26,-7.27,-4.92
710745,1686,44456,147,110158,35.00,-7.30,-4.94
710767,1643,44456,154,110195,35.00,-7.22,-4.95
710789,1831,44456,149,110247,35.00,-7.27,-5.01
710811,2042,44456,139,110269,35.00,-7.22,-4.97
710833,2187,44456,137,110307,35.00,-7.28,-4.92
710855,2079,44456,125,110332,35.00,-7.20,-4.93
710877,1791,44456,126,110366,35.00,-7.22,-4.97
710899,1659,44456,145,110392,35.00,-7.25,-4.96
710921,1580,44456,155,110423,35.00,-7.25,-4.96
710943,1661,44456,171,110442,35.00,-7.24,-4.93
710985,1812,44456,178,110534,35.00,-7.23,-4.95
711742,1939,44968,171,110555,36.03,-7.26,-4.95
711767,1599,44968,168,110463,35.00,-7.23,-4.95
711789,1605,44968,171,110442,35.00,-7.24,-4.95
711811,1783,44968,166,110297,35.00,-7.24,-4.97
711833,2013,44968,163,109827,35.00,-7.23,-4.97
711855,2109,44968,145,109268,35.00,-7.23,-4.92
711877,1949,44968,139,108973,35.00,-7.27,-4.98
711899,1755,45160,135,108860,35.00,-7.28,-4.95
711921,1673,45160,148,108774,35.00,-7.23,-4.96
711943,1613,45160,151,108720,35.00,-7.19,-4.93
711965,1653,45160,167,108694,35.00,-7.22,-4.91
711987,1661,45160,174,108721,35.00,-7.20,-4.94
712028,1627,45160,175,109170,35.00,-7.23,-4.94
712050,1583,45160,169,109331,35.00,-7.28,-4.92
712072,1913,45160,171,109415,35.00,-7.25,-4.95
712094,1963,45160,149,109479,35.00,-7.26,-5.00
712116,2137,45160,149,109528,35.00,-7.22,-4.89
712138,1832,45160,133,109601,35.00,-7.18,-4.98
712160,1806,45160,139,109671,35.00,-7.20,-4.95
712182,1695,45160,146,109731,35.00,-7.26,-4.95
712204,1723,45160,166,109805,35.00,-7.21,-4.92
712226,1557,45160,163,109858,35.00,-7.24,-4.96
712268,1547,45160,175,110033,35.00,-7.23,-4.98
712290,1711,45160,172,110077,35.00,-7.26,-4.99
712312,1755,45672,167,110124,35.00,-7.24,-4.95
712334,1735,45672,154,110155,35.00,-7.21,-4.94
712356,1739,45160,136,110187,35.00,-7.24,-4.95
712378,1821,45672,137,110233,35.00,-7.22,-4.98
712400,1852,45672,134,110255,35.00,-7.26,-4.96
712422,1748,45672,146,110291,35.00,-7.21,-4.98
712444,1527,45160,147,110336,35.00,-7.23,-4.94
712466,1379,45160,159,110371,35.00,-7.21,-4.94
712488,1416,45160,167,110394,35.00,-7.21,-4.97
712529,1597,45160,171,110421,35.00,-7.19,-4.97
712551,1529,45160,171,110281,35.00,-7.24,-4.95
712573,1673,45160,159,109816,35.00,-7.23,-4.99
712595,1895,44968,153,109261,35.00,-7.26,-4.96
712617,2007,45160,136,108949,35.00,-7.21,-4.92
712639,1805,44968,127,108824,35.00,-7.27,-4.94
712661,1647,44968,117,108748,35.00,-7.22,-4.96
712683,1545,44968,135,108705,35.00,-7.23,-4.99
712705,1613,44968,141,108689,35.00,-7.25,-4.95
712727,1783,44968,166,108730,35.00,-7.25,-4.95
712770,1609,44968,169,109211,35.00,-7.25,-4.94
712792,1643,44968,169,109351,35.00,-7.25,-4.98
712814,1925,45160,159,109447,35.00,-7.20,-4.97
712836,1997,45160,155,109498,35.00,-7.24,-4.91
712858,1873,45160,135,109561,35.00,-7.26,-4.98
712880,1967,45160,141,109613,35.00,-7.25,-4.93
712902,1801,45160,136,109686,35.00,-7.24,-4.97
712924,1737,45160,151,109776,35.00,-7.20,-4.97
712946,1643,45160,151,109847,35.00,-7.22,-4.96
712968,1583,45160,172,109908,35.00,-7.27,-4.96
713531,1589,45160,171,110081,35.50,-7.25,-4.95
713572,1645,44968,173,109548,35.00,-7.25,-4.92
713594,1689,45160,173,109625,35.00,-7.24,-4.93
713616,1877,45160,159,109684,35.00,-7.22,-4.99
713638,1949,45160,160,109722,35.00,-7.24,-5.03
713660,1992,45160,141,109781,35.00,-7.24,-5.02
713682,1774,45160,139,109834,35.00,-7.24,-4.92
713704,1815,45160,137,109887,35.00,-7.20,-4.93
713726,1727,45160,149,109936,35.00,-7.25,-4.93
713748,1611,45160,151,109979,35.00,-7.24,-4.97
713770,1599,45160,171,110026,35.00,-7.23,-4.99
713812,1571,45160,169,110137,35.00,-7.25,-4.94
713834,1689,45160,173,110167,35.00,-7.27,-4.91
713856,1789,45160,169,110188,35.00,-7.20,-4.99
713878,1868,45160,157,110223,35.00,-7.20,-4.94
713900,1991,45160,148,110261,35.00,-7.25,-4.94
713922,2007,45160,140,110271,35.00,-7.21,-4.86
713944,1977,45160,141,110311,35.00,-7.23,-4.92
713966,1863,45160,143,110333,35.00,-7.24,-4.97
713988,1721,45160,151,110370,35.00,-7.22,-4.95
714552,1687,45160,169,110394,35.36,-7.23,-4.95
714594,1765,45160,169,110138,35.00,-7.25,-4.96
714616,1703,45672,170,110171,35.00,-7.23,-4.96
714638,1853,45672,167,110212,35.00,-7.24,-4.98
714660,2031,45672,167,110250,35.00,-7.25,-4.96
714682,2065,45672,143,110290,35.00,-7.25,-4.93
714704,2069,45672,140,110317,35.00,-7.26,-4.97
714726,1877,45672,127,110351,35.00,-7.24,-5.02
714748,1838,45672,142,110359,35.00,-7.21,-4.95
714770,1749,45672,153,110340,35.00,-7.23,-4.96
714792,1708,45672,167,110158,35.00,-7.22,-4.95
714835,1678,45672,168,108790,35.00,-7.25,-4.96
714857,1699,45672,173,108688,35.00,-7.22,-4.95
714879,1797,45672,165,108634,35.00,-7.27,-4.97
714901,1886,45672,149,108579,35.00,-7.24,-4.96
714923,1918,45672,136,108552,35.00,-7.24,-4.95
714945,1935,45672,137,108568,35.00,-7.24,-4.96
714967,1831,45672,123,108693,35.00,-7.22,-4.96
714989,1677,45672,134,108874,35.00,-7.24,-4.94
715575,1557,45672,141,109056,35.61,-7.25,-4.96
715617,1775,44968,168,108573,35.00,-7.25,-4.96
715639,1671,44968,159,108501,35.00,-7.28,-4.95
715661,1688,44968,155,108490,35.00,-7.23,-4.93
715683,1881,45160,150,108508,35.00,-7.23,-4.96
715705,2089,45160,152,108598,35.00,-7.19,-4.96
715727,2141,45160,137,108787,35.00,-7.22,-4.94
715749,2003,45160,133,108987,35.00,-7.27,-4.97
715771,1747,45160,127,109132,35.00,-7.23,-4.95
715793,1611,45160,141,109217,35.00,-7.28,-4.97
715815,1641,45160,157,109288,35.00,-7.23,-4.94
715857,1661,45160,167,109512,35.00,-7.25,-4.95
715879,1673,45160,170,109578,35.00,-7.26,-4.99
715901,1757,45160,169,109643,35.00,-7.23,-4.96
715923,1930,45160,164,109705,35.00,-7.24,-4.93
715945,2135,45160,153,109772,35.00,-7.25,-4.97
715967,2156,45160,142,109835,35.00,-7.24,-4.90
715989,2035,45160,138,109884,35.00,-7.20,-4.95
716351,1879,45160,135,109941,35.44,-7.22,-4.96
716379,1739,44968,137,108645,35.00,-7.15,-4.90
716401,1619,44968,167,108616,35.00,-7.21,-4.94
716423,1655,45160,158,108629,35.00,-7.25,-4.94
716445,1711,45160,151,108696,35.00,-7.21,-4.96
716467,1943,45160,135,108847,35.00,-7.23,-4.96
716489,1917,45160,133,109036,35.00,-7.24,-5.00
716511,1741,45160,123,109217,35.00,-7.27,-4.96
716533,1559,45160,123,109339,35.00,-7.26,-4.97
716555,1563,45160,143,109394,35.00,-7.21,-4.97
716577,1629,45160,157,109448,35.00,-7.26,-4.96
716619,1561,45160,166,109671,35.00,-7.18,-4.92
716641,1529,45160,166,109732,35.00,-7.22,-4.95
716663,1687,45160,165,109801,35.00,-7.24,-4.96
716685,1707,45160,152,109870,35.00,-7.19,-4.97
716707,1887,45160,142,109918,35.00,-7.23,-4.95
716729,2035,44968,139,109967,35.00,-7.23,-4.93
716751,1895,44968,133,110017,35.00,-7.19,-4.93
716773,1799,45160,133,110062,35.00,-7.25,-4.93
716795,1725,45160,143,110085,35.00,-7.20,-4.94
716817,1647,45160,149,110134,35.00,-7.22,-4.95
716860,1639,45160,165,110221,35.00,-7.24,-4.93
716882,1571,45160,167,110252,35.00,-7.26,-5.00
716904,1719,45160,163,110296,35.00,-7.23,-4.95
716926,1769,45160,151,110306,35.00,-7.29,-4.96
716948,1838,45160,135,110333,35.00,-7.25,-4.97
716970,1879,45160,133,110361,35.00,-7.24,-4.96
716992,1855,45160,127,110398,35.00,-7.26,-5.00
717364,1799,45160,124,110403,35.79,-7.23,-4.93
717401,1753,45160,152,109587,35.00,-7.25,-4.97
717423,1553,45160,167,109651,35.00,-7.23,-4.98
717445,1511,45160,159,109717,35.00,-7.24,-4.92
717467,1544,45160,143,109783,35.00,-7.28,-4.94
717489,1545,45160,133,109846,35.00,-7.26,-4.94
717511,1849,45160,120,109894,35.00,-7.21,-5.00
717533,2022,45160,125,109936,35.00,-7.23,-4.97
717555,2135,45160,125,109977,35.00,-7.21,-4.96
717577,1770,45160,138,110021,35.00,-7.28,-4.94
717599,1753,44968,151,110049,35.00,-7.27,-4.93
717641,1625,44968,165,110162,35.00,-7.23,-4.99
717663,1855,45160,172,110194,35.00,-7.21,-5.01
717685,1945,45160,167,110237,35.00,-7.24,-4.97
717707,2025,45160,160,110263,35.00,-7.25,-4.95
717729,1904,45160,153,110282,35.00,-7.20,-4.96
717751,1947,45160,139,110307,35.00,-7.25,-4.93
717773,2079,45160,139,110298,35.00,-7.22,-4.93
717795,2031,45160,135,110153,35.00,-7.24,-4.97
717817,1933,45160,149,109660,35.00,-7.26,-4.98
717839,1669,45160,147,109084,35.00,-7.22,-4.96
717861,1811,45160,171,108779,35.00,-7.23,-4.92
717902,1981,45160,179,108567,35.00,-7.27,-4.96
717924,1876,45160,179,108554,35.00,-7.23,-4.95
717946,1767,45160,175,108594,35.00,-7.26,-4.95
717968,1749,45160,167,108709,35.00,-7.23,-4.95
717990,1891,45160,149,108887,35.00,-7.28,-4.98
718386,1947,44968,139,109068,36.56,-7.27,-4.93
718423,1320,45160,153,110322,35.00,-7.22,-4.98
718445,1321,45160,155,110355,35.00,-7.26,-4.94
718467,1315,45160,151,110385,35.00,-7.24,-4.91
718489,1107,44968,133,110401,35.00,-7.24,-4.96
718511,1355,44456,123,110409,35.00,-7.28,-5.02
718533,1508,44456,111,110326,35.00,-7.21,-5.00
718555,1851,44456,115,110019,35.00,-7.25,-4.95
718577,1788,44456,109,109446,35.00,-7.27,-4.94
718599,1972,43688,125,109047,35.00,-7.28,-4.94
718621,1661,43688,137,108869,35.00,-7.27,-4.96
718643,1247,43688,135,108816,35.00,-7.23,-4.96
718684,1291,43688,149,108734,35.00,-7.25,-4.96
718706,1843,44456,155,108826,35.00,-7.22,-4.96
718728,1815,44456,149,108976,35.00,-7.26,-4.98
718750,1811,44456,135,109174,35.00,-7.22,-4.96
718772,1661,44456,133,109309,35.00,-7.24,-4.97
718794,1801,44456,117,109383,35.00,-7.22,-4.93
718816,1989,44968,116,109436,35.00,-7.24,-4.93
718838,1831,44456,107,109489,35.00,-7.31,-4.95
718860,1847,44456,125,109545,35.00,-7.23,-4.97
718882,1609,44456,123,109606,35.00,-7.22,-5.01
718924,1323,44456,147,109806,35.00,-7.23,-4.93
718946,1493,44456,148,109865,35.00,-7.24,-4.98
718968,1571,44456,149,109932,35.00,-7.25,-4.97
718990,1605,44456,139,109992,35.00,-7.20,-4.94
719408,1919,44456,137,110042,35.77,-7.25,-5.00
719446,1779,44456,169,108783,35.00,-7.24,-4.97
719468,1655,44456,169,108907,35.00,-7.28,-4.97
719490,1753,44968,169,109105,35.00,-7.20,-4.96
719512,1853,44968,153,109273,35.00,-7.24,-4.94
719534,1981,44968,152,109391,35.00,-7.22,-4.97
719556,1995,44968,125,109461,35.00,-7.23,-4.93
719578,1897,44968,127,109516,35.00,-7.25,-4.99
719600,1873,44968,119,109576,35.00,-7.21,-4.96
719622,1847,44968,141,109639,35.00,-7.26,-4.94
719644,1719,44968,143,109706,35.00,-7.24,-4.97
719686,1563,44456,157,109892,35.00,-7.24,-4.96
719708,1511,44456,160,109929,35.00,-7.24,-4.92
719730,1527,44456,166,109977,35.00,-7.26,-5.01
719752,1615,44456,159,110024,35.00,-7.24,-4.95
719774,1877,44456,153,110066,35.00,-7.24,-4.94
719796,2003,44456,137,110105,35.00,-7.26,-4.92
719818,1925,44456,133,110131,35.00,-7.25,-4.97
719840,1747,44968,119,110163,35.00,-7.23,-4.98
719862,1451,44968,119,110195,35.00,-7.24,-4.96
719884,1445,44968,141,110232,35.00,-7.23,-4.94
719906,1545,44968,149,110278,35.00,-7.24,-4.95
719947,1517,44968,163,110356,35.00,-7.22,-4.97
719969,1383,44968,159,110385,35.00,-7.26,-4.91
719991,1489,44968,171,110409,35.00,-7.24,-4.94
720430,1739,44968,159,110434,35.89,-7.24,-4.98
720468,1806,42792,173,109837,35.00,-7.27,-4.97
720490,1658,43176,169,109916,35.00,-7.23,-4.97
720512,1707,43176,173,109956,35.00,-7.24,-4.98
720534,1843,43688,165,110007,35.00,-7.23,-4.93
720556,1869,43688,159,110041,35.00,-7.22,-5.01
720578,1847,43688,141,110088,35.00,-7.24,-4.93
720600,1927,43688,137,110137,35.00,-7.24,-4.98
720622,2008,43688,139,110165,35.00,-7.28,-4.92
720644,2012,43688,147,110202,35.00,-7.27,-4.96
720666,1677,44456,147,110238,35.00,-7.25,-4.96
720688,1336,44456,163,110287,35.00,-7.29,-4.96
720729,1431,44456,167,110376,35.00,-7.26,-4.97
720751,1461,44456,167,110416,35.00,-7.22,-4.97
720773,1397,43688,167,110436,35.00,-7.25,-4.98
720795,1561,44456,159,110427,35.00,-7.26,-4.97
720817,1725,44456,147,110332,35.00,-7.28,-4.95
720839,1809,44456,137,109948,35.00,-7.23,-4.94
720861,1803,44456,135,109402,35.00,-7.22,-4.99
720883,1708,44456,132,109047,35.00,-7.24,-4.98
720905,1711,44456,127,108885,35.00,-7.24,-4.96
720927,1627,44456,141,108815,35.00,-7.22,-4.97
720969,1565,44456,157,108780,35.00,-7.26,-4.96
720991,1496,44456,158,108899,35.00,-7.22,-4.96
721708,1481,43688,171,109089,36.27,-7.26,-4.99
721732,1781,43176,150,108942,35.00,-7.16,-4.95
721754,1511,43176,167,109104,35.00,-7.39,-5.08
721776,1526,43176,165,109267,35.00,-7.36,-4.98
721798,1961,43176,165,109413,35.00,-7.24,-4.94
721820,1743,43688,151,109490,35.00,-7.19,-4.94
721842,1865,43688,147,109543,35.00,-7.24,-4.96
721864,1875,43688,143,109601,35.00,-7.23,-4.97
721886,1733,43688,136,109677,35.00,-7.23,-4.98
721908,1689,43688,146,109750,35.00,-7.24,-4.96
721930,1637,43688,148,109811,35.00,-7.23,-4.95
721972,1599,43688,169,109997,35.00,-7.19,-4.96
