timestamp,ecg,gsr,gas,pulse,temp,acc_x,acc_y
23530,2173,27312,187,0,35.76,-7.23,-4.93
23569,1845,26800,157,0,35.00,-7.24,-4.94
23591,1787,26800,164,0,35.00,-7.25,-4.98
23613,2056,26800,159,0,35.00,-7.21,-4.90
23635,2297,26800,164,0,35.00,-7.21,-4.96
23657,2150,26800,149,0,35.00,-7.24,-4.95
23679,1786,26800,140,0,35.00,-7.26,-4.93
23701,1433,26800,139,0,35.00,-7.24,-4.96
23723,1229,26416,136,0,35.00,-7.25,-4.95
23745,1197,26416,159,0,35.00,-7.24,-4.93
23767,1463,26416,172,0,35.00,-7.26,-4.94
23789,1767,26416,181,0,35.00,-7.27,-4.96
23830,1675,26416,152,0,35.00,-7.24,-4.92
23852,1277,26416,136,0,35.00,-7.26,-4.96
23874,1045,26416,116,0,35.00,-7.27,-4.94
23896,1630,26416,125,0,35.00,-7.28,-4.94
23918,1843,26416,133,0,35.00,-7.24,-4.93
23940,1611,26416,135,0,35.00,-7.25,-4.91
23962,1699,26416,137,0,35.00,-7.25,-4.93
23984,1581,26416,147,0,35.00,-7.26,-4.94
24551,1589,26416,157,0,35.30,-7.24,-4.95
24592,1904,25136,157,0,35.00,-7.26,-4.94
24614,1461,25136,127,0,35.00,-7.24,-4.91
24636,1443,25136,111,0,35.00,-7.21,-4.91
24658,1641,25136,123,0,35.00,-7.20,-4.90
24680,2027,25136,151,0,35.00,-7.26,-4.98
24702,2318,25136,179,0,35.00,-7.20,-4.98
24724,1959,25136,150,0,35.00,-7.25,-4.94
24746,1645,25136,159,0,35.00,-7.22,-4.93
24768,1449,25136,153,0,35.00,-7.29,-4.96
24790,1261,25136,139,0,35.00,-7.21,-4.93
24832,1139,25904,126,0,35.00,-7.27,-4.93
24854,1593,25136,151,0,35.00,-7.25,-4.92
24876,2199,25136,180,0,35.00,-7.23,-4.98
24898,2671,25136,181,0,35.00,-7.22,-4.95
24920,2075,25136,134,0,35.00,-7.26,-4.92
24942,1837,25136,127,0,35.00,-7.24,-4.93
24964,1639,25136,133,0,35.00,-7.26,-4.95
24986,1043,25136,120,0,35.00,-7.23,-4.92
25571,973,25136,135,0,35.00,-7.24,-4.93
25602,1748,25136,188,0,35.00,-7.25,-4.93
25624,2527,25136,171,0,35.00,-7.22,-4.91
25646,1939,25904,153,0,35.00,-7.27,-4.94
25668,1629,25136,157,0,35.00,-7.26,-4.96
25690,1499,25904,157,0,35.00,-7.24,-4.97
25712,1262,25136,141,0,35.00,-7.24,-4.96
25754,1317,25904,137,0,35.00,-7.27,-4.95
25776,2221,25904,189,0,35.00,-7.25,-4.96
25798,2806,25904,197,0,35.00,-7.25,-4.93
25820,2259,25904,151,0,35.00,-7.28,-4.95
25842,1967,25136,142,0,35.00,-7.25,-4.93
25864,1743,25904,132,0,35.00,-7.25,-4.94
25886,1417,25904,136,0,35.00,-7.26,-4.96
25908,1623,25136,163,0,35.00,-7.27,-4.95
25930,1903,25136,197,0,35.00,-7.23,-4.98
25952,2006,25136,179,0,35.00,-7.24,-4.97
25974,1960,25136,172,0,35.00,-7.25,-4.98
26592,1900,25136,157,0,35.50,-7.24,-4.92
26623,2005,25136,187,0,35.00,-7.26,-4.94
26645,2002,25136,138,0,35.00,-7.29,-4.93
26667,1947,25136,157,0,35.00,-7.25,-4.95
26689,1693,25136,163,0,35.00,-7.22,-4.95
26711,1592,25136,173,0,35.00,-7.24,-4.94
26733,1765,25136,181,0,35.00,-7.25,-4.93
26755,1817,25136,173,0,35.00,-7.25,-4.92
26797,1887,25136,163,0,35.00,-7.24,-4.93
26819,1951,25136,166,0,35.00,-7.23,-4.92
26841,1709,25136,139,0,35.00,-7.24,-4.94
26863,1780,25136,140,0,35.00,-7.28,-4.94
26885,1619,25136,127,0,35.00,-7.27,-4.95
26907,1453,25136,137,0,35.00,-7.24,-4.94
26929,1187,25136,137,0,35.00,-7.28,-4.97
26951,1008,25136,151,0,35.00,-7.28,-4.97
26973,1062,25136,157,0,35.00,-7.27,-4.94
26995,1551,25136,183,0,35.00,-7.25,-4.90
27038,1791,25136,163,0,35.00,-7.21,-4.95
27060,1503,25136,133,0,35.00,-7.20,-4.97
27082,1607,25136,121,0,35.00,-7.25,-4.94
27104,1463,25136,102,0,35.00,-7.26,-4.95
27126,1270,25904,102,0,35.00,-7.27,-4.93
27148,1193,25904,126,0,35.00,-7.22,-4.95
27170,1623,25136,168,0,35.00,-7.22,-4.99
27192,2187,25136,191,0,35.00,-7.23,-4.94
27214,2019,25136,173,0,35.00,-7.23,-4.96
27236,1877,25136,167,0,35.00,-7.27,-4.92
27278,1877,25136,151,0,35.00,-7.26,-4.98
27300,1843,25136,135,0,35.00,-7.27,-4.95
27322,1891,25136,123,0,35.00,-7.31,-4.96
27344,2111,25136,143,0,35.00,-7.24,-4.98
27366,2519,25136,171,0,35.00,-7.23,-4.90
27388,2439,25136,163,0,35.00,-7.25,-4.94
27410,2202,25136,171,0,35.00,-7.26,-4.94
27432,2043,25136,176,0,35.00,-7.25,-4.95
27454,1839,25136,174,0,35.00,-7.29,-4.94
27476,1637,25136,157,0,35.00,-7.26,-4.94
27519,1655,25136,154,0,35.00,-7.28,-4.94
27541,2236,25136,174,0,35.00,-7.27,-4.91
27563,2490,25136,179,0,35.00,-7.26,-4.94
27585,1837,25136,127,0,35.00,-7.24,-4.94
27607,1515,25136,123,0,35.00,-7.25,-4.97
27629,1445,25136,133,0,35.00,-7.24,-4.94
27651,1129,25904,122,0,35.00,-7.22,-4.95
27673,869,25136,132,0,35.00,-7.24,-4.92
27695,825,25136,141,0,35.00,-7.24,-4.95
27717,1173,25136,154,0,35.00,-7.26,-4.98
27759,1901,25136,167,0,35.00,-7.25,-4.91
27781,1575,25904,117,0,35.00,-7.27,-4.93
27803,1559,25136,107,0,35.00,-7.23,-4.96
27825,1545,25904,101,0,35.00,-7.22,-4.94
27847,1323,25136,91,0,35.00,-7.26,-4.95
27869,1250,25904,105,0,35.00,-7.19,-4.93
27891,1397,25904,134,0,35.00,-7.25,-4.93
27913,1945,25136,179,0,35.00,-7.26,-4.94
27935,2265,25136,173,0,35.00,-7.23,-4.92
27957,1957,25136,155,0,35.00,-7.27,-4.94
27979,1903,25904,147,0,35.00,-7.24,-4.91
28020,1811,25904,122,0,35.00,-7.23,-4.96
28042,1450,25136,106,0,35.00,-7.24,-4.95
28064,1543,25136,111,0,35.00,-7.22,-4.91
28086,1989,24624,139,0,35.00,-7.27,-4.93
28108,2441,24624,167,0,35.00,-7.27,-4.93
28130,2189,24624,150,99956,35.00,-7.26,-4.98
28152,1938,24624,151,99932,35.00,-7.28,-4.97
28174,1821,24624,159,99980,35.00,-7.26,-4.93
28196,1739,24624,151,99980,35.00,-7.24,-4.90
28218,1503,24624,147,99980,35.00,-7.25,-4.94
28261,1641,24624,135,99980,35.00,-7.25,-4.98
28283,2538,24624,166,99980,35.00,-7.27,-4.95
28305,2585,25136,149,99980,35.00,-7.27,-4.94
28327,2197,25136,134,99980,35.00,-7.28,-4.93
28349,2053,25136,141,99980,35.00,-7.24,-4.94
28371,1853,25136,134,99980,35.00,-7.27,-4.94
28393,1516,25136,143,99980,35.00,-7.23,-4.96
28415,1573,25136,155,99980,35.00,-7.24,-4.95
28437,1925,25136,179,99980,35.00,-7.26,-4.92
28459,2479,25136,203,99980,35.00,-7.25,-4.94
28501,2745,25136,187,99980,35.00,-7.24,-4.92
28523,2283,25136,154,99980,35.00,-7.25,-4.94
28545,2220,25136,141,99980,35.00,-7.26,-4.93
28567,1855,25136,122,99980,35.00,-7.22,-4.92
28589,1877,25136,135,99980,35.00,-7.24,-4.96
28611,1835,25136,157,99980,35.00,-7.24,-4.91
28633,2106,25136,188,99980,35.00,-7.23,-4.95
28655,2213,25136,191,99980,35.00,-7.30,-4.93
28677,2002,25136,187,99980,35.00,-7.28,-4.93
28699,1935,25136,181,99980,35.00,-7.26,-4.91
28742,1898,25136,157,99980,35.00,-7.24,-4.90
28764,1763,25136,141,99980,35.00,-7.25,-4.93
28786,1815,25136,143,99980,35.00,-7.30,-4.96
28808,2042,25136,166,99980,35.00,-7.24,-4.92
28830,1827,25136,145,99980,35.00,-7.24,-4.95
28852,1496,25136,149,99980,35.00,-7.25,-4.96
28874,1379,25136,159,99980,35.00,-7.29,-4.93
28896,1158,25136,149,99980,35.00,-7.28,-4.98
28918,1031,25136,153,99980,35.00,-7.27,-4.92
28940,1180,25136,154,99980,35.00,-7.20,-4.97
28982,1335,25136,149,99980,35.00,-7.25,-4.95
29396,1521,25136,123,99980,35.47,-7.23,-4.96
29424,2615,25904,211,99980,35.00,-7.28,-4.96
29446,2407,25904,155,99980,35.00,-7.21,-4.97
29468,2283,25904,155,99980,35.00,-7.25,-4.95
29490,1819,25904,149,99980,35.00,-7.27,-4.94
29512,1587,25904,155,99980,35.00,-7.27,-4.94
29534,1527,25904,169,99980,35.00,-7.22,-4.96
29556,1631,25136,184,99980,35.00,-7.24,-4.97
29578,1971,25904,201,99975,35.00,-7.26,-4.96
29600,2136,25904,197,99909,35.00,-7.27,-4.92
29622,2098,25904,179,99897,35.00,-7.26,-4.94
29664,1801,25904,153,99897,35.00,-7.24,-4.96
29686,1275,25904,139,99897,35.00,-7.24,-4.95
29708,2317,25904,158,99897,35.00,-7.23,-4.92
29730,2009,25904,151,99897,35.00,-7.26,-4.93
29752,1746,25904,149,99897,35.00,-7.27,-4.95
29774,1579,25904,152,99897,35.00,-7.26,-4.95
29796,1801,25904,169,99897,35.00,-7.22,-5.00
29818,1031,25904,159,99897,35.00,-7.21,-4.98
29840,1151,26416,157,99897,35.00,-7.25,-4.99
29862,1510,25904,155,99897,35.00,-7.26,-4.99
29905,395,26416,109,99897,35.00,-7.24,-4.92
29927,347,26416,85,99897,35.00,-7.27,-4.93
29949,628,26416,91,99897,35.00,-7.18,-4.96
29971,1203,26416,107,99897,35.00,-7.25,-4.99
29993,1478,26416,121,99897,35.00,-7.28,-4.94
30417,1783,26416,149,99897,35.06,-7.26,-4.96
30446,3876,25904,291,99897,35.00,-7.25,-4.97
30468,1849,25904,201,99897,35.00,-7.23,-4.94
30490,1310,26416,168,99897,35.00,-7.23,-4.93
30512,1422,25904,165,99897,35.00,-7.21,-4.94
30534,2009,25904,183,99897,35.00,-7.27,-4.97
30556,1997,25904,186,99897,35.00,-7.22,-4.95
30578,1979,25904,215,99897,35.00,-7.26,-4.92
30600,1769,25904,219,99897,35.00,-7.23,-4.94
30622,1911,25904,221,99897,35.00,-7.24,-4.96
30644,1813,25904,200,99897,35.00,-7.25,-4.96
30687,1749,25904,185,99897,35.00,-7.25,-4.94
30709,1181,25904,149,99897,35.00,-7.24,-4.95
30731,1031,25904,149,99897,35.00,-7.25,-4.94
30753,949,25904,141,99897,35.00,-7.24,-4.94
30775,627,25904,147,99897,35.00,-7.25,-4.96
30797,581,25904,151,99897,35.00,-7.29,-4.93
30819,633,25904,167,99897,35.00,-7.25,-4.96
30841,679,25904,167,99897,35.00,-7.25,-4.92
30863,751,25904,165,99897,35.00,-7.28,-4.96
30885,661,25904,149,99897,35.00,-7.26,-4.95
30927,759,25904,134,99897,35.00,-7.30,-4.92
30949,1095,25904,119,99897,35.00,-7.22,-4.96
30971,1015,25904,117,99897,35.00,-7.26,-4.99
30993,1061,25904,111,99897,35.00,-7.25,-4.91
31437,1096,25904,123,99897,35.64,-7.26,-4.90
31469,2011,26416,164,99897,35.00,-7.24,-4.94
31491,2287,25904,141,99897,35.00,-7.25,-4.95
31513,2143,26416,137,99897,35.00,-7.29,-4.93
31535,2013,26416,137,99897,35.00,-7.26,-4.93
31557,1682,26416,121,99897,35.00,-7.28,-4.98
31579,1135,26416,117,99897,35.00,-7.22,-4.93
31601,986,26416,111,99897,35.00,-7.22,-4.97
31623,795,26416,109,99897,35.00,-7.22,-4.94
31645,1085,26416,105,99897,35.00,-7.21,-4.95
31667,1685,25904,110,99897,35.00,-7.28,-4.94
31709,1428,26416,95,99897,35.00,-7.24,-4.93
31731,1255,26416,77,99897,35.00,-7.24,-4.95
31753,1077,26416,71,99897,35.00,-7.27,-4.95
31775,1137,26416,82,99897,35.00,-7.22,-4.92
31797,1286,26416,105,99897,35.00,-7.25,-4.93
31819,1352,26416,120,99897,35.00,-7.25,-4.96
31841,1432,26416,133,99897,35.00,-7.26,-4.96
31863,1443,26416,145,99897,35.00,-7.26,-4.94
31885,1847,26416,149,99897,35.00,-7.24,-4.90
31907,2257,26416,146,99897,35.00,-7.25,-4.93
31929,2357,26416,127,99897,35.00,-7.26,-4.90
31970,2607,26416,127,99897,35.00,-7.24,-4.93
31992,2585,26416,126,99897,35.00,-7.22,-4.92
32713,2471,26416,133,99897,35.40,-7.23,-4.95
32752,1827,27312,147,99897,35.00,-7.27,-4.98
32774,2429,27312,184,99897,35.00,-7.25,-4.93
32796,2837,27312,205,99897,35.00,-7.28,-4.95
32818,2933,27312,243,99897,35.00,-7.26,-4.91
32840,3409,27312,281,99897,35.00,-7.24,-4.96
32862,3449,27312,294,99897,35.00,-7.27,-4.94
32884,2762,27312,251,99897,35.00,-7.23,-4.95
32906,2148,27312,219,99897,35.00,-7.22,-4.93
32928,1955,27312,202,99897,35.00,-7.25,-4.96
32950,2073,27312,215,99897,35.00,-7.24,-5.00
32992,1925,28080,150,99897,35.00,-7.27,-4.93
33733,603,28080,87,99897,35.24,-7.25,-4.93
33774,1951,28784,149,99897,35.00,-7.30,-4.92
33796,1870,28592,147,99897,35.00,-7.21,-4.92
33818,1637,28592,139,99897,35.00,-7.25,-4.91
33840,1361,28784,139,99897,35.00,-7.28,-4.94
33862,1233,28784,146,99897,35.00,-7.24,-4.95
33884,1336,28784,171,99897,35.00,-7.26,-4.91
33906,1432,28784,169,99897,35.00,-7.27,-4.95
33928,1517,28592,167,99897,35.00,-7.28,-4.97
33950,1384,28784,143,99897,35.00,-7.30,-4.93
33972,1187,28592,118,99897,35.00,-7.23,-4.92
33994,841,28784,91,99897,35.00,-7.26,-4.95
34035,738,28784,87,99897,35.00,-7.23,-4.95
34057,1097,28784,83,99897,35.00,-7.25,-4.94
34079,1273,28784,107,99897,35.00,-7.23,-4.94
34101,1427,28784,136,99897,35.00,-7.27,-4.95
34123,1337,28784,137,99897,35.00,-7.26,-4.91
34145,1205,28784,147,99897,35.00,-7.25,-4.97
34167,1403,28784,161,99897,35.00,-7.27,-4.94
34189,1883,28784,191,99897,35.00,-7.25,-4.95
34211,2727,28784,231,99897,35.00,-7.22,-4.95
34233,3847,28784,286,99897,35.00,-7.21,-4.91
34275,3867,28784,265,99897,35.00,-7.26,-4.95
34297,1879,28784,109,99897,35.00,-7.24,-4.96
34319,1330,28784,98,99897,35.00,-7.25,-4.98
34341,797,28784,92,99897,35.00,-7.24,-4.93
34363,788,28784,103,99897,35.00,-7.26,-4.95
34385,933,28784,125,99897,35.00,-7.25,-4.96
34407,1189,28784,153,99897,35.00,-7.23,-4.94
34429,1353,28784,149,99897,35.00,-7.30,-4.95
34451,1197,28784,136,99897,35.00,-7.27,-4.94
34473,1531,28784,152,99897,35.00,-7.26,-4.97
34495,2375,28784,179,99897,35.00,-7.24,-4.91
34536,2461,28784,167,99897,35.00,-7.26,-4.93
34558,1741,28784,108,99897,35.00,-7.26,-4.94
34580,1689,28784,110,99897,35.00,-7.24,-4.95
34602,1461,28784,110,99897,35.00,-7.25,-4.89
34624,1621,28784,142,99897,35.00,-7.27,-4.95
34646,1752,28784,165,99897,35.00,-7.25,-4.96
34668,2205,28784,184,99897,35.00,-7.21,-4.95
34690,2281,28784,192,99897,35.00,-7.25,-4.96
34712,2506,28784,197,99897,35.00,-7.27,-4.96
34734,2475,28784,182,99897,35.00,-7.28,-4.96
34777,2493,28784,165,99897,35.00,-7.23,-4.96
34799,2439,28784,141,99897,35.00,-7.25,-4.94
34821,1823,28784,127,99897,35.00,-7.24,-4.95
34843,1811,28784,136,99897,35.00,-7.24,-4.95
34865,1423,28784,147,99897,35.00,-7.27,-4.94
34887,1493,28784,155,99897,35.00,-7.25,-4.96
34909,1439,28784,167,99897,35.00,-7.27,-4.92
34931,1533,28784,155,99897,35.00,-7.24,-4.92
34953,1711,28784,153,99897,35.00,-7.24,-4.93
34975,1759,29296,138,99897,35.00,-7.24,-4.92
35518,1543,29296,119,99897,35.16,-7.24,-4.94
35559,2902,28784,183,99897,35.00,-7.24,-4.91
35581,2565,28784,179,99897,35.00,-7.24,-4.96
35603,2389,29296,183,99897,35.00,-7.24,-4.94
35625,2333,28784,203,99897,35.00,-7.28,-4.91
35647,2086,28784,215,99897,35.00,-7.27,-4.94
35669,1983,28784,218,99897,35.00,-7.30,-4.92
35691,2053,28784,219,99897,35.00,-7.27,-4.97
35713,2093,28784,210,99897,35.00,-7.25,-4.94
35735,2057,28784,192,99897,35.00,-7.25,-4.92
35757,2019,28784,181,99897,35.00,-7.25,-4.92
35799,1945,29296,173,99897,35.00,-7.24,-4.95
35821,1835,29296,160,99897,35.00,-7.24,-4.93
35843,1497,29296,167,99897,35.00,-7.25,-4.96
35865,1197,29296,166,99897,35.00,-7.27,-4.92
35887,1095,29296,175,99897,35.00,-7.25,-5.00
35909,979,29296,179,99897,35.00,-7.24,-4.95
35931,787,28784,173,99897,35.00,-7.24,-4.93
35953,632,29296,159,99897,35.00,-7.21,-4.90
35975,441,29296,136,99897,35.00,-7.25,-4.92
35997,346,28784,115,99897,35.00,-7.25,-4.96
36040,270,29296,101,99897,35.00,-7.20,-4.95
36062,30,28784,79,99897,35.00,-7.24,-4.93
36084,27,29296,89,99897,35.00,-7.26,-4.94
36106,0,29296,99,99897,35.00,-7.23,-4.97
36128,0,29296,111,99897,35.00,-7.25,-4.93
36150,242,29296,113,99897,35.00,-7.24,-5.00
36172,435,29296,118,99897,35.00,-7.22,-5.00
36194,665,29296,107,99897,35.00,-7.25,-4.93
36216,773,29296,92,99897,35.00,-7.23,-4.94
36238,1096,29296,89,99897,35.00,-7.26,-4.90
36280,1293,28784,85,99897,35.00,-7.23,-4.92
36302,1509,29296,87,99897,35.00,-7.26,-4.97
36324,1695,28784,105,99897,35.00,-7.29,-4.95
36346,1828,29296,118,99897,35.00,-7.26,-4.92
36368,1851,28784,139,99897,35.00,-7.24,-4.94
36390,2108,28784,153,99897,35.00,-7.22,-4.95
36412,2331,29296,157,99897,35.00,-7.24,-4.93
36434,2649,29296,159,99897,35.00,-7.22,-4.95
36456,2860,29296,157,99897,35.00,-7.25,-4.92
36478,2887,29296,157,99897,35.00,-7.26,-4.94
36500,2953,29296,153,99897,35.00,-7.25,-4.97
36541,3038,29296,153,99897,35.00,-7.26,-4.96
36563,2972,29296,151,99897,35.00,-7.23,-4.96
36585,3567,29296,183,99897,35.00,-7.23,-4.94
36607,3304,29296,189,99897,35.00,-7.21,-4.93
36629,2766,29296,201,99897,35.00,-7.25,-4.94
36651,2583,29296,203,99897,35.00,-7.24,-4.93
36673,2719,29296,206,99897,35.00,-7.25,-4.95
36695,2887,29296,205,99897,35.00,-7.19,-4.93
36717,2996,29296,202,99897,35.00,-7.23,-4.93
36739,2823,29296,181,99897,35.00,-7.27,-4.94
36781,2537,29296,168,99897,35.00,-7.26,-4.96
36803,2231,29296,154,99897,35.00,-7.21,-4.91
36825,2264,29296,171,99897,35.00,-7.26,-4.99
36847,1785,29296,169,99897,35.00,-7.25,-4.91
36869,1653,29296,180,99897,35.00,-7.26,-4.92
36891,1511,29296,181,99897,35.00,-7.23,-4.94
36913,1597,29296,182,99897,35.00,-7.27,-4.94
36935,1678,29296,181,99897,35.00,-7.27,-4.91
36957,1670,29296,163,99897,35.00,-7.24,-4.94
36979,1803,30064,153,99897,35.00,-7.27,-4.95
37558,1931,29296,147,99897,35.34,-7.26,-4.91
37589,1765,29296,139,99897,35.00,-7.24,-4.96
37611,1453,29296,151,99897,35.00,-7.25,-4.94
37633,1642,29296,154,99897,35.00,-7.24,-4.96
37655,1939,29296,168,99897,35.00,-7.27,-4.91
37677,2015,29296,157,99897,35.00,-7.26,-4.95
37699,2121,30064,151,99897,35.00,-7.21,-4.95
37721,2475,30064,143,99897,35.00,-7.14,-4.90
37743,2121,30064,137,99897,35.00,-7.20,-4.84
37784,1979,30064,127,99897,35.00,-7.24,-4.94
37806,2351,30064,143,99897,35.00,-7.22,-4.96
37828,2227,30064,155,99897,35.00,-7.23,-4.94
37850,2079,30064,168,99897,35.00,-7.26,-4.90
37872,2156,30064,184,99897,35.00,-7.27,-4.91
37894,2267,30064,189,99897,35.00,-7.24,-4.94
37916,2396,30064,189,99897,35.00,-7.22,-4.90
37938,2535,30064,188,99897,35.00,-7.26,-4.96
37960,2675,30064,199,99897,35.00,-7.22,-4.95
37982,2807,30064,181,99897,35.00,-7.22,-4.91
38025,2937,30064,189,99897,35.00,-7.24,-4.96
38047,2943,30064,205,99897,35.00,-7.23,-4.95
38069,2943,30064,231,99897,35.00,-7.26,-4.94
38091,2231,30064,189,99897,35.00,-7.26,-4.92
38113,1867,30064,183,99897,35.00,-7.24,-4.91
38135,1871,30064,189,99897,35.00,-7.23,-4.94
38157,1843,30064,187,99897,35.00,-7.24,-4.94
38179,1749,30064,167,99897,35.00,-7.29,-4.99
38201,1677,30064,155,99897,35.00,-7.24,-4.93
38223,1767,30064,149,99897,35.00,-7.27,-4.93
38265,1743,30064,143,99897,35.00,-7.24,-4.95
38287,1221,30064,121,99897,35.00,-7.25,-4.95
38309,1134,30064,141,99897,35.00,-7.25,-4.91
38331,1223,30064,163,99897,35.00,-7.28,-4.93
38353,1320,30064,181,99897,35.00,-7.28,-4.94
38375,1425,29296,183,99897,35.00,-7.26,-4.93
38397,1373,30064,168,99897,35.00,-7.26,-4.92
38419,1331,30064,151,99897,35.00,-7.25,-4.95
38441,1445,30064,136,99897,35.00,-7.27,-4.96
38463,1557,30064,124,99897,35.00,-7.24,-4.93
38485,1439,30064,121,99897,35.00,-7.22,-4.93
38526,1399,30064,123,99897,35.00,-7.25,-4.92
38548,1254,30064,109,99897,35.00,-7.24,-4.92
38570,1127,30064,127,99897,35.00,-7.26,-4.94
38592,1183,30064,143,99897,35.00,-7.24,-4.93
38614,1177,30064,151,99897,35.00,-7.24,-4.96
38636,1187,30576,154,99897,35.00,-7.24,-4.94
38658,1375,30064,153,99897,35.00,-7.27,-4.94
38680,1431,30064,141,99897,35.00,-7.24,-4.90
38702,1693,30064,139,99897,35.00,-7.26,-4.96
38724,1623,30064,121,99897,35.00,-7.27,-4.94
38766,1606,30576,119,99897,35.00,-7.26,-4.96
38788,1640,30576,120,99897,35.00,-7.24,-4.92
38810,1641,30576,134,99897,35.00,-7.25,-4.94
38832,1555,30576,141,99897,35.00,-7.24,-4.92
38854,1611,30576,156,99897,35.00,-7.24,-4.96
38876,1749,30576,159,99897,35.00,-7.24,-4.91
38898,1891,30576,167,99897,35.00,-7.26,-4.95
38920,1948,30576,151,99897,35.00,-7.26,-4.96
38942,2029,30576,146,99897,35.00,-7.30,-4.94
38964,2003,30576,123,99897,35.00,-7.23,-4.94
38986,2159,30064,126,99897,35.00,-7.24,-4.95
39027,2023,30064,121,99897,35.00,-7.22,-4.94
39049,2174,30064,135,99897,35.00,-7.27,-4.97
39071,2073,30064,143,99897,35.00,-7.27,-4.92
39093,1908,30064,156,99897,35.00,-7.19,-4.94
39115,1913,30064,159,99897,35.00,-7.26,-4.92
39137,2047,30064,173,99897,35.00,-7.26,-5.00
39159,2207,30064,171,99897,35.00,-7.21,-4.91
39181,2202,30064,165,99897,35.00,-7.24,-4.93
39203,2216,30064,147,99897,35.00,-7.30,-4.95
39225,2063,30064,136,99897,35.00,-7.24,-4.94
39268,1875,30576,123,99897,35.00,-7.24,-4.97
39290,1672,30064,127,99897,35.00,-7.23,-4.96
39312,1593,30576,141,99897,35.00,-7.26,-4.94
39334,1609,30576,163,99897,35.00,-7.27,-4.93
39356,1609,30576,164,99897,35.00,-7.27,-4.91
39378,1694,30576,164,99897,35.00,-7.25,-4.95
39400,1909,30576,156,99897,35.00,-7.24,-4.95
39422,1957,30576,149,99897,35.00,-7.23,-4.94
39444,1769,30576,133,99897,35.00,-7.23,-4.94
39466,1726,30576,123,99897,35.00,-7.29,-4.92
39508,1715,30576,118,99897,35.00,-7.29,-4.94
39530,1789,30576,124,99897,35.00,-7.26,-4.91
39552,1507,30576,134,99897,35.00,-7.28,-4.94
39574,1353,30576,147,99897,35.00,-7.26,-4.93
39596,1467,30064,153,99897,35.00,-7.26,-4.93
39618,1644,30064,159,99897,35.00,-7.25,-4.96
39640,1982,30576,151,99897,35.00,-7.23,-4.91
39662,1929,30064,153,99897,35.00,-7.26,-4.94
39684,1767,30576,125,99897,35.00,-7.27,-4.96
39706,1769,30576,121,99897,35.00,-7.26,-4.95
39728,1899,30576,118,99897,35.00,-7.25,-4.97
39769,1997,30576,125,99897,35.00,-7.28,-4.95
39791,1742,30576,125,99897,35.00,-7.23,-4.94
39813,1707,30576,150,99897,35.00,-7.23,-4.94
39835,1879,30576,159,99897,35.00,-7.26,-4.90
39857,1903,30576,169,99897,35.00,-7.25,-4.97
39879,1864,30576,167,99897,35.00,-7.27,-4.94
39901,1935,30576,167,99897,35.00,-7.23,-4.96
39923,2123,30576,157,99897,35.00,-7.27,-4.92
39945,2199,30576,143,99897,35.00,-7.22,-4.95
39967,2235,30576,139,99897,35.00,-7.23,-4.96
40363,2126,30576,139,99897,35.13,-7.21,-4.93
40391,1547,30576,138,99897,35.00,-7.25,-4.93
40413,1293,30960,133,99897,35.00,-7.25,-4.92
40435,1269,30960,141,99897,35.00,-7.25,-5.01
40457,1225,30576,147,99897,35.00,-7.28,-4.95
40479,1075,30576,153,99897,35.00,-7.24,-4.95
40501,1229,30576,151,99897,35.00,-7.22,-4.93
40523,1330,30576,135,99897,35.00,-7.26,-4.92
40545,1533,30576,121,99897,35.00,-7.24,-4.94
40567,1503,30576,111,99897,35.00,-7.25,-4.94
40589,1245,30576,102,99897,35.00,-7.27,-4.92
40631,1193,30576,103,99897,35.00,-7.26,-4.96
40653,601,30064,105,99897,35.00,-7.26,-4.95
40675,1903,28784,137,99897,35.00,-7.24,-4.98
40697,1739,28784,157,99897,35.00,-7.28,-4.96
40719,1629,28784,155,99897,35.00,-7.28,-4.94
40741,1933,28784,159,99897,35.00,-7.27,-4.99
40763,2248,28784,157,99897,35.00,-7.25,-4.93
40785,2151,28784,151,99897,35.00,-7.30,-4.91
40807,2001,29296,125,99897,35.00,-7.26,-4.94
40829,2431,29296,126,99897,35.00,-7.24,-4.95
40872,1774,29296,114,99897,35.00,-7.25,-4.92
40894,1885,29296,139,99897,35.00,-7.24,-4.93
40916,1743,29296,147,99897,35.00,-7.30,-4.95
40938,1770,29296,163,99897,35.00,-7.24,-4.93
40960,1813,28784,167,99897,35.00,-7.24,-4.92
40982,1970,29296,166,99897,35.00,-7.26,-4.94
41383,2063,29296,155,99897,35.90,-7.23,-4.91
41413,1669,29296,125,99897,35.00,-7.20,-4.90
41435,1318,29296,117,99897,35.00,-7.21,-4.97
41457,1233,29296,133,99897,35.00,-7.29,-4.97
41479,1321,29296,140,99897,35.00,-7.24,-4.95
41501,1577,29296,144,99897,35.00,-7.27,-4.94
41523,1571,29296,139,99897,35.00,-7.27,-4.94
41545,1699,29296,137,99897,35.00,-7.23,-4.92
41567,1819,28784,121,99897,35.00,-7.25,-4.92
41589,1845,29296,115,99897,35.00,-7.24,-4.96
41611,1771,29296,109,99897,35.00,-7.25,-4.92
41654,1724,29296,111,99897,35.00,-7.22,-4.96
41676,1716,28784,119,99897,35.00,-7.25,-4.98
41698,1727,29296,146,99897,35.00,-7.24,-4.90
41720,1641,29296,149,99897,35.00,-7.24,-4.93
41742,1759,28784,153,99897,35.00,-7.30,-4.94
41764,1961,29296,153,99897,35.00,-7.24,-4.99
41786,2143,29296,143,99897,35.00,-7.23,-4.93
41808,2239,29296,139,99897,35.00,-7.24,-4.92
41830,2357,29296,137,99897,35.00,-7.24,-4.95
41852,2268,29296,136,99897,35.00,-7.25,-4.98
41894,2041,29296,133,99897,35.00,-7.24,-4.93
41916,2093,28784,149,99897,35.00,-7.22,-4.91
41938,2057,28784,163,99897,35.00,-7.23,-4.95
41960,2437,28784,181,99897,35.00,-7.22,-4.94
41982,1996,28784,179,99897,35.00,-7.27,-4.90
42403,2518,28784,181,99897,36.11,-7.23,-4.96
42435,1237,28784,159,99897,35.00,-7.23,-4.95
42457,1387,28784,135,99897,35.00,-7.21,-4.93
42479,871,28784,147,99897,35.00,-7.27,-4.95
42501,682,28784,141,99897,35.00,-7.25,-4.93
42523,1139,28784,153,99897,35.00,-7.28,-4.95
42545,1310,28784,156,99897,35.00,-7.25,-4.95
42567,1277,28784,145,99897,35.00,-7.27,-4.92
42589,1373,28784,141,99897,35.00,-7.28,-4.96
42611,1228,28784,125,99897,35.00,-7.23,-4.94
42633,1707,28784,135,99897,35.00,-7.25,-4.94
42655,1125,28592,109,99897,35.00,-7.24,-4.97
42696,1020,28592,117,99897,35.00,-7.25,-4.94
42718,1129,28080,118,99897,35.00,-7.23,-4.91
42740,879,28080,119,99897,35.00,-7.26,-4.98
42762,1070,28080,137,99897,35.00,-7.22,-4.94
42784,989,28080,133,99897,35.00,-7.25,-4.94
42806,1423,28080,134,99897,35.00,-7.29,-4.95
42828,1519,28080,126,99897,35.00,-7.24,-4.97
42850,1611,28080,115,99897,35.00,-7.25,-4.93
42872,1555,28080,106,99897,35.00,-7.28,-4.95
42894,1435,28080,103,99897,35.00,-7.27,-4.93
42916,1315,28080,107,99897,35.00,-7.28,-4.94
42957,1368,28080,116,99897,35.00,-7.25,-4.93
42979,2249,28080,141,99897,35.00,-7.26,-4.96
43423,1583,28080,153,99897,35.03,-7.24,-4.95
43458,1870,28592,170,99897,35.00,-7.25,-4.95
43480,1868,28592,143,99897,35.00,-7.28,-4.91
43502,1631,28592,163,99897,35.00,-7.25,-4.90
43524,1991,28080,167,99897,35.00,-7.27,-4.94
43546,2041,28080,179,99897,35.00,-7.25,-4.94
43568,2035,28080,157,99897,35.00,-7.24,-4.91
43590,1884,28080,139,99897,35.00,-7.24,-4.95
43612,1742,28080,115,99897,35.00,-7.26,-4.92
43634,1873,28592,121,99897,35.00,-7.26,-4.95
43656,1997,28592,119,99897,35.00,-7.24,-4.96
43699,1743,28592,133,99897,35.00,-7.29,-4.95
43721,1615,28592,139,99897,35.00,-7.25,-4.93
43743,1554,28592,156,99897,35.00,-7.27,-4.93
43765,1565,28592,165,99897,35.00,-7.28,-4.89
43787,1701,28592,168,99897,35.00,-7.27,-4.95
43809,1879,28080,152,99897,35.00,-7.29,-4.94
43831,2299,28080,151,99897,35.00,-7.27,-4.94
43853,3003,28080,159,99897,35.00,-7.24,-4.94
43875,1531,27312,115,99897,35.00,-7.23,-4.92
43897,1657,27312,119,99897,35.00,-7.28,-4.94
43939,1852,27312,137,99897,35.00,-7.24,-4.94
43961,1645,27312,143,99897,35.00,-7.25,-4.97
43983,1587,27312,155,99897,35.00,-7.26,-4.96
44699,1671,27312,160,99897,35.84,-7.24,-4.95
44741,1519,28080,115,99897,35.00,-7.25,-4.93
44763,1670,28080,135,99897,35.00,-7.23,-4.92
44785,1621,28080,147,99897,35.00,-7.27,-4.91
44807,1832,28080,152,99897,35.00,-7.24,-4.92
44829,2117,28080,155,99897,35.00,-7.29,-4.94
44851,2379,28080,152,99897,35.00,-7.25,-4.91
44873,2587,28080,158,99897,35.00,-7.24,-4.96
44895,2489,28080,137,99897,35.00,-7.24,-4.94
44917,2237,28592,125,99897,35.00,-7.22,-4.95
44939,2211,28080,122,99897,35.00,-7.24,-4.91
44982,1990,28592,135,99897,35.00,-7.24,-4.94
45719,1781,28080,140,99897,35.63,-7.26,-4.94
45744,1822,28592,117,99897,35.00,-7.24,-4.90
45766,1357,28592,143,99897,35.00,-7.25,-4.97
45788,1463,28592,155,99897,35.00,-7.22,-4.94
45810,1683,28592,165,99897,35.00,-7.24,-4.94
45832,2005,28592,159,99897,35.00,-7.27,-4.97
45854,1721,28592,127,99897,35.00,-7.26,-4.94
45876,1723,28592,117,99897,35.00,-7.22,-4.94
45898,1660,28592,109,99897,35.00,-7.21,-4.95
45920,1655,28784,109,99897,35.00,-7.21,-4.94
45942,1568,28592,107,99897,35.00,-7.23,-4.96
45984,1429,28592,115,99897,35.00,-7.26,-4.95
46740,1503,28784,135,99897,34.99,-7.23,-4.92
46766,1356,28784,115,99897,35.00,-7.25,-4.91
46788,1044,28784,145,99897,35.00,-7.25,-4.94
46810,1041,28592,151,99897,35.00,-7.24,-4.93
46832,1195,28784,159,99897,35.00,-7.24,-4.96
46854,1363,28784,152,99897,35.00,-7.25,-4.96
46876,1382,28784,135,99897,35.00,-7.24,-4.92
46898,1397,28784,115,99897,35.00,-7.21,-4.96
46920,1358,28784,105,99897,35.00,-7.24,-4.91
46942,1385,28784,109,99897,35.00,-7.26,-4.97
46964,1354,28784,115,99897,35.00,-7.26,-4.93
47506,1139,28784,118,99897,35.35,-7.25,-4.96
47548,2009,28784,167,99897,35.00,-7.24,-4.92
47570,2255,28784,204,99897,35.00,-7.24,-4.95
47592,2261,28784,211,99897,35.00,-7.27,-4.93
47614,2359,28784,219,99897,35.00,-7.25,-4.96
47636,2361,28784,215,99897,35.00,-7.24,-4.97
47658,2447,28784,212,99897,35.00,-7.24,-4.91
47680,2607,28784,201,99897,35.00,-7.28,-4.92
47702,2311,28784,171,99897,35.00,-7.27,-4.96
47724,1963,28784,155,99897,35.00,-7.24,-4.97
47746,1613,28784,153,99897,35.00,-7.22,-4.94
47788,1331,28784,154,99897,35.00,-7.26,-4.96
47810,1055,28784,157,99897,35.00,-7.26,-4.96
47832,1034,28784,154,99897,35.00,-7.27,-4.96
47854,1115,28784,168,99897,35.00,-7.24,-4.93
47876,1336,28784,159,99897,35.00,-7.25,-4.96
47898,1477,28784,157,99897,35.00,-7.24,-4.98
47920,1407,28784,138,99897,35.00,-7.26,-4.92
47942,1383,28784,123,99897,35.00,-7.24,-4.94
47964,1204,28784,108,99897,35.00,-7.28,-4.95
47986,1051,28784,117,99897,35.00,-7.26,-4.92
48525,919,28784,119,99897,35.99,-7.26,-4.94
48555,2265,28784,154,99897,35.00,-7.25,-4.93
48577,2152,28784,184,99897,35.00,-7.25,-4.92
48599,2299,28784,178,99897,35.00,-7.25,-4.92
48621,2367,29296,171,99897,35.00,-7.26,-4.98
48643,2409,28784,159,99897,35.00,-7.28,-4.93
48665,2163,28784,151,99897,35.00,-7.24,-4.96
48687,1911,28784,147,99897,35.00,-7.26,-4.95
48709,1690,28784,150,99897,35.00,-7.24,-4.98
48751,1527,29296,159,99897,35.00,-7.26,-4.91
48773,1311,28784,164,99897,35.00,-7.23,-4.95
48795,1433,28784,173,99897,35.00,-7.27,-4.91
48817,1709,28784,189,99897,35.00,-7.27,-4.94
48839,2203,28784,199,99897,35.00,-7.28,-4.94
48861,2285,28784,199,99897,35.00,-7.25,-4.94
48883,2364,28784,189,99897,35.00,-7.27,-4.98
48905,2956,28784,211,99897,35.00,-7.26,-4.95
48927,2879,28784,201,99897,35.00,-7.24,-4.92
48949,2159,28784,166,99897,35.00,-7.24,-4.94
48991,1338,28784,149,99897,35.00,-7.26,-4.95
49546,1119,28784,159,99897,34.86,-7.19,-4.95
49576,842,28784,86,99897,35.00,-7.24,-4.89
49598,890,28784,139,99897,35.00,-7.25,-4.91
49620,1439,28784,146,99897,35.00,-7.28,-4.95
49642,1768,28784,145,99897,35.00,-7.27,-4.93
49664,1885,28784,121,99897,35.00,-7.27,-4.96
49686,1531,28784,107,99897,35.00,-7.25,-4.94
49708,1673,28784,114,99897,35.00,-7.26,-4.96
49730,1660,28784,127,99897,35.00,-7.25,-4.96
49752,1786,28784,142,99897,35.00,-7.22,-4.95
49793,1822,28784,153,99897,35.00,-7.28,-4.94
49815,1625,28784,151,99897,35.00,-7.26,-4.92
49837,1608,28784,152,99897,35.00,-7.22,-4.94
49859,1651,28784,162,99897,35.00,-7.27,-4.92
49881,1695,28784,138,99897,35.00,-7.22,-4.97
49903,1737,28784,151,99897,35.00,-7.26,-4.94
49925,1877,28784,117,99897,35.00,-7.26,-4.95
49947,1848,28784,116,99897,35.00,-7.27,-4.93
49969,1755,28784,107,99897,35.00,-7.25,-4.91
49991,1661,28784,121,99897,35.00,-7.26,-4.97
50566,1619,28784,125,99897,35.11,-7.26,-4.95
50597,2226,28784,145,99897,35.00,-7.26,-4.94
50619,1733,28784,179,99897,35.00,-7.26,-4.93
50641,1887,28784,175,99897,35.00,-7.29,-4.94
50663,1945,28784,165,99897,35.00,-7.23,-4.95
50685,1979,29296,153,99897,35.00,-7.24,-4.92
50707,2003,29296,146,99897,35.00,-7.26,-4.92
50729,1952,28784,140,99897,35.00,-7.21,-4.95
50751,1925,29296,137,99897,35.00,-7.24,-4.93
50773,1865,28784,147,99897,35.00,-7.21,-4.93
50795,1833,28784,164,99897,35.00,-7.26,-4.95
50836,1479,28784,167,99897,35.00,-7.24,-4.98
50858,1705,28784,179,99897,35.00,-7.24,-4.92
50880,1613,28784,179,99897,35.00,-7.26,-4.92
50902,1714,28784,175,99897,35.00,-7.28,-4.97
50924,1855,28592,165,99897,35.00,-7.23,-4.96
50946,1869,28592,152,99897,35.00,-7.24,-4.94
50968,1758,28592,139,99897,35.00,-7.29,-4.96
50990,1621,28592,133,99897,35.00,-7.24,-4.94
51587,1677,28592,143,99897,35.97,-7.24,-4.94
51618,821,28592,149,99897,35.00,-7.19,-4.88
51640,3725,28592,221,99897,35.00,-7.36,-5.04
51662,3737,28592,235,99897,35.00,-6.85,-4.90
51684,3743,28592,239,99897,35.00,-7.32,-4.96
51706,2763,28592,223,99897,35.00,-7.18,-5.00
51728,3783,28592,219,99897,35.00,-7.22,-4.96
51750,3773,28592,210,99897,35.00,-7.28,-4.95
51772,3763,28592,199,99897,35.00,-7.20,-4.97
51794,2661,28592,169,99897,35.00,-7.22,-5.07
51816,2920,28592,189,99897,35.00,-7.28,-4.96
51858,2810,28592,204,99897,35.00,-7.20,-5.00
51880,1877,28080,189,99897,35.00,-7.21,-4.97
51902,1339,28592,185,99897,35.00,-7.26,-4.95
51924,1260,28592,183,99897,35.00,-7.27,-4.97
51946,2595,28080,205,99897,35.00,-7.21,-4.97
51968,2471,28080,186,99897,35.00,-7.22,-4.98
51990,2267,28080,165,99897,35.00,-7.22,-4.97
52353,1447,28080,141,99931,36.54,-7.25,-4.94
52381,2057,28080,133,99931,35.00,-7.22,-4.96
52403,1195,28080,151,99931,35.00,-7.19,-4.99
52425,1925,28592,165,99931,35.00,-7.22,-4.99
52447,1972,28592,155,99931,35.00,-7.22,-4.98
52469,1987,28592,155,99931,35.00,-7.19,-5.04
52491,2655,28592,156,99931,35.00,-7.22,-4.97
52513,2377,28592,155,99931,35.00,-7.23,-5.00
52535,2695,28592,171,99931,35.00,-7.21,-4.99
52557,1880,28592,157,99931,35.00,-7.21,-4.97
52579,2133,28592,173,99931,35.00,-7.24,-4.95
52620,2223,28592,191,99931,35.00,-7.20,-4.97
52642,2164,28592,201,99931,35.00,-7.22,-4.97
52664,2245,28592,212,99931,35.00,-7.22,-4.98
52686,2281,28592,207,99931,35.00,-7.22,-5.01
52708,2675,28080,199,99931,35.00,-7.24,-5.00
52730,2378,28592,181,99931,35.00,-7.24,-4.94
52752,2375,28592,167,99931,35.00,-7.25,-4.99
52774,2001,28592,155,99931,35.00,-7.24,-4.98
52796,2205,28592,165,99931,35.00,-7.21,-4.99
52818,1598,28592,159,99931,35.00,-7.24,-4.98
52840,1461,28592,171,99931,35.00,-7.23,-4.97
52881,1545,28592,187,99931,35.00,-7.22,-4.98
52903,1725,28592,200,99931,35.00,-7.22,-4.96
52925,1545,28592,184,99931,35.00,-7.21,-4.99
52947,1525,28592,181,99931,35.00,-7.22,-4.99
52969,1311,28592,166,99931,35.00,-7.25,-4.97
52991,1581,28592,154,99931,35.00,-7.23,-5.02
53374,1592,28784,146,99931,34.78,-7.21,-4.98
53402,967,28592,90,99931,35.00,-7.21,-4.97
53424,1489,28592,135,99931,35.00,-7.24,-5.01
53446,1498,28592,149,99931,35.00,-7.21,-4.99
53468,1933,28592,142,99931,35.00,-7.27,-4.94
53490,2129,28592,138,99931,35.00,-7.25,-4.97
53512,2860,28592,135,99931,35.00,-7.25,-4.98
53534,2825,28592,136,99931,35.00,-7.20,-4.98
53556,2227,28592,125,99931,35.00,-7.24,-5.02
53578,2441,28592,138,99966,35.00,-7.18,-5.00
53600,2717,28592,153,99960,35.00,-7.23,-4.98
53622,2645,28592,171,99960,35.00,-7.26,-4.97
53663,2309,28592,175,99960,35.00,-7.22,-4.98
53685,2936,28080,202,99960,35.00,-7.20,-5.00
53707,2991,28592,215,99960,35.00,-7.22,-4.96
53729,3119,28592,201,99960,35.00,-7.23,-4.96
53751,2877,28592,185,99960,35.00,-7.19,-4.95
53773,3341,28592,184,99960,35.00,-7.22,-5.00
53795,3144,28784,183,99960,35.00,-7.19,-4.99
53817,2693,28784,173,99960,35.00,-7.24,-4.98
53839,2297,28592,173,99960,35.00,-7.26,-4.96
53861,2119,28592,175,99960,35.00,-7.25,-4.98
53903,1928,28592,189,99960,35.00,-7.21,-5.00
53925,1738,28592,183,99960,35.00,-7.20,-4.97
53947,1643,28784,189,99960,35.00,-7.22,-4.97
53969,1869,28784,185,99960,35.00,-7.24,-4.95
53991,1655,28592,167,99960,35.00,-7.23,-4.95
54395,1421,28784,149,99960,35.80,-7.22,-4.97
54425,2100,28592,133,99960,35.00,-7.22,-5.01
54447,1865,28592,168,99960,35.00,-7.22,-4.97
54469,2059,28592,172,99960,35.00,-7.22,-4.98
54491,2523,28784,167,99960,35.00,-7.22,-4.97
54513,1977,28784,151,99960,35.00,-7.26,-4.98
54535,2405,28784,155,99960,35.00,-7.23,-4.99
54557,2261,28592,153,99960,35.00,-7.19,-4.99
54579,1939,28784,140,99960,35.00,-7.25,-5.01
54601,1519,28784,141,99960,35.00,-7.23,-4.98
54623,1629,28784,151,99960,35.00,-7.22,-4.95
54665,1655,28784,169,99960,35.00,-7.20,-4.99
54687,1717,28592,169,99960,35.00,-7.26,-4.96
54709,1635,28592,167,99960,35.00,-7.22,-4.99
54731,1706,28592,163,99960,35.00,-7.22,-4.98
54753,1813,28592,147,99960,35.00,-7.25,-4.97
54775,1907,28592,135,99960,35.00,-7.25,-5.01
54797,1887,28784,137,99960,35.00,-7.22,-4.94
54819,1791,28784,133,99960,35.00,-7.28,-4.95
54841,1935,28784,143,99960,35.00,-7.26,-4.97
54863,1523,28784,147,99960,35.00,-7.24,-4.97
54906,1311,28784,153,99960,35.00,-7.21,-5.00
54928,1887,28784,181,99960,35.00,-7.25,-4.96
54950,1965,28784,181,99960,35.00,-7.24,-4.95
54972,2129,28784,173,99960,35.00,-7.24,-4.95
54994,2076,28784,165,99960,35.00,-7.25,-4.99
55416,2587,28784,159,99960,35.71,-7.23,-5.01
55447,1379,28592,115,99960,35.00,-7.23,-4.99
55469,1177,28592,146,99960,35.00,-7.20,-4.97
55491,1315,28592,147,99960,35.00,-7.26,-4.97
55513,1213,28592,131,99960,35.00,-7.23,-4.98
55535,1425,28784,127,99960,35.00,-7.22,-4.96
55557,1362,28784,109,99960,35.00,-7.20,-4.95
55579,1673,28784,119,99960,35.00,-7.26,-4.97
55601,1845,28784,125,99960,35.00,-7.23,-5.01
55623,1973,28784,149,99960,35.00,-7.26,-5.00
55645,2121,28784,157,99960,35.00,-7.27,-5.01
55687,2195,28784,175,99960,35.00,-7.24,-4.96
55709,2430,28784,186,99960,35.00,-7.22,-5.00
55731,2680,28784,201,99960,35.00,-7.17,-4.96
55753,2405,28784,184,99960,35.00,-7.22,-5.01
55775,2811,28784,180,99960,35.00,-7.23,-5.01
55797,3091,28784,173,99960,35.00,-7.27,-5.00
55819,2343,28784,157,99960,35.00,-7.20,-4.96
55841,2138,28784,155,99960,35.00,-7.19,-4.95
55863,2602,28784,175,99960,35.00,-7.23,-5.04
55885,2769,28784,200,99960,35.00,-7.24,-5.01
55907,2456,28592,202,99960,35.00,-7.23,-4.94
55948,2339,28592,203,99960,35.00,-7.20,-5.00
55970,1577,28784,189,99960,35.00,-7.22,-4.98
55992,1509,28784,191,99960,35.00,-7.28,-4.98
56437,1215,28784,169,99960,36.88,-7.19,-4.98
56469,1509,28592,121,99960,35.00,-7.23,-4.96
56491,1187,28592,159,99960,35.00,-7.18,-5.00
56513,1353,28784,158,99960,35.00,-7.24,-5.00
56535,1624,28592,155,99960,35.00,-7.26,-4.96
56557,1811,28592,147,99960,35.00,-7.25,-4.95
56579,1875,28592,133,99960,35.00,-7.21,-4.95
56601,1949,28592,141,99960,35.00,-7.23,-4.97
56623,2039,28592,148,99960,35.00,-7.24,-4.99
56645,2005,28592,143,99960,35.00,-7.19,-4.95
56667,1935,28592,159,99960,35.00,-7.23,-4.96
56689,1599,28592,169,99960,35.00,-7.20,-4.95
56730,1773,28592,181,99960,35.00,-7.23,-4.99
56752,2015,28592,183,99960,35.00,-7.23,-5.03
56774,1942,28592,197,99960,35.00,-7.24,-4.96
56796,2013,28592,167,99960,35.00,-7.24,-5.00
56818,2013,28592,155,99960,35.00,-7.21,-4.99
56840,2094,28592,149,99960,35.00,-7.23,-4.99
56862,2039,28592,149,99960,35.00,-7.20,-5.00
56884,1830,28592,141,99960,35.00,-7.27,-4.98
56906,1833,28592,157,99960,35.00,-7.22,-4.95
56928,1720,28592,154,99960,35.00,-7.24,-4.98
56971,1529,28784,171,99960,35.00,-7.23,-4.96
56993,1701,28592,171,99960,35.00,-7.28,-4.97
57714,1743,28592,173,99960,35.65,-7.24,-4.94
57752,1822,28592,183,99960,35.00,-7.22,-4.95
57774,1815,28592,181,99960,35.00,-7.22,-5.00
57796,1945,28784,179,99960,35.00,-7.25,-4.99
57818,1934,28784,169,99960,35.00,-7.21,-4.96
57840,1947,28592,155,99960,35.00,-7.22,-4.98
57862,1939,28784,141,99960,35.00,-7.25,-5.04
57884,1927,28784,137,99960,35.00,-7.27,-4.97
57906,1805,28784,137,99960,35.00,-7.31,-5.00
57928,1688,28784,151,99960,35.00,-7.23,-4.99
57950,1594,28784,157,99960,35.00,-7.24,-4.96
57972,1483,28592,169,99960,35.00,-7.21,-5.00
58735,1711,28592,173,99960,35.52,-7.24,-4.96
58775,1527,28592,163,99960,35.00,-7.21,-4.97
58797,1501,28784,163,99960,35.00,-7.24,-5.00
58819,1659,28784,159,99960,35.00,-7.22,-4.98
58841,1783,28784,143,99960,35.00,-7.25,-4.96
58863,1700,29296,126,99960,35.00,-7.22,-4.96
58885,1911,28784,135,99960,35.00,-7.22,-4.99
58907,1595,28784,124,99960,35.00,-7.26,-4.97
58929,1555,28784,125,99960,35.00,-7.24,-4.93
58951,1491,28784,139,99960,35.00,-7.25,-4.99
58973,1568,28784,149,99960,35.00,-7.24,-4.97
59757,1723,28784,165,99960,35.26,-7.23,-4.96
59797,1269,28784,175,99960,35.00,-7.21,-4.99
59819,1263,28784,172,99960,35.00,-7.25,-5.02
59841,1269,28784,155,99960,35.00,-7.22,-4.97
59863,1227,28784,146,99960,35.00,-7.24,-4.97
59885,1098,28784,123,99960,35.00,-7.25,-5.01
59907,1109,28784,117,99960,35.00,-7.28,-4.98
59929,1006,28784,125,99960,35.00,-7.28,-4.99
59951,757,29296,110,99960,35.00,-7.22,-4.97
59973,665,29296,120,99960,35.00,-7.22,-4.96
59995,588,29296,131,99960,35.00,-7.26,-4.97
60523,647,29296,133,99960,35.39,-7.20,-4.97
60559,2979,29296,188,99960,35.00,-7.21,-5.01
60581,2711,28784,215,99960,35.00,-7.25,-4.96
60603,2812,28784,211,99960,35.00,-7.22,-4.96
60625,2571,29296,197,99960,35.00,-7.26,-4.98
60647,2427,28784,174,99960,35.00,-7.22,-5.00
60669,2268,29296,171,99960,35.00,-7.19,-4.96
60691,2334,29296,169,99960,35.00,-7.23,-5.00
60713,2189,29296,173,99960,35.00,-7.22,-4.96
60735,1957,29296,176,99960,35.00,-7.26,-4.96
60757,1829,28784,188,99960,35.00,-7.21,-4.96
60779,1789,29296,197,99960,35.00,-7.23,-4.96
60820,1776,29296,187,99960,35.00,-7.24,-4.99
60842,1769,29296,185,99960,35.00,-7.20,-4.97
60864,1747,29296,175,99960,35.00,-7.20,-4.99
60886,1573,29296,155,99960,35.00,-7.21,-4.96
60908,1491,29296,147,99960,35.00,-7.20,-5.00
60930,1458,29296,136,99960,35.00,-7.23,-4.94
60952,1322,29296,137,99960,35.00,-7.19,-4.97
60974,1181,28784,140,99960,35.00,-7.24,-4.91
60996,1197,28784,153,99960,35.00,-7.19,-4.96
61544,1368,28784,167,99960,35.03,-7.20,-4.99
61582,955,28784,104,99960,35.00,-7.24,-4.97
61604,1321,29296,121,99960,35.00,-7.23,-4.96
61626,1671,29296,118,99960,35.00,-7.25,-4.99
61648,1966,29296,111,99960,35.00,-7.24,-4.96
61670,2073,29296,114,99960,35.00,-7.24,-4.96
61692,2212,29296,117,99960,35.00,-7.22,-5.00
61714,2408,29296,133,99960,35.00,-7.21,-4.99
61736,2542,29296,143,99960,35.00,-7.26,-4.99
61758,2703,29296,168,99960,35.00,-7.22,-4.97
61780,2844,29296,183,99960,35.00,-7.27,-4.97
61822,3103,29296,198,99960,35.00,-7.22,-4.97
61844,3241,29296,205,99960,35.00,-7.23,-4.99
61866,3231,29296,204,99960,35.00,-7.24,-5.00
61888,3167,29296,189,99960,35.00,-7.24,-4.96
61910,3239,29296,175,99960,35.00,-7.18,-4.94
61932,3037,29296,173,99960,35.00,-7.25,-4.96
61954,2759,29296,167,99960,35.00,-7.19,-5.01
61976,2536,29296,182,99960,35.00,-7.21,-5.00
61998,2356,29296,184,99960,35.00,-7.25,-4.96
62020,2323,29296,205,99960,35.00,-7.25,-4.97
62042,2234,29296,204,99960,35.00,-7.21,-4.95
62083,2119,29296,201,99960,35.00,-7.25,-4.98
62105,1779,29296,179,99960,35.00,-7.24,-4.96
62127,1605,29296,165,99960,35.00,-7.29,-5.00
62149,1443,29296,141,99960,35.00,-7.22,-4.97
62171,1327,29296,134,99960,35.00,-7.24,-4.95
62193,1207,29296,119,99960,35.00,-7.23,-4.97
62215,1107,29296,121,99960,35.00,-7.22,-4.93
62237,893,29296,126,99960,35.00,-7.22,-4.97
62259,891,29296,137,99960,35.00,-7.24,-4.99
62281,729,29296,141,99960,35.00,-7.24,-4.99
62323,827,29296,143,99960,35.00,-7.26,-5.00
62345,1259,29296,141,99960,35.00,-7.25,-4.97
62367,1362,29296,127,99960,35.00,-7.21,-4.96
62389,1319,29296,121,99960,35.00,-7.24,-5.00
62411,1416,29296,107,99960,35.00,-7.21,-5.01
62433,1495,29296,105,99960,35.00,-7.23,-4.99
62455,1611,28784,117,99960,35.00,-7.25,-4.95
62477,1581,29296,125,99960,35.00,-7.26,-5.01
62499,1735,28784,139,99960,35.00,-7.25,-5.01
62521,1847,29296,159,99960,35.00,-7.23,-4.98
62543,1957,29296,169,99960,35.00,-7.24,-4.96
62584,2291,29296,175,99960,35.00,-7.20,-4.94
62606,2341,29296,184,99960,35.00,-7.23,-4.95
62628,2445,29296,172,99960,35.00,-7.21,-4.97
62650,2505,29296,169,99960,35.00,-7.24,-4.96
62672,2524,29296,164,99960,35.00,-7.24,-4.99
62694,2532,29296,159,99960,35.00,-7.24,-4.96
62716,2521,29296,171,99960,35.00,-7.22,-4.97
62738,2495,29296,183,99960,35.00,-7.23,-4.97
62760,2415,29296,191,99960,35.00,-7.26,-4.98
62782,2079,29296,199,99960,35.00,-7.27,-5.04
62825,2107,29296,200,99960,35.00,-7.25,-4.99
62847,2303,29296,191,99960,35.00,-7.20,-4.97
62869,2231,29296,183,99960,35.00,-7.22,-5.00
62891,2151,29296,167,99960,35.00,-7.22,-4.99
62913,2107,29296,164,99960,35.00,-7.22,-5.00
62935,1965,29296,163,99960,35.00,-7.22,-4.95
62957,1851,29296,157,99960,35.00,-7.23,-4.96
62979,1548,29296,156,99960,35.00,-7.22,-5.00
63585,1207,29296,157,99960,35.78,-7.19,-5.02
63627,1129,28784,139,99960,35.00,-7.24,-4.99
63649,1029,28784,124,99960,35.00,-7.22,-4.96
63671,1133,29296,115,99960,35.00,-7.21,-4.98
63693,1300,29296,104,99960,35.00,-7.25,-4.96
63715,1305,29296,101,99960,35.00,-7.24,-5.01
63737,1343,29296,105,99960,35.00,-7.24,-4.97
63759,1318,29296,112,99960,35.00,-7.25,-5.00
63781,1448,29296,124,99960,35.00,-7.25,-4.95
63803,1639,29296,145,99960,35.00,-7.24,-4.96
63825,1759,29296,155,99960,35.00,-7.24,-5.00
63867,2006,29296,163,99960,35.00,-7.23,-5.02
63889,2409,28784,166,99960,35.00,-7.21,-4.99
63911,2611,29296,163,99960,35.00,-7.21,-4.96
63933,2841,29296,159,99960,35.00,-7.26,-4.95
63955,3003,29296,167,99960,35.00,-7.23,-4.99
63977,2867,29296,165,99960,35.00,-7.27,-5.02
63999,2839,29296,174,99960,35.00,-7.28,-4.98
64021,2718,29296,185,99960,35.00,-7.25,-4.98
64043,2549,29296,197,99960,35.00,-7.22,-4.99
64065,2421,28784,203,99960,35.00,-7.21,-4.96
64087,2461,29296,215,99960,35.00,-7.24,-5.00
64128,2515,29296,207,99960,35.00,-7.24,-4.96
64150,2264,28784,187,99960,35.00,-7.24,-4.99
64172,2215,28784,188,99960,35.00,-7.23,-4.97
64194,2069,29296,155,99960,35.00,-7.24,-4.96
64216,1938,29296,153,99960,35.00,-7.21,-4.99
64238,1739,29296,147,99960,35.00,-7.22,-4.98
64260,1541,29296,149,99960,35.00,-7.21,-4.97
64282,1315,29296,151,99960,35.00,-7.23,-4.99
64304,1099,29296,155,99960,35.00,-7.24,-4.94
64326,983,28784,155,99960,35.00,-7.27,-4.96
64368,975,29296,155,99960,35.00,-7.25,-5.01
64390,1101,29296,139,99960,35.00,-7.25,-4.99
64412,1078,29296,121,99960,35.00,-7.22,-4.96
64434,1080,28784,111,99960,35.00,-7.25,-4.95
64456,1078,28784,105,99960,35.00,-7.26,-5.00
64478,904,28784,99,99960,35.00,-7.23,-5.01
64500,968,29296,107,99960,35.00,-7.25,-5.00
64522,1079,29296,119,99960,35.00,-7.22,-5.00
64544,1077,29296,131,99960,35.00,-7.23,-4.98
64566,1241,29296,149,99960,35.00,-7.22,-5.02
64588,1337,29296,151,99960,35.00,-7.24,-4.98
64629,1469,29296,139,99960,35.00,-7.24,-4.97
64651,1885,29296,141,99960,35.00,-7.17,-4.97
64673,2024,29296,133,99960,35.00,-7.26,-4.97
64695,2133,29296,133,99960,35.00,-7.25,-4.99
64717,2664,29296,143,99960,35.00,-7.21,-5.01
64739,2318,29296,137,99960,35.00,-7.22,-4.96
64761,2324,29296,151,99960,35.00,-7.22,-4.95
64783,2249,28784,159,99960,35.00,-7.16,-5.00
64805,2355,28784,173,99960,35.00,-7.26,-4.96
64827,2331,28784,182,99960,35.00,-7.25,-4.97
64870,2577,28784,196,99960,35.00,-7.24,-4.98
64892,2728,28784,183,99960,35.00,-7.19,-4.98
64914,2654,28784,173,99960,35.00,-7.22,-4.94
64936,2686,28784,167,99960,35.00,-7.23,-4.95
64958,2458,28784,157,99960,35.00,-7.23,-4.99
64980,2363,28784,159,99960,35.00,-7.25,-5.01
65372,2163,28784,167,99960,35.64,-7.25,-4.97
65411,1964,29296,152,99960,35.00,-7.21,-5.00
65433,1705,29296,163,99960,35.00,-7.20,-4.96
65455,1413,29296,139,99960,35.00,-7.24,-4.97
65477,1719,29296,133,99960,35.00,-7.21,-4.93
65499,2129,29296,137,99960,35.00,-7.19,-4.97
65521,2187,29296,141,99960,35.00,-7.25,-4.96
65543,1897,29296,153,99960,35.00,-7.22,-4.99
65565,1658,29296,154,99960,35.00,-7.21,-4.97
65587,1705,29296,169,99960,35.00,-7.25,-4.97
65609,1803,29296,175,99960,35.00,-7.26,-5.02
65652,1853,29296,173,99960,35.00,-7.24,-5.00
65674,1917,29296,155,99960,35.00,-7.25,-4.97
65696,1901,29296,151,99960,35.00,-7.24,-4.99
65718,1813,29296,137,99960,35.00,-7.23,-4.93
65740,1749,29296,133,99960,35.00,-7.22,-4.97
65762,1681,29296,135,99960,35.00,-7.27,-4.97
65784,1587,29296,141,99960,35.00,-7.23,-5.04
65806,1575,29296,151,99960,35.00,-7.18,-4.99
65828,1583,30064,169,99960,35.00,-7.22,-5.00
65850,1612,29296,172,99960,35.00,-7.22,-5.00
65892,1700,29296,171,99960,35.00,-7.24,-4.99
65914,1834,29296,155,99960,35.00,-7.24,-4.97
65936,1901,29296,149,99960,35.00,-7.26,-4.98
65958,1959,30064,141,99960,35.00,-7.22,-4.93
65980,1805,29296,135,99960,35.00,-7.24,-4.98
66393,1796,30064,139,99960,36.52,-7.21,-4.98
66433,1855,29296,164,99960,35.00,-7.26,-4.98
66455,1675,29296,155,99960,35.00,-7.27,-5.00
66477,1612,30064,151,99960,35.00,-7.23,-4.98
66499,1607,30064,137,99960,35.00,-7.22,-4.98
66521,1499,30064,126,99960,35.00,-7.24,-4.96
66543,1591,30064,134,99960,35.00,-7.24,-4.98
66565,1541,30064,147,99960,35.00,-7.22,-4.97
66587,1469,30064,151,99960,35.00,-7.19,-4.98
66609,1355,30064,167,99960,35.00,-7.23,-4.97
66631,1396,30064,172,99960,35.00,-7.20,-4.92
66653,1620,30064,167,99960,35.00,-7.23,-4.99
66694,1749,30064,159,99960,35.00,-7.24,-5.01
66716,1909,30064,163,99960,35.00,-7.24,-4.98
66738,1932,30064,149,99960,35.00,-7.22,-5.00
66760,2019,30064,143,99960,35.00,-7.24,-4.97
66782,1854,30064,136,99960,35.00,-7.26,-4.93
66804,1723,30064,139,99960,35.00,-7.21,-4.98
66826,1653,30064,146,99960,35.00,-7.24,-4.99
66848,1775,30064,155,99960,35.00,-7.23,-4.94
66870,1787,29296,169,99960,35.00,-7.23,-4.99
66892,1845,29296,173,99960,35.00,-7.22,-4.97
66935,1983,29296,181,99960,35.00,-7.22,-5.00
66957,2005,29296,157,99960,35.00,-7.24,-5.00
66979,2063,30064,149,99960,35.00,-7.23,-4.96
67414,1999,30064,139,99960,36.43,-7.25,-4.99
67456,1607,30064,149,99960,35.00,-7.26,-4.99
67478,1635,30064,139,99960,35.00,-7.21,-5.00
67500,1635,30064,123,99960,35.00,-7.20,-4.98
67522,1771,30064,121,99960,35.00,-7.24,-4.97
67544,1651,30064,119,99960,35.00,-7.24,-5.01
67566,1573,30064,121,99960,35.00,-7.22,-4.97
67588,1593,30064,137,99960,35.00,-7.21,-4.99
67610,1555,30064,147,99960,35.00,-7.24,-4.96
67632,1691,30064,158,99960,35.00,-7.24,-4.96
67654,1821,30064,159,99960,35.00,-7.26,-4.96
67696,1878,30064,160,99960,35.00,-7.25,-4.95
67718,2063,30064,155,99960,35.00,-7.22,-4.98
67740,2125,30064,142,99960,35.00,-7.24,-5.01
67762,2109,30064,136,99960,35.00,-7.24,-4.97
67784,2175,30064,132,99960,35.00,-7.25,-4.97
67806,2080,30064,137,99960,35.00,-7.24,-5.00
67828,2009,30064,143,99960,35.00,-7.24,-4.98
67850,1915,30064,165,99960,35.00,-7.22,-4.97
67872,1933,30064,171,99960,35.00,-7.26,-5.00
67894,2028,30064,180,99960,35.00,-7.24,-5.00
67916,2100,30064,179,99960,35.00,-7.24,-4.97
67957,2135,30576,165,99960,35.00,-7.23,-5.03
67979,2143,30064,165,99960,35.00,-7.23,-5.01
68689,2217,30064,154,99960,36.03,-7.21,-4.99
68719,1720,30064,151,99960,35.00,-7.20,-4.98
68741,1979,30576,157,99960,35.00,-7.21,-4.94
68763,2030,30576,142,99960,35.00,-7.22,-4.94
68785,1893,30576,141,99960,35.00,-7.24,-4.98
68807,1805,30576,138,99960,35.00,-7.25,-4.94
68829,1770,30576,151,99960,35.00,-7.22,-4.97
68851,1775,30576,160,99960,35.00,-7.21,-5.00
68873,1641,30576,173,99960,35.00,-7.23,-4.96
68895,1581,30576,175,99960,35.00,-7.23,-4.96
68917,1576,30576,171,99960,35.00,-7.21,-5.00
68959,1669,30576,165,99960,35.00,-7.24,-4.98
68981,1767,30576,155,99960,35.00,-7.25,-4.97
69710,1739,30576,139,99960,36.07,-7.23,-4.97
69741,1719,30576,145,99960,35.00,-7.22,-4.95
69763,1932,30576,153,99960,35.00,-7.24,-4.99
69785,1965,30576,136,99960,35.00,-7.24,-4.94
69807,1836,30576,125,99960,35.00,-7.23,-5.00
69829,1781,30576,119,99960,35.00,-7.23,-4.94
69851,1695,30576,139,99960,35.00,-7.24,-4.96
69873,1629,30576,141,99960,35.00,-7.24,-4.92
69895,1592,30576,160,99960,35.00,-7.24,-4.96
69917,1604,30576,157,99960,35.00,-7.19,-4.96
69939,1705,30576,168,99960,35.00,-7.22,-4.99
69961,1785,30576,154,99960,35.00,-7.24,-4.91
70731,1875,30576,154,99960,35.54,-7.23,-4.98
70764,2004,30576,142,99960,35.00,-7.23,-4.97
70786,2219,30576,140,99960,35.00,-7.20,-4.97
70808,2265,30576,142,99960,35.00,-7.21,-4.97
70830,2235,30576,139,99960,35.00,-7.19,-4.96
70852,2125,30576,147,99960,35.00,-7.19,-4.99
70874,2052,30576,155,99960,35.00,-7.22,-4.94
70896,2014,30576,166,99960,35.00,-7.26,-4.97
70918,1926,30576,177,99960,35.00,-7.22,-4.99
70940,2010,30576,185,99960,35.00,-7.22,-4.96
70962,2131,30576,180,99960,35.00,-7.23,-5.02
71504,2260,30576,173,99960,35.02,-7.23,-4.97
71546,1587,30576,137,99960,35.00,-7.25,-4.95
71568,1747,30576,120,99960,35.00,-7.26,-5.00
71590,1608,30576,111,99960,35.00,-7.24,-4.94
71612,1607,30960,117,99960,35.00,-7.19,-4.96
71634,1546,30960,118,99960,35.00,-7.26,-5.01
71656,1509,30960,135,99960,35.00,-7.27,-4.99
71678,1525,30960,148,99960,35.00,-7.21,-4.96
71700,1581,30960,151,99960,35.00,-7.25,-4.99
71722,1707,30960,159,99960,35.00,-7.21,-4.96
71744,1879,30960,156,99960,35.00,-7.23,-5.00
71786,1944,30960,147,99960,35.00,-7.24,-4.97
71808,1997,30576,136,99960,35.00,-7.22,-4.98
71830,2013,30960,125,99960,35.00,-7.24,-4.96
71852,2040,30960,133,99960,35.00,-7.25,-4.96
71874,2013,30960,125,99960,35.00,-7.19,-4.99
71896,1897,30960,142,99960,35.00,-7.25,-5.00
71918,1883,30960,155,99960,35.00,-7.23,-4.97
71940,1915,30960,172,99960,35.00,-7.26,-4.96
71962,2038,30960,173,99960,35.00,-7.26,-4.95
71984,2084,30960,171,99960,35.00,-7.23,-4.99
72517,2093,30960,157,99960,35.41,-7.24,-4.96
72548,1437,30960,146,99960,35.00,-7.24,-4.96
72570,1800,30960,136,99960,35.00,-7.26,-4.98
72592,1813,30960,125,99960,35.00,-7.20,-5.00
72614,1735,30960,123,99960,35.00,-7.23,-4.97
72636,1635,30960,133,99960,35.00,-7.22,-5.00
72658,1517,31472,143,99960,35.00,-7.23,-4.96
72680,1581,30960,155,99960,35.00,-7.23,-4.99
72702,1594,30960,155,99960,35.00,-7.23,-4.99
72724,1746,31472,169,99960,35.00,-7.25,-4.97
72746,1737,31472,155,99960,35.00,-7.24,-4.99
72768,1831,30960,151,99960,35.00,-7.21,-4.98
72809,1916,30960,147,99960,35.00,-7.19,-4.97
72831,1895,31472,135,99960,35.00,-7.23,-4.97
72853,1853,31472,125,99960,35.00,-7.23,-4.95
72875,1817,31472,120,99960,35.00,-7.23,-4.99
72897,1773,31472,147,99960,35.00,-7.23,-5.00
72919,1915,31472,149,99960,35.00,-7.20,-4.97
72941,1769,31472,169,99960,35.00,-7.18,-4.96
72963,1691,31472,165,99960,35.00,-7.23,-4.91
72985,1815,31472,169,99960,35.00,-7.22,-4.94
73537,1949,31472,165,99960,35.23,-7.24,-4.97
73571,1781,30960,142,99960,35.00,-7.18,-4.97
73593,1875,30960,134,99960,35.00,-7.24,-4.99
73615,1907,30960,133,99960,35.00,-7.25,-4.96
73637,1854,31472,133,99960,35.00,-7.29,-4.95
73659,1771,31472,152,99960,35.00,-7.23,-4.99
73681,1788,31472,155,99960,35.00,-7.20,-4.99
73703,1754,31472,167,99960,35.00,-7.21,-4.98
73725,1629,31472,166,99960,35.00,-7.24,-4.94
73747,1641,30960,164,99960,35.00,-7.24,-4.96
73769,1759,30960,152,99960,35.00,-7.23,-4.96
73811,1855,30960,149,99960,35.00,-7.24,-4.93
73833,1767,30960,123,99960,35.00,-7.21,-5.00
73855,1629,30960,120,99960,35.00,-7.21,-4.98
73877,1515,30960,119,99960,35.00,-7.24,-4.98
73899,1573,30960,125,99960,35.00,-7.21,-4.97
73921,1453,30960,138,99960,35.00,-7.24,-4.96
73943,1449,31472,147,99960,35.00,-7.26,-4.96
73965,1481,30960,155,99960,35.00,-7.21,-5.01
73987,1605,30960,158,99960,35.00,-7.25,-4.97
74557,1738,30960,155,99960,34.70,-7.23,-4.96
74593,1977,30960,143,99960,35.00,-7.22,-4.90
74615,1942,30960,146,99960,35.00,-7.24,-4.97
74637,1867,30960,139,99960,35.00,-7.26,-4.99
74659,1723,30960,145,99960,35.00,-7.23,-4.99
74681,1647,30960,147,99960,35.00,-7.20,-4.97
74703,1387,30960,147,99960,35.00,-7.21,-4.96
74725,1317,30960,159,99960,35.00,-7.24,-4.96
74747,1429,30960,163,99960,35.00,-7.21,-4.96
74769,1513,30960,167,99960,35.00,-7.17,-5.01
74791,1541,30960,153,99960,35.00,-7.21,-4.98
74813,1471,30960,139,99960,35.00,-7.23,-4.98
74854,1445,30960,124,99960,35.00,-7.25,-4.96
74876,1273,30576,115,99960,35.00,-7.27,-5.03
74898,1481,30960,111,99960,35.00,-7.26,-5.00
74920,1395,30960,111,99960,35.00,-7.22,-5.01
74942,1245,30960,123,99960,35.00,-7.23,-4.97
74964,1221,30960,127,99960,35.00,-7.23,-5.00
74986,1279,30960,145,99960,35.00,-7.21,-4.96
75578,1421,30960,151,99960,35.33,-7.19,-4.96
75616,1966,30960,132,99960,35.00,-7.27,-4.95
75638,2031,30576,137,99960,35.00,-7.23,-4.98
75660,1971,30960,135,99960,35.00,-7.19,-5.01
75682,1980,30960,139,99960,35.00,-7.21,-4.98
75704,1864,30960,153,99960,35.00,-7.22,-4.97
75726,1627,30960,159,99960,35.00,-7.24,-5.02
75748,1559,30960,173,99960,35.00,-7.21,-4.95
75770,1617,30960,169,99960,35.00,-7.23,-5.03
75792,1701,30960,167,99960,35.00,-7.24,-5.01
75814,1703,30960,149,99960,35.00,-7.22,-5.00
75856,1773,30960,146,99960,35.00,-7.22,-4.96
75878,1807,30960,125,99960,35.00,-7.20,-4.99
75900,1725,30960,123,99960,35.00,-7.21,-4.96
75922,1641,30960,123,99960,35.00,-7.19,-4.99
75944,1595,30960,136,99960,35.00,-7.23,-4.91
75966,1467,30960,155,99960,35.00,-7.27,-5.00
75988,1511,30960,159,99960,35.00,-7.24,-4.97
76350,1571,30960,167,99960,35.05,-7.19,-4.97
76378,1821,30960,169,99960,35.00,-7.21,-4.99
76400,1916,30576,135,99960,35.00,-7.22,-4.94
76422,2207,30960,135,99960,35.00,-7.27,-4.98
76444,1879,30960,135,99960,35.00,-7.20,-4.95
76466,1772,30960,147,99960,35.00,-7.23,-4.97
76488,1740,30960,163,99960,35.00,-7.22,-4.97
76510,1769,30960,165,99960,35.00,-7.23,-4.95
76532,1879,30960,172,99960,35.00,-7.25,-4.94
76554,1997,30960,171,99960,35.00,-7.17,-4.95
76576,1998,30960,155,99960,35.00,-7.22,-4.98
76618,1955,30960,149,99960,35.00,-7.20,-4.99
76640,2089,30960,140,99960,35.00,-7.25,-4.95
76662,2031,30960,133,99960,35.00,-7.20,-5.00
76684,1958,30960,145,99960,35.00,-7.24,-4.99
76706,1755,30960,143,99960,35.00,-7.21,-4.98
76728,1706,30960,159,99960,35.00,-7.29,-4.97
76750,1721,30960,172,99960,35.00,-7.21,-4.96
76772,1845,30960,178,99960,35.00,-7.25,-4.98
76794,1915,30960,173,99960,35.00,-7.23,-4.97
76816,1813,30960,163,99960,35.00,-7.19,-5.02
76859,1801,30960,142,99960,35.00,-7.22,-5.01
76881,2139,30960,143,99960,35.00,-7.28,-5.00
76903,1966,30960,136,99960,35.00,-7.22,-4.96
76925,1763,30960,141,99960,35.00,-7.19,-4.99
76947,1606,30960,151,99960,35.00,-7.21,-4.97
76969,1559,30960,164,99960,35.00,-7.25,-4.98
76991,1558,30960,168,99960,35.00,-7.27,-4.94
77363,1687,30960,175,99960,34.67,-7.26,-4.97
77400,1463,30960,120,99960,35.00,-7.24,-5.02
77422,1321,30960,117,99960,35.00,-7.23,-4.99
77444,1215,30960,115,99960,35.00,-7.20,-5.00
77466,1149,31472,123,99960,35.00,-7.22,-4.97
77488,905,30960,125,99960,35.00,-7.23,-4.94
77510,1325,30960,147,99960,35.00,-7.21,-5.00
77532,1191,30960,150,99960,35.00,-7.23,-5.02
77554,1572,30960,163,99960,35.00,-7.24,-5.01
77576,1519,30960,146,99960,35.00,-7.24,-4.91
77598,1243,30960,131,99960,35.00,-7.23,-4.94
77640,3277,30960,156,99960,35.00,-7.23,-4.99
77662,1784,30576,127,99960,35.00,-7.25,-4.99
77684,1565,30576,112,99960,35.00,-7.26,-4.95
77706,1516,30576,117,99960,35.00,-7.23,-4.98
77728,1641,30064,135,99960,35.00,-7.19,-4.97
77750,1656,30576,143,99960,35.00,-7.23,-4.98
77772,1690,30576,159,99960,35.00,-7.21,-5.01
77794,1899,30576,167,99960,35.00,-7.22,-4.96
77816,2012,30576,169,99960,35.00,-7.20,-4.98
77838,2275,30576,157,99960,35.00,-7.25,-4.98
77860,2223,30576,154,99960,35.00,-7.23,-4.97
77901,2579,30576,157,99960,35.00,-7.23,-4.99
77923,3719,30576,211,99960,35.00,-7.25,-4.97
77945,3859,30576,209,99960,35.00,-7.24,-4.95
77967,1187,30576,145,99960,35.00,-7.23,-4.96
77989,1453,30576,140,99960,35.00,-7.25,-5.01
78383,1114,30576,141,99960,35.58,-7.23,-4.96
78422,2443,30576,153,99960,35.00,-7.23,-5.00
78444,2715,30576,169,99960,35.00,-7.23,-4.98
78466,2645,30576,169,99960,35.00,-7.24,-4.98
78488,2485,30576,172,99960,35.00,-7.22,-4.98
78510,2139,30576,167,99960,35.00,-7.21,-4.96
78532,2089,30576,183,99960,35.00,-7.24,-4.99
78554,1837,30576,183,99960,35.00,-7.19,-5.01
78576,1849,30576,183,99960,35.00,-7.26,-4.97
78598,1762,30576,167,99960,35.00,-7.22,-5.00
78620,1662,30576,157,99960,35.00,-7.25,-4.96
78642,1465,30576,134,99960,35.00,-7.19,-5.03
78683,1507,30576,137,99960,35.00,-7.24,-4.99
78705,1555,30576,139,99960,35.00,-7.23,-4.99
78727,1639,30576,145,99960,35.00,-7.21,-4.98
78749,1695,30576,153,99960,35.00,-7.24,-4.96
78771,1489,30576,163,99960,35.00,-7.22,-4.95
78793,1171,30576,169,99960,35.00,-7.25,-4.96
78815,1001,30576,165,99960,35.00,-7.24,-4.98
78837,1135,30576,165,99960,35.00,-7.23,-4.98
78859,1321,30576,165,99960,35.00,-7.26,-4.98
78881,1355,30576,143,99960,35.00,-7.25,-5.01
78923,1209,30576,119,99960,35.00,-7.24,-4.99
78945,1115,30576,108,99960,35.00,-7.26,-4.98
78967,1159,30576,100,99960,35.00,-7.21,-5.00
78989,903,30576,104,99960,35.00,-7.24,-4.97
79403,819,30576,116,99960,35.88,-7.20,-4.96
79445,2415,30576,157,99960,35.00,-7.24,-4.99
79467,2681,30576,172,99960,35.00,-7.25,-4.96
79489,2426,30960,173,99960,35.00,-7.21,-4.96
79511,2253,30960,181,99960,35.00,-7.23,-4.99
79533,1956,30576,191,99960,35.00,-7.21,-4.93
79555,1862,30960,191,99960,35.00,-7.19,-5.01
79577,1826,30960,201,99960,35.00,-7.24,-5.02
79599,1837,30576,189,99960,35.00,-7.22,-4.97
79621,1981,30960,189,99960,35.00,-7.22,-4.95
79643,2170,30960,179,99960,35.00,-7.24,-4.97
79685,2003,30960,163,99960,35.00,-7.23,-4.98
79707,874,30960,132,99960,35.00,-7.20,-4.95
79729,23,30960,98,99960,35.00,-7.24,-4.96
79751,25,30960,115,99960,35.00,-7.24,-4.93
79773,0,30960,109,99960,35.00,-7.23,-4.97
79795,779,30960,149,99960,35.00,-7.24,-5.00
79817,523,30960,137,99960,35.00,-7.22,-4.99
79839,1335,30960,153,99960,35.00,-7.24,-4.94
79861,1647,30960,151,99960,35.00,-7.25,-4.99
79883,1973,30960,152,99960,35.00,-7.24,-4.98
79905,2205,30960,157,99960,35.00,-7.24,-4.95
79946,2505,30960,179,99960,35.00,-7.21,-5.01
79968,2487,30960,155,99960,35.00,-7.21,-4.95
79990,1817,30960,119,99960,35.00,-7.24,-4.97
80424,1339,30960,115,99960,35.14,-7.24,-4.98
80453,1213,30064,81,99960,35.00,-7.22,-5.02
80475,618,30576,93,99960,35.00,-7.24,-4.97
80497,2195,30576,145,99960,35.00,-7.26,-4.96
80519,2607,30576,170,99960,35.00,-7.22,-4.96
80541,1545,30576,145,99960,35.00,-7.24,-5.00
80563,2189,30576,147,99960,35.00,-7.21,-4.98
80585,3332,30576,157,99960,35.00,-7.22,-4.97
80628,1309,30576,103,99960,35.00,-7.25,-4.98
80650,2279,30064,149,99960,35.00,-7.23,-4.96
80672,1179,30576,105,99960,35.00,-7.24,-4.98
80694,2610,30576,151,99960,35.00,-7.27,-4.98
80716,3059,30064,175,99960,35.00,-7.19,-4.96
80738,2757,30064,199,99960,35.00,-7.21,-4.98
80760,2538,30064,183,99960,35.00,-7.26,-4.96
80782,2389,30064,168,99960,35.00,-7.24,-4.94
80804,2655,30064,173,99960,35.00,-7.29,-4.97
80826,3031,30576,173,99960,35.00,-7.23,-4.96
80868,2356,30576,141,99960,35.00,-7.23,-5.00
80890,2119,30064,143,99960,35.00,-7.20,-4.96
80912,3145,30064,175,99960,35.00,-7.21,-4.99
80934,2603,29296,183,99960,35.00,-7.25,-4.99
80956,3705,28592,211,99960,35.00,-7.26,-4.99
80978,440,27312,157,99960,35.00,-7.21,-4.97
81699,2535,26416,185,99960,35.38,-7.20,-4.97
81730,2055,28784,163,99960,35.00,-7.23,-5.00
81752,1973,28784,136,99960,35.00,-7.23,-5.00
81774,3165,28784,168,99960,35.00,-7.26,-4.98
81796,2806,28784,187,99960,35.00,-7.26,-4.95
81818,3037,28592,190,99960,35.00,-7.24,-5.00
81840,2379,28784,201,99960,35.00,-7.19,-4.99
81862,2509,28784,213,99960,35.00,-7.19,-5.01
81884,1901,28784,197,99960,35.00,-7.24,-4.96
81906,2315,29296,209,99960,35.00,-7.24,-4.98
81928,2791,29296,207,99960,35.00,-7.21,-4.99
81950,2955,29296,203,99960,35.00,-7.22,-4.96
81991,2439,29296,187,99960,35.00,-7.25,-4.97
82719,1977,29296,157,99960,35.14,-7.24,-4.97
82753,1229,30960,187,99960,35.00,-7.25,-4.95
82775,1465,30960,151,99960,35.00,-7.25,-4.95
82797,1023,30960,153,99960,35.00,-7.22,-4.99
82819,1341,30960,169,99960,35.00,-7.19,-4.95
82841,1176,30960,179,99960,35.00,-7.24,-4.99
82863,1236,30960,181,99960,35.00,-7.22,-4.97
82885,1443,30960,197,99960,35.00,-7.21,-4.99
82907,1385,30960,189,99960,35.00,-7.22,-4.98
82929,1297,30960,171,99960,35.00,-7.21,-4.96
82951,1305,30960,159,99960,35.00,-7.23,-4.98
82994,1275,30960,141,99960,35.00,-7.25,-4.98
83740,957,31472,127,99960,34.73,-7.23,-4.98
83775,2991,32240,203,99960,35.00,-7.20,-4.94
83797,2725,32752,171,99960,35.00,-7.22,-4.98
83819,2847,32752,181,99960,35.00,-7.24,-4.98
83841,2937,32752,219,99960,35.00,-7.24,-4.96
83863,2595,32240,207,99960,35.00,-7.24,-4.97
83885,2239,32240,205,99960,35.00,-7.25,-4.98
83907,2087,32752,205,99960,35.00,-7.22,-4.96
83929,1917,32240,201,99960,35.00,-7.23,-4.95
83951,1971,32752,182,99960,35.00,-7.22,-5.00
83973,1945,32752,167,99960,35.00,-7.23,-4.96
83995,1771,32752,149,99960,35.00,-7.22,-4.99
84036,1555,32752,141,99960,35.00,-7.20,-4.95
84058,1587,32752,139,99960,35.00,-7.21,-4.96
84080,1508,32752,154,99960,35.00,-7.24,-4.98
84102,1273,32752,149,99960,35.00,-7.21,-4.92
84124,1021,32752,167,99960,35.00,-7.27,-4.98
84146,1087,32752,163,99960,35.00,-7.24,-4.96
84168,1407,32752,175,99960,35.00,-7.20,-4.96
84190,1215,32752,158,99960,35.00,-7.24,-4.97
84212,1115,32752,147,99960,35.00,-7.19,-4.94
84234,1109,32752,117,99960,35.00,-7.26,-4.96
84277,1191,32752,111,99960,35.00,-7.22,-4.99
84299,1391,32752,115,99960,35.00,-7.21,-5.00
84321,688,32752,125,99960,35.00,-7.19,-4.95
84343,794,32752,126,99960,35.00,-7.25,-4.94
84365,1485,32240,155,99960,35.00,-7.24,-4.96
84387,1809,32240,167,99960,35.00,-7.22,-4.96
84409,1719,32752,160,99960,35.00,-7.20,-4.98
84431,1523,32752,151,99960,35.00,-7.23,-5.01
84453,1779,32752,137,99960,35.00,-7.26,-5.00
84475,1867,32240,136,99960,35.00,-7.25,-4.96
84517,2141,32752,137,99960,35.00,-7.26,-4.98
84539,1827,32752,133,99960,35.00,-7.26,-4.99
84561,2137,32752,151,99960,35.00,-7.23,-4.96
84583,1691,32752,155,99960,35.00,-7.23,-4.94
84605,1341,32752,158,99960,35.00,-7.24,-4.98
84627,1765,32752,169,99960,35.00,-7.25,-4.97
84649,2285,32752,191,99960,35.00,-7.24,-4.96
84671,2225,32752,186,99960,35.00,-7.21,-4.96
84693,2067,32752,181,99960,35.00,-7.25,-4.98
84715,2728,32752,171,99960,35.00,-7.24,-4.98
84737,2698,32752,181,99960,35.00,-7.21,-4.98
84778,2207,32752,165,99960,35.00,-7.20,-4.97
84800,2519,32752,173,99960,35.00,-7.20,-4.98
84822,2303,32240,187,99960,35.00,-7.26,-4.96
84844,2051,32240,184,99960,35.00,-7.19,-4.97
84866,1893,32240,187,99960,35.00,-7.21,-5.01
84888,1783,32240,189,99960,35.00,-7.21,-4.98
84910,2022,32240,199,99960,35.00,-7.19,-4.95
84932,1983,32240,173,99960,35.00,-7.22,-4.96
84954,1835,32240,158,99960,35.00,-7.25,-4.97
84976,1587,32240,133,99960,35.00,-7.26,-4.99
85525,1439,32240,125,99960,34.65,-7.24,-5.00
85560,1657,32240,148,99960,35.00,-7.21,-4.96
85582,1797,32240,121,99960,35.00,-7.25,-5.01
85604,1619,32752,125,99960,35.00,-7.25,-4.97
85626,1519,32240,147,99960,35.00,-7.23,-4.97
85648,1979,32240,184,99960,35.00,-7.25,-5.01
85670,2607,32240,229,99960,35.00,-7.23,-4.97
85692,3493,32240,267,99960,35.00,-7.26,-4.99
85714,3859,32240,270,99960,35.00,-7.21,-4.97
85736,3833,32240,223,99960,35.00,-7.26,-5.02
85758,2725,32240,157,99960,35.00,-7.24,-4.95
85800,2173,32240,140,99960,35.00,-7.25,-5.02
85822,1973,32240,137,99960,35.00,-7.21,-4.97
85844,1723,32240,136,99960,35.00,-7.23,-4.97
85866,1565,32752,148,99960,35.00,-7.20,-5.00
85888,1589,32240,165,99960,35.00,-7.24,-4.99
85910,1702,32240,181,99960,35.00,-7.25,-5.02
85932,1846,32240,189,99960,35.00,-7.27,-4.95
85954,1963,32240,174,99960,35.00,-7.23,-5.01
85976,1917,32752,167,99960,35.00,-7.23,-4.96
85998,2079,32752,158,99960,35.00,-7.25,-4.95
86020,2076,32752,157,99960,35.00,-7.22,-4.96
86061,2024,32240,138,99960,35.00,-7.22,-4.98
86083,1261,32240,105,99960,35.00,-7.21,-4.95
86105,1032,32752,109,99960,35.00,-7.22,-5.01
86127,1193,32240,127,99960,35.00,-7.22,-4.99
86149,1299,32240,149,99960,35.00,-7.21,-4.98
86171,1365,32240,159,99960,35.00,-7.22,-5.00
86193,1515,32240,157,99960,35.00,-7.25,-5.01
86215,1614,32240,141,99960,35.00,-7.23,-5.00
86237,1458,32752,117,99960,35.00,-7.24,-4.98
86259,1169,32240,93,99960,35.00,-7.25,-4.96
86302,996,32752,93,99960,35.00,-7.21,-4.96
86324,1399,32240,117,99960,35.00,-7.24,-5.00
86346,1723,32752,147,99960,35.00,-7.25,-4.94
86368,1981,32752,167,99960,35.00,-7.22,-4.97
86390,1975,32752,178,99960,35.00,-7.26,-4.99
86412,1934,32240,183,99960,35.00,-7.23,-4.97
86434,1947,32240,179,99960,35.00,-7.22,-5.03
86456,2387,32752,184,99960,35.00,-7.22,-5.01
86478,2583,32752,178,99960,35.00,-7.23,-4.94
86500,2421,32752,167,99960,35.00,-7.22,-4.96
86542,2341,32752,172,99960,35.00,-7.23,-4.96
86564,2443,32752,169,99960,35.00,-7.21,-4.93
86586,1899,32752,156,99960,35.00,-7.25,-4.99
86608,1779,32752,165,99960,35.00,-7.19,-5.01
86630,1774,32752,175,99960,35.00,-7.22,-5.02
86652,2003,32752,200,99960,35.00,-7.23,-4.98
86674,2357,32752,200,99960,35.00,-7.24,-4.96
86696,2345,32752,191,99960,35.00,-7.28,-4.99
86718,2325,32752,179,99960,35.00,-7.22,-4.97
86740,2359,32752,163,99960,35.00,-7.21,-4.98
86762,1946,32752,151,99960,35.00,-7.21,-4.93
86803,1769,32240,139,99960,35.00,-7.22,-4.99
86825,1559,32240,135,99960,35.00,-7.20,-4.97
86847,1581,32240,157,99960,35.00,-7.26,-5.00
86869,1449,32240,154,99960,35.00,-7.26,-4.99
86891,1421,32240,175,99960,35.00,-7.28,-4.94
86913,1421,32240,169,99960,35.00,-7.23,-4.98
86935,1563,32240,172,99960,35.00,-7.24,-4.97
86957,1655,31472,157,99960,35.00,-7.23,-4.99
86979,1589,31472,151,99960,35.00,-7.25,-4.96
87565,1427,31472,125,99960,35.30,-7.25,-4.95
87605,1959,31472,133,99960,35.00,-7.20,-4.97
87627,2025,32240,135,99960,35.00,-7.28,-4.97
87649,1662,32240,135,99960,35.00,-7.19,-4.99
87671,1919,32240,151,99960,35.00,-7.23,-5.00
87693,2263,32240,169,99960,35.00,-7.19,-4.99
87715,2137,32240,175,99960,35.00,-7.25,-4.99
87737,2125,32240,171,99960,35.00,-7.25,-4.97
87759,2156,32240,153,99960,35.00,-7.23,-4.99
87781,1884,32240,133,99960,35.00,-7.23,-5.01
87803,1783,32240,116,99960,35.00,-7.23,-4.95
87845,1689,32240,110,99960,35.00,-7.22,-4.96
87867,1279,32240,102,99960,35.00,-7.22,-4.99
87889,1389,32240,119,99960,35.00,-7.26,-5.01
87911,1269,32240,131,99960,35.00,-7.25,-4.97
87933,1048,32240,139,99960,35.00,-7.25,-5.00
87955,1377,32240,147,99960,35.00,-7.23,-4.95
87977,1389,32240,149,99960,35.00,-7.23,-4.97
87999,1589,32240,143,99960,35.00,-7.22,-4.99
88021,1871,32240,135,99960,35.00,-7.25,-4.96
88043,1917,32240,127,99960,35.00,-7.22,-4.96
88065,1965,32240,125,99960,35.00,-7.26,-4.99
88106,2100,32240,133,99960,35.00,-7.24,-4.98
88128,2121,32240,142,99960,35.00,-7.24,-5.00
88150,2104,32240,155,99960,35.00,-7.24,-5.01
88172,2143,32240,173,99960,35.00,-7.27,-4.99
88194,2121,32240,184,99960,35.00,-7.27,-4.92
88216,2207,32240,189,99960,35.00,-7.21,-5.04
88238,2296,32240,184,99960,35.00,-7.22,-4.97
88260,2616,32240,175,99960,35.00,-7.21,-4.94
88282,3835,32240,199,99960,35.00,-7.22,-4.95
88304,2804,31472,169,99960,35.00,-7.22,-4.91
88326,1837,31472,145,99960,35.00,-7.25,-4.96
88367,1703,31472,135,99960,35.00,-7.23,-4.99
88389,1331,31472,119,99960,35.00,-7.21,-4.96
88411,1351,31472,141,99960,35.00,-7.28,-4.97
88433,1779,31472,169,99960,35.00,-7.25,-4.94
88455,2029,31472,187,99960,35.00,-7.19,-5.00
88477,1833,31472,182,99960,35.00,-6.98,-4.77
88499,2071,31472,184,99960,35.00,-7.29,-5.05
88521,1997,31472,171,99960,35.00,-7.25,-4.97
88543,2165,31472,165,99960,35.00,-7.28,-4.95
88565,2169,31472,155,99960,35.00,-7.22,-4.98
88607,1875,31472,141,99960,35.00,-7.22,-5.02
88629,1821,31472,137,99960,35.00,-7.19,-5.00
88651,1497,31472,150,99960,35.00,-7.28,-4.94
88673,1286,31472,153,99960,35.00,-7.25,-4.97
88695,1567,31472,164,99960,35.00,-7.23,-4.99
88717,1837,32240,175,99960,35.00,-7.24,-5.00
88739,1273,32240,164,99960,35.00,-7.24,-4.95
88761,1727,32240,157,99960,35.00,-7.24,-4.95
88783,1683,32240,154,99960,35.00,-7.26,-4.99
88805,2122,32240,150,99960,35.00,-7.25,-4.96
88827,2233,32240,152,99960,35.00,-7.21,-4.94
88868,1772,32752,142,99960,35.00,-7.22,-4.98
88890,1943,32240,167,99960,35.00,-7.21,-5.01
88912,2119,32752,171,99960,35.00,-7.26,-4.96
88934,2207,32752,197,99960,35.00,-7.20,-4.99
88956,1662,32240,184,99960,35.00,-7.24,-4.99
88978,1547,32240,197,99960,35.00,-7.19,-5.05
89351,2184,32752,190,99960,35.92,-7.19,-5.02
89389,1373,32752,158,99960,35.00,-7.25,-4.93
89411,1629,32776,147,99960,35.00,-7.24,-4.98
89433,2283,32752,199,99960,35.00,-7.24,-4.97
89455,1159,30960,159,99960,35.00,-7.24,-4.97
89477,647,29296,163,99960,35.00,-7.23,-4.97
89499,873,28592,158,99960,35.00,-7.22,-4.96
89521,1297,28080,171,99960,35.00,-7.24,-4.99
89543,1431,27312,167,99960,35.00,-7.21,-5.00
89565,1797,27312,159,99960,35.00,-7.22,-4.98
89587,1955,28080,148,99960,35.00,-7.24,-4.98
89609,1527,28080,134,99960,35.00,-7.20,-4.98
89650,1405,28080,141,99960,35.00,-7.22,-4.98
89672,1075,28592,123,99960,35.00,-7.24,-4.97
89694,1085,28784,140,99960,35.00,-7.22,-4.94
89716,1573,28784,167,99960,35.00,-7.24,-4.97
89738,1417,28784,169,99960,35.00,-7.26,-5.00
89760,1204,28784,168,99960,35.00,-7.24,-4.97
89782,1425,29296,167,99960,35.00,-7.25,-4.99
89804,1469,29296,151,99960,35.00,-7.25,-4.97
89826,1493,29296,151,99960,35.00,-7.24,-4.92
89848,1545,29296,132,99960,35.00,-7.19,-4.99
89891,1395,29296,121,99960,35.00,-7.23,-4.98
89913,1546,29296,127,99960,35.00,-7.23,-5.01
89935,1659,30064,151,99960,35.00,-7.24,-4.97
89957,2071,30064,173,99960,35.00,-7.24,-4.97
89979,2055,30064,185,99960,35.00,-7.23,-5.01
90371,1173,30064,163,99960,35.55,-7.23,-4.96
90412,0,30960,67,99960,35.00,-7.20,-4.94
90434,1371,30960,93,99960,35.00,-7.24,-5.00
90456,2019,30960,127,99960,35.00,-7.25,-4.99
90478,1931,31472,151,99960,35.00,-7.24,-4.96
90500,1815,30960,155,99960,35.00,-7.23,-4.99
90522,2077,31472,159,99960,35.00,-7.25,-4.96
90544,2597,30960,170,99960,35.00,-7.20,-4.98
90566,2749,30960,167,99960,35.00,-7.24,-5.00
90588,2719,30960,155,99960,35.00,-7.24,-4.98
90610,2569,30960,143,99960,35.00,-7.23,-4.98
90652,2413,31472,137,99960,35.00,-7.22,-4.96
90674,2447,31472,151,99960,35.00,-7.23,-4.99
90696,2259,31472,149,99960,35.00,-7.24,-4.99
90718,2383,31472,175,99960,35.00,-7.23,-4.98
90740,1086,30960,145,99960,35.00,-7.24,-4.97
90762,3128,30960,216,99960,35.00,-7.23,-4.94
90784,2424,30960,203,99960,35.00,-7.27,-4.97
90806,1568,30576,151,99960,35.00,-7.20,-4.97
90828,2799,30576,167,99960,35.00,-7.21,-4.97
90850,2447,30576,157,99960,35.00,-7.24,-4.96
90872,1909,30576,135,99960,35.00,-7.28,-4.96
90913,1684,30960,119,99960,35.00,-7.25,-4.98
90935,1509,30576,134,99960,35.00,-7.22,-5.00
90957,951,30576,131,99960,35.00,-7.26,-4.99
90979,760,30576,133,99960,35.00,-7.20,-5.00
91391,2135,30576,173,99960,35.54,-7.19,-4.96
91419,2373,30064,160,99960,35.00,-7.20,-4.99
91441,2245,30064,206,99960,35.00,-7.25,-5.00
91463,2203,30576,209,99960,35.00,-7.24,-4.96
91485,2021,30576,213,99960,35.00,-7.22,-4.96
91507,2031,30576,198,99960,35.00,-7.24,-4.98
91529,1831,30576,177,99960,35.00,-7.22,-5.01
91551,1679,30576,151,99960,35.00,-7.26,-4.99
91573,1397,30576,139,99960,35.00,-7.24,-4.97
91615,1461,30576,145,99960,35.00,-7.23,-4.97
91637,1270,30576,151,99960,35.00,-7.28,-4.95
91659,1048,30960,159,99960,35.00,-7.24,-5.00
91681,1049,30960,159,99960,35.00,-7.24,-4.96
91703,952,30960,157,99960,35.00,-7.24,-5.00
91725,1023,30960,153,99960,35.00,-7.28,-4.95
91747,715,30960,149,99960,35.00,-7.25,-4.99
91769,2251,30960,171,99960,35.00,-7.27,-4.99
91791,757,30960,123,99960,35.00,-7.21,-4.95
91813,1273,30960,119,99960,35.00,-7.26,-4.97
91855,1926,30960,127,99960,35.00,-7.25,-5.01
91877,495,30960,115,99960,35.00,-7.23,-4.98
91899,839,30960,125,99960,35.00,-7.24,-5.02
91921,1177,30960,165,99960,35.00,-7.23,-4.99
91943,1501,30576,181,99960,35.00,-7.23,-4.98
91965,1579,30576,183,99960,35.00,-7.24,-4.98
91987,1275,30064,159,99960,35.00,-7.21,-4.95
92411,1957,30064,169,99960,36.01,-7.21,-4.98
92440,1355,30064,121,99960,35.00,-7.29,-4.97
92462,775,30064,143,99960,35.00,-7.26,-4.99
92484,1047,30064,156,99960,35.00,-7.25,-4.97
92506,1437,30064,169,99960,35.00,-7.23,-4.96
92528,1525,30064,169,99960,35.00,-7.26,-4.94
92550,1699,30064,149,99960,35.00,-7.26,-5.02
92572,2008,30064,139,99960,35.00,-7.23,-4.98
92594,1883,30576,119,99960,35.00,-7.27,-4.97
92616,2075,30064,121,99960,35.00,-7.23,-4.96
92657,1941,30064,107,99960,35.00,-7.23,-4.97
92679,2676,30064,133,99960,35.00,-7.22,-5.00
92701,2100,30064,125,99960,35.00,-7.22,-4.94
92723,2151,30064,157,99960,35.00,-7.24,-4.97
92745,2267,30064,164,99960,35.00,-7.24,-4.95
92767,1599,30576,153,99960,35.00,-7.23,-4.97
92789,2660,30576,171,99960,35.00,-7.24,-4.97
92811,2539,30576,167,99960,35.00,-7.21,-4.96
92833,1645,30960,141,99960,35.00,-7.25,-5.00
92855,1941,30960,139,99960,35.00,-7.23,-4.98
92877,2168,30960,139,99960,35.00,-7.24,-4.97
92918,1919,30960,137,99960,35.00,-7.20,-4.99
92940,2267,30960,147,99960,35.00,-7.26,-4.99
92962,2421,30960,167,99960,35.00,-7.28,-4.96
92984,2067,30960,163,99960,35.00,-7.23,-4.95
93432,2597,30960,185,99960,34.91,-7.24,-4.97
93461,2477,30576,166,99960,35.00,-7.22,-4.96
93483,1881,30576,159,99960,35.00,-7.27,-4.98
93505,2419,30576,183,99960,35.00,-7.24,-4.98
93527,1745,30576,168,99960,35.00,-7.23,-4.97
93549,2340,30576,184,99960,35.00,-7.25,-4.98
93571,3821,30576,222,99960,35.00,-7.23,-4.98
93593,1784,30576,167,99960,35.00,-7.22,-4.97
93615,2773,30064,171,99960,35.00,-7.24,-5.00
93637,2587,30064,157,99960,35.00,-7.27,-4.96
93659,2409,29296,155,99960,35.00,-7.24,-4.97
93700,1541,28784,145,99960,35.00,-7.24,-4.95
93722,2074,28784,164,99960,35.00,-7.25,-4.98
93744,2207,28784,173,99960,35.00,-7.22,-4.95
93766,1847,30064,183,99960,35.00,-7.22,-4.94
93788,2001,30576,182,99960,35.00,-7.23,-4.99
93810,2648,31472,187,99960,35.00,-7.21,-5.01
93832,2543,32240,189,99960,35.00,-7.25,-5.00
93854,1557,32752,165,99960,35.00,-7.22,-4.99
93876,1517,32776,133,99960,35.00,-7.23,-4.97
93898,2457,33288,149,99960,35.00,-7.24,-5.00
93941,2732,33288,163,99960,35.00,-7.24,-4.99
93963,1325,33288,147,99960,35.00,-7.22,-4.98
93985,917,33288,150,99960,35.00,-7.27,-4.97
94708,1620,33288,171,99960,35.73,-7.25,-4.96
94743,1629,32752,183,99960,35.00,-7.23,-5.01
94765,1365,32752,139,99960,35.00,-7.22,-5.01
94787,1241,32752,153,99960,35.00,-7.18,-4.97
94809,1477,32240,175,99960,35.00,-7.24,-4.97
94831,558,32240,151,99960,35.00,-7.24,-4.99
94853,1784,32240,158,99960,35.00,-7.25,-4.98
94875,2886,32240,185,99960,35.00,-7.19,-4.98
94897,1420,32240,139,99960,35.00,-7.26,-4.96
94919,0,30960,101,99960,35.00,-7.27,-4.97
94941,1075,30576,107,99960,35.00,-7.21,-4.97
94983,1773,30576,142,99960,35.00,-7.25,-4.97
95728,923,30064,119,99960,35.30,-7.24,-4.97
95765,1928,28784,151,99960,35.00,-7.22,-4.99
95787,1681,29296,117,99960,35.00,-7.21,-4.99
95809,1790,29296,142,99960,35.00,-7.24,-4.94
95831,1891,29296,155,99960,35.00,-7.20,-5.00
95853,1693,29296,156,99960,35.00,-7.24,-4.98
95875,2079,29296,159,99960,35.00,-7.22,-4.93
95897,2663,29296,165,99960,35.00,-7.19,-4.95
95919,2987,29296,159,99960,35.00,-7.25,-4.96
95941,3051,29296,153,99960,35.00,-7.24,-4.99
95963,2980,29296,145,99960,35.00,-7.19,-4.97
95985,2940,29296,149,99960,35.00,-7.22,-4.99
96026,2703,29296,155,99960,35.00,-7.25,-4.98
96048,2660,30064,159,99960,35.00,-7.22,-4.96
96070,2538,30064,169,99960,35.00,-7.22,-5.02
96092,2637,30064,175,99960,35.00,-7.22,-5.00
96114,3320,30064,203,99960,35.00,-7.24,-4.98
96136,2957,29296,189,99960,35.00,-7.19,-4.98
96158,2632,30064,171,99960,35.00,-7.21,-4.95
96180,2568,30064,153,99960,35.00,-7.21,-4.96
96202,2583,30064,151,99960,35.00,-7.19,-4.97
96224,3053,30064,152,99960,35.00,-7.23,-4.98
96266,1033,30064,121,99960,35.00,-7.23,-5.00
96288,2284,30064,158,99960,35.00,-7.23,-4.98
96310,1588,30576,152,99960,35.00,-7.25,-4.96
96332,1467,30576,159,99960,35.00,-7.22,-4.96
96354,1723,30576,168,99960,35.00,-7.22,-4.99
96376,2063,30576,173,99960,35.00,-7.24,-4.99
96398,1703,30576,153,99960,35.00,-7.20,-4.95
96420,1718,30576,147,99960,35.00,-7.22,-4.93
96442,1645,30576,120,99960,35.00,-7.25,-4.98
96464,1707,30576,133,99960,35.00,-7.21,-4.97
96486,1639,30576,125,99960,35.00,-7.22,-4.99
96527,1548,30576,141,99960,35.00,-7.23,-4.97
96549,2135,30576,152,99960,35.00,-7.22,-4.98
96571,1351,30576,149,99960,35.00,-7.23,-4.99
96593,1444,30576,154,99960,35.00,-7.22,-4.97
96615,2094,30576,180,99960,35.00,-7.20,-4.94
96637,1830,30576,174,99960,35.00,-7.23,-4.96
96659,2089,30576,173,99960,35.00,-7.24,-5.01
96681,2175,30960,159,99960,35.00,-7.21,-4.99
96703,2153,30960,147,99960,35.00,-7.23,-5.00
96725,2213,30960,149,99960,35.00,-7.24,-4.97
96768,1967,30960,150,99960,35.00,-7.25,-4.95
96790,1801,30960,156,99960,35.00,-7.21,-5.04
96812,1709,31472,171,99960,35.00,-7.18,-4.95
96834,1675,31472,171,99960,35.00,-7.23,-4.97
96856,1737,31472,175,99960,35.00,-7.24,-4.96
96878,1829,31472,175,99960,35.00,-7.25,-4.95
96900,1819,31472,158,99960,35.00,-7.27,-4.96
96922,1861,31472,153,99960,35.00,-7.20,-4.96
96944,1813,31472,143,99960,35.00,-7.22,-4.98
96966,1695,31472,137,99960,35.00,-7.24,-4.98
97514,1587,31472,136,99960,35.89,-7.22,-4.99
97550,3382,31472,235,99960,35.00,-7.27,-4.98
97572,2331,31472,196,99960,35.00,-7.21,-5.01
97594,1139,32240,197,99960,35.00,-7.23,-4.93
97616,1019,32240,181,99960,35.00,-7.25,-4.97
97638,1002,32240,181,99960,35.00,-7.25,-4.98
97660,975,32240,159,99960,35.00,-7.25,-4.95
97682,1187,32240,156,99960,35.00,-7.23,-4.98
97704,1555,32752,139,99960,35.00,-7.26,-4.97
97726,1882,32752,145,99960,35.00,-7.24,-4.99
97748,1456,32752,131,99960,35.00,-7.24,-4.98
97790,1179,32752,137,99960,35.00,-7.24,-4.99
97812,1101,32240,145,99960,35.00,-7.24,-5.00
97834,1047,32752,151,99960,35.00,-7.25,-4.98
97856,1181,32752,169,99960,35.00,-7.22,-4.96
97878,1375,32240,174,99960,35.00,-7.20,-4.97
97900,1523,32240,178,99960,35.00,-7.26,-4.96
97922,1525,32752,157,99960,35.00,-7.25,-4.96
97944,1749,32240,149,99960,35.00,-7.25,-4.96
97966,1883,32752,137,99960,35.00,-7.20,-5.01
97988,1898,32240,134,99960,35.00,-7.24,-5.00
98534,1629,32752,123,99960,35.60,-7.19,-4.96
98572,0,32752,119,99960,35.00,-7.19,-5.01
98594,0,32752,109,99960,35.00,-7.19,-4.98
98616,1295,32752,139,99960,35.00,-7.22,-4.99
98638,1311,32752,147,99960,35.00,-7.22,-4.97
98660,1315,32752,155,99960,35.00,-7.21,-4.96
98682,1407,32752,155,99960,35.00,-7.24,-5.00
98704,1899,32752,155,99960,35.00,-7.25,-4.98
98726,2283,32240,145,99960,35.00,-7.21,-4.96
98748,2380,32240,147,99960,35.00,-7.24,-4.98
98770,2376,32240,139,99960,35.00,-7.21,-4.96
98792,2408,32240,148,99960,35.00,-7.21,-5.00
98833,2115,32240,146,99960,35.00,-7.26,-5.01
98855,1181,32240,117,99960,35.00,-7.24,-5.00
98877,1212,32240,139,99960,35.00,-7.24,-4.93
98899,1229,32240,141,99960,35.00,-7.23,-5.02
98921,1471,32240,148,99960,35.00,-7.20,-5.00
98943,1605,32240,141,99960,35.00,-7.18,-5.03
98965,1756,32240,136,99960,35.00,-7.27,-4.98
98987,1959,32240,127,99960,35.00,-7.26,-4.94
99555,2039,32240,121,99960,35.13,-7.22,-4.96
99595,2043,32240,157,99960,35.00,-7.23,-5.00
99617,1679,32240,151,99960,35.00,-7.22,-5.00
99639,2003,32240,188,99960,35.00,-7.21,-5.00
99661,2075,32240,209,99960,35.00,-7.24,-4.98
99683,2127,32240,213,99960,35.00,-7.22,-4.99
99705,2281,32240,199,99960,35.00,-7.22,-4.98
99727,2163,32752,185,99960,35.00,-7.24,-4.99
99749,1661,32752,155,99960,35.00,-7.23,-4.99
99771,1081,32752,133,99960,35.00,-7.21,-4.99
99793,927,32752,119,99960,35.00,-7.27,-4.95
99835,1006,32752,133,99960,35.00,-7.21,-4.96
99857,905,32752,143,99960,35.00,-7.21,-5.03
99879,905,32752,155,99960,35.00,-7.24,-4.99
99901,1032,32752,171,99960,35.00,-7.26,-4.93
99923,1215,32752,171,99960,35.00,-7.23,-4.96
99945,1159,32752,163,99960,35.00,-7.18,-4.97
99967,1187,32752,147,99960,35.00,-7.17,-4.99
99989,1243,32752,137,99960,35.00,-7.23,-4.95
100575,1331,32752,125,99960,35.23,-7.23,-4.97
100617,2205,32752,137,99960,35.00,-7.22,-4.95
100639,2205,32752,137,99960,35.00,-7.20,-4.95
100661,2423,32752,168,99960,35.00,-7.20,-4.97
100683,2133,32752,167,99960,35.00,-7.23,-4.98
100705,1847,32752,151,99960,35.00,-7.22,-4.96
100727,1773,32776,122,99960,35.00,-7.19,-4.95
100749,1452,32776,103,99960,35.00,-7.24,-4.97
100771,886,32752,72,99960,35.00,-7.22,-4.93
100793,0,32752,47,99960,35.00,-7.21,-4.97
100815,247,32752,42,99960,35.00,-7.24,-4.98
100837,347,32776,57,99960,35.00,-7.26,-4.95
100878,936,32776,87,99960,35.00,-7.22,-4.95
100900,717,32752,100,99960,35.00,-7.20,-4.97
100922,1709,32752,137,99960,35.00,-7.21,-4.99
100944,2773,32752,189,99960,35.00,-7.25,-5.00
100966,3838,32752,246,99960,35.00,-7.22,-4.96
100988,3853,32752,279,99960,35.00,-7.25,-4.99
101350,3858,32752,285,99960,35.87,-7.19,-5.00
101379,2743,32752,207,99960,35.00,-7.23,-5.01
101401,1997,32752,181,99960,35.00,-7.25,-4.96
101423,1823,32776,191,99960,35.00,-7.27,-4.95
101445,1745,32776,197,99960,35.00,-7.23,-4.93
101467,1651,32776,188,99960,35.00,-7.21,-4.99
101489,1609,32776,174,99960,35.00,-7.23,-5.00
101511,1712,32776,167,99960,35.00,-7.24,-4.98
101533,1597,32776,140,99960,35.00,-7.25,-4.98
101555,1429,32776,136,99960,35.00,-7.24,-4.95
101577,1161,32776,123,99960,35.00,-7.20,-4.99
101620,1049,32776,141,99960,35.00,-7.23,-4.99
101642,1336,32752,149,99960,35.00,-7.27,-4.99
101664,1095,32776,166,99960,35.00,-7.24,-4.95
101686,957,32776,167,99960,35.00,-7.23,-4.95
101708,1150,32776,157,99960,35.00,-7.20,-4.99
101730,1453,32776,156,99960,35.00,-7.26,-4.98
101752,1720,32752,165,99960,35.00,-7.22,-4.99
101774,1691,32752,151,99960,35.00,-7.24,-4.99
101796,1773,32776,157,99960,35.00,-7.29,-4.97
101818,2527,32776,175,99960,35.00,-7.21,-4.94
101860,2185,32776,191,99960,35.00,-7.25,-5.00
101882,1589,32752,151,99960,35.00,-7.24,-5.00
101904,1773,32752,185,99960,35.00,-7.24,-4.96
101926,1669,32776,191,99960,35.00,-7.25,-4.94
101948,1563,32752,185,99960,35.00,-7.21,-4.99
101970,1571,32776,169,99960,35.00,-7.25,-4.96
101992,1855,32776,168,99960,35.00,-7.23,-5.01
102361,1613,32752,138,99960,34.98,-7.23,-4.97
102401,1611,32752,144,99960,35.00,-7.24,-4.97
102423,1482,32776,143,99960,35.00,-7.24,-4.97
102445,1429,32752,159,99960,35.00,-7.24,-4.95
102467,1607,32776,163,99960,35.00,-7.23,-4.98
102489,1780,32752,175,99960,35.00,-7.26,-4.95
102511,1767,32776,167,99960,35.00,-7.27,-4.95
102533,1587,32776,151,99960,35.00,-7.23,-4.97
102555,1723,32776,140,99960,35.00,-7.23,-4.98
102577,1801,32776,139,99960,35.00,-7.24,-4.95
102599,1595,32776,125,99960,35.00,-7.24,-4.99
102621,1293,32776,125,99960,35.00,-7.22,-4.92
102662,1266,32776,139,99960,35.00,-7.23,-4.96
102684,1335,32776,141,99960,35.00,-7.22,-4.94
102706,1245,32776,155,99960,35.00,-7.24,-4.95
102728,1299,32776,163,99960,35.00,-7.25,-4.93
102750,1433,32776,166,99960,35.00,-7.21,-4.96
102772,1619,32776,155,99960,35.00,-7.21,-4.96
102794,1767,32776,151,99960,35.00,-7.22,-4.96
102816,1640,32776,127,99960,35.00,-7.22,-4.98
102838,1629,32776,133,99960,35.00,-7.20,-4.97
102860,1546,32776,117,99960,35.00,-7.24,-4.97
102903,1505,32776,132,99960,35.00,-7.24,-4.97
102925,1595,32752,140,99960,35.00,-7.21,-4.95
102947,1975,32752,171,99960,35.00,-7.26,-4.99
102969,2679,32752,207,99960,35.00,-7.20,-4.97
102991,767,32240,152,99960,35.00,-7.26,-4.92
103381,1455,32240,138,99960,35.63,-7.21,-4.96
103409,2437,31472,155,99960,35.00,-7.24,-4.98
103431,2404,31472,189,99960,35.00,-7.23,-4.93
103453,2197,32240,181,99960,35.00,-7.23,-4.98
103475,2265,31472,171,99960,35.00,-7.20,-4.97
103497,2381,30960,173,99960,35.00,-7.17,-4.93
103519,2493,30960,165,99960,35.00,-7.24,-5.00
103541,2107,30960,151,99960,35.00,-7.22,-4.97
103563,1845,30960,149,99960,35.00,-7.24,-5.00
103604,1809,31472,159,99960,35.00,-7.25,-4.96
103626,1851,31472,151,99960,35.00,-7.22,-5.01
103648,1383,31472,159,99960,35.00,-7.24,-4.98
103670,1171,31472,167,99960,35.00,-7.24,-4.99
103692,1507,30960,169,99960,35.00,-7.18,-4.96
103714,1959,31472,167,99960,35.00,-7.22,-4.98
103736,1991,31472,167,99960,35.00,-7.26,-5.03
103758,2165,31472,153,99960,35.00,-7.20,-4.96
103780,2411,31472,155,99960,35.00,-7.23,-4.99
103802,1927,31472,140,99960,35.00,-7.23,-4.96
103824,1572,31472,141,99960,35.00,-7.22,-4.98
103865,994,31472,138,99960,35.00,-7.24,-4.99
103887,1417,31472,151,99960,35.00,-7.23,-4.98
103909,1435,32240,171,99960,35.00,-7.24,-4.97
103931,1496,32240,167,99960,35.00,-7.22,-4.96
103953,1451,32752,165,99960,35.00,-7.24,-4.96
103975,1319,32752,155,99960,35.00,-7.21,-4.97
103997,1593,32752,153,99960,35.00,-7.25,-5.01
104401,1833,32752,140,99960,35.59,-7.22,-4.94
104429,2153,33288,133,99960,35.00,-7.21,-4.99
104451,923,32776,147,99960,35.00,-7.22,-4.98
104473,1076,33288,154,99960,35.00,-7.24,-4.95
104495,1785,33288,168,99960,35.00,-7.22,-4.92
104517,2479,33288,175,99960,35.00,-7.25,-4.98
104539,2363,34056,155,99960,35.00,-7.20,-4.94
104561,1901,34056,124,99960,35.00,-7.23,-4.98
104583,1420,33288,119,99960,35.00,-7.21,-5.01
104605,741,33288,115,99960,35.00,-7.25,-5.02
104647,301,33288,115,99960,35.00,-7.24,-4.98
104669,696,32776,116,99960,35.00,-7.25,-5.00
104691,782,32776,149,99960,35.00,-7.23,-4.97
104713,0,32776,117,99960,35.00,-7.24,-4.96
104735,0,32776,119,99960,35.00,-7.27,-4.98
104757,0,32776,109,99960,35.00,-7.19,-4.95
104779,0,32776,99,99960,35.00,-7.20,-4.99
104801,0,32752,77,99960,35.00,-7.22,-4.95
104823,0,32752,83,99960,35.00,-7.25,-4.98
104845,0,32752,87,99960,35.00,-7.24,-4.96
104888,687,32752,107,99960,35.00,-7.22,-5.01
104910,1891,32752,143,99960,35.00,-7.23,-4.99
104932,1151,32752,157,99960,35.00,-7.26,-4.99
104954,1893,32752,174,99960,35.00,-7.24,-5.02
104976,2491,32752,169,99960,35.00,-7.23,-5.01
104998,2685,32776,165,99960,35.00,-7.19,-4.96
105020,3833,32776,175,99960,35.00,-7.22,-4.99
105042,2541,33288,121,99960,35.00,-7.25,-4.97
105064,0,34056,95,99960,35.00,-7.25,-4.93
105086,859,34056,121,99960,35.00,-7.22,-4.96
105128,695,34056,109,99960,35.00,-7.25,-5.01
105150,765,34568,127,99960,35.00,-7.24,-4.99
105172,1195,34568,155,99960,35.00,-7.28,-4.95
105194,2207,34568,175,99960,35.00,-7.27,-4.95
105216,2847,34952,179,99960,35.00,-7.25,-4.97
105238,3276,34952,181,99960,35.00,-7.24,-4.97
105260,3849,34952,187,99960,35.00,-7.21,-5.01
105282,3371,34952,163,99960,35.00,-7.25,-5.05
105304,3795,35464,166,99960,35.00,-7.26,-4.94
105326,3683,35464,159,99960,35.00,-7.26,-4.96
105369,3629,35464,167,99960,35.00,-7.26,-4.98
105391,3507,35464,185,99960,35.00,-7.19,-4.96
105413,3496,35464,201,99960,35.00,-7.22,-4.93
105435,3849,35464,214,99960,35.00,-7.24,-4.98
105457,3863,35464,215,99960,35.00,-7.28,-4.97
105479,3857,35464,210,99960,35.00,-7.25,-5.00
105501,3844,36232,185,99960,35.00,-7.23,-4.95
105523,2778,36232,160,99960,35.00,-7.22,-5.02
105545,2312,36232,147,99960,35.00,-7.23,-4.96
105567,2071,36232,150,99960,35.00,-7.23,-4.93
105609,2577,36232,158,99960,35.00,-7.22,-4.98
105631,164,36232,105,99960,35.00,-7.20,-4.97
105653,409,36232,159,99960,35.00,-7.24,-4.94
105675,2065,36232,182,99960,35.00,-7.28,-4.97
105697,2314,36232,188,99960,35.00,-7.23,-4.96
105719,3123,36232,198,99960,35.00,-7.20,-4.97
105741,3355,36232,191,99960,35.00,-7.21,-5.01
105763,2197,36232,147,99960,35.00,-7.26,-4.97
105785,3380,35464,205,99960,35.00,-7.23,-4.96
105807,2329,34952,149,99960,35.00,-7.22,-4.97
105829,3555,34952,184,99960,35.00,-7.28,-4.96
105870,3835,34952,200,99960,35.00,-7.23,-4.96
105892,1992,34568,159,99960,35.00,-7.24,-4.92
105914,149,34568,140,99960,35.00,-7.23,-4.97
105936,1041,34056,172,99960,35.00,-7.20,-5.02
105958,1503,33288,183,99960,35.00,-7.19,-5.01
105980,1097,33288,169,99960,35.00,-7.22,-5.00
106697,1101,33288,156,99960,35.78,-7.21,-4.98
106732,1941,32752,167,99960,35.00,-7.23,-4.96
106754,1573,32752,141,99960,35.00,-7.23,-4.97
106776,1727,32752,167,99960,35.00,-7.25,-4.98
106798,1816,32776,173,99960,35.00,-7.24,-4.99
106820,1994,32752,179,99960,35.00,-7.25,-5.00
106842,1907,32752,157,99960,35.00,-7.22,-4.98
106864,339,32776,119,99960,35.00,-7.23,-4.94
106886,2595,32776,157,99960,35.00,-7.23,-4.96
106908,2841,32776,183,99960,35.00,-7.23,-5.01
106930,1338,32752,125,99960,35.00,-7.22,-4.99
106972,1834,32752,138,99960,35.00,-7.23,-5.00
106994,1789,32752,155,99960,35.00,-7.21,-4.94
107718,789,32240,164,99960,35.42,-7.21,-5.00
107754,1975,28784,171,99960,35.00,-7.24,-4.97
107776,2543,28784,169,99960,35.00,-7.23,-4.96
107798,2675,29296,190,99960,35.00,-7.22,-4.97
107820,2897,29296,207,99960,35.00,-7.24,-5.00
107842,3835,29296,232,99960,35.00,-7.24,-4.97
107864,2248,30064,189,99960,35.00,-7.21,-5.01
107886,3288,30576,212,99960,35.00,-7.20,-4.97
107908,2891,30576,175,99960,35.00,-7.20,-4.98
107930,2630,30576,165,99960,35.00,-7.23,-4.97
107952,2605,30576,155,99960,35.00,-7.23,-4.95
107974,2943,30576,172,99960,35.00,-7.22,-5.00
108739,3771,30576,200,99960,34.92,-7.26,-4.96
108777,1177,30064,137,99960,35.00,-7.19,-5.00
108799,1496,30064,121,99960,35.00,-7.24,-4.96
108821,1887,29296,147,99960,35.00,-7.22,-4.96
108843,1751,29296,141,99960,35.00,-7.23,-4.95
108865,1835,29296,147,99960,35.00,-7.22,-5.00
108887,2315,29296,146,99960,35.00,-7.22,-4.96
108909,2423,29296,147,99960,35.00,-7.20,-4.95
108931,2239,29296,135,99960,35.00,-7.24,-4.98
108953,2160,29296,137,99960,35.00,-7.20,-4.99
108975,2253,29296,137,99960,35.00,-7.26,-4.97
109759,2215,29296,154,99960,34.84,-7.24,-4.98
109799,1655,30960,135,99960,35.00,-7.22,-5.00
109821,1736,30960,125,99960,35.00,-7.23,-4.95
109843,1391,30960,142,99960,35.00,-7.22,-4.93
109865,1913,31472,153,99960,35.00,-7.20,-4.95
109887,2088,31472,167,99960,35.00,-7.25,-4.96
109909,2087,32240,157,99960,35.00,-7.24,-4.94
109931,2187,32240,152,99960,35.00,-7.23,-4.99
109953,2063,32240,125,99960,35.00,-7.21,-4.95
109975,2367,32240,127,99960,35.00,-7.24,-4.98
109997,2263,32240,121,99960,35.00,-7.25,-4.98
110525,1820,32752,127,99960,34.85,-7.24,-5.01
110561,1773,34568,179,99960,35.00,-7.22,-4.98
110583,1337,34568,145,99960,35.00,-7.22,-4.98
110605,1609,34568,164,99960,35.00,-7.26,-4.92
110627,1551,34952,173,99960,35.00,-7.21,-4.98
110649,1427,35464,173,99960,35.00,-7.20,-4.98
110671,1230,36232,157,99960,35.00,-7.21,-4.97
110693,1759,36744,152,99960,35.00,-7.23,-4.95
110715,1507,36744,125,99960,35.00,-7.22,-4.96
110737,1455,36936,127,99960,35.00,-7.23,-4.98
110759,1350,36936,115,99960,35.00,-7.19,-4.95
110781,1220,37448,123,99960,35.00,-7.24,-4.95
110822,1331,37448,137,99960,35.00,-7.21,-4.97
110844,1233,38216,135,99960,35.00,-7.22,-4.94
110866,1031,39112,155,99960,35.00,-7.25,-4.97
110888,1557,39112,167,99960,35.00,-7.26,-5.02
110910,1407,39624,155,99960,35.00,-7.21,-4.95
110932,1741,39624,142,99960,35.00,-7.24,-4.95
110954,2021,39624,140,99960,35.00,-7.22,-4.95
110976,1810,39624,123,99960,35.00,-7.19,-4.96
110998,1747,40392,116,99960,35.00,-7.22,-4.98
111020,2159,40392,121,99960,35.00,-7.21,-4.97
111062,2185,40904,142,99960,35.00,-7.26,-4.96
111084,1933,40904,137,99960,35.00,-7.27,-4.96
111106,1979,40904,153,99960,35.00,-7.23,-4.97
111128,951,40904,135,99960,35.00,-7.22,-4.97
111150,2629,40904,169,99960,35.00,-7.24,-4.98
111172,2847,40904,182,99960,35.00,-7.20,-4.97
111194,3159,40392,175,99960,35.00,-7.19,-5.00
111216,1785,39624,135,99960,35.00,-7.26,-4.95
111238,2525,39112,140,99960,35.00,-7.24,-4.97
111260,2430,39112,139,99960,35.00,-7.24,-4.98
111282,2171,38728,141,99960,35.00,-7.17,-4.97
111323,1991,38728,143,99960,35.00,-7.27,-5.01
111345,1428,38728,153,99960,35.00,-7.24,-5.01
111367,1379,38728,172,99960,35.00,-7.21,-4.98
111389,1677,38728,180,99960,35.00,-7.23,-4.99
111411,1533,38728,173,99960,35.00,-7.23,-5.01
111433,1629,38728,164,99960,35.00,-7.27,-5.01
111455,1514,39112,155,99960,35.00,-7.24,-4.95
111477,1493,38728,135,99960,35.00,-7.19,-4.95
111499,1567,38728,141,99960,35.00,-7.20,-4.98
111521,1520,38728,124,99960,35.00,-7.20,-4.95
111564,1575,38728,147,99960,35.00,-7.24,-4.96
111586,1139,38728,149,99960,35.00,-7.24,-4.96
111608,1227,38728,163,99960,35.00,-7.24,-4.97
111630,1340,38728,163,99960,35.00,-7.24,-4.97
111652,1279,38216,151,99960,35.00,-7.25,-4.98
111674,1229,38216,139,99960,35.00,-7.22,-4.99
111696,1520,38216,124,99960,35.00,-7.20,-4.97
111718,1957,37448,123,99960,35.00,-7.21,-5.00
111740,2300,37448,137,99960,35.00,-7.25,-4.99
111762,1587,37448,135,99960,35.00,-7.26,-4.97
111804,1367,37448,125,99960,35.00,-7.21,-4.98
111826,1118,38216,125,99960,35.00,-7.20,-4.98
111848,1553,38216,163,99960,35.00,-7.24,-4.98
111870,1144,38216,160,99960,35.00,-7.26,-4.97
111892,1501,38216,159,99960,35.00,-7.24,-4.95
111914,2103,38216,163,99960,35.00,-7.24,-4.98
111936,1927,38728,155,99960,35.00,-7.22,-5.00
111958,1531,38728,127,99960,35.00,-7.24,-4.97
111980,1653,38728,125,99960,35.00,-7.23,-4.98
112566,1928,38728,134,99960,35.63,-7.26,-4.99
112606,1958,36232,155,99960,35.00,-7.27,-4.97
112628,2127,36232,139,99960,35.00,-7.24,-4.96
112650,1863,36232,167,99960,35.00,-7.23,-4.96
112672,2457,36232,185,99960,35.00,-7.22,-4.95
112694,2037,35464,172,99960,35.00,-7.25,-4.95
112716,2514,35464,165,99960,35.00,-7.26,-4.98
112738,2659,35464,171,99960,35.00,-7.25,-4.97
112760,2779,35464,150,99960,35.00,-7.21,-4.95
112782,2467,35464,151,99960,35.00,-7.25,-4.99
112804,2311,34952,137,99960,35.00,-7.19,-4.99
112826,1948,34952,149,99960,35.00,-7.23,-4.98
112867,1958,34952,157,99960,35.00,-7.24,-4.95
112889,1749,34952,157,99960,35.00,-7.20,-4.95
112911,1689,34952,167,99960,35.00,-7.27,-5.01
112933,1391,34952,167,99960,35.00,-7.23,-5.01
112955,1917,34952,170,99960,35.00,-7.21,-4.99
112977,2141,35464,169,99960,35.00,-7.22,-4.95
112999,2070,35464,152,99960,35.00,-7.25,-4.96
113021,1705,36232,125,99960,35.00,-7.28,-4.99
113043,1375,36232,110,99960,35.00,-7.19,-4.98
113065,1528,36232,131,99960,35.00,-7.23,-4.95
113107,1547,36744,151,99960,35.00,-7.26,-4.97
113129,1237,36744,135,99960,35.00,-7.22,-5.01
113151,1363,36744,155,99960,35.00,-7.27,-5.00
113173,1721,36744,178,99960,35.00,-7.23,-4.99
113195,1053,36232,165,99960,35.00,-7.22,-4.96
113217,1459,36232,141,99960,35.00,-7.23,-4.94
113239,1947,36744,151,99960,35.00,-7.22,-4.97
113261,3795,36744,172,99960,35.00,-7.26,-4.96
113283,1375,36936,119,99960,35.00,-7.21,-5.00
113305,995,36936,104,99960,35.00,-7.20,-4.99
113327,2439,36936,141,99960,35.00,-7.28,-4.97
113368,2005,36936,157,99960,35.00,-7.24,-4.96
113390,1055,36936,135,99960,35.00,-7.22,-4.98
113412,1251,36744,149,99960,35.00,-7.24,-4.95
113434,1647,36232,165,99960,35.00,-7.23,-4.97
113456,1631,34952,166,99960,35.00,-7.20,-4.97
113478,1560,34568,141,99960,35.00,-7.23,-4.98
113500,1705,34056,141,99960,35.00,-7.22,-4.98
113522,1797,33288,125,99960,35.00,-7.20,-4.97
113544,1722,32776,121,99960,35.00,-7.24,-4.98
113566,1716,32752,123,99960,35.00,-7.23,-5.01
113609,1767,32752,139,99960,35.00,-7.23,-5.01
113631,1364,17680,139,99960,35.00,-7.24,-5.01
113653,1491,5440,153,99960,35.00,-7.23,-4.96
113675,1529,1280,150,99960,35.00,-7.22,-4.96
113697,2285,512,179,99960,35.00,-7.27,-4.98
113719,2078,512,157,99960,35.00,-7.24,-4.96
113741,1676,1280,132,99960,35.00,-7.22,-5.01
113763,1781,2688,137,99960,35.00,-7.21,-4.97
113785,2203,3968,147,99960,35.00,-7.21,-4.92
113807,2352,4672,147,99960,35.00,-7.23,-4.96
113849,1834,5952,138,99960,35.00,-7.26,-5.00
113871,1594,10016,147,99960,35.00,-7.22,-4.98
113893,2057,13664,175,99960,35.00,-7.21,-4.97
113915,2153,16400,171,99960,35.00,-7.24,-4.94
113937,2103,18576,172,99960,35.00,-7.24,-4.98
113959,2109,19856,157,99960,35.00,-7.24,-4.96
113981,1739,20560,151,99960,35.00,-7.23,-4.97
114351,3115,21840,165,99960,35.44,-7.20,-4.98
114391,1333,25904,151,99960,35.00,-7.19,-4.97
114413,1019,25904,143,99960,35.00,-7.22,-4.98
114435,1259,26416,153,99960,35.00,-7.22,-4.96
114457,1865,26416,170,99960,35.00,-7.20,-4.96
114479,1657,26416,150,99960,35.00,-7.21,-4.95
114501,1743,26416,147,99960,35.00,-7.19,-4.97
114523,1895,26800,133,99960,35.00,-7.23,-4.97
114545,1939,26800,126,99960,35.00,-7.24,-4.98
114567,1965,26800,125,99960,35.00,-7.21,-4.99
114589,1797,26800,121,99960,35.00,-7.23,-4.97
114631,1583,26800,139,99960,35.00,-7.24,-4.99
114653,1327,26800,143,99960,35.00,-7.22,-4.98
114675,1515,26800,155,99960,35.00,-7.28,-4.94
114697,1659,27312,165,99960,35.00,-7.23,-4.99
114719,1775,27312,159,99960,35.00,-7.23,-5.00
114741,1868,27312,153,99960,35.00,-7.26,-4.96
114763,1895,27312,135,99960,35.00,-7.23,-5.01
114785,1816,27312,133,99960,35.00,-7.25,-4.98
114807,1641,27312,118,99960,35.00,-7.18,-4.96
114829,1598,27312,120,99960,35.00,-7.25,-4.92
114851,1644,27312,127,99960,35.00,-7.24,-4.96
114892,1679,28080,146,99960,35.00,-7.22,-4.96
114914,1560,28080,149,99960,35.00,-7.21,-4.98
114936,1645,28080,159,99960,35.00,-7.21,-4.99
114958,1675,28080,164,99960,35.00,-7.27,-5.00
114980,1678,28080,157,99960,35.00,-7.23,-4.99
115372,1889,28080,151,99960,35.50,-7.20,-4.95
115413,1639,28592,149,99960,35.00,-7.22,-4.94
115435,2414,28592,175,99960,35.00,-7.23,-4.94
115457,1295,28592,157,99960,35.00,-7.23,-4.97
115479,1646,28784,167,99960,35.00,-7.22,-4.99
115501,1967,28784,174,99960,35.00,-7.25,-4.99
115523,1927,28784,159,99960,35.00,-7.23,-4.98
115545,1847,28784,149,99960,35.00,-7.21,-4.95
115567,1779,28592,135,99960,35.00,-7.22,-4.93
115589,1755,28784,133,99960,35.00,-7.28,-4.96
115611,1701,28784,123,99960,35.00,-7.24,-4.99
115633,1350,28784,143,99960,35.00,-7.19,-4.98
115674,1421,28784,148,99960,35.00,-7.23,-5.00
115696,1303,28784,153,99960,35.00,-7.22,-4.97
115718,1252,28784,153,99960,35.00,-7.27,-4.96
115740,1221,28784,153,99960,35.00,-7.22,-4.99
115762,1647,28784,153,99960,35.00,-7.20,-4.98
115784,1366,29296,140,99960,35.00,-7.24,-4.92
115806,1407,28784,115,99960,35.00,-7.23,-4.99
115828,1293,28784,110,99960,35.00,-7.25,-4.99
115850,1355,29296,103,99960,35.00,-7.23,-4.93
115872,1323,29296,109,99960,35.00,-7.21,-4.98
115915,1100,29296,119,99960,35.00,-7.22,-5.00
115937,1210,29296,125,99960,35.00,-7.24,-4.93
115959,1400,29296,140,99960,35.00,-7.25,-4.95
115981,1391,29296,139,99960,35.00,-7.24,-4.98
116392,1619,29296,135,99960,36.07,-7.21,-5.01
116420,1908,30576,149,99960,35.00,-7.21,-4.95
116442,1877,30576,179,99960,35.00,-7.23,-4.95
116464,2035,30576,173,99960,35.00,-7.22,-4.94
116486,1937,30576,158,99960,35.00,-7.21,-5.00
116508,2275,30576,152,99960,35.00,-7.25,-4.97
116530,1913,30576,139,99960,35.00,-7.21,-4.99
116552,1711,30576,133,99960,35.00,-7.25,-4.96
116574,1773,30576,139,99960,35.00,-7.24,-4.98
116616,1416,30576,142,99960,35.00,-7.24,-4.95
116638,1015,30576,148,99960,35.00,-7.23,-4.98
116660,1243,30576,151,99960,35.00,-7.23,-4.97
116682,1065,30576,153,99960,35.00,-7.21,-4.98
116704,1335,30576,152,99960,35.00,-7.19,-4.97
116726,1479,30960,137,99960,35.00,-7.24,-4.98
116748,1541,30960,125,99960,35.00,-7.21,-4.99
116770,1397,30960,111,99960,35.00,-7.21,-4.94
116792,1289,30960,109,99960,35.00,-7.19,-4.96
116814,1271,30576,114,99960,35.00,-7.21,-5.00
116836,1208,30960,125,99960,35.00,-7.23,-4.96
116877,1020,30960,125,99960,35.00,-7.23,-5.00
116899,1068,30576,134,99960,35.00,-7.23,-4.98
116921,1203,30576,149,99960,35.00,-7.26,-4.95
116943,1287,30576,142,99960,35.00,-7.20,-4.95
116965,1370,30960,135,99960,35.00,-7.26,-4.97
116987,1645,30960,132,99960,35.00,-7.24,-5.01
117413,1785,30960,109,99960,36.54,-7.21,-5.01
117442,2169,30960,135,99960,35.00,-7.22,-4.94
117464,1967,30960,175,99960,35.00,-7.24,-4.99
117486,2015,30960,157,99960,35.00,-7.27,-4.94
117508,2409,30576,171,99960,35.00,-7.23,-4.94
117530,2659,30576,155,99960,35.00,-7.24,-4.95
117552,2063,30576,135,99960,35.00,-7.23,-4.97
117574,2283,30576,141,99960,35.00,-7.26,-5.01
117596,2043,30576,141,99960,35.00,-7.21,-4.99
117618,1769,30576,147,99960,35.00,-7.22,-4.96
117659,1773,30576,163,99960,35.00,-7.21,-4.95
117681,1831,30576,167,99960,35.00,-7.19,-4.98
117703,1692,30960,171,99960,35.00,-7.23,-5.01
117725,1740,30960,171,99960,35.00,-7.21,-4.97
117747,1883,30960,169,99960,35.00,-7.21,-5.02
117769,1983,30960,157,99960,35.00,-7.23,-4.96
117791,1948,30960,145,99960,35.00,-7.24,-4.95
117813,1832,30960,141,99960,35.00,-7.22,-4.99
117835,1772,30960,143,99960,35.00,-7.21,-4.99
117857,1769,30960,147,99960,35.00,-7.22,-5.00
117899,1709,30960,155,99960,35.00,-7.26,-4.99
117921,1643,30960,173,99960,35.00,-7.23,-5.00
117943,1767,30960,177,99960,35.00,-7.23,-4.98
117965,1819,30960,180,99960,35.00,-7.24,-4.99
117987,1805,30960,173,99960,35.00,-7.21,-4.99
118433,1955,30960,169,99960,35.24,-7.23,-4.97
118462,1797,30960,141,99960,35.00,-7.20,-4.97
118484,1340,30960,167,99960,35.00,-7.19,-4.99
118506,1493,30960,175,99960,35.00,-7.24,-5.00
118528,1719,30960,180,99960,35.00,-7.20,-4.97
118550,1851,30960,167,99960,35.00,-7.27,-4.98
118572,1914,30960,155,99960,35.00,-7.22,-4.97
118594,1851,30960,149,99960,35.00,-7.21,-4.98
118616,1869,30960,141,99960,35.00,-7.23,-4.99
118638,1847,30960,147,99960,35.00,-7.22,-4.97
118660,1763,30960,163,99960,35.00,-7.22,-4.99
118701,1747,30960,167,99960,35.00,-7.24,-4.96
118723,1749,30960,178,99960,35.00,-7.21,-4.97
118745,1783,30960,182,99960,35.00,-7.23,-5.03
118767,1845,30960,189,99960,35.00,-7.23,-4.97
118789,1970,30960,183,99960,35.00,-7.22,-4.97
118811,1949,30960,179,99960,35.00,-7.19,-4.97
118833,1945,30960,159,99960,35.00,-7.23,-4.98
118855,1967,30960,151,99960,35.00,-7.24,-4.96
118877,1875,31472,143,99960,35.00,-7.23,-4.97
118899,1785,30960,148,99960,35.00,-7.27,-4.96
118921,1659,31472,159,99960,35.00,-7.20,-4.98
118962,1577,30960,169,99960,35.00,-7.25,-4.95
118984,1519,30960,171,99960,35.00,-7.24,-4.97
119708,1449,30960,175,99960,35.57,-7.20,-5.01
119744,2073,30960,179,99960,35.00,-7.24,-4.93
119766,1912,30960,175,99960,35.00,-7.23,-5.02
119788,2091,31472,185,99960,35.00,-7.26,-4.97
119810,1973,31472,183,99960,35.00,-7.25,-4.95
119832,2263,31472,181,99960,35.00,-7.21,-4.98
119854,2546,31472,179,99960,35.00,-7.23,-5.01
119876,2092,31472,153,99960,35.00,-7.02,-4.83
119898,2151,31472,153,99960,35.00,-7.26,-5.00
119920,2058,31472,146,99960,35.00,-7.21,-5.00
119942,2045,31472,151,99960,35.00,-7.17,-4.95
119984,1419,31472,149,99960,35.00,-7.19,-4.98
120729,2107,31472,185,99960,35.82,-7.23,-5.01
120766,2007,32240,168,99960,35.00,-7.20,-4.98
120788,1742,32240,153,99960,35.00,-7.20,-4.98
120810,1751,32240,173,99960,35.00,-7.23,-4.97
120832,2245,32240,201,99960,35.00,-7.23,-4.98
120854,2695,32240,199,99960,35.00,-7.20,-5.01
120876,2573,32240,179,99960,35.00,-7.24,-4.97
120898,3269,32752,233,99960,35.00,-7.24,-4.95
120920,3816,33288,265,99960,35.00,-7.24,-4.97
120942,1135,36232,88,99960,35.00,-7.24,-4.99
120964,0,40904,90,99960,35.00,-7.20,-4.96
120986,2581,41512,210,99960,35.00,-7.23,-4.99
121027,3423,42280,172,99960,35.00,-7.24,-4.97
121049,1211,42280,137,99960,35.00,-7.21,-5.00
121071,1711,41512,157,99960,35.00,-7.19,-4.96
121093,1909,37448,181,99960,35.00,-7.22,-4.95
121115,2135,33288,187,99960,35.00,-7.26,-4.96
121137,1973,32752,159,99960,35.00,-7.23,-5.00
121159,2607,32752,179,99960,35.00,-7.18,-5.01
121181,3630,32752,197,99960,35.00,-7.22,-4.99
121203,3082,32752,157,99960,35.00,-7.23,-4.98
121225,2123,32240,163,99960,35.00,-7.25,-4.94
121267,2821,32240,188,99960,35.00,-7.21,-4.99
121289,1901,32752,175,99960,35.00,-7.22,-4.99
121311,2595,32240,220,99960,35.00,-7.21,-4.96
121333,2775,32752,263,99960,35.00,-7.21,-4.97
121355,2695,32240,249,99960,35.00,-7.26,-4.97
121377,2727,32240,235,99960,35.00,-7.23,-4.94
121399,3454,32752,269,99960,35.00,-7.24,-5.00
121421,3805,32752,236,99960,35.00,-7.23,-5.01
121443,3831,32776,307,99960,35.00,-7.26,-4.97
121465,3852,33288,349,99960,35.00,-7.21,-4.93
121487,3871,34056,521,99960,35.00,-7.23,-4.98
121528,3877,34056,1081,99960,35.00,-7.24,-5.01
121550,3853,34568,1555,99960,35.00,-7.24,-5.01
121572,3860,34952,1100,99960,35.00,-7.24,-4.95
121594,3837,34568,781,99960,35.00,-7.21,-4.97
121616,3839,32776,639,99960,35.00,-7.18,-5.04
121638,3832,32752,431,99960,35.00,-7.17,-4.99
121660,1431,32240,185,99960,35.00,-7.20,-4.98
121682,267,32240,115,99960,35.00,-7.27,-4.96
121704,0,32776,86,99960,35.00,-7.26,-4.94
121726,0,33288,56,99960,35.00,-7.23,-5.00
121769,0,32752,71,99960,35.00,-7.23,-4.99
121791,0,32240,101,99960,35.00,-7.28,-4.94
121813,0,32752,103,99960,35.00,-7.26,-4.95
121835,0,32752,81,99960,35.00,-7.19,-4.93
121857,0,32752,51,99960,35.00,-7.25,-4.99
121879,0,32752,51,99960,35.00,-7.22,-5.00
121901,0,32752,57,99960,35.00,-7.24,-5.01
121923,0,32240,103,99960,35.00,-7.20,-4.96
121945,0,32240,163,99960,35.00,-7.26,-4.99
121967,843,32240,231,99960,35.00,-7.22,-4.96
122515,251,32752,189,99960,35.29,-7.25,-4.99
122551,2931,52632,189,99960,35.00,-7.23,-4.99
122573,3692,53144,181,99960,35.00,-7.22,-4.99
122595,2846,53848,175,99960,35.00,-7.23,-4.96
122617,3080,53336,185,99960,35.00,-7.19,-4.97
122639,2203,54616,165,99960,35.00,-7.24,-5.02
122661,1259,55128,131,99960,35.00,-7.16,-4.98
122683,3863,55128,149,99960,35.00,-7.17,-4.98
122705,3854,56024,139,99960,35.00,-7.28,-5.00
122727,3859,57400,146,99960,35.00,-7.22,-4.96
122749,3851,58680,147,99960,35.00,-7.22,-4.99
122791,3851,61368,159,99960,35.00,-7.26,-4.98
122813,3821,65540,181,99960,35.00,-7.25,-4.99
122835,3555,66820,173,99960,35.00,-7.26,-4.97
122857,3831,67332,181,99960,35.00,-7.24,-4.96
122879,3631,67332,171,99960,35.00,-7.24,-5.00
122901,2478,67716,139,99960,35.00,-7.24,-4.96
122923,2373,67332,113,99960,35.00,-7.26,-4.97
122945,3102,65528,136,99960,35.00,-7.24,-4.99
122967,2521,64248,119,99960,35.00,-7.23,-5.00
122989,2125,62840,135,99960,35.00,-7.23,-4.95
123032,2344,61560,139,99960,35.00,-7.24,-4.96
123054,2459,60088,181,99960,35.00,-7.23,-4.97
123076,2164,60088,175,99960,35.00,-7.23,-5.02
123098,1848,60088,185,99960,35.00,-7.24,-4.96
123120,1529,59576,153,99960,35.00,-7.22,-4.96
123142,2895,59576,171,99960,35.00,-7.19,-4.98
123164,3482,59576,173,99960,35.00,-7.24,-4.99
123186,2205,59576,147,99960,35.00,-7.24,-4.97
123208,1935,59576,125,99960,35.00,-7.25,-4.99
123230,1945,59576,139,99960,35.00,-7.21,-4.97
123272,1813,59576,147,99960,35.00,-7.20,-5.00
123294,947,59576,140,99960,35.00,-7.20,-4.97
123316,1467,59192,160,99960,35.00,-7.19,-4.98
123338,1433,59192,163,99960,35.00,-7.24,-5.00
123360,1419,59192,148,99960,35.00,-7.25,-4.97
123382,229,59192,117,99960,35.00,-7.24,-4.99
123404,787,59576,120,99960,35.00,-7.17,-4.96
123426,1367,62072,109,99960,35.00,-7.23,-4.97
123448,1419,64248,101,99960,35.00,-7.23,-4.98
123470,1101,65016,117,99960,35.00,-7.23,-4.96
123492,1853,63736,142,99960,35.00,-7.27,-5.00
123533,2285,61368,166,99960,35.00,-7.22,-5.00
123555,1339,59576,141,99960,35.00,-7.22,-5.00
123577,1326,59192,147,99960,35.00,-7.21,-4.95
123599,2293,59192,171,99960,35.00,-7.25,-4.96
123621,1863,59192,159,99960,35.00,-7.22,-4.98
123643,1605,59192,138,99960,35.00,-7.22,-4.99
123665,1715,59192,119,99960,35.00,-7.22,-5.00
123687,2271,59192,125,99960,35.00,-7.23,-4.98
123709,1915,59192,122,99960,35.00,-7.22,-4.96
123731,1819,59192,134,99960,35.00,-7.20,-5.00
123774,1526,59192,133,99960,35.00,-7.24,-4.91
123796,2009,59192,160,99960,35.00,-7.22,-4.98
123818,3321,59192,210,99960,35.00,-7.22,-4.96
123840,1589,59192,172,99960,35.00,-7.21,-4.98
123862,1395,60856,147,99960,35.00,-7.25,-4.96
123884,2201,61560,139,99960,35.00,-7.24,-4.94
123906,3813,61560,176,99960,35.00,-7.22,-4.97
123928,2421,60088,152,99960,35.00,-7.24,-4.96
123950,1752,59576,133,99960,35.00,-7.27,-5.02
123972,1433,59192,135,99960,35.00,-7.23,-5.00
124556,2639,59576,173,99960,35.70,-7.23,-4.99
124596,2025,57912,171,99960,35.00,-7.21,-4.97
124618,1514,57304,173,99960,35.00,-7.20,-4.97
124640,2127,57912,184,99960,35.00,-7.26,-5.00
124662,661,57304,158,99960,35.00,-7.21,-5.00
124684,3861,54616,223,99960,35.00,-7.23,-4.95
124706,2185,53144,156,99960,35.00,-7.19,-4.99
124728,1637,52632,135,99960,35.00,-7.21,-5.01
124750,1641,52632,135,99960,35.00,-7.21,-4.98
124772,1863,52632,143,99960,35.00,-7.24,-4.95
124794,538,50968,121,99960,35.00,-7.24,-4.96
124836,1291,50968,168,99960,35.00,-7.23,-4.95
124858,1205,55128,169,99960,35.00,-7.23,-5.00
124880,791,57400,167,99960,35.00,-7.24,-4.96
124902,537,58680,155,99960,35.00,-7.28,-4.97
124924,0,57912,135,99960,35.00,-7.21,-4.93
124946,1,59192,136,99960,35.00,-7.24,-4.96
124968,0,60856,111,99960,35.00,-7.22,-4.97
124990,2917,60856,164,99960,35.00,-7.23,-4.96
125576,3087,59576,143,99960,35.18,-7.25,-4.94
125618,3847,30576,187,99960,35.00,-7.20,-5.04
125640,2684,27312,173,99960,35.00,-7.24,-4.96
125662,1238,27312,152,99960,35.00,-7.22,-5.02
125684,133,28080,149,99960,35.00,-7.21,-4.98
125706,2571,28080,183,99960,35.00,-7.27,-4.96
125728,3451,28592,179,99960,35.00,-7.25,-4.99
125750,3769,28784,169,99960,35.00,-7.20,-5.01
125772,2457,29296,141,99960,35.00,-7.18,-5.04
125794,3446,30064,152,99960,35.00,-7.25,-4.96
125816,2683,62072,143,99960,35.00,-7.23,-4.95
125859,2775,83220,157,99960,35.00,-7.23,-4.99
125881,1920,63352,140,99960,35.00,-7.21,-4.96
125903,2547,63352,211,99960,35.00,-7.24,-4.99
125925,3848,63352,200,99960,35.00,-7.26,-4.94
125947,3847,63352,184,99960,35.00,-7.24,-4.98
125969,2937,63352,151,99960,35.00,-7.23,-5.00
125991,1309,63352,107,99960,35.00,-7.22,-4.97
126597,2423,63352,127,99960,35.42,-7.26,-5.00
126628,1711,12384,152,99960,35.00,-7.21,-4.95
126650,1435,13664,143,99960,35.00,-7.24,-5.02
126672,1724,14560,131,99960,35.00,-7.16,-5.00
126694,2313,16352,147,99960,35.00,-7.25,-4.98
126716,1949,17680,135,99960,35.00,-7.23,-4.95
126738,991,18576,126,99960,35.00,-7.21,-5.00
126760,659,19856,126,99960,35.00,-7.21,-4.97
126801,574,21072,149,99960,35.00,-7.30,-4.97
126823,249,28784,151,99960,35.00,-7.26,-4.94
126845,735,30576,149,99960,35.00,-7.24,-4.96
126867,1449,32240,168,99960,35.00,-7.19,-4.98
126889,1183,32752,149,99960,35.00,-7.20,-4.99
126911,1081,32752,135,99960,35.00,-7.19,-5.01
126933,1097,32776,119,99960,35.00,-7.28,-4.93
126955,1511,33288,123,99960,35.00,-7.21,-4.96
126977,1343,34056,111,99960,35.00,-7.21,-4.98
126999,2211,34568,137,99960,35.00,-7.21,-4.98
127042,2250,34952,137,99960,35.00,-7.26,-5.01
127064,0,35464,119,99960,35.00,-7.15,-4.96
127086,0,36744,117,99960,35.00,-7.28,-4.94
127108,0,36744,117,99960,35.00,-7.24,-4.95
127130,1085,36744,124,99960,35.00,-7.20,-4.97
127152,1579,36936,119,99960,35.00,-7.22,-5.01
127174,1589,36936,105,99960,35.00,-7.22,-4.98
127196,631,36936,92,99960,35.00,-7.22,-4.99
127218,1369,37448,115,99960,35.00,-7.26,-4.97
127240,1943,37448,139,99960,35.00,-7.23,-4.95
127282,1647,38216,136,99960,35.00,-7.22,-4.99
127304,0,37448,104,99960,35.00,-7.20,-4.99
127326,2413,38728,178,99960,35.00,-7.23,-4.97
127348,2216,39112,191,99960,35.00,-7.25,-4.96
127370,215,39624,134,99960,35.00,-7.25,-4.98
127392,3419,40392,219,99960,35.00,-7.21,-5.00
127414,2441,40392,173,99960,35.00,-7.19,-4.97
127436,1179,40392,143,99960,35.00,-7.23,-5.00
127458,3861,40904,197,99960,35.00,-7.24,-5.00
127480,3480,40904,187,99960,35.00,-7.29,-4.97
127502,3766,41000,217,99960,35.00,-7.20,-4.97
127543,3115,41000,215,99960,35.00,-7.22,-4.95
127565,3821,41000,208,99960,35.00,-7.26,-4.97
127587,3197,41512,203,99960,35.00,-7.25,-4.93
127609,2763,41512,187,99960,35.00,-7.21,-4.99
127631,2701,41512,171,99960,35.00,-7.21,-4.98
127653,3251,41512,155,99960,35.00,-7.25,-5.03
127675,2879,42280,135,99960,35.00,-7.22,-5.00
127697,2151,42280,121,99960,35.00,-7.24,-4.95
127719,2503,42280,119,99960,35.00,-7.23,-4.96
127741,2413,42280,95,99960,35.00,-7.23,-4.93
127783,1757,42280,89,99960,35.00,-7.24,-4.92
127805,1545,42280,95,99960,35.00,-7.24,-4.96
127827,1234,42280,75,99960,35.00,-7.24,-4.96
127849,941,42280,72,99960,35.00,-7.24,-4.98
127871,0,42280,69,99960,35.00,-7.24,-5.03
127893,346,42280,88,99960,35.00,-7.22,-4.98
127915,1107,42792,69,99960,35.00,-7.20,-4.96
127937,955,42792,45,99960,35.00,-7.21,-4.98
127959,41,42792,24,99960,35.00,-7.26,-4.94
127981,0,42792,31,99960,35.00,-7.23,-4.96
128383,0,42792,29,99960,36.28,-7.23,-4.96
128425,2285,42792,199,99960,35.00,-7.26,-4.99
128447,2015,42792,184,99960,35.00,-7.21,-4.97
128469,1213,42792,175,99960,35.00,-7.23,-5.00
128491,1549,42792,170,99960,35.00,-7.21,-4.97
128513,1503,43176,143,99960,35.00,-7.21,-4.97
128535,1557,42792,120,99960,35.00,-7.26,-4.98
128557,1378,43176,109,99960,35.00,-7.29,-5.02
128579,925,43176,100,99960,35.00,-7.15,-4.92
128601,729,43176,115,99960,35.00,-7.28,-4.99
128623,659,43176,147,99960,35.00,-7.37,-5.11
128665,681,42792,164,99960,35.00,-7.26,-4.99
128687,1481,42792,169,99960,35.00,-7.28,-5.05
128709,1619,42792,180,99960,35.00,-7.23,-4.98
128731,1685,42792,186,99960,35.00,-7.24,-4.93
128753,1510,42792,181,99960,35.00,-7.19,-4.93
128775,1385,42792,181,99960,35.00,-7.30,-5.04
128797,1990,42792,180,99960,35.00,-7.21,-4.92
128819,2147,42792,175,99960,35.00,-7.12,-4.91
128841,1547,42792,166,99960,35.00,-7.22,-4.99
128863,1045,42792,181,99960,35.00,-7.34,-5.07
128885,1609,42792,181,99960,35.00,-7.42,-5.08
128926,574,42792,169,99960,35.00,-7.21,-4.99
128948,506,42792,151,99960,35.00,-7.22,-4.98
128970,1131,42792,133,99960,35.00,-7.24,-4.98
128992,174,42792,133,99960,35.00,-7.14,-4.95
129403,303,42792,150,99960,35.82,-7.28,-5.02
129431,3871,42280,262,99960,35.00,-7.16,-4.93
129453,2409,41512,267,99960,35.00,-7.64,-5.34
129475,2278,42280,264,99960,35.00,-7.61,-5.27
129497,1779,42280,249,99960,35.00,-7.11,-4.87
129519,1447,42280,227,99960,35.00,-7.19,-4.92
129541,1157,42280,221,99960,35.00,-7.13,-4.89
129563,1147,42280,233,99960,35.00,-7.23,-4.99
129585,1196,41512,253,99960,35.00,-7.33,-4.99
129607,1109,42280,271,99960,35.00,-7.22,-4.97
129648,906,42280,313,99960,35.00,-7.19,-4.99
129670,971,41512,338,99960,35.00,-7.28,-4.98
129692,853,41512,355,99960,35.00,-7.23,-4.97
129714,1070,41512,372,99960,35.00,-7.20,-4.96
129736,1461,41512,411,99960,35.00,-7.25,-4.98
129758,1841,41000,458,99960,35.00,-7.24,-4.98
129780,1677,41000,469,99960,35.00,-7.24,-4.95
129802,1491,40904,491,99960,35.00,-7.22,-4.97
129824,1397,40904,505,99960,35.00,-7.21,-4.96
129846,398,40904,443,99960,35.00,-7.20,-5.00
129888,0,40904,365,99960,35.00,-7.22,-4.98
129910,0,41000,315,99960,35.00,-7.21,-4.98
129932,0,41000,285,99960,35.00,-7.24,-5.00
129954,0,41512,263,99960,35.00,-7.25,-4.99
129976,0,41512,233,99960,35.00,-7.23,-5.00
129998,0,41512,215,99960,35.00,-7.23,-4.96
130020,0,41512,219,99960,35.00,-7.21,-4.94
130042,995,41512,229,99960,35.00,-7.24,-4.96
130064,1693,41512,233,99960,35.00,-7.25,-4.98
130086,2259,41512,253,99960,35.00,-7.21,-4.97
130108,1901,41512,238,99960,35.00,-7.20,-4.99
130149,121,41512,189,99960,35.00,-7.19,-4.92
130171,0,41000,188,99960,35.00,-7.24,-5.01
130193,455,41000,216,99960,35.00,-7.19,-4.96
130215,517,41000,184,99960,35.00,-7.22,-4.97
130237,0,41512,159,99960,35.00,-7.22,-4.98
130259,0,41000,178,99960,35.00,-7.23,-5.00
130281,0,41512,175,99960,35.00,-7.21,-4.96
130303,0,41512,233,99960,35.00,-7.19,-4.92
130325,0,41512,205,99960,35.00,-7.24,-4.95
130347,1306,41512,171,99960,35.00,-7.24,-4.97
130390,345,41512,124,99960,35.00,-7.26,-4.98
130412,39,41512,146,99960,35.00,-7.27,-4.97
130434,243,41512,155,99960,35.00,-7.19,-4.99
130456,407,41512,152,99960,35.00,-7.25,-4.98
130478,327,41512,142,99960,35.00,-7.23,-4.98
130500,765,41512,165,99960,35.00,-7.28,-4.95
130522,1173,41512,157,99960,35.00,-7.23,-4.96
130544,283,41512,103,99960,35.00,-7.27,-5.00
130566,0,41512,79,99960,35.00,-7.22,-4.98
130588,0,41512,90,99960,35.00,-7.20,-4.96
130630,0,41512,99,99960,35.00,-7.22,-5.00
130652,489,41000,125,99960,35.00,-7.22,-4.98
130674,1421,41000,171,99960,35.00,-7.23,-4.97
130696,1804,41000,175,99960,35.00,-7.23,-5.00
130718,0,40904,180,99960,35.00,-7.21,-4.98
130740,0,41512,175,99960,35.00,-7.25,-4.94
130762,0,41512,100,99960,35.00,-7.24,-4.99
130784,0,41512,85,99960,35.00,-7.21,-4.98
130806,0,42280,87,99960,35.00,-7.23,-4.97
130828,1815,41512,137,99960,35.00,-7.23,-5.02
130850,2171,41512,147,99960,35.00,-7.22,-4.95
130891,2422,41512,171,99960,35.00,-7.27,-4.96
130913,3823,41512,231,99960,35.00,-7.23,-5.01
130935,3855,41512,243,99960,35.00,-7.24,-4.98
130957,3861,41512,211,99960,35.00,-7.22,-5.01
130979,2293,41512,139,99960,35.00,-7.27,-4.99
131699,1893,41512,119,99960,35.26,-7.24,-4.97
131733,2027,40904,179,99960,35.00,-7.17,-4.97
131755,1183,40904,152,99960,35.00,-7.21,-4.97
131777,1213,40904,157,99960,35.00,-7.24,-4.96
131799,1407,40904,173,99960,35.00,-7.22,-4.97
131821,1753,40904,169,99960,35.00,-7.23,-4.96
131843,1862,41000,157,99960,35.00,-7.25,-5.01
131865,1915,41000,148,99960,35.00,-7.22,-5.00
131887,1716,41000,141,99960,35.00,-7.24,-5.00
131909,1351,41000,139,99960,35.00,-7.21,-4.94
131931,1273,41000,139,99960,35.00,-7.26,-4.96
131974,1191,41000,139,99960,35.00,-7.22,-4.96
131996,1253,41000,171,99960,35.00,-7.18,-4.94
132720,1622,41000,179,99960,35.78,-7.25,-4.95
132756,1688,41000,158,99960,35.00,-7.22,-5.01
132778,1404,41000,147,99960,35.00,-7.24,-4.98
132800,1576,41000,159,99960,35.00,-7.22,-4.99
132822,1865,41000,167,99960,35.00,-7.23,-4.96
132844,2086,41000,164,99960,35.00,-7.24,-4.98
132866,2189,41000,152,99960,35.00,-7.20,-4.97
132888,2129,41000,127,99960,35.00,-7.22,-4.94
132910,2091,41000,121,99960,35.00,-7.25,-4.98
132932,2007,41000,122,99960,35.00,-7.24,-5.02
132954,1719,41000,127,99960,35.00,-7.21,-5.00
132996,1540,40904,140,99960,35.00,-7.21,-4.94
133740,1375,40904,152,99960,35.99,-7.21,-5.00
133778,1691,40904,163,99960,35.00,-7.22,-4.98
133800,1529,40904,157,99960,35.00,-7.23,-4.95
133822,1691,40904,159,99960,35.00,-7.22,-4.97
133844,1875,40904,168,99960,35.00,-7.23,-4.98
133866,1981,40904,157,99960,35.00,-7.23,-4.99
133888,2045,40904,153,99960,35.00,-7.23,-5.00
133910,1983,40904,137,99960,35.00,-7.25,-4.98
133932,1846,40904,126,99960,35.00,-7.24,-4.98
133954,1737,40904,123,99960,35.00,-7.21,-5.00
133976,1678,40904,127,99960,35.00,-7.20,-4.97
133998,1555,40904,141,99960,35.00,-7.24,-4.98
134039,1513,40904,155,99960,35.00,-7.20,-5.01
134061,1524,40904,155,99960,35.00,-7.25,-5.00
134083,1684,40904,165,99960,35.00,-7.22,-4.99
134105,1886,40904,169,99960,35.00,-7.23,-4.97
134127,1929,40904,157,99960,35.00,-7.21,-4.99
134149,1909,40904,145,99960,35.00,-7.21,-4.98
134171,1947,40904,137,99960,35.00,-7.19,-4.98
134193,1876,40904,132,99960,35.00,-7.25,-4.97
134215,1823,40904,123,99960,35.00,-7.26,-5.00
134237,1692,40904,137,99960,35.00,-7.22,-4.96
134279,1573,40904,139,99960,35.00,-7.22,-4.97
134301,1483,40904,154,99960,35.00,-7.22,-4.99
134323,1553,40904,158,99960,35.00,-7.22,-4.95
134345,1745,40904,163,99960,35.00,-7.23,-4.98
134367,1960,40904,159,99960,35.00,-7.23,-4.96
134389,2045,40904,151,99960,35.00,-7.19,-4.98
134411,2067,40904,142,99960,35.00,-7.24,-5.00
134433,1913,40904,137,99960,35.00,-7.21,-5.00
134455,1767,40904,123,99960,35.00,-7.25,-4.99
134477,1672,40904,127,99960,35.00,-7.26,-4.98
134499,1594,40904,135,99960,35.00,-7.20,-4.97
134540,1559,40904,150,99960,35.00,-7.26,-4.95
134562,1517,40392,156,99960,35.00,-7.26,-4.97
134584,1619,40392,157,99960,35.00,-7.23,-4.94
134606,1789,40392,163,99960,35.00,-7.20,-4.96
134628,1865,40904,157,99960,35.00,-7.24,-4.99
134650,1963,40904,145,99960,35.00,-7.25,-4.96
134672,1980,40904,135,99960,35.00,-7.25,-4.98
134694,1911,40904,125,99960,35.00,-7.22,-4.98
134716,1813,40904,133,99960,35.00,-7.25,-4.97
134738,1628,40904,124,99960,35.00,-7.24,-4.98
134781,1469,40904,137,99960,35.00,-7.25,-4.98
134803,1607,40392,155,99960,35.00,-7.24,-4.97
134825,1683,40904,160,99960,35.00,-7.25,-4.96
134847,1804,40904,163,99960,35.00,-7.22,-5.01
134869,1951,40904,159,99960,35.00,-7.20,-4.94
134891,1995,40904,145,99960,35.00,-7.20,-4.99
134913,2025,40904,135,99960,35.00,-7.22,-4.95
134935,1847,40904,123,99960,35.00,-7.20,-4.96
134957,1763,40904,124,99960,35.00,-7.24,-4.94
134979,1575,40904,126,99960,35.00,-7.23,-4.96
135021,1405,40904,137,99960,35.00,-7.22,-5.00
135043,1533,40904,153,99960,35.00,-7.25,-4.96
135065,1631,40904,157,99960,35.00,-7.24,-4.98
135087,1819,40904,165,99960,35.00,-7.22,-4.96
135109,1892,40904,153,99960,35.00,-7.21,-4.92
135131,1980,40904,149,99960,35.00,-7.22,-4.96
135153,1995,40904,131,99960,35.00,-7.25,-4.98
135175,1879,40904,127,99960,35.00,-7.24,-4.98
135197,1725,40904,121,99960,35.00,-7.24,-4.98
135219,1690,40904,125,99960,35.00,-7.25,-4.98
135241,1545,40904,134,99960,35.00,-7.22,-4.97
135282,1529,41000,147,99960,35.00,-7.26,-4.95
135304,1564,40904,153,99960,35.00,-7.23,-5.00
135326,1673,40904,157,99960,35.00,-7.22,-5.00
135348,1807,40904,163,99960,35.00,-7.23,-5.01
135370,1900,40904,155,99960,35.00,-7.21,-4.97
135392,1994,41000,147,99960,35.00,-7.25,-4.99
135414,2072,41000,137,99960,35.00,-7.24,-4.97
135436,1981,41000,125,99960,35.00,-7.21,-4.96
135458,1869,41000,126,99960,35.00,-7.25,-4.98
135480,1705,40904,139,99960,35.00,-7.25,-4.95
135523,1593,41000,141,99960,35.00,-7.21,-4.95
135545,1635,40904,157,99960,35.00,-7.21,-4.99
135567,1707,40904,159,99960,35.00,-7.23,-4.95
135589,1884,40904,169,99960,35.00,-7.22,-4.97
135611,1995,41000,155,99960,35.00,-7.24,-4.96
135633,2135,41000,153,99960,35.00,-7.22,-4.98
135655,2159,41000,137,99960,35.00,-7.21,-4.96
135677,2018,41000,134,99960,35.00,-7.24,-4.96
135699,1832,41000,125,99960,35.00,-7.25,-4.98
135721,1625,41000,137,99960,35.00,-7.24,-4.96
135763,1496,41000,140,99960,35.00,-7.20,-4.99
135785,1517,41000,153,99960,35.00,-7.22,-4.98
135807,1596,41000,152,99960,35.00,-7.25,-4.94
135829,1677,40904,159,99960,35.00,-7.24,-4.97
135851,1899,40904,179,99960,35.00,-7.22,-4.98
135873,1911,40904,142,99960,35.00,-7.21,-4.97
135895,1767,40904,137,99960,35.00,-7.25,-5.03
135917,1928,41000,124,99960,35.00,-7.21,-4.95
135939,1505,41000,117,99960,35.00,-7.24,-4.99
135961,1583,40904,136,99960,35.00,-7.21,-4.99
135983,1683,40904,145,99960,35.00,-7.24,-4.96
136024,1669,40904,157,99960,35.00,-7.22,-4.96
136046,1593,40904,153,99960,35.00,-7.21,-4.96
136068,1695,40904,158,99960,35.00,-7.22,-4.96
136090,1851,40904,159,99960,35.00,-7.19,-4.96
136112,2008,40904,153,99960,35.00,-7.20,-5.01
136134,2030,40904,139,99960,35.00,-7.26,-4.95
136156,2148,41000,132,99960,35.00,-7.24,-4.99
136178,1399,41000,117,99960,35.00,-7.23,-4.98
136200,1705,41000,122,99960,35.00,-7.22,-4.96
136222,1669,40904,123,99960,35.00,-7.19,-4.99
136264,1861,40904,135,99960,35.00,-7.21,-4.97
136286,1619,40904,125,99960,35.00,-7.24,-4.98
136308,248,40904,137,99960,35.00,-7.21,-4.97
136330,587,40904,168,99960,35.00,-7.21,-4.97
136352,2039,40904,183,99960,35.00,-7.22,-4.95
136374,2536,41000,163,99960,35.00,-7.19,-4.97
136396,2600,41000,139,99960,35.00,-7.25,-4.96
136418,2251,41000,123,99960,35.00,-7.25,-5.01
136440,1981,41000,117,99960,35.00,-7.20,-5.00
136462,1834,41000,125,99960,35.00,-7.22,-4.96
136484,1753,40904,135,99960,35.00,-7.22,-5.00
136525,1756,40904,141,99960,35.00,-7.23,-4.99
136547,1443,40904,135,99960,35.00,-7.24,-4.93
136569,1547,40904,147,99960,35.00,-7.26,-4.97
136591,1710,40904,149,99960,35.00,-7.24,-4.96
136613,1725,40904,142,99960,35.00,-7.22,-4.96
136635,1356,40904,137,99960,35.00,-7.26,-4.96
136657,1764,41000,136,99960,35.00,-7.22,-4.97
136679,1719,41000,123,99960,35.00,-7.24,-4.97
136701,2205,41000,137,99960,35.00,-7.19,-4.99
136723,2975,40904,121,99960,35.00,-7.27,-4.96
136766,3283,40904,101,99960,35.00,-7.27,-4.95
136788,0,40904,139,99960,35.00,-7.21,-4.99
136810,0,41000,155,99960,35.00,-7.23,-4.96
136832,1677,41000,169,99960,35.00,-7.22,-4.97
136854,475,41000,153,99960,35.00,-7.24,-4.95
136876,1785,41000,183,99960,35.00,-7.22,-4.98
136898,3479,41000,179,99960,35.00,-7.21,-4.97
136920,3833,41000,142,99960,35.00,-7.23,-5.01
136942,2585,41000,115,99960,35.00,-7.23,-4.97
136964,1470,41000,125,99960,35.00,-7.25,-4.98
137566,1751,41000,141,99960,35.76,-7.24,-4.99
137608,0,41000,151,99960,35.00,-7.22,-4.97
137630,3759,40904,149,99960,35.00,-7.22,-5.00
137652,0,41000,109,99960,35.00,-7.23,-4.96
137674,0,41000,147,99960,35.00,-7.23,-4.95
137696,0,41000,175,99960,35.00,-7.23,-4.98
137718,0,41000,217,99960,35.00,-7.22,-4.94
137740,3861,29296,4095,99960,35.00,-7.25,-4.97
137762,3864,36232,3933,99960,35.00,-7.26,-4.99
137784,3879,37448,3722,99960,35.00,-7.22,-4.98
137806,3875,38728,3443,99960,35.00,-7.22,-5.01
137848,3875,38728,3499,99960,35.00,-7.22,-5.00
137870,3861,39112,3300,99960,35.00,-7.22,-5.01
137892,3875,39112,2891,99960,35.00,-7.22,-4.99
137914,3871,40904,2024,99960,35.00,-7.23,-4.95
137936,3887,40904,1370,99960,35.00,-7.25,-5.00
137958,0,40904,726,99960,35.00,-7.23,-5.00
137980,28,41000,367,99960,35.00,-7.23,-4.97
138586,3036,41000,264,99960,34.98,-7.23,-4.97
138617,2235,65528,135,99960,35.00,-7.24,-4.98
138639,3853,52632,168,99960,35.00,-7.20,-4.96
138661,3853,45672,150,99960,35.00,-7.25,-5.01
138683,3851,43176,140,99960,35.00,-7.26,-5.00
138705,2476,48616,113,99960,35.00,-7.22,-5.03
138727,3284,56792,149,99960,35.00,-7.22,-5.00
138749,3479,62840,179,99960,35.00,-7.22,-4.95
138791,3867,53144,197,99960,35.00,-7.23,-4.97
138813,3858,50968,201,99960,35.00,-7.19,-5.01
138835,3852,65016,212,99960,35.00,-7.24,-5.00
138857,3735,78436,215,99960,35.00,-7.25,-4.97
138879,3207,91956,187,99960,35.00,-7.24,-4.98
138901,3835,91956,181,99960,35.00,-7.26,-4.97
138923,2623,91956,154,99960,35.00,-7.25,-4.98
138945,3832,91956,183,99960,35.00,-7.21,-4.96
138967,3845,91956,185,99960,35.00,-7.23,-4.99
138989,2603,91956,163,99960,35.00,-7.24,-4.96
139031,3876,91956,235,99960,35.00,-7.22,-4.96
139053,1,91956,159,99960,35.00,-7.19,-5.02
139075,0,91956,172,99960,35.00,-7.27,-5.00
139097,1,91956,157,99960,35.00,-7.24,-4.96
139119,3861,91956,230,99960,35.00,-7.24,-4.99
139141,3863,91956,189,99960,35.00,-7.25,-4.97
139163,3851,91956,169,99960,35.00,-7.23,-4.99
139185,3833,91956,169,99960,35.00,-7.22,-5.00
139207,3263,91956,159,99960,35.00,-7.24,-4.97
139229,2695,91956,155,99960,35.00,-7.20,-4.98
139251,3112,91956,173,99960,35.00,-7.22,-4.98
139292,2759,91956,189,99960,35.00,-7.27,-4.95
139314,3833,91956,231,99960,35.00,-7.22,-5.00
139336,3837,91956,221,99960,35.00,-7.21,-4.97
139358,2845,91956,179,99960,35.00,-7.20,-4.98
139380,2622,91956,169,99960,35.00,-7.26,-5.00
139402,3832,91956,185,99960,35.00,-7.22,-4.93
139424,3809,91956,175,99960,35.00,-7.23,-4.96
139446,2724,91956,140,99960,35.00,-7.23,-4.95
139468,3404,91956,163,99960,35.00,-7.22,-5.01
139490,3833,91956,197,99960,35.00,-7.26,-4.96
139533,1566,91956,159,99960,35.00,-7.25,-4.96
139555,1805,91956,187,99960,35.00,-7.24,-4.98
139577,2239,91956,203,99960,35.00,-7.24,-4.99
139599,2281,91956,188,99960,35.00,-7.22,-4.98
139621,2121,91956,170,99960,35.00,-7.24,-4.97
139643,1783,91956,151,99960,35.00,-7.26,-4.97
139665,2040,91956,149,99960,35.00,-7.20,-4.96
139687,1871,91956,137,99960,35.00,-7.21,-5.00
139709,1561,91956,136,99960,35.00,-7.25,-4.96
139731,2525,91956,174,99960,35.00,-7.25,-4.98
139773,0,91956,107,99960,35.00,-7.23,-5.01
139795,1477,91956,167,99960,35.00,-7.22,-4.99
139817,0,91956,147,99960,35.00,-7.26,-4.97
139839,211,71876,151,99960,35.00,-7.24,-4.98
139861,383,49176,141,99960,35.00,-7.26,-4.96
139883,1618,43688,149,99960,35.00,-7.19,-4.98
139905,1763,41512,137,99960,35.00,-7.24,-4.98
139927,1927,41000,139,99960,35.00,-7.22,-4.96
139949,965,41000,117,99960,35.00,-7.24,-4.96
139971,1235,41000,133,99960,35.00,-7.22,-4.99
140372,955,41000,137,99960,34.94,-7.22,-4.96
140415,3858,39624,279,99960,35.00,-7.25,-4.95
140437,3859,39112,553,99960,35.00,-7.27,-4.98
140459,3869,39112,859,99960,35.00,-7.22,-4.96
140481,3868,38728,1608,99960,35.00,-7.22,-4.97
140503,3871,38216,1993,99960,35.00,-7.23,-4.98
140525,3880,38728,1981,99960,35.00,-7.27,-4.98
140547,3863,38728,1715,99960,35.00,-7.23,-4.98
140569,3858,38728,1336,99960,35.00,-7.19,-4.97
140591,3860,37448,384,99960,35.00,-7.22,-4.97
140613,0,36744,0,99960,35.00,-7.23,-4.97
140655,0,36232,0,99960,35.00,-7.24,-4.95
140677,0,33288,0,99960,35.00,-7.21,-4.98
140699,0,30064,0,99960,35.00,-7.22,-4.95
140721,0,25904,41,99960,35.00,-7.21,-5.01
140743,0,22736,53,99960,35.00,-7.22,-5.00
140765,0,20368,61,99960,35.00,-7.23,-4.95
140787,0,18192,89,99960,35.00,-7.26,-4.96
140809,2323,16400,147,99960,35.00,-7.24,-4.97
140831,2095,14560,133,99960,35.00,-7.23,-4.98
140853,1807,13664,165,99960,35.00,-7.24,-4.97
140875,3025,12384,211,99960,35.00,-7.21,-5.00
140916,3795,12192,239,99960,35.00,-7.19,-4.98
140938,3561,10016,215,99960,35.00,-7.21,-4.96
140960,1893,8736,201,99960,35.00,-7.24,-4.96
140982,0,8736,155,99960,35.00,-7.24,-4.93
141392,0,8736,141,99960,36.40,-7.24,-4.99
141420,1636,12384,88,99960,35.00,-7.24,-4.96
141442,1353,11680,101,99960,35.00,-7.22,-4.97
141464,2376,10912,119,99960,35.00,-7.23,-5.01
141486,1917,10400,106,99960,35.00,-7.22,-4.99
141508,2151,10016,101,99960,35.00,-7.22,-4.99
141530,2172,5952,99,99960,35.00,-7.21,-4.97
141552,2270,2176,97,99960,35.00,-7.22,-4.95
141574,2013,2176,119,99960,35.00,-7.26,-4.98
141596,2483,3456,137,99960,35.00,-7.25,-4.99
141638,2277,4160,149,99960,35.00,-7.24,-4.98
141660,0,4672,122,99960,35.00,-7.22,-4.92
141682,3860,5440,233,99960,35.00,-7.24,-4.94
141704,2804,5440,145,99960,35.00,-7.27,-5.01
141726,2815,5952,159,99960,35.00,-7.25,-4.97
141748,3818,6336,151,99960,35.00,-7.25,-4.96
141770,3858,6336,157,99960,35.00,-7.24,-4.98
141792,3279,6336,139,99960,35.00,-7.23,-4.96
141814,616,6336,83,99960,35.00,-7.26,-5.00
141836,2379,2176,163,99960,35.00,-7.21,-4.94
141878,3805,1280,179,99960,35.00,-7.24,-4.97
141900,283,1280,149,99960,35.00,-7.24,-4.96
141922,2426,1280,157,99960,35.00,-7.24,-4.97
141944,3069,512,173,99960,35.00,-7.23,-4.98
141966,3019,0,150,99960,35.00,-7.19,-4.96
141988,2855,0,151,99960,35.00,-7.23,-4.99
142413,3743,0,165,99960,35.33,-7.20,-4.99
142442,2815,8224,186,99960,35.00,-7.23,-4.98
142464,2013,8224,204,99960,35.00,-7.22,-4.98
142486,0,8224,191,99960,35.00,-7.22,-4.98
142508,2892,8736,231,99960,35.00,-7.23,-4.94
142530,2359,8736,203,99960,35.00,-7.27,-4.98
142552,3450,9504,245,99960,35.00,-7.22,-4.96
142574,1721,9504,218,99960,35.00,-7.23,-4.97
142596,2778,9504,283,99960,35.00,-7.25,-4.95
142618,3190,9504,377,99960,35.00,-7.21,-4.97
142660,3871,9504,721,99960,35.00,-7.22,-4.97
142682,3875,9504,2451,99960,35.00,-7.23,-4.99
142704,3861,9504,2812,99960,35.00,-7.21,-4.97
142726,3857,9504,2693,99960,35.00,-7.21,-5.01
142748,3867,9504,2503,99960,35.00,-7.19,-5.02
142770,3869,9504,2165,99960,35.00,-7.22,-4.99
142792,3875,9504,1674,99960,35.00,-7.25,-4.93
142814,3660,9504,1083,99960,35.00,-7.23,-4.97
142836,0,9504,407,99960,35.00,-7.23,-5.00
142858,0,8736,43,99960,35.00,-7.21,-4.96
142880,0,8736,151,99960,35.00,-7.20,-4.99
142921,0,8736,507,99960,35.00,-7.20,-4.93
142943,0,8736,573,99960,35.00,-7.22,-4.99
142965,0,8736,407,99960,35.00,-7.23,-4.96
142987,0,8736,265,99960,35.00,-7.24,-4.96
143433,0,8224,310,99960,36.28,-7.26,-4.98
143462,3855,8736,147,99960,35.00,-7.20,-4.94
143484,3857,8736,191,99960,35.00,-7.23,-4.98
143506,3869,9504,199,99960,35.00,-7.19,-4.96
143528,3868,9504,183,99960,35.00,-7.22,-5.02
143550,3875,9504,171,99960,35.00,-7.25,-4.96
143572,3865,9504,153,99960,35.00,-7.25,-5.01
143594,3861,9504,134,99960,35.00,-7.21,-4.95
143616,3819,9504,120,99960,35.00,-7.22,-5.01
143638,3528,9504,137,99960,35.00,-7.23,-4.96
143660,3409,9504,147,99960,35.00,-7.16,-4.97
143682,3757,9504,174,99960,35.00,-7.24,-5.02
143723,3555,9504,184,99960,35.00,-7.22,-4.99
143745,3817,10016,197,99960,35.00,-7.23,-4.97
143767,3823,10016,203,99960,35.00,-7.22,-4.99
143789,3661,10016,187,99960,35.00,-7.21,-4.98
143811,3221,10016,163,99960,35.00,-7.22,-4.95
143833,3027,10400,147,99960,35.00,-7.24,-4.96
143855,2798,10400,127,99960,35.00,-7.21,-5.00
143877,2733,10400,127,99960,35.00,-7.21,-5.00
143899,2569,10400,123,99960,35.00,-7.22,-4.98
143921,2419,10400,149,99960,35.00,-7.21,-5.01
143963,2457,10400,165,99960,35.00,-7.22,-5.02
143985,2795,10912,191,99960,35.00,-7.23,-4.97
144709,2579,10912,199,99960,35.92,-7.21,-4.92
144745,1660,10016,136,99960,35.00,-7.25,-4.95
144767,597,8736,141,99960,35.00,-7.22,-4.98
144789,1123,8736,157,99960,35.00,-7.26,-4.98
144811,1293,8224,154,99960,35.00,-7.25,-4.96
144833,1541,8128,146,99960,35.00,-7.26,-4.98
144855,1157,6848,134,99960,35.00,-7.19,-5.01
144877,1625,6336,127,99960,35.00,-7.19,-4.96
144899,1253,4672,119,99960,35.00,-7.22,-4.96
144921,2143,3968,157,99960,35.00,-7.27,-4.95
144943,1801,3968,141,99960,35.00,-7.24,-4.97
144965,361,3968,121,99960,35.00,-7.21,-4.96
145730,2194,3968,170,99960,35.29,-7.22,-5.02
145768,1579,12384,163,99960,35.00,-7.23,-4.94
145790,743,12384,151,99960,35.00,-7.24,-4.97
145812,1913,12384,169,99960,35.00,-7.22,-4.96
145834,1943,12384,168,99960,35.00,-7.22,-4.99
145856,2343,12384,149,99960,35.00,-7.24,-5.00
145878,2973,12192,157,99960,35.00,-7.26,-4.93
145900,3861,12192,165,99960,35.00,-7.23,-4.97
145922,3861,12192,163,99960,35.00,-7.25,-4.97
145944,3804,11680,165,99960,35.00,-7.24,-4.94
145966,1704,10912,141,99960,35.00,-7.21,-4.97
146751,2207,10912,171,99960,35.32,-7.25,-5.00
146791,1134,10016,143,99960,35.00,-7.23,-4.99
146813,1359,10016,156,99960,35.00,-7.24,-4.97
146835,1373,10400,155,99960,35.00,-7.20,-4.99
146857,1839,10400,142,99960,35.00,-7.23,-5.00
146879,1993,10400,151,99960,35.00,-7.23,-5.00
146901,2453,10400,147,99960,35.00,-7.23,-4.96
146923,2419,10400,149,99960,35.00,-7.24,-4.97
146945,1833,10400,123,99960,35.00,-7.22,-4.98
146967,2537,10016,157,99960,35.00,-7.24,-4.96
146989,1453,9504,146,99960,35.00,-7.22,-5.00
147031,1787,8736,157,99960,35.00,-7.26,-5.01
147053,1516,8128,165,99960,35.00,-7.22,-4.97
147075,1805,6848,162,99960,35.00,-7.24,-4.99
147097,2201,6336,171,99960,35.00,-7.21,-4.95
147119,2275,6848,167,99960,35.00,-7.26,-5.01
147141,1965,6848,140,99960,35.00,-7.23,-4.98
147163,2259,6848,145,99960,35.00,-7.21,-4.96
147185,2183,6848,139,99960,35.00,-7.22,-4.98
147207,2267,7616,152,99960,35.00,-7.19,-4.95
147229,2108,7616,163,99960,35.00,-7.28,-5.02
147251,1884,8128,171,99960,35.00,-7.22,-4.96
147292,1836,8224,175,99960,35.00,-7.24,-4.98
147314,1653,9504,168,99960,35.00,-7.22,-4.94
147336,1757,10016,174,99960,35.00,-7.23,-4.96
147358,1597,10400,168,99960,35.00,-7.24,-5.00
147380,2041,10400,169,99960,35.00,-7.26,-4.99
147402,2106,10912,157,99960,35.00,-7.20,-4.96
147424,2601,11680,169,99960,35.00,-7.19,-4.98
147446,2040,11680,157,99960,35.00,-7.20,-5.02
147468,2776,12192,182,99960,35.00,-7.24,-4.98
147490,3701,12192,212,99960,35.00,-7.22,-4.98
147532,2763,12192,204,99960,35.00,-7.24,-4.96
147554,3036,12896,263,99960,35.00,-7.19,-5.00
147576,1237,12896,203,99960,35.00,-7.20,-4.96
147598,2203,13664,200,99960,35.00,-7.22,-4.96
147620,2709,14176,215,99960,35.00,-7.23,-5.00
147642,2343,14560,198,99960,35.00,-7.22,-4.99
147664,2425,14560,185,99960,35.00,-7.24,-4.98
147686,2393,15072,187,99960,35.00,-7.23,-4.99
147708,2825,15072,233,99960,35.00,-7.22,-4.97
147730,2901,15072,261,99960,35.00,-7.24,-5.02
147752,2967,15840,275,99960,35.00,-7.25,-4.97
147793,2798,15840,291,99960,35.00,-7.24,-4.98
147815,3801,16352,383,99960,35.00,-7.21,-5.01
147837,3850,16352,423,99960,35.00,-7.22,-5.02
147859,3865,16352,395,99960,35.00,-7.21,-4.98
147881,3859,16352,377,99960,35.00,-7.21,-4.99
147903,3855,16352,251,99960,35.00,-7.24,-4.96
147925,1799,16352,149,99960,35.00,-7.21,-4.98
147947,1428,16400,163,99960,35.00,-7.21,-4.99
147969,377,16400,157,99960,35.00,-7.26,-5.00
147991,1099,16400,217,99960,35.00,-7.24,-4.97
148034,2516,16400,345,99960,35.00,-7.27,-4.98
148056,2397,16400,286,99960,35.00,-7.21,-4.95
148078,2415,16912,325,99960,35.00,-7.23,-4.98
148100,3835,16912,416,99960,35.00,-7.24,-5.00
148122,1380,16912,221,99960,35.00,-7.20,-4.96
148144,2203,16912,299,99960,35.00,-7.19,-5.00
148166,2327,16400,254,99960,35.00,-7.23,-4.93
148188,1242,16400,183,99960,35.00,-7.23,-5.01
148210,529,16352,167,99960,35.00,-7.22,-4.99
148232,0,16352,166,99960,35.00,-7.24,-4.96
148274,697,16352,226,99960,35.00,-7.26,-4.95
148296,540,16352,221,99960,35.00,-7.22,-4.98
148318,198,16352,199,99960,35.00,-7.22,-4.97
148340,1119,15840,220,99960,35.00,-7.24,-5.01
148362,1203,15840,213,99960,35.00,-7.22,-5.02
148384,909,15840,163,99960,35.00,-7.22,-4.97
148406,549,15840,152,99960,35.00,-7.21,-4.99
148428,446,16352,141,99960,35.00,-7.23,-4.97
148450,153,16352,125,99960,35.00,-7.26,-4.96
148472,7,16352,116,99960,35.00,-7.22,-4.96
148494,0,16400,135,99960,35.00,-7.26,-4.93
148535,0,16400,137,99960,35.00,-7.20,-4.93
148557,0,16400,117,99960,35.00,-7.25,-4.99
148579,0,16400,120,99960,35.00,-7.25,-4.95
148601,0,16400,112,99960,35.00,-7.18,-4.98
148623,404,16400,105,99960,35.00,-7.27,-4.95
148645,1399,16400,122,99960,35.00,-7.19,-4.96
148667,1269,16352,155,99960,35.00,-7.21,-4.98
148689,1451,16352,168,99960,35.00,-7.24,-4.95
148711,2713,16400,251,99960,35.00,-7.21,-4.97
148733,3823,16352,310,99960,35.00,-7.25,-4.99
148775,3589,16400,309,99960,35.00,-7.30,-4.98
148797,3839,16352,333,99960,35.00,-7.20,-4.96
148819,2317,16352,313,99960,35.00,-7.20,-4.95
148841,3847,16400,346,99960,35.00,-7.30,-5.01
148863,3849,16352,319,99960,35.00,-7.20,-4.98
148885,3853,16400,287,99960,35.00,-7.28,-5.00
148907,3818,16400,232,99960,35.00,-7.19,-4.97
148929,2374,16400,184,99960,35.00,-7.24,-4.96
148951,2687,16400,235,99960,35.00,-7.23,-4.99
148973,2385,16400,247,99960,35.00,-7.24,-4.97
148995,1843,16400,263,99960,35.00,-7.22,-4.94
149036,1995,16400,294,99960,35.00,-7.19,-5.00
149058,3787,16400,380,99960,35.00,-7.21,-4.95
149080,3415,16400,376,99960,35.00,-7.23,-4.96
149102,2873,16912,355,99960,35.00,-7.19,-4.93
149124,3827,16912,415,99960,35.00,-7.18,-4.93
149146,3849,16912,456,99960,35.00,-7.29,-5.02
149168,3845,16912,459,99960,35.00,-7.22,-4.96
149190,3849,16912,425,99960,35.00,-7.18,-4.97
149212,3848,16912,461,99960,35.00,-7.19,-4.93
149234,3851,17680,493,99960,35.00,-7.24,-5.01
149277,3837,17680,494,99960,35.00,-7.24,-4.93
149299,3786,17680,459,99960,35.00,-7.20,-4.95
149321,1983,18192,375,99960,35.00,-7.16,-4.95
149343,1031,18192,275,99960,35.00,-7.24,-4.96
149365,667,18192,219,99960,35.00,-7.26,-4.95
149387,649,18192,223,99960,35.00,-7.24,-4.95
149409,1361,18192,231,99960,35.00,-7.23,-4.97
149431,363,18576,198,99960,35.00,-7.21,-5.00
149453,281,18576,211,99960,35.00,-7.26,-4.98
149475,56,18576,199,99960,35.00,-7.22,-4.96
149517,0,18576,218,99960,35.00,-7.24,-4.98
149539,1,19088,238,99960,35.00,-7.22,-4.97
149561,174,19088,245,99960,35.00,-7.25,-5.00
149583,0,18576,210,99960,35.00,-7.23,-4.99
149605,0,18576,148,99960,35.00,-7.23,-5.00
149627,0,18192,127,99960,35.00,-7.19,-4.97
149649,0,17680,121,99960,35.00,-7.23,-5.00
149671,0,17680,114,99960,35.00,-7.29,-5.02
149693,0,18192,120,99960,35.00,-7.27,-4.99
149715,0,18192,137,99960,35.00,-7.25,-5.00
149737,211,18576,169,99960,35.00,-7.24,-5.01
149778,37,18576,167,99960,35.00,-7.20,-4.96
149800,435,18576,175,99960,35.00,-7.22,-4.95
149822,1461,18576,197,99960,35.00,-7.25,-4.96
149844,1211,19088,165,99960,35.00,-7.19,-4.95
149866,1018,18576,167,99960,35.00,-7.22,-4.97
149888,1432,19088,181,99960,35.00,-7.16,-4.98
149910,405,19088,115,99960,35.00,-7.28,-4.98
149932,3507,19088,189,99960,35.00,-7.24,-4.97
149954,0,19088,147,99960,35.00,-7.21,-4.96
149976,693,18576,175,99960,35.00,-7.21,-4.95
150577,3849,19088,223,99960,35.66,-7.23,-4.96
150607,2012,20368,185,99960,35.00,-7.24,-4.98
150629,2933,20368,205,99960,35.00,-7.20,-4.96
150651,3847,20368,227,99960,35.00,-7.21,-5.00
150673,3847,20368,219,99960,35.00,-7.20,-4.95
150695,3823,20368,236,99960,35.00,-7.24,-4.99
150717,3849,20368,276,99960,35.00,-7.20,-4.96
150739,3852,20368,301,99960,35.00,-7.23,-4.99
150780,3851,20368,325,99960,35.00,-7.24,-4.98
150802,3861,20368,375,99960,35.00,-7.24,-4.98
150824,3877,20368,409,99960,35.00,-7.26,-4.93
150846,3857,20560,410,99960,35.00,-7.24,-4.96
150868,3860,20368,408,99960,35.00,-7.24,-4.99
150890,3853,20560,429,99960,35.00,-7.22,-4.98
150912,3859,20560,483,99960,35.00,-7.24,-4.95
150934,3853,20560,499,99960,35.00,-7.23,-4.94
150956,3869,20560,547,99960,35.00,-7.26,-4.96
150978,3865,20560,603,99960,35.00,-7.24,-4.96
151342,3863,20560,714,99960,35.75,-7.20,-4.98
151382,3854,20560,3117,99960,35.00,-7.17,-4.99
151404,3851,20560,2683,99960,35.00,-7.19,-4.99
151426,3864,20560,2793,99960,35.00,-7.27,-4.96
151448,3857,21072,3117,99960,35.00,-7.24,-4.92
151470,3864,20560,3023,99960,35.00,-7.23,-5.00
151492,3869,20560,2765,99960,35.00,-7.19,-4.98
151514,3869,20560,3077,99960,35.00,-7.21,-5.02
151536,3851,20560,3431,99960,35.00,-7.22,-5.00
151558,3839,20560,3066,99960,35.00,-7.25,-4.94
151580,3865,20560,2957,99960,35.00,-7.23,-4.96
151622,3871,21072,3007,99960,35.00,-7.24,-4.99
151644,3861,21072,3247,99960,35.00,-7.21,-4.95
151666,3851,21072,3316,99960,35.00,-7.27,-4.96
151688,3848,21840,2505,99960,35.00,-7.21,-4.97
151710,0,21840,2351,99960,35.00,-7.22,-4.98
151732,0,21840,2108,99960,35.00,-7.23,-4.96
151754,0,22352,1519,99960,35.00,-7.21,-5.00
151776,0,22352,569,99960,35.00,-7.26,-4.97
151798,0,22736,0,99960,35.00,-7.23,-4.94
151820,0,23248,0,99960,35.00,-7.23,-4.91
151842,0,22736,85,99960,35.00,-7.24,-4.94
151883,0,22352,24,99960,35.00,-7.19,-4.99
151905,1,22352,171,99960,35.00,-7.20,-4.94
151927,0,22352,399,99960,35.00,-7.26,-5.00
151949,0,22352,550,99960,35.00,-7.25,-5.01
151971,0,22352,697,99960,35.00,-7.22,-4.96
151993,0,22352,959,99960,35.00,-7.22,-4.97
152363,0,22352,931,99960,35.36,-7.19,-5.00
152404,0,22736,71,99960,35.00,-7.21,-4.93
152426,2261,22736,91,99960,35.00,-7.25,-4.93
152448,2602,22736,89,99960,35.00,-7.25,-5.00
152470,3689,23248,98,99960,35.00,-7.21,-4.97
152492,3816,23248,83,99960,35.00,-7.22,-4.99
152514,3707,23248,75,99960,35.00,-7.20,-4.97
152536,2259,23248,47,99960,35.00,-7.23,-4.94
152558,0,24016,12,99960,35.00,-7.22,-4.98
152580,0,24016,10,99960,35.00,-7.18,-4.95
152602,3864,23248,93,99960,35.00,-7.19,-4.92
152624,3869,23248,119,99960,35.00,-7.21,-4.96
152665,3863,23248,125,99960,35.00,-7.17,-4.94
152687,3851,23248,122,99960,35.00,-7.16,-4.92
152709,3863,23248,106,99960,35.00,-7.23,-5.02
152731,3851,23248,88,99960,35.00,-7.23,-5.01
152753,3863,23248,95,99960,35.00,-7.24,-4.99
152775,3871,23248,86,99960,35.00,-7.19,-4.96
152797,2216,23248,70,99960,35.00,-7.24,-5.01
152819,3853,23248,83,99960,35.00,-7.25,-5.00
152841,3850,23248,99,99960,35.00,-7.23,-4.98
152863,3853,23248,117,99960,35.00,-7.25,-4.96
152906,3871,23248,149,99960,35.00,-7.22,-4.97
152928,3862,23248,147,99960,35.00,-7.24,-4.99
152950,3852,23248,141,99960,35.00,-7.23,-4.99
152972,3869,23248,125,99960,35.00,-7.22,-4.96
152994,3853,23248,119,99960,35.00,-7.27,-4.98
153384,3859,24016,102,99960,35.82,-7.21,-5.00
153427,2679,24016,159,99960,35.00,-7.26,-4.96
153449,3089,24016,181,99960,35.00,-7.22,-4.99
153471,3611,24016,199,99960,35.00,-7.22,-4.99
153493,3269,24528,184,99960,35.00,-7.24,-4.96
153515,2781,24528,163,99960,35.00,-7.25,-4.98
153537,2494,24528,137,99960,35.00,-7.26,-4.96
153559,2005,24528,125,99960,35.00,-7.22,-4.94
153581,1770,24528,122,99960,35.00,-7.23,-5.00
153603,1587,24528,135,99960,35.00,-7.22,-4.97
153625,611,24528,149,99960,35.00,-7.22,-5.00
153667,606,24528,185,99960,35.00,-7.22,-5.00
153689,1071,24016,201,99960,35.00,-7.18,-4.95
153711,169,24528,155,99960,35.00,-7.20,-4.97
153733,1464,24528,173,99960,35.00,-7.23,-4.98
153755,0,24528,112,99960,35.00,-7.25,-4.98
153777,0,24528,99,99960,35.00,-7.27,-4.98
153799,0,24528,73,99960,35.00,-7.22,-4.96
153821,0,24016,82,99960,35.00,-7.24,-4.95
153843,3867,24016,141,99960,35.00,-7.21,-5.00
153865,3861,24016,148,99960,35.00,-7.22,-5.01
153887,0,23248,116,99960,35.00,-7.26,-4.97
153928,1,23248,142,99960,35.00,-7.24,-4.95
153950,0,23248,134,99960,35.00,-7.22,-4.97
153972,0,23248,137,99960,35.00,-7.19,-4.97
153994,3870,22736,212,99960,35.00,-7.23,-4.96
154404,3854,22736,176,99960,36.41,-7.20,-4.94
154432,3837,19856,175,99960,35.00,-7.23,-4.97
154454,1703,19856,153,99960,35.00,-7.22,-4.98
154476,3833,19856,204,99960,35.00,-7.24,-4.97
154498,2800,19856,159,99960,35.00,-7.24,-4.98
154520,821,20368,125,99960,35.00,-7.25,-4.98
154542,1439,20368,121,99960,35.00,-7.25,-4.97
154564,1554,20368,123,99960,35.00,-7.24,-4.98
154586,902,20368,152,99960,35.00,-7.23,-4.95
154608,0,20368,126,99960,35.00,-7.23,-4.96
154650,0,20368,136,99960,35.00,-7.24,-4.96
154672,3852,20368,204,99960,35.00,-7.23,-4.97
154694,1802,20368,180,99960,35.00,-7.18,-5.00
154716,607,20368,125,99960,35.00,-7.24,-4.95
154738,483,19856,104,99960,35.00,-7.20,-4.97
154760,0,19856,89,99960,35.00,-7.22,-5.01
154782,0,19856,85,99960,35.00,-7.23,-4.97
154804,0,19856,87,99960,35.00,-7.20,-4.98
154826,1423,20368,119,99960,35.00,-7.22,-4.96
154848,1193,19856,136,99960,35.00,-7.21,-4.96
154891,0,19856,115,99960,35.00,-7.25,-4.98
154913,687,19856,102,99960,35.00,-7.23,-4.99
154935,1139,20368,123,99960,35.00,-7.23,-4.98
154957,680,20368,107,99960,35.00,-7.21,-4.94
154979,108,20368,99,99960,35.00,-7.19,-4.98
155425,1165,20368,101,99960,35.45,-7.25,-4.97
155454,1373,20368,119,99960,35.00,-7.24,-4.97
155476,1785,20368,172,99960,35.00,-7.27,-5.00
155498,2687,20560,163,99960,35.00,-7.22,-4.99
155520,1897,20560,141,99960,35.00,-7.25,-4.98
155542,3868,20560,171,99960,35.00,-7.21,-5.00
155564,3861,20560,184,99960,35.00,-7.24,-4.98
155586,448,20560,110,99960,35.00,-7.25,-4.95
155608,0,20560,115,99960,35.00,-7.21,-4.98
155630,0,20560,124,99960,35.00,-7.25,-4.94
155672,2623,20560,213,99960,35.00,-7.19,-4.94
155694,1695,20560,166,99960,35.00,-7.25,-4.99
155716,1243,20560,142,99960,35.00,-7.22,-4.99
155738,3704,20560,187,99960,35.00,-7.23,-4.96
155760,3859,20560,167,99960,35.00,-7.19,-4.97
155782,1865,20560,117,99960,35.00,-7.24,-4.98
155804,2679,20560,139,99960,35.00,-7.29,-4.95
155826,3861,20560,145,99960,35.00,-7.18,-4.97
155848,1523,20560,90,99960,35.00,-7.22,-5.00
155870,2389,21072,140,99960,35.00,-7.26,-4.95
155892,1501,21072,149,99960,35.00,-7.24,-4.98
155933,924,21072,159,99960,35.00,-7.28,-4.96
155955,2080,21072,168,99960,35.00,-7.22,-4.97
155977,1096,21072,145,99960,35.00,-7.24,-4.97
155999,1495,21072,149,99960,35.00,-7.23,-4.97
156021,1815,21072,142,99960,35.00,-7.21,-4.98
156043,3827,21072,164,99960,35.00,-7.25,-4.99
156065,3859,21072,151,99960,35.00,-7.24,-4.96
156087,682,20560,105,99960,35.00,-7.22,-4.98
156109,1579,21072,127,99960,35.00,-7.21,-5.01
156131,1068,20560,135,99960,35.00,-7.27,-4.96
156174,1077,21072,155,99960,35.00,-7.23,-4.97
156196,933,20560,155,99960,35.00,-7.24,-5.02
156218,1310,21072,164,99960,35.00,-7.19,-4.96
156240,1365,21072,151,99960,35.00,-7.23,-4.97
156262,2408,21072,153,99960,35.00,-7.23,-4.98
156284,1656,21072,119,99960,35.00,-7.23,-5.01
156306,713,21072,106,99960,35.00,-7.23,-5.01
156328,1253,21072,125,99960,35.00,-7.26,-4.95
156350,1918,21072,141,99960,35.00,-7.19,-4.98
156372,1981,21072,153,99960,35.00,-7.22,-4.99
156414,1368,21072,159,99960,35.00,-7.24,-5.02
156436,1967,21072,183,99960,35.00,-7.25,-4.97
156458,1562,21072,167,99960,35.00,-7.23,-4.99
156480,1515,21072,159,99960,35.00,-7.20,-5.00
156502,1676,21072,151,99960,35.00,-7.24,-4.95
156524,2287,21072,151,99960,35.00,-7.23,-4.98
156546,2463,21072,137,99960,35.00,-7.26,-4.95
156568,793,21072,105,99960,35.00,-7.26,-4.99
156590,2023,21072,153,99960,35.00,-7.26,-4.99
156612,821,21072,127,99960,35.00,-7.23,-4.95
156634,1373,21072,163,99960,35.00,-7.18,-4.93
156675,1336,21072,163,99960,35.00,-7.26,-4.98
156697,1813,21072,168,99960,35.00,-7.22,-4.96
156719,1016,21072,151,99960,35.00,-7.22,-4.98
156741,1151,21072,139,99960,35.00,-7.26,-4.98
156763,2007,21072,153,99960,35.00,-7.22,-4.99
156785,2281,21072,135,99960,35.00,-7.23,-4.95
156807,2287,21072,133,99960,35.00,-7.27,-5.03
156829,1573,21072,118,99960,35.00,-7.24,-4.98
156851,1307,21072,133,99960,35.00,-7.23,-5.00
156873,1515,21072,143,99960,35.00,-7.22,-5.01
156915,1464,21072,160,99960,35.00,-7.20,-4.95
156937,1909,21072,171,99960,35.00,-7.23,-4.95
156959,1479,21072,163,99960,35.00,-7.23,-4.97
156981,1966,21072,165,99960,35.00,-7.22,-5.00
157721,2393,21072,153,99960,35.23,-7.20,-5.01
157758,1948,21840,159,99960,35.00,-7.12,-4.96
157780,1466,21840,151,99960,35.00,-7.18,-4.96
157802,1783,21840,167,99960,35.00,-7.22,-4.98
157824,2136,21840,147,99960,35.00,-7.26,-4.99
157846,3827,21840,159,99960,35.00,-7.25,-4.98
157868,1916,21840,133,99960,35.00,-7.18,-4.98
157890,1177,21840,103,99960,35.00,-7.22,-4.96
157912,1653,22352,115,99960,35.00,-7.22,-4.98
157934,2155,21840,149,99960,35.00,-7.21,-4.99
157956,1370,21840,134,99960,35.00,-7.23,-4.98
157998,1079,21840,142,99960,35.00,-7.21,-4.98
158020,1717,21840,164,99960,35.00,-7.25,-5.00
158042,1675,21840,157,99960,35.00,-7.24,-4.98
158064,1993,21840,155,99960,35.00,-7.25,-4.94
158086,1853,21840,150,99960,35.00,-7.25,-4.98
158108,2329,21840,149,99960,35.00,-7.25,-4.97
158130,2267,21840,147,99960,35.00,-7.23,-4.97
158152,1996,21840,132,99960,35.00,-7.28,-4.94
158174,1439,21840,137,99960,35.00,-7.23,-4.94
158196,1271,21840,141,99960,35.00,-7.22,-4.96
158218,1448,21840,155,99960,35.00,-7.29,-5.02
158259,1321,21840,155,99960,35.00,-7.26,-4.96
158281,1557,21840,168,99960,35.00,-7.23,-4.96
158303,2443,21840,175,99960,35.00,-7.22,-4.97
158325,2231,21840,155,99960,35.00,-7.25,-5.01
158347,1911,21840,137,99960,35.00,-7.21,-4.93
158369,1317,21840,118,99960,35.00,-7.19,-4.96
158391,1849,21072,121,99960,35.00,-7.22,-4.94
158413,1170,21840,117,99960,35.00,-7.26,-5.01
158435,1395,21840,143,99960,35.00,-7.21,-5.01
158457,2835,21840,181,99960,35.00,-7.22,-5.00
158499,1725,21840,154,99960,35.00,-7.24,-4.98
158521,1067,21840,154,99960,35.00,-7.24,-4.97
158543,3851,21840,227,99960,35.00,-7.23,-4.98
158565,557,21072,141,99960,35.00,-7.21,-4.98
158587,0,21072,99,99960,35.00,-7.22,-4.96
158609,1624,21072,147,99960,35.00,-7.24,-4.96
158631,1576,21072,131,99960,35.00,-7.20,-5.03
158653,2839,21072,144,99960,35.00,-7.19,-4.97
158675,2487,21072,151,99960,35.00,-7.19,-5.02
158697,0,21072,116,99960,35.00,-7.24,-4.95
158719,2629,20560,211,99960,35.00,-7.24,-4.99
158760,1075,20560,155,99960,35.00,-7.26,-4.95
158782,0,20560,151,99960,35.00,-7.22,-5.00
158804,2071,21072,213,99960,35.00,-7.21,-4.98
158826,2133,20560,164,99960,35.00,-7.23,-4.93
158848,2373,21072,152,99960,35.00,-7.23,-4.93
158870,2270,20560,149,99960,35.00,-7.22,-4.98
158892,3019,20560,152,99960,35.00,-7.24,-4.99
158914,1891,20560,149,99960,35.00,-7.24,-4.96
158936,3838,21072,185,99960,35.00,-7.22,-4.98
158958,2119,20560,145,99960,35.00,-7.20,-4.97
159507,1567,20560,157,99960,35.48,-7.19,-5.00
159542,1612,20560,138,99960,35.00,-7.20,-4.98
159564,1359,21072,164,99960,35.00,-7.25,-4.97
159586,1327,21072,160,99960,35.00,-7.21,-4.97
159608,1891,21072,149,99960,35.00,-7.26,-5.01
159630,1427,21072,126,99960,35.00,-7.22,-4.96
159652,1509,21072,105,99960,35.00,-7.22,-4.99
159674,1299,21072,107,99960,35.00,-7.23,-5.01
159696,1337,21072,110,99960,35.00,-7.24,-4.96
159718,1767,21072,141,99960,35.00,-7.27,-4.96
159740,2140,21072,175,99960,35.00,-7.24,-5.00
159782,2363,21072,207,99960,35.00,-7.24,-4.98
159804,2237,21072,175,99960,35.00,-7.19,-4.97
159826,1919,21072,157,99960,35.00,-7.25,-4.93
159848,2107,21840,153,99960,35.00,-7.25,-4.96
159870,2044,21840,141,99960,35.00,-7.21,-5.03
159892,1803,21840,121,99960,35.00,-7.23,-4.99
159914,1867,21840,125,99960,35.00,-7.24,-4.99
159936,1683,21840,121,99960,35.00,-7.20,-4.96
159958,1912,21840,157,99960,35.00,-7.25,-4.99
159980,1951,21840,157,99960,35.00,-7.25,-4.91
160527,1877,21840,173,99960,35.68,-7.25,-5.03
160564,1723,21840,157,99960,35.00,-7.25,-4.98
160586,1900,21840,183,99960,35.00,-7.24,-4.96
160608,1867,21840,180,99960,35.00,-7.25,-4.93
160630,2217,21840,183,99960,35.00,-7.21,-4.93
160652,2203,21840,169,99960,35.00,-7.19,-4.96
160674,3845,22352,173,99960,35.00,-7.23,-4.92
160696,1675,22352,109,99960,35.00,-7.25,-5.01
160718,1594,22352,115,99960,35.00,-7.24,-4.97
160740,1658,22352,115,99960,35.00,-7.23,-4.98
160762,1467,21840,137,99960,35.00,-7.26,-4.95
160784,1049,21840,147,99960,35.00,-7.23,-4.98
160825,1723,21840,173,99960,35.00,-7.22,-5.00
160847,2027,21840,179,99960,35.00,-7.22,-4.99
160869,1769,21840,183,99960,35.00,-7.26,-4.97
160891,1939,21840,159,99960,35.00,-7.24,-4.97
160913,1801,21840,163,99960,35.00,-7.26,-4.99
160935,1015,21840,149,99960,35.00,-7.23,-4.98
160957,0,21840,142,99960,35.00,-7.27,-4.95
160979,2133,21840,201,99960,35.00,-7.24,-4.99
161548,2527,21840,179,99960,35.16,-7.25,-4.95
161587,1445,21840,146,99960,35.00,-7.24,-4.93
161609,1400,21840,155,99960,35.00,-7.22,-4.97
161631,1387,21840,153,99960,35.00,-7.23,-4.98
161653,2335,21840,158,99960,35.00,-7.24,-4.95
161675,2659,21840,151,99960,35.00,-7.22,-4.95
161697,2239,21840,137,99960,35.00,-7.25,-4.98
161719,1797,21840,115,99960,35.00,-7.23,-4.98
161741,1587,21840,110,99960,35.00,-7.21,-5.00
161763,1652,21840,123,99960,35.00,-7.25,-4.96
161785,1719,21840,141,99960,35.00,-7.24,-4.96
161827,1275,21840,150,99960,35.00,-7.24,-5.01
161849,1725,21840,156,99960,35.00,-7.25,-4.92
161871,2023,21840,164,99960,35.00,-7.21,-4.95
161893,3853,22352,187,99960,35.00,-7.23,-5.00
161915,2101,21840,136,99960,35.00,-7.27,-4.96
161937,2617,22352,152,99960,35.00,-7.19,-4.96
161959,2214,22352,133,99960,35.00,-7.23,-4.98
161981,1765,22352,124,99960,35.00,-7.25,-4.99
162569,1339,22352,122,99960,35.35,-7.24,-5.00
162609,921,20560,149,99960,35.00,-7.24,-4.97
162631,1221,20560,165,99960,35.00,-7.23,-4.96
162653,1573,20560,173,99960,35.00,-7.25,-4.99
162675,1827,20560,157,99960,35.00,-7.25,-4.97
162697,1691,20560,143,99960,35.00,-7.20,-4.98
162719,1863,20560,123,99960,35.00,-7.29,-4.96
162741,2268,20560,134,99960,35.00,-7.19,-4.97
162763,2217,21072,133,99960,35.00,-7.23,-4.96
162785,1325,21072,126,99960,35.00,-7.24,-5.00
162807,1351,21072,138,99960,35.00,-7.19,-4.98
162829,1417,21072,156,99960,35.00,-7.26,-5.00
162870,795,21072,141,99960,35.00,-7.24,-4.96
162892,0,21072,122,99960,35.00,-7.23,-4.95
162914,0,21840,87,99960,35.00,-7.24,-4.97
162936,643,21840,93,99960,35.00,-7.20,-4.99
162958,2773,21840,133,99960,35.00,-7.26,-4.96
162980,1847,21072,103,99960,35.00,-7.24,-4.98
163342,2427,21840,115,99960,35.71,-7.23,-4.96
163371,3865,22352,155,99960,35.00,-7.23,-4.98
163393,2279,21840,155,99960,35.00,-7.25,-4.97
163415,1741,22352,163,99960,35.00,-7.24,-4.97
163437,1548,22352,147,99960,35.00,-7.22,-5.01
163459,1581,22352,137,99960,35.00,-7.23,-4.99
163481,3103,22352,155,99960,35.00,-7.22,-5.00
163503,2278,22352,120,99960,35.00,-7.25,-4.98
163525,2237,22352,135,99960,35.00,-7.23,-4.98
163547,1833,22352,137,99960,35.00,-7.24,-4.96
163569,2035,22352,151,99960,35.00,-7.23,-4.98
163612,2501,22352,169,99960,35.00,-7.23,-4.96
163634,1085,22352,155,99960,35.00,-7.19,-4.93
163656,1557,22352,159,99960,35.00,-7.21,-4.93
163678,1768,22352,155,99960,35.00,-7.22,-5.02
163700,1672,22352,136,99960,35.00,-7.24,-5.00
163722,1791,22352,126,99960,35.00,-7.21,-5.01
163744,1889,22352,124,99960,35.00,-7.25,-4.99
163766,1683,22352,123,99960,35.00,-7.21,-4.94
163788,1387,22352,133,99960,35.00,-7.23,-4.96
163810,1177,22352,139,99960,35.00,-7.24,-4.97
163852,1043,22352,149,99960,35.00,-7.19,-4.94
163874,127,22352,121,99960,35.00,-7.22,-4.98
163896,1635,22352,171,99960,35.00,-7.24,-4.96
163918,1047,22352,143,99960,35.00,-7.23,-4.96
163940,1335,22352,149,99960,35.00,-7.24,-4.95
163962,1685,22352,137,99960,35.00,-7.22,-4.97
163984,1544,22352,134,99960,35.00,-7.20,-4.97
164354,1927,22352,123,99960,34.85,-7.21,-4.96
164394,3003,22352,216,99960,35.00,-7.24,-4.97
164416,2001,21840,164,99960,35.00,-7.22,-4.99
164438,1049,21840,155,99960,35.00,-7.24,-4.99
164460,3848,21840,197,99960,35.00,-7.27,-4.97
164482,2967,21072,159,99960,35.00,-7.26,-5.00
164504,1833,21072,147,99960,35.00,-7.20,-4.99
164526,903,20368,106,99960,35.00,-7.22,-5.00
164548,2587,19856,154,99960,35.00,-7.27,-4.99
164570,2107,19088,175,99960,35.00,-7.25,-4.97
164592,1699,18576,159,99960,35.00,-7.23,-4.98
164634,999,18192,160,99960,35.00,-7.22,-4.99
164656,861,16352,163,99960,35.00,-7.22,-4.96
164678,955,14560,151,99960,35.00,-7.26,-4.95
164700,1236,12896,153,99960,35.00,-7.27,-4.94
164722,1590,11680,149,99960,35.00,-7.24,-5.02
164744,1211,9504,119,99960,35.00,-7.24,-4.99
164766,1528,6848,125,99960,35.00,-7.22,-4.98
164788,1257,2176,101,99960,35.00,-7.25,-4.98
164810,1915,0,146,99960,35.00,-7.21,-4.98
164832,2333,0,157,99960,35.00,-7.23,-4.97
164875,1642,0,179,99960,35.00,-7.21,-4.94
164897,987,0,149,99960,35.00,-7.23,-4.98
164919,902,0,152,99960,35.00,-7.24,-4.97
164941,1503,0,145,99960,35.00,-7.22,-4.96
164963,2183,0,155,99960,35.00,-7.20,-5.02
164985,1909,0,125,99960,35.00,-7.20,-4.97
165375,1653,0,122,99960,35.69,-7.27,-4.95
165416,0,0,149,99960,35.00,-7.23,-4.98
165438,1439,0,169,99960,35.00,-7.24,-4.97
165460,1051,0,159,99960,35.00,-7.24,-4.98
165482,1565,0,151,99960,35.00,-7.23,-4.98
165504,0,0,110,99960,35.00,-7.25,-4.96
165526,0,0,107,99960,35.00,-7.23,-4.98
165548,0,0,105,99960,35.00,-7.23,-4.95
165570,0,0,105,99960,35.00,-7.21,-4.97
165592,0,0,121,99960,35.00,-7.22,-4.99
165614,3847,0,204,99960,35.00,-7.23,-5.01
165657,3851,0,202,99960,35.00,-7.22,-4.96
165679,3868,512,197,99960,35.00,-7.21,-4.96
165701,3859,512,188,99960,35.00,-7.25,-5.01
165723,3867,512,181,99960,35.00,-7.22,-4.95
165745,3863,512,168,99960,35.00,-7.25,-5.00
165767,3850,512,155,99960,35.00,-7.27,-4.98
165789,3858,512,158,99960,35.00,-7.21,-4.97
165811,3864,512,159,99960,35.00,-7.23,-4.95
165833,3855,512,167,99960,35.00,-7.21,-4.97
165855,2933,512,155,99960,35.00,-7.20,-4.97
165897,2262,512,159,99960,35.00,-7.25,-4.95
165919,2259,512,155,99960,35.00,-7.27,-4.96
165941,2409,512,165,99960,35.00,-7.23,-4.97
165963,1959,512,141,99960,35.00,-7.27,-4.99
165985,3006,512,141,99960,35.00,-7.20,-5.02
166395,1624,512,111,99960,35.53,-7.19,-4.97
166423,165,1792,107,99960,35.00,-7.23,-4.96
166445,862,1792,117,99960,35.00,-7.21,-5.00
166467,1418,1792,104,99960,35.00,-7.24,-4.96
166489,68,1792,79,99960,35.00,-7.24,-4.94
166511,0,1792,87,99960,35.00,-7.23,-4.98
166533,1765,1792,149,99960,35.00,-7.22,-4.98
166555,3845,1792,169,99960,35.00,-7.21,-5.00
166577,3875,1792,175,99960,35.00,-7.21,-5.00
166619,0,1792,121,99960,35.00,-7.25,-4.98
166641,2474,2176,176,99960,35.00,-7.25,-4.95
166663,1715,2688,149,99960,35.00,-7.22,-5.00
166685,831,2688,119,99960,35.00,-7.23,-4.98
166707,1277,2688,139,99960,35.00,-7.24,-5.00
166729,1495,2688,123,99960,35.00,-7.21,-4.98
166751,3547,2688,155,99960,35.00,-7.25,-4.97
166773,2599,2176,110,99960,35.00,-7.22,-4.94
166795,847,2688,119,99960,35.00,-7.21,-4.96
166817,0,2688,109,99960,35.00,-7.24,-5.02
166859,1576,2688,145,99960,35.00,-7.25,-4.99
166881,1319,2688,141,99960,35.00,-7.24,-5.01
166903,2103,3456,149,99960,35.00,-7.24,-4.97
166925,3727,3456,147,99960,35.00,-7.24,-4.99
166947,0,3968,88,99960,35.00,-7.23,-4.95
166969,0,4160,83,99960,35.00,-7.21,-4.94
166991,1011,4160,73,99960,35.00,-7.21,-4.98
167415,3864,4160,143,99960,36.62,-7.22,-4.94
167444,2871,4672,134,99960,35.00,-7.20,-4.98
167466,1873,5440,124,99960,35.00,-7.21,-4.98
167488,2075,5440,132,99960,35.00,-7.25,-4.98
167510,2200,5440,117,99960,35.00,-7.26,-4.97
167532,1844,5440,110,99960,35.00,-7.20,-4.96
167554,1739,5440,111,99960,35.00,-7.23,-4.99
167576,2037,5952,133,99960,35.00,-7.25,-4.94
167598,2423,5952,141,99960,35.00,-7.23,-5.00
167620,2314,5952,152,99960,35.00,-7.22,-4.98
167661,1525,5952,142,99960,35.00,-7.24,-4.99
167683,1439,5952,153,99960,35.00,-7.24,-5.01
167705,1646,5952,137,99960,35.00,-7.20,-4.97
167727,1039,5952,119,99960,35.00,-7.23,-5.03
167749,1096,5952,99,99960,35.00,-7.25,-4.96
167771,1788,5952,91,99960,35.00,-7.24,-4.96
167793,1148,5952,74,99960,35.00,-7.20,-5.01
167815,823,5952,78,99960,35.00,-7.20,-4.94
167837,1325,5952,105,99960,35.00,-7.22,-4.96
167859,1451,5952,101,99960,35.00,-7.23,-4.94
167881,525,5952,95,99960,35.00,-7.21,-4.99
167922,496,5952,93,99960,35.00,-7.21,-4.95
167944,1423,5952,106,99960,35.00,-7.20,-4.96
167966,1387,5952,111,99960,35.00,-7.25,-4.96
167988,1937,5952,151,99960,35.00,-7.23,-4.99
168436,3813,5952,164,99960,37.08,-7.20,-4.97
168465,0,6336,71,99960,35.00,-7.21,-4.97
168487,0,6336,115,99960,35.00,-7.30,-4.99
168509,0,6336,93,99960,35.00,-7.25,-4.96
168531,0,6336,89,99960,35.00,-7.22,-4.97
168553,0,6336,79,99960,35.00,-7.25,-4.99
168575,0,6848,85,99960,35.00,-7.24,-4.99
168597,0,6848,92,99960,35.00,-7.22,-4.97
168619,0,6848,115,99960,35.00,-7.23,-4.95
168641,583,6848,143,99960,35.00,-7.23,-4.95
168663,807,6848,156,99960,35.00,-7.20,-4.95
168704,1301,6848,157,99960,35.00,-7.25,-4.95
168726,1179,6848,172,99960,35.00,-7.22,-4.96
168748,1061,6848,149,99960,35.00,-7.24,-4.99
168770,645,6848,135,99960,35.00,-7.23,-4.92
168792,919,6848,121,99960,35.00,-7.19,-4.97
168814,1229,6848,116,99960,35.00,-7.21,-5.00
168836,1060,6848,109,99960,35.00,-7.23,-4.98
168858,1305,7616,120,99960,35.00,-7.21,-4.98
168880,1981,7616,147,99960,35.00,-7.23,-4.99
168902,3225,7616,169,99960,35.00,-7.24,-4.99
168944,2013,7616,170,99960,35.00,-7.23,-4.97
168966,2503,7616,175,99960,35.00,-7.23,-4.94
168988,2087,7616,157,99960,35.00,-7.24,-4.95
169712,1293,7616,125,99960,46.16,-7.23,-4.96
169746,1622,8128,133,99960,35.00,-7.24,-5.00
169768,1561,8128,163,99960,35.00,-7.22,-4.96
169790,1304,8128,146,99960,35.00,-7.22,-4.96
169812,2031,8128,159,99960,35.00,-7.20,-5.00
169834,2185,8128,126,99960,35.00,-7.21,-4.97
169856,1672,8128,123,99960,35.00,-7.23,-5.01
169878,1658,8128,113,99960,35.00,-7.21,-4.96
169900,1691,8128,120,99960,35.00,-7.28,-4.96
169922,1427,8128,123,99960,35.00,-7.16,-5.00
169944,1401,8128,147,99960,35.00,-7.24,-4.97
169966,1285,8128,151,99960,35.00,-7.25,-4.98
170733,1403,8128,159,99960,36.10,-7.23,-4.95
170769,1639,8224,147,99960,35.00,-7.23,-4.98
170791,1444,8224,153,99960,35.00,-7.24,-4.96
170813,1563,8224,151,99960,35.00,-7.26,-4.92
170835,1824,8224,143,99960,35.00,-7.21,-5.00
170857,1766,8224,125,99960,35.00,-7.19,-4.97
170879,1689,8224,117,99960,35.00,-7.23,-4.97
170901,1637,8224,117,99960,35.00,-7.24,-4.97
170923,1459,8224,123,99960,35.00,-7.24,-4.96
170945,1421,8224,133,99960,35.00,-7.26,-4.96
170967,1311,8224,149,99960,35.00,-7.24,-4.99
171753,1317,8224,152,99960,35.36,-7.26,-4.99
171791,1805,9504,151,99960,35.00,-7.24,-4.99
171813,1689,9504,164,99960,35.00,-7.20,-4.99
171835,1911,9504,157,99960,35.00,-7.24,-4.97
171857,2077,10016,151,99960,35.00,-7.24,-4.95
171879,2299,9504,136,99960,35.00,-7.22,-5.02
171901,1941,10016,123,99960,35.00,-7.23,-4.98
171923,1529,10016,111,99960,35.00,-7.23,-4.99
171945,1677,10016,123,99960,35.00,-7.24,-5.01
171967,1737,10016,138,99960,35.00,-7.21,-5.00
171989,1699,10016,157,99960,35.00,-7.25,-5.02
172519,1298,10016,155,99960,35.57,-7.25,-5.01
172553,2223,11680,135,99960,35.00,-7.24,-4.95
172575,1752,11680,155,99960,35.00,-7.26,-5.01
172597,1803,11680,151,99960,35.00,-7.20,-4.98
172619,1763,11680,147,99960,35.00,-7.20,-4.94
172641,1894,12192,125,99960,35.00,-7.24,-4.98
172663,1811,12192,118,99960,35.00,-7.24,-4.98
172685,1851,12192,117,99960,35.00,-7.21,-4.99
172707,1611,12192,126,99960,35.00,-7.19,-4.99
172729,1559,12192,133,99960,35.00,-7.25,-4.96
172751,1775,12192,155,99960,35.00,-7.20,-4.95
172773,1603,12192,156,99960,35.00,-7.23,-4.98
172814,1811,12192,159,99960,35.00,-7.23,-4.98
172836,1655,12192,149,99960,35.00,-7.28,-5.01
172858,1759,12192,146,99960,35.00,-7.22,-5.00
172880,2508,12192,151,99960,35.00,-7.20,-4.97
172902,1631,12192,107,99960,35.00,-7.21,-5.00
172924,1427,12192,109,99960,35.00,-7.21,-5.00
172946,1673,12192,121,99960,35.00,-7.20,-4.97
172968,1502,12192,119,99960,35.00,-7.23,-4.93
172990,1705,12192,146,99960,35.00,-7.22,-4.93
173540,1918,12192,163,99960,35.48,-7.24,-4.96
173576,1746,12192,125,99960,35.00,-7.20,-5.02
173598,1527,12192,146,99960,35.00,-7.22,-4.95
173620,1741,12192,143,99960,35.00,-7.22,-4.96
173642,1629,12192,117,99960,35.00,-7.22,-4.99
173664,1655,12192,115,99960,35.00,-7.23,-4.95
173686,1799,12192,117,99960,35.00,-7.22,-4.94
173708,1741,12192,117,99960,35.00,-7.23,-4.95
173730,1593,12192,123,99960,35.00,-7.25,-5.00
173752,1445,12192,135,99960,35.00,-7.22,-4.98
173774,1356,12192,149,99960,35.00,-7.20,-4.99
173816,1647,12192,163,99960,35.00,-7.23,-4.97
173838,1741,12192,160,99960,35.00,-7.21,-5.00
173860,1842,12192,147,99960,35.00,-7.23,-4.94
173882,1977,12192,142,99960,35.00,-7.24,-4.96
173904,1891,12192,121,99960,35.00,-7.22,-4.98
173926,1949,12192,125,99960,35.00,-7.21,-4.99
173948,2279,12192,139,99960,35.00,-7.23,-4.98
173970,1927,11680,141,99960,35.00,-7.23,-4.99
173992,1911,12192,148,99960,35.00,-7.25,-5.00
174560,1931,12192,165,99960,35.44,-7.23,-4.96
174598,2301,12192,167,99960,35.00,-7.24,-5.00
174620,1779,12192,155,99960,35.00,-7.23,-4.93
174642,1336,12192,140,99960,35.00,-7.23,-4.99
174664,1421,12192,117,99960,35.00,-7.26,-4.93
174686,1952,12192,125,99960,35.00,-7.21,-4.97
174708,1832,12384,109,99960,35.00,-7.24,-5.00
174730,1461,12384,110,99960,35.00,-7.21,-4.99
174752,1294,12192,121,99960,35.00,-7.25,-4.96
174774,1197,12192,132,99960,35.00,-7.28,-4.96
174796,1125,12192,143,99960,35.00,-7.27,-4.99
174818,1509,12192,150,99960,35.00,-7.20,-4.96
174859,1366,12192,147,99960,35.00,-7.21,-4.96
174881,1624,12192,140,99960,35.00,-7.23,-4.96
174903,1593,12192,115,99960,35.00,-7.25,-4.94
174925,2085,12192,127,99960,35.00,-7.24,-4.99
174947,1738,12192,117,99960,35.00,-7.22,-4.98
174969,2090,12384,116,99960,35.00,-7.22,-4.98
174991,1907,12384,125,99960,35.00,-7.24,-4.97
175581,1607,12384,126,99960,35.20,-7.24,-4.97
175621,1703,12384,157,99960,35.00,-7.20,-4.97
175643,1867,12384,159,99960,35.00,-7.22,-4.98
175665,1916,12384,155,99960,35.00,-7.22,-4.94
175687,1833,12384,136,99960,35.00,-7.20,-4.99
175709,1855,12384,133,99960,35.00,-7.21,-4.97
175731,1641,12384,109,99960,35.00,-7.26,-4.95
175753,1235,12384,121,99960,35.00,-7.21,-4.98
175775,1452,12384,139,99960,35.00,-7.24,-4.97
175797,1708,12384,154,99960,35.00,-7.23,-4.99
175819,1202,12384,149,99960,35.00,-7.19,-4.98
175861,1119,12384,158,99960,35.00,-7.24,-4.95
175883,1734,12384,159,99960,35.00,-7.20,-4.99
175905,1752,12192,150,99960,35.00,-7.23,-4.98
175927,1963,12192,139,99960,35.00,-7.22,-4.99
175949,1926,12192,123,99960,35.00,-7.27,-4.92
175971,1738,12192,117,99960,35.00,-7.20,-4.96
175993,1692,12192,123,99960,35.00,-7.24,-4.98
176355,1491,12192,139,99960,34.57,-7.26,-5.01
176383,1491,12384,141,99960,35.00,-7.25,-4.99
176405,1830,12384,147,99960,35.00,-7.22,-5.01
176427,1752,12896,136,99960,35.00,-7.23,-4.98
176449,1951,12896,121,99960,35.00,-7.24,-4.93
176471,1901,12896,111,99960,35.00,-7.23,-4.99
176493,1326,12896,101,99960,35.00,-7.23,-4.95
176515,1436,12896,125,99960,35.00,-7.21,-5.01
176537,1599,12896,135,99960,35.00,-7.24,-4.97
176559,1259,12896,147,99960,35.00,-7.24,-4.93
176581,1256,12896,149,99960,35.00,-7.21,-4.99
176623,1591,12896,159,99960,35.00,-7.24,-4.97
176645,1708,12896,152,99960,35.00,-7.24,-5.00
176667,2015,12896,139,99960,35.00,-7.25,-4.96
176689,2139,12896,133,99960,35.00,-7.22,-4.94
176711,1883,12896,117,99960,35.00,-7.24,-4.96
176733,1965,12896,123,99960,35.00,-7.24,-4.96
176755,1717,12896,119,99960,35.00,-7.24,-4.95
176777,1695,12896,133,99960,35.00,-7.22,-4.99
176799,1479,12896,147,99960,35.00,-7.21,-4.95
176821,1529,12896,152,99960,35.00,-7.21,-4.98
176843,1787,13664,166,99960,35.00,-7.21,-4.94
176884,1739,13664,156,99960,35.00,-7.19,-4.99
176906,2294,12896,157,99960,35.00,-7.22,-5.02
176928,1959,12896,146,99960,35.00,-7.22,-5.00
176950,1780,13664,126,99960,35.00,-7.24,-4.94
176972,1957,13664,124,99960,35.00,-7.24,-4.96
176994,2086,13664,125,99960,35.00,-7.25,-4.98
177366,1961,13664,127,99960,35.84,-7.19,-4.97
177405,2063,13664,153,99960,35.00,-7.24,-5.00
177427,2125,14176,159,99960,35.00,-7.26,-5.00
177449,2265,14176,159,99960,35.00,-7.23,-4.98
177471,2207,14176,141,99960,35.00,-7.19,-5.00
177493,2236,14176,139,99960,35.00,-7.24,-4.97
177515,1870,14176,133,99960,35.00,-7.26,-4.94
177537,1706,14176,140,99960,35.00,-7.24,-4.96
177559,1508,14176,141,99960,35.00,-7.23,-4.97
177581,1307,14176,155,99960,35.00,-7.28,-4.97
177603,1515,14176,165,99960,35.00,-7.24,-4.96
177625,1672,14176,171,99960,35.00,-7.23,-4.96
177666,1501,14176,156,99960,35.00,-7.23,-4.99
177688,1495,14176,141,99960,35.00,-7.21,-4.94
177710,1383,14176,131,99960,35.00,-7.24,-4.96
177732,1467,14176,117,99960,35.00,-7.23,-4.94
177754,1491,14176,111,99960,35.00,-7.24,-4.98
177776,1452,14176,111,99960,35.00,-7.27,-4.99
177798,1423,14176,122,99960,35.00,-7.26,-4.96
177820,1114,14176,125,99960,35.00,-7.21,-5.01
177842,1109,14176,147,99960,35.00,-7.19,-4.96
177864,825,14176,151,99960,35.00,-7.24,-4.97
177906,1295,14176,143,99960,35.00,-7.24,-4.94
177928,1286,14176,131,99960,35.00,-7.25,-4.93
177950,1883,14176,126,99960,35.00,-7.23,-4.98
177972,1881,14176,115,99960,35.00,-7.20,-4.97
177994,1687,14176,107,99960,35.00,-7.24,-4.97
178387,1553,14176,108,99960,35.56,-7.25,-5.01
178428,1,14176,147,99960,35.00,-7.19,-4.97
178450,1912,14176,168,99960,35.00,-7.23,-4.99
178472,2682,14176,159,99960,35.00,-7.25,-4.96
178494,3832,14176,167,99960,35.00,-7.26,-4.97
178516,2712,14176,139,99960,35.00,-7.24,-4.94
178538,1413,14176,120,99960,35.00,-7.26,-5.02
178560,1981,14560,149,99960,35.00,-7.23,-4.96
178582,2351,14560,159,99960,35.00,-7.23,-5.00
178604,3227,14560,197,99960,35.00,-7.22,-4.96
178626,1359,14560,158,99960,35.00,-7.20,-4.99
178668,1787,14560,165,99960,35.00,-7.25,-4.95
178690,2106,14560,142,99960,35.00,-7.21,-4.96
178712,1832,14560,139,99960,35.00,-7.22,-4.94
178734,1847,14560,125,99960,35.00,-7.21,-5.01
178756,2059,14560,123,99960,35.00,-7.23,-4.93
178778,1777,14560,119,99960,35.00,-7.23,-4.95
178800,1273,14560,120,99960,35.00,-7.24,-4.96
178822,1363,14560,139,99960,35.00,-7.21,-4.98
178844,1869,14560,157,99960,35.00,-7.26,-4.97
178866,3870,14560,197,99960,35.00,-7.21,-4.96
178888,750,14560,133,99960,35.00,-7.21,-5.01
178929,1771,14560,159,99960,35.00,-7.24,-4.94
178951,1450,14176,148,99960,35.00,-7.24,-4.96
178973,1945,14176,148,99960,35.00,-7.26,-4.95
178995,1711,14560,125,99960,35.00,-7.23,-4.96
179407,1629,14560,123,99960,36.25,-7.27,-4.96
179435,1397,14176,149,99960,35.00,-7.22,-4.94
179457,1965,14560,134,99960,35.00,-7.19,-4.99
179479,1447,14560,113,99960,35.00,-7.24,-4.98
179501,1658,14560,121,99960,35.00,-7.21,-4.96
179523,1819,14176,141,99960,35.00,-7.25,-4.97
179545,0,14176,146,99960,35.00,-7.20,-4.95
179567,0,13664,152,99960,35.00,-7.20,-4.99
179589,2488,13664,203,99960,35.00,-7.23,-5.02
179631,1999,13664,159,99960,35.00,-7.21,-4.99
179653,2293,12896,171,99960,35.00,-7.20,-4.96
179675,3219,12896,156,99960,35.00,-7.23,-4.97
179697,2918,12896,151,99960,35.00,-7.25,-4.96
179719,1837,12896,125,99960,35.00,-7.23,-4.98
179741,1573,12384,155,99960,35.00,-7.24,-4.97
179763,2511,12384,169,99960,35.00,-7.25,-4.96
179785,3869,12384,206,99960,35.00,-7.22,-4.94
179807,3858,12192,211,99960,35.00,-7.24,-4.97
179829,3263,12192,203,99960,35.00,-7.19,-4.97
179871,2300,12192,199,99960,35.00,-7.26,-4.97
179893,2957,11680,187,99960,35.00,-7.23,-4.94
179915,2283,11680,169,99960,35.00,-7.21,-5.01
179937,2878,11680,175,99960,35.00,-7.22,-4.96
179959,3213,11680,167,99960,35.00,-7.25,-4.98
179981,3751,10912,182,99960,35.00,-7.21,-4.96
180428,1353,10912,149,99960,35.36,-7.24,-4.94
180457,1289,12896,151,99960,35.00,-7.24,-4.99
180479,937,12896,104,99960,35.00,-7.22,-4.98
180501,1524,13664,109,99960,35.00,-7.23,-4.96
180523,1708,13664,120,99960,35.00,-7.25,-4.96
180545,1389,13664,133,99960,35.00,-7.24,-5.01
180567,1592,13664,148,99960,35.00,-7.22,-5.00
180589,2117,13664,165,99960,35.00,-7.24,-5.00
180611,1917,14176,167,99960,35.00,-7.26,-4.94
180653,1251,14176,153,99960,35.00,-7.22,-4.95
180675,2648,14176,155,99960,35.00,-7.23,-4.95
180697,2291,14176,142,99960,35.00,-7.22,-4.95
180719,0,14560,107,99960,35.00,-7.25,-4.97
180741,0,14560,109,99960,35.00,-7.23,-4.96
180763,2795,14560,170,99960,35.00,-7.19,-4.93
180785,2853,14560,157,99960,35.00,-7.25,-4.95
180807,759,14560,133,99960,35.00,-7.21,-4.99
180829,0,14560,163,99960,35.00,-7.19,-4.99
180851,3861,14560,215,99960,35.00,-7.25,-5.00
180873,3817,14560,213,99960,35.00,-7.21,-4.96
180914,3017,14560,179,99960,35.00,-7.21,-5.00
180936,3667,15072,187,99960,35.00,-7.23,-4.97
180958,2809,15072,157,99960,35.00,-7.23,-4.97
180980,3007,15072,155,99960,35.00,-7.24,-4.97
181704,3008,15072,155,99960,35.98,-7.25,-4.95
181736,1687,15840,148,99960,35.00,-7.23,-5.01
181758,1398,15840,137,99960,35.00,-7.20,-4.94
181780,1327,15840,120,99960,35.00,-7.24,-5.00
181802,1843,15840,133,99960,35.00,-7.24,-4.98
181824,1228,15840,119,99960,35.00,-7.24,-5.00
181846,1059,15840,133,99960,35.00,-7.27,-5.00
181868,1327,15840,141,99960,35.00,-7.25,-4.95
181890,1122,15840,155,99960,35.00,-7.20,-4.96
181912,1271,15840,166,99960,35.00,-7.24,-4.97
181934,1439,15840,169,99960,35.00,-7.23,-4.98
181976,1452,15840,159,99960,35.00,-7.23,-5.01
181998,1399,15840,145,99960,35.00,-7.25,-4.98
182020,1715,15840,131,99960,35.00,-7.18,-4.98
182042,1721,15840,135,99960,35.00,-7.25,-5.00
182064,1607,15840,118,99960,35.00,-7.25,-5.00
182086,1343,15840,122,99960,35.00,-7.24,-4.96
182108,1370,15840,137,99960,35.00,-7.20,-5.01
182130,1149,15840,147,99960,35.00,-7.21,-4.95
182152,1108,15840,154,99960,35.00,-7.24,-4.95
182174,1202,15840,157,99960,35.00,-7.23,-4.97
182196,1384,15840,151,99960,35.00,-7.23,-5.00
182237,1727,15840,149,99960,35.00,-7.20,-4.96
182259,1847,15840,143,99960,35.00,-7.23,-4.99
182281,1829,16352,133,99960,35.00,-7.23,-4.96
182303,1323,16352,111,99960,35.00,-7.21,-4.98
182325,1039,16352,108,99960,35.00,-7.25,-4.97
182347,1817,16352,137,99960,35.00,-7.20,-4.97
182369,2038,16352,149,99960,35.00,-7.26,-4.99
182391,1511,15840,155,99960,35.00,-7.22,-4.95
182413,1237,16352,159,99960,35.00,-7.23,-4.93
182435,1395,16352,168,99960,35.00,-7.19,-4.98
182478,2031,16352,171,99960,35.00,-7.21,-5.00
182500,2825,16352,169,99960,35.00,-7.24,-4.98
182522,2995,16352,149,99960,35.00,-7.24,-4.99
182544,2535,16352,149,99960,35.00,-7.17,-4.96
182566,2485,16352,147,99960,35.00,-7.25,-4.97
182588,2398,16352,158,99960,35.00,-7.21,-4.95
182610,2424,16352,167,99960,35.00,-7.24,-4.96
182632,2251,16352,179,99960,35.00,-7.26,-4.99
182654,2095,16352,181,99960,35.00,-7.20,-4.96
182676,2447,16400,187,99960,35.00,-7.26,-4.97
182718,2479,16400,173,99960,35.00,-7.21,-4.95
182740,2387,16400,157,99960,35.00,-7.21,-5.02
182762,2153,16400,142,99960,35.00,-7.21,-4.96
182784,2079,16400,139,99960,35.00,-7.21,-4.97
182806,1823,16400,133,99960,35.00,-7.24,-4.94
182828,1573,16400,134,99960,35.00,-7.20,-5.00
182850,1395,16400,137,99960,35.00,-7.25,-4.94
182872,1385,16400,157,99960,35.00,-7.22,-5.00
182894,1211,16400,158,99960,35.00,-7.23,-4.95
182916,1189,16400,157,99960,35.00,-7.25,-4.98
182938,1897,16400,159,99960,35.00,-7.25,-4.99
182979,1671,16400,143,99960,35.00,-7.23,-5.02
183744,1577,16400,133,99960,35.76,-7.24,-4.98
183781,1966,16912,138,99960,35.00,-7.17,-4.96
183803,1843,16912,147,99960,35.00,-7.21,-4.97
183825,2186,16912,143,99960,35.00,-7.24,-5.02
183847,1925,16912,125,99960,35.00,-7.25,-4.95
183869,1754,17680,131,99960,35.00,-7.24,-4.96
183891,1965,17680,147,99960,35.00,-7.19,-4.98
183913,1651,17680,151,99960,35.00,-7.27,-5.00
183935,1297,16912,159,99960,35.00,-7.24,-4.98
183957,1608,16912,170,99960,35.00,-7.22,-4.98
183979,1735,16912,164,99960,35.00,-7.26,-4.98
184021,1673,17680,159,99960,35.00,-7.22,-4.99
184043,2071,17680,153,99960,35.00,-7.23,-4.96
184065,1884,17680,127,99960,35.00,-7.25,-4.98
184087,1677,17680,125,99960,35.00,-7.20,-4.94
184109,1639,17680,121,99960,35.00,-7.22,-4.95
184131,1527,17680,139,99960,35.00,-7.26,-4.99
184153,1433,17680,137,99960,35.00,-7.24,-4.96
184175,1433,17680,160,99960,35.00,-7.20,-5.00
184197,1291,17680,163,99960,35.00,-7.22,-4.95
184219,1383,17680,166,99960,35.00,-7.21,-4.91
184241,1532,17680,156,99960,35.00,-7.26,-4.99
184282,1903,17680,157,99960,35.00,-7.21,-4.96
184304,1800,17680,140,99960,35.00,-7.26,-5.00
184326,1719,17680,133,99960,35.00,-7.21,-4.99
184348,1814,18192,123,99960,35.00,-7.20,-4.97
184370,2013,17680,134,99960,35.00,-7.20,-4.95
184392,1823,18192,137,99960,35.00,-7.25,-4.98
184414,1781,18192,149,99960,35.00,-7.19,-4.96
184436,1571,18192,163,99960,35.00,-7.20,-4.97
184458,1833,18192,179,99960,35.00,-7.24,-4.95
184480,1977,17680,171,99960,35.00,-7.19,-5.00
184523,1996,18192,160,99960,35.00,-7.22,-4.96
184545,2011,18192,139,99960,35.00,-7.23,-4.97
184567,2553,18192,150,99960,35.00,-7.19,-4.99
184589,2966,18192,149,99960,35.00,-7.22,-4.96
184611,2649,18192,135,99960,35.00,-7.23,-4.96
184633,1972,18192,155,99960,35.00,-7.21,-4.96
184655,1638,18192,153,99960,35.00,-7.21,-4.96
184677,1717,18192,167,99960,35.00,-7.22,-4.96
184699,1543,18192,173,99960,35.00,-7.23,-5.01
184721,1809,18192,176,99960,35.00,-7.26,-4.97
184763,2103,18192,165,99960,35.00,-7.20,-4.98
184785,2121,18192,157,99960,35.00,-7.21,-4.96
184807,1963,18192,151,99960,35.00,-7.25,-4.94
184829,2105,18192,146,99960,35.00,-7.22,-4.93
184851,1927,18192,143,99960,35.00,-7.22,-4.97
184873,1751,18192,149,99960,35.00,-7.26,-5.02
184895,1693,18192,166,99960,35.00,-7.23,-4.99
184917,1818,18192,181,99960,35.00,-7.23,-4.97
184939,1737,18192,181,99960,35.00,-7.26,-4.99
184961,1863,18192,186,99960,35.00,-7.25,-4.95
184983,1957,18192,181,99960,35.00,-7.26,-4.98
185024,1951,18192,166,99960,35.00,-7.23,-4.94
185046,2011,18576,157,99960,35.00,-7.23,-5.00
185068,2025,18576,154,99960,35.00,-7.22,-5.00
185090,2038,18576,151,99960,35.00,-7.22,-5.00
185112,1869,18576,155,99960,35.00,-7.20,-4.98
185134,1627,18576,154,99960,35.00,-7.24,-4.93
185156,1389,18576,160,99960,35.00,-7.23,-4.99
185178,1385,18576,179,99960,35.00,-7.25,-5.00
185200,1507,18576,183,99960,35.00,-7.25,-5.00
185222,1469,18576,173,99960,35.00,-7.25,-4.95
185264,1492,18576,166,99960,35.00,-7.26,-4.94
185286,1449,18576,149,99960,35.00,-7.22,-4.98
185308,1437,18576,137,99960,35.00,-7.21,-4.96
185330,1435,18576,125,99960,35.00,-7.22,-4.96
185352,1292,18576,121,99960,35.00,-7.20,-4.97
185374,991,18576,125,99960,35.00,-7.24,-4.98
185396,1039,18192,135,99960,35.00,-7.24,-4.97
185418,1143,18576,153,99960,35.00,-7.21,-4.98
185440,1427,18576,156,99960,35.00,-7.23,-4.95
185462,1628,18192,163,99960,35.00,-7.23,-4.97
185484,1811,18192,153,99960,35.00,-7.24,-4.97
185525,1695,18192,140,99960,35.00,-7.24,-4.94
185547,1709,18576,135,99960,35.00,-7.27,-4.98
185569,1739,18576,121,99960,35.00,-7.22,-4.98
185591,1817,18576,117,99960,35.00,-7.27,-4.98
185613,2071,18576,127,99960,35.00,-7.20,-4.99
185635,1635,18576,127,99960,35.00,-7.21,-4.96
185657,1437,18576,142,99960,35.00,-7.26,-4.93
185679,1579,18576,157,99960,35.00,-7.25,-4.98
185701,1565,18576,167,99960,35.00,-7.21,-5.01
185723,1659,18576,163,99960,35.00,-7.24,-4.99
185766,1834,18576,154,99960,35.00,-7.28,-4.98
185788,2039,18576,126,99960,35.00,-7.24,-4.96
185810,2056,18576,133,99960,35.00,-7.25,-4.96
185832,2063,19088,134,99960,35.00,-7.20,-5.00
185854,2019,19088,135,99960,35.00,-7.22,-4.95
185876,1850,19088,148,99960,35.00,-7.21,-4.97
185898,1575,18576,157,99960,35.00,-7.26,-4.96
185920,1756,19088,170,99960,35.00,-7.24,-4.93
185942,2287,19088,185,99960,35.00,-7.23,-4.96
185964,3859,19088,206,99960,35.00,-7.21,-4.95
186550,3815,19088,186,99960,35.75,-7.22,-4.98
186588,1452,19088,115,99960,35.00,-7.24,-5.01
186610,2141,19088,135,99960,35.00,-7.23,-4.97
186632,1331,19856,111,99960,35.00,-7.24,-4.95
186654,1611,19856,119,99960,35.00,-7.20,-4.96
186676,1725,19856,121,99960,35.00,-7.21,-4.98
186698,1231,19856,123,99960,35.00,-7.21,-5.01
186720,1395,19856,143,99960,35.00,-7.22,-4.99
186742,1631,19856,153,99960,35.00,-7.24,-4.98
186764,1503,19856,155,99960,35.00,-7.23,-4.99
186786,1799,19856,156,99960,35.00,-7.23,-4.99
186828,2111,19856,149,99960,35.00,-7.22,-4.98
186850,2013,19856,133,99960,35.00,-7.26,-4.94
186872,2269,19856,137,99960,35.00,-7.21,-4.96
186894,2363,19856,126,99960,35.00,-7.19,-4.94
186916,2219,19856,137,99960,35.00,-7.24,-4.95
186938,1912,19856,141,99960,35.00,-7.24,-4.97
186960,2023,19856,152,99960,35.00,-7.24,-4.97
186982,2071,19856,166,99960,35.00,-7.23,-4.96
187570,1909,19856,166,99960,35.27,-7.22,-4.96
187610,1801,20368,135,99960,35.00,-7.22,-4.99
187632,1849,20368,135,99960,35.00,-7.21,-5.02
187654,1815,20368,133,99960,35.00,-7.22,-4.96
187676,1671,20368,119,99960,35.00,-7.21,-4.99
187698,1461,20368,126,99960,35.00,-7.20,-4.96
187720,1396,20368,135,99960,35.00,-7.21,-5.01
187742,1285,20368,151,99960,35.00,-7.23,-4.97
187764,1239,20368,154,99960,35.00,-7.22,-4.98
187786,1262,20368,157,99960,35.00,-7.26,-4.95
187808,1364,20368,149,99960,35.00,-7.26,-4.96
187851,1299,20368,141,99960,35.00,-7.24,-4.98
187873,1597,20368,111,99960,35.00,-7.21,-4.94
187895,1766,20368,119,99960,35.00,-7.27,-4.99
187917,1580,20368,109,99960,35.00,-7.21,-4.97
187939,1299,20368,119,99960,35.00,-7.20,-4.98
187961,1291,20368,122,99960,35.00,-7.23,-4.99
187983,1223,20368,147,99960,35.00,-7.27,-4.94
188345,1204,20368,147,99960,35.97,-7.22,-4.95
188373,1803,20368,165,99960,35.00,-7.27,-4.96
188395,2249,20368,125,99960,35.00,-7.24,-4.96
188417,2303,20368,134,99960,35.00,-7.22,-4.97
188439,2326,20368,136,99960,35.00,-7.20,-4.96
188461,2171,20368,141,99960,35.00,-7.24,-4.96
188483,1725,20368,153,99960,35.00,-7.24,-4.94
188505,1836,20368,168,99960,35.00,-7.22,-4.97
188527,1847,20368,169,99960,35.00,-7.20,-4.99
188549,1868,20368,171,99960,35.00,-7.30,-4.96
188571,1977,20368,169,99960,35.00,-7.19,-4.96
188612,2153,20560,152,99960,35.00,-7.22,-5.00
188634,2223,20560,151,99960,35.00,-7.24,-4.96
188656,2429,20560,148,99960,35.00,-7.20,-4.96
188678,2217,20560,135,99960,35.00,-7.22,-4.99
188700,1915,20560,131,99960,35.00,-7.22,-4.95
188722,2204,20560,156,99960,35.00,-7.22,-4.97
188744,1814,20560,147,99960,35.00,-7.23,-4.96
188766,1555,20560,169,99960,35.00,-7.25,-4.97
188788,2017,20560,179,99960,35.00,-7.23,-4.98
188810,2165,20560,179,99960,35.00,-7.23,-4.93
188832,1861,20560,160,99960,35.00,-7.22,-4.99
188873,2379,20560,159,99960,35.00,-7.18,-4.99
188895,2059,20560,145,99960,35.00,-7.25,-5.00
188917,1875,20560,141,99960,35.00,-7.24,-4.99
188939,1963,20560,141,99960,35.00,-7.23,-4.98
188961,1961,20560,147,99960,35.00,-7.21,-4.98
188983,1791,20560,148,99960,35.00,-7.24,-4.96
189356,1785,20560,171,99960,34.70,-7.23,-4.96
189394,1942,20560,138,99960,35.00,-7.24,-4.97
189416,1721,20560,135,99960,35.00,-7.25,-4.94
189438,981,21072,133,99960,35.00,-7.22,-4.96
189460,1565,21072,120,99960,35.00,-7.21,-4.97
189482,1227,21072,111,99960,35.00,-7.23,-4.96
189504,1127,21072,124,99960,35.00,-7.24,-4.96
189526,1211,21072,145,99960,35.00,-7.21,-4.93
189548,1189,21072,149,99960,35.00,-7.26,-4.99
189570,1114,21072,151,99960,35.00,-7.25,-4.97
189592,990,21072,140,99960,35.00,-7.23,-4.98
189614,1140,21072,141,99960,35.00,-7.24,-4.96
189655,1543,21072,127,99960,35.00,-7.26,-4.96
189677,1599,21072,116,99960,35.00,-7.24,-4.96
189699,1565,21072,109,99960,35.00,-7.24,-4.98
189721,1691,21072,110,99960,35.00,-7.22,-4.96
189743,1471,21072,111,99960,35.00,-7.23,-4.97
189765,1275,21072,125,99960,35.00,-7.26,-4.99
189787,1300,21072,141,99960,35.00,-7.25,-5.00
189809,1433,21072,147,99960,35.00,-7.20,-4.99
189831,1274,21072,147,99960,35.00,-7.25,-5.01
189853,1421,21072,141,99960,35.00,-7.21,-4.95
189896,1711,21840,135,99960,35.00,-7.23,-4.97
189918,2132,21072,120,99960,35.00,-7.24,-4.95
189940,1927,21840,108,99960,35.00,-7.26,-4.98
189962,1819,21840,115,99960,35.00,-7.24,-4.97
189984,1994,21840,125,99960,35.00,-7.23,-4.97
190376,1823,21840,123,99960,35.79,-7.24,-4.99
190417,2893,21840,163,99960,35.00,-7.21,-4.97
190439,3089,22352,158,99960,35.00,-7.23,-4.96
190461,2917,22352,155,99960,35.00,-7.21,-4.97
190483,2665,22352,161,99960,35.00,-7.24,-4.96
190505,2504,22352,169,99960,35.00,-7.20,-5.00
190527,2218,22352,168,99960,35.00,-7.25,-4.99
190549,2199,22352,181,99960,35.00,-7.22,-4.96
190571,2009,22352,183,99960,35.00,-7.25,-4.96
190593,1861,22352,184,99960,35.00,-7.23,-5.01
190615,2203,22352,187,99960,35.00,-7.23,-4.97
190658,2149,22352,177,99960,35.00,-7.24,-4.97
190680,1901,22352,142,99960,35.00,-7.22,-4.96
190702,2025,22352,141,99960,35.00,-7.25,-4.97
190724,1655,22352,139,99960,35.00,-7.20,-4.96
190746,1321,22352,153,99960,35.00,-7.22,-4.99
190768,883,22352,151,99960,35.00,-7.20,-4.99
190790,489,22352,157,99960,35.00,-7.24,-4.96
190812,525,22352,155,99960,35.00,-7.23,-4.99
190834,1175,22352,158,99960,35.00,-7.25,-4.99
190856,1606,22352,151,99960,35.00,-7.24,-4.96
190898,1553,22352,135,99960,35.00,-7.20,-4.94
190920,1147,22352,101,99960,35.00,-7.23,-4.97
190942,1087,22352,99,99960,35.00,-7.25,-4.96
190964,909,22352,94,99960,35.00,-7.23,-4.97
190986,955,22352,107,99960,35.00,-7.23,-4.98
191397,989,22352,115,99960,35.11,-7.24,-4.99
191439,1997,22352,124,99960,35.00,-7.23,-4.96
191461,2489,22352,120,99960,35.00,-7.23,-4.99
191483,2747,22736,120,99960,35.00,-7.22,-4.98
191505,2771,22736,126,99960,35.00,-7.21,-4.96
191527,2632,22352,137,99960,35.00,-7.23,-4.98
191549,2419,22736,145,99960,35.00,-7.25,-4.96
191571,2535,22736,171,99960,35.00,-7.20,-4.99
191593,2463,22736,166,99960,35.00,-7.20,-4.95
191615,2296,22736,173,99960,35.00,-7.22,-4.98
191637,2973,22736,179,99960,35.00,-7.26,-4.99
191659,2540,22736,165,99960,35.00,-7.24,-4.96
191700,2405,22736,142,99960,35.00,-7.23,-4.96
191722,2684,22736,147,99960,35.00,-7.21,-4.99
191744,2581,22736,137,99960,35.00,-7.24,-5.00
191766,2360,22736,135,99960,35.00,-7.22,-4.98
191788,2343,22736,152,99960,35.00,-7.24,-4.99
191810,2479,22736,175,99960,35.00,-7.20,-4.94
191832,2453,22736,187,99960,35.00,-7.23,-4.96
191854,1993,22736,179,99960,35.00,-7.22,-4.97
191876,1547,22736,160,99960,35.00,-7.20,-4.95
191898,1733,22736,155,99960,35.00,-7.24,-4.99
191920,2103,22736,150,99960,35.00,-7.20,-4.97
191961,2471,22736,155,99960,35.00,-7.25,-4.97
191983,2701,22736,157,99960,35.00,-7.25,-5.00
192417,2661,22736,157,99960,36.25,-7.22,-5.00
192446,1607,22736,155,99960,35.00,-7.21,-4.98
192468,2141,22352,141,99960,35.00,-7.24,-4.98
192490,1945,22352,150,99960,35.00,-7.23,-4.93
192512,1613,22352,147,99960,35.00,-7.22,-4.97
192534,1561,22352,149,99960,35.00,-7.24,-4.96
192556,1583,22352,151,99960,35.00,-7.28,-4.96
192578,2027,22352,157,99960,35.00,-7.24,-4.97
192600,2089,22352,142,99960,35.00,-7.21,-4.98
192642,1757,22352,133,99960,35.00,-7.23,-4.99
192664,1949,22352,119,99960,35.00,-7.26,-4.99
192686,1773,22352,107,99960,35.00,-7.23,-4.98
192708,1722,22736,109,99960,35.00,-7.24,-4.98
192730,1783,22352,133,99960,35.00,-7.26,-4.96
192752,1622,22352,141,99960,35.00,-7.24,-4.98
192774,1499,22352,160,99960,35.00,-7.22,-4.98
192796,1629,22736,171,99960,35.00,-7.25,-4.96
192818,2220,22352,213,99960,35.00,-7.23,-5.01
192840,2909,22736,243,99960,35.00,-7.23,-5.02
192862,3592,22352,281,99960,35.00,-7.21,-4.98
192903,3845,22352,307,99960,35.00,-7.27,-4.95
192925,3875,22352,265,99960,35.00,-7.23,-4.98
192947,3857,22352,183,99960,35.00,-7.25,-4.96
192969,2616,22736,141,99960,35.00,-7.24,-4.96
192991,1013,22736,102,99960,35.00,-7.23,-5.01
193438,221,22736,111,99960,35.53,-7.19,-4.94
193467,1701,22736,158,99960,35.00,-7.24,-4.94
193489,1619,22736,119,99960,35.00,-7.22,-4.94
193511,1531,22736,138,99960,35.00,-7.24,-4.97
193533,1511,22736,149,99960,35.00,-7.22,-4.94
193555,1147,22736,153,99960,35.00,-7.21,-4.95
193577,839,22736,151,99960,35.00,-7.26,-4.97
193599,888,22736,159,99960,35.00,-7.19,-4.95
193621,1139,22736,157,99960,35.00,-7.25,-4.97
193643,1578,22736,159,99960,35.00,-7.28,-4.98
193685,1881,22736,147,99960,35.00,-7.21,-4.99
193707,1657,22736,121,99960,35.00,-7.17,-4.99
193729,0,23248,95,99960,35.00,-7.19,-4.99
193751,1209,23248,139,99960,35.00,-7.25,-4.94
193773,1775,22736,149,99960,35.00,-7.21,-4.98
193795,1998,22736,164,99960,35.00,-7.18,-4.98
193817,1205,22736,159,99960,35.00,-7.19,-4.96
193839,1657,22736,168,99960,35.00,-7.25,-4.95
193861,2199,22736,191,99960,35.00,-7.23,-4.95
193883,2888,22736,216,99960,35.00,-7.23,-4.96
193926,3375,22736,230,99960,35.00,-7.21,-4.94
193948,2829,22736,175,99960,35.00,-7.25,-4.97
193970,2437,23248,142,99960,35.00,-7.23,-4.96
193992,2223,23248,122,99960,35.00,-7.23,-4.97
194713,1768,23248,121,99960,35.45,-7.25,-4.96
194748,3869,22736,179,99960,35.00,-7.22,-4.97
194770,1213,22352,105,99960,35.00,-7.21,-4.97
194792,167,22736,95,99960,35.00,-7.21,-5.00
194814,29,22352,101,99960,35.00,-7.24,-4.94
194836,552,22352,122,99960,35.00,-7.22,-4.97
194858,620,22352,139,99960,35.00,-7.20,-4.98
194880,0,21840,124,99960,35.00,-7.22,-5.00
194902,1047,21072,173,99960,35.00,-7.24,-4.97
194924,1007,21072,139,99960,35.00,-7.24,-4.96
194946,431,20560,94,99960,35.00,-7.25,-4.94
194988,1079,20560,108,99960,35.00,-7.20,-4.95
195734,1239,20560,105,99960,35.82,-7.26,-4.98
195770,2428,22736,138,99960,35.00,-7.24,-4.94
195792,3037,22736,152,99960,35.00,-7.21,-4.95
195814,3357,22736,153,99960,35.00,-7.20,-5.00
195836,2739,22736,156,99960,35.00,-7.22,-4.95
195858,2695,22736,167,99960,35.00,-7.24,-4.96
195880,2329,22736,175,99960,35.00,-7.22,-4.93
195902,2233,22736,189,99960,35.00,-7.19,-4.97
195924,1845,22736,201,99960,35.00,-7.25,-4.97
195946,2711,22736,211,99960,35.00,-7.21,-4.98
195968,2803,22736,187,99960,35.00,-7.24,-4.97
195990,2412,22736,175,99960,35.00,-7.25,-4.95
196031,2671,22736,171,99960,35.00,-7.26,-4.97
196053,2104,23248,153,99960,35.00,-7.22,-5.00
196075,1960,23248,149,99960,35.00,-7.22,-4.93
196097,1720,23248,153,99960,35.00,-7.22,-4.98
196119,829,23248,138,99960,35.00,-7.22,-4.96
196141,0,23248,149,99960,35.00,-7.23,-4.98
196163,1079,23248,166,99960,35.00,-7.24,-4.96
196185,1105,23248,165,99960,35.00,-7.23,-4.98
196207,1041,23248,147,99960,35.00,-7.25,-4.96
196229,1200,23248,136,99960,35.00,-7.23,-4.97
196271,1339,23248,117,99960,35.00,-7.19,-5.00
196293,555,23248,93,99960,35.00,-7.19,-4.94
196315,281,23248,89,99960,35.00,-7.24,-4.96
196337,607,24016,93,99960,35.00,-7.24,-4.99
196359,633,23248,108,99960,35.00,-7.24,-4.95
196381,179,24016,112,99960,35.00,-7.23,-4.95
196403,317,23248,123,99960,35.00,-7.21,-5.01
196425,0,23248,126,99960,35.00,-7.22,-4.95
196447,0,23248,127,99960,35.00,-7.25,-4.96
196469,0,23248,115,99960,35.00,-7.24,-4.99
196491,0,22736,102,99960,35.00,-7.22,-4.94
196532,3047,22736,137,99960,35.00,-7.21,-4.95
196554,3850,23248,135,99960,35.00,-7.22,-5.01
196576,3687,23248,139,99960,35.00,-7.24,-4.99
196598,3837,24016,158,99960,35.00,-7.24,-4.98
196620,2889,24016,148,99960,35.00,-7.23,-4.98
196642,3577,24016,185,99960,35.00,-7.25,-4.93
196664,3849,24016,189,99960,35.00,-7.23,-4.96
196686,2767,24016,167,99960,35.00,-7.25,-4.98
196708,2427,24016,169,99960,35.00,-7.22,-5.02
196730,2664,24016,163,99960,35.00,-7.23,-4.94
196773,2796,24528,159,99960,35.00,-7.21,-4.99
196795,2473,24528,147,99960,35.00,-7.26,-4.96
196817,2473,24528,151,99960,35.00,-7.20,-4.97
196839,2614,24528,159,99960,35.00,-7.22,-4.96
196861,2441,24528,168,99960,35.00,-7.23,-4.98
196883,1867,24528,180,99960,35.00,-7.22,-5.00
196905,1827,24528,181,99960,35.00,-7.23,-4.98
196927,1672,24528,178,99960,35.00,-7.23,-5.00
196949,1773,24528,179,99960,35.00,-7.22,-5.01
196971,1981,24528,159,99960,35.00,-7.23,-4.97
197520,2236,24528,155,99960,35.16,-7.24,-4.96
197555,0,24528,120,99960,35.00,-7.24,-4.96
197577,0,24528,115,99960,35.00,-7.20,-4.96
197599,2010,24528,155,99960,35.00,-7.23,-4.97
197621,3861,24528,223,99960,35.00,-7.23,-4.96
197643,3864,24016,276,99960,35.00,-7.23,-5.01
197665,3871,24016,313,99960,35.00,-7.21,-4.99
197687,3865,24016,299,99960,35.00,-7.20,-4.93
197709,3867,24016,334,99960,35.00,-7.22,-4.98
197731,3854,24016,349,99960,35.00,-7.23,-4.94
197753,3867,24016,355,99960,35.00,-7.24,-5.00
197795,3871,24016,359,99960,35.00,-7.24,-4.92
197817,3862,24016,359,99960,35.00,-7.23,-5.00
197839,3857,24016,353,99960,35.00,-7.19,-4.96
197861,3785,24016,333,99960,35.00,-7.20,-4.98
197883,1311,24016,261,99960,35.00,-7.22,-4.96
197905,0,24016,237,99960,35.00,-7.23,-5.00
197927,0,24016,213,99960,35.00,-7.22,-4.96
197949,0,24016,175,99960,35.00,-7.20,-4.95
197971,0,24528,147,99960,35.00,-7.21,-4.95
197993,0,24016,117,99960,35.00,-7.24,-4.96
198541,0,24528,95,99960,35.91,-7.24,-5.00
198577,3871,24016,202,99960,35.00,-7.27,-4.96
198599,3867,24528,121,99960,35.00,-7.22,-5.01
198621,3847,24528,83,99960,35.00,-7.23,-4.93
198643,1207,24528,47,99960,35.00,-7.24,-4.99
198665,0,24528,13,99960,35.00,-7.22,-4.97
198687,0,24528,16,99960,35.00,-7.21,-4.95
198709,2168,24016,46,99960,35.00,-7.22,-4.96
198731,3773,24016,69,99960,35.00,-7.24,-4.96
198753,3858,24016,77,99960,35.00,-7.21,-4.97
198775,3853,24528,88,99960,35.00,-7.22,-4.97
198818,3859,24528,89,99960,35.00,-7.25,-4.98
198840,3870,24016,104,99960,35.00,-7.21,-4.95
198862,3860,24016,138,99960,35.00,-7.25,-4.99
198884,3864,24016,199,99960,35.00,-7.21,-4.98
198906,3859,23248,254,99960,35.00,-7.23,-4.96
198928,3861,23248,287,99960,35.00,-7.23,-4.98
198950,3864,22736,283,99960,35.00,-7.20,-4.97
198972,3869,22736,261,99960,35.00,-7.24,-4.94
198994,3879,22736,234,99960,35.00,-7.22,-4.96
199561,3863,23248,211,99960,35.19,-7.20,-4.96
199599,1075,24016,77,99960,35.00,-7.23,-4.96
199621,2116,24016,95,99960,35.00,-7.26,-4.98
199643,2459,24528,118,99960,35.00,-7.22,-4.97
199665,2535,24528,153,99960,35.00,-7.24,-5.00
199687,2671,24528,169,99960,35.00,-7.22,-4.96
199709,2826,24528,191,99960,35.00,-7.22,-4.97
199731,2973,24528,213,99960,35.00,-7.24,-4.97
199753,3164,24528,220,99960,35.00,-7.24,-4.96
199775,3719,24528,227,99960,35.00,-7.24,-4.97
199797,3811,24528,217,99960,35.00,-7.21,-4.97
199819,3817,24528,205,99960,35.00,-7.22,-5.01
199860,3812,24528,205,99960,35.00,-7.25,-4.98
199882,3812,24624,189,99960,35.00,-7.22,-4.98
199904,3207,24624,179,99960,35.00,-7.23,-4.98
199926,3119,24624,187,99960,35.00,-7.26,-4.98
199948,2762,24624,185,99960,35.00,-7.19,-4.95
199970,2515,24624,186,99960,35.00,-7.22,-5.02
199992,2383,24624,183,99960,35.00,-7.27,-5.01
200582,2309,24528,183,99960,35.65,-7.23,-4.98
200622,1331,24624,117,99960,35.00,-7.24,-5.00
200644,1279,24624,116,99960,35.00,-7.25,-4.95
200666,1116,24624,111,99960,35.00,-7.22,-5.00
200688,1241,25136,125,99960,35.00,-7.23,-4.95
200710,1285,25136,147,99960,35.00,-7.22,-4.93
200732,1279,25136,153,99960,35.00,-7.23,-4.93
200754,1500,25136,157,99960,35.00,-7.21,-4.98
200776,1661,24624,157,99960,35.00,-7.23,-4.97
200798,1693,24624,138,99960,35.00,-7.23,-4.96
200820,1829,24624,133,99960,35.00,-7.23,-4.95
200863,1909,24624,111,99960,35.00,-7.23,-4.97
200885,1818,24624,111,99960,35.00,-7.23,-4.99
200907,1737,24624,121,99960,35.00,-7.24,-4.96
200929,1679,24624,146,99960,35.00,-7.22,-5.01
200951,1711,24624,157,99960,35.00,-7.22,-4.98
200973,1877,24624,169,99960,35.00,-7.24,-4.96
200995,2165,24624,171,99960,35.00,-7.21,-4.98
201357,2157,24624,165,99960,34.78,-7.19,-4.98
201385,1902,24624,165,99960,35.00,-7.21,-4.98
201407,1592,24624,123,99960,35.00,-7.25,-4.97
201429,1525,24624,146,99960,35.00,-7.23,-4.94
201451,1405,24624,151,99960,35.00,-7.20,-4.96
201473,1337,24624,159,99960,35.00,-7.22,-4.96
201495,1427,24624,168,99960,35.00,-7.26,-4.97
201517,1483,24624,165,99960,35.00,-7.25,-4.96
201539,1701,24624,154,99960,35.00,-7.23,-4.97
201561,1801,24624,147,99960,35.00,-7.18,-4.97
201583,1787,24624,123,99960,35.00,-7.28,-4.98
201624,1687,25136,125,99960,35.00,-7.22,-4.97
201646,1687,24624,121,99960,35.00,-7.23,-4.99
201668,1687,24624,125,99960,35.00,-7.21,-5.01
201690,1337,24624,131,99960,35.00,-7.22,-4.96
201712,1432,24624,155,99960,35.00,-7.23,-4.97
201734,1309,25136,155,99960,35.00,-7.23,-5.00
201756,1419,24624,169,99960,35.00,-7.25,-4.98
201778,1562,24624,155,99960,35.00,-7.24,-4.96
201800,1721,24624,151,99960,35.00,-7.21,-4.98
201822,1811,24624,126,99960,35.00,-7.19,-4.98
201844,1800,24624,119,99960,35.00,-7.25,-4.99
201885,1768,24624,119,99960,35.00,-7.23,-4.96
201907,1758,24624,119,99960,35.00,-7.22,-5.00
201929,1631,24624,127,99960,35.00,-7.20,-4.94
201951,1485,24624,135,99960,35.00,-7.27,-4.97
201973,1485,24624,151,99960,35.00,-7.21,-4.99
201995,1577,24528,165,99960,35.00,-7.25,-4.99
202367,1715,24528,163,99960,35.62,-7.25,-4.95
202406,2151,25136,141,99960,35.00,-7.25,-4.97
202428,2155,25136,136,99960,35.00,-7.21,-4.97
202450,1955,25136,138,99960,35.00,-7.24,-4.92
202472,1931,25136,155,99960,35.00,-7.22,-4.94
202494,1828,25136,165,99960,35.00,-7.24,-4.98
202516,1658,25136,169,99960,35.00,-7.21,-4.97
202538,1684,25136,163,99960,35.00,-7.26,-4.98
202560,1765,25136,157,99960,35.00,-7.23,-4.96
202582,1774,25136,142,99960,35.00,-7.26,-5.01
202604,1724,25136,133,99960,35.00,-7.21,-4.92
202626,1647,25136,121,99960,35.00,-7.21,-4.96
202667,1704,25136,121,99960,35.00,-7.21,-4.96
202689,1471,25136,115,99960,35.00,-7.21,-4.94
202711,1251,25136,127,99960,35.00,-7.26,-4.96
202733,1223,25136,140,99960,35.00,-7.26,-4.98
202755,1213,25136,154,99960,35.00,-7.27,-5.00
202777,1355,25136,155,99960,35.00,-7.23,-4.95
202799,1627,25136,154,99960,35.00,-7.22,-4.97
202821,1785,25136,150,99960,35.00,-7.21,-4.97
202843,1823,25136,140,99960,35.00,-7.23,-4.94
202865,1925,25136,125,99960,35.00,-7.24,-5.01
202908,1864,25136,119,99960,35.00,-7.25,-4.97
202930,1799,25136,119,99960,35.00,-7.22,-4.97
202952,1643,25136,125,99960,35.00,-7.18,-5.00
202974,1645,25136,156,99960,35.00,-7.21,-4.94
202996,1656,25136,162,99960,35.00,-7.22,-5.04
203388,1883,25136,173,99960,35.22,-7.23,-4.99
203429,1611,25904,124,99960,35.00,-7.21,-4.99
203451,1801,25904,135,99960,35.00,-7.23,-4.95
203473,1528,25904,141,99960,35.00,-7.23,-5.00
203495,1465,25904,155,99960,35.00,-7.23,-4.94
203517,1515,25904,167,99960,35.00,-7.25,-4.98
203539,1594,25904,170,99960,35.00,-7.27,-4.93
203561,1727,25904,167,99960,35.00,-7.23,-4.98
203583,1865,25904,163,99960,35.00,-7.25,-4.96
203605,1885,25904,137,99960,35.00,-7.20,-4.96
203627,1898,25904,139,99960,35.00,-7.25,-4.99
203670,1977,25904,126,99960,35.00,-7.24,-5.00
203692,1604,25904,138,99960,35.00,-7.22,-4.95
203714,1390,25904,141,99960,35.00,-7.24,-4.93
203736,1342,25904,160,99960,35.00,-7.23,-4.98
203758,1431,25904,165,99960,35.00,-7.25,-4.98
203780,1567,25904,168,99960,35.00,-7.22,-4.96
203802,1679,25904,157,99960,35.00,-7.24,-4.96
203824,1740,25904,152,99960,35.00,-7.26,-4.94
203846,1903,25904,133,99960,35.00,-7.22,-4.94
203868,1934,25904,126,99960,35.00,-7.25,-4.95
203910,2083,25904,123,99960,35.00,-7.23,-5.00
203932,1903,25904,123,99960,35.00,-7.25,-4.96
203954,1684,25904,142,99960,35.00,-7.25,-4.99
203976,1582,25904,157,99960,35.00,-7.25,-4.97
203998,1508,25904,167,99960,35.00,-7.23,-4.98
204020,1533,25904,167,99960,35.00,-7.22,-4.96
204042,1779,25904,168,99960,35.00,-7.20,-5.01
204064,1961,25904,157,99960,35.00,-7.24,-4.95
204086,2149,25904,147,99960,35.00,-7.21,-4.99
204108,2101,25904,135,99960,35.00,-7.24,-4.96
204130,1865,25904,123,99960,35.00,-7.23,-4.96
204171,1707,25904,132,99960,35.00,-7.26,-4.97
204193,1613,25904,133,99960,35.00,-7.27,-4.96
204215,1597,25904,148,99960,35.00,-7.22,-4.98
204237,1527,25904,163,99960,35.00,-7.23,-4.98
204259,1745,25904,175,99960,35.00,-7.22,-4.97
204281,1865,25904,177,99960,35.00,-7.29,-4.95
204303,2125,25904,175,99960,35.00,-7.22,-4.99
204325,2275,25904,165,99960,35.00,-7.24,-4.98
204347,2239,25904,145,99960,35.00,-7.23,-4.94
204369,2153,25904,137,99960,35.00,-7.21,-4.96
204411,1951,25904,135,99960,35.00,-7.24,-4.93
204433,1738,25904,137,99960,35.00,-7.27,-4.94
204455,1647,25904,137,99960,35.00,-7.22,-4.98
204477,1611,25904,164,99960,35.00,-7.25,-5.00
204499,1525,25904,164,99960,35.00,-7.24,-5.00
204521,1577,25904,175,99960,35.00,-7.19,-4.96
204543,1898,25904,167,99960,35.00,-7.26,-4.96
204565,1765,25904,155,99960,35.00,-7.27,-4.98
204587,2279,25904,148,99960,35.00,-7.23,-4.98
204609,3167,25904,159,99960,35.00,-7.24,-5.00
204631,2397,25904,137,99960,35.00,-7.25,-4.97
204672,2532,25904,152,99960,35.00,-7.21,-4.99
204694,2195,25904,146,99960,35.00,-7.23,-4.95
204716,1980,25904,167,99960,35.00,-7.26,-4.98
204738,1683,25904,171,99960,35.00,-7.21,-4.95
204760,1461,25904,171,99960,35.00,-7.25,-4.98
204782,1435,25904,171,99960,35.00,-7.24,-4.97
204804,1368,25904,153,99960,35.00,-7.24,-4.98
204826,1369,25904,139,99960,35.00,-7.24,-4.99
204848,1634,25904,125,99960,35.00,-7.21,-4.98
204870,1096,25904,111,99960,35.00,-7.23,-4.97
204913,1251,25904,110,99960,35.00,-7.24,-4.97
204935,605,25904,107,99960,35.00,-7.24,-4.94
204957,473,25904,115,99960,35.00,-7.23,-4.96
204979,571,25904,127,99960,35.00,-7.21,-4.98
205683,637,25904,136,99960,35.76,-7.22,-4.97
205715,2277,23248,175,99960,35.00,-7.23,-4.97
205737,2084,23248,149,99960,35.00,-7.20,-4.97
205759,1831,23248,167,99960,35.00,-7.20,-4.96
205781,1807,23248,176,99960,35.00,-7.25,-4.98
205803,2157,23248,185,99960,35.00,-7.22,-5.00
205825,2107,24016,180,99960,35.00,-7.22,-5.00
205847,2213,24016,167,99960,35.00,-7.22,-5.02
205869,2117,24016,151,99960,35.00,-7.24,-4.95
205891,2060,24528,143,99960,35.00,-7.23,-4.98
205913,1783,24528,123,99960,35.00,-7.24,-4.99
205955,1405,24528,119,99960,35.00,-7.27,-4.99
205977,1006,24528,115,99960,35.00,-7.22,-4.93
205999,791,24528,134,99960,35.00,-7.24,-4.96
206021,915,24624,141,99960,35.00,-7.21,-4.93
206043,797,24624,151,99960,35.00,-7.27,-4.98
206065,891,24624,139,99960,35.00,-7.20,-5.00
206087,1075,24624,135,99960,35.00,-7.20,-5.01
206109,1001,24624,109,99960,35.00,-7.24,-4.96
206131,1112,24624,105,99960,35.00,-7.22,-4.96
206153,1195,24624,99,99960,35.00,-7.21,-4.97
206175,1211,24624,102,99960,35.00,-7.22,-4.98
206216,1325,24624,115,99960,35.00,-7.26,-4.99
206238,1543,24624,132,99960,35.00,-7.27,-4.98
206260,1561,24624,147,99960,35.00,-7.26,-4.97
206282,1814,24624,173,99960,35.00,-7.22,-4.96
206304,1848,25136,170,99960,35.00,-7.22,-4.95
206326,1971,24624,165,99960,35.00,-7.22,-4.99
206348,1975,25136,155,99960,35.00,-7.24,-4.98
206370,2091,24624,141,99960,35.00,-7.25,-4.99
206392,2155,24624,133,99960,35.00,-7.22,-4.98
206414,2121,24624,123,99960,35.00,-7.27,-4.99
206456,1833,24624,123,99960,35.00,-7.26,-4.93
206478,1899,24624,135,99960,35.00,-7.25,-4.98
206500,1628,24624,148,99960,35.00,-7.21,-4.96
206522,1547,24624,153,99960,35.00,-7.21,-4.99
206544,1770,24624,169,99960,35.00,-7.21,-4.99
206566,1902,24624,160,99960,35.00,-7.22,-4.98
206588,2013,24624,149,99960,35.00,-7.27,-4.98
206610,1898,24624,136,99960,35.00,-7.22,-4.98
206632,2043,24624,117,99960,35.00,-7.20,-4.97
206654,1967,25136,116,99960,35.00,-7.26,-4.94
206676,1994,25136,125,99960,35.00,-7.23,-4.99
206717,1813,25136,139,99960,35.00,-7.25,-4.96
206739,1946,24624,141,99960,35.00,-7.26,-4.96
206761,1816,24624,163,99960,35.00,-7.27,-4.96
206783,1879,24624,171,99960,35.00,-7.25,-4.99
206805,2042,24624,179,99960,35.00,-7.23,-4.98
206827,2200,24624,169,99960,35.00,-7.21,-4.99
206849,2280,24624,164,99960,35.00,-7.21,-4.98
206871,2213,24624,142,99960,35.00,-7.23,-4.99
206893,2187,24624,140,99960,35.00,-7.24,-4.94
206915,2004,24624,122,99960,35.00,-7.24,-5.00
206958,1837,24624,127,99960,35.00,-7.27,-4.95
206980,1563,24624,145,99960,35.00,-7.25,-4.94
207724,1481,24624,158,99960,35.48,-7.26,-4.97
207760,1833,24624,170,99960,35.00,-7.23,-4.95
207782,1621,24624,147,99960,35.00,-7.24,-5.00
207804,1607,24624,167,99960,35.00,-7.21,-5.00
207826,1791,24624,172,99960,35.00,-7.27,-4.98
207848,1983,24624,171,99960,35.00,-7.22,-4.97
207870,2098,24624,163,99960,35.00,-7.21,-4.97
207892,2107,24624,149,99960,35.00,-7.24,-4.97
207914,2035,24624,133,99960,35.00,-7.22,-4.96
207936,2010,24624,127,99960,35.00,-7.24,-4.99
207958,1785,24624,121,99960,35.00,-7.22,-4.97
208745,1627,24624,133,99960,35.26,-7.25,-4.99
208782,1651,25136,167,99960,35.00,-7.25,-4.94
208804,1580,25136,151,99960,35.00,-7.26,-4.96
208826,1572,25136,159,99960,35.00,-7.24,-4.99
208848,1671,25136,165,99960,35.00,-7.26,-5.01
208870,1851,25136,159,99960,35.00,-7.21,-4.95
208892,2019,25136,157,99960,35.00,-7.23,-4.99
208914,2055,25136,135,99960,35.00,-7.25,-4.95
208936,2003,25136,133,99960,35.00,-7.25,-4.96
208958,1965,25136,120,99960,35.00,-7.24,-4.95
208980,1868,25136,125,99960,35.00,-7.21,-5.02
209023,1635,25136,133,99960,35.00,-7.21,-4.97
209045,1560,25136,152,99960,35.00,-7.24,-4.96
209067,1639,25136,155,99960,35.00,-7.25,-4.96
209089,1779,25136,164,99960,35.00,-7.26,-4.99
209111,1951,25136,151,99960,35.00,-7.20,-4.95
209133,1951,25136,147,99960,35.00,-7.24,-4.98
209155,2019,25904,127,99960,35.00,-7.21,-4.96
209177,2003,25904,123,99960,35.00,-7.23,-4.92
209199,1910,25904,121,99960,35.00,-7.21,-4.95
209221,1723,25904,125,99960,35.00,-7.26,-4.99
209263,1515,25904,137,99960,35.00,-7.23,-4.96
209285,1553,25136,150,99960,35.00,-7.24,-4.98
209307,1565,25136,157,99960,35.00,-7.26,-4.98
209329,1733,25136,157,99960,35.00,-7.25,-4.97
209351,1875,25136,157,99960,35.00,-7.24,-4.96
209373,2040,25136,151,99960,35.00,-7.23,-4.99
209395,2083,25904,141,99960,35.00,-7.21,-4.95
209417,2031,25904,127,99960,35.00,-7.23,-4.93
209439,1881,25904,119,99960,35.00,-7.22,-4.98
209461,1723,25136,123,99960,35.00,-7.20,-4.97
209483,1511,25904,135,99960,35.00,-7.24,-4.99
209524,1450,25904,152,99960,35.00,-7.24,-5.00
209546,1459,25136,155,99960,35.00,-7.19,-4.99
209568,1533,25904,163,99960,35.00,-7.24,-4.96
209590,1709,25904,165,99960,35.00,-7.22,-4.96
209612,1897,25904,158,99960,35.00,-7.19,-4.96
209634,2015,25904,147,99960,35.00,-7.22,-4.96
209656,2068,25904,135,99960,35.00,-7.23,-4.96
209678,2032,25904,123,99960,35.00,-7.23,-4.96
209700,1879,25904,127,99960,35.00,-7.23,-4.97
209722,1719,25904,133,99960,35.00,-7.23,-4.99
209764,1516,25904,141,99960,35.00,-7.24,-4.96
209786,1427,25904,153,99960,35.00,-7.23,-5.01
209808,1432,25904,159,99960,35.00,-7.23,-4.98
209830,1560,25904,163,99960,35.00,-7.24,-4.98
209852,1727,25904,155,99960,35.00,-7.23,-5.01
209874,1870,25904,151,99960,35.00,-7.23,-4.99
209896,1927,25904,135,99960,35.00,-7.21,-4.95
209918,1944,25904,125,99960,35.00,-7.24,-5.02
209940,1816,25904,119,99960,35.00,-7.26,-4.95
209962,1635,25904,122,99960,35.00,-7.21,-4.97
209984,1557,25904,135,99960,35.00,-7.23,-4.99
210025,1519,25904,151,99960,35.00,-7.27,-4.98
210047,1484,25904,155,99960,35.00,-7.26,-5.01
210069,1526,25904,160,99960,35.00,-7.25,-4.94
210091,1692,25904,159,99960,35.00,-7.25,-5.02
210113,1883,25904,155,99960,35.00,-7.23,-5.01
210135,2070,25904,147,99960,35.00,-7.23,-4.98
210157,2095,25904,133,99960,35.00,-7.23,-4.96
210179,2023,25904,121,99960,35.00,-7.24,-5.00
210201,1871,25904,126,99960,35.00,-7.24,-4.99
210223,1779,25904,134,99960,35.00,-7.23,-4.95
210266,1683,25904,151,99960,35.00,-7.21,-4.97
210288,1577,25904,159,99960,35.00,-7.24,-4.94
210310,1658,25904,167,99960,35.00,-7.24,-4.96
210332,1828,25904,164,99960,35.00,-7.22,-4.98
210354,1949,25904,153,99960,35.00,-7.18,-4.96
210376,1999,25904,143,99960,35.00,-7.25,-4.95
210398,2071,26416,135,99960,35.00,-7.25,-4.96
210420,1879,25904,123,99960,35.00,-7.25,-4.96
210442,1765,25904,121,99960,35.00,-7.23,-4.97
210464,1636,25904,138,99960,35.00,-7.22,-4.98
210506,1468,25904,141,99960,35.00,-7.25,-4.98
210528,1324,25904,154,99960,35.00,-7.24,-5.00
210550,1401,25904,153,99960,35.00,-7.25,-4.96
210572,1587,25904,157,99960,35.00,-7.21,-4.97
210594,1767,25904,155,99960,35.00,-7.21,-4.98
210616,1980,26416,141,99960,35.00,-7.24,-4.96
210638,2079,26416,126,99960,35.00,-7.22,-4.95
210660,1994,26416,119,99960,35.00,-7.22,-4.98
210682,1972,25904,126,99960,35.00,-7.23,-4.99
210704,1837,25904,128,99960,35.00,-7.25,-4.98
210726,1667,26416,141,99960,35.00,-7.20,-4.98
210767,1799,25904,159,99960,35.00,-7.21,-4.96
210789,1725,25904,159,99960,35.00,-7.22,-4.95
210811,1631,25904,158,99960,35.00,-7.26,-4.95
210833,1711,26416,155,99960,35.00,-7.20,-4.97
210855,1899,26416,149,99960,35.00,-7.26,-5.01
210877,2015,26416,138,99960,35.00,-7.25,-4.99
210899,2213,26416,135,99960,35.00,-7.23,-4.96
210921,2089,26416,121,99960,35.00,-7.19,-5.00
210943,1925,26416,133,99960,35.00,-7.22,-4.97
210965,1641,26416,133,99960,35.00,-7.25,-4.95
211551,1389,26416,147,99960,35.41,-7.25,-4.96
211589,1596,26416,165,99960,35.00,-7.22,-4.96
211611,1493,26416,153,99960,35.00,-7.28,-4.97
211633,1605,26800,163,99960,35.00,-7.21,-4.98
211655,1853,26800,155,99960,35.00,-7.24,-4.97
211677,2074,26800,150,99960,35.00,-7.25,-4.98
211699,2479,26800,125,99960,35.00,-7.22,-4.97
211721,1401,26800,121,99960,35.00,-7.21,-5.00
211743,1307,26800,101,99960,35.00,-7.22,-4.99
211765,2107,26800,135,99960,35.00,-7.22,-5.01
211787,1829,26800,151,99960,35.00,-7.21,-5.00
211829,924,26416,141,99960,35.00,-7.18,-4.96
211851,1567,26416,163,99960,35.00,-7.21,-4.98
211873,1315,26800,160,99960,35.00,-7.24,-4.96
211895,2003,26800,167,99960,35.00,-7.20,-4.98
211917,2101,26800,157,99960,35.00,-7.24,-4.96
211939,1943,26800,135,99960,35.00,-7.25,-5.01
211961,2041,26800,135,99960,35.00,-7.25,-4.95
211983,1992,26800,121,99960,35.00,-7.23,-4.96
212571,1787,26800,136,99960,35.22,-7.21,-4.97
212611,1540,26800,163,99960,35.00,-7.21,-4.96
212633,1467,26800,157,99960,35.00,-7.25,-4.98
212655,1639,26800,163,99960,35.00,-7.22,-4.95
212677,1848,26800,152,99960,35.00,-7.25,-4.98
212699,1943,26416,147,99960,35.00,-7.25,-5.00
212721,1991,26800,124,99960,35.00,-7.26,-4.96
212743,2011,26800,120,99960,35.00,-7.25,-4.93
212765,1868,26416,117,99960,35.00,-7.25,-4.95
212787,1779,26800,121,99960,35.00,-7.21,-5.02
212809,1709,26416,139,99960,35.00,-7.24,-4.97
212831,1625,26416,152,99960,35.00,-7.27,-4.97
212872,1769,26416,167,99960,35.00,-7.21,-5.00
212894,1819,26416,167,99960,35.00,-7.22,-4.98
212916,1959,26416,167,99960,35.00,-7.25,-5.01
212938,2120,26416,151,99960,35.00,-7.25,-4.98
212960,2206,26800,143,99960,35.00,-7.25,-4.98
212982,2329,26416,135,99960,35.00,-7.27,-4.97
213344,2207,26800,137,99960,35.72,-7.23,-4.97
213373,1637,26800,117,99960,35.00,-7.21,-4.98
213395,1363,26800,159,99960,35.00,-7.23,-4.99
213417,1513,26800,151,99960,35.00,-7.24,-4.97
213439,1693,26800,141,99960,35.00,-7.26,-4.97
213461,1853,26800,124,99960,35.00,-7.23,-4.95
213483,1814,26800,119,99960,35.00,-7.25,-4.95
213505,1676,26800,109,99960,35.00,-7.23,-5.00
213527,1577,26416,118,99960,35.00,-7.23,-4.94
213549,3293,26800,157,99960,35.00,-7.20,-4.98
213571,1895,26416,154,99960,35.00,-7.23,-4.98
213593,1001,26416,148,99960,35.00,-7.23,-5.00
213634,443,26416,140,99960,35.00,-7.18,-4.96
213656,1011,26416,149,99960,35.00,-7.24,-4.95
213678,1757,26416,159,99960,35.00,-7.25,-4.98
213700,2024,26416,143,99960,35.00,-7.26,-4.97
213722,1968,26416,135,99960,35.00,-7.26,-4.98
213744,2045,26416,111,99960,35.00,-7.20,-5.00
213766,2059,26416,125,99960,35.00,-7.21,-5.00
213788,1995,26416,135,99960,35.00,-7.23,-4.98
213810,1797,26800,148,99960,35.00,-7.23,-5.00
213832,1723,26416,165,99960,35.00,-7.27,-4.97
213874,1673,26416,167,99960,35.00,-7.24,-4.97
213896,1811,26800,167,99960,35.00,-7.22,-4.98
213918,1861,26800,159,99960,35.00,-7.24,-4.95
213940,1958,26800,153,99960,35.00,-7.21,-4.96
213962,2073,26800,137,99960,35.00,-7.20,-5.01
213984,2037,26800,131,99960,35.00,-7.24,-4.95
214357,1980,26800,123,99960,35.10,-7.23,-4.94
214396,1769,27312,165,99960,35.00,-7.21,-4.98
214418,1511,26800,159,99960,35.00,-7.22,-4.97
214440,1655,27312,157,99960,35.00,-7.21,-4.95
214462,1835,27312,143,99960,35.00,-7.24,-4.96
214484,1815,27312,133,99960,35.00,-7.22,-5.00
214506,1690,27312,121,99960,35.00,-7.27,-4.95
214528,1565,27312,122,99960,35.00,-7.23,-4.98
214550,1459,27312,139,99960,35.00,-7.23,-4.98
214572,1385,27312,151,99960,35.00,-7.23,-5.00
214594,1300,27312,156,99960,35.00,-7.23,-4.96
214636,1373,27312,168,99960,35.00,-7.25,-4.94
214658,1625,27312,173,99960,35.00,-7.26,-4.97
214680,1785,27312,157,99960,35.00,-7.20,-4.96
214702,1855,27312,149,99960,35.00,-7.30,-5.00
214724,1999,27312,121,99960,35.00,-7.26,-4.96
214746,1928,27312,117,99960,35.00,-7.25,-4.98
214768,1915,28080,116,99960,35.00,-7.23,-4.96
214790,1683,27312,122,99960,35.00,-7.25,-4.95
214812,1567,27312,139,99960,35.00,-7.22,-4.94
214834,1595,27312,151,99960,35.00,-7.26,-4.96
214856,1677,27312,158,99960,35.00,-7.24,-5.00
214897,1767,27312,157,99960,35.00,-7.26,-4.96
214919,1935,27312,170,99960,35.00,-7.23,-4.96
214941,2093,27312,152,99960,35.00,-7.21,-4.99
214963,2073,27312,137,99960,35.00,-7.22,-4.98
214985,2069,27312,124,99960,35.00,-7.22,-4.99
215377,2119,27312,121,99960,35.23,-7.25,-4.96
215418,1739,27312,167,99960,35.00,-7.22,-4.96
215440,1726,28080,163,99960,35.00,-7.24,-4.97
215462,1837,28080,152,99960,35.00,-7.27,-4.99
215484,1877,28080,135,99960,35.00,-7.24,-4.97
215506,1853,28080,122,99960,35.00,-7.27,-4.99
215528,1787,28080,117,99960,35.00,-7.23,-4.98
215550,1651,28080,121,99960,35.00,-7.21,-5.00
215572,1467,28080,135,99960,35.00,-7.22,-4.98
215594,1427,28080,149,99960,35.00,-7.24,-4.95
215616,1364,28080,153,99960,35.00,-7.19,-4.94
215638,1485,28080,167,99960,35.00,-7.19,-4.98
215679,1655,28080,165,99960,35.00,-7.25,-4.99
215701,1779,28080,153,99960,35.00,-7.23,-4.99
215723,1963,28080,152,99960,35.00,-7.23,-4.96
215745,2201,28080,139,99960,35.00,-7.27,-4.98
215767,2147,28080,133,99960,35.00,-7.24,-4.96
215789,2041,28080,133,99960,35.00,-7.25,-4.98
215811,1893,28080,147,99960,35.00,-7.23,-4.98
215833,1703,28080,145,99960,35.00,-7.21,-4.98
215855,1705,28080,167,99960,35.00,-7.23,-5.02
215877,1833,28080,173,99960,35.00,-7.23,-4.95
215919,2261,28080,187,99960,35.00,-7.19,-5.01
215941,2315,28592,183,99960,35.00,-7.25,-4.99
215963,2760,28592,170,99960,35.00,-7.22,-4.98
215985,2327,28592,157,99960,35.00,-7.25,-4.99
216397,2211,28592,148,99960,36.61,-7.19,-4.99
216425,1267,28080,166,99960,35.00,-7.21,-5.02
216447,1423,27312,123,99960,35.00,-7.23,-4.98
216469,1469,27312,119,99960,35.00,-7.24,-4.97
216491,1641,27312,126,99960,35.00,-7.22,-4.95
216513,1267,27312,123,99960,35.00,-7.21,-4.99
216535,1115,27312,151,99960,35.00,-7.25,-4.96
216557,1333,27312,159,99960,35.00,-7.21,-4.93
216579,1386,27312,152,99960,35.00,-7.21,-4.96
216621,1817,27312,173,99960,35.00,-7.24,-4.98
216643,996,28080,147,99960,35.00,-7.26,-4.98
216665,1693,28080,142,99960,35.00,-7.26,-4.96
216687,2135,28080,138,99960,35.00,-7.24,-4.93
216709,1469,28592,117,99960,35.00,-7.23,-4.97
216731,1439,28592,120,99960,35.00,-7.24,-4.97
216753,1738,28592,138,99960,35.00,-7.24,-4.96
216775,1369,28592,136,99960,35.00,-7.23,-4.98
216797,2843,28592,179,99960,35.00,-7.24,-4.94
216819,559,28592,145,99960,35.00,-7.20,-4.95
216841,1213,28592,155,99960,35.00,-7.23,-4.97
216882,2892,28592,178,99960,35.00,-7.22,-4.96
216904,2351,28592,163,99960,35.00,-7.23,-4.97
216926,2383,28784,153,99960,35.00,-7.21,-4.96
216948,1963,28784,122,99960,35.00,-7.21,-4.97
216970,2152,28784,117,99960,35.00,-7.23,-4.94
216992,2537,28784,153,99960,35.00,-7.26,-4.97
217418,1993,28784,150,99960,35.08,-7.25,-4.96
217447,669,25136,181,99960,35.00,-7.18,-4.99
217469,1846,24016,149,99960,35.00,-7.25,-5.00
217491,2100,22352,156,99960,35.00,-7.22,-4.96
217513,971,20560,123,99960,35.00,-7.19,-4.95
217535,933,18576,125,99960,35.00,-7.22,-4.97
217557,0,16352,136,99960,35.00,-7.13,-4.95
217579,0,15840,142,99960,35.00,-7.21,-4.96
217601,1226,14176,179,99960,35.00,-7.22,-4.99
217644,0,14176,135,99960,35.00,-7.22,-4.99
217666,2872,14560,185,99960,35.00,-7.25,-4.98
217688,1593,14176,111,99960,35.00,-7.24,-5.02
217710,445,14176,101,99960,35.00,-7.21,-4.99
217732,1242,14176,103,99960,35.00,-7.23,-4.98
217754,1673,14560,127,99960,35.00,-7.24,-4.94
217776,764,15072,115,99960,35.00,-7.26,-4.96
217798,1063,15840,137,99960,35.00,-7.23,-4.98
217820,1496,15840,155,99960,35.00,-7.19,-4.97
217842,1195,15840,147,99960,35.00,-7.26,-4.99
217884,1578,16352,149,99960,35.00,-7.26,-4.96
217906,1941,16400,143,99960,35.00,-7.18,-4.96
217928,1951,16400,119,99960,35.00,-7.22,-4.96
217950,2054,16912,119,99960,35.00,-7.24,-4.98
217972,1821,16912,105,99960,35.00,-7.27,-4.99
217994,1597,16912,121,99960,35.00,-7.24,-4.95
218438,1246,17680,127,99960,36.38,-7.21,-4.93
218467,1750,22736,191,99960,35.00,-7.25,-5.02
218489,2215,22736,169,99960,35.00,-7.22,-4.98
218511,2360,23248,169,99960,35.00,-7.22,-4.97
218533,2301,23248,173,99960,35.00,-7.27,-4.99
218555,2101,23248,181,99960,35.00,-7.25,-4.95
218577,2105,24016,198,99960,35.00,-7.22,-4.96
218599,2068,24016,221,99960,35.00,-7.25,-4.96
218621,1709,24528,217,99960,35.00,-7.22,-5.01
218643,2043,24528,233,99960,35.00,-7.22,-4.97
218665,2419,24528,237,99960,35.00,-7.22,-5.03
218706,2716,24528,239,99960,35.00,-7.22,-4.98
218728,1951,24624,203,99960,35.00,-7.21,-4.94
218750,2937,24624,220,99960,35.00,-7.21,-4.97
218772,3789,25136,249,99960,35.00,-7.24,-4.98
218794,2565,24624,223,99960,35.00,-7.24,-4.97
218816,2707,25136,263,99960,35.00,-7.23,-4.97
218838,3119,25136,291,99960,35.00,-7.28,-4.98
218860,3483,25136,317,99960,35.00,-7.24,-4.94
218882,3611,25136,339,99960,35.00,-7.24,-5.00
218904,3355,25904,345,99960,35.00,-7.22,-4.97
218926,3155,25904,347,99960,35.00,-7.25,-4.97
218967,3231,25904,338,99960,35.00,-7.20,-5.00
218989,3797,25904,367,99960,35.00,-7.25,-5.00
219714,3827,26416,443,99960,36.16,-7.22,-4.97
219749,3848,23248,1055,99960,35.00,-7.24,-4.98
219771,3868,22736,1875,99960,35.00,-7.24,-4.96
219793,3918,23248,1544,99960,35.00,-7.24,-5.01
219815,3869,22736,1801,99960,35.00,-7.23,-5.01
219837,3885,22736,1911,99960,35.00,-7.24,-4.96
219859,3867,23248,1439,99960,35.00,-7.24,-4.97
219881,950,23248,989,99960,35.00,-7.23,-4.97
219903,0,23248,631,99960,35.00,-7.19,-4.97
219925,0,23248,373,99960,35.00,-7.22,-4.96
219947,0,23248,229,99960,35.00,-7.26,-4.99
219990,8,23248,133,99960,35.00,-7.24,-5.00
220735,0,23248,47,99960,35.09,-7.23,-4.95
220771,2131,24016,105,99960,35.00,-7.22,-4.98
220793,3021,24016,125,99960,35.00,-7.22,-4.98
220815,3805,24528,151,99960,35.00,-7.22,-4.94
220837,3357,24528,149,99960,35.00,-7.25,-5.00
220859,3161,24016,164,99960,35.00,-7.25,-4.96
220881,3645,24528,190,99960,35.00,-7.21,-5.00
220903,3341,24016,183,99960,35.00,-7.19,-4.98
220925,2925,24016,182,99960,35.00,-7.25,-4.94
220947,2213,24016,153,99960,35.00,-7.21,-4.98
220969,3829,24016,181,99960,35.00,-7.25,-4.97
220991,3125,24016,143,99960,35.00,-7.22,-4.96
221032,3021,24016,131,99960,35.00,-7.23,-5.00
221054,3131,24016,133,99960,35.00,-7.24,-4.99
221076,2769,24528,116,99960,35.00,-7.24,-4.96
221098,2255,24528,108,99960,35.00,-7.21,-4.97
221120,1937,24528,124,99960,35.00,-7.24,-4.95
221142,1875,24528,137,99960,35.00,-7.20,-4.94
221164,2055,24528,155,99960,35.00,-7.23,-4.98
221186,2335,24528,167,99960,35.00,-7.23,-4.99
221208,2471,24528,165,99960,35.00,-7.26,-5.01
221230,2485,24528,150,99960,35.00,-7.24,-5.00
221252,2451,24528,141,99960,35.00,-7.24,-4.99
221293,2569,24528,134,99960,35.00,-7.21,-4.98
221315,2187,24528,119,99960,35.00,-7.26,-5.01
221337,2309,24528,121,99960,35.00,-7.20,-4.99
221359,2205,24528,132,99960,35.00,-7.25,-4.97
221381,1819,24528,123,99960,35.00,-7.23,-4.94
221403,287,24528,119,99960,35.00,-7.24,-4.97
221425,1770,24528,163,99960,35.00,-7.25,-4.95
221447,2387,24528,175,99960,35.00,-7.18,-4.97
221469,1855,24528,149,99960,35.00,-7.26,-4.97
221491,1663,24528,139,99960,35.00,-7.21,-4.96
221533,3183,24528,151,99960,35.00,-7.25,-4.97
221555,1959,24528,103,99960,35.00,-7.22,-4.98
221577,2166,24528,137,99960,35.00,-7.20,-4.98
221599,155,24528,111,99960,35.00,-7.23,-4.99
221621,2483,24528,153,99960,35.00,-7.21,-4.94
221643,1701,24528,147,99960,35.00,-7.28,-4.99
221665,1300,24528,154,99960,35.00,-7.23,-5.01
221687,1611,24528,167,99960,35.00,-7.23,-4.96
221709,1895,24528,165,99960,35.00,-7.25,-4.96
221731,1579,24528,139,99960,35.00,-7.23,-4.95
221753,1973,24528,145,99960,35.00,-7.25,-4.97
221794,2133,24624,135,99960,35.00,-7.20,-4.98
221816,2259,24528,127,99960,35.00,-7.25,-4.95
221838,2041,24624,125,99960,35.00,-7.24,-4.99
221860,1763,24624,127,99960,35.00,-7.24,-5.00
221882,1943,24528,149,99960,35.00,-7.23,-5.01
221904,1620,24624,151,99960,35.00,-7.20,-4.95
221926,1572,24624,165,99960,35.00,-7.26,-4.96
221948,1683,24528,159,99960,35.00,-7.21,-4.95
221970,1827,24624,159,99960,35.00,-7.24,-4.99
221992,2089,24624,143,99960,35.00,-7.24,-5.00
222035,2063,24624,135,99960,35.00,-7.26,-5.02
222057,1726,24528,115,99960,35.00,-7.23,-4.99
222079,1509,24624,120,99960,35.00,-7.26,-4.93
222101,1417,24624,125,99960,35.00,-7.24,-4.98
222123,1429,24624,140,99960,35.00,-7.22,-4.96
222145,1343,24624,155,99960,35.00,-7.25,-4.97
222167,1245,24624,156,99960,35.00,-7.23,-4.96
222189,1531,24624,163,99960,35.00,-7.24,-4.97
222211,1599,24624,143,99960,35.00,-7.24,-4.97
222233,1967,24624,147,99960,35.00,-7.28,-4.99
222275,1960,24624,124,99960,35.00,-7.22,-4.97
222297,1703,24624,121,99960,35.00,-7.23,-4.96
222319,1789,24624,122,99960,35.00,-7.26,-4.93
222341,1851,24624,137,99960,35.00,-7.23,-4.98
222363,1823,24624,148,99960,35.00,-7.23,-4.98
222385,1591,24624,159,99960,35.00,-7.23,-4.97
222407,1691,24624,167,99960,35.00,-7.19,-5.01
222429,2101,24624,176,99960,35.00,-7.26,-4.96
222451,2309,24624,171,99960,35.00,-7.24,-4.96
222473,2395,24624,155,99960,35.00,-7.25,-5.01
222495,2611,24624,147,99960,35.00,-7.22,-4.97
222536,2541,24624,145,99960,35.00,-7.24,-5.00
222558,2635,24624,145,99960,35.00,-7.26,-4.99
222580,2197,24624,139,99960,35.00,-7.23,-4.97
222602,1864,24624,147,99960,35.00,-7.24,-4.99
222624,1747,24624,154,99960,35.00,-7.25,-4.97
222646,1765,25136,170,99960,35.00,-7.23,-5.00
222668,1657,25136,178,99960,35.00,-7.21,-4.96
222690,1692,25136,179,99960,35.00,-7.21,-4.95
222712,2065,25136,168,99960,35.00,-7.22,-4.98
222734,1946,25136,155,99960,35.00,-7.23,-4.96
222776,2012,25136,143,99960,35.00,-7.24,-5.00
222798,1823,25136,135,99960,35.00,-7.23,-4.97
222820,1819,25136,141,99960,35.00,-7.23,-4.96
222842,1578,25136,141,99960,35.00,-7.22,-5.01
222864,1133,25136,149,99960,35.00,-7.26,-4.97
222886,1591,25136,171,99960,35.00,-7.26,-4.93
222908,1463,25136,171,99960,35.00,-7.25,-4.96
222930,1624,25136,167,99960,35.00,-7.21,-4.96
222952,1543,25136,156,99960,35.00,-7.20,-4.99
222974,1873,25136,153,99960,35.00,-7.24,-4.99
222996,1851,25136,137,99960,35.00,-7.21,-4.94
223037,1594,25136,125,99960,35.00,-7.22,-4.97
223059,1519,25136,121,99960,35.00,-7.23,-5.02
223081,1204,25136,121,99960,35.00,-7.24,-4.97
223103,1085,25136,125,99960,35.00,-7.22,-4.96
223125,1944,25136,165,99960,35.00,-7.24,-4.96
223147,459,25136,141,99960,35.00,-7.20,-4.96
223169,527,25136,141,99960,35.00,-7.22,-4.96
223191,1499,25136,152,99960,35.00,-7.22,-4.93
223213,687,24624,123,99960,35.00,-7.27,-4.96
223235,2316,24624,154,99960,35.00,-7.25,-4.95
223278,1267,25136,94,99960,35.00,-7.23,-4.97
223300,1481,24624,103,99960,35.00,-7.22,-4.99
223322,1531,25136,121,99960,35.00,-7.20,-4.99
223344,1681,25136,122,99960,35.00,-7.26,-4.96
223366,1400,25136,139,99960,35.00,-7.25,-4.95
223388,1995,25136,163,99960,35.00,-7.20,-5.00
223410,1688,25136,153,99960,35.00,-7.22,-4.97
223432,1755,25136,148,99960,35.00,-7.19,-4.96
223454,2117,25136,155,99960,35.00,-7.25,-4.99
223476,1833,25136,125,99960,35.00,-7.27,-4.98
223518,2293,25136,135,99960,35.00,-7.24,-4.95
223540,2227,25136,121,99960,35.00,-7.24,-4.98
223562,2010,25136,125,99960,35.00,-7.20,-4.94
223584,1833,25136,147,99960,35.00,-7.26,-4.95
223606,2001,25136,159,99960,35.00,-7.23,-4.99
223628,2039,25136,167,99960,35.00,-7.24,-5.00
223650,2195,25136,172,99960,35.00,-7.25,-4.99
223672,2139,25136,171,99960,35.00,-7.23,-4.97
223694,2269,25904,159,99960,35.00,-7.24,-4.98
223716,2505,25136,155,99960,35.00,-7.26,-4.96
223759,2452,25136,149,99960,35.00,-7.23,-4.98
223781,2187,25136,135,99960,35.00,-7.22,-4.99
223803,2003,25904,146,99960,35.00,-7.28,-4.96
223825,1759,25904,153,99960,35.00,-7.26,-5.00
223847,1737,25136,169,99960,35.00,-7.26,-5.00
223869,1647,25136,167,99960,35.00,-7.21,-4.97
223891,1523,25136,171,99960,35.00,-7.25,-4.96
223913,1917,25136,165,99960,35.00,-7.23,-4.97
223935,2106,25136,159,99960,35.00,-7.19,-4.96
223957,2151,25136,136,99960,35.00,-7.23,-4.95
223999,2029,25136,139,99960,35.00,-7.23,-4.95
224021,1695,25136,117,99960,35.00,-7.25,-5.00
224043,1378,25136,121,99960,35.00,-7.21,-5.00
224065,1143,25136,135,99960,35.00,-7.26,-5.00
224087,1270,25136,151,99960,35.00,-7.24,-4.99
224109,1716,25136,155,99960,35.00,-7.22,-4.96
224131,1961,25136,157,99960,35.00,-7.23,-4.97
224153,1350,25136,151,99960,35.00,-7.26,-4.95
224175,1805,25136,144,99960,35.00,-7.23,-4.97
224197,1751,25904,124,99960,35.00,-7.23,-4.97
224219,1801,25904,123,99960,35.00,-7.23,-5.03
224260,1553,25904,117,99960,35.00,-7.20,-4.99
224282,1597,25904,109,99960,35.00,-7.25,-4.94
224304,1485,25904,133,99960,35.00,-7.28,-4.95
224326,2291,25904,157,99960,35.00,-7.23,-4.98
224348,3360,25904,201,99960,35.00,-7.23,-4.97
224370,1171,25904,152,99960,35.00,-7.19,-4.96
224392,1683,25904,159,99960,35.00,-7.22,-5.00
224414,2133,25904,157,99960,35.00,-7.26,-4.96
224436,1998,25904,149,99960,35.00,-7.26,-4.97
224458,2088,25904,135,99960,35.00,-7.21,-5.01
224500,1976,25904,137,99960,35.00,-7.25,-4.98
224522,2163,25904,139,99960,35.00,-7.21,-5.00
224544,2053,25904,141,99960,35.00,-7.23,-4.99
224566,1775,25904,149,99960,35.00,-7.22,-4.99
224588,1673,25904,171,99960,35.00,-7.26,-5.01
224610,1768,25904,171,99960,35.00,-7.22,-4.96
224632,1892,25904,175,99960,35.00,-7.26,-4.96
224654,1837,25904,167,99960,35.00,-7.22,-4.99
224676,2011,25904,159,99960,35.00,-7.21,-4.97
224698,2172,25904,141,99960,35.00,-7.24,-5.00
224720,2133,25904,135,99960,35.00,-7.23,-5.02
224761,1763,25904,127,99960,35.00,-7.25,-4.96
224783,1762,25904,124,99960,35.00,-7.27,-4.96
224805,1565,25904,125,99960,35.00,-7.25,-4.93
224827,1288,25904,133,99960,35.00,-7.20,-4.99
224849,1289,25904,152,99960,35.00,-7.25,-5.01
224871,1381,25904,155,99960,35.00,-7.23,-4.92
224893,1636,25904,163,99960,35.00,-7.25,-5.02
224915,1685,25904,153,99960,35.00,-7.21,-4.98
224937,1787,25904,137,99960,35.00,-7.22,-4.99
224959,1715,25904,114,99960,35.00,-7.24,-4.96
225581,1614,25904,110,99960,35.76,-7.23,-4.96
225623,1775,25904,111,99960,35.00,-7.18,-4.99
225645,1465,25904,115,99960,35.00,-7.23,-5.00
225667,1484,25904,131,99960,35.00,-7.24,-4.96
225689,1559,26416,141,99960,35.00,-7.19,-4.98
225711,1503,25904,151,99960,35.00,-7.23,-4.95
225733,1565,26416,157,99960,35.00,-7.25,-4.96
225755,1467,26416,151,99960,35.00,-7.23,-4.97
225777,1737,26416,139,99960,35.00,-7.24,-4.96
225799,1933,25904,133,99960,35.00,-7.23,-4.95
225821,1799,25904,115,99960,35.00,-7.24,-4.99
225843,1463,25904,102,99960,35.00,-7.24,-4.97
225884,1235,26416,102,99960,35.00,-7.24,-4.97
225906,2044,25904,136,99960,35.00,-7.23,-4.95
225928,1693,26416,123,99960,35.00,-7.25,-4.98
225950,1753,26416,154,99960,35.00,-7.19,-4.98
225972,1784,26416,160,99960,35.00,-7.24,-4.99
225994,1879,26416,175,99960,35.00,-7.25,-4.98
226356,2611,26416,187,99960,35.48,-7.24,-5.03
226385,263,26416,47,99960,35.00,-7.22,-4.98
226407,0,26800,7,99960,35.00,-7.24,-4.98
226429,0,26800,0,99960,35.00,-7.21,-4.98
226451,0,26800,28,99960,35.00,-7.25,-4.95
226473,0,26800,62,99960,35.00,-7.20,-4.96
226495,0,26800,103,99960,35.00,-7.20,-4.98
226517,0,26800,102,99960,35.00,-7.22,-5.02
226539,1169,26800,99,99960,35.00,-7.25,-4.97
226561,1158,26800,85,99960,35.00,-7.21,-4.99
226583,1621,26800,87,99960,35.00,-7.24,-4.99
226626,1322,26800,103,99960,35.00,-7.22,-4.98
226648,1423,26800,121,99960,35.00,-7.24,-4.99
226670,1493,26800,143,99960,35.00,-7.23,-4.96
226692,1291,26800,155,99960,35.00,-7.21,-4.98
226714,1749,26800,168,99960,35.00,-7.19,-4.96
226736,1669,26800,160,99960,35.00,-7.20,-4.99
226758,1765,26800,155,99960,35.00,-7.24,-4.93
226780,2123,26800,151,99960,35.00,-7.22,-4.98
226802,1222,26800,109,99960,35.00,-7.24,-4.97
226824,2187,26416,140,99960,35.00,-7.20,-4.97
226866,2543,26416,135,99960,35.00,-7.21,-4.96
226888,1947,26416,125,99960,35.00,-7.21,-5.02
226910,1945,26416,145,99960,35.00,-7.25,-4.94
226932,1913,26416,159,99960,35.00,-7.27,-4.95
226954,1683,26416,158,99960,35.00,-7.20,-4.96
226976,2063,26416,165,99960,35.00,-7.23,-5.01
226998,3859,26800,185,99960,35.00,-7.22,-4.98
227020,3851,26800,169,99960,35.00,-7.24,-4.95
227042,1065,26800,101,99960,35.00,-7.22,-4.98
227064,0,26800,67,99960,35.00,-7.25,-4.97
227086,0,26800,103,99960,35.00,-7.23,-4.98
227127,1508,26800,119,99960,35.00,-7.19,-4.98
227149,1225,26800,119,99960,35.00,-7.23,-4.96
227171,1239,26800,119,99960,35.00,-7.26,-4.98
227193,0,26800,115,99960,35.00,-7.22,-4.96
227215,597,26800,137,99960,35.00,-7.26,-4.95
227237,1554,26800,137,99960,35.00,-7.23,-4.97
227259,1775,26800,121,99960,35.00,-7.25,-4.99
227281,1642,26800,115,99960,35.00,-7.24,-5.00
227303,936,26800,101,99960,35.00,-7.21,-4.99
227325,1645,26800,89,99960,35.00,-7.23,-4.99
227367,1630,26800,91,99960,35.00,-7.20,-4.95
227389,1579,26800,99,99960,35.00,-7.24,-4.99
227411,1701,26800,119,99960,35.00,-7.25,-5.00
227433,1891,26800,133,99960,35.00,-7.21,-4.97
227455,1762,26416,139,99960,35.00,-7.24,-5.01
227477,1831,26800,137,99960,35.00,-7.24,-4.97
227499,2373,26800,141,99960,35.00,-7.23,-5.00
227521,2507,26800,125,99960,35.00,-7.26,-4.99
227543,2296,26800,115,99960,35.00,-7.23,-5.01
227565,2419,26416,111,99960,35.00,-7.22,-5.03
227587,2489,26416,111,99960,35.00,-7.20,-4.98
227628,2331,26800,119,99960,35.00,-7.23,-4.96
227650,2295,26800,125,99960,35.00,-7.24,-4.97
227672,2291,26800,145,99960,35.00,-7.26,-5.00
227694,2219,26800,157,99960,35.00,-7.25,-4.96
227716,1527,26416,179,99960,35.00,-7.22,-4.96
227738,1883,26416,159,99960,35.00,-7.26,-5.00
227760,2382,26416,156,99960,35.00,-7.24,-4.98
227782,2791,26416,157,99960,35.00,-7.23,-4.97
227804,2951,26416,160,99960,35.00,-7.25,-4.99
227826,3845,25904,157,99960,35.00,-7.20,-4.95
227869,3154,25904,151,99960,35.00,-7.22,-4.99
227891,2273,25136,147,99960,35.00,-7.23,-4.98
227913,2265,24624,171,99960,35.00,-7.28,-4.99
227935,3855,24624,205,99960,35.00,-7.25,-4.96
227957,3864,24624,215,99960,35.00,-7.23,-4.99
227979,3087,24624,187,99960,35.00,-7.24,-4.98
228387,1285,25136,148,99960,35.41,-7.23,-4.98
228415,1515,24016,119,99960,35.00,-7.22,-4.98
228437,3871,24016,189,99960,35.00,-7.22,-4.93
228459,0,24016,108,99960,35.00,-7.23,-4.98
228481,132,23248,121,99960,35.00,-7.28,-4.98
228503,1245,23248,125,99960,35.00,-7.23,-4.94
228525,905,23248,107,99960,35.00,-7.21,-4.96
228547,605,23248,99,99960,35.00,-7.24,-4.93
228569,351,23248,101,99960,35.00,-7.20,-4.98
228611,331,23248,119,99960,35.00,-7.24,-4.97
228633,675,22736,124,99960,35.00,-7.24,-4.95
228655,459,23248,141,99960,35.00,-7.24,-4.98
228677,0,23248,140,99960,35.00,-7.21,-4.96
228699,1317,23248,165,99960,35.00,-7.20,-5.00
228721,1295,23248,147,99960,35.00,-7.19,-4.97
228743,0,23248,105,99960,35.00,-7.21,-4.98
228765,1877,24016,147,99960,35.00,-7.22,-4.96
228787,1806,24016,125,99960,35.00,-7.27,-4.96
228809,1421,24016,119,99960,35.00,-7.26,-4.95
228851,1275,24016,141,99960,35.00,-7.27,-4.97
228873,1369,24016,137,99960,35.00,-7.22,-4.97
228895,0,24016,140,99960,35.00,-7.24,-4.97
228917,0,24016,151,99960,35.00,-7.27,-4.98
228939,2635,24016,188,99960,35.00,-7.23,-4.97
228961,2286,24016,168,99960,35.00,-7.22,-4.96
228983,2837,24016,175,99960,35.00,-7.23,-4.96
229407,2782,24016,153,99960,36.44,-7.23,-4.99
229436,2367,24528,126,99960,35.00,-7.19,-4.97
229458,1699,24528,171,99960,35.00,-7.23,-4.96
229480,2365,24528,169,99960,35.00,-7.24,-4.98
229502,2327,24528,165,99960,35.00,-7.22,-4.96
229524,2431,24528,153,99960,35.00,-7.23,-4.96
229546,2038,24624,132,99960,35.00,-7.24,-4.97
229568,1451,24624,121,99960,35.00,-7.20,-4.93
229590,2393,24528,139,99960,35.00,-7.24,-5.01
229612,2332,24528,126,99960,35.00,-7.24,-4.96
229653,1555,24528,137,99960,35.00,-7.22,-4.99
229675,1711,24528,141,99960,35.00,-7.23,-4.97
229697,1677,24528,153,99960,35.00,-7.25,-4.96
229719,1677,24528,159,99960,35.00,-7.23,-4.96
229741,1758,24528,167,99960,35.00,-7.24,-4.98
229763,1655,24528,150,99960,35.00,-7.25,-5.00
229785,1315,24528,127,99960,35.00,-7.21,-4.97
229807,1590,24528,126,99960,35.00,-7.25,-4.94
229829,1531,24528,121,99960,35.00,-7.23,-4.98
229851,1426,24528,115,99960,35.00,-7.19,-4.95
229873,1463,24528,124,99960,35.00,-7.23,-4.96
229914,1077,24528,119,99960,35.00,-7.23,-4.99
229936,1117,24528,105,99960,35.00,-7.23,-4.96
229958,917,24528,119,99960,35.00,-7.21,-4.93
229980,829,24528,133,99960,35.00,-7.26,-4.97
230428,738,24528,115,99960,35.47,-7.22,-4.95
230457,1325,25136,55,99960,35.00,-7.23,-4.96
230479,873,25136,87,99960,35.00,-7.24,-4.99
230501,804,25904,87,99960,35.00,-7.22,-4.97
230523,1133,25904,83,99960,35.00,-7.16,-4.96
230545,1399,25904,78,99960,35.00,-7.21,-4.99
230567,1387,26416,61,99960,35.00,-7.23,-4.99
230589,1384,25904,61,99960,35.00,-7.21,-4.98
230611,1551,26416,57,99960,35.00,-7.24,-4.99
230633,1439,26416,57,99960,35.00,-7.20,-4.97
230676,1162,26416,69,99960,35.00,-7.22,-4.98
230698,1292,26416,89,99960,35.00,-7.22,-4.98
230720,1385,26416,95,99960,35.00,-7.22,-4.98
230742,1381,26416,101,99960,35.00,-7.24,-4.98
230764,1686,26416,94,99960,35.00,-7.21,-5.00
230786,1374,26416,81,99960,35.00,-7.26,-4.96
230808,1993,26416,83,99960,35.00,-7.22,-4.99
230830,2581,26416,85,99960,35.00,-7.24,-5.01
230852,2341,26416,79,99960,35.00,-7.25,-4.96
230874,2313,26416,87,99960,35.00,-7.24,-4.99
230916,2285,26416,105,99960,35.00,-7.24,-4.97
230938,2237,26416,121,99960,35.00,-7.24,-4.99
230960,2281,26416,125,99960,35.00,-7.23,-4.97
230982,2351,25904,135,99960,35.00,-7.25,-4.92
231703,2447,25904,125,99960,35.71,-7.25,-4.98
231738,2281,25136,163,99960,35.00,-7.25,-5.03
231760,2373,25136,167,99960,35.00,-7.22,-5.00
231782,1933,24624,164,99960,35.00,-7.24,-4.95
231804,1685,24624,157,99960,35.00,-7.26,-4.96
231826,2019,24624,157,99960,35.00,-7.23,-4.97
231848,2041,24624,149,99960,35.00,-7.21,-4.97
231870,2199,24624,140,99960,35.00,-7.23,-4.98
231892,1231,24624,115,99960,35.00,-7.23,-4.95
231914,2445,25136,145,99960,35.00,-7.20,-4.96
231936,2201,25136,143,99960,35.00,-7.23,-4.97
231958,1302,25136,137,99960,35.00,-7.26,-4.98
231999,1621,25136,158,99960,35.00,-7.21,-4.95
232021,1751,25136,154,99960,35.00,-7.21,-4.95
232043,2003,25136,171,99960,35.00,-7.23,-4.93
232065,2133,25136,179,99960,35.00,-7.24,-4.97
232087,1959,25136,156,99960,35.00,-7.24,-4.98
232109,2253,25136,156,99960,35.00,-7.20,-4.97
232131,2156,25904,149,99960,35.00,-7.23,-4.96
232153,1403,25904,125,99960,35.00,-7.23,-4.97
232175,1518,25904,122,99960,35.00,-7.23,-5.01
232197,1909,25136,153,99960,35.00,-7.23,-4.98
232239,1699,25904,157,99960,35.00,-7.21,-5.00
232261,1529,25904,166,99960,35.00,-7.25,-4.94
232283,1589,25904,173,99960,35.00,-7.21,-4.97
232305,1343,25904,159,99960,35.00,-7.21,-4.99
232327,1071,25904,141,99960,35.00,-7.25,-4.95
232349,2699,25904,168,99960,35.00,-7.22,-4.98
232371,2596,26416,147,99960,35.00,-7.27,-4.96
232393,1658,26416,119,99960,35.00,-7.23,-4.94
232415,1309,26416,104,99960,35.00,-7.26,-4.96
232437,1415,25904,119,99960,35.00,-7.23,-4.99
232459,973,25904,112,99960,35.00,-7.26,-4.99
232500,1008,25904,135,99960,35.00,-7.22,-4.98
232522,874,26416,125,99960,35.00,-7.20,-4.97
232544,988,26416,135,99960,35.00,-7.25,-4.95
232566,1043,26416,124,99960,35.00,-7.24,-4.99
232588,968,25904,116,99960,35.00,-7.20,-4.98
232610,1237,26416,103,99960,35.00,-7.19,-4.98
232632,1387,26416,94,99960,35.00,-7.22,-4.98
232654,1355,26416,87,99960,35.00,-7.22,-4.98
232676,1388,26416,93,99960,35.00,-7.28,-4.97
232698,1427,25904,103,99960,35.00,-7.24,-4.98
232741,1145,25904,111,99960,35.00,-7.24,-4.98
232763,821,25904,119,99960,35.00,-7.27,-4.96
232785,1317,26416,125,99960,35.00,-7.24,-4.99
232807,1141,26416,117,99960,35.00,-7.24,-4.96
232829,1321,26416,111,99960,35.00,-7.26,-4.99
232851,1495,26416,99,99960,35.00,-7.23,-4.98
232873,1726,26416,98,99960,35.00,-7.23,-4.96
232895,1975,26416,93,99960,35.00,-7.20,-4.94
232917,1885,26416,93,99960,35.00,-7.26,-5.00
232939,1333,26416,99,99960,35.00,-7.25,-4.98
232981,1320,26416,107,99960,35.00,-7.22,-4.97
233744,1157,25904,117,99960,35.25,-7.25,-4.97
233783,2187,26416,153,99960,35.00,-7.24,-5.00
233805,1828,26416,140,99960,35.00,-7.25,-4.96
233827,1329,26416,137,99960,35.00,-7.24,-4.99
233849,1799,25904,139,99960,35.00,-7.22,-5.00
233871,2201,25904,136,99960,35.00,-7.21,-4.94
233893,1993,25136,111,99960,35.00,-7.23,-4.96
233915,1678,25136,104,99960,35.00,-7.24,-4.99
233937,1702,25136,101,99960,35.00,-7.23,-4.95
233959,1587,25136,110,99960,35.00,-7.20,-4.98
233981,1095,25136,104,99960,35.00,-7.24,-4.97
234024,663,25136,120,99960,35.00,-7.23,-4.93
234046,1576,24528,139,99960,35.00,-7.21,-4.96
234068,1437,24528,127,99960,35.00,-7.21,-4.97
234090,2027,24016,126,99960,35.00,-7.22,-4.99
234112,1290,24016,109,99960,35.00,-7.23,-5.01
234134,2298,24528,111,99960,35.00,-7.27,-4.96
234156,1903,24528,101,99960,35.00,-7.22,-4.99
234178,1818,24528,100,99960,35.00,-7.25,-4.96
234200,1802,24528,109,99960,35.00,-7.22,-4.98
234222,1919,24016,121,99960,35.00,-7.26,-4.96
234264,1787,24016,137,99960,35.00,-7.23,-4.98
234286,2063,23248,155,99960,35.00,-7.20,-4.97
234308,2535,23248,168,99960,35.00,-7.22,-4.97
234330,2324,23248,159,99960,35.00,-7.27,-4.96
234352,3703,23248,175,99960,35.00,-7.25,-4.95
234374,3315,23248,169,99960,35.00,-7.23,-4.96
234396,2665,23248,149,99960,35.00,-7.20,-4.99
234418,2985,23248,153,99960,35.00,-7.25,-4.95
234440,2615,23248,160,99960,35.00,-7.19,-5.00
234462,2603,23248,163,99960,35.00,-7.21,-4.97
234484,2205,23248,178,99960,35.00,-7.25,-4.96
234525,2591,23248,201,99960,35.00,-7.24,-4.98
234547,2197,23248,189,99960,35.00,-7.29,-4.93
234569,2188,22736,197,99960,35.00,-7.23,-4.97
234591,2186,22736,184,99960,35.00,-7.25,-5.04
234613,2571,22736,179,99960,35.00,-7.24,-4.97
234635,1969,22352,155,99960,35.00,-7.27,-4.94
234657,2326,22352,157,99960,35.00,-7.23,-4.97
234679,2009,21840,149,99960,35.00,-7.21,-4.95
234701,1695,21840,149,99960,35.00,-7.23,-4.96
234723,1335,21072,149,99960,35.00,-7.24,-4.97
234766,1151,21072,155,99960,35.00,-7.23,-5.00
234788,1116,21072,163,99960,35.00,-7.22,-4.97
234810,927,21072,143,99960,35.00,-7.20,-4.95
234832,1489,21072,149,99960,35.00,-7.19,-4.96
234854,1145,20560,119,99960,35.00,-7.19,-4.98
234876,1559,20560,115,99960,35.00,-7.24,-4.96
234898,1351,20560,109,99960,35.00,-7.26,-4.98
234920,1401,20368,111,99960,35.00,-7.25,-4.99
234942,1003,20368,117,99960,35.00,-7.21,-4.98
234964,1255,19856,132,99960,35.00,-7.24,-4.99
235530,1267,19856,143,99960,35.69,-7.24,-4.97
235567,1252,27312,147,99960,35.00,-7.23,-4.96
235589,1039,27312,147,99960,35.00,-7.25,-4.94
235611,278,28080,119,99960,35.00,-7.21,-4.94
235633,857,28080,119,99960,35.00,-7.22,-4.98
235655,813,27312,107,99960,35.00,-7.20,-5.01
235677,1383,28080,93,99960,35.00,-7.23,-4.99
235699,2155,28080,113,99960,35.00,-7.23,-4.99
235721,1972,28080,105,99960,35.00,-7.25,-4.98
235743,1589,28080,117,99960,35.00,-7.25,-4.96
235765,1959,28080,124,99960,35.00,-7.24,-4.98
235787,1835,27312,141,99960,35.00,-7.20,-5.01
235828,1157,28080,125,99960,35.00,-7.24,-4.96
235850,1489,28080,137,99960,35.00,-7.24,-4.97
235872,1399,28592,121,99960,35.00,-7.23,-4.97
235894,1277,28592,107,99960,35.00,-7.23,-4.99
235916,1491,28592,95,99960,35.00,-7.19,-4.96
235938,1605,28592,86,99960,35.00,-7.24,-4.97
235960,1081,28784,72,99960,35.00,-7.22,-4.96
235982,1401,28784,83,99960,35.00,-7.23,-4.98
236550,1255,28784,93,99960,35.26,-7.22,-5.00
236590,2295,27312,180,99960,35.00,-7.22,-4.96
236612,1790,27312,165,99960,35.00,-7.24,-4.96
236634,2527,27312,181,99960,35.00,-7.22,-4.98
236656,1823,27312,153,99960,35.00,-7.23,-4.96
236678,2261,26800,141,99960,35.00,-7.24,-4.96
236700,2391,26800,147,99960,35.00,-7.24,-4.93
236722,2138,26416,127,99960,35.00,-7.23,-4.96
236744,1873,25904,135,99960,35.00,-7.26,-4.98
236766,1675,25136,139,99960,35.00,-7.25,-4.96
236788,1585,25136,163,99960,35.00,-7.21,-5.00
236831,1391,25136,149,99960,35.00,-7.21,-5.00
236853,1513,24528,157,99960,35.00,-7.23,-4.97
236875,1543,24528,142,99960,35.00,-7.24,-4.97
236897,1737,24528,139,99960,35.00,-7.23,-4.95
236919,1767,24528,123,99960,35.00,-7.27,-4.99
236941,1627,24528,119,99960,35.00,-7.18,-4.95
236963,1717,24528,117,99960,35.00,-7.24,-4.96
236985,1556,24528,127,99960,35.00,-7.21,-4.92
237571,1505,24528,141,99960,35.36,-7.23,-4.99
237612,1647,26416,171,99960,35.00,-7.22,-4.97
237634,1532,26416,165,99960,35.00,-7.25,-4.95
237656,1813,26416,167,99960,35.00,-7.21,-4.98
237678,1928,26800,157,99960,35.00,-7.25,-4.96
237700,2020,26800,145,99960,35.00,-7.22,-5.01
237722,2071,26800,141,99960,35.00,-7.25,-4.94
237744,1980,26800,139,99960,35.00,-7.23,-4.98
237766,1773,26416,143,99960,35.00,-7.25,-4.95
237788,1625,26416,151,99960,35.00,-7.22,-4.99
237810,1427,26800,158,99960,35.00,-7.20,-4.98
237832,1342,26416,158,99960,35.00,-7.19,-4.96
237873,1381,26416,165,99960,35.00,-7.22,-4.97
237895,1400,26416,163,99960,35.00,-7.22,-4.98
237917,1625,26416,155,99960,35.00,-7.24,-4.97
237939,1832,25904,153,99960,35.00,-7.22,-4.98
237961,1887,25904,137,99960,35.00,-7.25,-4.97
237983,1940,25904,136,99960,35.00,-7.23,-4.96
238345,1915,25904,135,99960,34.43,-7.21,-4.98
238374,1822,26800,135,99960,35.00,-7.25,-5.01
238396,1591,26416,155,99960,35.00,-7.23,-5.00
238418,1863,26800,152,99960,35.00,-7.25,-5.00
238440,2011,26800,143,99960,35.00,-7.24,-4.98
238462,2109,26800,146,99960,35.00,-7.22,-5.00
238484,2159,26800,125,99960,35.00,-7.19,-4.96
238506,2123,26800,139,99960,35.00,-7.20,-4.95
238528,1865,26800,139,99960,35.00,-7.25,-4.96
238550,1741,26800,147,99960,35.00,-7.19,-4.97
238572,1623,26800,155,99960,35.00,-7.24,-4.97
238594,1547,26800,160,99960,35.00,-7.23,-5.00
238635,1661,26800,159,99960,35.00,-7.22,-4.96
238657,1721,26800,158,99960,35.00,-7.24,-4.96
238679,1914,26800,151,99960,35.00,-7.27,-4.97
238701,2151,26800,145,99960,35.00,-7.22,-4.97
238723,2173,26800,143,99960,35.00,-7.23,-5.02
238745,2148,26800,137,99960,35.00,-7.21,-4.99
238767,1995,26800,136,99960,35.00,-7.23,-5.00
238789,1785,26800,140,99960,35.00,-7.24,-4.97
238811,1589,26800,149,99960,35.00,-7.20,-4.98
238833,1431,26800,154,99960,35.00,-7.26,-5.00
238875,1486,26800,163,99960,35.00,-7.22,-4.98
238897,1615,26800,155,99960,35.00,-7.22,-4.96
238919,1821,26800,154,99960,35.00,-7.23,-4.99
238941,1941,26800,140,99960,35.00,-7.23,-4.97
238963,2039,26800,137,99960,35.00,-7.20,-4.94
238985,2019,26800,121,99960,35.00,-7.27,-4.98
239357,1937,26800,127,99960,35.87,-7.25,-4.96
239397,1819,27312,154,99960,35.00,-7.22,-5.00
239419,1733,27312,153,99960,35.00,-7.22,-4.96
239441,2275,27312,156,99960,35.00,-7.22,-4.99
239463,2073,28080,139,99960,35.00,-7.24,-4.98
239485,1951,28080,137,99960,35.00,-7.18,-5.01
239507,1789,28080,131,99960,35.00,-7.21,-4.94
239529,1973,28080,139,99960,35.00,-7.24,-4.93
239551,1546,28080,147,99960,35.00,-7.24,-4.96
239573,1326,28080,151,99960,35.00,-7.23,-4.95
239595,1417,27312,163,99960,35.00,-7.23,-4.98
239637,1449,28080,155,99960,35.00,-7.27,-4.95
239659,1507,28080,145,99960,35.00,-7.22,-4.98
239681,1659,28080,142,99960,35.00,-7.24,-4.99
239703,1709,28080,121,99960,35.00,-7.21,-4.96
239725,1865,28080,120,99960,35.00,-7.23,-4.97
239747,1725,28080,111,99960,35.00,-7.20,-4.92
239769,1547,28080,120,99960,35.00,-7.24,-4.98
239791,1364,28080,119,99960,35.00,-7.24,-4.98
239813,1239,28080,136,99960,35.00,-7.21,-4.98
239835,1237,28080,141,99960,35.00,-7.29,-4.97
239857,1383,28080,148,99960,35.00,-7.25,-4.95
239898,1605,28080,147,99960,35.00,-7.27,-4.99
239920,1802,28080,146,99960,35.00,-7.24,-4.98
239942,1996,28080,141,99960,35.00,-7.21,-4.95
239964,2197,28080,136,99960,35.00,-7.24,-4.96
239986,2325,28080,132,99960,35.00,-7.24,-4.99
240377,2287,28592,135,99960,35.24,-7.22,-4.97
240419,1587,28592,165,99960,35.00,-7.23,-4.97
240441,1609,28592,153,99960,35.00,-7.19,-4.92
240463,1705,28592,139,99960,35.00,-7.21,-4.96
240485,1843,28592,137,99960,35.00,-7.22,-4.98
240507,1781,28784,119,99960,35.00,-7.25,-4.95
240529,1623,28784,121,99960,35.00,-7.25,-4.95
240551,1389,28592,121,99960,35.00,-7.22,-4.98
240573,1211,28592,135,99960,35.00,-7.23,-4.96
240595,1063,28784,141,99960,35.00,-7.21,-4.94
240617,1065,28784,147,99960,35.00,-7.23,-5.00
240639,1244,28784,143,99960,35.00,-7.23,-4.95
240680,1541,28784,141,99960,35.00,-7.24,-4.99
240702,1589,28784,137,99960,35.00,-7.21,-5.02
240724,1676,28784,125,99960,35.00,-7.22,-4.97
240746,1815,28784,121,99960,35.00,-7.25,-5.01
240768,1875,28784,117,99960,35.00,-7.24,-4.96
240790,1757,28784,117,99960,35.00,-7.22,-5.01
240812,1592,28784,123,99960,35.00,-7.25,-4.96
240834,1531,28784,139,99960,35.00,-7.22,-5.00
240856,1486,28784,145,99960,35.00,-7.22,-4.99
240878,1459,28784,154,99960,35.00,-7.24,-4.95
240920,1669,28784,152,99960,35.00,-7.21,-4.96
240942,1944,28784,149,99960,35.00,-7.22,-4.98
240964,2183,28784,147,99960,35.00,-7.23,-4.95
240986,2598,28784,141,99960,35.00,-7.24,-4.97
241397,2142,28784,127,99960,35.70,-7.28,-4.96
241425,1440,28784,155,99960,35.00,-7.25,-4.97
241447,2075,29296,141,99960,35.00,-7.22,-4.99
241469,1967,29296,126,99960,35.00,-7.19,-4.99
241491,1773,29296,139,99960,35.00,-7.25,-4.99
241513,1728,29296,135,99960,35.00,-7.23,-4.97
241535,1401,29296,144,99960,35.00,-7.17,-4.99
241557,1325,29296,149,99960,35.00,-7.24,-4.97
241579,1427,29296,160,99960,35.00,-7.24,-4.96
241601,1465,29296,153,99960,35.00,-7.21,-4.95
241642,1689,29296,153,99960,35.00,-7.25,-4.99
241664,1751,29296,147,99960,35.00,-7.18,-4.93
241686,1896,29296,137,99960,35.00,-7.18,-4.96
241708,1991,29296,133,99960,35.00,-7.21,-5.00
241730,1908,29296,124,99960,35.00,-7.20,-4.94
241752,1809,29296,126,99960,35.00,-7.25,-4.99
241774,1687,29296,137,99960,35.00,-7.24,-5.00
241796,1525,28784,149,99960,35.00,-7.21,-4.98
241818,1431,28784,154,99960,35.00,-7.22,-4.99
241840,1503,28784,157,99960,35.00,-7.22,-4.99
241862,1659,29296,159,99960,35.00,-7.23,-4.98
241903,1907,29296,151,99960,35.00,-7.24,-5.00
241925,2063,29296,151,99960,35.00,-7.20,-4.97
241947,2185,29296,139,99960,35.00,-7.24,-5.01
241969,2232,29296,138,99960,35.00,-7.21,-4.97
241991,2109,29296,126,99960,35.00,-7.23,-4.97
242417,1911,29296,133,99960,35.93,-7.27,-4.96
242446,1480,30064,156,99960,35.00,-7.21,-4.95
242468,1967,30064,137,99960,35.00,-7.22,-4.97
242490,2120,30064,136,99960,35.00,-7.21,-5.00
242512,1991,30064,131,99960,35.00,-7.19,-4.96
242534,1804,30064,145,99960,35.00,-7.23,-4.99
242556,1677,30064,141,99960,35.00,-7.24,-4.95
242578,1550,30064,155,99960,35.00,-7.23,-4.99
242600,1503,30576,163,99960,35.00,-7.23,-5.02
242622,1630,30064,163,99960,35.00,-7.25,-4.97
242665,1817,30576,155,99960,35.00,-7.23,-4.98
242687,2057,30064,151,99960,35.00,-7.21,-4.99
242709,2045,30576,141,99960,35.00,-7.24,-4.96
242731,2145,30576,137,99960,35.00,-7.21,-4.98
242753,2077,30576,141,99960,35.00,-7.23,-4.95
242775,1768,30576,145,99960,35.00,-7.23,-4.96
242797,1641,30576,152,99960,35.00,-7.22,-4.96
242819,1629,30576,168,99960,35.00,-7.21,-4.99
242841,1589,30576,164,99960,35.00,-7.24,-4.96
242863,1543,30576,152,99960,35.00,-7.23,-5.00
242905,1973,30960,156,99960,35.00,-7.21,-4.97
242927,1945,30576,149,99960,35.00,-7.25,-4.98
242949,2009,30960,140,99960,35.00,-7.24,-4.98
242971,2063,30960,137,99960,35.00,-7.23,-5.00
242993,1877,30960,131,99960,35.00,-7.25,-4.93
243438,1661,30960,137,99960,35.19,-7.20,-4.98
243467,1175,30960,151,99960,35.00,-7.23,-4.95
243489,1646,30960,122,99960,35.00,-7.19,-4.97
243511,1737,30960,117,99960,35.00,-7.19,-4.96
243533,1611,30960,109,99960,35.00,-7.25,-4.97
243555,1523,30960,113,99960,35.00,-7.22,-4.96
243577,1407,30960,121,99960,35.00,-7.22,-4.96
243599,1242,30960,134,99960,35.00,-7.26,-5.00
243621,1159,30960,135,99960,35.00,-7.19,-4.98
243643,1206,30960,140,99960,35.00,-7.20,-4.98
243665,1312,30960,137,99960,35.00,-7.23,-4.99
243707,1561,30960,127,99960,35.00,-7.23,-4.99
243729,1845,30960,119,99960,35.00,-7.26,-4.99
243751,1453,30960,99,99960,35.00,-7.28,-4.97
243773,1927,30960,111,99960,35.00,-7.23,-4.96
243795,1913,30960,119,99960,35.00,-7.26,-4.97
243817,1631,30960,121,99960,35.00,-7.21,-4.98
243839,1817,30960,141,99960,35.00,-7.22,-4.99
243861,1802,30960,153,99960,35.00,-7.21,-4.96
243883,1763,30960,154,99960,35.00,-7.26,-5.00
243905,2009,30960,155,99960,35.00,-7.21,-4.97
243927,2267,30960,149,99960,35.00,-7.27,-4.95
243968,2237,30960,136,99960,35.00,-7.21,-4.97
243990,2505,30960,141,99960,35.00,-7.24,-4.99
244714,2717,30960,149,99960,35.41,-7.24,-4.96
244750,0,17680,103,99960,35.00,-7.22,-4.96
244772,0,16400,92,99960,35.00,-7.21,-4.98
244794,0,16352,93,99960,35.00,-7.23,-5.00
244816,0,16352,103,99960,35.00,-7.21,-4.99
244838,379,15840,115,99960,35.00,-7.22,-4.94
244860,656,15840,135,99960,35.00,-7.23,-5.01
244882,903,15840,140,99960,35.00,-7.22,-4.98
244904,1045,15840,153,99960,35.00,-7.24,-4.98
244926,2045,16352,167,99960,35.00,-7.21,-4.99
244948,1320,16352,141,99960,35.00,-7.20,-4.97
244991,1111,16352,123,99960,35.00,-7.27,-5.00
245734,2618,15840,142,99960,35.37,-7.24,-4.97
245773,2715,22352,125,99960,35.00,-7.22,-4.99
245795,2773,22736,135,99960,35.00,-7.24,-4.97
245817,2603,22736,141,99960,35.00,-7.21,-4.99
245839,2399,22736,143,99960,35.00,-7.22,-4.95
245861,2211,22736,147,99960,35.00,-7.23,-4.93
245883,2057,23248,153,99960,35.00,-7.23,-4.96
245905,2036,23248,157,99960,35.00,-7.22,-5.01
245927,1955,23248,157,99960,35.00,-7.24,-4.96
245949,2039,23248,165,99960,35.00,-7.24,-4.94
245971,2229,23248,155,99960,35.00,-7.22,-4.99
246755,2335,24016,147,99960,35.27,-7.23,-4.97
246795,1829,24624,125,99960,35.00,-7.26,-4.96
246817,1847,24624,123,99960,35.00,-7.23,-4.94
246839,1778,24624,126,99960,35.00,-7.24,-4.96
246861,1703,24624,139,99960,35.00,-7.23,-4.96
246883,1593,24624,147,99960,35.00,-7.23,-4.96
246905,1519,24624,157,99960,35.00,-7.23,-4.92
246927,1524,24624,159,99960,35.00,-7.22,-4.93
246949,1553,24624,158,99960,35.00,-7.20,-4.98
246971,1606,25136,148,99960,35.00,-7.21,-5.01
246993,2125,24624,153,99960,35.00,-7.22,-4.96
247036,1897,25136,133,99960,35.00,-7.25,-5.00
247058,1786,24624,125,99960,35.00,-7.24,-4.99
247080,1703,25136,121,99960,35.00,-7.25,-4.96
247102,1563,25136,145,99960,35.00,-7.19,-4.97
247124,1527,25136,147,99960,35.00,-7.24,-4.96
247146,1509,25136,163,99960,35.00,-7.25,-5.00
247168,1559,25136,159,99960,35.00,-7.21,-4.97
247190,1621,25136,159,99960,35.00,-7.26,-4.98
247212,1736,25136,151,99960,35.00,-7.25,-4.97
247234,1876,25136,149,99960,35.00,-7.24,-4.96
247276,1989,25136,134,99960,35.00,-7.24,-4.97
247298,2025,25136,132,99960,35.00,-7.22,-4.97
247320,1972,25136,137,99960,35.00,-7.24,-4.98
247342,1907,25136,141,99960,35.00,-7.24,-4.99
247364,1779,25136,153,99960,35.00,-7.20,-4.96
247386,1719,25904,163,99960,35.00,-7.27,-4.96
247408,1770,25136,170,99960,35.00,-7.21,-4.95
247430,1789,25136,168,99960,35.00,-7.18,-4.96
247452,1883,25136,169,99960,35.00,-7.26,-4.98
247474,2018,25136,155,99960,35.00,-7.22,-5.00
247496,2077,25904,139,99960,35.00,-7.26,-4.98
247537,2123,25904,140,99960,35.00,-7.19,-4.96
247559,2148,25904,136,99960,35.00,-7.23,-4.99
247581,2003,25904,141,99960,35.00,-7.22,-4.96
247603,1837,25904,147,99960,35.00,-7.22,-4.95
247625,1755,25904,157,99960,35.00,-7.22,-4.96
247647,1687,25904,168,99960,35.00,-7.23,-4.97
247669,1699,25904,173,99960,35.00,-7.23,-4.98
247691,1711,25904,168,99960,35.00,-7.22,-4.96
247713,1787,25904,160,99960,35.00,-7.21,-4.96
247735,1907,26416,147,99960,35.00,-7.22,-4.93
247777,1991,26416,141,99960,35.00,-7.21,-4.98
247799,1938,26416,138,99960,35.00,-7.23,-5.00
247821,1835,26416,127,99960,35.00,-7.23,-4.98
247843,1751,26416,143,99960,35.00,-7.27,-4.98
247865,1655,26416,146,99960,35.00,-7.24,-4.99
247887,1584,26416,167,99960,35.00,-7.26,-5.05
247909,1594,26416,169,99960,35.00,-7.20,-5.02
247931,1583,26416,167,99960,35.00,-7.22,-4.95
247953,1695,26416,155,99960,35.00,-7.23,-4.97
247975,1787,26416,149,99960,35.00,-7.24,-4.95
247997,1843,26416,135,99960,35.00,-7.23,-4.99
248038,1895,26416,125,99960,35.00,-7.23,-4.98
248060,1843,26416,125,99960,35.00,-7.22,-4.94
248082,1767,26416,137,99960,35.00,-7.25,-4.96
248104,1651,26416,139,99960,35.00,-7.24,-4.94
248126,1485,26416,155,99960,35.00,-7.22,-4.99
248148,1491,26416,157,99960,35.00,-7.25,-4.94
248170,1527,26416,165,99960,35.00,-7.23,-4.97
248192,1628,26416,165,99960,35.00,-7.23,-4.99
248214,1774,26416,154,99960,35.00,-7.22,-4.96
248236,1851,26416,138,99960,35.00,-7.25,-4.98
248279,1945,26800,139,99960,35.00,-7.24,-4.97
248301,1899,26416,125,99960,35.00,-7.22,-5.00
248323,1833,26800,136,99960,35.00,-7.22,-4.92
248345,1770,26800,149,99960,35.00,-7.24,-4.93
248367,1881,26800,163,99960,35.00,-7.20,-4.99
248389,1755,26800,171,99960,35.00,-7.24,-4.97
248411,1635,26416,167,99960,35.00,-7.19,-4.96
248433,1817,26416,165,99960,35.00,-7.23,-4.96
248455,1989,26800,157,99960,35.00,-7.26,-4.95
248477,1939,26800,141,99960,35.00,-7.26,-4.98
248519,1897,26800,137,99960,35.00,-7.23,-4.94
248541,1932,26800,135,99960,35.00,-7.21,-4.96
248563,1800,26800,137,99960,35.00,-7.22,-4.98
248585,1639,26800,145,99960,35.00,-7.20,-4.93
248607,1527,26800,157,99960,35.00,-7.24,-4.96
248629,1407,26800,159,99960,35.00,-7.27,-4.97
248651,1501,26416,169,99960,35.00,-7.24,-4.97
248673,1524,26416,153,99960,35.00,-7.27,-4.94
248695,1651,26416,156,99960,35.00,-7.24,-4.98
248717,1768,26416,136,99960,35.00,-7.22,-4.99
248739,1869,26416,127,99960,35.00,-7.24,-4.96
248780,1889,26416,125,99960,35.00,-7.22,-4.99
248802,2133,26416,133,99960,35.00,-7.23,-4.95
248824,1829,26416,133,99960,35.00,-7.19,-4.96
248846,1638,26416,151,99960,35.00,-7.20,-4.96
248868,1511,26800,155,99960,35.00,-7.23,-4.94
248890,1455,26800,159,99960,35.00,-7.25,-5.00
248912,1735,26800,165,99960,35.00,-7.24,-4.98
248934,2063,26416,160,99960,35.00,-7.23,-5.02
248956,2093,26800,151,99960,35.00,-7.21,-4.99
248978,1989,26800,138,99960,35.00,-7.24,-4.95
249020,2133,26800,140,99960,35.00,-7.24,-4.97
249042,2099,26800,135,99960,35.00,-7.23,-4.97
249064,1951,26800,143,99960,35.00,-7.23,-4.99
249086,1783,26800,149,99960,35.00,-7.22,-5.01
249108,1775,26800,158,99960,35.00,-7.20,-4.99
249130,1763,26800,165,99960,35.00,-7.23,-4.99
249152,1731,26800,170,99960,35.00,-7.26,-4.98
249174,1756,26800,170,99960,35.00,-7.22,-4.99
249196,1912,26800,155,99960,35.00,-7.23,-5.00
249218,1993,26800,151,99960,35.00,-7.24,-4.93
249240,2013,26800,139,99960,35.00,-7.20,-4.97
249281,1983,26800,135,99960,35.00,-7.21,-4.98
249303,1963,26800,137,99960,35.00,-7.20,-5.02
249325,1843,26800,149,99960,35.00,-7.20,-4.97
249347,1688,26800,149,99960,35.00,-7.23,-4.99
249369,1587,26800,167,99960,35.00,-7.21,-4.98
249391,1529,26800,164,99960,35.00,-7.27,-4.99
249413,1623,26800,169,99960,35.00,-7.22,-5.02
249435,1716,26800,155,99960,35.00,-7.21,-4.98
249457,1851,26800,151,99960,35.00,-7.24,-4.97
249479,1937,26800,137,99960,35.00,-7.23,-4.94
249522,2195,27312,143,99960,35.00,-7.23,-4.96
249544,1831,26800,141,99960,35.00,-7.23,-4.95
249566,1727,27312,146,99960,35.00,-7.22,-4.93
249588,1595,27312,148,99960,35.00,-7.24,-4.97
249610,1581,27312,159,99960,35.00,-7.22,-4.99
249632,1543,27312,167,99960,35.00,-7.21,-4.97
249654,1577,27312,163,99960,35.00,-7.23,-4.97
249676,1762,27312,155,99960,35.00,-7.23,-4.97
249698,1919,27312,149,99960,35.00,-7.24,-4.95
249720,2056,27312,138,99960,35.00,-7.26,-4.96
249762,2520,27312,149,99960,35.00,-7.24,-4.99
249784,1631,27312,127,99960,35.00,-7.22,-4.95
249806,1557,27312,139,99960,35.00,-7.28,-4.99
249828,1749,27312,151,99960,35.00,-7.21,-4.99
249850,1883,27312,171,99960,35.00,-7.21,-4.99
249872,1515,27312,167,99960,35.00,-7.22,-4.98
249894,1672,27312,174,99960,35.00,-7.23,-4.97
249916,1847,27312,163,99960,35.00,-7.26,-4.99
249938,1999,27312,169,99960,35.00,-7.22,-5.02
249960,2141,27312,150,99960,35.00,-7.23,-4.93
250580,2424,27312,154,99960,35.71,-7.26,-4.96
250611,1663,27312,127,99960,35.00,-7.21,-4.98
250633,1263,27312,155,99960,35.00,-7.22,-5.00
250655,1389,28080,153,99960,35.00,-7.24,-4.97
250677,1349,28080,149,99960,35.00,-7.23,-4.94
250699,1465,28080,138,99960,35.00,-7.21,-4.95
250721,1577,28080,121,99960,35.00,-7.24,-4.97
250743,1645,28080,121,99960,35.00,-7.23,-4.97
250785,1647,28080,118,99960,35.00,-7.24,-4.98
250807,1637,28080,123,99960,35.00,-7.24,-4.98
250829,1523,28080,124,99960,35.00,-7.22,-5.00
250851,1431,28080,147,99960,35.00,-7.19,-4.95
250873,1340,28080,148,99960,35.00,-7.22,-4.99
250895,1417,28080,153,99960,35.00,-7.24,-4.96
250917,1528,28080,143,99960,35.00,-7.27,-4.99
250939,1647,27312,141,99960,35.00,-7.23,-4.99
250961,1773,27312,122,99960,35.00,-7.23,-5.00
250983,1902,27312,121,99960,35.00,-7.25,-5.00
251025,1949,27312,117,99960,35.00,-7.22,-4.97
251047,1975,27312,123,99960,35.00,-7.23,-4.97
251069,1903,27312,135,99960,35.00,-7.23,-4.96
251091,1898,27312,153,99960,35.00,-7.17,-4.96
251113,1885,27312,164,99960,35.00,-7.25,-4.92
251135,2039,27312,168,99960,35.00,-7.22,-4.98
251157,2173,27312,169,99960,35.00,-7.23,-4.98
251179,2333,27312,167,99960,35.00,-7.24,-4.97
251201,2551,27312,155,99960,35.00,-7.24,-4.98
251223,2707,27312,153,99960,35.00,-7.18,-5.01
251245,2776,27312,163,99960,35.00,-7.26,-4.96
251286,2769,28080,163,99960,35.00,-7.21,-4.98
251308,2551,28080,169,99960,35.00,-7.24,-4.97
251330,2325,28080,175,99960,35.00,-7.22,-4.96
251352,2155,28080,187,99960,35.00,-7.24,-4.99
251374,2079,28080,187,99960,35.00,-7.23,-5.00
251396,1998,28080,189,99960,35.00,-7.21,-4.98
251418,2013,28080,185,99960,35.00,-7.22,-4.95
251440,1979,28080,169,99960,35.00,-7.23,-4.96
251462,1919,28080,157,99960,35.00,-7.21,-4.96
251484,1951,28080,153,99960,35.00,-7.25,-4.97
251526,1741,28080,143,99960,35.00,-7.25,-5.01
251548,1304,28080,136,99960,35.00,-7.27,-4.99
251570,1125,28080,133,99960,35.00,-7.26,-4.97
251592,1107,28080,150,99960,35.00,-7.24,-4.96
251614,1097,27312,151,99960,35.00,-7.28,-4.97
251636,1179,27312,157,99960,35.00,-7.21,-4.94
251658,1352,27312,157,99960,35.00,-7.23,-4.97
251680,1404,27312,147,99960,35.00,-7.22,-4.94
251702,1438,27312,127,99960,35.00,-7.25,-4.99
251724,1554,27312,125,99960,35.00,-7.26,-4.97
251746,1592,26800,117,99960,35.00,-7.21,-5.00
251787,1587,26800,133,99679,35.00,-7.23,-4.97
251809,1653,26800,125,99651,35.00,-7.21,-4.97
251831,1443,26800,136,99701,35.00,-7.21,-4.98
251853,1439,26800,153,99810,35.00,-7.23,-4.95
251875,1555,26800,157,99922,35.00,-7.24,-4.97
251897,1563,26800,165,99997,35.00,-7.26,-4.96
251919,1673,26800,157,99997,35.00,-7.25,-4.98
251941,1891,26800,150,99997,35.00,-7.24,-4.98
251963,2058,27312,137,99997,35.00,-7.28,-4.97
251985,2199,26800,133,99997,35.00,-7.24,-4.96
252028,1949,26800,119,99997,35.00,-7.20,-4.99
252050,1567,26800,126,99997,35.00,-7.24,-4.97
252072,1516,26800,141,99997,35.00,-7.27,-4.97
252094,1481,26800,159,99997,35.00,-7.27,-4.94
252116,1549,26800,163,99997,35.00,-7.24,-4.96
252138,1685,26800,165,99997,35.00,-7.20,-4.96
252160,1789,26800,157,99997,35.00,-7.21,-4.98
252182,1863,26800,151,99997,35.00,-7.20,-5.00
252204,1981,27312,137,99997,35.00,-7.26,-5.00
252226,2075,26800,135,99997,35.00,-7.23,-4.94
252268,2057,26800,137,99997,35.00,-7.21,-4.98
252290,1951,27312,137,99997,35.00,-7.22,-4.97
252312,1750,27312,151,99997,35.00,-7.25,-4.96
252334,1710,27312,167,99997,35.00,-7.26,-4.97
252356,1771,26800,170,99997,35.00,-7.24,-4.96
252378,1769,26800,175,99997,35.00,-7.20,-4.98
252400,1800,26800,164,99997,35.00,-7.20,-4.96
252422,1880,26800,149,99997,35.00,-7.21,-4.94
252444,1993,26800,140,99997,35.00,-7.22,-4.94
252466,2031,26800,137,99997,35.00,-7.22,-4.96
252488,2003,26800,134,99997,35.00,-7.25,-5.02
252529,1972,26800,141,99683,35.00,-7.19,-4.95
252551,1950,26800,149,99638,35.00,-7.24,-4.98
252573,1855,26800,155,99630,35.00,-7.25,-4.98
252595,1815,26800,173,99675,35.00,-7.25,-4.98
252617,1815,26800,175,99806,35.00,-7.19,-4.94
252639,1875,26800,173,99928,35.00,-7.24,-4.96
252661,1995,26800,167,99928,35.00,-7.27,-4.95
252683,2139,26800,164,99928,35.00,-7.24,-4.97
252705,2259,27312,149,99928,35.00,-7.22,-5.01
252727,2331,27312,149,99928,35.00,-7.25,-4.93
252769,2275,26800,153,99928,35.00,-7.25,-4.99
252791,2245,27312,163,99928,35.00,-7.25,-4.96
252813,2089,27312,163,99928,35.00,-7.23,-5.00
252835,1971,27312,185,99928,35.00,-7.26,-4.97
252857,1899,27312,187,99928,35.00,-7.19,-5.00
252879,1893,27312,187,99928,35.00,-7.25,-4.94
252901,1941,27312,174,99928,35.00,-7.24,-4.95
252923,2040,27312,170,99928,35.00,-7.26,-4.98
252945,2071,27312,150,99928,35.00,-7.24,-4.97
252967,1957,27312,151,99928,35.00,-7.22,-4.97
252989,1915,27312,142,99928,35.00,-7.26,-5.00
253030,1787,27312,153,99928,35.00,-7.27,-4.95
253052,1587,27312,143,99928,35.00,-7.25,-4.98
253074,1425,27312,156,99928,35.00,-7.26,-4.96
253096,1323,27312,164,99928,35.00,-7.21,-4.93
253118,1305,27312,171,99928,35.00,-7.22,-4.92
253140,1276,27312,163,99928,35.00,-7.23,-4.98
253162,1371,27312,153,99928,35.00,-7.23,-4.96
253184,1501,27312,143,99928,35.00,-7.22,-4.98
253206,1564,27312,126,99928,35.00,-7.21,-4.94
253228,1611,27312,123,99928,35.00,-7.21,-4.94
253250,1625,27312,127,99928,35.00,-7.22,-5.00
253291,1531,27312,139,99955,35.00,-7.23,-4.99
253313,1381,27312,135,99916,35.00,-7.25,-4.99
253335,1375,27312,149,99912,35.00,-7.21,-4.99
253357,1373,27312,157,99941,35.00,-7.24,-4.96
253379,1416,27312,163,99941,35.00,-7.22,-4.98
253401,1565,27312,158,99941,35.00,-7.21,-4.98
253423,1673,27312,151,99941,35.00,-7.18,-4.99
253445,1773,28080,137,99941,35.00,-7.22,-4.97
253467,1927,27312,133,99941,35.00,-7.22,-4.93
253489,1947,27312,125,99941,35.00,-7.27,-4.96
253531,1863,27312,136,99941,35.00,-7.26,-4.96
253553,1751,27312,139,99941,35.00,-7.26,-4.94
253575,1630,28080,141,99941,35.00,-7.20,-4.97
253597,1565,28080,158,99941,35.00,-7.24,-4.93
253619,1593,27312,167,99941,35.00,-7.22,-4.98
253641,1702,28080,169,99941,35.00,-7.20,-4.95
253663,1956,28080,163,99941,35.00,-7.23,-4.99
253685,2119,28080,157,99941,35.00,-7.23,-5.00
253707,2234,28080,145,99941,35.00,-7.22,-4.96
253729,2231,28080,143,99941,35.00,-7.22,-4.98
253751,2171,28080,141,99941,35.00,-7.19,-4.95
253792,1996,28080,152,99941,35.00,-7.23,-4.98
253814,1927,28080,152,99941,35.00,-7.26,-4.98
253836,1727,28080,165,99941,35.00,-7.20,-4.96
253858,1639,28080,167,99941,35.00,-7.23,-4.99
253880,1631,28080,182,99941,35.00,-7.21,-4.96
253902,1769,28080,170,99941,35.00,-7.21,-4.98
253924,1898,28080,167,99941,35.00,-7.23,-4.96
253946,2023,28592,151,99941,35.00,-7.22,-4.99
253968,2099,28592,148,99941,35.00,-7.26,-4.99
253990,2041,28592,139,99941,35.00,-7.22,-4.97
254033,1957,28592,142,99941,35.00,-7.25,-5.00
254055,1608,28080,147,99941,35.00,-7.24,-4.95
254077,1551,28592,163,99941,35.00,-7.23,-4.94
254099,1522,28592,165,99941,35.00,-7.23,-4.99
254121,1529,28592,167,99941,35.00,-7.22,-4.98
254143,1671,28592,164,99941,35.00,-7.22,-4.99
254165,1811,28592,151,99941,35.00,-7.23,-4.97
254187,1946,28592,143,99941,35.00,-7.24,-4.99
254209,1983,28592,138,99941,35.00,-7.20,-4.98
254231,2003,28592,141,99941,35.00,-7.26,-4.99
254273,1915,28592,141,99941,35.00,-7.20,-4.98
254295,1846,28592,153,99941,35.00,-7.24,-4.95
254317,1727,28592,167,99941,35.00,-7.24,-4.98
254339,1651,28592,169,99941,35.00,-7.23,-4.99
254361,1660,28592,174,99941,35.00,-7.22,-4.96
254383,1785,28592,173,99941,35.00,-7.25,-4.94
254405,1997,28592,171,99941,35.00,-7.25,-4.99
254427,2118,28592,153,99941,35.00,-7.21,-4.95
254449,2169,28592,151,99941,35.00,-7.21,-4.93
254471,2171,28592,139,99941,35.00,-7.21,-4.95
254493,2008,28592,150,99941,35.00,-7.22,-4.97
254534,1850,28592,153,99941,35.00,-7.22,-4.97
254556,1689,28592,155,99941,35.00,-7.25,-4.98
254578,1527,28784,167,99941,35.00,-7.21,-5.00
254600,1471,28592,171,99941,35.00,-7.22,-4.97
254622,1527,28592,169,99941,35.00,-7.24,-4.98
254644,1629,28592,165,99941,35.00,-7.24,-4.95
254666,1785,28784,155,99941,35.00,-7.24,-4.94
254688,1903,28784,148,99941,35.00,-7.22,-4.98
254710,1893,28784,137,99941,35.00,-7.26,-4.92
254732,1747,28784,137,99941,35.00,-7.23,-5.02
254774,1530,28784,135,99941,35.00,-7.25,-4.94
254796,1455,28784,147,99941,35.00,-7.24,-5.01
254818,1357,28784,154,99941,35.00,-7.22,-4.93
254840,1304,28784,156,99941,35.00,-7.22,-4.98
254862,1374,28784,159,99941,35.00,-7.20,-4.97
254884,1512,28784,157,99941,35.00,-7.24,-4.98
254906,1726,28784,151,99941,35.00,-7.28,-4.97
254928,1824,28784,139,99941,35.00,-7.24,-4.96
254950,1933,28784,138,99941,35.00,-7.24,-4.96
254972,1939,28784,135,99941,35.00,-7.26,-4.97
254994,1811,28784,137,99941,35.00,-7.23,-4.96
255035,1654,28784,147,99941,35.00,-7.20,-5.00
255057,1695,28784,152,99941,35.00,-7.23,-4.95
255079,1611,28784,165,99941,35.00,-7.23,-4.99
255101,1589,28784,166,99941,35.00,-7.21,-4.95
255123,1639,28784,169,99941,35.00,-7.20,-4.96
255145,1775,28784,167,99941,35.00,-7.22,-4.95
255167,1965,28784,163,99941,35.00,-7.23,-4.96
255189,2015,28784,142,99941,35.00,-7.20,-4.97
255211,2035,29296,147,99941,35.00,-7.22,-4.97
255233,1982,28784,135,99941,35.00,-7.19,-4.93
255276,1861,29296,147,99941,35.00,-7.24,-4.98
255298,1674,28784,152,99941,35.00,-7.24,-4.94
255320,1581,29296,166,99941,35.00,-7.23,-4.98
255342,1609,29296,169,99941,35.00,-7.23,-4.96
255364,1644,29296,171,99941,35.00,-7.23,-4.98
255386,1799,29296,157,99941,35.00,-7.21,-4.95
255408,1959,29296,156,99941,35.00,-7.21,-5.00
255430,2037,29296,141,99941,35.00,-7.22,-4.96
255452,2087,29296,141,99941,35.00,-7.24,-4.98
255474,2002,29296,139,99941,35.00,-7.22,-4.96
255516,1898,29296,147,99941,35.00,-7.24,-4.99
255538,1831,29296,156,99941,35.00,-7.22,-4.97
255560,1696,28784,169,99941,35.00,-7.24,-4.98
255582,1721,28784,172,99941,35.00,-7.23,-4.96
255604,1821,28784,181,99941,35.00,-7.23,-4.95
255626,1971,28784,169,99941,35.00,-7.26,-4.97
255648,2119,28784,165,99941,35.00,-7.19,-4.97
255670,2167,28784,150,99941,35.00,-7.22,-5.02
255692,2173,28784,147,99941,35.00,-7.22,-4.96
255714,2088,28784,139,99941,35.00,-7.22,-5.00
255736,1930,29296,151,99941,35.00,-7.23,-4.94
255777,1763,29296,153,99941,35.00,-7.24,-4.92
255799,1624,29296,159,99941,35.00,-7.27,-4.95
255821,1485,29296,168,99941,35.00,-7.21,-4.96
255843,1450,29296,173,99941,35.00,-7.24,-4.96
255865,1493,29296,166,99941,35.00,-7.27,-4.98
255887,1651,29296,165,99941,35.00,-7.23,-4.94
255909,1799,29296,151,99941,35.00,-7.19,-5.02
255931,1938,29296,149,99941,35.00,-7.21,-5.01
255953,1829,29296,137,99941,35.00,-7.24,-4.97
255975,1726,29296,123,99941,35.00,-7.25,-4.97
256701,1623,29296,137,99941,35.86,-7.23,-4.97
256739,1866,30064,179,99941,35.00,-7.25,-4.97
256761,1937,30064,172,99941,35.00,-7.22,-4.99
256783,1767,30064,179,99941,35.00,-7.26,-4.99
256805,1750,30064,189,99941,35.00,-7.21,-4.99
256827,1782,30064,175,99941,35.00,-7.25,-4.97
256849,1917,30064,171,99941,35.00,-7.25,-4.99
256871,2019,30064,157,99941,35.00,-7.20,-4.97
256893,1989,30064,150,99941,35.00,-7.23,-4.98
256915,1847,30576,141,99941,35.00,-7.24,-4.96
256937,1716,30064,145,99941,35.00,-7.21,-4.98
256959,1514,30576,148,99941,35.00,-7.24,-4.95
257722,1331,30064,155,99941,35.40,-7.23,-4.96
257762,1355,30576,155,99941,35.00,-7.22,-4.97
257784,1306,30576,159,99941,35.00,-7.22,-4.98
257806,1309,30576,165,99941,35.00,-7.23,-4.91
257828,1423,30576,165,99941,35.00,-7.21,-4.99
257850,1559,30576,159,99941,35.00,-7.25,-4.99
257872,1765,30576,149,99941,35.00,-7.22,-4.91
257894,1941,30064,141,99941,35.00,-7.20,-4.97
257916,1975,30064,140,99941,35.00,-7.21,-4.99
257938,1897,30064,137,99941,35.00,-7.21,-4.96
257960,1758,30064,141,99941,35.00,-7.24,-5.01
258743,1595,30064,147,99941,35.08,-7.24,-4.98
258784,793,29296,127,99942,35.00,-7.26,-4.97
258806,1791,29296,147,99942,35.00,-7.26,-4.99
258828,1437,29296,147,99942,35.00,-7.22,-4.94
258850,1695,29296,154,99942,35.00,-7.22,-4.96
258872,2189,29296,155,99942,35.00,-7.23,-5.01
258894,2333,29296,150,99942,35.00,-7.24,-4.96
258916,2315,29296,143,99942,35.00,-7.23,-4.96
258938,2553,29296,141,99942,35.00,-7.22,-4.94
258960,2779,29296,151,99942,35.00,-7.21,-4.99
258982,2555,29296,163,99942,35.00,-7.19,-4.98
259508,2291,29296,166,99942,36.42,-7.19,-4.98
259546,1590,29296,155,99988,35.00,-7.24,-5.00
259568,1231,29296,143,99988,35.00,-7.22,-4.95
259590,1318,29296,143,99988,35.00,-7.21,-4.97
259612,1416,29296,138,99988,35.00,-7.21,-4.98
259634,1515,30064,137,99988,35.00,-7.20,-5.00
259656,1692,30064,121,99988,35.00,-7.26,-4.99
259678,1773,30064,121,99988,35.00,-7.23,-4.96
259700,1843,30064,124,99988,35.00,-7.20,-4.97
259722,1708,30064,135,99988,35.00,-7.18,-4.98
259744,1587,29296,133,99988,35.00,-7.21,-5.02
259787,1479,30064,151,99988,35.00,-7.23,-4.98
259809,1517,30064,155,99988,35.00,-7.24,-4.98
259831,1639,30064,157,99988,35.00,-7.26,-5.00
259853,1805,30064,152,99988,35.00,-7.22,-4.97
259875,1977,30064,145,99988,35.00,-7.21,-4.98
259897,2137,30064,136,99988,35.00,-7.24,-4.93
259919,2151,30064,133,99988,35.00,-7.22,-4.96
259941,2079,30064,127,99988,35.00,-7.23,-4.98
259963,1967,30064,147,99988,35.00,-7.21,-4.96
259985,1962,30064,154,99988,35.00,-7.24,-4.95
260027,1751,30064,159,99988,35.00,-7.20,-4.93
260049,1803,30064,167,99988,35.00,-7.26,-4.99
260071,1852,30064,167,99988,35.00,-7.19,-4.97
260093,1979,30064,163,99988,35.00,-7.22,-4.95
260115,2005,30064,155,99988,35.00,-7.22,-5.00
260137,2141,30064,145,99988,35.00,-7.24,-4.95
260159,2176,30064,139,99988,35.00,-7.26,-4.96
260181,2119,30064,137,99988,35.00,-7.24,-4.99
260203,1939,30064,146,99988,35.00,-7.23,-4.99
260225,1695,30064,142,99988,35.00,-7.23,-4.96
260247,1527,30064,157,99988,35.00,-7.18,-4.93
260288,1431,30064,159,99988,35.00,-7.23,-4.96
260310,1436,29296,157,99988,35.00,-7.23,-4.99
260332,1483,30064,151,99988,35.00,-7.21,-4.99
260354,1591,30064,151,99988,35.00,-7.22,-4.96
260376,1707,30064,145,99988,35.00,-7.27,-4.93
260398,1864,30064,133,99988,35.00,-7.20,-5.01
260420,1882,30576,125,99988,35.00,-7.24,-4.96
260442,1700,30576,123,99988,35.00,-7.24,-4.99
260464,1587,30576,137,99988,35.00,-7.25,-4.97
260486,1373,30064,137,99988,35.00,-7.24,-4.95
260528,1319,30576,146,99988,35.00,-7.25,-4.98
260550,1374,30576,153,99988,35.00,-7.22,-4.96
260572,1467,30576,153,99988,35.00,-7.22,-4.98
260594,1737,30576,151,99988,35.00,-7.26,-4.95
260616,1903,30064,147,99988,35.00,-7.20,-4.95
260638,2094,30576,137,99988,35.00,-7.24,-4.98
260660,2089,30576,137,99988,35.00,-7.19,-4.94
260682,1971,30576,125,99988,35.00,-7.20,-4.97
260704,1832,30576,134,99988,35.00,-7.23,-4.98
260726,1651,30576,141,99988,35.00,-7.23,-4.99
260748,1687,30576,159,99988,35.00,-7.24,-4.98
260789,1430,30576,156,99988,35.00,-7.24,-4.98
260811,1375,30576,163,99988,35.00,-7.19,-4.97
260833,1497,30576,157,99988,35.00,-7.20,-4.97
260855,1637,30064,147,99988,35.00,-7.25,-4.97
260877,1659,30064,137,99988,35.00,-7.25,-4.92
260899,1769,30064,119,99988,35.00,-7.25,-5.00
260921,1711,30064,115,99988,35.00,-7.20,-4.99
260943,1611,30064,118,99988,35.00,-7.23,-5.00
260965,1530,29296,132,99988,35.00,-7.26,-4.96
260987,1419,29296,127,99988,35.00,-7.22,-4.92
261030,1365,29296,147,99988,35.00,-7.22,-5.00
261052,1507,29296,146,99988,35.00,-7.22,-4.97
261074,1671,30064,153,99988,35.00,-7.25,-4.93
261096,1897,30064,141,99988,35.00,-7.24,-4.96
261118,1983,30064,127,99988,35.00,-7.21,-4.96
261140,2147,30064,134,99988,35.00,-7.23,-4.98
261162,2195,30064,125,99988,35.00,-7.25,-4.99
261184,2075,30064,135,99988,35.00,-7.21,-4.97
261206,2005,30064,143,99988,35.00,-7.24,-5.00
261228,1883,30064,156,99988,35.00,-7.23,-5.01
261270,1870,30064,163,99988,35.00,-7.24,-4.95
261292,1961,30064,171,99988,35.00,-7.24,-4.98
261314,2105,30576,165,99988,35.00,-7.23,-5.02
261336,2277,30576,167,99988,35.00,-7.20,-4.98
261358,2348,30576,157,99988,35.00,-7.25,-4.99
261380,2405,30576,152,99988,35.00,-7.25,-4.95
261402,2453,30576,149,99988,35.00,-7.24,-4.92
261424,2130,30576,145,99988,35.00,-7.21,-4.97
261446,1941,30576,153,99988,35.00,-7.24,-4.95
261468,1083,30576,141,99988,35.00,-7.24,-4.95
261490,0,30576,134,99988,35.00,-7.20,-4.96
261531,0,30960,118,99988,35.00,-7.24,-4.98
261553,363,30576,117,99988,35.00,-7.22,-4.99
261575,1229,30576,115,99988,35.00,-7.24,-4.96
261597,927,30576,106,99988,35.00,-7.25,-5.00
261619,2,30576,74,99988,35.00,-7.23,-4.95
261641,0,30576,59,99988,35.00,-7.23,-4.95
261663,0,30960,44,99988,35.00,-7.21,-4.97
261685,0,30960,31,99988,35.00,-7.22,-4.95
261707,0,30960,37,99988,35.00,-7.21,-4.98
261729,329,30576,78,99988,35.00,-7.22,-4.97
261771,1899,30576,99,99988,35.00,-7.24,-4.96
261793,2428,30576,132,99988,35.00,-7.23,-4.95
261815,2799,30576,147,99988,35.00,-7.19,-4.97
261837,3028,30576,136,99988,35.00,-7.24,-4.99
261859,3277,30576,137,99988,35.00,-7.24,-4.95
261881,3499,30576,141,99988,35.00,-7.21,-4.97
261903,3467,30960,142,99988,35.00,-7.24,-5.02
261925,3385,30576,147,99988,35.00,-7.27,-4.99
261947,3131,30576,157,99988,35.00,-7.20,-4.98
261969,2901,30576,166,99988,35.00,-7.22,-4.99
261991,2763,30576,173,99988,35.00,-7.25,-4.98
262032,2813,30576,181,99988,35.00,-7.24,-4.97
262054,2923,30576,197,99988,35.00,-7.23,-4.97
262076,3020,30576,187,99988,35.00,-7.25,-4.95
262098,3239,30576,187,99988,35.00,-7.24,-4.97
262120,3311,30576,171,99988,35.00,-7.22,-4.97
262142,3315,30576,171,99988,35.00,-7.21,-5.01
262164,3123,30576,168,99988,35.00,-7.23,-4.97
262186,2841,30576,169,99988,35.00,-7.24,-4.99
262208,2643,30576,173,99988,35.00,-7.21,-4.94
262230,2503,30576,183,99988,35.00,-7.22,-4.97
262273,2385,30576,201,99988,35.00,-7.25,-4.97
262295,2347,30064,185,99988,35.00,-7.27,-5.00
262317,2355,30576,185,99988,35.00,-7.20,-5.01
262339,2415,30576,168,99988,35.00,-7.24,-4.96
262361,2283,30576,155,99988,35.00,-7.23,-4.96
262383,2076,30576,141,99988,35.00,-7.23,-4.98
262405,1845,30576,134,99988,35.00,-7.22,-5.01
262427,1597,30576,135,99988,35.00,-7.26,-4.97
262449,1311,30576,138,99988,35.00,-7.21,-4.98
262471,1204,30576,148,99988,35.00,-7.21,-4.98
262513,1228,30576,151,99988,35.00,-7.23,-4.97
262535,1231,30576,151,99988,35.00,-7.21,-5.00
262557,1567,30576,145,99988,35.00,-7.23,-4.95
262579,2223,30576,161,99988,35.00,-7.25,-4.96
262601,1425,30576,123,99988,35.00,-7.23,-4.93
262623,1397,30576,116,99988,35.00,-7.21,-4.96
262645,1525,30576,124,99988,35.00,-7.23,-4.98
262667,1049,30576,120,99988,35.00,-7.25,-4.99
262689,1257,30576,142,99988,35.00,-7.19,-4.99
262711,1213,30576,147,99988,35.00,-7.25,-4.93
262733,971,30576,145,99988,35.00,-7.22,-4.95
262774,1161,30576,155,99988,35.00,-7.22,-4.97
262796,1385,30064,157,99988,35.00,-7.22,-4.92
262818,1619,30576,157,99988,35.00,-7.26,-4.98
262840,1813,30576,149,99988,35.00,-7.23,-4.94
262862,1903,30576,139,99988,35.00,-7.23,-4.96
262884,1815,30576,125,99988,35.00,-7.24,-4.99
262906,1741,30576,135,99988,35.00,-7.20,-4.99
262928,1565,30960,141,99988,35.00,-7.20,-4.98
262950,1531,30960,148,99988,35.00,-7.21,-4.95
262972,1465,30576,159,99988,35.00,-7.22,-4.96
263593,1640,30576,168,99988,35.65,-7.22,-4.93
263624,1284,30064,153,99988,35.00,-7.21,-4.97
263646,1470,30064,115,99988,35.00,-7.27,-4.98
263668,1573,30576,123,99988,35.00,-7.25,-4.98
263690,1499,30576,135,99988,35.00,-7.23,-5.00
263712,1455,30576,147,99988,35.00,-7.20,-4.95
263734,1417,30576,155,99988,35.00,-7.24,-4.94
263776,1427,30576,151,99988,35.00,-7.22,-4.97
263798,1395,30576,151,99988,35.00,-7.20,-4.95
263820,1773,30576,151,99988,35.00,-7.27,-4.94
263842,1959,30576,135,99988,35.00,-7.23,-4.96
263864,2055,30576,137,99988,35.00,-7.19,-4.97
263886,1865,30576,122,99988,35.00,-7.26,-4.95
263908,1847,30576,136,99988,35.00,-7.23,-4.99
263930,1821,30576,139,99988,35.00,-7.28,-4.96
263952,1787,30576,159,99988,35.00,-7.22,-4.98
263974,1637,30576,164,99988,35.00,-7.26,-4.96
263996,1655,30576,169,99988,35.00,-7.24,-4.98
264037,1789,30576,163,99988,35.00,-7.23,-4.91
264059,1551,30576,149,99988,35.00,-7.20,-4.97
264081,1822,30960,150,99988,35.00,-7.25,-4.98
264103,1907,30960,137,99988,35.00,-7.25,-4.97
264125,2153,30960,140,99988,35.00,-7.22,-4.98
264147,2175,30960,140,99988,35.00,-7.26,-4.97
264169,1671,30960,151,99988,35.00,-7.23,-4.97
264191,1643,30960,141,99988,35.00,-7.22,-4.98
264213,1693,30960,165,99988,35.00,-7.23,-4.97
264235,1607,30960,166,99988,35.00,-7.25,-4.98
264277,1561,30960,165,99988,35.00,-7.24,-4.95
264299,1862,30960,163,99988,35.00,-7.22,-4.96
264321,1947,30960,149,99988,35.00,-7.23,-4.94
264343,2063,30960,135,99988,35.00,-7.25,-4.95
264365,2029,30960,135,99988,35.00,-7.23,-4.98
264387,1941,31472,124,99988,35.00,-7.25,-4.93
264409,1803,31472,127,99988,35.00,-7.23,-5.02
264431,1661,31472,147,99988,35.00,-7.21,-5.01
264453,1517,30960,153,99988,35.00,-7.24,-4.98
264475,1547,30960,159,99988,35.00,-7.24,-4.94
264497,1567,30960,157,99988,35.00,-7.20,-5.01
264538,1755,30960,159,99988,35.00,-7.18,-5.01
264560,1835,30960,156,99988,35.00,-7.23,-5.01
264582,2012,30960,153,99988,35.00,-7.21,-4.96
264604,2138,30960,140,99988,35.00,-7.20,-4.95
264626,2012,30960,137,99988,35.00,-7.22,-4.96
264648,1901,30576,127,99988,35.00,-7.25,-4.95
264670,1703,30576,140,99988,35.00,-7.22,-4.99
264692,1595,30576,143,99988,35.00,-7.22,-4.97
264714,1555,30576,156,99988,35.00,-7.26,-4.99
264736,1565,30576,159,99988,35.00,-7.19,-4.96
264779,1615,30576,160,99988,35.00,-7.20,-5.02
264801,1832,30576,147,99988,35.00,-7.22,-4.92
264823,1957,30576,139,99988,35.00,-7.21,-4.94
264845,1978,30960,132,99988,35.00,-7.25,-4.97
264867,1855,30960,120,99988,35.00,-7.23,-5.01
264889,1705,30960,123,99988,35.00,-7.21,-4.97
264911,1557,30960,133,99988,35.00,-7.24,-4.94
264933,1459,30960,147,99988,35.00,-7.25,-4.95
264955,1276,30960,155,99988,35.00,-7.24,-4.96
264977,611,31472,141,99988,35.00,-7.25,-4.97
265380,0,31472,120,99988,36.13,-7.18,-4.95
265420,2553,30960,141,99988,35.00,-7.23,-4.95
265442,2645,30960,155,99988,35.00,-7.25,-4.96
265464,2767,30960,148,99988,35.00,-7.24,-4.95
265486,2867,30960,149,99988,35.00,-7.25,-4.99
265508,2747,30960,140,99988,35.00,-7.22,-4.97
265530,2581,30960,151,99988,35.00,-7.23,-4.96
265552,2409,30960,157,99988,35.00,-7.26,-4.94
265574,2287,30960,169,99988,35.00,-7.24,-5.00
265596,2219,30960,181,99988,35.00,-7.27,-4.97
265618,2215,30960,181,99988,35.00,-7.26,-4.96
265640,1690,30960,155,99988,35.00,-7.23,-4.92
265681,2043,30960,159,99988,35.00,-7.25,-5.01
265703,2510,30960,171,99988,35.00,-7.28,-5.01
265725,2344,30960,147,99988,35.00,-7.23,-4.96
265747,2232,30960,137,99988,35.00,-7.23,-4.95
265769,2009,30960,125,99988,35.00,-7.23,-4.99
265791,1815,30960,157,99988,35.00,-7.23,-5.00
265813,1430,30960,119,99988,35.00,-7.24,-4.96
265835,1317,30960,154,99988,35.00,-7.24,-4.88
265857,1374,30960,153,99988,35.00,-7.22,-4.90
265879,1745,30960,167,99988,35.00,-7.24,-4.98
265921,1645,31472,149,99988,35.00,-7.24,-4.97
265943,1721,30960,141,99988,35.00,-7.24,-5.00
265965,1699,31472,124,99988,35.00,-7.20,-4.98
265987,1576,31472,111,99988,35.00,-7.21,-4.98
266401,1613,31472,106,99988,35.58,-7.39,-5.12
266443,2004,30576,157,99988,35.00,-7.22,-4.95
266465,2077,30960,151,99988,35.00,-7.24,-5.00
266487,2057,30960,139,99988,35.00,-7.23,-4.97
266509,1980,30960,140,99988,35.00,-7.19,-4.96
266531,1865,31472,137,99988,35.00,-7.21,-4.97
266553,1725,31472,147,99988,35.00,-7.22,-4.96
266575,1609,31472,154,99988,35.00,-7.27,-4.94
266597,1549,30960,171,99988,35.00,-7.24,-4.96
266619,1597,30960,171,99988,35.00,-7.23,-4.99
266641,1660,31472,171,99988,35.00,-7.23,-5.00
266683,1788,31472,158,99988,35.00,-7.23,-4.99
266705,1871,31472,148,99988,35.00,-7.19,-4.98
266727,1898,30960,143,99988,35.00,-7.22,-4.97
266749,1801,31472,135,99988,35.00,-7.26,-4.99
266771,1717,31472,135,99988,35.00,-7.21,-4.97
266793,1553,31472,134,99988,35.00,-7.22,-5.02
266815,1451,30960,147,99988,35.00,-7.24,-4.95
266837,1396,30960,159,99988,35.00,-7.27,-4.97
266859,1407,30960,164,99988,35.00,-7.21,-5.02
266881,1531,30960,163,99988,35.00,-7.21,-4.97
266903,1715,30960,155,99988,35.00,-7.21,-4.97
266944,1835,30960,147,99988,35.00,-7.23,-4.95
266966,1659,30960,116,99988,35.00,-7.24,-4.95
266988,1637,31472,120,99988,35.00,-7.21,-4.91
267422,1629,31472,115,99988,36.52,-7.25,-4.98
267451,1901,30064,158,99988,35.00,-7.24,-4.96
267473,1789,30576,126,99988,35.00,-7.24,-4.97
267495,1647,30576,137,99988,35.00,-7.24,-4.96
267517,1564,30576,151,99988,35.00,-7.24,-4.96
267539,1610,30960,156,99988,35.00,-7.20,-4.96
267561,1045,30960,153,99988,35.00,-7.24,-4.94
267583,1397,30960,151,99988,35.00,-7.19,-4.98
267625,2383,31472,159,99988,35.00,-7.20,-4.94
267647,2152,31472,135,99988,35.00,-7.23,-4.99
267669,1993,31472,127,99988,35.00,-7.22,-5.00
267691,1031,31472,108,99988,35.00,-7.22,-4.98
267713,1831,30960,121,99988,35.00,-7.23,-4.98
267735,1515,31472,139,99988,35.00,-7.23,-5.01
267757,1510,31472,149,99988,35.00,-7.28,-4.94
267779,1609,31472,157,99988,35.00,-7.18,-4.99
267801,1711,32240,173,99988,35.00,-7.24,-4.98
267823,1990,32240,175,99988,35.00,-7.24,-4.97
267845,2035,32240,157,99988,35.00,-7.26,-4.95
267886,2431,32240,160,99988,35.00,-7.23,-4.97
267908,2217,32240,147,99988,35.00,-7.23,-4.97
267930,2356,32240,155,99988,35.00,-7.18,-4.97
267952,2301,32240,149,99988,35.00,-7.24,-4.98
267974,2069,32240,157,99988,35.00,-7.22,-4.98
267996,1829,32240,155,99988,35.00,-7.24,-4.94
268444,1830,31472,179,99988,37.56,-7.23,-4.99
268473,2083,32240,175,99988,35.00,-7.22,-4.99
268495,1779,31472,152,99988,35.00,-7.23,-4.97
268517,1802,31472,157,99988,35.00,-7.24,-4.96
268539,1436,31472,171,99988,35.00,-7.21,-4.97
268561,1439,31472,174,99988,35.00,-7.20,-4.98
268583,1481,30960,177,99988,35.00,-7.22,-4.95
268605,1842,30960,169,99988,35.00,-7.24,-4.98
268627,1741,30576,160,99988,35.00,-7.24,-4.94
268668,1867,30576,147,99988,35.00,-7.22,-4.99
268690,1791,30576,147,99988,35.00,-7.22,-4.98
268712,1811,30576,136,99988,35.00,-7.23,-4.95
268734,1650,30576,136,99988,35.00,-7.23,-4.96
268756,1327,30960,135,99988,35.00,-7.27,-4.97
268778,1176,30960,142,99988,35.00,-7.22,-4.95
268800,1126,30960,145,99988,35.00,-7.19,-5.00
268822,1095,30960,147,99988,35.00,-7.24,-4.97
268844,1203,30960,147,99988,35.00,-7.26,-4.94
268866,1434,30960,146,99988,35.00,-7.24,-4.99
268908,1675,30960,138,99988,35.00,-7.20,-4.96
268930,1933,31472,137,99988,35.00,-7.24,-4.97
268952,1993,31472,137,99988,35.00,-7.24,-4.99
268974,1933,31472,137,99988,35.00,-7.21,-4.95
268996,1669,30960,139,99988,35.00,-7.21,-4.95
269720,1492,31472,151,99988,35.68,-7.20,-4.98
269750,1325,30576,147,99988,35.00,-7.25,-5.00
269772,1720,30960,109,99988,35.00,-7.21,-4.98
269794,1529,30960,101,99988,35.00,-7.25,-5.00
269816,1821,30960,117,99988,35.00,-7.22,-4.99
269838,1267,30960,115,99988,35.00,-7.25,-4.97
269860,1051,30960,125,99988,35.00,-7.24,-4.97
269882,1391,30576,140,99988,35.00,-7.22,-4.97
269904,1544,30576,153,99988,35.00,-7.22,-4.98
269926,1637,30576,147,99988,35.00,-7.20,-4.97
269948,1978,30576,143,99988,35.00,-7.22,-4.99
269970,2248,30576,133,99988,35.00,-7.24,-4.96
270742,2260,30576,133,99988,35.49,-7.24,-4.98
270773,1975,30960,175,99988,35.00,-7.23,-4.98
270795,2349,30960,147,99988,35.00,-7.22,-4.95
270817,1827,31472,143,99988,35.00,-7.23,-4.99
270839,1460,30960,141,99988,35.00,-7.24,-5.00
270861,1640,31472,164,99988,35.00,-7.24,-4.99
270883,1559,31472,171,99988,35.00,-7.23,-4.91
270905,1433,31472,171,99988,35.00,-7.25,-4.98
270927,1609,31472,165,99988,35.00,-7.22,-4.96
270949,1877,31472,167,99988,35.00,-7.24,-4.96
270971,1870,30960,143,99988,35.00,-7.24,-4.96
271514,1704,30960,135,99988,35.44,-7.20,-4.97
271555,1823,30064,109,99988,35.00,-7.20,-5.01
271577,1687,29296,115,99988,35.00,-7.22,-5.00
271599,1831,29296,133,99988,35.00,-7.24,-4.97
271621,1817,29296,141,99988,35.00,-7.22,-4.99
271643,1643,28784,159,99988,35.00,-7.21,-4.95
271665,1765,28784,169,99988,35.00,-7.24,-4.97
271687,2120,28592,169,99988,35.00,-7.26,-5.00
271709,1541,28592,147,99988,35.00,-7.23,-4.99
271731,2253,28784,155,99988,35.00,-7.24,-4.96
271753,2348,28784,141,99988,35.00,-7.22,-4.96
271795,2335,28784,139,99988,35.00,-7.25,-4.96
271817,2045,28592,134,99988,35.00,-7.24,-4.99
271839,1444,28592,136,99988,35.00,-7.25,-4.97
271861,1704,28592,142,99988,35.00,-7.25,-4.97
271883,1943,28080,169,99988,35.00,-7.22,-4.97
271905,1778,28080,170,99988,35.00,-7.22,-4.94
271927,1901,28080,175,99988,35.00,-7.22,-5.00
271949,2100,28080,165,99988,35.00,-7.23,-4.96
271971,2101,28080,159,99988,35.00,-7.22,-5.01
271993,2166,28080,137,99988,35.00,-7.19,-4.99
272530,2140,28080,139,99988,35.32,-7.22,-4.98
272560,1755,27312,133,99988,35.00,-7.25,-4.96
272582,1353,27312,139,99988,35.00,-7.21,-4.96
272604,1689,28080,163,99988,35.00,-7.25,-4.96
272626,1705,28080,173,99988,35.00,-7.24,-4.96
272648,1992,28080,175,99988,35.00,-7.21,-4.97
272670,1949,28080,169,99988,35.00,-7.23,-4.97
272692,2299,28080,159,99988,35.00,-7.23,-4.96
272714,2331,28080,148,99988,35.00,-7.21,-4.99
272736,2399,28592,143,99988,35.00,-7.24,-4.94
272778,1695,28592,133,99988,35.00,-7.22,-4.96
272800,1809,28592,141,99988,35.00,-7.21,-4.96
272822,2827,28592,171,99988,35.00,-7.24,-4.95
272844,1833,28592,172,99988,35.00,-7.25,-4.99
272866,1762,28592,169,99988,35.00,-7.25,-4.99
272888,2027,28592,183,99988,35.00,-7.23,-4.99
272910,2084,28592,179,99988,35.00,-7.22,-4.94
272932,2079,28592,155,99988,35.00,-7.23,-4.95
272954,2207,28784,149,99988,35.00,-7.22,-4.99
272976,2123,28784,141,99988,35.00,-7.23,-5.01
273551,2054,28784,143,99988,35.54,-7.27,-4.94
273581,1904,28592,165,99988,35.00,-7.23,-4.95
273603,1657,28784,153,99988,35.00,-7.20,-4.96
273625,1748,28784,179,99988,35.00,-7.20,-4.98
273647,1736,28784,181,99988,35.00,-7.24,-4.96
273669,1845,28784,187,99988,35.00,-7.20,-4.95
273691,1992,28784,183,99988,35.00,-7.23,-4.95
273713,2215,28784,171,99988,35.00,-7.23,-5.02
273735,1129,28784,124,99988,35.00,-7.27,-4.96
273757,3739,29296,191,99988,35.00,-7.25,-4.96
273779,2058,29296,147,99988,35.00,-7.25,-4.99
273820,2172,29296,163,99988,35.00,-7.22,-5.00
273842,1831,29296,155,99988,35.00,-7.19,-4.98
273864,1661,29296,166,99988,35.00,-7.23,-4.98
273886,1561,29296,169,99988,35.00,-7.24,-4.96
273908,1465,28784,169,99988,35.00,-7.24,-4.96
273930,1541,29296,163,99988,35.00,-7.21,-4.98
273952,1689,29296,155,99988,35.00,-7.22,-4.96
273974,1624,29296,149,99988,35.00,-7.21,-4.96
273996,1797,29296,136,99988,35.00,-7.24,-4.97
274573,1740,29296,133,99988,35.98,-7.21,-4.98
274604,2105,28784,149,99988,35.00,-7.21,-4.99
274626,1587,29296,153,99988,35.00,-7.21,-4.95
274648,1613,29296,153,99988,35.00,-7.19,-4.96
274670,1589,29296,155,99988,35.00,-7.25,-4.94
274692,1529,29296,146,99988,35.00,-7.22,-4.97
274714,1710,29296,143,99988,35.00,-7.22,-4.99
274736,1778,29296,125,99988,35.00,-7.22,-4.98
274758,1867,29296,123,99988,35.00,-7.27,-4.96
274780,1749,29296,119,99988,35.00,-7.22,-4.98
274823,1769,29296,125,99988,35.00,-7.22,-5.01
274845,1493,29296,135,99988,35.00,-7.24,-4.96
274867,1401,29296,152,99988,35.00,-7.22,-4.95
274889,1562,29296,159,99988,35.00,-7.25,-4.98
274911,1621,29296,152,99988,35.00,-7.19,-4.99
274933,1726,29296,153,99988,35.00,-7.27,-4.98
274955,1845,29296,138,99988,35.00,-7.22,-4.95
274977,1893,29296,119,99988,35.00,-7.23,-4.97
274999,2075,29296,120,99988,35.00,-7.22,-4.99
275021,1996,29296,115,99988,35.00,-7.25,-4.97
275063,1678,29296,119,99988,35.00,-7.24,-4.98
275085,1555,29296,120,99988,35.00,-7.24,-4.95
275107,1336,29296,138,99988,35.00,-7.21,-4.96
275129,1368,29296,140,99988,35.00,-7.23,-4.97
275151,1481,29296,151,99988,35.00,-7.21,-4.95
275173,1623,29296,147,99988,35.00,-7.20,-4.98
275195,1811,29296,137,99988,35.00,-7.24,-4.98
275217,1668,29296,109,99988,35.00,-7.23,-4.98
275239,1591,29296,109,99988,35.00,-7.23,-5.02
275261,1613,29296,100,99988,35.00,-7.24,-4.96
275283,1547,28784,107,99988,35.00,-7.24,-4.96
275324,1459,28784,117,99988,35.00,-7.28,-4.98
275346,1621,28784,127,99988,35.00,-7.24,-5.00
275368,1529,28784,146,99988,35.00,-7.23,-4.97
275390,1785,28784,158,99988,35.00,-7.24,-4.97
275412,1981,28784,165,99988,35.00,-7.24,-5.03
275434,2123,29296,151,99988,35.00,-7.20,-4.98
275456,2221,29296,148,99988,35.00,-7.24,-4.97
275478,2183,29296,135,99988,35.00,-7.23,-4.96
275500,2957,29296,153,99988,35.00,-7.21,-4.97
275522,2205,29296,123,99988,35.00,-7.25,-4.92
275564,2092,29296,157,99988,35.00,-7.24,-4.98
275586,2003,29296,152,99988,35.00,-7.24,-4.96
275608,1952,30064,155,99988,35.00,-7.24,-4.96
275630,1993,30064,175,99988,35.00,-7.25,-4.95
275652,2127,29296,163,99988,35.00,-7.24,-4.95
275674,2186,30064,175,99988,35.00,-7.24,-4.98
275696,2293,30064,159,99988,35.00,-7.21,-4.97
275718,2389,30064,153,99988,35.00,-7.22,-5.01
275740,2387,30064,146,99988,35.00,-7.28,-4.96
275762,2301,29296,139,99988,35.00,-7.24,-4.97
275784,2085,29296,145,99988,35.00,-7.23,-4.98
275825,1961,30064,156,99988,35.00,-7.22,-4.94
275847,1739,29296,156,99988,35.00,-7.23,-4.97
275869,1674,29296,172,99988,35.00,-7.24,-4.98
275891,1627,29296,172,99988,35.00,-7.24,-4.99
275913,1741,29296,175,99988,35.00,-7.24,-4.97
275935,1824,30064,165,99988,35.00,-7.24,-4.96
275957,1847,30064,157,99988,35.00,-7.20,-4.94
275979,1753,30064,136,99988,35.00,-7.24,-5.00
276360,1767,30064,135,99988,36.84,-7.21,-4.98
276388,1075,30064,101,99988,35.00,-7.24,-4.95
276410,841,30064,133,99988,35.00,-7.25,-4.94
276432,1131,29296,141,99988,35.00,-7.22,-4.97
276454,1310,29296,141,99988,35.00,-7.19,-4.98
276476,1497,29296,135,99988,35.00,-7.21,-4.98
276498,1898,30064,125,99988,35.00,-7.23,-4.98
276520,1799,30064,107,99988,35.00,-7.24,-4.96
276542,1721,30064,107,99988,35.00,-7.24,-4.93
276564,1489,30064,107,99988,35.00,-7.23,-4.95
276586,1519,30064,117,99988,35.00,-7.23,-4.97
276627,1661,30064,141,99988,35.00,-7.22,-5.00
276649,1407,30064,139,99988,35.00,-7.26,-4.97
276671,1566,30064,153,99988,35.00,-7.23,-4.98
276693,1173,30064,140,99988,35.00,-7.24,-4.97
276715,857,29296,123,99988,35.00,-7.24,-4.93
276737,1355,29296,117,99988,35.00,-7.21,-5.01
276759,1614,28784,105,99988,35.00,-7.22,-4.96
276781,1619,28784,99,99988,35.00,-7.19,-4.97
276803,1671,28784,100,99988,35.00,-7.23,-4.93
276825,1719,28784,107,99988,35.00,-7.23,-5.01
276867,1489,28784,118,99988,35.00,-7.23,-4.97
276889,1971,28784,151,99988,35.00,-7.23,-4.98
276911,1605,28784,155,99988,35.00,-7.21,-4.96
276933,1785,28784,166,99988,35.00,-7.23,-5.00
276955,2300,28784,173,99988,35.00,-7.26,-4.92
276977,2393,29296,168,99988,35.00,-7.24,-4.95
276999,2292,29296,125,99988,35.00,-7.23,-4.94
277021,1976,29296,114,99988,35.00,-7.22,-4.95
277043,2313,29296,149,99988,35.00,-7.22,-4.97
277065,1884,29296,106,99988,35.00,-7.25,-5.00
277087,1610,29296,137,99988,35.00,-7.24,-4.97
277128,1703,29296,127,99988,35.00,-7.24,-5.00
277150,1705,28784,151,99988,35.00,-7.25,-4.96
277172,1545,28784,149,99988,35.00,-7.21,-5.02
277194,1779,28592,163,99988,35.00,-7.22,-4.99
277216,2009,28592,155,99988,35.00,-7.22,-4.98
277238,2333,28592,155,99988,35.00,-7.26,-4.97
277260,2452,28592,140,99988,35.00,-7.21,-4.97
277282,1864,28592,143,99988,35.00,-7.22,-4.95
277304,2293,28784,126,99988,35.00,-7.22,-5.02
277326,2356,28784,141,99988,35.00,-7.22,-5.01
277369,2059,28784,145,99988,35.00,-7.23,-4.98
277391,2227,28784,181,99988,35.00,-7.21,-4.96
277413,1846,28784,183,99988,35.00,-7.21,-4.97
277435,3099,28784,204,99988,35.00,-7.26,-4.98
277457,2427,28784,187,99988,35.00,-7.22,-4.97
277479,2633,28784,176,99988,35.00,-7.27,-4.96
277501,2524,29296,156,99988,35.00,-7.24,-5.03
277523,2485,29296,159,99988,35.00,-7.24,-4.98
277545,2431,29296,165,99988,35.00,-7.24,-4.97
277567,2283,29296,175,99988,35.00,-7.20,-4.95
277609,3167,29296,213,99988,35.00,-7.20,-4.96
277631,2467,29296,221,99988,35.00,-7.21,-4.96
277653,2297,29296,231,99988,35.00,-7.22,-4.97
277675,2223,29296,223,99988,35.00,-7.22,-4.97
277697,2232,29296,206,99988,35.00,-7.24,-4.96
277719,2221,30064,189,99988,35.00,-7.24,-4.98
277741,2013,30064,159,99988,35.00,-7.23,-5.00
277763,1847,30064,153,99988,35.00,-7.24,-4.98
277785,1686,30064,137,99988,35.00,-7.22,-4.98
277807,1499,30064,141,99988,35.00,-7.27,-4.99
277829,1231,30064,149,99988,35.00,-7.24,-4.96
277870,1079,30064,163,99988,35.00,-7.24,-4.96
277892,845,30064,153,99988,35.00,-7.23,-4.95
277914,717,29296,153,99988,35.00,-7.26,-4.97
277936,730,29296,142,99988,35.00,-7.23,-5.00
277958,789,29296,133,99988,35.00,-7.26,-4.94
277980,751,29296,114,99988,35.00,-7.19,-5.00
278402,879,29296,104,99988,36.04,-7.19,-4.94
278431,2747,30064,152,99988,35.00,-7.23,-4.97
278453,2443,30064,183,99988,35.00,-7.23,-5.00
278475,2617,30064,199,99988,35.00,-7.18,-4.98
278497,2812,30064,202,99988,35.00,-7.22,-4.96
278519,2793,30064,187,99988,35.00,-7.24,-4.96
278541,2904,30064,178,99988,35.00,-7.23,-5.00
278563,2927,30064,169,99988,35.00,-7.22,-4.97
278585,2612,30064,151,99988,35.00,-7.21,-4.96
278607,2615,30064,153,99988,35.00,-7.24,-4.96
278629,2190,30064,147,99988,35.00,-7.20,-4.95
278651,1851,30064,151,99988,35.00,-7.24,-4.97
278692,1703,29296,158,99988,35.00,-7.20,-4.94
278714,1316,29296,159,99988,35.00,-7.23,-4.95
278736,1322,29296,158,99988,35.00,-7.25,-4.97
278758,1173,29296,157,99988,35.00,-7.24,-4.98
278780,1295,30064,147,99988,35.00,-7.25,-5.00
278802,1366,30064,125,99988,35.00,-7.23,-4.93
278824,1547,30064,116,99988,35.00,-7.21,-4.96
278846,1389,30576,107,99988,35.00,-7.25,-4.96
278868,1193,30576,109,99988,35.00,-7.23,-4.99
278890,1005,30064,120,99988,35.00,-7.21,-4.99
278932,959,30576,128,99988,35.00,-7.25,-4.95
278954,1252,30576,138,99988,35.00,-7.23,-4.94
278976,1325,30576,153,99988,35.00,-7.20,-5.01
278998,1497,30576,157,99988,35.00,-7.17,-4.95
279020,1496,30064,147,99988,35.00,-7.21,-4.96
279042,2103,30576,145,99988,35.00,-7.17,-4.97
279064,2386,30576,135,99988,35.00,-7.20,-4.94
279086,2553,30576,136,99988,35.00,-7.20,-4.97
279108,2339,30576,137,99988,35.00,-7.25,-4.95
279130,2222,30576,148,99988,35.00,-7.24,-4.98
279152,2255,30576,159,99988,35.00,-7.22,-4.95
279193,2274,30576,185,99988,35.00,-7.21,-5.00
279215,2379,30576,187,99988,35.00,-7.24,-4.98
279237,2489,30576,201,99988,35.00,-7.22,-5.00
279259,2663,30576,197,99988,35.00,-7.23,-4.95
279281,2760,30576,191,99988,35.00,-7.21,-4.95
279303,2814,30960,179,99988,35.00,-7.20,-4.99
279325,2835,30960,174,99988,35.00,-7.24,-4.95
279347,2699,30960,171,99988,35.00,-7.22,-4.92
279369,2521,30960,173,99988,35.00,-7.23,-4.98
279391,2439,30576,182,99988,35.00,-7.23,-4.97
279434,2136,30576,201,99988,35.00,-7.24,-4.98
279456,2067,30576,205,99988,35.00,-7.21,-4.96
279478,2239,30576,218,99988,35.00,-7.23,-4.97
279500,2367,30576,205,99988,35.00,-7.24,-4.96
279522,2257,30576,201,99988,35.00,-7.23,-4.97
279544,2265,30576,175,99988,35.00,-7.23,-4.94
279566,2157,30576,172,99988,35.00,-7.25,-4.99
279588,1894,30960,157,99988,35.00,-7.24,-4.98
279610,1597,30960,165,99988,35.00,-7.24,-4.97
279632,1293,30960,158,99988,35.00,-7.22,-4.94
279674,1110,30960,179,99988,35.00,-7.24,-4.99
279696,1019,30576,178,99988,35.00,-7.23,-4.98
279718,1173,30960,180,99988,35.00,-7.23,-4.97
279740,925,30960,168,99988,35.00,-7.23,-5.00
279762,1012,30960,148,99988,35.00,-7.21,-4.94
279784,1145,30960,134,99988,35.00,-7.20,-5.00
279806,891,30960,117,99988,35.00,-7.19,-4.99
279828,817,30960,105,99988,35.00,-7.24,-4.94
279850,621,30960,109,99988,35.00,-7.24,-4.99
279872,360,30576,109,99988,35.00,-7.20,-4.97
279894,339,30960,121,99988,35.00,-7.25,-4.96
279935,349,30960,133,99988,35.00,-7.22,-4.96
279957,406,30960,123,99988,35.00,-7.22,-4.99
279979,697,30960,137,99988,35.00,-7.20,-4.96
280700,858,30960,117,99988,36.14,-7.21,-4.94
280737,1683,29296,174,99988,35.00,-7.25,-4.99
280759,1200,29296,180,99988,35.00,-7.22,-4.96
280781,1177,30064,165,99988,35.00,-7.24,-4.97
280803,1054,30064,153,99988,35.00,-7.23,-5.01
280825,1085,30064,141,99988,35.00,-7.22,-5.00
280847,1245,30064,125,99988,35.00,-7.19,-4.95
280869,1239,30064,121,99988,35.00,-7.21,-4.97
280891,1467,30064,140,99988,35.00,-7.21,-4.96
280913,2217,30064,175,99988,35.00,-7.25,-5.01
280935,3513,30064,229,99988,35.00,-7.23,-4.98
280977,874,30064,184,99988,35.00,-7.25,-4.97
280999,851,30064,171,99988,35.00,-7.20,-4.97
281021,989,30576,169,99988,35.00,-7.24,-4.93
281043,1460,30576,157,99988,35.00,-7.18,-5.02
281065,1397,30576,152,99988,35.00,-7.19,-4.99
281087,1225,30576,133,99988,35.00,-7.22,-4.94
281109,1381,30576,121,99988,35.00,-7.32,-5.02
281131,1614,30576,127,99988,35.00,-7.32,-5.04
281153,1577,30576,147,99988,35.00,-7.20,-5.02
281175,1163,30576,147,99988,35.00,-7.19,-4.97
281197,1207,30960,164,99988,35.00,-7.24,-5.00
281238,1545,30960,174,99988,35.00,-7.20,-4.99
281260,1643,30960,185,99988,35.00,-7.24,-4.97
281282,1928,30960,184,99988,35.00,-7.24,-4.99
281304,2053,30960,181,99988,35.00,-7.19,-4.98
281326,2057,30960,159,99988,35.00,-7.23,-5.00
281348,2107,30960,153,99988,35.00,-7.25,-4.92
281370,2075,30960,149,99988,35.00,-7.24,-4.94
281392,1879,30960,148,99988,35.00,-7.19,-4.99
281414,1737,30960,153,99988,35.00,-7.20,-4.99
281436,1553,30960,157,99988,35.00,-7.25,-4.98
281478,1467,30960,170,99988,35.00,-7.22,-4.99
281500,1495,30960,170,99988,35.00,-7.20,-5.04
281522,1486,30960,170,99988,35.00,-7.24,-4.94
281544,1545,30960,165,99988,35.00,-7.23,-4.98
281566,1609,30960,147,99988,35.00,-7.23,-4.94
281588,1621,30960,140,99988,35.00,-7.21,-5.01
281610,1595,30960,125,99988,35.00,-7.24,-4.98
281632,1493,30960,123,99988,35.00,-7.21,-4.95
281654,1321,30960,133,99988,35.00,-7.22,-4.96
281676,1235,30960,139,99988,35.00,-7.25,-4.96
281698,1228,30960,155,99988,35.00,-7.20,-4.93
281739,1371,30960,163,99988,35.00,-7.19,-4.92
281761,1311,30960,159,99988,35.00,-7.22,-4.97
281783,1427,30960,152,99988,35.00,-7.20,-4.95
281805,1592,30960,140,99988,35.00,-7.16,-4.93
281827,1896,30960,142,99988,35.00,-7.17,-4.94
281849,1821,30960,125,99988,35.00,-7.14,-4.93
281871,1703,31472,121,99988,35.00,-7.25,-4.98
281893,1769,30960,123,99988,35.00,-7.25,-5.00
281915,1677,30960,146,99988,35.00,-7.21,-5.00
281937,1615,30960,146,99988,35.00,-7.20,-4.98
281980,1553,30960,158,99988,35.00,-7.25,-4.95
282742,1675,30960,165,99988,35.31,-7.34,-5.07
282782,1751,30960,163,99988,35.00,-7.24,-4.95
282804,887,30576,131,99988,35.00,-7.22,-4.96
282826,1971,30576,149,99988,35.00,-7.23,-4.97
282848,2377,30576,141,99988,35.00,-7.23,-4.93
282870,2555,30064,140,99988,35.00,-7.19,-4.96
282892,2281,30064,135,99988,35.00,-7.24,-4.95
282914,2522,30576,153,99988,35.00,-7.22,-5.01
282936,2363,30576,157,99988,35.00,-7.22,-4.97
282958,2099,30576,169,99988,35.00,-7.21,-5.02
282980,1679,30576,175,99988,35.00,-7.23,-4.99
283022,1407,30576,175,99988,35.00,-7.26,-5.01
283044,1816,30960,175,99988,35.00,-7.25,-4.95
283066,1939,30960,165,99988,35.00,-7.25,-4.95
283088,2319,30960,165,99988,35.00,-7.22,-4.98
283110,2167,30960,147,99988,35.00,-7.23,-5.01
283132,2085,30960,149,99988,35.00,-7.24,-5.01
283154,1897,30576,139,99988,35.00,-7.24,-4.92
283176,1811,30576,141,99988,35.00,-7.19,-4.97
283198,1613,30576,154,99988,35.00,-7.20,-5.01
283220,1595,30576,167,99988,35.00,-7.19,-5.00
283263,1614,30576,173,99988,35.00,-7.21,-4.97
283285,1699,30576,179,99988,35.00,-7.24,-5.00
283307,1836,30960,159,99988,35.00,-7.22,-5.01
283329,1963,30960,149,99988,35.00,-7.22,-5.00
283351,1842,30960,137,99988,35.00,-7.25,-4.95
283373,1893,30960,127,99988,35.00,-7.23,-4.98
283395,1887,30960,133,99988,35.00,-7.22,-4.94
283417,1726,30960,144,99988,35.00,-7.19,-4.93
283439,1659,30960,154,99988,35.00,-7.25,-5.02
283461,1611,30960,159,99988,35.00,-7.24,-4.99
283503,1661,30960,170,99988,35.00,-7.23,-4.98
283525,1759,30960,169,99988,35.00,-7.23,-4.97
283547,1823,30960,158,99988,35.00,-7.24,-4.96
283569,1893,30960,155,99988,35.00,-7.22,-4.98
283591,1982,30960,140,99988,35.00,-7.27,-4.99
283613,2002,31472,134,99988,35.00,-7.18,-4.97
283635,1896,30960,131,99988,35.00,-7.26,-5.00
283657,1753,30960,141,99988,35.00,-7.25,-4.98
283679,1615,30960,142,99988,35.00,-7.21,-5.00
283701,1609,30960,169,99988,35.00,-7.24,-5.01
283723,1561,30960,170,99988,35.00,-7.25,-4.93
283764,1607,30960,175,99988,35.00,-7.24,-4.99
283786,1597,30960,168,99988,35.00,-7.22,-4.96
283808,1711,30960,158,99988,35.00,-7.25,-4.96
283830,1789,30960,157,99988,35.00,-7.24,-4.96
283852,1803,30960,141,99988,35.00,-7.23,-4.97
283874,1855,30960,135,99988,35.00,-7.24,-5.00
283896,1772,30576,135,99988,35.00,-7.23,-5.00
283918,1641,30576,148,99988,35.00,-7.23,-4.93
283940,1640,30576,159,99988,35.00,-7.22,-5.00
283962,1577,30576,167,99988,35.00,-7.23,-4.98
284529,1554,30576,170,99988,35.41,-7.23,-4.98
284566,2446,30960,171,99988,35.00,-7.21,-4.99
284588,2082,30576,179,99988,35.00,-7.24,-4.97
284610,2251,30576,175,99988,35.00,-7.26,-4.98
284632,2163,30576,149,99988,35.00,-7.23,-4.99
284654,2268,30576,160,99988,35.00,-7.22,-4.98
284676,2397,30576,157,99988,35.00,-7.23,-4.96
284698,1812,30576,142,99988,35.00,-7.19,-5.00
284720,1337,30576,147,99988,35.00,-7.25,-4.97
284742,959,30576,145,99988,35.00,-7.23,-4.98
284764,1111,30064,155,99988,35.00,-7.24,-5.02
284806,2053,30064,173,99988,35.00,-7.23,-5.01
284828,2315,30576,174,99988,35.00,-7.23,-4.96
284850,532,30576,119,99988,35.00,-7.23,-4.94
284872,1903,30576,151,99988,35.00,-7.22,-4.96
284894,1341,30064,121,99988,35.00,-7.23,-4.99
284916,1687,30064,157,99988,35.00,-7.22,-4.97
284938,2509,30064,199,99988,35.00,-7.25,-4.96
284960,2259,30064,186,99988,35.00,-7.21,-4.96
284982,1258,30064,163,99988,35.00,-7.24,-4.96
285550,2207,30064,187,99988,36.22,-7.22,-4.97
285588,0,30064,35,99988,35.00,-7.24,-4.96
285610,0,30064,45,99988,35.00,-7.21,-4.96
285632,0,30064,52,99988,35.00,-7.24,-4.98
285654,0,30064,68,99988,35.00,-7.23,-4.92
285676,1117,30064,103,99988,35.00,-7.24,-4.96
285698,1859,30576,101,99988,35.00,-7.25,-4.97
285720,2139,30576,115,99988,35.00,-7.22,-4.96
285742,2173,30576,117,99988,35.00,-7.23,-4.96
285764,2267,30576,120,99988,35.00,-7.21,-4.95
285786,1495,30064,111,99988,35.00,-7.21,-4.94
285808,1379,30576,89,99988,35.00,-7.22,-4.97
285849,1673,30576,89,99988,35.00,-7.23,-4.97
285871,1045,30576,41,99988,35.00,-7.20,-4.94
285893,1101,30960,41,99988,35.00,-7.24,-4.95
285915,1343,30960,31,99988,35.00,-7.25,-4.98
285937,1211,30960,41,99988,35.00,-7.28,-4.96
285959,1327,30960,45,99988,35.00,-7.23,-4.96
285981,1641,30960,69,99988,35.00,-7.21,-4.98
286572,1903,30960,88,99988,35.75,-7.28,-4.95
286611,2003,30960,121,99988,35.00,-7.22,-4.97
286633,1575,30960,181,99988,35.00,-7.25,-4.98
286655,1951,30960,127,99988,35.00,-7.25,-4.92
286677,1613,30960,121,99988,35.00,-7.23,-4.99
286699,1957,30960,143,99988,35.00,-7.23,-4.93
286721,1807,30960,125,99988,35.00,-7.24,-4.96
286743,1765,30960,149,99988,35.00,-7.23,-4.96
286765,1559,30960,142,99988,35.00,-7.19,-4.97
286787,1128,30960,143,99988,35.00,-7.21,-4.99
286809,931,30960,153,99988,35.00,-7.25,-4.93
286851,1167,30960,153,99988,35.00,-7.24,-4.98
286873,1553,30960,151,99988,35.00,-7.26,-4.97
286895,1716,30960,142,99988,35.00,-7.24,-5.01
286917,286,30960,108,99930,35.00,-7.19,-5.00
286939,1785,30960,133,99828,35.00,-7.24,-4.94
286961,1624,30960,123,99746,35.00,-7.27,-4.95
286983,1560,30960,136,99714,35.00,-7.23,-4.97
287345,553,30960,123,99717,36.25,-7.24,-4.96
287373,1591,30576,158,99717,35.00,-7.23,-4.96
287395,1707,30576,141,99717,35.00,-7.24,-4.98
287417,1831,30960,136,99717,35.00,-7.23,-4.96
287439,1809,30960,123,99717,35.00,-7.25,-4.95
287461,1715,30960,117,99717,35.00,-7.25,-4.94
287483,1677,30960,121,99717,35.00,-7.19,-4.97
287505,1711,30960,143,99717,35.00,-7.23,-4.99
287527,1587,30960,147,99717,35.00,-7.21,-5.01
287549,1485,30960,165,99717,35.00,-7.25,-4.98
287571,1496,30960,159,99717,35.00,-7.26,-4.97
287613,1716,30960,165,99717,35.00,-7.26,-5.01
287635,1765,30960,151,99943,35.00,-7.24,-4.98
287657,1845,31472,139,99868,35.00,-7.22,-4.97
287679,3801,31472,172,99824,35.00,-7.22,-4.98
287701,3767,31472,153,99808,35.00,-7.17,-4.98
287723,2122,31472,135,99845,35.00,-7.23,-4.96
287745,3341,31472,171,99972,35.00,-7.22,-4.94
287767,1447,31472,123,99972,35.00,-7.23,-4.98
287789,1133,31472,155,99972,35.00,-7.26,-4.95
287811,1447,30960,160,99972,35.00,-7.23,-4.95
287854,1683,30960,155,99972,35.00,-7.22,-4.96
287876,1707,30576,141,99972,35.00,-7.21,-5.00
287898,1633,30576,135,99972,35.00,-7.24,-4.99
287920,1405,30576,122,99972,35.00,-7.24,-4.98
287942,1640,30576,119,99972,35.00,-7.28,-4.97
287964,1385,30064,115,99972,35.00,-7.24,-4.99
287986,1194,30064,137,99972,35.00,-7.20,-4.97
288359,893,30064,143,99972,35.05,-7.22,-4.97
288395,1903,30064,136,99963,35.00,-7.24,-4.95
288417,1847,30064,153,99954,35.00,-7.22,-4.96
288439,1823,30064,135,99996,35.00,-7.22,-4.99
288461,1894,30576,134,99996,35.00,-7.23,-4.96
288483,2055,30064,135,99996,35.00,-7.20,-4.98
288505,1823,30064,127,99996,35.00,-7.22,-4.98
288527,1526,30064,145,99996,35.00,-7.19,-4.95
288549,1620,30576,155,99996,35.00,-7.22,-4.98
288571,1554,30576,159,99996,35.00,-7.21,-4.99
288593,1379,30064,158,99996,35.00,-7.24,-4.96
288636,1299,30576,149,99996,35.00,-7.24,-4.99
288658,1389,30576,125,99996,35.00,-7.24,-4.98
288680,1295,30576,109,99996,35.00,-7.23,-4.95
288702,1365,30576,107,99996,35.00,-7.23,-4.93
288724,939,30576,99,99996,35.00,-7.25,-4.95
288746,0,30576,67,99996,35.00,-7.23,-4.98
288768,0,30064,63,99996,35.00,-7.24,-4.98
288790,119,30064,93,99996,35.00,-7.21,-4.98
288812,1607,29296,111,99996,35.00,-7.24,-4.96
288834,1915,28784,123,99996,35.00,-7.23,-4.93
288876,2246,28784,135,99996,35.00,-7.24,-4.98
288898,2815,28784,148,99996,35.00,-7.20,-4.97
288920,2827,28784,139,99996,35.00,-7.27,-5.02
288942,2869,28592,134,99996,35.00,-7.23,-4.93
288964,3065,28592,139,99996,35.00,-7.24,-4.95
288986,3068,28592,147,99996,35.00,-7.18,-5.00
289380,2577,28592,149,99996,35.78,-7.22,-4.98
289418,3273,29296,145,99996,35.00,-7.20,-4.98
289440,3771,29296,175,99996,35.00,-7.22,-4.96
289462,2343,29296,138,99996,35.00,-7.20,-4.94
289484,3023,30064,155,99996,35.00,-7.20,-4.96
289506,2183,29296,123,99996,35.00,-7.26,-4.98
289528,955,29296,117,99996,35.00,-7.22,-4.96
289550,635,29296,119,99996,35.00,-7.22,-4.96
289572,1529,29296,147,99996,35.00,-7.24,-4.93
289594,1055,30064,125,99996,35.00,-7.21,-4.98
289616,0,30064,107,99996,35.00,-7.25,-4.98
289658,619,30064,117,99996,35.00,-7.24,-4.96
289680,1875,30064,120,99996,35.00,-7.26,-4.99
289702,1544,30064,91,99996,35.00,-7.20,-4.94
289724,1749,29296,104,99996,35.00,-7.25,-4.94
289746,2253,29296,115,99996,35.00,-7.20,-5.02
289768,2367,28784,135,99996,35.00,-7.20,-4.96
289790,2109,28784,131,99996,35.00,-7.24,-4.95
289812,1848,28592,149,99996,35.00,-7.22,-4.94
289834,2555,28080,175,99996,35.00,-7.25,-4.96
289856,3805,26800,189,99981,35.00,-7.19,-4.99
289899,3807,26800,179,99981,35.00,-7.25,-4.97
289921,3787,26416,169,99981,35.00,-7.22,-4.95
289943,0,26416,103,99981,35.00,-7.20,-4.96
289965,0,26416,107,99981,35.00,-7.19,-5.02
289987,0,26416,110,99981,35.00,-7.23,-5.00
290402,0,26416,102,99981,36.65,-7.22,-4.98
290440,0,26800,95,99981,35.00,-7.24,-4.96
290462,0,26800,101,99981,35.00,-7.20,-4.98
290484,109,26800,99,99981,35.00,-7.24,-4.99
290506,0,26800,93,99981,35.00,-7.24,-4.94
290528,0,26800,69,99981,35.00,-7.23,-5.00
290550,0,26800,110,99931,35.00,-7.25,-4.96
290572,0,27312,125,99840,35.00,-7.22,-4.94
290594,0,27312,138,99783,35.00,-7.20,-4.98
290616,0,26800,149,99780,35.00,-7.24,-4.96
290638,0,26800,147,99840,35.00,-7.21,-4.93
290681,3283,27312,219,99840,35.00,-7.25,-4.95
290703,0,27312,105,99840,35.00,-7.23,-4.96
290725,0,27312,119,99840,35.00,-7.20,-4.96
290747,3811,27312,160,99840,35.00,-7.22,-4.98
290769,3797,27312,169,99840,35.00,-7.20,-4.98
290791,3805,27312,181,99840,35.00,-7.22,-4.98
290813,0,27312,149,99840,35.00,-7.25,-4.99
290835,1843,27312,199,99840,35.00,-7.23,-4.96
290857,2453,27312,189,99840,35.00,-7.24,-4.96
290879,1092,27312,157,99840,35.00,-7.20,-4.95
290921,2507,28080,189,99840,35.00,-7.22,-4.96
290943,1459,27312,141,99840,35.00,-7.22,-4.98
290965,1403,27312,137,99840,35.00,-7.25,-4.94
290987,329,27312,116,99840,35.00,-7.22,-4.99
291422,0,27312,117,99840,35.80,-7.21,-4.96
291462,1228,27312,110,99840,35.00,-7.23,-4.95
291484,1877,27312,121,99840,35.00,-7.22,-4.98
291506,1977,27312,133,99840,35.00,-7.22,-4.97
291528,2569,26800,136,99840,35.00,-7.25,-5.00
291550,2020,26800,133,99840,35.00,-7.20,-4.96
291572,1785,26800,133,99840,35.00,-7.21,-4.97
291594,1787,26800,155,99840,35.00,-7.24,-4.97
291616,1386,26800,151,99840,35.00,-7.23,-4.96
291638,1565,26800,159,99840,35.00,-7.20,-4.95
291660,1611,26800,157,99840,35.00,-7.22,-4.97
291682,1479,26800,147,99840,35.00,-7.23,-4.98
291723,1557,26800,141,99840,35.00,-7.23,-4.98
291745,1895,26800,139,99840,35.00,-7.26,-4.97
291767,2403,26800,136,99840,35.00,-7.24,-4.98
291789,2262,27312,125,99840,35.00,-7.26,-4.97
291811,1885,27312,135,99840,35.00,-7.22,-4.98
291833,1707,27312,136,99840,35.00,-7.26,-4.96
291855,1449,26800,149,99840,35.00,-7.22,-4.96
291877,1401,26800,163,99840,35.00,-7.24,-4.98
291899,855,26800,156,99840,35.00,-7.24,-4.95
291921,793,26800,156,99840,35.00,-7.21,-4.98
291964,2635,26800,171,99937,35.00,-7.24,-4.98
291986,2156,26800,139,99834,35.00,-7.23,-4.97
292700,2297,26800,145,99749,35.75,-7.22,-4.98
292725,2065,26800,141,99873,35.00,-7.24,-4.97
292747,2075,26800,128,99787,35.00,-7.20,-4.98
292769,2547,26800,136,99732,35.00,-7.22,-4.95
292791,2394,26800,126,99733,35.00,-7.24,-4.95
292813,2515,26800,140,99815,35.00,-7.27,-4.97
292835,2479,26800,153,99934,35.00,-7.24,-4.96
292857,2296,26800,168,99934,35.00,-7.21,-4.97
292879,2133,26800,179,99934,35.00,-7.19,-5.00
292901,2323,26800,183,99934,35.00,-7.23,-4.99
292923,2504,26800,181,99934,35.00,-7.24,-4.97
292945,2702,26800,175,99934,35.00,-7.24,-5.00
292986,2885,26800,179,99934,35.00,-7.24,-4.96
293721,3157,26800,175,99934,35.51,-7.22,-5.01
293748,1323,26416,157,99934,35.00,-7.23,-4.98
293770,1724,26416,120,99934,35.00,-7.20,-4.99
293792,1737,26416,120,99934,35.00,-7.21,-4.97
293814,1523,26416,114,99934,35.00,-7.25,-5.00
293836,1189,26416,117,99934,35.00,-7.21,-4.96
293858,1015,26416,123,99934,35.00,-7.24,-4.96
293880,1041,26416,147,99934,35.00,-7.21,-4.97
293902,1161,26416,155,99934,35.00,-7.24,-4.96
293924,1449,26416,164,99934,35.00,-7.21,-4.98
293946,1597,26416,151,99934,35.00,-7.24,-4.97
293988,1939,26416,151,99934,35.00,-7.27,-4.96
294743,1951,26416,133,99934,35.82,-7.22,-4.99
294770,1839,26416,171,99934,35.00,-7.21,-4.96
294792,2421,26416,140,99934,35.00,-7.22,-4.95
294814,1307,26416,118,99934,35.00,-7.24,-4.97
294836,2164,26416,151,99934,35.00,-7.23,-4.98
294858,2135,26416,153,99934,35.00,-7.23,-4.99
294880,1683,26416,149,99934,35.00,-7.23,-4.99
294902,1628,26416,147,99934,35.00,-7.22,-4.96
294924,1407,26416,141,99934,35.00,-7.24,-4.97
294946,1199,26416,148,99934,35.00,-7.22,-4.99
294968,1331,26416,143,99934,35.00,-7.24,-4.95
294990,1752,26416,138,99934,35.00,-7.23,-4.96
295031,1695,26416,121,99934,35.00,-7.19,-4.98
295053,1577,26800,125,99934,35.00,-7.26,-4.97
295075,1489,26800,119,99934,35.00,-7.25,-4.95
295097,1603,26416,124,99934,35.00,-7.27,-4.98
295119,1422,26800,139,99934,35.00,-7.20,-4.97
295141,1147,26416,140,99934,35.00,-7.23,-4.99
295163,1141,26416,147,99934,35.00,-7.24,-4.96
295185,1635,26800,147,99934,35.00,-7.24,-4.95
295207,1363,26800,136,99934,35.00,-7.25,-4.95
295229,1419,26800,120,99934,35.00,-7.24,-5.01
295272,1641,26800,105,99934,35.00,-7.21,-5.00
295294,2283,26416,126,99934,35.00,-7.20,-4.99
295316,2055,26800,121,99934,35.00,-7.20,-4.96
295338,2373,26800,141,99934,35.00,-7.23,-4.93
295360,1688,26416,156,99934,35.00,-7.23,-4.98
295382,1933,26416,169,99934,35.00,-7.21,-4.94
295404,1947,26416,168,99934,35.00,-7.22,-4.95
295426,1891,26416,157,99934,35.00,-7.21,-4.99
295448,1812,26416,147,99934,35.00,-7.21,-4.95
295470,1805,26416,141,99934,35.00,-7.21,-4.96
295512,2031,26800,125,99934,35.00,-7.22,-4.98
295534,2207,26800,137,99934,35.00,-7.21,-4.96
295556,2341,26800,135,99934,35.00,-7.24,-5.01
295578,2040,26416,145,99934,35.00,-7.21,-4.97
295600,1806,26416,165,99934,35.00,-7.23,-4.97
295622,1785,26416,179,99934,35.00,-7.22,-4.96
295644,1879,26416,173,99934,35.00,-7.26,-4.99
295666,1715,26416,171,99934,35.00,-7.24,-4.93
295688,1829,26416,153,99934,35.00,-7.22,-4.97
295710,1701,26416,137,99934,35.00,-7.20,-4.98
295732,1717,26800,137,99934,35.00,-7.21,-4.94
295773,1781,26416,121,99934,35.00,-7.20,-4.95
295795,1933,26416,133,99934,35.00,-7.24,-4.96
295817,2152,26800,137,99934,35.00,-7.21,-4.98
295839,2044,26800,151,99934,35.00,-7.23,-4.96
295861,1911,26800,157,99934,35.00,-7.21,-4.96
295883,1783,26800,173,99934,35.00,-7.18,-4.95
295905,1497,26800,167,99934,35.00,-7.25,-4.98
295927,1421,26800,155,99934,35.00,-7.24,-4.98
295949,1243,26416,136,99934,35.00,-7.24,-4.96
295971,1547,26416,141,99934,35.00,-7.24,-4.94
296530,1739,26416,119,99934,35.74,-7.22,-4.98
296560,1983,25904,141,99934,35.00,-7.22,-4.97
296582,2247,26416,153,99934,35.00,-7.24,-4.99
296604,1573,26416,151,99934,35.00,-7.27,-4.97
296626,1519,26416,169,99934,35.00,-7.27,-4.95
296648,1935,26416,181,99934,35.00,-7.22,-5.00
296670,1850,26416,173,99934,35.00,-7.27,-5.01
296692,1848,26416,153,99934,35.00,-7.24,-5.02
296714,1655,26416,123,99934,35.00,-7.24,-4.97
296755,1573,26416,117,99934,35.00,-7.19,-4.97
296777,1850,26416,126,99934,35.00,-7.21,-4.98
296799,1931,26800,117,99934,35.00,-7.19,-5.00
296821,2078,26416,143,99934,35.00,-7.21,-4.96
296843,2197,26416,154,99934,35.00,-7.24,-4.96
296865,1385,26416,167,99934,35.00,-7.22,-5.00
296887,1715,26416,181,99934,35.00,-7.23,-4.98
296909,1711,26416,159,99934,35.00,-7.20,-4.97
296931,1525,26800,140,99934,35.00,-7.21,-4.94
296953,1485,26416,139,99934,35.00,-7.26,-4.95
296975,1433,26800,120,99934,35.00,-7.24,-4.92
297551,1685,26800,121,99934,36.04,-7.16,-4.94
297581,1951,26800,155,99934,35.00,-7.19,-4.99
297603,1896,26800,136,99934,35.00,-7.26,-4.95
297625,1036,26800,151,99934,35.00,-7.22,-4.97
297647,1609,26800,173,99934,35.00,-7.24,-4.97
297669,1768,26800,174,99934,35.00,-7.19,-4.99
297691,1817,26800,159,99934,35.00,-7.27,-4.96
297713,1452,26800,137,99934,35.00,-7.23,-4.97
297735,1957,26800,150,99934,35.00,-7.21,-4.97
297778,2039,26800,143,99934,35.00,-7.25,-4.94
297800,1901,26800,111,99934,35.00,-7.24,-4.97
297822,1751,26800,119,99934,35.00,-7.24,-4.96
297844,1772,26800,140,99934,35.00,-7.20,-4.98
297866,1556,26800,159,99934,35.00,-7.24,-4.99
297888,969,26800,168,99934,35.00,-7.26,-4.96
297910,1571,26800,184,99934,35.00,-7.24,-4.97
297932,1485,26800,166,99934,35.00,-7.26,-4.94
297954,1575,26800,148,99934,35.00,-7.24,-4.95
297976,1769,26800,147,99934,35.00,-7.26,-4.99
298572,2089,26800,137,99934,35.79,-7.24,-4.97
298602,1774,26800,232,99934,35.00,-7.25,-4.95
298624,2390,26800,199,99934,35.00,-7.21,-4.97
298646,2628,26800,190,99934,35.00,-7.28,-4.96
298668,1993,26800,173,99934,35.00,-7.22,-4.97
298690,1507,27312,159,99934,35.00,-7.21,-4.99
298712,1303,26800,158,99934,35.00,-7.25,-5.00
298734,1557,26800,167,99934,35.00,-7.21,-4.93
298756,1466,26800,163,99934,35.00,-7.24,-4.98
298778,1775,26800,157,99934,35.00,-7.19,-4.97
298820,1853,26800,149,99934,35.00,-7.21,-4.95
298842,2647,26800,136,99934,35.00,-7.25,-4.97
298864,1462,26800,115,99934,35.00,-7.26,-4.95
298886,876,26800,111,99934,35.00,-7.23,-4.96
298908,415,26800,115,99934,35.00,-7.22,-4.98
298930,559,26800,101,99934,35.00,-7.22,-4.96
298952,183,26800,94,99934,35.00,-7.19,-4.98
298974,141,26800,89,99934,35.00,-7.24,-4.95
298996,391,26800,93,99934,35.00,-7.24,-4.96
299594,741,26800,93,99934,35.76,-7.24,-4.92
299625,1555,26800,147,99934,35.00,-7.21,-4.96
299647,1547,26800,124,99934,35.00,-7.22,-4.92
299669,1459,27312,135,99934,35.00,-7.22,-4.98
299691,1413,26800,149,99934,35.00,-7.20,-4.96
299713,1603,27312,155,99934,35.00,-7.23,-4.94
299735,1966,27312,173,99934,35.00,-7.23,-4.96
299757,1525,27312,157,99934,35.00,-7.23,-4.96
299779,2133,26800,163,99934,35.00,-7.26,-5.00
299801,2233,27312,139,99934,35.00,-7.24,-4.97
299842,1589,27312,119,99934,35.00,-7.21,-4.96
299864,2013,27312,120,99934,35.00,-7.27,-4.97
299886,1853,27312,125,99934,35.00,-7.24,-4.91
299908,1587,27312,127,99934,35.00,-7.28,-5.02
299930,1553,26800,143,99934,35.00,-7.27,-4.95
299952,1561,26800,157,99934,35.00,-7.23,-4.94
299974,1644,26800,172,99934,35.00,-7.23,-4.98
299996,2219,27312,181,99934,35.00,-7.23,-4.93
300360,1913,26800,164,99934,35.78,-7.25,-4.97
300388,2825,26800,152,99934,35.00,-7.21,-4.96
300410,2193,27312,147,99934,35.00,-7.22,-4.98
300432,1161,27312,147,99934,35.00,-7.25,-4.98
300454,45,27312,137,99934,35.00,-7.23,-4.99
300476,73,27312,139,99934,35.00,-7.24,-4.97
300498,691,27312,140,99934,35.00,-7.25,-5.02
300520,1365,27312,143,99934,35.00,-7.24,-4.99
300542,2117,27312,151,99934,35.00,-7.23,-4.97
300584,2277,27312,147,99934,35.00,-7.23,-4.97
300606,3749,27312,167,99934,35.00,-7.21,-5.00
300628,3480,27312,167,99934,35.00,-7.22,-4.95
300650,2375,27312,165,99934,35.00,-7.20,-4.99
300672,1775,26800,159,99934,35.00,-7.23,-4.94
300694,469,27312,147,99934,35.00,-7.27,-5.00
300716,0,27312,149,99934,35.00,-7.24,-4.96
300738,200,27312,149,99934,35.00,-7.20,-4.99
300760,1197,27312,156,99934,35.00,-7.22,-5.00
300782,1981,26800,151,99934,35.00,-7.23,-4.99
300804,2683,27312,159,99934,35.00,-7.23,-4.99
300845,3031,27312,167,99934,35.00,-7.25,-4.96
300867,3772,27312,160,99934,35.00,-7.22,-4.99
300889,3205,27312,168,99934,35.00,-7.23,-4.99
300911,2271,27312,157,99934,35.00,-7.23,-4.95
300933,1198,27312,147,99934,35.00,-7.23,-4.94
300955,112,27312,137,99934,35.00,-7.21,-4.98
300977,0,27312,147,99934,35.00,-7.24,-4.97
300999,524,27312,146,99934,35.00,-7.22,-4.93
301021,1719,27312,151,99934,35.00,-7.23,-4.97
301043,1998,27312,141,99934,35.00,-7.21,-4.97
301085,60,27312,103,99934,35.00,-7.24,-4.96
301107,3757,27312,169,99934,35.00,-7.19,-4.98
301129,3751,27312,169,99934,35.00,-7.22,-4.96
301151,2347,27312,146,99934,35.00,-7.22,-4.99
301173,1627,27312,155,99934,35.00,-7.25,-4.96
301195,374,27312,136,99934,35.00,-7.27,-4.96
301217,171,27312,133,99934,35.00,-7.24,-4.99
301239,47,27312,120,99934,35.00,-7.20,-4.97
301261,0,27312,121,99934,35.00,-7.24,-5.00
301283,983,27312,140,99934,35.00,-7.24,-4.97
301305,3179,27312,171,99934,35.00,-7.22,-4.97
301346,3784,27312,163,99934,35.00,-7.25,-4.97
301368,3765,27312,168,99934,35.00,-7.25,-4.95
301390,3083,27312,159,99934,35.00,-7.23,-4.96
301412,1898,27312,157,99934,35.00,-7.25,-4.96
301434,1269,27312,151,99934,35.00,-7.21,-4.98
301456,690,27312,149,99934,35.00,-7.25,-5.01
301478,429,27312,147,99934,35.00,-7.20,-4.97
301500,795,27312,148,99934,35.00,-7.19,-5.01
301522,1796,27312,153,99934,35.00,-7.25,-4.93
301544,2590,27312,159,99934,35.00,-7.24,-5.00
301587,3743,27312,171,99934,35.00,-7.21,-4.97
301609,3659,27312,169,99934,35.00,-7.22,-4.99
301631,3049,27312,167,99934,35.00,-7.26,-4.98
301653,2300,27312,167,99934,35.00,-7.23,-4.98
301675,565,27312,146,99934,35.00,-7.22,-4.93
301697,48,27312,141,99934,35.00,-7.20,-5.00
301719,296,27312,146,99934,35.00,-7.20,-4.98
301741,800,27312,145,99934,35.00,-7.26,-4.97
301763,1813,27312,151,99934,35.00,-7.26,-4.94
301785,2345,27312,157,99934,35.00,-7.26,-4.99
301827,3401,27312,169,99934,35.00,-7.23,-4.96
301849,3795,27312,158,99934,35.00,-7.26,-4.94
301871,3789,27312,169,99934,35.00,-7.25,-4.94
301893,3791,27312,186,99934,35.00,-7.24,-4.94
301915,3765,27312,196,99934,35.00,-7.24,-4.98
301937,0,27312,121,99934,35.00,-7.25,-4.96
301959,0,26800,143,99934,35.00,-7.22,-4.99
301981,0,27312,146,99934,35.00,-7.22,-4.97
302402,0,27312,126,99934,35.59,-7.24,-4.99
302431,1753,27312,138,99934,35.00,-7.28,-4.97
302453,1439,28080,139,99934,35.00,-7.20,-4.96
302475,0,28080,133,99934,35.00,-7.23,-4.98
302497,0,28080,148,99934,35.00,-7.24,-5.01
302519,396,28080,143,99934,35.00,-7.24,-4.96
302541,1111,28080,149,99934,35.00,-7.23,-4.94
302563,1695,28080,147,99934,35.00,-7.20,-4.97
302585,2411,28080,153,99934,35.00,-7.20,-4.97
302607,3413,28080,173,99934,35.00,-7.24,-4.96
302649,3783,28080,163,99934,35.00,-7.24,-4.97
302671,3059,28592,167,99934,35.00,-7.25,-4.95
302693,2365,28592,163,99934,35.00,-7.22,-4.99
302715,1367,28592,154,99934,35.00,-7.21,-4.97
302737,1,28080,149,99934,35.00,-7.21,-4.97
302759,0,28080,157,99934,35.00,-7.21,-4.98
302781,691,28080,159,99934,35.00,-7.26,-4.94
302803,1413,28592,158,99934,35.00,-7.20,-4.98
302825,2275,28592,165,99934,35.00,-7.24,-4.96
302847,2716,28592,159,99934,35.00,-7.24,-4.95
302869,3507,28592,175,99934,35.00,-7.21,-4.96
302910,3758,28592,171,99934,35.00,-7.22,-4.98
302932,3028,28080,171,99934,35.00,-7.26,-4.96
302954,2340,28592,157,99934,35.00,-7.27,-4.99
302976,1307,28592,155,99934,35.00,-7.27,-5.01
302998,0,28592,139,99934,35.00,-7.23,-4.97
303020,0,28592,151,99934,35.00,-7.20,-4.97
303042,661,28592,142,99934,35.00,-7.27,-4.96
303064,1370,28592,151,99934,35.00,-7.24,-4.98
303086,2227,28592,153,99934,35.00,-7.27,-4.95
303108,2669,28592,163,99934,35.00,-7.20,-4.96
303150,3643,28592,165,99934,35.00,-7.19,-4.96
303172,3723,28592,160,99934,35.00,-7.19,-4.95
303194,2781,28592,157,99934,35.00,-7.24,-4.96
303216,1945,28592,153,99934,35.00,-7.24,-4.99
303238,79,28592,133,99934,35.00,-7.26,-4.95
303260,0,28592,149,99934,35.00,-7.17,-4.96
303282,0,28592,143,99934,35.00,-7.19,-4.98
303304,659,28592,139,99934,35.00,-7.24,-4.95
303326,1483,28592,141,99934,35.00,-7.23,-4.96
303348,2073,28592,149,99934,35.00,-7.22,-4.97
303370,2951,28592,159,99934,35.00,-7.21,-4.99
303411,3768,28592,170,99934,35.00,-7.21,-4.96
303433,3309,28592,157,99934,35.00,-7.20,-4.96
303455,2461,28592,155,99934,35.00,-7.19,-4.96
303477,717,28592,137,99934,35.00,-7.25,-4.94
303499,0,28592,143,99934,35.00,-7.25,-5.00
303521,0,28592,146,99934,35.00,-7.23,-4.97
303543,413,28592,151,99934,35.00,-7.19,-4.99
303565,1041,28592,147,99934,35.00,-7.25,-4.96
303587,1884,28592,147,99934,35.00,-7.24,-4.96
303609,2629,28592,155,99934,35.00,-7.23,-4.96
303652,3753,28592,167,99934,35.00,-7.24,-4.96
303674,3275,28592,158,99934,35.00,-7.23,-4.96
303696,2479,28592,157,99934,35.00,-7.24,-4.98
303718,1111,28592,139,99934,35.00,-7.19,-4.94
303740,0,28592,135,99934,35.00,-7.23,-4.98
303762,1,28592,139,99934,35.00,-7.25,-4.97
303784,381,28592,139,99934,35.00,-7.23,-4.94
303806,1159,28592,138,99934,35.00,-7.20,-4.99
303828,1988,28592,147,99934,35.00,-7.23,-4.96
303850,2680,28592,151,99934,35.00,-7.22,-4.95
303892,3227,28592,159,99934,35.00,-7.22,-4.94
303914,3468,28592,166,99934,35.00,-7.23,-5.00
303936,2663,28592,155,99934,35.00,-7.26,-4.95
303958,1885,28592,156,99934,35.00,-7.22,-4.96
303980,779,28080,135,99934,35.00,-7.24,-4.98
304699,0,28080,143,99934,36.27,-7.20,-4.95
304734,795,28592,133,99934,35.00,-7.23,-4.98
304756,1499,28592,148,99934,35.00,-7.20,-4.96
304778,1214,28592,141,99934,35.00,-7.24,-4.98
304800,869,28592,151,99934,35.00,-7.21,-5.00
304822,623,28592,139,99934,35.00,-7.24,-4.98
304844,925,28592,153,99934,35.00,-7.25,-4.95
304866,1735,28592,149,99934,35.00,-7.20,-4.95
304888,2460,28592,158,99934,35.00,-7.22,-4.97
304910,2875,28592,151,99934,35.00,-7.24,-4.98
304932,3049,28592,157,99934,35.00,-7.25,-4.98
304954,2871,28592,156,99934,35.00,-7.23,-4.98
304995,2127,28592,148,99934,35.00,-7.22,-4.96
305721,1541,28592,142,99934,35.45,-7.24,-4.95
305757,657,28592,149,99934,35.00,-7.25,-5.00
305779,2007,28592,153,99934,35.00,-7.25,-4.96
305801,2141,28592,165,99934,35.00,-7.22,-4.94
305823,1931,28592,156,99934,35.00,-7.19,-4.94
305845,1595,28592,153,99934,35.00,-7.23,-5.00
305867,1485,28592,146,99934,35.00,-7.23,-4.96
305889,1447,28592,141,99934,35.00,-7.28,-4.94
305911,1641,28592,139,99934,35.00,-7.24,-4.96
305933,1901,28592,149,99934,35.00,-7.24,-4.95
305955,1967,28592,151,99934,35.00,-7.22,-4.96
305997,1897,28592,148,99934,35.00,-7.24,-4.97
306743,2025,28592,149,99934,35.97,-7.23,-4.99
306779,2397,28592,171,99934,35.00,-7.25,-4.95
306801,2648,28592,167,99934,35.00,-7.26,-4.98
306823,1589,28592,155,99934,35.00,-7.23,-4.97
306845,589,28592,146,99934,35.00,-7.24,-4.94
306867,0,28592,133,99934,35.00,-7.24,-4.99
306889,0,28592,124,99934,35.00,-7.23,-4.95
306911,0,28592,115,99934,35.00,-7.22,-4.95
306933,458,28592,117,99934,35.00,-7.23,-4.95
306955,2007,28592,147,99934,35.00,-7.25,-4.98
306977,3789,28592,175,99934,35.00,-7.21,-4.93
306999,3795,28592,171,99934,35.00,-7.24,-4.97
307040,3789,28592,189,99934,35.00,-7.24,-4.99
307062,2389,28592,157,99934,35.00,-7.24,-5.00
307084,1063,28592,147,99934,35.00,-7.23,-4.99
307106,0,28592,133,99934,35.00,-7.22,-4.99
307128,0,28592,139,99934,35.00,-7.23,-4.96
307150,0,28592,125,99934,35.00,-7.24,-4.98
307172,0,28592,119,99934,35.00,-7.23,-4.96
307194,615,28592,117,99934,35.00,-7.20,-4.98
307216,2663,28592,157,99934,35.00,-7.23,-4.95
307238,3771,28592,166,99934,35.00,-7.22,-4.97
307280,3793,28592,179,99934,35.00,-7.22,-4.95
307302,3226,28080,168,99934,35.00,-7.21,-4.99
307324,1685,28592,151,99934,35.00,-7.23,-4.97
307346,435,28592,135,99934,35.00,-7.22,-4.97
307368,0,28080,138,99934,35.00,-7.23,-4.97
307390,0,28592,125,99934,35.00,-7.18,-4.97
307412,0,28592,117,99934,35.00,-7.22,-4.98
307434,421,28592,111,99934,35.00,-7.24,-4.96
307456,3624,28592,183,99934,35.00,-7.21,-4.96
307478,3493,28592,166,99934,35.00,-7.23,-4.92
307500,3061,28592,163,99934,35.00,-7.25,-4.96
307541,2822,28592,157,99934,35.00,-7.25,-4.99
307563,2709,28080,166,99934,35.00,-7.25,-5.00
307585,3163,28080,191,99934,35.00,-7.23,-4.97
307607,2516,28592,179,99934,35.00,-7.20,-4.96
307629,1495,28592,157,99934,35.00,-7.22,-4.92
307651,1085,28592,145,99934,35.00,-7.23,-4.97
307673,1043,28592,134,99934,35.00,-7.23,-4.99
307695,1035,28592,123,99934,35.00,-7.24,-4.97
307717,1146,28592,121,99934,35.00,-7.25,-4.97
307739,1241,28592,124,99934,35.00,-7.22,-4.97
307761,2362,28592,163,99934,35.00,-7.22,-4.97
307802,1605,28592,146,99934,35.00,-7.22,-4.96
307824,1908,28592,147,99934,35.00,-7.22,-4.97
307846,1561,28592,150,99934,35.00,-7.24,-4.96
307868,1301,28592,148,99934,35.00,-7.26,-5.01
307890,1500,28592,153,99934,35.00,-7.26,-4.94
307912,2160,28592,153,99934,35.00,-7.22,-4.96
307934,2079,28592,155,99934,35.00,-7.23,-4.99
307956,1981,28592,139,99934,35.00,-7.23,-4.99
307978,1863,28784,139,99934,35.00,-7.20,-4.98
308530,1934,28784,141,99934,36.25,-7.26,-4.98
308564,0,28592,139,99934,35.00,-7.22,-4.96
308586,795,28592,143,99934,35.00,-7.23,-4.99
308608,1016,28592,147,99934,35.00,-7.23,-4.97
308630,1381,28592,153,99934,35.00,-7.23,-4.96
308652,1911,28592,164,99934,35.00,-7.20,-4.96
308674,2569,28784,167,99934,35.00,-7.18,-5.01
308696,2782,28784,171,99934,35.00,-7.22,-4.97
308718,2799,28784,152,99934,35.00,-7.23,-4.97
308740,2695,28784,150,99934,35.00,-7.22,-4.99
308762,2479,28784,149,99934,35.00,-7.19,-4.98
308804,2123,28784,151,99934,35.00,-7.21,-4.93
308826,1312,28784,143,99934,35.00,-7.23,-4.99
308848,716,28784,141,99934,35.00,-7.20,-4.94
308870,473,28592,139,99934,35.00,-7.24,-4.97
308892,495,28784,138,99934,35.00,-7.21,-4.95
308914,863,28592,135,99934,35.00,-7.22,-4.97
308936,1439,28592,139,99934,35.00,-7.23,-4.95
308958,1976,28592,138,99934,35.00,-7.23,-4.98
308980,2207,28784,139,99934,35.00,-7.23,-4.97
309551,2129,28592,139,99934,35.63,-7.24,-4.96
309586,693,28784,142,99934,35.00,-7.25,-4.99
309608,1613,28784,153,99934,35.00,-7.24,-4.97
309630,1333,28784,149,99934,35.00,-7.22,-4.96
309652,1205,28784,147,99934,35.00,-7.24,-4.98
309674,1350,28784,147,99934,35.00,-7.21,-4.95
309696,1672,28784,147,99934,35.00,-7.23,-4.98
309718,1977,28784,139,99934,35.00,-7.22,-4.95
309740,2331,28784,152,99934,35.00,-7.23,-4.97
309762,2530,28784,153,99934,35.00,-7.21,-4.97
309784,2557,28784,153,99934,35.00,-7.22,-4.99
309806,2300,28784,153,99934,35.00,-7.23,-4.96
309847,1931,28784,153,99934,35.00,-7.20,-4.95
309869,1862,28784,158,99934,35.00,-7.24,-4.98
309891,1417,28784,142,99934,35.00,-7.23,-5.02
309913,1257,28784,136,99934,35.00,-7.29,-4.98
309935,1310,28784,135,99934,35.00,-7.22,-4.99
309957,1597,28784,133,99934,35.00,-7.21,-4.96
309979,1903,28784,135,99934,35.00,-7.23,-4.97
310573,2251,28784,145,99934,35.98,-7.23,-4.94
310609,793,28784,147,99934,35.00,-7.23,-4.98
310631,1099,28784,147,99934,35.00,-7.23,-4.98
310653,917,28784,149,99934,35.00,-7.22,-4.96
310675,947,28784,149,99934,35.00,-7.24,-4.97
310697,1292,28784,147,99934,35.00,-7.23,-4.96
310719,1851,28784,149,99934,35.00,-7.19,-4.97
310741,2355,28784,151,99934,35.00,-7.22,-4.98
310763,2655,28784,153,99934,35.00,-7.17,-4.99
310785,2636,28784,154,99934,35.00,-7.22,-4.96
310807,2271,28784,155,99934,35.00,-7.24,-5.01
310849,1695,28784,152,99934,35.00,-7.19,-4.94
310871,1127,28784,153,99934,35.00,-7.22,-4.99
310893,793,28784,149,99934,35.00,-7.22,-4.99
310915,824,28784,151,99934,35.00,-7.25,-4.96
310937,1179,28784,145,99934,35.00,-7.21,-4.98
310959,1703,28784,151,99934,35.00,-7.23,-4.94
310981,2291,29296,151,99934,35.00,-7.22,-4.95
311343,2683,28784,158,99934,35.88,-7.25,-4.98
311371,2423,28784,149,99934,35.00,-7.23,-4.98
311393,831,28784,160,99934,35.00,-7.22,-4.98
311415,633,28784,145,99934,35.00,-7.25,-4.99
311437,618,28784,143,99934,35.00,-7.21,-4.96
311459,1113,28784,147,99934,35.00,-7.20,-4.95
311481,1786,28784,148,99934,35.00,-7.25,-4.95
311503,2519,28784,154,99934,35.00,-7.24,-4.97
311525,2706,28784,153,99934,35.00,-7.24,-4.99
311547,3360,28784,170,99934,35.00,-7.24,-4.96
311569,2661,28784,151,99934,35.00,-7.25,-4.98
311611,2073,28784,159,99934,35.00,-7.21,-4.95
311633,1383,28784,146,99934,35.00,-7.22,-5.00
311655,919,28784,137,99934,35.00,-7.21,-4.96
311677,820,28784,143,99934,35.00,-7.24,-4.96
311699,1048,28784,138,99934,35.00,-7.23,-4.97
311721,1509,28784,142,99934,35.00,-7.20,-4.96
311743,2037,28784,146,99934,35.00,-7.20,-4.97
311765,2381,28784,147,99934,35.00,-7.20,-4.95
311787,2519,28784,149,99934,35.00,-7.25,-4.97
311809,2343,28592,155,99934,35.00,-7.21,-4.99
311831,1889,28784,140,99934,35.00,-7.22,-4.97
311872,1334,28784,145,99934,35.00,-7.23,-4.94
311894,1515,28592,140,99934,35.00,-7.25,-4.94
311916,807,28592,142,99934,35.00,-7.24,-4.98
311938,845,28592,136,99934,35.00,-7.19,-5.01
311960,1115,28592,139,99934,35.00,-7.20,-5.00
311982,1653,28784,135,99934,35.00,-7.24,-4.98
312359,1977,28784,146,99934,35.53,-7.24,-4.96
312393,1404,28784,153,99934,35.00,-7.23,-4.96
312415,1157,28784,151,99934,35.00,-7.24,-4.97
312437,909,28784,149,99934,35.00,-7.23,-4.99
312459,931,28784,141,99934,35.00,-7.22,-4.96
312481,1253,28784,147,99934,35.00,-7.24,-4.97
312503,1721,28784,146,99934,35.00,-7.22,-4.96
312525,2223,28784,155,99934,35.00,-7.23,-5.01
312547,2535,28784,152,99934,35.00,-7.21,-4.97
312569,2587,28784,163,99934,35.00,-7.19,-4.96
312591,2312,28784,149,99934,35.00,-7.22,-4.97
312634,1827,28784,152,99934,35.00,-7.25,-4.96
312656,1001,28784,137,99934,35.00,-7.22,-4.98
312678,829,28784,137,99934,35.00,-7.25,-4.97
312700,974,28784,133,99934,35.00,-7.26,-4.97
312722,1466,28784,137,99934,35.00,-7.23,-4.96
312744,1894,28784,136,99934,35.00,-7.22,-4.98
312766,2323,28784,142,99934,35.00,-7.25,-4.92
312788,2482,28784,148,99934,35.00,-7.20,-4.95
312810,2461,28784,147,99934,35.00,-7.24,-4.98
312832,2015,28784,141,99934,35.00,-7.25,-4.97
312874,1383,28784,141,99934,35.00,-7.23,-4.98
312896,790,28784,132,99934,35.00,-7.24,-4.98
312918,509,28784,134,99934,35.00,-7.26,-4.98
312940,659,28784,134,99934,35.00,-7.20,-4.96
312962,1042,28784,139,99934,35.00,-7.24,-4.94
312984,1683,28784,139,99934,35.00,-7.22,-4.98
313380,2173,28784,148,99934,35.88,-7.19,-4.98
313416,1337,28784,140,99934,35.00,-7.26,-5.00
313438,1097,28784,142,99934,35.00,-7.24,-4.98
313460,888,28784,135,99934,35.00,-7.23,-4.99
313482,1063,28784,138,99934,35.00,-7.23,-4.96
313504,1575,28784,134,99934,35.00,-7.20,-4.97
313526,2157,28784,143,99934,35.00,-7.24,-4.96
313548,2543,28784,149,99934,35.00,-7.26,-5.01
313570,2761,28784,155,99934,35.00,-7.23,-5.02
313592,2706,28784,157,99934,35.00,-7.25,-4.97
313614,2079,28784,148,99934,35.00,-7.28,-4.96
313656,1369,28784,143,99934,35.00,-7.23,-4.97
313678,741,28784,137,99934,35.00,-7.24,-4.99
313700,567,28784,137,99934,35.00,-7.24,-4.97
313722,687,28784,135,99934,35.00,-7.24,-4.98
313744,1161,28784,143,99934,35.00,-7.24,-4.97
313766,1691,28784,141,99934,35.00,-7.26,-4.93
313788,2232,28784,150,99934,35.00,-7.21,-4.92
313810,2522,28784,155,99934,35.00,-7.22,-4.99
313832,2629,28784,159,99934,35.00,-7.21,-4.97
313854,2361,28784,167,99934,35.00,-7.24,-4.97
313897,1847,28784,159,99934,35.00,-7.22,-4.96
313919,1211,28784,149,99934,35.00,-7.20,-5.00
313941,1118,28784,148,99934,35.00,-7.23,-4.93
313963,1269,28784,148,99934,35.00,-7.22,-4.98
313985,1803,28784,149,99934,35.00,-7.23,-4.96
314402,2484,28784,157,99934,36.47,-7.23,-4.99
314438,1050,28784,137,99934,35.00,-7.23,-4.96
314460,885,28784,143,99934,35.00,-7.25,-4.96
314482,839,28784,142,99934,35.00,-7.23,-4.97
314504,1075,28784,145,99934,35.00,-7.22,-4.98
314526,1637,28784,149,99934,35.00,-7.19,-4.94
314548,2215,29296,149,99934,35.00,-7.21,-4.96
314570,2664,29296,155,99934,35.00,-7.23,-4.96
314592,2781,28784,164,99934,35.00,-7.21,-4.96
314614,2633,28784,163,99934,35.00,-7.22,-4.91
314636,2191,28784,154,99934,35.00,-7.23,-4.97
314679,1628,28784,153,99934,35.00,-7.19,-4.98
314701,1013,28784,143,99934,35.00,-7.22,-4.99
314723,957,28784,146,99934,35.00,-7.26,-4.97
314745,1257,28784,137,99934,35.00,-7.21,-4.95
314767,1753,28784,147,99934,35.00,-7.24,-4.99
314789,2246,28784,147,99934,35.00,-7.21,-4.98
314811,2587,28784,150,99934,35.00,-7.19,-4.96
314833,2663,28784,153,99934,35.00,-7.19,-4.96
314855,2456,28784,157,99934,35.00,-7.23,-4.96
314877,1935,28784,153,99934,35.00,-7.21,-4.98
314919,1307,28784,149,99934,35.00,-7.25,-4.94
314941,843,28784,139,99934,35.00,-7.21,-4.97
314963,773,28784,135,99934,35.00,-7.20,-5.00
314985,1013,28784,139,99934,35.00,-7.24,-4.94
315422,1426,28784,138,99934,36.45,-7.24,-4.95
315460,889,28784,143,99934,35.00,-7.24,-4.99
315482,1002,28784,146,99934,35.00,-7.22,-4.97
315504,813,28784,149,99934,35.00,-7.22,-4.96
315526,1045,28784,139,99934,35.00,-7.25,-4.97
315548,1518,28784,147,99934,35.00,-7.25,-5.00
315570,2025,28784,139,99934,35.00,-7.22,-4.98
315592,2427,28784,153,99934,35.00,-7.23,-4.94
315614,2606,28784,148,99934,35.00,-7.24,-4.96
315636,2459,28784,157,99934,35.00,-7.23,-4.97
315658,1945,28784,147,99934,35.00,-7.25,-4.98
315680,1377,28784,149,99934,35.00,-7.23,-4.97
315721,943,28784,141,99934,35.00,-7.23,-4.94
315743,800,28784,143,99934,35.00,-7.22,-4.95
315765,795,28784,139,99934,35.00,-7.21,-4.97
315787,1190,28784,147,99934,35.00,-7.24,-4.97
315809,1745,28784,147,99934,35.00,-7.21,-4.97
315831,2233,28784,153,99934,35.00,-7.25,-4.92
315853,2555,28784,157,99934,35.00,-7.23,-4.99
315875,2587,28784,157,99934,35.00,-7.26,-4.95
315897,2397,28784,157,99934,35.00,-7.24,-4.97
315919,1979,28784,156,99934,35.00,-7.22,-4.98
315962,1365,28784,151,99934,35.00,-7.24,-4.95
315984,875,28784,147,99934,35.00,-7.25,-4.99
316699,966,28784,139,99934,35.50,-7.23,-4.98
316724,2135,28784,156,99934,35.00,-7.24,-5.00
316746,1065,28784,149,99934,35.00,-7.24,-4.98
316768,1244,29296,151,99934,35.00,-7.21,-4.96
316790,1645,29296,151,99934,35.00,-7.25,-4.97
316812,2237,29296,150,99934,35.00,-7.27,-4.95
316834,2641,29296,168,99934,35.00,-7.25,-4.96
316856,2774,29296,153,99934,35.00,-7.22,-4.98
316878,2620,29296,158,99934,35.00,-7.24,-5.00
316900,2146,29296,153,99934,35.00,-7.23,-4.96
316922,1631,29296,153,99934,35.00,-7.24,-5.01
316964,1083,29296,147,99934,35.00,-7.19,-4.96
316986,845,29296,140,99934,35.00,-7.24,-4.99
317721,928,29296,136,99934,35.96,-7.18,-4.99
317746,2297,28784,158,99934,35.00,-7.20,-4.98
317768,584,28784,139,99934,35.00,-7.22,-4.97
317790,297,28784,133,99934,35.00,-7.22,-4.99
317812,431,28784,125,99934,35.00,-7.23,-5.00
317834,905,28784,125,99934,35.00,-7.20,-4.96
317856,1387,28784,139,99934,35.00,-7.21,-4.93
317878,1867,28784,143,99934,35.00,-7.27,-4.98
317900,2325,28784,154,99934,35.00,-7.22,-4.97
317922,2505,28784,167,99934,35.00,-7.22,-4.99
317944,2195,28784,167,99934,35.00,-7.24,-4.97
317987,1590,28784,155,99934,35.00,-7.20,-4.99
318742,989,28784,141,99934,35.12,-7.21,-4.96
318769,2149,29296,155,99934,35.00,-7.21,-4.95
318791,827,28784,140,99934,35.00,-7.23,-4.96
318813,1101,29296,134,99934,35.00,-7.25,-5.00
318835,1567,29296,143,99934,35.00,-7.26,-4.97
318857,2184,29296,149,99934,35.00,-7.21,-4.95
318879,2532,29296,155,99934,35.00,-7.25,-4.95
318901,2711,29296,155,99934,35.00,-7.22,-4.97
318923,2500,29296,166,99934,35.00,-7.21,-4.98
318945,1917,29296,153,99934,35.00,-7.24,-4.98
318967,1236,29296,152,99934,35.00,-7.20,-4.97
319509,761,29296,143,99934,35.19,-7.22,-4.96
319550,735,28784,141,99934,35.00,-7.21,-4.99
319572,718,28784,140,99934,35.00,-7.23,-4.98
319594,891,28784,133,99934,35.00,-7.21,-4.97
319616,1448,28784,149,99934,35.00,-7.20,-4.97
319638,2009,28784,141,99934,35.00,-7.22,-4.95
319660,2423,29296,151,99934,35.00,-7.25,-4.99
319682,2565,29296,151,99934,35.00,-7.22,-4.97
319704,2365,29296,157,99934,35.00,-7.21,-4.93
319726,1951,29296,143,99934,35.00,-7.25,-4.95
319748,1541,28784,153,99934,35.00,-7.24,-4.99
319770,1141,28784,145,99934,35.00,-7.25,-5.00
319811,995,29296,145,99934,35.00,-7.19,-4.98
319833,972,29296,137,99934,35.00,-7.24,-4.98
319855,1215,29296,139,99934,35.00,-7.22,-4.97
319877,1733,29296,141,99934,35.00,-7.22,-4.98
319899,2238,29296,150,99934,35.00,-7.24,-4.99
319921,2669,29296,155,99934,35.00,-7.20,-4.99
319943,2766,29296,157,99934,35.00,-7.21,-4.97
319965,2495,29296,165,99934,35.00,-7.23,-4.99
319987,2021,29296,155,99934,35.00,-7.21,-4.96
320530,1417,29296,150,99934,35.40,-7.23,-4.96
320573,1223,28784,137,99934,35.00,-7.23,-4.98
320595,603,28784,124,99934,35.00,-7.21,-4.97
320617,409,29296,127,99934,35.00,-7.22,-4.97
320639,987,29296,132,99934,35.00,-7.23,-4.95
320661,2189,29296,149,99934,35.00,-7.23,-4.95
320683,2524,29296,155,99934,35.00,-7.21,-4.99
320705,2654,29296,154,99934,35.00,-7.20,-4.94
320727,2200,29296,155,99934,35.00,-7.24,-4.99
320749,1695,29296,151,99934,35.00,-7.23,-4.98
320771,1193,29296,148,99934,35.00,-7.24,-4.94
320813,757,29296,140,99934,35.00,-7.22,-4.97
320835,879,29296,149,99934,35.00,-7.19,-4.93
320857,873,29296,137,99934,35.00,-7.21,-4.95
320879,3803,29296,171,99934,35.00,-7.22,-4.99
320901,3815,28784,165,99934,35.00,-7.24,-4.99
320923,3821,29296,160,99934,35.00,-7.24,-4.96
320945,475,29296,107,99934,35.00,-7.24,-4.96
320967,0,29296,125,99934,35.00,-7.18,-4.96
320989,0,29296,143,99934,35.00,-7.22,-4.96
321551,0,29296,153,99934,35.59,-7.22,-4.99
321581,1063,29296,139,99934,35.00,-7.24,-5.01
321603,2043,29296,140,99934,35.00,-7.19,-4.97
321625,2541,29296,149,99934,35.00,-7.22,-4.99
321647,2519,29296,155,99934,35.00,-7.29,-4.94
321669,2294,29296,153,99934,35.00,-7.25,-4.95
321691,1827,29296,153,99934,35.00,-7.25,-4.98
321713,1354,29296,153,99934,35.00,-7.21,-4.97
321756,1117,29296,137,99934,35.00,-7.27,-4.99
321778,1239,29296,142,99934,35.00,-7.22,-4.97
321800,1727,29296,149,99934,35.00,-7.26,-4.96
321822,2094,29296,151,99934,35.00,-7.21,-5.00
321844,2603,29296,155,99934,35.00,-7.24,-4.98
321866,2779,29296,155,99934,35.00,-7.23,-4.98
321888,2733,29296,159,99934,35.00,-7.25,-4.95
321910,2395,29296,159,99934,35.00,-7.20,-4.97
321932,1929,29296,155,99934,35.00,-7.20,-4.98
321954,1402,29296,151,99934,35.00,-7.22,-4.97
321996,1187,29296,153,99934,35.00,-7.24,-4.99
322572,1236,29296,145,99934,35.35,-7.23,-4.98
322602,1477,29296,151,99934,35.00,-7.22,-4.99
322624,1817,29296,141,99934,35.00,-7.22,-4.94
322646,2427,30064,152,99934,35.00,-7.19,-4.97
322668,2693,29296,155,99934,35.00,-7.24,-4.97
322690,2709,29296,162,99934,35.00,-7.22,-4.97
322712,2332,29296,159,99934,35.00,-7.24,-4.94
322734,1721,29296,151,99934,35.00,-7.19,-4.91
322756,936,29296,141,99934,35.00,-7.25,-4.99
322798,549,29296,133,99934,35.00,-7.23,-4.90
322820,549,29296,125,99934,35.00,-7.23,-4.96
322842,923,29296,135,99934,35.00,-7.21,-4.97
322864,1489,29296,135,99934,35.00,-7.26,-4.98
322886,3785,29296,168,99934,35.00,-7.22,-4.97
322908,0,28784,95,99934,35.00,-7.25,-4.94
322930,1013,28784,139,99934,35.00,-7.25,-4.97
322952,1316,28784,143,99934,35.00,-7.21,-4.96
322974,1223,28784,147,99934,35.00,-7.21,-4.96
322996,1197,28784,142,99934,35.00,-7.23,-4.98
323593,1136,28784,147,99934,36.26,-7.23,-4.92
323624,1918,28784,155,99934,35.00,-7.20,-4.96
323646,2060,28784,140,99934,35.00,-7.24,-4.98
323668,3742,28784,171,99934,35.00,-7.22,-4.99
323690,3787,28784,159,99934,35.00,-7.25,-4.98
323712,3384,28784,155,99934,35.00,-7.26,-4.99
323734,0,28784,103,99934,35.00,-7.24,-4.96
323756,0,28784,141,99934,35.00,-7.20,-4.97
323778,0,28784,153,99934,35.00,-7.23,-4.99
323821,2699,28784,201,99934,35.00,-7.23,-4.96
323843,1593,28784,139,99934,35.00,-7.22,-4.96
323865,1739,28784,150,99934,35.00,-7.22,-4.97
323887,2120,28784,147,99934,35.00,-7.23,-4.97
323909,2329,28784,149,99934,35.00,-7.25,-4.98
323931,1911,29296,134,99934,35.00,-7.22,-4.97
323953,1663,28784,151,99934,35.00,-7.22,-4.97
323975,1583,28784,153,99934,35.00,-7.24,-4.96
323997,1174,28784,141,99934,35.00,-7.23,-4.95
324360,681,28784,146,99934,35.53,-7.25,-4.94
324402,1311,28592,147,99934,35.00,-7.22,-4.98
324424,1645,28784,147,99934,35.00,-7.29,-4.99
324446,2149,28784,155,99934,35.00,-7.22,-5.00
324468,2668,28784,149,99934,35.00,-7.24,-5.00
324490,2934,28784,154,99934,35.00,-7.23,-4.95
324512,2855,28784,153,99934,35.00,-7.23,-4.97
324534,2377,28784,151,99934,35.00,-7.22,-4.94
324556,1673,28784,141,99934,35.00,-7.27,-4.96
324578,1067,28784,146,99934,35.00,-7.19,-4.99
324600,693,28784,139,99934,35.00,-7.21,-5.00
324643,679,28784,146,99934,35.00,-7.25,-4.95
324665,1583,28784,154,99934,35.00,-7.24,-4.96
324687,2286,28784,159,99934,35.00,-7.22,-5.01
324709,2975,28784,169,99934,35.00,-7.21,-4.98
324731,3196,29296,167,99934,35.00,-7.23,-4.98
324753,2860,29296,165,99934,35.00,-7.22,-4.96
324775,2461,29296,159,99934,35.00,-7.23,-4.96
324797,1834,29296,155,99934,35.00,-7.25,-4.96
324819,1195,28784,155,99934,35.00,-7.24,-4.96
324841,767,28784,157,99934,35.00,-7.23,-5.01
324883,622,29296,147,99934,35.00,-7.23,-4.96
324905,829,29296,142,99934,35.00,-7.23,-4.96
324927,1629,29296,159,99934,35.00,-7.21,-4.96
324949,2363,28784,167,99934,35.00,-7.19,-4.94
324971,3022,28784,171,99934,35.00,-7.25,-4.98
324993,3221,29296,173,99934,35.00,-7.24,-4.95
325381,3083,29296,192,99934,36.66,-7.20,-4.95
325409,1051,28784,147,99934,35.00,-7.22,-4.97
325431,2363,29296,147,99934,35.00,-7.26,-4.95
325453,2695,29296,155,99934,35.00,-7.21,-4.96
325475,2297,29296,157,99934,35.00,-7.21,-4.97
325497,2008,29296,147,99934,35.00,-7.22,-5.01
325519,1643,29296,155,99934,35.00,-7.24,-4.97
325541,1272,29296,153,99934,35.00,-7.22,-4.98
325563,919,29296,151,99934,35.00,-7.23,-4.97
325605,1133,29296,148,99934,35.00,-7.22,-4.98
325627,1357,29296,139,99934,35.00,-7.26,-4.97
325649,1707,29296,145,99934,35.00,-7.23,-4.97
325671,2299,29296,150,99934,35.00,-7.23,-4.98
325693,2527,29296,151,99934,35.00,-7.24,-4.97
325715,2411,29296,149,99934,35.00,-7.19,-4.96
325737,2025,29296,159,99934,35.00,-7.23,-4.95
325759,1589,29296,147,99934,35.00,-7.21,-4.97
325781,1166,29296,151,99934,35.00,-7.19,-4.97
325803,936,29296,152,99934,35.00,-7.25,-5.00
325845,1033,29296,150,99934,35.00,-7.20,-4.98
325867,1581,29296,148,99934,35.00,-7.20,-4.97
325889,2099,29296,151,99934,35.00,-7.21,-4.98
325911,2697,29296,156,99934,35.00,-7.17,-4.95
325933,3053,29296,160,99934,35.00,-7.24,-4.98
325955,3036,29296,165,99934,35.00,-7.25,-4.93
325977,2531,29296,163,99934,35.00,-7.21,-4.97
325999,1911,29296,151,99934,35.00,-7.24,-4.98
326021,1267,29296,152,99934,35.00,-7.26,-4.99
326043,843,29296,149,99934,35.00,-7.24,-4.98
326065,819,29296,153,99934,35.00,-7.20,-4.96
326106,1115,29296,149,99934,35.00,-7.22,-5.02
326128,1075,29296,147,99934,35.00,-7.20,-4.99
326150,1454,29296,143,99934,35.00,-7.25,-4.98
326172,2078,29296,151,99934,35.00,-7.23,-4.96
326194,2747,29296,158,99934,35.00,-7.21,-4.97
326216,3165,29296,168,99934,35.00,-7.23,-5.00
326238,2843,29296,166,99934,35.00,-7.24,-5.00
326260,2225,29296,165,99934,35.00,-7.22,-4.97
326282,1433,29296,153,99934,35.00,-7.25,-4.98
326304,973,29296,149,99934,35.00,-7.24,-4.98
326347,916,29296,148,99934,35.00,-7.24,-4.98
326369,1124,29296,143,99934,35.00,-7.23,-4.96
326391,1445,29296,132,99934,35.00,-7.23,-4.97
326413,1833,29296,141,99934,35.00,-7.19,-4.99
326435,2021,29296,134,99934,35.00,-7.23,-4.97
326457,2087,29296,147,99934,35.00,-7.25,-4.93
326479,1864,29296,142,99934,35.00,-7.24,-4.95
326501,1583,29296,152,99934,35.00,-7.21,-4.99
326523,1341,29296,148,99934,35.00,-7.23,-4.96
326545,1099,29296,149,99934,35.00,-7.22,-4.96
326587,1081,29296,147,99934,35.00,-7.22,-5.03
326609,1419,29296,147,99934,35.00,-7.22,-4.98
326631,1801,29296,147,99934,35.00,-7.25,-4.96
326653,2135,29296,146,99934,35.00,-7.25,-4.97
326675,2246,29296,141,99934,35.00,-7.23,-5.00
326697,2247,29296,143,99934,35.00,-7.19,-4.95
326719,2009,29296,149,99934,35.00,-7.24,-4.94
326741,1580,29296,139,99934,35.00,-7.22,-4.99
326763,1228,29296,145,99934,35.00,-7.20,-5.01
326785,1092,29296,149,99934,35.00,-7.22,-4.96
326828,1175,29296,151,99934,35.00,-7.24,-4.99
326850,1721,29296,151,99934,35.00,-7.25,-5.02
326872,2149,29296,143,99934,35.00,-7.22,-4.97
326894,2523,29296,153,99934,35.00,-7.22,-4.96
326916,2651,29296,149,99934,35.00,-7.22,-4.94
326938,2459,29296,153,99934,35.00,-7.25,-5.00
326960,2011,29296,148,99934,35.00,-7.22,-4.96
326982,1429,29296,149,99934,35.00,-7.20,-4.95
327423,862,29296,147,99934,37.15,-7.23,-4.96
327452,1131,29296,146,99934,35.00,-7.21,-4.96
327474,1845,29296,137,99934,35.00,-7.23,-5.02
327496,2171,30064,152,99934,35.00,-7.22,-4.99
327518,2079,30064,137,99934,35.00,-7.21,-4.99
327540,1851,30064,143,99934,35.00,-7.20,-4.96
327562,1642,29296,146,99934,35.00,-7.23,-4.92
327584,1362,29296,152,99934,35.00,-7.23,-4.97
327606,1109,30064,149,99934,35.00,-7.23,-4.97
327628,1111,30064,151,99934,35.00,-7.23,-4.94
327670,1399,30064,151,99934,35.00,-7.25,-4.97
327692,1675,29296,142,99934,35.00,-7.23,-4.97
327714,1973,30064,147,99934,35.00,-7.24,-4.98
327736,2327,30064,149,99934,35.00,-7.21,-4.98
327758,2300,30064,143,99934,35.00,-7.20,-4.95
327780,2221,30064,147,99934,35.00,-7.21,-4.98
327802,1775,30064,139,99934,35.00,-7.23,-4.96
327824,1366,30064,147,99934,35.00,-7.22,-4.96
327846,1051,30064,147,99934,35.00,-7.28,-4.98
327868,911,30064,148,99934,35.00,-7.25,-4.97
327910,1113,30064,141,99934,35.00,-7.25,-5.00
327932,1482,30064,143,99934,35.00,-7.21,-5.00
327954,1820,30064,143,99934,35.00,-7.21,-4.95
327976,2215,30064,149,99934,35.00,-7.22,-5.01
327998,2485,30064,150,99934,35.00,-7.22,-4.93
328020,2464,30064,147,99934,35.00,-7.23,-4.98
328042,2273,30064,153,99934,35.00,-7.24,-4.97
328064,1817,30064,147,99934,35.00,-7.21,-4.99
328086,1395,30064,149,99934,35.00,-7.23,-4.97
328108,1180,30064,145,99934,35.00,-7.21,-4.97
328151,1184,30064,142,99934,35.00,-7.21,-4.99
328173,1677,29296,141,99934,35.00,-7.26,-4.96
328195,2117,30064,146,99934,35.00,-7.24,-4.97
328217,2470,30064,151,99934,35.00,-7.21,-4.98
328239,2476,30064,149,99934,35.00,-7.20,-4.99
328261,2239,30064,151,99934,35.00,-7.23,-4.96
328283,1717,30064,143,99934,35.00,-7.23,-4.96
328305,1286,30064,145,99934,35.00,-7.21,-4.99
328327,892,30064,147,99934,35.00,-7.18,-4.96
328349,791,30064,149,99934,35.00,-7.20,-4.96
328391,1117,30064,149,99934,35.00,-7.22,-4.95
328413,2037,30064,159,99934,35.00,-7.20,-4.96
328435,2520,30064,155,99934,35.00,-7.21,-4.95
328457,2843,30064,153,99934,35.00,-7.26,-4.99
328479,2907,30064,159,99934,35.00,-7.22,-4.97
328501,2670,30064,155,99934,35.00,-7.24,-4.98
328523,2088,30064,153,99934,35.00,-7.26,-4.93
328545,1403,30064,143,99934,35.00,-7.22,-4.94
328567,954,30064,151,99934,35.00,-7.26,-5.00
328589,700,30064,149,99934,35.00,-7.22,-5.00
328611,813,30064,154,99934,35.00,-7.32,-4.96
328652,1287,30064,152,99934,35.00,-7.23,-4.97
328674,1837,30064,159,99934,35.00,-7.22,-4.99
328696,2431,30064,156,99934,35.00,-7.22,-5.01
328718,2799,30064,167,99934,35.00,-7.26,-4.96
328740,2839,30064,158,99934,35.00,-7.24,-4.95
328762,2685,30064,167,99934,35.00,-7.23,-4.96
328784,2148,30064,165,99934,35.00,-7.20,-4.95
328806,1563,30064,166,99934,35.00,-7.29,-4.95
328828,1082,30064,153,99934,35.00,-7.20,-4.96
328850,871,30064,159,99934,35.00,-7.24,-4.96
328892,1043,30064,151,99934,35.00,-7.23,-4.89
328914,1657,30064,158,99934,35.00,-7.24,-4.99
328936,2153,30064,157,99934,35.00,-7.21,-4.98
328958,2519,30064,163,99934,35.00,-7.19,-4.96
328980,2620,30064,155,99934,35.00,-7.23,-4.96
329720,2421,30064,153,99934,35.55,-7.23,-4.98
329754,2701,29296,149,99934,35.00,-7.22,-4.95
329776,1351,29296,147,99934,35.00,-7.24,-4.96
329798,1647,29296,136,99934,35.00,-7.23,-5.03
329820,1925,29296,147,99934,35.00,-7.24,-4.96
329842,2078,29296,139,99934,35.00,-7.20,-4.96
329864,2185,29296,155,99934,35.00,-7.21,-5.00
329886,2173,29296,155,99934,35.00,-7.22,-4.96
329908,2031,29296,167,99934,35.00,-7.22,-4.97
329930,1767,29296,157,99934,35.00,-7.24,-4.96
329952,1545,29296,163,99934,35.00,-7.19,-4.92
329974,1531,29296,153,99934,35.00,-7.22,-4.95
330741,1750,29296,155,99934,35.13,-7.23,-4.98
330777,2680,29296,151,99934,35.00,-7.26,-5.02
330799,1957,29296,142,99934,35.00,-7.22,-5.01
330821,2351,29296,150,99934,35.00,-7.24,-4.98
330843,2588,30064,152,99934,35.00,-7.24,-4.99
330865,2613,30064,153,99934,35.00,-7.25,-4.96
330887,2297,30064,153,99934,35.00,-7.24,-5.00
330909,1813,30064,151,99934,35.00,-7.22,-4.96
330931,1204,30064,149,99934,35.00,-7.27,-4.99
330953,933,30064,151,99934,35.00,-7.25,-4.95
330975,915,29296,149,99934,35.00,-7.24,-5.00
331517,1183,29296,148,99934,34.80,-7.23,-4.98
331559,1372,30064,151,99934,35.00,-7.24,-4.96
331581,1639,29296,133,99934,35.00,-7.20,-5.01
331603,1635,30064,119,99934,35.00,-7.28,-4.96
331625,1865,30064,120,99934,35.00,-7.22,-4.98
331647,2703,30064,156,99934,35.00,-7.25,-5.00
331669,2059,30064,143,99934,35.00,-7.21,-4.98
331691,1727,30064,149,99934,35.00,-7.24,-4.98
331713,1397,30064,149,99934,35.00,-7.24,-4.99
331735,1522,30064,157,99934,35.00,-7.23,-4.99
331757,1737,30064,165,99934,35.00,-7.25,-5.02
331799,1779,30064,164,99934,35.00,-7.22,-4.98
331821,1759,30064,143,99934,35.00,-7.22,-4.96
331843,2133,30064,149,99934,35.00,-7.22,-5.00
331865,2453,30064,155,99934,35.00,-7.24,-4.99
331887,2515,30064,155,99934,35.00,-7.24,-4.95
331909,2265,30064,163,99934,35.00,-7.23,-4.96
331931,1861,30064,159,99934,35.00,-7.20,-4.95
331953,1431,30064,165,99934,35.00,-7.23,-4.97
331975,1118,30064,155,99934,35.00,-7.21,-4.94
331997,1080,30064,155,99934,35.00,-7.23,-4.99
332040,1203,30064,143,99934,35.00,-7.21,-4.98
332062,1815,30064,145,99934,35.00,-7.22,-4.91
332084,2203,30064,155,99934,35.00,-7.24,-4.96
332106,2458,30576,153,99934,35.00,-7.24,-4.95
332128,2533,30576,163,99934,35.00,-7.21,-4.98
332150,2259,30576,169,99934,35.00,-7.24,-5.03
332172,1757,30064,169,99934,35.00,-7.27,-5.00
332194,1391,30576,168,99934,35.00,-7.20,-4.98
332216,1268,30064,172,99934,35.00,-7.27,-4.98
332238,1319,30064,172,99934,35.00,-7.24,-4.95
332280,1813,30064,173,99934,35.00,-7.24,-4.97
332302,2524,30064,173,99934,35.00,-7.24,-4.96
332324,3158,30576,181,99934,35.00,-7.24,-4.95
332346,3717,30576,170,99934,35.00,-7.23,-4.97
332368,3445,30064,163,99934,35.00,-7.21,-4.97
332390,2959,30576,157,99934,35.00,-7.23,-4.96
332412,2101,30064,147,99934,35.00,-7.26,-5.00
332434,1105,30064,120,99934,35.00,-7.23,-5.00
332456,411,29296,117,99934,35.00,-7.28,-4.97
332478,169,29296,109,99934,35.00,-7.24,-4.97
332500,116,30064,109,99934,35.00,-7.24,-4.96
332541,427,29296,109,99934,35.00,-7.24,-4.97
332563,633,28592,105,99934,35.00,-7.26,-4.97
332585,0,28592,92,99934,35.00,-7.24,-4.95
332607,0,28592,94,99934,35.00,-7.24,-4.95
332629,0,28592,107,99934,35.00,-7.19,-4.97
332651,505,28784,123,99934,35.00,-7.26,-5.00
332673,579,28784,146,99934,35.00,-7.20,-4.97
332695,493,28784,140,99934,35.00,-7.23,-4.96
332717,634,28784,149,99934,35.00,-7.22,-4.95
332739,925,29296,141,99934,35.00,-7.22,-5.01
332782,1491,29296,152,99934,35.00,-7.22,-4.98
332804,2651,29296,154,99934,35.00,-7.18,-4.99
332826,3759,29296,180,99934,35.00,-7.18,-4.96
332848,3785,29296,169,99934,35.00,-7.25,-4.96
332870,3768,29296,183,99934,35.00,-7.24,-4.97
332892,3417,29296,183,99934,35.00,-7.22,-4.96
332914,2739,29296,176,99934,35.00,-7.28,-4.99
332936,2247,29296,163,99934,35.00,-7.21,-4.95
332958,2117,29296,159,99934,35.00,-7.24,-4.93
332980,2174,29296,153,99934,35.00,-7.22,-4.99
333022,2267,29296,157,99934,35.00,-7.27,-4.96
333044,2312,29296,139,99934,35.00,-7.23,-4.95
333066,2687,30064,148,99934,35.00,-7.24,-5.00
333088,2709,30064,142,99934,35.00,-7.26,-4.98
333110,2393,30064,145,99934,35.00,-7.23,-5.00
333132,1395,30064,125,99934,35.00,-7.20,-4.98
333154,615,30064,125,99934,35.00,-7.23,-4.99
333176,0,30064,127,99934,35.00,-7.25,-4.94
333198,0,30064,139,99934,35.00,-7.24,-4.96
333220,33,29296,137,99934,35.00,-7.21,-4.98
333263,587,30064,139,99934,35.00,-7.25,-4.97
333285,1761,29296,150,99934,35.00,-7.25,-5.01
333307,2263,30064,163,99934,35.00,-7.22,-5.01
333329,2567,30064,163,99934,35.00,-7.18,-4.99
333351,2537,30064,167,99934,35.00,-7.20,-4.96
333373,2342,30064,164,99934,35.00,-7.20,-4.96
333395,1919,30064,169,99934,35.00,-7.21,-4.94
333417,1715,30064,165,99934,35.00,-7.21,-4.99
333439,1769,29296,168,99934,35.00,-7.21,-5.00
333461,2005,29296,159,99934,35.00,-7.21,-4.99
333503,2299,29296,165,99934,35.00,-7.24,-4.97
333525,2633,30064,151,99934,35.00,-7.25,-4.98
333547,2775,30064,151,99934,35.00,-7.21,-4.96
333569,2793,30064,157,99934,35.00,-7.22,-5.00
333591,2547,30064,149,99934,35.00,-7.25,-4.99
333613,1980,30064,149,99934,35.00,-7.19,-4.95
333635,1294,30064,146,99934,35.00,-7.23,-4.96
333657,777,30064,139,99934,35.00,-7.23,-4.96
333679,599,30064,141,99934,35.00,-7.24,-4.95
333701,809,30064,141,99934,35.00,-7.22,-4.99
333723,1229,30064,141,99934,35.00,-7.26,-5.00
333764,1690,30064,147,99934,35.00,-7.24,-4.98
333786,2103,30064,149,99934,35.00,-7.23,-4.96
333808,2383,30064,151,99934,35.00,-7.24,-4.99
333830,2485,30064,149,99934,35.00,-7.24,-5.00
333852,2257,30064,150,99934,35.00,-7.23,-4.94
333874,1766,30064,151,99934,35.00,-7.21,-4.94
333896,1240,30064,150,99934,35.00,-7.25,-4.98
333918,1097,30064,149,99934,35.00,-7.22,-4.99
333940,991,30064,147,99934,35.00,-7.20,-4.99
333962,1299,30064,147,99934,35.00,-7.23,-5.01
334570,1628,30064,149,99934,35.69,-7.22,-4.98
334606,2637,30064,155,99934,35.00,-7.24,-5.00
334628,2335,30064,148,99934,35.00,-7.24,-4.94
334650,2535,30064,149,99934,35.00,-7.24,-4.96
334672,2541,30064,149,99934,35.00,-7.22,-4.95
334694,2251,30576,155,99934,35.00,-7.23,-4.95
334716,1865,30576,155,99934,35.00,-7.24,-4.97
334738,1561,30064,157,99934,35.00,-7.24,-4.99
334760,1187,30064,153,99934,35.00,-7.22,-4.91
334782,1247,30064,153,99934,35.00,-7.22,-4.96
334804,1551,30064,153,99934,35.00,-7.20,-4.97
334846,1831,30064,153,99934,35.00,-7.23,-4.96
334868,2213,30064,152,99934,35.00,-7.26,-4.94
334890,2463,30064,157,99934,35.00,-7.21,-4.98
334912,2602,30064,157,99934,35.00,-7.24,-4.97
334934,2427,30064,163,99934,35.00,-7.23,-4.98
334956,1919,30064,153,99934,35.00,-7.21,-4.96
334978,1727,30064,161,99934,35.00,-7.24,-4.92
335340,1041,30064,150,99934,36.26,-7.29,-5.00
335368,645,30064,139,99934,35.00,-7.24,-4.99
335390,1803,30064,126,99934,35.00,-7.26,-4.97
335412,2005,30064,138,99934,35.00,-7.25,-4.97
335434,2150,30576,147,99934,35.00,-7.21,-4.99
335456,1621,30064,133,99934,35.00,-7.22,-4.95
335478,1278,30064,147,99934,35.00,-7.19,-4.99
335500,933,30064,143,99934,35.00,-7.22,-4.99
335522,781,30064,141,99934,35.00,-7.22,-4.96
335544,1118,30064,142,99934,35.00,-7.24,-4.99
335566,1391,30064,137,99934,35.00,-7.22,-4.97
335608,2029,30064,145,99934,35.00,-7.24,-4.95
335630,2531,30064,150,99934,35.00,-7.21,-4.98
335652,2771,30064,152,99934,35.00,-7.24,-4.99
335674,2789,30064,155,99934,35.00,-7.25,-4.93
335696,2407,30064,153,99934,35.00,-7.20,-4.96
335718,1783,30064,153,99934,35.00,-7.26,-4.98
335740,1234,30064,147,99934,35.00,-7.25,-5.00
335762,943,30064,151,99934,35.00,-7.22,-4.98
335784,975,30064,143,99934,35.00,-7.21,-4.98
335806,1255,30064,141,99934,35.00,-7.23,-4.94
335828,1653,30064,143,99934,35.00,-7.23,-4.97
335869,2138,30064,147,99934,35.00,-7.19,-4.98
335891,2383,29296,155,99934,35.00,-7.23,-4.94
335913,2613,30064,155,99934,35.00,-7.21,-4.95
335935,2524,30064,167,99934,35.00,-7.24,-4.97
335957,2125,30064,157,99934,35.00,-7.21,-4.97
335979,1492,30064,155,99934,35.00,-7.25,-4.94
336357,1043,30064,149,99934,36.28,-7.25,-4.97
336390,2117,29296,160,99934,35.00,-7.21,-4.95
336412,2631,29296,155,99934,35.00,-7.24,-4.96
336434,3109,30064,169,99934,35.00,-7.25,-4.95
336456,3131,29296,184,99934,35.00,-7.23,-4.98
336478,3133,29296,187,99934,35.00,-7.24,-4.99
336500,1897,29296,171,99934,35.00,-7.24,-4.95
336522,1323,29296,157,99934,35.00,-7.24,-4.98
336544,849,30064,151,99934,35.00,-7.23,-4.96
336566,1004,29296,143,99934,35.00,-7.19,-4.95
336588,922,29296,145,99934,35.00,-7.26,-5.01
336631,1712,30064,147,99934,35.00,-7.19,-5.02
336653,2103,29296,143,99934,35.00,-7.24,-5.02
336675,2120,30064,139,99934,35.00,-7.27,-4.96
336697,1849,30064,151,99934,35.00,-7.24,-4.95
336719,1597,30064,138,99934,35.00,-7.29,-4.98
336741,1183,30064,149,99934,35.00,-7.25,-5.00
336763,931,30064,148,99934,35.00,-7.20,-4.98
336785,1007,30064,159,99934,35.00,-7.25,-4.99
336807,1215,29296,152,99934,35.00,-7.25,-4.96
336829,1379,30064,147,99934,35.00,-7.24,-4.97
336871,1864,30064,142,99934,35.00,-7.19,-4.99
336893,2135,30064,153,99934,35.00,-7.21,-5.00
336915,2475,30064,160,99934,35.00,-7.21,-4.96
336937,2671,30064,172,99934,35.00,-7.26,-4.99
336959,2385,29296,179,99934,35.00,-7.23,-4.98
336981,1975,30064,179,99934,35.00,-7.19,-4.96
337378,1511,30064,181,99934,35.80,-7.22,-5.00
337413,1845,29296,183,99934,35.00,-7.23,-4.96
337435,2401,30064,173,99934,35.00,-7.21,-4.97
337457,2187,30064,172,99934,35.00,-7.24,-4.98
337479,1771,30064,164,99934,35.00,-7.22,-4.96
337501,1231,30064,158,99934,35.00,-7.23,-5.05
337523,869,30064,155,99934,35.00,-7.23,-4.96
337545,661,30064,155,99934,35.00,-7.22,-4.98
337567,694,30064,147,99934,35.00,-7.20,-5.02
337589,743,30064,141,99934,35.00,-7.26,-4.99
337611,876,30064,123,99934,35.00,-7.27,-4.95
337653,1432,30064,139,99934,35.00,-7.23,-4.98
337675,1853,30064,134,99934,35.00,-7.24,-4.98
337697,2035,30064,135,99934,35.00,-7.24,-4.99
337719,2011,30064,147,99934,35.00,-7.22,-4.99
337741,1851,29296,153,99934,35.00,-7.24,-5.02
337763,919,29296,139,99934,35.00,-7.19,-5.00
337785,939,30064,153,99934,35.00,-7.25,-4.99
337807,894,29296,153,99934,35.00,-7.19,-4.93
337829,1173,29296,148,99934,35.00,-7.22,-4.96
337851,1842,29296,157,99934,35.00,-7.21,-4.96
337873,2127,29296,153,99934,35.00,-7.24,-5.01
337914,2412,29296,159,99934,35.00,-7.27,-4.95
337936,2227,28784,148,99934,35.00,-7.25,-4.96
337958,2294,28784,157,99934,35.00,-7.22,-4.96
337980,2121,28784,164,99934,35.00,-7.24,-4.97
338399,1439,28784,156,99934,36.49,-7.27,-4.95
338435,2226,29296,135,99934,35.00,-7.21,-4.99
338457,2459,28784,123,99934,35.00,-7.21,-4.98
338479,2005,29296,119,99934,35.00,-7.21,-4.96
338501,1847,29296,117,99934,35.00,-7.24,-4.96
338523,2057,29296,147,99934,35.00,-7.25,-4.96
338545,1578,28784,137,99934,35.00,-7.27,-4.94
338567,1291,28784,136,99934,35.00,-7.25,-4.96
338589,1287,28784,125,99934,35.00,-7.22,-4.98
338611,1321,28784,117,99934,35.00,-7.24,-4.98
338633,1700,28784,109,99934,35.00,-7.24,-4.98
338676,2041,28784,117,99934,35.00,-7.24,-4.98
338698,2638,28784,117,99934,35.00,-7.24,-4.97
338720,2517,29296,133,99934,35.00,-7.28,-4.99
338742,2099,28784,122,99934,35.00,-7.25,-4.98
338764,1529,28784,127,99934,35.00,-7.23,-4.96
338786,949,29296,115,99934,35.00,-7.22,-4.94
338808,589,28784,101,99934,35.00,-7.25,-4.98
338830,309,28784,85,99934,35.00,-7.24,-4.97
338852,279,28784,69,99934,35.00,-7.26,-4.99
338874,11,28784,29,99934,35.00,-7.24,-4.96
338916,0,29296,29,99934,35.00,-7.21,-4.95
338938,3787,28784,155,99934,35.00,-7.23,-4.98
338960,3721,28784,165,99934,35.00,-7.21,-4.97
338982,3293,28784,160,99934,35.00,-7.24,-4.99
339420,1819,28784,138,99934,35.42,-7.23,-4.95
339458,2463,28784,155,99934,35.00,-7.22,-4.96
339480,2595,28784,151,99934,35.00,-7.24,-4.96
339502,2399,28784,155,99934,35.00,-7.25,-4.95
339524,2037,28784,159,99934,35.00,-7.23,-5.02
339546,1461,28784,149,99934,35.00,-7.24,-4.95
339568,1129,28784,147,99934,35.00,-7.26,-4.97
339590,1077,28784,147,99934,35.00,-7.24,-4.97
339612,1236,28592,139,99934,35.00,-7.24,-4.98
339634,1660,28784,146,99934,35.00,-7.25,-4.98
339656,2159,28784,143,99934,35.00,-7.24,-4.97
339698,2535,28784,149,99934,35.00,-7.24,-4.98
339720,2641,28784,153,99934,35.00,-7.24,-4.96
339742,2303,28784,155,99934,35.00,-7.24,-4.96
339764,1755,28592,151,99934,35.00,-7.24,-4.98
339786,1340,28592,151,99934,35.00,-7.24,-4.99
339808,947,28592,147,99934,35.00,-7.22,-4.96
339830,857,28592,146,99934,35.00,-7.23,-4.97
339852,1047,28784,143,99934,35.00,-7.24,-4.95
339874,1481,28784,147,99934,35.00,-7.23,-5.00
339896,1957,28592,143,99934,35.00,-7.23,-5.01
339918,2410,28784,154,99934,35.00,-7.24,-4.98
339959,2637,28784,154,99934,35.00,-7.26,-4.97
339981,2603,28784,152,99934,35.00,-7.27,-4.99
340696,2291,28784,159,99934,36.37,-7.24,-5.00
340721,2215,28592,149,99934,35.00,-7.22,-4.99
340743,2584,28784,155,99934,35.00,-7.22,-5.01
340765,2035,28784,151,99934,35.00,-7.25,-4.95
340787,1484,28784,153,99934,35.00,-7.25,-4.97
340809,1133,28784,142,99934,35.00,-7.23,-5.00
340831,883,28784,147,99934,35.00,-7.19,-5.01
340853,1005,29296,141,99934,35.00,-7.25,-4.98
340875,1463,29296,143,99934,35.00,-7.23,-4.96
340897,1835,29296,147,99934,35.00,-7.29,-4.98
340919,2328,29296,153,99934,35.00,-7.23,-5.01
340961,2410,29296,149,99934,35.00,-7.23,-4.97
340983,2415,29296,152,99934,35.00,-7.25,-4.96
341718,2121,29296,149,99934,35.31,-7.20,-4.96
341743,2237,29296,149,99934,35.00,-7.23,-4.98
341765,2339,29296,151,99934,35.00,-7.21,-4.95
341787,1960,30064,149,99934,35.00,-7.21,-4.99
341809,1471,29296,149,99934,35.00,-7.24,-4.97
341831,1169,30064,148,99934,35.00,-7.24,-4.96
341853,990,30064,141,99934,35.00,-7.25,-4.96
341875,1189,30064,146,99934,35.00,-7.24,-4.97
341897,1561,29296,143,99934,35.00,-7.27,-4.97
341919,2005,29296,143,99934,35.00,-7.23,-4.95
341941,2439,30064,151,99934,35.00,-7.24,-4.97
341984,2621,30064,151,99934,35.00,-7.23,-4.97
342739,2411,30064,155,99934,35.30,-7.23,-5.01
342765,2258,29296,155,99934,35.00,-7.24,-4.96
342787,2325,30064,159,99934,35.00,-7.25,-4.99
342809,2111,30064,163,99934,35.00,-7.24,-4.94
342831,1503,30064,163,99934,35.00,-7.20,-4.97
342853,1066,29296,155,99934,35.00,-7.23,-4.96
342875,947,29296,153,99934,35.00,-7.22,-4.99
342897,1099,30064,150,99934,35.00,-7.23,-4.95
342919,1433,29296,151,99934,35.00,-7.26,-4.96
342941,1978,30064,149,99934,35.00,-7.21,-4.96
342963,2341,29296,153,99934,35.00,-7.26,-4.98
342985,2419,30064,146,99934,35.00,-7.24,-4.95
343026,2263,29296,154,99934,35.00,-7.23,-4.96
343048,2039,29296,145,99934,35.00,-7.25,-4.95
343070,1577,29296,147,99934,35.00,-7.21,-4.96
343092,1019,29296,138,99934,35.00,-7.23,-4.96
343114,760,29296,136,99934,35.00,-7.27,-5.00
343136,751,29296,127,99934,35.00,-7.19,-4.96
343158,1060,29296,139,99934,35.00,-7.22,-4.97
343180,1462,30064,131,99934,35.00,-7.22,-4.96
343202,1943,30064,141,99934,35.00,-7.25,-4.98
343224,2250,29296,139,99934,35.00,-7.23,-4.97
343267,2297,30064,142,99934,35.00,-7.27,-4.97
343289,1999,29296,135,99934,35.00,-7.25,-5.00
343311,1581,30064,141,99934,35.00,-7.23,-4.95
343333,1193,29296,136,99934,35.00,-7.24,-4.98
343355,908,30064,139,99934,35.00,-7.19,-5.01
343377,923,30064,132,99934,35.00,-7.24,-4.98
343399,1125,29296,135,99934,35.00,-7.22,-5.00
343421,1811,30064,136,99934,35.00,-7.23,-4.96
343443,2279,30064,146,99934,35.00,-7.27,-5.00
343465,2531,30064,143,99934,35.00,-7.22,-4.99
343507,2557,30064,148,99934,35.00,-7.25,-4.94
343529,2309,30064,151,99934,35.00,-7.25,-4.95
343551,1871,30064,149,99934,35.00,-7.23,-4.98
343573,1365,30064,147,99934,35.00,-7.26,-4.95
343595,1071,30064,147,99934,35.00,-7.20,-4.98
343617,1165,30064,147,99934,35.00,-7.23,-4.97
343639,1461,30064,149,99934,35.00,-7.26,-4.99
343661,1952,30064,156,99934,35.00,-7.20,-4.97
343683,2441,30064,157,99934,35.00,-7.24,-4.99
343705,2789,30064,159,99934,35.00,-7.23,-4.99
343727,2902,30064,167,99934,35.00,-7.26,-4.96
343768,2680,30064,167,99934,35.00,-7.24,-4.96
343790,2367,30064,174,99934,35.00,-7.22,-4.99
343812,1845,30064,165,99934,35.00,-7.23,-5.01
343834,1343,30064,156,99934,35.00,-7.20,-4.93
343856,1021,30064,155,99934,35.00,-7.21,-4.98
343878,1117,30064,152,99934,35.00,-7.22,-4.99
343900,1471,30064,151,99934,35.00,-7.24,-4.97
343922,1992,30064,153,99934,35.00,-7.19,-4.97
343944,2399,30064,155,99934,35.00,-7.22,-4.99
343966,2581,30064,157,99934,35.00,-7.24,-4.96
344526,2458,30064,154,99934,35.54,-7.27,-5.01
344556,2646,30064,157,99934,35.00,-7.26,-4.98
344578,893,30064,146,99934,35.00,-7.24,-4.97
344600,1273,30064,152,99934,35.00,-7.29,-4.99
344622,1691,30064,149,99934,35.00,-7.19,-4.99
344644,2253,30064,155,99934,35.00,-7.20,-4.95
344666,2635,30064,156,99934,35.00,-7.26,-4.95
344688,2767,30064,165,99934,35.00,-7.23,-5.00
344730,2603,30064,159,99934,35.00,-7.23,-5.02
344752,2155,30064,150,99934,35.00,-7.25,-4.98
344774,1591,30064,141,99934,35.00,-7.23,-4.98
344796,1142,30064,146,99934,35.00,-7.24,-4.98
344818,952,30064,147,99934,35.00,-7.19,-4.99
344840,1071,30064,139,99934,35.00,-7.21,-5.01
344862,1417,30064,147,99934,35.00,-7.22,-4.98
344884,1885,30064,147,99934,35.00,-7.21,-4.99
344906,2387,30064,154,99934,35.00,-7.28,-4.98
344928,2709,30064,148,99934,35.00,-7.23,-4.99
344950,2575,30064,153,99934,35.00,-7.25,-5.00
344991,2116,30064,154,99934,35.00,-7.24,-4.96
345547,1871,30064,147,99934,35.88,-7.24,-4.98
345577,2717,30064,156,99934,35.00,-7.23,-4.94
345599,983,29296,155,99934,35.00,-7.23,-4.97
345621,1157,30064,153,99934,35.00,-7.26,-4.97
345643,1513,30064,157,99934,35.00,-7.24,-4.98
345665,2056,30064,153,99934,35.00,-7.18,-4.99
345687,2456,30064,167,99934,35.00,-7.27,-4.97
345709,2648,30064,169,99934,35.00,-7.22,-4.99
345731,2644,30064,167,99934,35.00,-7.23,-4.94
345773,2430,30064,167,99934,35.00,-7.23,-4.95
345795,1894,30064,154,99934,35.00,-7.22,-4.95
345817,1255,29296,151,99934,35.00,-7.24,-5.00
345839,878,29296,149,99934,35.00,-7.24,-4.98
345861,791,29296,141,99934,35.00,-7.20,-4.99
345883,1086,30064,139,99934,35.00,-7.23,-4.99
345905,1652,30064,139,99934,35.00,-7.21,-4.92
345927,2037,30064,147,99934,35.00,-7.24,-4.98
345949,2343,30064,143,99934,35.00,-7.24,-5.02
345971,2375,29296,151,99934,35.00,-7.22,-5.00
346568,2107,29296,145,99934,35.17,-7.27,-4.96
346598,2910,30064,159,99934,35.00,-7.23,-4.97
346620,1116,30064,145,99934,35.00,-7.21,-4.99
346642,1180,30064,147,99934,35.00,-7.26,-4.99
346664,1429,30064,148,99934,35.00,-7.27,-5.00
346686,1982,30064,153,99934,35.00,-7.19,-4.97
346708,2652,30064,157,99934,35.00,-7.22,-4.94
346730,3177,30064,173,99934,35.00,-7.25,-4.99
346752,3183,30064,171,99934,35.00,-7.19,-4.97
346774,2778,30064,165,99934,35.00,-7.23,-5.01
346815,2301,30064,159,99934,35.00,-7.25,-4.99
346837,1869,30064,153,99934,35.00,-7.21,-4.97
346859,1147,30064,141,99934,35.00,-7.23,-4.98
346881,796,30064,141,99934,35.00,-7.22,-4.99
346903,883,29296,147,99934,35.00,-7.25,-5.00
346925,1215,30064,145,99934,35.00,-7.24,-5.01
346947,1725,30064,147,99934,35.00,-7.23,-5.00
346969,2251,30064,149,99934,35.00,-7.22,-4.99
346991,2507,30064,153,99934,35.00,-7.21,-4.98
347590,2549,30064,152,99934,35.36,-7.21,-4.99
347621,2647,30064,155,99934,35.00,-7.23,-4.98
347643,621,30064,134,99934,35.00,-7.23,-4.95
347665,939,30064,141,99934,35.00,-7.27,-4.96
347687,1395,30064,140,99934,35.00,-7.23,-4.95
347709,2045,30064,150,99934,35.00,-7.22,-4.96
347731,2514,30064,155,99934,35.00,-7.25,-5.00
347753,2732,30064,153,99934,35.00,-7.25,-4.95
347775,2693,30064,155,99934,35.00,-7.22,-4.99
347797,2303,30064,157,99934,35.00,-7.25,-4.98
347838,1812,30064,153,99934,35.00,-7.23,-4.95
347860,1437,30064,149,99934,35.00,-7.24,-4.95
347882,1036,30064,143,99934,35.00,-7.23,-5.00
347904,973,30064,149,99934,35.00,-7.21,-4.99
347926,1199,30064,141,99934,35.00,-7.24,-4.94
347948,1654,30064,155,99934,35.00,-7.23,-4.98
347970,2155,30576,145,99934,35.00,-7.21,-4.97
347992,2577,30576,156,99934,35.00,-7.24,-4.97
348356,2683,30064,153,99934,35.56,-7.18,-4.98
348384,1941,30064,137,99934,35.00,-7.23,-4.97
348406,759,30064,136,99934,35.00,-7.23,-4.97
348428,1207,30064,136,99934,35.00,-7.20,-4.95
348450,1707,30064,136,99934,35.00,-7.24,-4.97
348472,2285,30064,143,99934,35.00,-7.24,-4.98
348494,2535,30576,145,99934,35.00,-7.21,-4.98
348516,2517,30576,148,99934,35.00,-7.22,-4.97
348538,2232,30064,150,99934,35.00,-7.21,-4.99
348580,1775,30064,147,99934,35.00,-7.24,-4.94
348602,1315,30064,139,99934,35.00,-7.25,-4.98
348624,1051,30064,140,99934,35.00,-7.23,-4.96
348646,973,30576,137,99934,35.00,-7.23,-4.99
348668,1261,30064,139,99934,35.00,-7.24,-5.01
348690,1770,30064,149,99934,35.00,-7.21,-4.96
348712,2291,30064,155,99934,35.00,-7.25,-4.96
348734,2537,30576,153,99934,35.00,-7.21,-5.01
348756,2597,30576,153,99934,35.00,-7.22,-4.97
348778,2341,30576,153,99934,35.00,-7.24,-4.97
348820,1848,30064,151,99934,35.00,-7.23,-4.99
348842,1329,30064,150,99934,35.00,-7.22,-4.97
348864,1072,30064,149,99934,35.00,-7.19,-4.96
348886,949,30064,145,99934,35.00,-7.27,-4.99
348908,1438,30064,147,99934,35.00,-7.22,-4.99
348930,1747,30064,149,99934,35.00,-7.23,-4.96
348952,2295,30064,148,99934,35.00,-7.22,-5.00
348974,2733,30064,157,99934,35.00,-7.23,-4.97
348996,2861,30064,157,99934,35.00,-7.19,-4.94
349377,2715,30064,154,99934,36.48,-7.24,-4.95
349405,2156,30064,153,99934,35.00,-7.26,-4.98
349427,745,30064,139,99934,35.00,-7.22,-4.93
349449,1183,30064,141,99934,35.00,-7.24,-5.03
349471,1689,30064,148,99934,35.00,-7.23,-4.97
349493,2188,30064,152,99934,35.00,-7.21,-4.99
349515,2525,30064,157,99934,35.00,-7.25,-4.98
349537,2683,30576,163,99934,35.00,-7.23,-4.96
349559,2549,30064,167,99934,35.00,-7.25,-5.01
349581,2137,30064,169,99934,35.00,-7.24,-4.97
349622,1625,30064,165,99934,35.00,-7.20,-4.97
349644,1545,30064,169,99934,35.00,-7.20,-5.00
349666,1255,30064,168,99934,35.00,-7.21,-4.93
349688,1188,30064,163,99934,35.00,-7.21,-4.98
349710,1469,30064,163,99934,35.00,-7.21,-4.94
349732,1869,30064,164,99934,35.00,-7.19,-4.97
349754,2403,30064,171,99934,35.00,-7.20,-4.98
349776,2651,30064,169,99934,35.00,-7.22,-4.97
349798,2437,30064,163,99934,35.00,-7.23,-4.99
349820,2167,30064,155,99934,35.00,-7.24,-4.98
349842,1595,30064,153,99934,35.00,-7.21,-4.96
349883,1021,30064,153,99934,35.00,-7.24,-4.98
349905,762,30064,147,99934,35.00,-7.24,-4.97
349927,599,30064,143,99934,35.00,-7.20,-4.99
349949,819,30064,141,99934,35.00,-7.26,-4.99
349971,1215,30064,141,99934,35.00,-7.23,-4.96
349993,1685,30064,145,99934,35.00,-7.23,-4.95
350397,2133,30576,145,99934,36.04,-7.23,-4.97
350425,2479,30064,150,99934,35.00,-7.24,-4.98
350447,718,29296,137,99934,35.00,-7.26,-4.96
350469,955,30064,147,99934,35.00,-7.22,-4.95
350491,1325,30064,137,99934,35.00,-7.20,-4.98
350513,1897,30064,148,99934,35.00,-7.24,-4.95
350535,2266,30064,139,99934,35.00,-7.23,-4.98
350557,2840,30064,155,99934,35.00,-7.21,-5.02
350579,2793,30064,151,99934,35.00,-7.21,-4.97
350601,2427,30064,155,99934,35.00,-7.23,-4.99
350623,1997,30064,149,99934,35.00,-7.24,-4.96
350665,1337,30064,151,99934,35.00,-7.19,-4.99
350687,892,30064,139,99934,35.00,-7.25,-4.98
350709,940,30064,147,99934,35.00,-7.23,-4.97
350731,1203,30064,149,99934,35.00,-7.29,-5.00
350753,1571,30064,151,99934,35.00,-7.23,-4.99
350775,2213,30064,153,99934,35.00,-7.19,-4.97
350797,2597,30064,159,99934,35.00,-7.26,-5.01
350819,2719,30064,157,99934,35.00,-7.22,-4.96
350841,2493,30064,165,99934,35.00,-7.24,-5.02
350863,2057,30064,153,99934,35.00,-7.23,-4.95
350905,1454,30064,155,99934,35.00,-7.21,-4.95
350927,1125,30064,149,99934,35.00,-7.23,-4.98
350949,1064,30064,149,99934,35.00,-7.23,-4.95
350971,1297,30064,147,99934,35.00,-7.23,-4.96
350993,1722,30064,143,99934,35.00,-7.26,-4.96
351419,2187,30064,147,99934,36.39,-7.22,-4.96
351448,2569,30064,157,99934,35.00,-7.24,-4.99
351470,841,30064,149,99934,35.00,-7.20,-4.99
351492,1227,30064,147,99934,35.00,-7.23,-5.02
351514,1571,29296,148,99934,35.00,-7.22,-4.95
351536,1979,30064,147,99934,35.00,-7.23,-4.97
351558,2393,30064,153,99934,35.00,-7.24,-4.95
351580,2520,30064,152,99934,35.00,-7.26,-4.98
351602,2365,30064,151,99934,35.00,-7.27,-4.98
351624,1952,30064,159,99934,35.00,-7.24,-4.95
351646,1445,30064,151,99934,35.00,-7.24,-4.98
351687,1023,30064,153,99934,35.00,-7.20,-4.96
351709,822,30064,139,99934,35.00,-7.25,-4.99
351731,789,30064,141,99934,35.00,-7.21,-4.97
351753,1075,30064,137,99934,35.00,-7.20,-4.96
351775,1567,30064,151,99934,35.00,-7.21,-4.98
351797,2154,30064,150,99934,35.00,-7.24,-4.98
351819,2515,30064,159,99934,35.00,-7.21,-5.00
351841,2661,30064,157,99934,35.00,-7.25,-4.94
351863,2483,30064,167,99934,35.00,-7.27,-4.99
351885,2023,30064,152,99934,35.00,-7.23,-4.97
351907,1493,30064,157,99934,35.00,-7.21,-4.97
351948,1078,30064,153,99934,35.00,-7.26,-4.98
351970,1004,30064,153,99934,35.00,-7.25,-4.98
351992,1019,30064,148,99934,35.00,-7.23,-5.02
352440,1369,30064,157,99934,35.97,-7.23,-5.00
352469,3127,29296,168,99934,35.00,-7.23,-4.95
352491,875,29296,152,99934,35.00,-7.19,-4.97
352513,901,29296,150,99934,35.00,-7.24,-4.98
352535,1187,29296,151,99934,35.00,-7.24,-5.01
352557,1997,29296,155,99934,35.00,-7.20,-4.97
352579,2199,29296,155,99934,35.00,-7.26,-4.96
352601,2543,30064,157,99934,35.00,-7.24,-5.00
352623,2667,30064,167,99934,35.00,-7.24,-4.95
352645,2366,30064,164,99934,35.00,-7.23,-4.98
352667,1907,29296,165,99934,35.00,-7.22,-4.98
352710,1274,29296,155,99934,35.00,-7.24,-4.98
352732,819,29296,150,99934,35.00,-7.24,-4.95
352754,913,29296,147,99934,35.00,-7.22,-4.97
352776,1301,29296,149,99934,35.00,-7.23,-4.98
352798,1759,29296,143,99934,35.00,-7.19,-4.95
352820,2238,29296,157,99934,35.00,-7.23,-5.00
352842,2360,29296,156,99934,35.00,-7.21,-4.97
352864,2213,29296,156,99934,35.00,-7.27,-4.98
352886,1823,29296,155,99934,35.00,-7.26,-4.96
352908,1461,29296,155,99934,35.00,-7.24,-4.96
352950,1215,29296,157,99934,35.00,-7.22,-4.97
352972,1175,29296,158,99934,35.00,-7.20,-4.96
352994,1321,29296,153,99934,35.00,-7.20,-4.97
353716,1701,29296,155,99934,35.43,-7.21,-4.98
353752,1420,28592,147,99934,35.00,-7.27,-5.01
353774,727,28592,137,99934,35.00,-7.24,-5.00
353796,1005,28592,145,99934,35.00,-7.24,-4.99
353818,1479,28592,147,99934,35.00,-7.24,-4.98
353840,1937,28592,147,99934,35.00,-7.24,-5.00
353862,2419,28592,156,99934,35.00,-7.22,-4.99
353884,2581,28784,157,99934,35.00,-7.24,-4.97
353906,2461,28784,164,99934,35.00,-7.23,-4.99
353928,2105,28784,157,99934,35.00,-7.24,-4.96
353950,1606,28592,160,99934,35.00,-7.21,-4.97
353972,1123,28784,151,99934,35.00,-7.24,-4.97
354737,889,28784,149,99934,35.66,-7.24,-4.92
354775,1235,28784,149,99934,35.00,-7.25,-4.99
354797,746,28784,147,99934,35.00,-7.22,-4.97
354819,1174,28784,143,99934,35.00,-7.24,-4.94
354841,1693,28784,143,99934,35.00,-7.23,-4.96
354863,2227,28784,157,99934,35.00,-7.25,-4.96
354885,2488,28784,153,99934,35.00,-7.24,-4.96
354907,2415,29296,159,99934,35.00,-7.18,-4.98
354929,2008,29296,149,99934,35.00,-7.24,-4.99
354951,1578,28784,155,99934,35.00,-7.24,-4.97
354973,1061,28784,142,99934,35.00,-7.21,-4.95
355759,805,28784,151,99934,35.16,-7.20,-4.97
355797,1463,28592,155,99934,35.00,-7.21,-4.96
355819,1179,28592,147,99934,35.00,-7.22,-5.00
355841,1560,28784,153,99934,35.00,-7.24,-4.97
355863,1963,28784,151,99934,35.00,-7.18,-4.98
355885,2366,28784,155,99934,35.00,-7.25,-4.98
355907,2439,28784,147,99934,35.00,-7.28,-5.03
355929,2301,28784,155,99934,35.00,-7.21,-4.96
355951,1868,28784,149,99934,35.00,-7.22,-5.02
355973,1327,28784,151,99934,35.00,-7.21,-4.99
355995,983,28784,142,99934,35.00,-7.23,-4.96
356038,846,28784,149,99934,35.00,-7.22,-5.00
356060,1065,28784,137,99934,35.00,-7.22,-5.00
356082,1513,29296,149,99934,35.00,-7.22,-4.96
356104,2041,29296,145,99934,35.00,-7.24,-4.96
356126,2483,29296,151,99934,35.00,-7.25,-4.97
356148,2555,29296,153,99934,35.00,-7.20,-4.97
356170,2377,29296,155,99934,35.00,-7.22,-4.96
356192,1992,29296,151,99934,35.00,-7.24,-4.95
356214,1491,29296,153,99934,35.00,-7.19,-4.97
356236,1097,28784,151,99934,35.00,-7.25,-4.98
356278,1047,28784,149,99934,35.00,-7.22,-4.97
356300,1272,28784,147,99934,35.00,-7.22,-4.98
356322,1685,29296,148,99934,35.00,-7.24,-4.95
356344,2094,29296,147,99934,35.00,-7.23,-4.94
356366,2351,29296,153,99934,35.00,-7.23,-4.98
356388,2556,29296,155,99934,35.00,-7.24,-4.97
356410,2456,29296,159,99934,35.00,-7.24,-4.97
356432,1956,29296,153,99934,35.00,-7.24,-5.00
356454,1458,29296,155,99934,35.00,-7.25,-4.99
356476,1071,29296,147,99934,35.00,-7.23,-4.96
356498,971,29296,150,99934,35.00,-7.23,-4.96
356539,1146,29296,142,99934,35.00,-7.22,-4.97
356561,1275,28784,151,99934,35.00,-7.27,-4.99
356583,1769,29296,147,99934,35.00,-7.20,-4.98
356605,2171,29296,152,99934,35.00,-7.24,-5.00
356627,2525,29296,155,99934,35.00,-7.23,-4.99
356649,2653,29296,159,99934,35.00,-7.20,-5.00
356671,2399,29296,159,99934,35.00,-7.25,-5.00
356693,1949,29296,157,99934,35.00,-7.21,-4.95
356715,1429,28784,157,99934,35.00,-7.20,-4.97
356737,1110,28784,153,99934,35.00,-7.26,-4.98
356779,1107,29296,155,99934,35.00,-7.22,-4.96
356801,1389,29296,150,99934,35.00,-7.23,-4.98
356823,1757,29296,155,99934,35.00,-7.19,-4.94
356845,2175,29296,153,99934,35.00,-7.25,-5.01
356867,2455,29296,157,99934,35.00,-7.20,-4.99
356889,2509,29296,153,99934,35.00,-7.19,-4.95
356911,2409,29296,163,99934,35.00,-7.24,-4.97
356933,2092,28784,149,99934,35.00,-7.23,-4.99
356955,1755,28784,156,99934,35.00,-7.24,-4.98
356977,1074,28784,141,99934,35.00,-7.21,-4.99
356999,793,28784,137,99934,35.00,-7.22,-4.97
357040,969,28592,137,99934,35.00,-7.24,-4.97
357062,872,28592,127,99934,35.00,-7.24,-4.98
357084,1293,28592,138,99934,35.00,-7.24,-4.93
357106,1958,28080,140,99934,35.00,-7.22,-4.99
357128,2227,27312,137,99934,35.00,-7.22,-4.96
357150,2409,27312,141,99934,35.00,-7.23,-4.99
357172,2021,26800,149,99934,35.00,-7.22,-4.99
357194,1629,26800,149,99934,35.00,-7.19,-4.96
357216,1051,26800,147,99934,35.00,-7.23,-4.97
357238,742,26800,141,99934,35.00,-7.28,-4.97
357281,755,27312,149,99934,35.00,-7.21,-4.98
357303,1421,26800,147,99934,35.00,-7.23,-4.95
357325,2274,27312,151,99934,35.00,-7.24,-4.99
357347,2517,27312,165,99934,35.00,-7.23,-4.98
357369,2602,27312,155,99934,35.00,-7.25,-4.97
357391,2588,27312,159,99934,35.00,-7.20,-5.01
357413,2269,27312,167,99934,35.00,-7.22,-4.96
357435,1867,27312,163,99934,35.00,-7.20,-5.02
357457,1469,27312,163,99934,35.00,-7.26,-4.97
357479,1177,27312,157,99934,35.00,-7.19,-5.02
357521,1139,27312,157,99934,35.00,-7.21,-4.99
357543,1565,27312,157,99934,35.00,-7.22,-4.98
357565,2105,27312,157,99934,35.00,-7.20,-4.97
357587,2687,27312,169,99934,35.00,-7.28,-4.98
357609,2903,27312,163,99934,35.00,-7.22,-4.99
357631,2963,28080,168,99934,35.00,-7.23,-4.99
357653,2675,28080,171,99934,35.00,-7.24,-5.01
357675,2019,28080,165,99934,35.00,-7.23,-4.96
357697,1414,28080,156,99934,35.00,-7.23,-5.01
357719,1047,28080,152,99934,35.00,-7.25,-4.96
357762,1055,28080,150,99934,35.00,-7.21,-5.03
357784,1399,28080,149,99934,35.00,-7.23,-4.97
357806,1913,28080,147,99934,35.00,-7.23,-4.97
357828,2143,28080,155,99934,35.00,-7.28,-4.97
357850,2343,28080,151,99934,35.00,-7.25,-4.96
357872,2491,28080,154,99934,35.00,-7.23,-4.99
357894,1707,28080,155,99934,35.00,-7.24,-4.99
357916,1391,28080,149,99934,35.00,-7.21,-4.94
357938,747,28080,147,99934,35.00,-7.27,-4.97
357960,601,28080,151,99934,35.00,-7.24,-5.02
358566,718,28080,151,99934,35.67,-7.24,-4.98
358604,2407,28592,155,99934,35.00,-7.26,-5.00
358626,1546,28592,146,99934,35.00,-7.23,-4.94
358648,1966,28592,143,99934,35.00,-7.23,-4.95
358670,2213,28592,149,99934,35.00,-7.23,-5.01
358692,2232,28592,151,99934,35.00,-7.21,-4.97
358714,1879,28592,151,99934,35.00,-7.20,-4.99
358736,1463,28592,147,99934,35.00,-7.24,-4.99
358758,957,28592,153,99934,35.00,-7.23,-4.98
358780,717,28592,143,99934,35.00,-7.20,-4.96
358802,649,28592,141,99934,35.00,-7.24,-5.00
358844,878,28592,147,99934,35.00,-7.24,-4.98
358866,1467,28592,147,99934,35.00,-7.22,-4.96
358888,2031,28592,150,99934,35.00,-7.25,-4.96
358910,2285,28592,151,99934,35.00,-7.24,-4.98
358932,2524,28592,153,99934,35.00,-7.26,-5.00
358954,2261,28592,157,99934,35.00,-7.25,-4.98
358976,1707,28592,147,99934,35.00,-7.19,-4.98
358998,1289,28592,152,99934,35.00,-7.22,-4.96
359020,956,28592,151,99934,35.00,-7.27,-4.98
359042,973,28592,149,99934,35.00,-7.23,-4.99
359064,1099,28592,145,99934,35.00,-7.22,-4.98
359105,1563,28592,151,99934,35.00,-7.24,-4.95
359127,1824,28592,142,99934,35.00,-7.23,-4.94
359149,2340,28592,150,99934,35.00,-7.21,-4.97
359171,2641,28784,153,99934,35.00,-7.24,-4.98
359193,2736,28592,157,99934,35.00,-7.25,-4.97
359215,2489,28592,156,99934,35.00,-7.19,-4.99
359237,2079,28592,155,99934,35.00,-7.23,-4.97
359259,1500,28784,152,99934,35.00,-7.22,-4.97
359281,1123,28784,147,99934,35.00,-7.25,-4.98
359303,1015,28784,147,99934,35.00,-7.21,-5.00
359345,1245,28592,141,99934,35.00,-7.25,-5.05
359367,1867,28784,153,99934,35.00,-7.23,-4.98
359389,2395,28784,155,99934,35.00,-7.20,-4.98
359411,3283,28784,185,99934,35.00,-7.24,-4.96
359433,3205,28784,183,99934,35.00,-7.24,-4.99
359455,3416,28784,200,99934,35.00,-7.23,-4.94
359477,2975,28784,203,99934,35.00,-7.22,-4.95
359499,2579,28592,213,99934,35.00,-7.25,-4.96
359521,2293,28592,215,99934,35.00,-7.19,-4.95
359543,2901,28592,239,99934,35.00,-7.25,-4.94
359565,3787,28592,269,99934,35.00,-7.18,-5.00
359606,3799,28592,284,99934,35.00,-7.20,-4.96
359628,3815,28592,341,99934,35.00,-7.22,-4.93
359650,3816,28592,356,99934,35.00,-7.23,-4.96
359672,3813,28592,375,99934,35.00,-7.23,-4.96
359694,3819,28592,421,99934,35.00,-7.29,-4.95
359716,3812,28592,473,99934,35.00,-7.23,-4.97
359738,3797,28592,485,99934,35.00,-7.24,-4.98
359760,2365,28592,416,99934,35.00,-7.20,-4.98
359782,0,28592,310,99934,35.00,-7.22,-4.97
359804,0,28592,271,99934,35.00,-7.21,-4.96
359847,0,28592,217,99934,35.00,-7.23,-5.02
359869,0,28592,105,99934,35.00,-7.26,-4.99
359891,0,28592,69,99934,35.00,-7.22,-4.96
359913,0,28592,42,99934,35.00,-7.21,-4.98
359935,0,28592,41,99934,35.00,-7.24,-5.01
359957,0,28592,60,99934,35.00,-7.26,-4.98
359979,0,28592,89,99934,35.00,-7.25,-4.95
360353,0,28592,41,99934,35.31,-7.23,-4.99
360388,3813,26416,393,99934,35.00,-7.23,-4.95
360410,3805,26416,338,99934,35.00,-7.26,-4.97
360432,3807,26416,277,99934,35.00,-7.25,-4.94
360454,3818,26416,279,99934,35.00,-7.25,-4.96
360476,3814,26416,439,99934,35.00,-7.21,-4.94
360498,3805,26416,573,99934,35.00,-7.21,-4.97
360520,3796,26416,682,99934,35.00,-7.24,-4.99
360542,3794,26416,767,99934,35.00,-7.24,-4.96
360564,3803,26416,781,99934,35.00,-7.23,-4.96
360586,3811,26416,665,99934,35.00,-7.26,-5.02
360628,1215,26416,425,99934,35.00,-7.23,-4.97
360650,0,26416,237,99934,35.00,-7.22,-4.95
360672,0,26800,173,99934,35.00,-7.24,-4.97
360694,0,26416,127,99934,35.00,-7.22,-4.98
360716,0,26800,83,99934,35.00,-7.22,-4.97
360738,0,26800,118,99934,35.00,-7.22,-4.96
360760,0,26800,135,99934,35.00,-7.21,-4.96
360782,0,26800,123,99934,35.00,-7.24,-4.95
360804,0,26416,119,99934,35.00,-7.20,-4.97
360826,0,26416,111,99934,35.00,-7.24,-5.01
360848,0,26416,110,99934,35.00,-7.22,-4.98
360889,0,26416,114,99934,35.00,-7.24,-4.96
360911,359,26800,135,99934,35.00,-7.22,-4.97
360933,977,26800,149,99934,35.00,-7.21,-4.97
360955,1475,26800,152,99934,35.00,-7.20,-4.99
360977,1557,26800,153,99934,35.00,-7.22,-4.96
360999,958,26800,147,99934,35.00,-7.23,-4.98
361021,407,26800,152,99934,35.00,-7.24,-4.99
361043,105,26800,148,99934,35.00,-7.27,-5.00
361065,93,27312,152,99934,35.00,-7.20,-4.99
361087,219,26800,151,99934,35.00,-7.22,-5.00
361129,469,27312,147,99934,35.00,-7.20,-4.96
361151,1043,26800,137,99934,35.00,-7.23,-4.99
361173,1615,26800,143,99934,35.00,-7.21,-4.99
361195,1991,26800,143,99934,35.00,-7.25,-4.97
361217,1990,26800,151,99934,35.00,-7.24,-4.97
361239,1803,26800,153,99934,35.00,-7.21,-4.97
361261,1471,26800,157,99934,35.00,-7.25,-4.99
361283,965,26800,148,99934,35.00,-7.22,-4.99
361305,679,26800,149,99934,35.00,-7.23,-5.00
361327,695,26800,139,99934,35.00,-7.27,-5.01
361349,1069,26416,147,99934,35.00,-7.24,-4.95
361390,1645,26800,141,99934,35.00,-7.23,-4.98
361412,1832,26800,141,99934,35.00,-7.23,-4.99
361434,2221,26800,145,99934,35.00,-7.24,-4.94
361456,2311,26800,147,99934,35.00,-7.23,-4.99
361478,2139,26800,141,99934,35.00,-7.23,-5.01
361500,1703,26800,139,99934,35.00,-7.26,-5.00
361522,1148,26800,137,99934,35.00,-7.20,-4.97
361544,937,26800,125,99934,35.00,-7.23,-4.96
361566,671,26800,133,99934,35.00,-7.19,-4.96
361588,932,26800,134,99934,35.00,-7.23,-4.96
361631,1418,26800,126,99934,35.00,-7.23,-5.01
361653,2275,26800,138,99934,35.00,-7.24,-4.95
361675,2637,26800,140,99934,35.00,-7.26,-4.98
361697,2696,27312,147,99934,35.00,-7.22,-4.99
361719,2383,26800,147,99934,35.00,-7.21,-5.01
361741,1998,27312,141,99934,35.00,-7.23,-4.98
361763,1511,26800,141,99934,35.00,-7.23,-5.00
361785,1208,26800,139,99934,35.00,-7.24,-4.98
361807,1165,26800,137,99934,35.00,-7.21,-4.98
361829,1391,26800,135,99934,35.00,-7.23,-4.97
361871,1863,26800,141,99934,35.00,-7.23,-4.99
361893,2375,27312,140,99934,35.00,-7.21,-4.98
361915,2699,27312,151,99934,35.00,-7.22,-4.99
361937,2831,27312,153,99934,35.00,-7.24,-4.98
361959,2617,26800,153,99934,35.00,-7.21,-4.97
361981,2095,26800,149,99934,35.00,-7.22,-4.97
362395,1626,26800,146,99934,35.46,-7.21,-4.98
362433,2599,27312,139,99934,35.00,-7.24,-4.99
362455,2487,26800,149,99934,35.00,-7.23,-5.02
362477,2612,27312,143,99934,35.00,-7.23,-5.01
362499,2567,27312,157,99934,35.00,-7.22,-4.98
362521,2169,27312,147,99934,35.00,-7.21,-4.99
362543,1699,27312,153,99934,35.00,-7.26,-4.96
362565,1269,27312,148,99934,35.00,-7.24,-4.94
362587,1031,26800,152,99934,35.00,-7.27,-4.99
362609,1097,27312,149,99934,35.00,-7.17,-5.01
362631,1429,27312,147,99934,35.00,-7.22,-4.96
362673,1881,27312,143,99934,35.00,-7.28,-4.96
362695,2375,27312,152,99934,35.00,-7.24,-5.01
362717,2590,27312,153,99934,35.00,-7.24,-4.99
362739,2555,27312,156,99934,35.00,-7.25,-4.99
362761,2297,26800,152,99934,35.00,-7.20,-4.98
362783,1780,27312,151,99934,35.00,-7.21,-4.99
362805,1321,27312,151,99934,35.00,-7.24,-4.98
362827,1023,27312,149,99934,35.00,-7.26,-5.00
362849,1077,27312,143,99934,35.00,-7.24,-5.01
362871,1353,26800,149,99934,35.00,-7.21,-5.02
362893,1817,27312,147,99934,35.00,-7.23,-5.00
362934,2329,27312,149,99934,35.00,-7.20,-5.00
362956,2437,27312,147,99934,35.00,-7.21,-4.96
362978,2587,27312,149,99934,35.00,-7.22,-4.96
363416,2437,27312,149,99934,36.25,-7.20,-4.93
363455,2669,27312,155,99934,35.00,-7.22,-4.97
363477,2470,27312,149,99934,35.00,-7.23,-5.02
363499,2601,27312,153,99934,35.00,-7.23,-5.00
363521,2505,27312,158,99934,35.00,-7.20,-4.98
363543,2125,27312,153,99934,35.00,-7.23,-4.96
363565,1615,27312,160,99934,35.00,-7.22,-5.01
363587,1199,27312,153,99934,35.00,-7.23,-4.97
363609,1103,27312,153,99934,35.00,-7.22,-4.97
363631,1228,27312,152,99934,35.00,-7.22,-5.01
363653,1607,27312,153,99934,35.00,-7.23,-4.97
363696,2098,27312,155,99934,35.00,-7.26,-5.00
363718,2615,27312,156,99934,35.00,-7.24,-5.00
363740,2711,27312,165,99934,35.00,-7.23,-4.97
363762,2444,27312,164,99934,35.00,-7.22,-4.96
363784,2023,27312,165,99934,35.00,-7.23,-4.98
363806,1437,27312,157,99934,35.00,-7.22,-4.97
363828,1095,27312,155,99934,35.00,-7.23,-4.97
363850,1031,27312,153,99934,35.00,-7.21,-4.96
363872,1257,27312,153,99934,35.00,-7.17,-5.00
363894,1694,27312,157,99934,35.00,-7.23,-4.96
363936,2171,27312,155,99934,35.00,-7.22,-4.95
363958,2427,27312,156,99934,35.00,-7.27,-4.95
363980,2495,27312,154,99934,35.00,-7.20,-5.01
364693,2296,27312,165,99934,36.36,-7.19,-4.98
364718,1625,27312,133,99934,35.00,-7.27,-4.97
364740,2627,27312,141,99934,35.00,-7.21,-5.00
364762,2695,27312,149,99934,35.00,-7.22,-4.95
364784,2441,27312,145,99934,35.00,-7.22,-4.97
364806,2057,26800,150,99934,35.00,-7.21,-4.97
364828,1553,26800,147,99934,35.00,-7.23,-5.01
364850,1237,27312,149,99934,35.00,-7.25,-4.98
364872,1289,27312,149,99934,35.00,-7.23,-4.98
364894,1643,27312,151,99934,35.00,-7.22,-4.98
364916,2195,27312,157,99934,35.00,-7.22,-4.99
364959,2727,27312,162,99934,35.00,-7.20,-4.95
364981,3189,27312,165,99934,35.00,-7.24,-4.94
365714,3003,27312,169,99934,35.39,-7.25,-5.00
365741,1293,27312,136,99934,35.00,-7.25,-4.97
365763,2483,27312,143,99934,35.00,-7.22,-4.99
365785,2387,27312,149,99934,35.00,-7.28,-4.94
365807,2003,27312,150,99934,35.00,-7.19,-4.97
365829,1623,27312,141,99934,35.00,-7.27,-4.99
365851,1175,27312,139,99934,35.00,-7.25,-4.98
365873,1093,27312,137,99934,35.00,-7.25,-4.99
365895,1302,27312,137,99934,35.00,-7.25,-4.96
365917,1851,27312,147,99934,35.00,-7.21,-4.98
365939,2293,27312,147,99934,35.00,-7.23,-4.99
365981,2685,27312,151,99934,35.00,-7.28,-4.99
366736,2779,27312,149,99934,35.38,-7.21,-4.99
366763,1606,27312,134,99934,35.00,-7.23,-4.97
366785,2595,27312,143,99934,35.00,-7.26,-4.99
366807,2279,27312,147,99934,35.00,-7.23,-4.96
366829,1773,28080,141,99934,35.00,-7.20,-4.97
366851,1245,27312,139,99934,35.00,-7.24,-4.99
366873,921,28080,137,99934,35.00,-7.17,-4.98
366895,857,28080,137,99934,35.00,-7.19,-4.97
366917,1041,28080,125,99934,35.00,-7.25,-4.98
366939,1517,28080,140,99934,35.00,-7.20,-4.98
366961,1961,28080,136,99934,35.00,-7.22,-4.97
367504,2296,28080,141,99934,35.47,-7.25,-4.94
367545,2349,28080,136,99934,35.00,-7.26,-4.98
367567,2299,28080,139,99934,35.00,-7.24,-4.97
367589,1899,28080,135,99934,35.00,-7.22,-4.93
367611,1495,28080,141,99934,35.00,-7.24,-4.97
367633,1021,28080,135,99934,35.00,-7.26,-4.99
367655,857,28080,133,99934,35.00,-7.21,-4.99
367677,949,27312,127,99934,35.00,-7.23,-4.97
367699,1353,27312,137,99934,35.00,-7.23,-5.01
367721,1827,28080,139,99934,35.00,-7.23,-4.98
367743,2229,27312,135,99934,35.00,-7.25,-4.98
367785,2487,28080,137,99934,35.00,-7.22,-5.02
367807,2553,28080,141,99934,35.00,-7.21,-4.99
367829,2200,28080,147,99934,35.00,-7.28,-4.96
367851,1747,28080,141,99934,35.00,-7.21,-4.96
367873,1351,28080,138,99934,35.00,-7.23,-4.93
367895,1054,28080,142,99934,35.00,-7.23,-5.02
367917,1067,28080,147,99934,35.00,-7.22,-4.94
367939,1371,28080,146,99934,35.00,-7.25,-4.96
367961,1869,28080,151,99934,35.00,-7.19,-4.98
367983,2365,28080,151,99934,35.00,-7.21,-4.97
368523,2647,28080,154,99934,35.75,-7.25,-4.96
368553,2301,27312,148,99934,35.00,-7.24,-4.97
368575,926,27312,137,99934,35.00,-7.24,-4.99
368597,918,28080,141,99934,35.00,-7.23,-4.98
368619,1080,28080,137,99934,35.00,-7.25,-4.94
368641,1559,28080,147,99934,35.00,-7.21,-5.00
368663,2099,28080,146,99934,35.00,-7.24,-5.00
368685,2543,28080,153,99934,35.00,-7.23,-5.01
368728,2743,28080,155,99934,35.00,-7.21,-4.96
368750,2397,28080,155,99934,35.00,-7.23,-4.99
368772,1977,28080,149,99934,35.00,-7.20,-4.97
368794,1413,28080,151,99934,35.00,-7.25,-4.97
368816,1015,28080,147,99934,35.00,-7.23,-4.99
368838,949,28080,147,99934,35.00,-7.23,-4.96
368860,1179,28080,139,99934,35.00,-7.22,-4.98
368882,1620,28080,147,99934,35.00,-7.24,-4.96
368904,2099,28080,142,99934,35.00,-7.22,-4.98
368926,2438,28080,149,99934,35.00,-7.24,-4.99
368968,2495,28080,147,99934,35.00,-7.20,-4.96
368990,2207,28080,147,99934,35.00,-7.26,-4.98
369544,1763,28080,140,99934,35.69,-7.24,-4.95
369574,2157,28080,134,99934,35.00,-7.21,-5.01
369596,890,27312,133,99934,35.00,-7.21,-4.96
369618,740,28080,124,99934,35.00,-7.23,-4.98
369640,788,27312,124,99934,35.00,-7.21,-4.95
369662,1204,27312,124,99934,35.00,-7.24,-4.96
369684,1715,27312,125,99934,35.00,-7.19,-5.02
369706,2213,28080,134,99934,35.00,-7.27,-4.97
369728,2429,28080,135,99934,35.00,-7.23,-4.96
369770,2417,28080,138,99934,35.00,-7.19,-4.98
369792,2200,27312,137,99934,35.00,-7.22,-5.01
369814,1778,28080,140,99934,35.00,-7.23,-4.96
369836,1303,27312,135,99934,35.00,-7.24,-5.01
369858,1043,27312,133,99934,35.00,-7.22,-5.02
369880,1063,27312,137,99934,35.00,-7.21,-4.98
369902,1392,27312,127,99934,35.00,-7.23,-4.98
369924,1877,27312,141,99934,35.00,-7.17,-4.97
369946,2439,27312,143,99934,35.00,-7.21,-4.99
369968,2783,27312,148,99934,35.00,-7.24,-5.01
369990,2853,28080,145,99934,35.00,-7.23,-4.98
370031,2571,27312,150,99934,35.00,-7.27,-4.97
370053,2345,27312,140,99934,35.00,-7.27,-4.97
370075,1873,27312,149,99934,35.00,-7.22,-4.96
370097,1309,27312,136,99934,35.00,-7.19,-4.97
370119,1069,27312,138,99934,35.00,-7.25,-4.99
370141,1092,27312,134,99934,35.00,-7.23,-4.99
370163,1509,27312,141,99934,35.00,-7.19,-4.96
370185,1896,27312,135,99934,35.00,-7.22,-4.97
370207,2421,27312,143,99934,35.00,-7.24,-4.99
370229,2671,28080,141,99934,35.00,-7.24,-4.97
370271,2587,27312,148,99934,35.00,-7.24,-4.99
370293,2219,27312,149,99934,35.00,-7.21,-4.97
370315,1701,27312,138,99934,35.00,-7.24,-4.95
370337,1235,27312,139,99934,35.00,-7.24,-4.93
370359,969,27312,136,99934,35.00,-7.19,-4.94
370381,969,27312,135,99934,35.00,-7.24,-5.01
370403,1245,27312,135,99934,35.00,-7.20,-5.01
370425,1737,27312,139,99934,35.00,-7.19,-4.98
370447,2187,27312,139,99934,35.00,-7.23,-4.98
370469,2455,27312,140,99934,35.00,-7.23,-4.99
370491,2469,28080,140,99934,35.00,-7.23,-5.00
370532,2295,28080,148,99934,35.00,-7.20,-4.98
370554,2104,27312,141,99934,35.00,-7.23,-4.98
370576,1639,27312,145,99934,35.00,-7.19,-4.95
370598,1211,27312,138,99934,35.00,-7.23,-4.98
370620,995,27312,137,99934,35.00,-7.24,-4.96
370642,1075,28080,138,99934,35.00,-7.18,-4.95
370664,1399,28080,135,99934,35.00,-7.25,-4.98
370686,1901,28080,141,99934,35.00,-7.24,-4.98
370708,2374,28080,147,99934,35.00,-7.23,-4.96
370730,2582,27312,148,99934,35.00,-7.25,-5.00
370773,2521,28080,142,99934,35.00,-7.20,-4.99
370795,1956,27312,143,99934,35.00,-7.20,-4.96
370817,1453,28080,148,99934,35.00,-7.21,-5.00
370839,1053,27312,143,99934,35.00,-7.24,-4.97
370861,919,27312,136,99934,35.00,-7.24,-5.01
370883,1129,27312,137,99934,35.00,-7.20,-4.96
370905,1549,27312,135,99934,35.00,-7.24,-4.99
370927,2035,28080,137,99934,35.00,-7.23,-4.99
370949,2428,28080,150,99934,35.00,-7.24,-4.99
370971,2523,28080,146,99934,35.00,-7.21,-4.95
371586,2419,28080,150,99934,35.18,-7.23,-4.98
371617,1893,28080,137,99934,35.00,-7.21,-4.97
371639,1131,28080,137,99934,35.00,-7.22,-5.01
371661,937,28080,137,99934,35.00,-7.25,-4.99
371683,843,28080,139,99934,35.00,-7.22,-4.93
371705,1174,28080,133,99934,35.00,-7.25,-4.97
371727,1640,28080,141,99934,35.00,-7.22,-5.01
371749,2095,28080,139,99934,35.00,-7.23,-4.98
371771,2419,28080,143,99934,35.00,-7.21,-4.98
371793,2539,28080,151,99934,35.00,-7.25,-4.95
371835,2339,28080,157,99934,35.00,-7.22,-4.98
371857,1942,28080,153,99934,35.00,-7.24,-4.96
371879,1371,28080,149,99934,35.00,-7.24,-5.00
371901,1046,28080,147,99934,35.00,-7.22,-4.99
371923,988,28080,147,99934,35.00,-7.21,-4.97
371945,1223,28080,145,99934,35.00,-7.25,-4.96
371967,1646,28080,151,99934,35.00,-7.22,-4.96
371989,2108,28080,149,99934,35.00,-7.19,-4.97
372352,2467,28080,155,99934,35.06,-7.26,-4.97
372380,2469,28080,153,99934,35.00,-7.24,-4.99
372402,794,28080,141,99934,35.00,-7.22,-4.98
372424,825,28080,143,99934,35.00,-7.24,-4.95
372446,1094,28080,139,99934,35.00,-7.26,-4.97
372468,1580,28080,147,99934,35.00,-7.19,-4.97
372490,2027,28080,141,99934,35.00,-7.21,-4.97
372512,2423,28080,151,99934,35.00,-7.25,-4.98
372534,2530,28592,149,99934,35.00,-7.24,-4.97
372577,2381,28080,157,99934,35.00,-7.23,-4.99
372599,1645,28080,145,99934,35.00,-7.19,-4.97
372621,1139,28080,143,99934,35.00,-7.24,-4.98
372643,927,28592,144,99934,35.00,-7.21,-4.99
372665,985,28592,143,99934,35.00,-7.27,-4.97
372687,1317,28080,140,99934,35.00,-7.26,-5.01
372709,1803,28592,140,99934,35.00,-7.23,-4.96
372731,2335,28080,149,99934,35.00,-7.21,-4.97
372753,2604,28080,147,99934,35.00,-7.21,-5.02
372775,2649,28080,151,99934,35.00,-7.19,-4.97
372817,2349,28080,148,99934,35.00,-7.24,-4.98
372839,1789,28592,139,99934,35.00,-7.15,-5.00
372861,1251,28592,141,99934,35.00,-7.23,-4.99
372883,955,28080,137,99934,35.00,-7.27,-4.95
372905,967,28080,140,99934,35.00,-7.19,-4.96
372927,1247,28592,137,99934,35.00,-7.24,-5.02
372949,1627,28592,141,99934,35.00,-7.19,-4.99
372971,2223,28592,145,99934,35.00,-7.20,-4.99
372993,2591,28592,149,99934,35.00,-7.24,-4.98
373373,2697,28592,148,99934,35.24,-7.25,-4.97
373401,2619,28080,141,99934,35.00,-7.26,-4.94
373423,923,28080,138,99934,35.00,-7.22,-5.00
373445,985,28080,141,99934,35.00,-7.22,-5.01
373467,942,28080,139,99934,35.00,-7.24,-4.95
373489,1453,28080,137,99934,35.00,-7.22,-5.02
373511,2309,28080,145,99934,35.00,-7.16,-4.98
373533,2348,28080,145,99934,35.00,-7.24,-4.95
373555,2441,28080,147,99934,35.00,-7.16,-4.95
373577,2457,28080,149,99934,35.00,-7.25,-4.98
373619,2099,28080,151,99934,35.00,-7.21,-4.97
373641,1620,28080,149,99934,35.00,-7.20,-4.93
373663,1133,28080,141,99934,35.00,-7.24,-5.00
373685,927,28080,143,99934,35.00,-7.22,-4.95
373707,1033,28080,140,99934,35.00,-7.24,-5.01
373729,1369,28080,149,99934,35.00,-7.23,-4.94
373751,1897,28592,143,99934,35.00,-7.20,-4.97
373773,2333,28080,153,99934,35.00,-7.21,-4.98
373795,2595,28080,150,99934,35.00,-7.25,-4.95
373817,2595,28080,151,99934,35.00,-7.22,-5.00
373860,2261,28592,155,99934,35.00,-7.23,-4.99
373882,1479,28080,149,99934,35.00,-7.23,-5.02
373904,1051,28080,148,99934,35.00,-7.25,-4.95
373926,978,28080,149,99934,35.00,-7.24,-4.96
373948,1123,28080,145,99934,35.00,-7.20,-4.99
373970,1529,28080,141,99934,35.00,-7.26,-4.96
373992,2065,28080,149,99934,35.00,-7.24,-4.96
374395,2463,28080,151,99934,35.73,-7.20,-4.99
374423,2381,28592,135,99934,35.00,-7.21,-4.98
374445,805,28080,125,99934,35.00,-7.20,-4.98
374467,854,28592,126,99934,35.00,-7.22,-4.96
374489,982,28592,127,99934,35.00,-7.24,-4.97
374511,1429,28592,133,99934,35.00,-7.23,-4.96
374533,1950,28592,135,99934,35.00,-7.24,-4.98
374555,2285,28592,137,99934,35.00,-7.24,-4.97
374577,2515,28592,141,99934,35.00,-7.21,-4.96
374599,2474,28592,140,99934,35.00,-7.25,-4.96
374642,2043,28592,135,99934,35.00,-7.21,-4.98
374664,1324,28080,138,99934,35.00,-7.26,-5.00
374686,997,28592,135,99934,35.00,-7.27,-4.97
374708,987,28592,139,99934,35.00,-7.24,-4.96
374730,1224,28592,123,99934,35.00,-7.23,-5.00
374752,1651,28592,138,99934,35.00,-7.21,-4.98
374774,2196,28592,141,99934,35.00,-7.21,-4.96
374796,2553,28592,151,99934,35.00,-7.24,-5.02
374818,2663,28592,147,99934,35.00,-7.22,-4.96
374840,2504,28592,155,99934,35.00,-7.24,-4.98
374882,2073,28592,151,99934,35.00,-7.24,-4.99
374904,1607,28592,150,99934,35.00,-7.21,-4.97
374926,1235,28592,149,99934,35.00,-7.23,-4.98
374948,1128,28592,146,99934,35.00,-7.22,-5.01
374970,1363,28080,152,99934,35.00,-7.24,-4.94
374992,1743,28592,146,99934,35.00,-7.24,-4.98
375415,2249,28592,151,99934,36.62,-7.18,-5.00
375444,2331,28080,146,99934,35.00,-7.27,-4.96
375466,948,28080,135,99934,35.00,-7.24,-5.00
375488,781,28592,137,99934,35.00,-7.24,-4.97
375510,855,28592,138,99934,35.00,-7.23,-4.97
375532,1231,28592,137,99934,35.00,-7.22,-5.01
375554,1725,28592,139,99934,35.00,-7.21,-4.98
375576,2218,28080,146,99934,35.00,-7.23,-5.01
375598,2495,28592,151,99934,35.00,-7.21,-5.00
375620,2547,28592,147,99934,35.00,-7.26,-4.99
375642,2315,28592,153,99934,35.00,-7.24,-4.98
375684,1855,28592,147,99934,35.00,-7.23,-4.99
375706,1418,28080,149,99934,35.00,-7.23,-5.00
375728,1097,28080,149,99934,35.00,-7.25,-4.96
375750,1047,28080,141,99934,35.00,-7.23,-4.96
375772,1237,28080,143,99934,35.00,-7.26,-4.97
375794,1765,28592,147,99934,35.00,-7.25,-4.93
375816,2289,28592,151,99934,35.00,-7.24,-4.95
375838,2604,28592,151,99934,35.00,-7.21,-4.98
375860,2680,28592,155,99934,35.00,-7.21,-4.94
375882,2453,28080,151,99934,35.00,-7.23,-4.99
375925,1933,28080,156,99934,35.00,-7.23,-4.97
375947,1122,28080,138,99934,35.00,-7.25,-4.96
375969,889,28080,143,99934,35.00,-7.25,-4.96
375991,958,28080,139,99934,35.00,-7.24,-4.94
376437,1289,28080,139,99934,36.69,-7.20,-4.93
376466,2635,28080,151,99934,35.00,-7.22,-4.99
376488,1107,28080,137,99934,35.00,-7.24,-5.00
376510,955,28080,139,99934,35.00,-7.21,-5.00
376532,934,28080,141,99934,35.00,-7.24,-4.99
376554,1335,28592,135,99934,35.00,-7.26,-5.02
376576,1797,28592,141,99934,35.00,-7.21,-4.99
376598,2297,28592,147,99934,35.00,-7.23,-4.98
376620,2524,28592,147,99934,35.00,-7.26,-4.96
376642,2527,28592,142,99934,35.00,-7.23,-4.97
376664,2181,28592,150,99934,35.00,-7.25,-4.99
376706,1771,28592,141,99934,35.00,-7.21,-4.97
376728,1247,28592,137,99934,35.00,-7.20,-4.96
376750,979,28592,142,99934,35.00,-7.24,-4.99
376772,967,28592,137,99934,35.00,-7.24,-4.97
376794,1245,28080,139,99934,35.00,-7.30,-4.97
376816,1773,28592,139,99934,35.00,-7.25,-4.99
376838,2251,28592,149,99934,35.00,-7.27,-4.98
376860,2548,28592,150,99934,35.00,-7.22,-5.01
376882,2628,28592,154,99934,35.00,-7.25,-4.95
376904,2329,28592,159,99934,35.00,-7.26,-4.98
376926,1862,28592,150,99934,35.00,-7.21,-5.00
376967,1289,28592,148,99934,35.00,-7.23,-4.96
376989,1011,28592,142,99934,35.00,-7.24,-4.98
377713,809,28592,141,99934,35.42,-7.21,-4.98
377749,1227,28080,149,99934,35.00,-7.23,-4.97
377771,1119,28080,147,99934,35.00,-7.22,-4.99
377793,972,28592,149,99934,35.00,-7.20,-4.96
377815,1215,28592,146,99934,35.00,-7.24,-4.98
377837,1621,28592,149,99934,35.00,-7.28,-5.01
377859,2090,28592,149,99934,35.00,-7.19,-4.95
377881,2526,28592,159,99934,35.00,-7.22,-4.96
377903,2646,28592,153,99934,35.00,-7.18,-4.96
377925,2507,28592,155,99934,35.00,-7.27,-4.96
377947,2091,28592,151,99934,35.00,-7.25,-4.97
377990,1581,28592,149,99934,35.00,-7.24,-4.99
378734,907,28592,139,99934,35.16,-7.22,-4.97
378771,997,28592,149,99934,35.00,-7.24,-4.97
378793,1115,28592,149,99934,35.00,-7.24,-4.98
378815,1016,28592,153,99934,35.00,-7.24,-4.97
378837,1159,28592,145,99934,35.00,-7.24,-4.98
378859,1543,28592,148,99934,35.00,-7.25,-4.98
378881,2063,28592,151,99934,35.00,-7.22,-4.95
378903,2463,28592,154,99934,35.00,-7.22,-4.96
378925,2643,28592,157,99934,35.00,-7.23,-4.95
378947,2495,28592,153,99934,35.00,-7.23,-4.98
378969,2021,28592,156,99934,35.00,-7.20,-4.96
378991,1515,28592,150,99934,35.00,-7.23,-4.98
379032,1131,28592,149,99934,35.00,-7.22,-4.98
379054,959,28592,143,99934,35.00,-7.25,-5.02
379076,803,28592,147,99934,35.00,-7.22,-4.99
379098,1145,28592,142,99934,35.00,-7.24,-4.98
379120,1583,28592,151,99934,35.00,-7.23,-4.97
379142,2085,28592,153,99934,35.00,-7.24,-4.98
379164,2485,28592,157,99934,35.00,-7.25,-4.98
379186,2648,28592,165,99934,35.00,-7.21,-4.97
379208,2419,28784,165,99934,35.00,-7.26,-4.99
379230,1915,28592,158,99934,35.00,-7.21,-5.00
379273,1399,28592,157,99934,35.00,-7.26,-4.98
379295,957,28592,149,99934,35.00,-7.22,-4.96
379317,959,28592,150,99934,35.00,-7.25,-4.96
379339,1295,28592,151,99934,35.00,-7.22,-5.01
379361,1727,28592,149,99934,35.00,-7.21,-4.97
379383,2151,28784,147,99934,35.00,-7.25,-4.98
379405,2395,28592,154,99934,35.00,-7.21,-5.02
379427,2389,28592,149,99934,35.00,-7.24,-4.96
379449,2207,28592,153,99934,35.00,-7.23,-5.03
379471,1487,28592,145,99934,35.00,-7.23,-4.94
379513,1066,28592,140,99934,35.00,-7.25,-4.97
379535,939,28592,146,99934,35.00,-7.24,-5.01
379557,807,28592,137,99934,35.00,-7.24,-5.01
379579,1016,28592,135,99934,35.00,-7.22,-5.00
379601,1663,28592,143,99934,35.00,-7.22,-4.95
379623,2312,28784,143,99934,35.00,-7.24,-4.96
379645,2655,28784,151,99934,35.00,-7.25,-4.97
379667,2695,28784,147,99934,35.00,-7.20,-4.98
379689,2395,28784,150,99934,35.00,-7.18,-4.94
379711,1899,28784,140,99934,35.00,-7.23,-4.97
379754,1385,28784,145,99934,35.00,-7.24,-4.96
379776,757,28592,137,99934,35.00,-7.21,-4.96
379798,884,28592,143,99934,35.00,-7.23,-4.92
379820,1353,28784,141,99934,35.00,-7.24,-4.96
379842,1677,28784,143,99934,35.00,-7.20,-4.99
379864,2009,28784,151,99934,35.00,-7.24,-5.00
379886,2201,28592,153,99934,35.00,-7.26,-4.98
379908,2362,28592,157,99934,35.00,-7.24,-4.93
379930,2251,28784,167,99934,35.00,-7.27,-4.98
379952,1669,28784,158,99934,35.00,-7.22,-5.02
379994,1391,28592,165,99934,35.00,-7.22,-5.01
380521,1481,28592,169,99934,35.54,-7.21,-4.98
380556,1439,28592,132,99934,35.00,-7.23,-4.97
380578,607,28592,138,99934,35.00,-7.21,-4.98
380600,747,28592,137,99934,35.00,-7.24,-5.01
380622,1113,28592,132,99934,35.00,-7.23,-4.98
380644,1658,28592,139,99934,35.00,-7.21,-4.96
380666,2167,28592,145,99934,35.00,-7.21,-4.98
380688,2421,28592,147,99934,35.00,-7.24,-4.97
380710,2485,28592,152,99934,35.00,-7.23,-5.01
380732,2205,28592,153,99934,35.00,-7.20,-5.00
380754,1715,28592,153,99934,35.00,-7.25,-4.99
380796,1229,28592,149,99934,35.00,-7.24,-5.00
380818,973,28592,149,99934,35.00,-7.26,-4.98
380840,1085,28592,151,99934,35.00,-7.23,-4.98
380862,1437,28592,151,99934,35.00,-7.25,-4.96
380884,1981,28592,155,99934,35.00,-7.24,-4.95
380906,2455,28784,159,99934,35.00,-7.23,-4.98
380928,2799,28784,157,99934,35.00,-7.23,-4.97
380950,2847,28784,163,99934,35.00,-7.26,-4.94
380972,2491,28784,166,99934,35.00,-7.27,-4.99
380994,1908,28592,156,99934,35.00,-7.25,-4.93
381037,1379,28592,153,99934,35.00,-7.22,-4.96
381059,1047,28592,159,99934,35.00,-7.27,-4.98
381081,1189,28592,169,99934,35.00,-7.24,-4.98
381103,1607,28784,157,99934,35.00,-7.24,-4.99
381125,2021,28592,150,99934,35.00,-7.23,-4.98
381147,2453,28784,155,99934,35.00,-7.21,-4.98
381169,2567,28784,152,99934,35.00,-7.24,-5.02
381191,2456,28592,156,99934,35.00,-7.24,-4.99
381213,2085,28592,154,99934,35.00,-7.24,-4.96
381235,1515,28592,151,99934,35.00,-7.23,-4.97
381277,1086,28592,150,99934,35.00,-7.25,-4.98
381299,879,28592,149,99934,35.00,-7.21,-5.00
381321,1013,28592,148,99934,35.00,-7.24,-4.92
381343,1366,28592,150,99934,35.00,-7.24,-4.99
381365,1819,28592,147,99934,35.00,-7.19,-4.98
381387,2159,28592,149,99934,35.00,-7.22,-4.95
381409,2409,28592,143,99934,35.00,-7.21,-4.97
381431,2360,28592,148,99934,35.00,-7.27,-4.98
381453,2021,28592,142,99934,35.00,-7.28,-4.97
381475,1529,28592,148,99934,35.00,-7.22,-4.98
381497,1047,28592,141,99934,35.00,-7.24,-4.96
381538,893,28592,146,99934,35.00,-7.23,-4.99
381560,831,28592,141,99934,35.00,-7.22,-5.00
381582,1041,28592,141,99934,35.00,-7.26,-4.95
381604,1647,28592,149,99934,35.00,-7.20,-4.95
381626,2024,28592,149,99934,35.00,-7.19,-4.99
381648,2293,28592,141,99934,35.00,-7.19,-4.98
381670,2357,28592,137,99934,35.00,-7.22,-4.96
381692,2168,28592,139,99934,35.00,-7.20,-4.95
381714,1879,28592,135,99934,35.00,-7.25,-4.94
381736,1426,28592,141,99934,35.00,-7.20,-4.98
381778,1063,28592,140,99934,35.00,-7.26,-4.99
381800,1097,28592,141,99934,35.00,-7.24,-4.97
381822,1311,28592,143,99934,35.00,-7.20,-4.98
381844,1721,28592,151,99934,35.00,-7.24,-4.98
381866,2172,28592,149,99934,35.00,-7.21,-4.99
381888,2519,28592,143,99934,35.00,-7.25,-4.96
381910,2719,28592,150,99934,35.00,-7.27,-4.95
381932,2552,28592,147,99934,35.00,-7.20,-4.96
381954,2213,28592,153,99934,35.00,-7.24,-4.96
381976,1805,28592,143,99934,35.00,-7.21,-4.96
381998,1333,28592,151,99934,35.00,-7.22,-4.99
382039,1222,28592,150,99934,35.00,-7.21,-5.02
382061,1205,28592,152,99934,35.00,-7.25,-4.96
382083,1519,28592,153,99934,35.00,-7.26,-4.99
382105,1931,28592,157,99934,35.00,-7.25,-4.98
382127,2281,28592,149,99934,35.00,-7.22,-4.98
382149,2520,28592,155,99934,35.00,-7.25,-4.95
382171,2543,28592,148,99934,35.00,-7.23,-4.98
382193,2409,28592,149,99934,35.00,-7.28,-4.98
382215,2018,28592,147,99934,35.00,-7.23,-4.97
382237,1579,28592,148,99934,35.00,-7.24,-4.99
382280,1096,28592,139,99934,35.00,-7.25,-4.99
382302,907,28592,141,99934,35.00,-7.22,-4.96
382324,1189,28592,139,99934,35.00,-7.29,-4.97
382346,1656,28592,142,99934,35.00,-7.20,-4.98
382368,2055,28592,139,99934,35.00,-7.24,-4.92
382390,2347,28592,143,99934,35.00,-7.25,-4.96
382412,2420,28592,145,99934,35.00,-7.23,-4.98
382434,2223,28592,147,99934,35.00,-7.20,-4.99
382456,1787,28592,143,99934,35.00,-7.21,-4.97
382478,1299,28592,147,99934,35.00,-7.21,-4.95
382520,950,28592,141,99934,35.00,-7.27,-5.01
382542,883,28592,139,99934,35.00,-7.22,-4.96
382564,1062,28592,137,99934,35.00,-7.24,-4.97
382586,1453,28592,141,99934,35.00,-7.22,-4.98
382608,1941,28592,143,99934,35.00,-7.22,-5.02
382630,2397,28592,151,99934,35.00,-7.22,-4.97
382652,2639,28592,151,99934,35.00,-7.20,-4.98
382674,2569,28592,155,99934,35.00,-7.24,-4.95
382696,2121,28592,143,99934,35.00,-7.21,-4.99
382718,1567,28592,145,99934,35.00,-7.22,-4.93
382740,1080,28592,140,99934,35.00,-7.21,-4.99
382781,907,28592,147,99934,35.00,-7.24,-4.98
382803,882,28592,136,99934,35.00,-7.23,-4.96
382825,1119,28592,138,99934,35.00,-7.29,-4.99
382847,1590,28592,135,99934,35.00,-7.23,-4.93
382869,2027,28592,136,99934,35.00,-7.26,-4.98
382891,2381,28784,145,99934,35.00,-7.23,-4.98
382913,2411,28592,141,99934,35.00,-7.26,-4.96
382935,2287,28592,147,99934,35.00,-7.24,-4.97
382957,1817,28592,139,99934,35.00,-7.27,-4.94
382979,1323,28592,136,99934,35.00,-7.23,-4.99
383021,922,28592,137,99934,35.00,-7.25,-4.99
383043,768,28592,135,99934,35.00,-7.22,-4.99
383065,973,28784,138,99934,35.00,-7.22,-4.97
383087,1447,28592,135,99934,35.00,-7.21,-4.99
383109,1884,28592,136,99934,35.00,-7.21,-4.98
383131,2360,28592,149,99934,35.00,-7.26,-5.00
383153,2681,28784,148,99934,35.00,-7.23,-4.95
383175,2552,28784,149,99934,35.00,-7.24,-4.96
383197,2215,28784,151,99934,35.00,-7.24,-4.98
383219,1771,28592,149,99934,35.00,-7.21,-4.96
383241,1353,28784,147,99934,35.00,-7.26,-5.02
383282,1156,28784,143,99934,35.00,-7.24,-4.98
383304,1049,28784,141,99934,35.00,-7.26,-4.95
383326,1251,28784,141,99934,35.00,-7.20,-4.93
383348,1703,28784,147,99934,35.00,-7.19,-4.99
383370,2221,28784,151,99934,35.00,-7.25,-4.95
383392,2555,28784,155,99934,35.00,-7.27,-4.98
383414,2687,28784,151,99934,35.00,-7.23,-5.01
383436,2461,28784,160,99934,35.00,-7.25,-4.96
383458,2077,28784,148,99934,35.00,-7.23,-4.94
383480,1563,28784,155,99934,35.00,-7.26,-4.97
383523,1101,28784,143,99934,35.00,-7.21,-4.96
383545,999,28784,145,99934,35.00,-7.23,-4.96
383567,1299,28784,140,99934,35.00,-7.26,-4.98
383589,1775,28784,147,99934,35.00,-7.26,-4.93
383611,2285,28784,145,99934,35.00,-7.21,-4.98
383633,2597,28784,153,99934,35.00,-7.26,-4.96
383655,2641,28784,151,99934,35.00,-7.20,-5.00
383677,2343,28784,159,99934,35.00,-7.24,-4.98
383699,1934,28784,147,99934,35.00,-7.25,-4.96
383721,1363,28784,151,99934,35.00,-7.26,-4.97
383763,911,28592,147,99934,35.00,-7.26,-5.01
383785,804,28592,135,99934,35.00,-7.23,-4.94
383807,1032,28784,135,99934,35.00,-7.22,-5.00
383829,1517,28784,141,99934,35.00,-7.23,-4.99
383851,1983,28592,143,99934,35.00,-7.24,-5.00
383873,2301,28592,151,99934,35.00,-7.30,-4.99
383895,2442,28784,149,99934,35.00,-7.18,-5.01
383917,2271,28784,152,99934,35.00,-7.25,-5.00
383939,1823,28592,147,99934,35.00,-7.24,-4.99
383961,1341,28592,142,99934,35.00,-7.22,-4.99
383983,927,28592,139,99934,35.00,-7.24,-5.00
384024,823,28592,141,99934,35.00,-7.23,-4.97
384046,867,28592,137,99934,35.00,-7.24,-4.93
384068,1241,28592,139,99934,35.00,-7.24,-4.97
384090,1792,28592,147,99934,35.00,-7.24,-4.98
384112,2315,28592,151,99934,35.00,-7.24,-4.98
384134,2647,28784,156,99934,35.00,-7.25,-4.97
384156,2732,28784,153,99934,35.00,-7.24,-4.95
384178,2427,28592,154,99934,35.00,-7.23,-4.99
384200,1965,28592,155,99934,35.00,-7.21,-5.01
384222,1395,28592,151,99934,35.00,-7.24,-4.94
384264,1055,28592,146,99934,35.00,-7.29,-4.99
384286,931,28592,139,99934,35.00,-7.21,-4.94
384308,1147,28784,137,99934,35.00,-7.25,-4.99
384330,1647,28784,150,99934,35.00,-7.22,-4.98
384352,2121,28784,149,99934,35.00,-7.22,-4.98
384374,2495,28784,151,99934,35.00,-7.19,-4.97
384396,2553,28784,147,99934,35.00,-7.24,-4.97
384418,2329,28784,139,99934,35.00,-7.24,-5.00
384440,1853,28784,140,99934,35.00,-7.23,-4.99
384462,1357,28784,143,99934,35.00,-7.24,-4.99
384484,911,28784,135,99934,35.00,-7.24,-5.02
384525,869,28784,137,99934,35.00,-7.20,-4.99
384547,905,28784,137,99934,35.00,-7.23,-4.98
384569,1177,28784,136,99934,35.00,-7.24,-4.97
384591,1691,28784,141,99934,35.00,-7.19,-5.00
384613,2203,28784,145,99934,35.00,-7.23,-4.96
384635,2495,28784,149,99934,35.00,-7.23,-4.98
384657,2537,28784,151,99934,35.00,-7.24,-4.96
384679,2249,28784,147,99934,35.00,-7.22,-4.96
384701,1735,28784,145,99934,35.00,-7.21,-4.98
384723,1252,28784,138,99934,35.00,-7.22,-5.00
384766,965,28784,141,99934,35.00,-7.20,-4.99
384788,953,28784,139,99934,35.00,-7.24,-4.99
384810,1244,28784,138,99934,35.00,-7.23,-4.94
384832,1733,28784,139,99934,35.00,-7.21,-4.99
384854,2138,28784,147,99934,35.00,-7.26,-5.01
384876,2442,28784,145,99934,35.00,-7.25,-5.00
384898,2461,28784,145,99934,35.00,-7.26,-4.97
384920,2211,28784,149,99934,35.00,-7.18,-4.98
384942,1780,28784,145,99934,35.00,-7.21,-4.98
384964,1303,28784,143,99934,35.00,-7.26,-4.99
385370,1044,28784,142,99934,36.24,-7.23,-5.00
385407,1605,28784,141,99934,35.00,-7.22,-4.96
385429,982,28784,137,99934,35.00,-7.21,-4.96
385451,1271,28784,141,99934,35.00,-7.24,-5.00
385473,1767,28784,139,99934,35.00,-7.16,-4.94
385495,2345,28784,151,99934,35.00,-7.29,-4.98
385517,2577,29296,147,99934,35.00,-7.23,-4.98
385539,2605,29296,149,99934,35.00,-7.19,-4.96
385561,2229,29296,146,99934,35.00,-7.18,-4.96
385583,1803,28784,147,99934,35.00,-7.24,-4.95
385605,1275,28784,139,99934,35.00,-7.22,-4.98
385648,937,28784,136,99934,35.00,-7.24,-4.95
385670,939,28784,127,99934,35.00,-7.28,-5.00
385692,1385,28784,134,99934,35.00,-7.25,-4.96
385714,1853,28784,131,99934,35.00,-7.28,-4.97
385736,2295,29296,137,99934,35.00,-7.22,-5.00
385758,2425,28784,139,99934,35.00,-7.23,-4.97
385780,2397,28784,139,99934,35.00,-7.21,-5.00
385802,2039,28784,137,99934,35.00,-7.27,-4.98
385824,1543,28784,140,99934,35.00,-7.24,-4.97
385846,983,28784,139,99934,35.00,-7.23,-5.00
385888,743,28784,133,99934,35.00,-7.19,-4.92
385910,885,28784,125,99934,35.00,-7.27,-4.98
385932,1193,28784,140,99934,35.00,-7.24,-5.01
385954,1709,28784,134,99934,35.00,-7.23,-4.96
385976,2207,28784,141,99934,35.00,-7.24,-4.99
385998,2509,28784,141,99934,35.00,-7.24,-4.96
386020,2697,29296,149,99934,35.00,-7.25,-5.00
386042,2293,29296,143,99934,35.00,-7.23,-4.98
386064,1817,28784,145,99934,35.00,-7.22,-4.96
386086,1387,28784,147,99934,35.00,-7.24,-5.00
386108,1069,28784,147,99934,35.00,-7.20,-4.97
386149,1077,28784,137,99934,35.00,-7.21,-4.98
386171,1262,28784,141,99934,35.00,-7.21,-4.96
386193,1696,28784,143,99934,35.00,-7.21,-4.95
386215,2253,29296,153,99934,35.00,-7.23,-4.94
386237,2731,29296,155,99934,35.00,-7.25,-4.98
386259,3007,29296,159,99934,35.00,-7.24,-4.98
386281,2989,29296,165,99934,35.00,-7.22,-4.96
386303,2535,29296,167,99934,35.00,-7.20,-4.95
386325,1919,29296,157,99934,35.00,-7.23,-4.93
386347,1327,28784,157,99934,35.00,-7.24,-4.97
386389,1079,28784,155,99934,35.00,-7.22,-4.91
386411,1070,28784,149,99934,35.00,-7.24,-4.98
386433,1397,29296,149,99934,35.00,-7.23,-4.93
386455,1875,29296,152,99934,35.00,-7.24,-4.95
386477,2343,28784,154,99934,35.00,-7.23,-4.94
386499,2587,29296,159,99934,35.00,-7.21,-4.93
386521,2579,29296,156,99934,35.00,-7.24,-4.98
386543,2271,28784,154,99934,35.00,-7.23,-4.97
386565,1705,28784,151,99934,35.00,-7.26,-4.97
386587,1158,28784,147,99934,35.00,-7.25,-4.96
386609,847,28784,141,99934,35.00,-7.21,-4.94
386650,861,28784,142,99934,35.00,-7.18,-4.97
386672,937,28784,140,99934,35.00,-7.27,-4.95
386694,1289,28784,141,99934,35.00,-7.23,-4.97
386716,1724,29296,139,99934,35.00,-7.20,-5.00
386738,2137,28784,141,99934,35.00,-7.23,-4.97
386760,2455,29296,149,99934,35.00,-7.22,-4.95
386782,2281,29296,148,99934,35.00,-7.24,-4.97
386804,1875,29296,139,99934,35.00,-7.24,-4.99
386826,1369,29296,143,99934,35.00,-7.21,-4.94
386848,907,28784,138,99934,35.00,-7.25,-4.98
386891,743,28784,137,99934,35.00,-7.24,-4.96
386913,975,28784,125,99934,35.00,-7.23,-5.00
386935,1421,29296,138,99934,35.00,-7.23,-5.01
386957,1935,29296,136,99934,35.00,-7.23,-4.98
386979,2257,29296,144,99934,35.00,-7.23,-4.94
387413,2329,29296,140,99934,36.49,-7.22,-4.97
387452,2165,28784,184,99934,35.00,-7.22,-4.98
387474,1085,28784,143,99934,35.00,-7.20,-4.99
387496,1289,29296,137,99934,35.00,-7.22,-4.95
387518,1763,29296,135,99934,35.00,-7.20,-4.97
387540,2184,29296,140,99934,35.00,-7.25,-4.96
387562,2501,29296,141,99934,35.00,-7.25,-4.94
387584,2262,29296,143,99934,35.00,-7.23,-4.97
387606,1916,29296,137,99934,35.00,-7.24,-4.94
387628,1384,29296,141,99934,35.00,-7.22,-4.95
387650,806,29296,126,99934,35.00,-7.19,-4.99
387692,695,29296,133,99934,35.00,-7.22,-4.99
387714,888,29296,135,99934,35.00,-7.22,-4.96
387736,1261,29296,137,99934,35.00,-7.26,-4.96
387758,1693,29296,135,99934,35.00,-7.24,-4.99
387780,2184,29296,135,99934,35.00,-7.24,-4.97
387802,2302,29296,133,99934,35.00,-7.21,-4.99
387824,2137,29296,123,99934,35.00,-7.24,-4.98
387846,1608,29296,117,99934,35.00,-7.22,-4.98
387868,829,29296,103,99934,35.00,-7.24,-4.96
387890,424,29296,101,99934,35.00,-7.22,-4.98
387912,301,29296,104,99934,35.00,-7.22,-4.97
387953,423,29296,109,99934,35.00,-7.24,-4.97
387975,151,29296,87,99934,35.00,-7.23,-5.02
387997,600,29296,91,99934,35.00,-7.23,-4.99
388434,1306,29296,91,99934,35.83,-7.22,-4.95
388474,1368,29296,115,99934,35.00,-7.22,-4.95
388496,1497,29296,123,99934,35.00,-7.21,-4.99
388518,1741,29296,119,99934,35.00,-7.23,-4.98
388540,2056,30064,107,99934,35.00,-7.23,-4.99
388562,2322,29296,109,99934,35.00,-7.20,-4.95
388584,2581,30064,105,99934,35.00,-7.19,-5.00
388606,2488,30064,113,99934,35.00,-7.22,-4.97
388628,2195,30064,103,99934,35.00,-7.27,-4.97
388650,1847,29296,119,99934,35.00,-7.24,-4.97
388672,1589,29296,117,99934,35.00,-7.22,-4.97
388694,1483,29296,125,99934,35.00,-7.25,-4.98
388735,1599,29296,121,99934,35.00,-7.18,-4.96
388757,1375,29296,115,99934,35.00,-7.24,-5.00
388779,1765,29296,111,99934,35.00,-7.24,-4.97
388801,2471,29296,120,99934,35.00,-7.25,-4.96
388823,3031,29296,139,99934,35.00,-7.21,-4.95
388845,3644,29296,158,99934,35.00,-7.21,-4.96
388867,3403,29296,166,99934,35.00,-7.19,-4.96
388889,2705,29296,160,99934,35.00,-7.23,-4.96
388911,2199,29296,162,99934,35.00,-7.23,-4.97
388933,1591,29296,149,99934,35.00,-7.24,-4.96
388975,1237,29296,141,99934,35.00,-7.23,-5.00
388997,1403,29296,139,99934,35.00,-7.21,-4.95
389711,1951,29296,155,99934,35.64,-7.23,-4.97
389737,1049,29296,137,99934,35.00,-7.25,-4.96
389759,967,29296,133,99934,35.00,-7.24,-4.96
389781,1513,29296,141,99934,35.00,-7.23,-4.98
389803,1979,29296,139,99934,35.00,-7.22,-4.97
389825,2404,29296,145,99934,35.00,-7.27,-4.94
389847,2514,29296,147,99934,35.00,-7.25,-4.96
389869,2357,29296,149,99934,35.00,-7.27,-4.96
389891,1945,29296,152,99934,35.00,-7.20,-4.96
389913,1528,29296,155,99934,35.00,-7.23,-4.97
389935,1124,29296,145,99934,35.00,-7.25,-4.97
389978,1059,29296,147,99934,35.00,-7.21,-4.97
390732,1405,29296,146,99934,36.30,-7.26,-4.97
390759,1403,29296,141,99934,35.00,-7.25,-4.99
390781,1011,30064,136,99934,35.00,-7.19,-4.94
390803,1467,30064,141,99934,35.00,-7.19,-4.98
390825,1997,30064,141,99934,35.00,-7.19,-4.96
390847,2420,30064,142,99934,35.00,-7.23,-4.97
390869,2549,30064,152,99934,35.00,-7.22,-4.98
390891,2377,30064,150,99934,35.00,-7.25,-4.99
390913,1926,30064,149,99934,35.00,-7.22,-4.99
390935,1461,30064,150,99934,35.00,-7.25,-5.02
390957,1107,30064,142,99934,35.00,-7.22,-4.98
390979,969,30064,133,99934,35.00,-7.23,-4.96
391020,1135,30064,143,99934,35.00,-7.20,-4.99
391042,1277,30064,137,99934,35.00,-7.25,-5.00
391064,1867,30064,147,99934,35.00,-7.25,-4.98
391086,2309,30064,147,99934,35.00,-7.22,-4.92
391108,2600,30064,155,99934,35.00,-7.25,-4.98
391130,2649,30064,153,99934,35.00,-7.17,-5.01
391152,2348,30064,158,99934,35.00,-7.23,-4.98
391174,1773,30064,142,99934,35.00,-7.21,-5.00
391196,1317,30064,149,99934,35.00,-7.24,-5.00
391218,1006,30064,147,99934,35.00,-7.22,-4.96
391261,947,30064,149,99934,35.00,-7.23,-4.98
391283,1425,30064,147,99934,35.00,-7.22,-4.93
391305,1861,30064,146,99934,35.00,-7.20,-4.95
391327,2329,30576,151,99934,35.00,-7.23,-4.97
391349,2573,30576,153,99934,35.00,-7.24,-4.96
391371,2719,30576,157,99934,35.00,-7.24,-4.98
391393,2344,30576,159,99934,35.00,-7.23,-4.95
391415,1851,30064,158,99934,35.00,-7.26,-4.98
391437,1289,30064,148,99934,35.00,-7.19,-4.96
391459,1051,30064,147,99934,35.00,-7.26,-4.91
391501,1070,30576,147,99934,35.00,-7.26,-4.99
391523,1509,30064,151,99934,35.00,-7.22,-4.98
391545,1785,30064,146,99934,35.00,-7.27,-5.00
391567,2251,30576,150,99934,35.00,-7.23,-4.99
391589,2450,30576,151,99934,35.00,-7.22,-5.00
391611,2467,30576,143,99934,35.00,-7.18,-4.98
391633,2196,30576,152,99934,35.00,-7.22,-4.96
391655,1752,30576,143,99934,35.00,-7.21,-4.96
391677,1251,30576,146,99934,35.00,-7.26,-5.00
391699,941,30064,149,99934,35.00,-7.20,-4.97
391721,871,30064,151,99934,35.00,-7.23,-5.01
391762,1113,30576,147,99934,35.00,-7.24,-5.00
391784,1255,30576,148,99934,35.00,-7.24,-4.95
391806,1713,30576,147,99934,35.00,-7.23,-4.97
391828,2193,30576,157,99934,35.00,-7.21,-4.95
391850,2427,30576,159,99934,35.00,-7.23,-4.95
391872,2451,30576,171,99934,35.00,-7.23,-4.99
391894,2355,30576,169,99934,35.00,-7.21,-4.97
391916,1949,30576,173,99934,35.00,-7.26,-4.96
391938,1661,30576,167,99934,35.00,-7.21,-4.97
391960,1438,30576,169,99934,35.00,-7.26,-4.93
392519,1463,30576,163,99934,35.24,-7.27,-4.98
392549,982,30576,153,99934,35.00,-7.26,-4.98
392571,1887,30576,135,99934,35.00,-7.24,-5.00
392593,2085,30960,139,99934,35.00,-7.24,-4.95
392615,1971,30576,151,99934,35.00,-7.24,-4.99
392637,1579,30576,140,99934,35.00,-7.23,-4.96
392659,1135,30960,143,99934,35.00,-7.28,-4.98
392681,1065,30576,141,99934,35.00,-7.22,-4.94
392703,889,30576,147,99934,35.00,-7.23,-4.97
392744,1595,30576,155,99934,35.00,-7.21,-4.93
392766,0,30576,121,99934,35.00,-7.24,-4.96
392788,1752,30576,134,99934,35.00,-7.23,-4.98
392810,859,30576,117,99934,35.00,-7.23,-4.99
392832,1865,30576,120,99934,35.00,-7.25,-4.96
392854,1643,30576,121,99934,35.00,-7.23,-4.98
392876,1299,30576,134,99934,35.00,-7.23,-4.97
392898,1366,30576,147,99934,35.00,-7.23,-4.95
392920,1223,30576,149,99934,35.00,-7.20,-4.96
392942,1081,30576,153,99934,35.00,-7.21,-4.98
392985,1157,30960,150,99934,35.00,-7.23,-4.98
393540,1709,30576,143,99934,36.12,-7.23,-4.96
393570,1901,30576,160,99934,35.00,-7.21,-4.97
393592,1681,30576,119,99934,35.00,-7.20,-4.99
393614,1941,30960,125,99934,35.00,-7.22,-4.98
393636,2143,30576,123,99934,35.00,-7.28,-4.98
393658,1199,30960,131,99934,35.00,-7.25,-4.91
393680,1271,30576,143,99934,35.00,-7.22,-4.96
393702,1279,30576,152,99934,35.00,-7.24,-4.98
393724,1269,30576,155,99934,35.00,-7.21,-4.95
393766,1469,30576,147,99934,35.00,-7.23,-4.96
393788,1651,30576,146,99934,35.00,-7.25,-4.95
393810,1917,30960,139,99934,35.00,-7.23,-4.99
393832,2167,30960,148,99934,35.00,-7.20,-4.95
393854,2409,30576,141,99934,35.00,-7.22,-4.96
393876,2525,30960,147,99934,35.00,-7.23,-4.99
393898,2281,30960,154,99934,35.00,-7.24,-4.99
393920,1917,30960,149,99934,35.00,-7.20,-5.01
393942,1511,30960,150,99934,35.00,-7.25,-4.98
393964,1317,30960,147,99934,35.00,-7.23,-4.99
393986,2811,30960,187,99934,35.00,-7.23,-4.98
394027,1965,30960,159,99934,35.00,-7.23,-5.00
394049,1977,30960,157,99934,35.00,-7.21,-4.97
394071,2104,30960,137,99934,35.00,-7.24,-4.93
394093,2091,30960,134,99934,35.00,-7.24,-4.95
394115,2077,30960,133,99934,35.00,-7.23,-4.96
394137,2027,30960,139,99934,35.00,-7.24,-4.95
394159,1813,30960,137,99934,35.00,-7.22,-4.98
394181,1651,30960,153,99934,35.00,-7.24,-5.00
394203,1695,30576,164,99934,35.00,-7.24,-4.94
394225,1725,30576,165,99934,35.00,-7.23,-4.92
394268,1831,30576,155,99934,35.00,-7.23,-4.97
394290,1635,30576,143,99934,35.00,-7.21,-5.00
394312,2029,30960,140,99934,35.00,-7.23,-5.00
394334,2264,30960,141,99934,35.00,-7.23,-4.97
394356,2367,30960,143,99934,35.00,-7.22,-4.97
394378,2129,30960,142,99934,35.00,-7.23,-4.99
394400,1789,30960,146,99934,35.00,-7.24,-4.95
394422,1327,30960,141,99934,35.00,-7.23,-4.99
394444,995,30960,139,99934,35.00,-7.21,-4.96
394466,915,30960,140,99934,35.00,-7.23,-4.97
394508,1082,30960,139,99934,35.00,-7.25,-5.00
394530,1439,30960,151,99934,35.00,-7.20,-5.01
394552,1967,31472,141,99934,35.00,-7.22,-5.00
394574,2501,31472,155,99934,35.00,-7.23,-4.96
394596,2583,31472,151,99934,35.00,-7.22,-4.95
394618,2604,31472,165,99934,35.00,-7.25,-4.97
394640,2071,31472,147,99934,35.00,-7.21,-4.99
394662,1683,31472,157,99934,35.00,-7.20,-5.00
394684,1333,31472,150,99934,35.00,-7.25,-4.99
394706,941,30960,150,99934,35.00,-7.20,-4.96
394728,1081,31472,151,99934,35.00,-7.25,-5.00
394769,1491,31472,150,99934,35.00,-7.25,-4.97
394791,1559,30960,146,99934,35.00,-7.24,-4.98
394813,2205,30960,150,99934,35.00,-7.21,-4.94
394835,2489,30960,153,99934,35.00,-7.23,-4.99
394857,2381,30960,152,99934,35.00,-7.25,-4.99
394879,2701,30960,160,99934,35.00,-7.24,-4.99
394901,2603,30960,159,99934,35.00,-7.19,-4.96
394923,777,30576,123,99934,35.00,-7.26,-4.96
394945,1479,29296,152,99934,35.00,-7.26,-4.96
394967,0,28784,136,99934,35.00,-7.22,-4.98
395582,2258,28592,191,99934,35.86,-7.21,-5.02
395613,1263,26800,146,99934,35.00,-7.24,-4.96
395635,0,26800,105,99934,35.00,-7.23,-4.99
395657,0,27312,112,99934,35.00,-7.21,-4.98
395679,1845,27312,146,99934,35.00,-7.23,-5.01
395701,2039,27312,155,99934,35.00,-7.23,-4.97
395723,2271,27312,159,99934,35.00,-7.20,-4.97
395745,1583,27312,159,99934,35.00,-7.23,-5.01
395767,857,27312,151,99934,35.00,-7.22,-4.99
395789,1139,27312,163,99934,35.00,-7.25,-4.99
395831,1255,27312,151,99934,35.00,-7.25,-4.94
395853,3799,27312,202,99934,35.00,-7.26,-5.00
395875,3791,28080,175,99934,35.00,-7.26,-4.97
395897,3389,28080,159,99934,35.00,-7.21,-4.99
395919,0,28080,120,99934,35.00,-7.19,-5.02
395941,0,28592,125,99934,35.00,-7.23,-4.96
395963,0,28592,138,99934,35.00,-7.25,-4.98
395985,0,28592,133,99934,35.00,-7.22,-5.03
396349,0,28592,133,99934,36.41,-7.24,-4.93
396377,3347,28784,202,99934,35.00,-7.24,-4.99
396399,3596,28784,163,99934,35.00,-7.23,-5.00
396421,3467,28784,169,99934,35.00,-7.24,-4.99
396443,2989,28784,165,99934,35.00,-7.21,-4.99
396465,2891,28784,178,99934,35.00,-7.25,-4.97
396487,2765,28784,187,99934,35.00,-7.25,-4.99
396509,2649,28784,189,99934,35.00,-7.25,-4.95
396531,2509,28784,181,99934,35.00,-7.21,-4.99
396573,2573,28784,173,99934,35.00,-7.26,-4.96
396595,2571,29296,159,99934,35.00,-7.25,-4.93
396617,2581,29296,148,99934,35.00,-7.23,-4.98
396639,2483,29296,149,99934,35.00,-7.25,-4.96
396661,2315,29296,145,99934,35.00,-7.20,-5.00
396683,2089,29296,149,99934,35.00,-7.17,-4.98
396705,1853,30064,152,99934,35.00,-7.23,-4.98
396727,1801,30064,164,99934,35.00,-7.24,-4.96
396749,1721,30064,169,99934,35.00,-7.23,-4.95
396771,1669,30064,169,99934,35.00,-7.26,-4.97
396793,1659,30064,165,99934,35.00,-7.21,-4.99
396834,1844,29296,157,99934,35.00,-7.26,-4.99
396856,1789,29296,145,99934,35.00,-7.21,-4.97
396878,1725,29296,139,99934,35.00,-7.29,-5.00
396900,1565,30064,125,99934,35.00,-7.24,-4.98
396922,1833,30064,141,99934,35.00,-7.25,-4.97
396944,1611,30064,143,99934,35.00,-7.19,-4.99
396966,1485,29296,147,99934,35.00,-7.24,-4.98
396988,1233,29296,165,99934,35.00,-7.24,-4.97
397370,1404,30064,168,99934,35.21,-7.23,-5.07
397398,1401,30064,160,99934,35.00,-7.25,-4.98
397420,1647,30064,133,99934,35.00,-7.23,-4.99
397442,1613,30064,121,99934,35.00,-7.22,-4.97
397464,1533,30064,137,99934,35.00,-7.24,-5.00
397486,1577,30064,145,99934,35.00,-7.23,-4.96
397508,1357,30064,147,99934,35.00,-7.24,-4.98
397530,1107,30064,153,99934,35.00,-7.20,-4.96
397552,1244,30064,153,99934,35.00,-7.25,-5.02
397574,1510,30064,152,99934,35.00,-7.20,-4.98
397616,1629,30064,147,99934,35.00,-7.22,-4.96
397638,1719,30064,153,99934,35.00,-7.23,-4.95
397660,1891,30064,127,99934,35.00,-7.21,-4.96
397682,1844,30064,131,99934,35.00,-7.24,-4.97
397704,1767,30064,138,99934,35.00,-7.20,-5.02
397726,1893,30576,152,99934,35.00,-7.21,-5.02
397748,1635,30576,156,99934,35.00,-7.26,-4.99
397770,1564,30064,167,99934,35.00,-7.21,-4.97
397792,1576,30576,168,99934,35.00,-7.26,-4.97
397814,1725,30576,166,99934,35.00,-7.26,-4.97
397856,1874,30576,157,99934,35.00,-7.25,-4.96
397878,1928,30064,147,99934,35.00,-7.24,-4.97
397900,2027,30576,141,99934,35.00,-7.23,-4.95
397922,2001,30576,136,99934,35.00,-7.26,-4.99
397944,1993,30576,144,99934,35.00,-7.25,-4.94
397966,1861,30576,149,99934,35.00,-7.21,-4.97
397988,1839,30576,151,99934,35.00,-7.25,-4.95
398391,1678,30576,169,99934,35.76,-7.21,-4.97
398419,1575,30576,177,99934,35.00,-7.21,-5.00
398441,1897,30576,137,99934,35.00,-7.24,-4.98
398463,1951,30576,135,99934,35.00,-7.27,-4.98
398485,1788,30576,125,99934,35.00,-7.24,-4.94
398507,1643,30576,145,99934,35.00,-7.20,-4.95
398529,1548,30576,142,99934,35.00,-7.21,-4.99
398551,1463,30576,157,99934,35.00,-7.25,-4.99
398573,1465,30960,169,99934,35.00,-7.24,-4.97
398595,1621,30960,167,99934,35.00,-7.21,-4.96
398617,1765,30960,163,99934,35.00,-7.20,-5.01
398658,1908,30576,154,99934,35.00,-7.25,-4.99
398680,1989,30960,153,99934,35.00,-7.19,-4.96
398702,2213,30960,149,99934,35.00,-7.14,-4.91
398724,2142,30960,146,99934,35.00,-7.26,-4.99
398746,2011,30960,143,99934,35.00,-7.22,-5.00
398768,2010,30960,157,99934,35.00,-7.25,-4.98
398790,1886,30960,166,99934,35.00,-7.21,-4.93
398812,1723,30960,174,99934,35.00,-7.22,-4.96
398834,1657,30960,176,99934,35.00,-7.30,-5.04
398856,1737,30960,179,99934,35.00,-7.15,-4.90
398899,1927,30960,171,99934,35.00,-7.22,-5.02
398921,2138,30960,159,99934,35.00,-7.24,-4.93
398943,2167,30960,159,99934,35.00,-7.22,-5.00
398965,2121,31472,155,99934,35.00,-7.22,-4.98
398987,1992,31472,155,99934,35.00,-7.22,-4.98
399412,3787,31472,283,99934,36.54,-7.24,-4.98
399441,1573,31472,174,99934,35.00,-7.26,-4.98
399463,2013,31472,149,99934,35.00,-7.24,-4.97
399485,2159,32240,155,99934,35.00,-7.22,-4.95
399507,2109,32240,151,99934,35.00,-7.24,-4.95
399529,2008,32240,157,99934,35.00,-7.26,-4.96
399551,1880,32240,169,99934,35.00,-7.24,-4.98
399573,1511,32240,173,99934,35.00,-7.24,-4.99
399595,1291,32240,169,99934,35.00,-7.24,-4.97
399617,1173,32240,160,99934,35.00,-7.20,-4.97
399639,1002,32240,147,99934,35.00,-7.22,-4.95
399681,915,32240,119,99934,35.00,-7.22,-4.95
399703,928,32240,94,99934,35.00,-7.25,-5.00
399725,907,32240,87,99934,35.00,-7.22,-4.98
399747,997,32240,83,99934,35.00,-7.23,-4.99
399769,1528,32240,97,99934,35.00,-7.20,-4.96
399791,1749,32240,101,99934,35.00,-7.24,-4.98
399813,2831,31472,147,99934,35.00,-7.21,-4.95
399835,3774,31472,169,99934,35.00,-7.25,-4.96
399857,639,31472,121,99934,35.00,-7.24,-5.02
399879,1001,30960,95,99934,35.00,-7.24,-4.97
399921,1147,30960,77,99934,35.00,-7.23,-4.96
399943,0,30576,36,99934,35.00,-7.24,-4.94
399965,0,30064,21,99934,35.00,-7.22,-5.00
399987,0,30064,25,99934,35.00,-7.22,-4.96
400433,0,29296,18,99934,36.35,-7.30,-4.96
400462,3796,28592,245,99934,35.00,-7.23,-4.99
400484,3801,28080,211,99934,35.00,-7.21,-4.99
400506,3819,28592,223,99934,35.00,-7.23,-5.00
400528,3813,28592,251,99934,35.00,-7.20,-4.99
400550,3820,28592,296,99934,35.00,-7.23,-4.94
400572,3807,28592,319,99934,35.00,-7.23,-4.97
400594,3799,28784,357,99934,35.00,-7.24,-4.95
400616,3793,28784,378,99934,35.00,-7.23,-4.99
400638,3801,29296,413,99934,35.00,-7.23,-4.98
400660,3800,29296,407,99934,35.00,-7.22,-4.94
400682,3815,29296,395,99934,35.00,-7.24,-4.98
400723,3812,28784,335,99934,35.00,-7.27,-4.95
400745,3802,28080,245,99934,35.00,-7.22,-4.98
400767,3793,28080,230,99934,35.00,-7.26,-4.97
400789,3811,26800,219,99934,35.00,-7.23,-4.97
400811,3801,26416,216,99934,35.00,-7.21,-4.98
400833,3791,25904,232,99934,35.00,-7.25,-4.99
400855,3806,25136,231,99934,35.00,-7.20,-4.97
400877,3800,24624,233,99934,35.00,-7.22,-4.94
400899,2828,24528,199,99934,35.00,-7.22,-4.98
400921,2219,24016,181,99934,35.00,-7.22,-4.95
400964,1864,23248,163,99934,35.00,-7.24,-4.97
400986,1881,22352,140,99934,35.00,-7.26,-5.02
401710,1659,21840,147,99934,35.31,-7.24,-4.96
401745,1607,16912,104,99934,35.00,-7.20,-4.99
401767,1273,16912,106,99934,35.00,-7.25,-4.96
401789,3774,17680,149,99934,35.00,-7.21,-5.02
401811,3589,16912,142,99934,35.00,-7.23,-5.01
401833,2874,16912,143,99934,35.00,-7.22,-4.95
401855,2281,16912,137,99934,35.00,-7.24,-4.99
401877,1465,16912,140,99934,35.00,-7.26,-5.02
401899,1690,16912,147,99934,35.00,-7.24,-4.96
401921,1331,16912,139,99934,35.00,-7.23,-4.99
401943,1407,17680,133,99934,35.00,-7.26,-4.96
401965,1541,17680,134,99934,35.00,-7.26,-4.95
402732,1842,16912,127,99934,35.18,-7.20,-4.97
402768,1614,18576,155,99934,35.00,-7.19,-4.98
402790,1959,18576,155,99934,35.00,-7.23,-4.96
402812,2129,18576,149,99934,35.00,-7.24,-4.96
402834,2133,18576,154,99934,35.00,-7.22,-5.00
402856,1907,18576,153,99934,35.00,-7.22,-4.97
402878,1691,18576,157,99934,35.00,-7.25,-4.95
402900,1612,18576,160,99934,35.00,-7.21,-4.99
402922,1507,18576,164,99934,35.00,-7.20,-4.98
402944,1384,18576,152,99934,35.00,-7.25,-4.96
402966,1493,18576,151,99934,35.00,-7.24,-5.02
403753,1703,18576,141,99934,35.07,-7.25,-4.96
403790,1867,18576,125,99934,35.00,-7.24,-4.96
403812,1863,18576,124,99934,35.00,-7.25,-4.99
403834,1847,18576,117,99934,35.00,-7.22,-4.96
403856,1837,18576,134,99934,35.00,-7.23,-4.98
403878,1787,19088,133,99934,35.00,-7.25,-4.95
403900,2040,19088,159,99934,35.00,-7.26,-4.99
403922,1544,19088,153,99934,35.00,-7.25,-4.94
403944,1383,19088,152,99934,35.00,-7.22,-4.98
403966,1767,19088,157,99934,35.00,-7.23,-4.99
403988,1627,19088,147,99934,35.00,-7.20,-4.96
404519,2075,19088,135,99934,35.13,-7.24,-4.97
404552,1513,22736,152,99934,35.00,-7.25,-4.97
404574,1757,23248,120,99934,35.00,-7.22,-4.93
404596,1877,23248,124,99934,35.00,-7.25,-4.97
404618,1886,24016,141,99934,35.00,-7.26,-4.99
404640,2080,24016,150,99934,35.00,-7.25,-4.98
404662,1995,24016,166,99934,35.00,-7.22,-4.96
404684,1739,24016,163,99934,35.00,-7.25,-4.96
404706,1639,24016,163,99934,35.00,-7.25,-4.98
404728,1855,24016,155,99934,35.00,-7.24,-4.96
404750,1960,24016,145,99934,35.00,-7.21,-4.96
404793,2151,24016,125,99934,35.00,-7.22,-4.97
404815,2108,24016,119,99934,35.00,-7.24,-4.97
404837,2037,24016,118,99934,35.00,-7.21,-4.97
404859,1650,24016,133,99934,35.00,-7.22,-4.99
404881,1579,24016,140,99934,35.00,-7.24,-4.92
404903,1399,24016,156,99934,35.00,-7.23,-4.98
404925,1327,23248,159,99934,35.00,-7.22,-4.92
404947,1323,22736,156,99934,35.00,-7.22,-4.96
404969,1483,22736,149,99934,35.00,-7.28,-4.94
404991,1583,22736,140,99934,35.00,-7.21,-4.97
405033,1717,22736,123,99934,35.00,-7.21,-4.98
405055,1789,22736,121,99934,35.00,-7.22,-4.98
405077,1813,22736,121,99934,35.00,-7.19,-4.95
405099,1693,22736,134,99934,35.00,-7.22,-4.96
405121,1357,22736,127,99934,35.00,-7.20,-4.95
405143,1373,23248,147,99934,35.00,-7.18,-4.97
405165,1444,23248,151,99934,35.00,-7.23,-4.96
405187,1299,23248,151,99934,35.00,-7.24,-4.92
405209,1507,23248,143,99934,35.00,-7.21,-4.97
405231,1755,22736,141,99934,35.00,-7.22,-5.02
405253,1746,23248,122,99934,35.00,-7.20,-5.00
405294,1799,23248,123,99934,35.00,-7.22,-5.00
405316,2057,22736,121,99934,35.00,-7.19,-4.97
405338,2223,23248,137,99934,35.00,-7.22,-4.98
405360,2015,23248,139,99934,35.00,-7.25,-4.98
405382,1428,23248,149,99934,35.00,-7.20,-4.95
405404,1686,22736,163,99934,35.00,-7.23,-4.96
405426,1395,22736,159,99934,35.00,-7.22,-4.95
405448,1385,23248,153,99934,35.00,-7.26,-4.99
405470,1517,23248,153,99934,35.00,-7.21,-4.98
405492,1823,23248,139,99934,35.00,-7.22,-4.96
405534,2031,24016,133,99934,35.00,-7.19,-4.99
405556,1979,24016,123,99934,35.00,-7.20,-4.99
405578,2099,24016,121,99934,35.00,-7.21,-5.01
405600,1752,24016,141,99934,35.00,-7.25,-5.00
405622,1563,24016,136,99934,35.00,-7.22,-4.93
405644,1639,24016,167,99934,35.00,-7.24,-4.96
405666,1805,24528,175,99934,35.00,-7.21,-5.01
405688,1893,24016,185,99934,35.00,-7.22,-4.98
405710,2092,24016,181,99934,35.00,-7.25,-4.95
405732,2265,24016,173,99934,35.00,-7.20,-4.98
405754,2253,24016,157,99934,35.00,-7.23,-4.96
405795,2347,24528,150,99934,35.00,-7.21,-4.99
405817,2623,24528,153,99934,35.00,-7.19,-5.01
405839,2221,24528,147,99934,35.00,-7.19,-4.97
405861,1973,24528,152,99934,35.00,-7.25,-4.97
405883,1779,24528,154,99934,35.00,-7.23,-4.98
405905,1683,24528,167,99934,35.00,-7.23,-4.99
405927,1681,24016,170,99934,35.00,-7.23,-4.96
405949,1784,24016,170,99934,35.00,-7.25,-4.97
405971,1757,24016,155,99934,35.00,-7.26,-4.99
405993,1819,24016,149,99934,35.00,-7.24,-4.97
406036,1735,24016,125,99934,35.00,-7.24,-4.98
406058,1704,24016,116,99934,35.00,-7.27,-4.98
406080,1705,24528,120,99934,35.00,-7.22,-4.99
406102,1745,24528,147,99934,35.00,-7.19,-5.01
406124,1541,24528,151,99934,35.00,-7.25,-4.98
406146,1578,24528,165,99934,35.00,-7.21,-5.02
406168,1575,24528,165,99934,35.00,-7.22,-4.95
406190,1421,24528,164,99934,35.00,-7.24,-4.99
406212,1583,24528,148,99934,35.00,-7.22,-4.97
406234,1544,24528,139,99934,35.00,-7.21,-4.98
406276,1643,24528,125,99934,35.00,-7.23,-4.95
406298,1710,24016,119,99934,35.00,-7.23,-4.97
406320,1681,24528,125,99934,35.00,-7.19,-4.98
406342,1567,24528,126,99934,35.00,-7.23,-4.97
406364,1215,24528,135,99934,35.00,-7.19,-4.98
406386,949,24528,140,99934,35.00,-7.20,-4.98
406408,1141,24528,149,99934,35.00,-7.23,-4.98
406430,1240,24528,146,99934,35.00,-7.17,-4.96
406452,1551,24528,141,99934,35.00,-7.22,-5.00
406474,1657,24016,126,99934,35.00,-7.24,-4.98
406496,1763,24528,119,99934,35.00,-7.21,-4.99
406537,1891,24528,123,99934,35.00,-7.21,-4.96
406559,2248,24528,141,99934,35.00,-7.20,-4.98
406581,2317,24528,147,99934,35.00,-7.18,-4.95
406603,2215,24528,155,99934,35.00,-7.21,-4.99
406625,2056,24528,165,99934,35.00,-7.21,-4.94
406647,2131,24528,173,99934,35.00,-7.22,-4.96
406669,2299,24528,185,99934,35.00,-7.22,-4.98
406691,2403,24528,181,99934,35.00,-7.23,-4.96
406713,2551,24528,171,99934,35.00,-7.24,-4.95
406735,2619,24624,152,99934,35.00,-7.25,-4.99
406777,2619,24624,150,99934,35.00,-7.21,-4.97
406799,2407,24624,146,99934,35.00,-7.21,-4.97
406821,2252,24624,151,99934,35.00,-7.20,-4.96
406843,2099,24624,167,99934,35.00,-7.21,-5.01
406865,1933,24624,165,99934,35.00,-7.26,-4.98
406887,1861,24624,181,99934,35.00,-7.25,-4.94
406909,1863,24624,199,99934,35.00,-7.24,-4.93
406931,1960,24624,201,99934,35.00,-7.20,-4.98
406953,2007,24528,181,99934,35.00,-7.21,-5.00
406975,1973,24528,167,99934,35.00,-7.23,-4.97
406997,1767,24624,143,99934,35.00,-7.19,-4.97
407038,1587,24624,138,99934,35.00,-7.25,-4.99
407060,1430,24624,127,99934,35.00,-7.25,-5.01
407082,1401,24528,145,99934,35.00,-7.29,-4.98
407104,1259,24528,151,99934,35.00,-7.23,-5.01
407126,1145,24528,168,99934,35.00,-7.24,-4.99
407148,1298,24528,171,99934,35.00,-7.25,-5.01
407170,1449,24528,171,99934,35.00,-7.24,-4.96
407192,1626,24624,165,99934,35.00,-7.19,-4.96
407214,1748,24624,155,99934,35.00,-7.25,-4.98
407236,1807,24624,147,99934,35.00,-7.24,-5.00
407279,1645,24624,133,99934,35.00,-7.25,-4.99
407301,1267,24624,107,99934,35.00,-7.23,-4.99
407323,1060,24624,107,99934,35.00,-7.21,-4.96
407345,927,24624,119,99934,35.00,-7.24,-4.96
407367,936,24624,147,99934,35.00,-7.21,-4.98
407389,1197,24624,165,99934,35.00,-7.22,-4.98
407411,1445,24624,165,99934,35.00,-7.23,-5.02
407433,1631,24624,164,99934,35.00,-7.20,-4.96
407455,1832,24624,154,99934,35.00,-7.20,-4.96
407477,1964,24624,147,99934,35.00,-7.23,-4.97
407519,2007,24624,138,99934,35.00,-7.26,-4.98
407541,1813,25136,122,99934,35.00,-7.24,-4.97
407563,1691,25136,133,99934,35.00,-7.25,-4.98
407585,1638,25136,142,99934,35.00,-7.20,-5.00
407607,1583,25136,155,99934,35.00,-7.27,-5.00
407629,1625,25136,159,99934,35.00,-7.23,-5.02
407651,1675,25136,164,99934,35.00,-7.23,-5.00
407673,1723,25136,154,99934,35.00,-7.24,-4.96
407695,1863,25136,158,99934,35.00,-7.25,-5.02
407717,2011,25136,139,99934,35.00,-7.25,-4.99
407760,2071,25136,143,99934,35.00,-7.21,-4.98
407782,2109,25136,133,99934,35.00,-7.20,-4.97
407804,1995,25136,151,99934,35.00,-7.24,-4.98
407826,1865,25136,151,99934,35.00,-7.23,-4.99
407848,1719,25136,159,99934,35.00,-7.23,-4.97
407870,1755,25136,168,99934,35.00,-7.20,-4.96
407892,1722,25136,167,99934,35.00,-7.26,-4.95
407914,1861,24624,154,99934,35.00,-7.24,-4.99
407936,1932,25136,153,99934,35.00,-7.19,-4.95
407958,2027,25136,133,99934,35.00,-7.23,-4.96
408348,2153,25136,142,99934,36.29,-7.23,-4.96
408381,1623,25136,154,99934,35.00,-7.21,-4.94
408403,1959,25136,123,99934,35.00,-7.20,-4.95
408425,1863,25136,139,99934,35.00,-7.22,-4.97
408447,1675,25136,148,99934,35.00,-7.23,-4.99
408469,1581,25136,163,99934,35.00,-7.23,-5.00
408491,1519,25136,165,99934,35.00,-7.22,-5.00
408513,1611,25136,165,99934,35.00,-7.27,-4.99
408535,1695,25136,151,99934,35.00,-7.19,-4.99
408557,1749,25136,141,99934,35.00,-7.21,-4.94
408579,1828,25136,133,99934,35.00,-7.26,-4.96
408601,1981,25136,131,99934,35.00,-7.20,-4.98
408642,1959,25136,133,99934,35.00,-7.22,-5.02
408664,1774,25136,125,99934,35.00,-7.23,-4.97
408686,1551,25136,137,99934,35.00,-7.24,-4.96
408708,1385,25136,139,99934,35.00,-7.23,-4.97
408730,1233,25136,150,99934,35.00,-7.21,-4.98
408752,1167,25136,151,99934,35.00,-7.24,-4.94
408774,1207,25136,145,99934,35.00,-7.22,-4.97
408796,1372,25136,126,99934,35.00,-7.27,-4.94
408818,1514,25136,123,99934,35.00,-7.22,-4.95
408840,1653,25136,111,99934,35.00,-7.24,-4.99
408882,1725,25136,111,99934,35.00,-7.24,-4.98
408904,1753,25136,119,99934,35.00,-7.23,-5.01
408926,1587,25136,133,99934,35.00,-7.26,-4.99
408948,1453,25136,142,99934,35.00,-7.23,-4.96
408970,1290,25136,142,99934,35.00,-7.20,-4.96
408992,1105,25136,143,99934,35.00,-7.26,-4.99
409369,1229,25136,147,99934,35.97,-7.25,-4.96
409404,1832,25136,158,99934,35.00,-7.20,-4.96
409426,2035,24624,132,99934,35.00,-7.19,-4.98
409448,1964,24624,153,99934,35.00,-7.22,-4.96
409470,1885,25136,167,99934,35.00,-7.25,-4.98
409492,1944,24624,173,99934,35.00,-7.25,-4.98
409514,1967,24624,173,99934,35.00,-7.22,-4.99
409536,2127,25136,180,99934,35.00,-7.20,-5.00
409558,2123,25136,197,99934,35.00,-7.22,-4.98
409580,2701,25136,187,99934,35.00,-7.23,-4.97
409602,2634,25136,165,99934,35.00,-7.23,-4.97
409644,2441,25136,153,99934,35.00,-7.23,-5.00
409666,2266,25136,147,99934,35.00,-7.23,-4.96
409688,2055,25136,151,99934,35.00,-7.24,-5.00
409710,1899,25136,165,99934,35.00,-7.23,-4.97
409732,1847,25136,175,99934,35.00,-7.19,-4.96
409754,1791,25136,184,99934,35.00,-7.22,-4.96
409776,1773,25136,154,99934,35.00,-7.22,-5.00
409798,1532,25136,121,99934,35.00,-7.24,-4.99
409820,1363,24624,99,99934,35.00,-7.21,-5.02
409842,1369,24624,84,99934,35.00,-7.24,-4.95
409864,1372,24624,85,99934,35.00,-7.27,-4.99
409905,1450,24624,125,99934,35.00,-7.24,-4.96
409927,1906,24624,149,99934,35.00,-7.25,-5.03
409949,1845,24624,151,99934,35.00,-7.19,-4.98
409971,1401,24624,135,99934,35.00,-7.21,-4.95
409993,1371,24624,149,99934,35.00,-7.24,-4.95
410390,1339,24624,147,99934,35.72,-7.23,-4.95
410426,1768,25136,165,99934,35.00,-7.27,-4.97
410448,2094,25136,170,99934,35.00,-7.25,-4.96
410470,2389,25136,231,99934,35.00,-7.24,-4.96
410492,2719,25136,275,99934,35.00,-7.24,-4.96
410514,2731,25136,255,99934,35.00,-7.22,-5.01
410536,2506,25136,219,99934,35.00,-7.20,-4.98
410558,2269,25136,186,99934,35.00,-7.26,-4.94
410580,1992,25904,171,99934,35.00,-7.26,-4.96
410602,2425,25136,218,99934,35.00,-7.22,-4.97
410624,2638,25136,213,99934,35.00,-7.25,-4.97
410667,2586,25136,198,99934,35.00,-7.20,-5.01
410689,2342,25136,205,99934,35.00,-7.24,-5.00
410711,2163,25136,211,99934,35.00,-7.19,-4.95
410733,2007,25136,217,99934,35.00,-7.22,-4.98
410755,2249,25136,219,99934,35.00,-7.23,-4.96
410777,1916,25136,219,99934,35.00,-7.24,-4.94
410799,1875,25136,191,99934,35.00,-7.27,-4.94
410821,1870,25136,167,99934,35.00,-7.23,-4.97
410843,1848,25136,119,99934,35.00,-7.28,-5.08
410865,1275,25136,96,99934,35.00,-7.13,-4.95
410907,1140,25136,100,99934,35.00,-7.16,-4.97
410929,1245,24624,103,99934,35.00,-7.22,-4.93
410951,986,24624,87,99934,35.00,-7.33,-4.98
410973,536,24528,139,99934,35.00,-7.22,-4.94
410995,744,24528,125,99934,35.00,-7.23,-5.01
411412,953,24528,111,99934,36.81,-7.25,-4.97
411449,1055,24016,125,99934,35.00,-7.24,-5.01
411471,1723,24016,123,99934,35.00,-7.28,-4.99
411493,1823,24016,151,99934,35.00,-7.21,-4.98
411515,1571,23248,151,99934,35.00,-7.25,-4.99
411537,1459,23248,159,99934,35.00,-7.23,-5.02
411559,1917,23248,119,99934,35.00,-7.26,-4.99
411581,1948,23248,121,99934,35.00,-7.23,-5.00
411603,2281,23248,104,99934,35.00,-7.24,-5.04
411625,2775,23248,109,99934,35.00,-7.22,-4.99
411647,3737,23248,216,99934,35.00,-7.18,-5.00
411689,3757,23248,245,99934,35.00,-7.17,-4.99
411711,3759,23248,271,99934,35.00,-7.20,-5.00
411733,3753,23248,249,99934,35.00,-7.22,-5.00
411755,3767,23248,227,99934,35.00,-7.20,-5.00
411777,3736,23248,235,99934,35.00,-7.26,-4.97
411799,3292,23248,277,99934,35.00,-7.21,-4.98
411821,3103,23248,186,99934,35.00,-7.20,-5.01
411843,1417,23248,101,99934,35.00,-7.22,-5.04
411865,1663,23248,179,99934,35.00,-7.22,-4.97
411887,1897,23248,205,99934,35.00,-7.28,-4.97
411909,2264,22736,287,99934,35.00,-7.21,-4.95
411950,2844,22736,326,99934,35.00,-7.19,-5.01
411972,3211,22352,202,99934,35.00,-7.22,-4.99
411994,2541,22352,175,99934,35.00,-7.28,-5.00
412433,1828,22352,147,99934,36.02,-7.22,-4.96
412471,2075,23248,205,99934,35.00,-7.23,-4.95
412493,2506,23248,207,99934,35.00,-7.22,-4.97
412515,2264,23248,239,99934,35.00,-7.24,-4.98
412537,2462,23248,287,99934,35.00,-7.20,-4.96
412559,2643,23248,309,99934,35.00,-7.22,-4.97
412581,2921,23248,313,99934,35.00,-7.23,-4.99
412603,2552,23248,229,99934,35.00,-7.25,-4.94
412625,1909,23248,155,99934,35.00,-7.23,-5.01
412647,1627,23248,148,99934,35.00,-7.20,-5.00
412669,1567,23248,121,99934,35.00,-7.24,-4.96
412712,1273,24016,138,99934,35.00,-7.23,-4.97
412734,1205,24016,153,99934,35.00,-7.21,-4.94
412756,1227,24016,185,99934,35.00,-7.21,-4.98
412778,1479,24016,221,99934,35.00,-7.22,-4.94
412800,1949,24016,253,99934,35.00,-7.20,-4.97
412822,2323,24016,281,99934,35.00,-7.25,-4.97
412844,3231,24016,367,99934,35.00,-7.20,-5.02
412866,3729,24016,365,99934,35.00,-7.21,-5.02
412888,3725,24016,315,99934,35.00,-7.22,-5.00
412910,3067,24528,239,99934,35.00,-7.25,-5.00
412952,2377,24528,206,99934,35.00,-7.26,-5.03
412974,1558,24016,173,99934,35.00,-7.24,-5.03
412996,1163,24016,170,99934,35.00,-7.25,-4.97
413711,886,24016,165,99934,36.69,-7.24,-5.03
413735,2151,24528,135,99934,35.00,-7.22,-4.97
413757,1979,24528,162,99934,35.00,-7.20,-5.03
413779,1959,24528,169,99934,35.00,-7.23,-4.97
413801,1850,24528,170,99934,35.00,-7.24,-4.97
413823,2084,24528,167,99934,35.00,-7.19,-4.98
413845,2143,24528,157,99934,35.00,-7.20,-4.96
413867,2215,24528,145,99934,35.00,-7.24,-5.00
413889,2311,24528,148,99934,35.00,-7.24,-4.99
413911,2309,24528,139,99934,35.00,-7.21,-4.99
413933,2261,24528,149,99934,35.00,-7.23,-4.97
413975,2127,24016,151,99934,35.00,-7.20,-5.02
413997,1929,24016,153,99934,35.00,-7.20,-5.01
414733,1832,24016,163,99934,36.05,-7.25,-5.00
414758,1907,23248,140,99934,35.00,-7.24,-5.00
414780,1595,24016,169,99934,35.00,-7.25,-4.97
414802,1582,23248,171,99934,35.00,-7.21,-4.96
414824,1685,23248,167,99934,35.00,-7.21,-4.98
414846,1738,23248,157,99934,35.00,-7.20,-4.99
414868,1819,23248,151,99934,35.00,-7.22,-4.97
414890,1877,23248,141,99934,35.00,-7.22,-4.99
414912,1903,23248,136,99934,35.00,-7.21,-4.99
414934,1869,23248,125,99934,35.00,-7.22,-4.98
414956,1705,23248,139,99934,35.00,-7.19,-4.98
414997,1645,23248,146,99934,35.00,-7.21,-4.97
415755,1597,23248,153,99934,35.72,-7.23,-4.97
415780,1854,21072,139,99934,35.00,-7.22,-5.00
415802,1593,21072,159,99934,35.00,-7.23,-4.99
415824,1575,21072,163,99934,35.00,-7.28,-4.99
415846,1628,21072,167,99934,35.00,-7.25,-4.95
415868,1783,21072,151,99934,35.00,-7.23,-4.99
415890,1907,21072,147,99934,35.00,-7.21,-4.96
415912,1958,21072,126,99934,35.00,-7.24,-4.96
415934,1907,21072,123,99934,35.00,-7.21,-4.99
415956,1911,21072,121,99934,35.00,-7.24,-4.96
415978,1769,21072,141,99934,35.00,-7.24,-4.99
416020,1720,21072,142,99934,35.00,-7.22,-4.99
416042,1611,20560,155,99934,35.00,-7.22,-4.95
416064,1587,20560,164,99934,35.00,-7.23,-4.97
416086,1661,20560,167,99934,35.00,-7.21,-4.98
416108,1683,20560,159,99934,35.00,-7.24,-5.01
416130,1847,20560,149,99934,35.00,-7.26,-4.94
416152,1897,20560,135,99934,35.00,-7.22,-5.00
416174,1861,20560,133,99934,35.00,-7.22,-5.01
416196,1935,20560,137,99934,35.00,-7.17,-4.98
416218,1861,20560,143,99934,35.00,-7.27,-4.97
416260,1741,20560,152,99934,35.00,-7.20,-4.97
416282,1621,20560,159,99934,35.00,-7.23,-4.97
416304,1571,20560,165,99934,35.00,-7.23,-4.96
416326,1615,20368,169,99934,35.00,-7.26,-4.94
416348,1663,20368,155,99934,35.00,-7.27,-4.99
416370,1767,20368,151,99934,35.00,-7.25,-5.01
416392,1853,20368,137,99934,35.00,-7.24,-4.99
416414,1899,20368,125,99934,35.00,-7.20,-4.99
416436,1875,20368,133,99934,35.00,-7.19,-4.94
416458,1799,20368,127,99934,35.00,-7.21,-4.94
416501,1647,20368,143,99934,35.00,-7.24,-5.01
416523,1475,20368,157,99934,35.00,-7.19,-4.94
416545,1491,20368,165,99934,35.00,-7.21,-4.95
416567,1611,20368,167,99934,35.00,-7.25,-4.97
416589,1741,20368,166,99934,35.00,-7.24,-4.95
416611,1815,20368,147,99934,35.00,-7.25,-5.03
416633,1896,20368,139,99934,35.00,-7.26,-4.97
416655,1899,20368,139,99934,35.00,-7.24,-5.00
416677,1875,20368,134,99934,35.00,-7.24,-4.93
416699,1747,20368,136,99934,35.00,-7.22,-4.96
416741,1685,20368,155,99934,35.00,-7.26,-4.96
416763,1608,20368,161,99934,35.00,-7.23,-4.99
416785,1567,20368,165,99934,35.00,-7.21,-4.94
416807,1631,20368,168,99934,35.00,-7.22,-4.95
416829,1708,20368,160,99934,35.00,-7.24,-4.96
416851,1846,19856,155,99934,35.00,-7.18,-4.97
416873,1859,19856,137,99934,35.00,-7.25,-4.95
416895,1919,19856,137,99934,35.00,-7.23,-4.98
416917,1883,20368,122,99934,35.00,-7.24,-4.97
416939,1751,19856,133,99934,35.00,-7.26,-4.98
416961,1693,19856,143,99934,35.00,-7.19,-4.96
417544,1613,19856,157,99934,35.94,-7.23,-4.95
417583,1173,21072,149,99934,35.00,-7.24,-4.99
417605,1567,20560,151,99934,35.00,-7.24,-5.02
417627,1627,20560,153,99934,35.00,-7.27,-4.93
417649,1458,21840,151,99934,35.00,-7.24,-4.99
417671,1173,21072,126,99934,35.00,-7.25,-5.04
417693,1243,21072,121,99934,35.00,-7.19,-4.99
417715,1617,20560,121,99934,35.00,-7.24,-4.94
417737,1713,20560,132,99934,35.00,-7.20,-4.98
417759,1940,21072,139,99934,35.00,-7.25,-4.91
417781,1949,21072,159,99934,35.00,-7.24,-4.96
417803,1934,21840,164,99934,35.00,-7.23,-5.01
417844,1875,21840,183,99934,35.00,-7.21,-5.00
417866,1967,22352,184,99934,35.00,-7.26,-4.98
417888,1940,22352,189,99934,35.00,-7.25,-4.96
417910,1951,22736,187,99934,35.00,-7.23,-4.98
417932,1988,22352,173,99934,35.00,-7.24,-4.99
417954,2063,22352,157,99934,35.00,-7.21,-4.97
417976,2025,22736,143,99934,35.00,-7.20,-4.94
417998,1947,22736,137,99934,35.00,-7.18,-4.98
418020,1861,22736,139,99934,35.00,-7.21,-4.95
418042,1769,22736,149,99934,35.00,-7.21,-4.98
418084,1677,22736,159,99934,35.00,-7.25,-4.95
418106,1723,23248,173,99934,35.00,-7.23,-4.97
418128,1725,23248,179,99934,35.00,-7.20,-5.01
418150,1767,23248,179,99934,35.00,-7.25,-4.98
418172,1851,23248,167,99934,35.00,-7.24,-4.98
418194,1833,23248,154,99934,35.00,-7.26,-4.96
418216,1834,23248,135,99934,35.00,-7.24,-4.95
418238,1581,23248,126,99934,35.00,-7.20,-4.99
418260,1383,23248,121,99934,35.00,-7.24,-4.98
418282,1157,23248,119,99934,35.00,-7.23,-4.93
418304,1005,22736,141,99934,35.00,-7.25,-4.98
418345,1031,22736,147,99934,35.00,-7.25,-5.00
418367,1203,22736,153,99934,35.00,-7.23,-4.96
418389,1316,22736,157,99934,35.00,-7.20,-4.93
418411,1461,22736,165,99934,35.00,-7.24,-4.96
418433,1669,22736,151,99934,35.00,-7.21,-4.95
418455,1815,22736,149,99934,35.00,-7.20,-4.99
418477,1932,22736,135,99934,35.00,-7.22,-4.98
418499,1885,22736,135,99934,35.00,-7.25,-4.95
418521,1907,22736,136,99934,35.00,-7.24,-4.96
418543,1803,22736,147,99934,35.00,-7.25,-4.96
418586,1725,22736,149,99934,35.00,-7.25,-4.99
418608,1657,22352,166,99934,35.00,-7.26,-5.00
418630,1695,22352,169,99934,35.00,-7.24,-4.95
418652,1781,22352,171,99934,35.00,-7.22,-4.95
418674,1868,22736,150,99934,35.00,-7.21,-4.97
418696,1929,22352,141,99934,35.00,-7.21,-4.96
418718,1961,22352,135,99934,35.00,-7.24,-4.94
418740,1929,22736,133,99934,35.00,-7.26,-4.95
418762,1907,22736,137,99934,35.00,-7.23,-5.01
418784,1788,22736,147,99934,35.00,-7.23,-4.92
418826,1715,22736,155,99934,35.00,-7.24,-4.96
418848,1701,22736,171,99934,35.00,-7.24,-4.98
418870,1705,22736,175,99934,35.00,-7.25,-4.98
418892,1807,22736,175,99934,35.00,-7.22,-4.98
418914,1832,22736,159,99934,35.00,-7.24,-4.97
418936,1971,22736,153,99934,35.00,-7.23,-4.96
418958,1981,22736,146,99934,35.00,-7.25,-4.96
418980,1947,22736,137,99934,35.00,-7.25,-4.96
419342,1869,22736,138,99934,35.69,-7.25,-4.96
419370,1683,22352,137,99934,35.00,-7.24,-4.95
419392,1465,22352,163,99934,35.00,-7.24,-4.99
419414,1659,22352,165,99934,35.00,-7.23,-5.02
419436,1735,22352,150,99934,35.00,-7.24,-4.99
419458,1820,22352,134,99934,35.00,-7.24,-4.97
419480,1909,22352,133,99934,35.00,-7.24,-4.97
419502,1867,22352,133,99934,35.00,-7.25,-4.96
419524,1759,21840,136,99934,35.00,-7.23,-4.94
419546,1640,21840,147,99934,35.00,-7.22,-4.97
419588,1530,21840,157,99934,35.00,-7.24,-4.95
419610,1465,21840,159,99934,35.00,-7.25,-5.01
419632,1553,21840,165,99934,35.00,-7.23,-4.95
419654,1645,21840,158,99934,35.00,-7.24,-4.97
419676,1755,21840,153,99934,35.00,-7.21,-4.97
419698,1845,21840,139,99934,35.00,-7.19,-4.95
419720,1883,21840,136,99934,35.00,-7.29,-4.96
419742,1836,21840,125,99934,35.00,-7.22,-4.94
419764,1769,21840,133,99934,35.00,-7.27,-4.98
419786,1672,21840,147,99934,35.00,-7.29,-4.91
419829,1544,21840,153,99934,35.00,-7.22,-4.94
419851,1430,21840,159,99934,35.00,-7.25,-4.95
419873,1465,21840,163,99934,35.00,-7.24,-5.01
419895,1531,21840,152,99934,35.00,-7.25,-4.96
419917,1628,21840,140,99934,35.00,-7.23,-4.97
419939,1673,21840,123,99934,35.00,-7.23,-4.93
419961,1723,21840,118,99934,35.00,-7.23,-4.96
419983,1701,21840,122,99934,35.00,-7.26,-5.01
420356,1610,21840,124,99934,35.98,-7.24,-4.94
420390,2168,21840,164,99934,35.00,-7.22,-4.95
420412,1879,21840,185,99934,35.00,-7.22,-5.01
420434,1935,21840,184,99934,35.00,-7.26,-4.96
420456,1990,21840,175,99934,35.00,-7.24,-4.96
420478,2029,21072,165,99934,35.00,-7.22,-4.96
420500,2163,21072,153,99934,35.00,-7.21,-5.00
420522,2188,21072,152,99934,35.00,-7.23,-4.98
420544,2077,21072,149,99934,35.00,-7.24,-4.99
420566,1944,21072,154,99934,35.00,-7.26,-4.94
420588,1807,21072,165,99934,35.00,-7.24,-4.96
420631,1743,21072,173,99934,35.00,-7.23,-4.94
420653,1624,21072,175,99934,35.00,-7.22,-4.99
420675,1636,21072,169,99934,35.00,-7.25,-4.96
420697,1781,21072,170,99934,35.00,-7.25,-4.94
420719,1776,21072,149,99934,35.00,-7.23,-4.95
420741,1837,21072,142,99934,35.00,-7.24,-4.95
420763,1771,21072,133,99934,35.00,-7.21,-4.97
420785,1615,21072,136,99934,35.00,-7.22,-4.96
420807,1465,21072,141,99934,35.00,-7.23,-4.98
420829,1264,21072,146,99934,35.00,-7.24,-4.96
420871,1190,21072,157,99934,35.00,-7.23,-4.99
420893,1123,21072,155,99934,35.00,-7.23,-4.96
420915,1158,21072,158,99934,35.00,-7.25,-4.93
420937,1289,21072,137,99934,35.00,-7.21,-4.96
420959,1321,20560,136,99934,35.00,-7.25,-4.96
420981,1463,21072,117,99934,35.00,-7.23,-4.98
421378,1483,21072,115,99934,36.28,-7.26,-4.97
421412,2188,21840,157,99934,35.00,-7.27,-4.97
421434,1861,21840,183,99934,35.00,-7.25,-4.96
421456,1965,21840,179,99934,35.00,-7.22,-4.97
421478,2040,22352,172,99934,35.00,-7.24,-4.96
421500,2132,21840,159,99934,35.00,-7.21,-4.96
421522,2171,22352,149,99934,35.00,-7.25,-4.95
421544,2171,22352,141,99934,35.00,-7.23,-4.97
421566,2073,21840,147,99934,35.00,-7.23,-4.99
421588,1979,21840,151,99934,35.00,-7.23,-4.99
421610,1880,21840,159,99934,35.00,-7.22,-4.98
421632,1717,21840,171,99934,35.00,-7.20,-4.93
421673,1672,21840,179,99934,35.00,-7.18,-5.00
421695,1553,21840,169,99934,35.00,-7.24,-4.99
421717,1587,21840,169,99934,35.00,-7.23,-4.98
421739,1661,21840,155,99934,35.00,-7.23,-4.95
421761,1741,21840,149,99934,35.00,-7.24,-4.96
421783,1768,22352,137,99934,35.00,-7.27,-4.99
421805,1737,22352,125,99934,35.00,-7.23,-4.93
421827,1637,22352,127,99934,35.00,-7.21,-4.97
421849,1523,22352,138,99934,35.00,-7.25,-4.98
421871,1419,22352,141,99934,35.00,-7.24,-4.98
421914,1331,22352,159,99934,35.00,-7.20,-5.00
421936,1353,22352,163,99934,35.00,-7.18,-5.00
421958,1519,22352,157,99934,35.00,-7.18,-4.97
421980,1562,22352,149,99934,35.00,-7.27,-4.97
422400,1723,22352,136,99934,35.80,-7.23,-4.99
422435,2057,22352,155,99934,35.00,-7.20,-4.98
422457,1755,22352,179,99934,35.00,-7.24,-4.96
422479,1846,22352,173,99934,35.00,-7.19,-4.91
422501,1927,22352,158,99934,35.00,-7.21,-4.95
422523,1961,22352,149,99934,35.00,-7.24,-4.98
422545,1983,22352,139,99934,35.00,-7.23,-5.02
422567,1911,22352,133,99934,35.00,-7.25,-4.97
422589,1816,22352,135,99934,35.00,-7.20,-4.94
422611,1711,22352,149,99934,35.00,-7.24,-4.95
422633,1581,22352,157,99934,35.00,-7.25,-4.97
422675,1507,22352,165,99934,35.00,-7.20,-4.95
422697,1557,22352,169,99934,35.00,-7.27,-4.98
422719,1629,22352,159,99934,35.00,-7.24,-4.98
422741,1736,22736,155,99934,35.00,-7.23,-4.98
422763,1805,22352,143,99934,35.00,-7.21,-4.97
422785,1839,22352,137,99934,35.00,-7.23,-4.96
422807,1891,22352,125,99934,35.00,-7.24,-4.98
422829,1717,22352,122,99934,35.00,-7.21,-4.98
422851,1606,22352,137,99934,35.00,-7.26,-4.99
422873,1509,22352,145,99934,35.00,-7.25,-4.97
422895,1433,22352,157,99934,35.00,-7.22,-4.97
422936,1437,22352,164,99934,35.00,-7.25,-4.98
422958,1702,22352,179,99934,35.00,-7.22,-5.00
422980,1820,22352,173,99934,35.00,-7.25,-4.95
423423,1959,22352,165,99934,36.86,-7.24,-4.94
423457,2087,22352,151,99934,35.00,-7.22,-4.98
423479,1850,22352,190,99934,35.00,-7.22,-4.93
423501,2361,22352,228,99934,35.00,-7.23,-4.97
423523,2469,22352,236,99934,35.00,-7.25,-4.97
423545,3525,22352,345,99934,35.00,-7.27,-4.96
423567,3695,22352,335,99934,35.00,-7.21,-4.99
423589,3694,22352,285,99934,35.00,-7.24,-4.96
423611,3531,22352,249,99934,35.00,-7.23,-4.99
423633,2681,22352,210,99934,35.00,-7.22,-4.95
423655,2012,21840,181,99934,35.00,-7.30,-4.98
423698,1619,21840,187,99934,35.00,-7.23,-4.95
423720,1757,21840,213,99934,35.00,-7.29,-4.96
423742,1772,22352,186,99934,35.00,-7.21,-4.99
423764,1817,22352,181,99934,35.00,-7.21,-4.98
423786,1806,22352,168,99934,35.00,-7.27,-4.95
423808,1771,22352,157,99934,35.00,-7.23,-4.95
423830,1641,22352,153,99934,35.00,-7.24,-4.98
423852,1466,21840,156,99934,35.00,-7.24,-4.99
423874,1173,21840,151,99934,35.00,-7.26,-4.96
423896,1131,21840,177,99934,35.00,-7.24,-4.96
423938,1269,21840,197,99934,35.00,-7.23,-4.94
423960,1372,21840,185,99934,35.00,-7.23,-4.98
423982,1386,21840,171,99934,35.00,-7.27,-4.95
424701,1385,21840,147,99934,36.89,-7.23,-4.98
424740,45,19088,247,99934,35.00,-7.24,-4.99
424762,1893,19088,163,99934,35.00,-7.21,-4.96
424784,2059,19856,151,99934,35.00,-7.24,-4.98
424806,2280,19856,143,99934,35.00,-7.21,-4.98
424828,2451,19856,150,99934,35.00,-7.24,-4.98
424850,2623,19856,149,99934,35.00,-7.22,-4.98
424872,2539,19856,147,99934,35.00,-7.24,-4.98
424894,2333,19856,147,99934,35.00,-7.21,-4.97
424916,2238,20368,163,99934,35.00,-7.26,-4.93
424938,2185,19856,169,99934,35.00,-7.20,-4.95
424960,2063,19856,172,99934,35.00,-7.25,-4.97
425723,2088,20368,171,99934,35.28,-7.23,-4.99
425763,2743,20368,261,99934,35.00,-7.24,-5.00
425785,2005,20368,215,99934,35.00,-7.25,-4.96
425807,1683,20368,176,99934,35.00,-7.22,-5.01
425829,1449,20368,152,99934,35.00,-7.24,-4.95
425851,1106,20368,125,99934,35.00,-7.22,-4.96
425873,913,20368,137,99934,35.00,-7.23,-4.97
425895,1177,20368,157,99934,35.00,-7.24,-5.01
425917,1001,19856,163,99934,35.00,-7.19,-4.96
425939,711,19856,156,99934,35.00,-7.19,-4.92
425961,627,19856,171,99934,35.00,-7.26,-4.96
426746,498,20368,163,99934,35.64,-7.20,-5.01
426785,1743,20368,158,99934,35.00,-7.24,-5.01
426807,1660,20560,163,99934,35.00,-7.23,-4.97
426829,1846,20368,147,99934,35.00,-7.21,-4.99
426851,1900,20368,138,99934,35.00,-7.21,-4.99
426873,1975,20560,135,99934,35.00,-7.25,-4.96
426895,1903,20560,125,99934,35.00,-7.22,-4.99
426917,1827,20368,136,99934,35.00,-7.24,-4.97
426939,1715,20368,147,99934,35.00,-7.27,-4.97
426961,1658,20368,155,99934,35.00,-7.22,-4.95
426983,1579,20368,156,99934,35.00,-7.26,-4.95
427026,1581,20368,163,99934,35.00,-7.24,-4.99
427048,1635,20368,138,99934,35.00,-7.24,-5.00
427070,1700,20368,136,99934,35.00,-7.22,-4.99
427092,1766,20368,119,99934,35.00,-7.24,-4.99
427114,1827,20368,121,99934,35.00,-7.23,-4.98
427136,1768,20368,123,99934,35.00,-7.23,-4.98
427158,1749,20368,136,99934,35.00,-7.27,-4.96
427180,1670,20368,141,99934,35.00,-7.24,-4.95
427202,1615,20368,157,99934,35.00,-7.24,-4.96
427224,1607,20560,159,99934,35.00,-7.22,-4.97
427266,1691,20368,169,99934,35.00,-7.24,-4.98
427288,1813,20368,159,99934,35.00,-7.24,-4.98
427310,1931,20560,150,99934,35.00,-7.24,-4.95
427332,2015,20560,139,99934,35.00,-7.25,-4.96
427354,1974,20560,139,99934,35.00,-7.26,-4.99
427376,1973,20560,135,99934,35.00,-7.23,-4.96
427398,1899,20560,136,99934,35.00,-7.23,-4.98
427420,1749,20560,150,99934,35.00,-7.24,-4.98
427442,1686,20560,157,99934,35.00,-7.24,-4.94
427464,1683,20560,164,99934,35.00,-7.25,-4.97
427486,1696,20560,173,99934,35.00,-7.23,-4.94
427527,1849,20560,179,99934,35.00,-7.24,-4.96
427549,1945,20368,165,99934,35.00,-7.23,-4.95
427571,2055,20560,164,99934,35.00,-7.26,-4.98
427593,2124,20560,147,99934,35.00,-7.23,-4.97
427615,2089,20368,143,99934,35.00,-7.21,-4.97
427637,2023,20368,138,99934,35.00,-7.24,-4.96
427659,1900,20560,151,99934,35.00,-7.22,-4.95
427681,1763,20560,155,99934,35.00,-7.25,-4.96
427703,1690,20560,173,99934,35.00,-7.25,-4.99
427725,1663,20560,173,99934,35.00,-7.26,-4.98
427767,1735,20368,171,99934,35.00,-7.23,-5.00
427789,1757,20368,163,99934,35.00,-7.24,-4.97
427811,1849,20368,171,99934,35.00,-7.24,-4.95
427833,1892,20560,140,99934,35.00,-7.27,-4.97
427855,1947,20368,138,99934,35.00,-7.25,-4.96
427877,1893,20560,136,99934,35.00,-7.21,-4.98
427899,1743,20560,140,99934,35.00,-7.22,-4.93
427921,1635,20560,149,99934,35.00,-7.27,-4.96
427943,1583,20560,167,99934,35.00,-7.23,-4.96
427965,1561,20560,168,99934,35.00,-7.28,-4.97
427987,1589,20560,173,99934,35.00,-7.24,-4.97
428028,1679,20560,159,99934,35.00,-7.23,-4.99
428050,1691,20560,155,99934,35.00,-7.23,-4.96
428072,1773,20560,141,99934,35.00,-7.24,-4.98
428094,1815,20560,135,99934,35.00,-7.21,-4.99
428116,1751,20560,123,99934,35.00,-7.24,-5.00
428138,1736,20560,135,99934,35.00,-7.24,-5.00
428160,1643,20560,137,99934,35.00,-7.25,-4.93
428182,1493,20560,150,99934,35.00,-7.28,-5.01
428204,1461,20560,160,99934,35.00,-7.25,-4.96
428226,1463,20560,169,99934,35.00,-7.19,-4.96
428269,1566,20560,163,99934,35.00,-7.21,-4.96
428291,1709,20560,153,99934,35.00,-7.22,-4.96
428313,1789,20560,139,99934,35.00,-7.21,-4.93
428335,1868,20560,139,99934,35.00,-7.21,-4.95
428357,1874,20560,134,99934,35.00,-7.21,-4.96
428379,1783,20560,137,99934,35.00,-7.27,-5.01
428401,1719,20560,149,99934,35.00,-7.21,-4.99
428423,1605,20560,157,99934,35.00,-7.26,-4.96
428445,1573,20560,167,99934,35.00,-7.24,-4.99
428467,1587,20560,169,99934,35.00,-7.24,-4.96
428509,1738,20560,173,99934,35.00,-7.24,-4.97
428531,1881,20560,157,99934,35.00,-7.25,-4.96
428553,1977,21072,154,99934,35.00,-7.23,-4.97
428575,1997,20560,140,99934,35.00,-7.19,-4.97
428597,1997,20560,140,99934,35.00,-7.22,-4.96
428619,1906,20560,137,99934,35.00,-7.26,-4.99
428641,1803,20560,145,99934,35.00,-7.21,-4.95
428663,1630,20560,157,99934,35.00,-7.24,-5.01
428685,1563,20560,165,99934,35.00,-7.22,-4.97
428707,1579,20560,169,99934,35.00,-7.23,-5.03
428729,1647,20560,169,99934,35.00,-7.24,-5.01
428770,1745,20560,165,99934,35.00,-7.24,-4.99
428792,1781,20560,151,99934,35.00,-7.20,-5.00
428814,1853,20560,149,99934,35.00,-7.26,-4.97
428836,1895,20560,136,99934,35.00,-7.20,-4.99
428858,1831,20560,127,99934,35.00,-7.23,-4.98
428880,1763,20560,135,99934,35.00,-7.20,-4.96
428902,1715,20560,149,99934,35.00,-7.23,-4.98
428924,1591,21072,151,99934,35.00,-7.22,-4.94
428946,1564,20560,166,99934,35.00,-7.22,-4.94
428968,1593,20560,171,99934,35.00,-7.24,-4.96
429556,1683,20560,171,99934,35.94,-7.24,-4.96
429592,1903,20560,127,99934,35.00,-7.22,-4.96
429614,1819,20560,153,99934,35.00,-7.22,-5.00
429636,1948,21072,136,99934,35.00,-7.23,-4.99
429658,1989,21072,136,99934,35.00,-7.21,-4.96
429680,1955,21072,133,99934,35.00,-7.26,-4.98
429702,1931,20560,140,99934,35.00,-7.23,-4.99
429724,1819,20560,149,99934,35.00,-7.24,-4.96
429746,1700,21072,163,99934,35.00,-7.27,-4.99
429768,1707,21072,169,99934,35.00,-7.25,-4.95
429790,1741,20560,173,99934,35.00,-7.26,-4.93
429832,1816,21072,159,99934,35.00,-7.21,-4.97
429854,1863,21072,152,99934,35.00,-7.20,-4.96
429876,1955,21072,142,99934,35.00,-7.24,-4.98
429898,1865,21072,133,99934,35.00,-7.27,-4.97
429920,1811,21072,121,99934,35.00,-7.24,-4.95
429942,1675,21072,123,99934,35.00,-7.24,-4.96
429964,1625,21072,140,99934,35.00,-7.25,-4.97
429986,1497,21072,147,99934,35.00,-7.24,-5.01
430579,1511,21072,158,99934,35.90,-7.21,-4.95
430614,1840,21840,133,99934,35.00,-7.23,-4.98
430636,1651,21840,149,99934,35.00,-7.23,-4.96
430658,1755,21840,133,99934,35.00,-7.25,-4.97
430680,1828,21840,127,99934,35.00,-7.22,-4.95
430702,1821,21840,121,99934,35.00,-7.27,-4.98
430724,1773,21840,139,99934,35.00,-7.23,-4.99
430746,1692,21840,149,99934,35.00,-7.23,-4.99
430768,1588,21840,159,99934,35.00,-7.23,-4.97
430790,1568,21840,164,99934,35.00,-7.26,-4.96
430812,1631,21840,167,99934,35.00,-7.23,-4.98
430855,1719,21840,159,99934,35.00,-7.23,-4.98
430877,1817,21840,146,99934,35.00,-7.23,-4.94
430899,1880,21840,134,99934,35.00,-7.24,-4.97
430921,1899,21840,135,99934,35.00,-7.23,-5.00
430943,1895,21840,132,99934,35.00,-7.23,-4.99
430965,1740,21840,139,99934,35.00,-7.28,-4.97
430987,1625,21840,149,99934,35.00,-7.24,-4.96
431349,1553,21840,157,99934,35.21,-7.20,-4.98
431377,1492,21840,159,99934,35.00,-7.22,-4.97
431399,1742,21840,125,99934,35.00,-7.20,-4.99
431421,1805,21840,124,99934,35.00,-7.23,-4.98
431443,1711,21840,118,99934,35.00,-7.24,-4.98
431465,1735,21840,135,99934,35.00,-7.23,-4.99
431487,1672,21840,139,99934,35.00,-7.23,-4.97
431509,1577,21840,157,99934,35.00,-7.24,-4.94
431531,1519,21840,165,99934,35.00,-7.21,-4.94
431553,1549,21840,169,99934,35.00,-7.24,-4.98
431575,1701,21072,163,99934,35.00,-7.24,-4.97
431616,1894,21072,158,99934,35.00,-7.24,-4.97
431638,1944,21072,151,99934,35.00,-7.23,-4.98
431660,1941,21840,136,99934,35.00,-7.28,-4.95
431682,2007,21840,136,99934,35.00,-7.20,-4.99
431704,1989,21072,135,99934,35.00,-7.22,-4.95
431726,1835,21840,140,99934,35.00,-7.22,-4.96
431748,1709,21840,151,99934,35.00,-7.24,-4.95
431770,1685,21840,165,99934,35.00,-7.25,-4.99
431792,1699,21072,179,99934,35.00,-7.22,-4.96
431814,1814,21072,172,99934,35.00,-7.24,-4.93
431836,1853,21072,169,99934,35.00,-7.24,-4.95
431877,1932,21072,164,99934,35.00,-7.24,-5.01
431899,1893,21072,153,99934,35.00,-7.20,-4.96
431921,1955,21072,138,99934,35.00,-7.24,-4.99
431943,1927,21072,137,99934,35.00,-7.24,-4.94
431965,1797,21072,139,99934,35.00,-7.23,-4.97
431987,1653,21072,141,99934,35.00,-7.23,-4.99
432368,1584,21072,151,99934,35.54,-7.23,-4.97
432398,1567,19856,146,99934,35.00,-7.23,-4.99
432420,1843,19856,147,99934,35.00,-7.23,-4.95
432442,2003,19856,135,99934,35.00,-7.24,-4.96
432464,1999,19856,136,99934,35.00,-7.23,-4.95
432486,1957,19088,126,99934,35.00,-7.20,-4.97
432508,1781,19088,147,99934,35.00,-7.23,-4.96
432530,1691,19088,150,99934,35.00,-7.20,-4.92
432552,1635,18576,164,99934,35.00,-7.23,-4.99
432574,1673,18576,170,99934,35.00,-7.21,-4.98
432596,1748,18192,171,99934,35.00,-7.23,-4.99
432618,1864,18192,159,99934,35.00,-7.22,-4.96
432659,1961,17680,158,99934,35.00,-7.24,-4.96
432681,1813,16400,139,99934,35.00,-7.20,-4.98
432703,1821,16400,135,99934,35.00,-7.22,-4.93
432725,1741,16352,123,99934,35.00,-7.20,-4.95
432747,1687,16352,135,99934,35.00,-7.24,-4.98
432769,1617,15840,141,99934,35.00,-7.24,-4.94
432791,1408,15840,149,99934,35.00,-7.27,-4.94
432813,1458,15840,159,99934,35.00,-7.25,-4.95
432835,1527,15072,169,99934,35.00,-7.21,-4.96
432857,1626,14560,167,99934,35.00,-7.25,-4.97
432900,1775,14560,153,99934,35.00,-7.23,-4.96
432922,1771,14176,137,99934,35.00,-7.19,-4.99
432944,1833,14560,133,99934,35.00,-7.21,-4.97
432966,1870,14176,133,99934,35.00,-7.22,-4.97
432988,1885,14176,133,99934,35.00,-7.25,-4.96
433389,1711,14176,147,99934,36.14,-7.26,-4.96
433421,1677,12896,146,99934,35.00,-7.21,-4.97
433443,1897,12896,139,99934,35.00,-7.25,-4.95
433465,1831,12896,133,99934,35.00,-7.26,-4.96
433487,1879,12896,127,99934,35.00,-7.24,-4.95
433509,1823,12896,135,99934,35.00,-7.23,-4.96
433531,1715,12896,147,99934,35.00,-7.21,-4.99
433553,1613,12896,160,99934,35.00,-7.23,-4.92
433575,1560,12896,165,99934,35.00,-7.23,-5.00
433597,1641,12896,172,99934,35.00,-7.20,-4.96
433619,1786,12896,165,99934,35.00,-7.22,-4.99
433661,1927,12896,153,99934,35.00,-7.26,-4.97
433683,1948,12896,141,99934,35.00,-7.24,-4.97
433705,1989,12896,139,99934,35.00,-7.19,-4.97
433727,2003,12896,133,99934,35.00,-7.23,-4.93
433749,1893,12896,140,99934,35.00,-7.24,-5.01
433771,1709,12896,147,99934,35.00,-7.24,-4.97
433793,1621,12896,159,99934,35.00,-7.24,-4.96
433815,1611,12896,164,99934,35.00,-7.24,-4.97
433837,1560,12896,169,99934,35.00,-7.24,-5.00
433859,1651,12896,165,99934,35.00,-7.25,-4.96
433881,1747,12896,157,99934,35.00,-7.22,-4.96
433922,1853,12896,150,99934,35.00,-7.21,-5.00
433944,1751,12896,137,99934,35.00,-7.28,-4.99
433966,1790,12896,133,99934,35.00,-7.23,-4.97
433988,1747,12896,132,99934,35.00,-7.22,-4.98
434412,1655,12896,127,99934,36.58,-7.25,-4.97
434443,1581,12896,151,99934,35.00,-7.23,-4.95
434465,1797,12896,127,99934,35.00,-7.25,-4.97
434487,1828,13664,127,99934,35.00,-7.24,-4.98
434509,1789,13664,125,99934,35.00,-7.23,-4.98
434531,1815,13664,139,99934,35.00,-7.20,-4.95
434553,1705,13664,148,99934,35.00,-7.25,-4.99
434575,1673,12896,163,99934,35.00,-7.22,-5.00
434597,1653,12896,167,99934,35.00,-7.25,-4.97
434619,1607,13664,168,99934,35.00,-7.22,-4.98
434641,1835,12896,166,99934,35.00,-7.22,-4.99
434663,1960,13664,152,99934,35.00,-7.25,-4.96
434704,1997,13664,140,99934,35.00,-7.22,-5.00
434726,1993,13664,135,99934,35.00,-7.21,-4.99
434748,1933,13664,134,99934,35.00,-7.24,-4.95
434770,1903,13664,127,99934,35.00,-7.24,-4.97
434792,1811,13664,149,99934,35.00,-7.24,-5.01
434814,1737,13664,148,99934,35.00,-7.26,-4.95
434836,1671,12896,169,99934,35.00,-7.26,-4.96
434858,1629,12896,169,99934,35.00,-7.23,-4.97
434880,1725,12896,170,99934,35.00,-7.24,-5.03
434902,1781,12896,157,99934,35.00,-7.24,-4.96
434945,1855,12896,155,99934,35.00,-7.23,-4.97
434967,1851,12896,139,99934,35.00,-7.22,-4.94
434989,1807,12896,127,99934,35.00,-7.21,-4.99
435434,1757,12896,136,99934,37.27,-7.22,-4.98
435466,1703,12384,159,99934,35.00,-7.22,-4.96
435488,2009,12896,135,99934,35.00,-7.24,-4.98
435510,2088,12896,137,99934,35.00,-7.20,-5.01
435532,1939,12896,136,99934,35.00,-7.23,-4.99
435554,1870,12896,151,99934,35.00,-7.23,-4.98
435576,1787,12896,159,99934,35.00,-7.21,-4.93
435598,1743,12896,173,99934,35.00,-7.19,-4.99
435620,1813,12896,173,99934,35.00,-7.23,-4.97
435642,1893,12896,182,99934,35.00,-7.25,-4.98
435664,1927,12896,163,99934,35.00,-7.23,-4.99
435706,2011,12896,158,99934,35.00,-7.24,-4.95
435728,1961,12896,141,99934,35.00,-7.22,-4.97
435750,1911,12896,138,99934,35.00,-7.23,-4.95
435772,1867,12896,142,99934,35.00,-7.20,-4.99
435794,1811,12896,147,99934,35.00,-7.27,-4.95
435816,1715,12896,159,99934,35.00,-7.21,-4.99
435838,1611,12896,167,99934,35.00,-7.23,-4.97
435860,1625,12896,171,99934,35.00,-7.22,-5.01
435882,1669,12896,168,99934,35.00,-7.22,-4.95
435904,1659,12896,158,99934,35.00,-7.22,-4.98
435926,1629,12896,149,99934,35.00,-7.23,-4.95
435967,1656,12896,136,99934,35.00,-7.24,-4.94
435989,1611,12896,125,99934,35.00,-7.25,-4.97
436712,1549,12896,121,99934,36.07,-7.24,-4.96
436749,1775,12896,136,99934,35.00,-7.27,-4.98
436771,1896,12896,141,99934,35.00,-7.23,-4.96
436793,1863,12896,133,99934,35.00,-7.27,-4.96
436815,1695,12896,136,99934,35.00,-7.22,-4.97
436837,1645,12896,147,99934,35.00,-7.21,-5.00
436859,1618,12896,159,99934,35.00,-7.20,-4.97
436881,1609,12896,166,99934,35.00,-7.22,-4.96
436903,1587,12896,169,99934,35.00,-7.22,-4.96
436925,1657,13664,159,99934,35.00,-7.27,-5.02
436947,1830,12896,154,99934,35.00,-7.25,-4.96
436989,1925,12896,149,99934,35.00,-7.25,-4.96
437735,1851,12896,136,99934,36.29,-7.24,-4.98
437771,1901,12896,137,99934,35.00,-7.22,-4.97
437793,2005,12896,137,99934,35.00,-7.23,-4.94
437815,1932,12896,137,99934,35.00,-7.26,-4.93
437837,1925,13664,145,99934,35.00,-7.20,-4.97
437859,1889,12896,165,99934,35.00,-7.24,-4.98
437881,1774,12896,163,99934,35.00,-7.24,-4.98
437903,1743,12896,179,99934,35.00,-7.23,-4.97
437925,1784,12896,178,99934,35.00,-7.27,-4.96
437947,1939,12896,175,99934,35.00,-7.23,-5.00
437969,2025,12896,163,99934,35.00,-7.18,-4.97
437991,2027,13664,153,99934,35.00,-7.23,-4.97
438032,2095,13664,147,99934,35.00,-7.20,-4.96
438054,2141,12896,147,99934,35.00,-7.23,-5.00
438076,2063,12896,145,99934,35.00,-7.22,-5.01
438098,1927,12896,155,99934,35.00,-7.26,-4.95
438120,1815,12896,159,99934,35.00,-7.25,-4.95
438142,1641,12896,171,99934,35.00,-7.26,-5.01
438164,1629,12896,175,99934,35.00,-7.25,-4.97
438186,1705,12896,179,99934,35.00,-7.19,-4.96
438208,1892,12896,169,99934,35.00,-7.24,-4.97
438230,1881,12896,159,99934,35.00,-7.23,-4.94
438273,1931,12896,141,99934,35.00,-7.21,-4.95
438295,1817,12896,137,99934,35.00,-7.22,-4.99
438317,1707,12896,135,99934,35.00,-7.24,-4.99
438339,1603,13664,149,99934,35.00,-7.26,-4.96
438361,1611,13664,159,99934,35.00,-7.24,-4.94
438383,1553,12896,170,99934,35.00,-7.25,-5.00
438405,1551,12896,169,99934,35.00,-7.25,-4.96
438427,1417,12896,165,99934,35.00,-7.24,-4.97
438449,1547,12896,157,99934,35.00,-7.24,-4.97
438471,1655,12896,151,99934,35.00,-7.24,-5.04
438513,1733,12896,137,99934,35.00,-7.24,-4.96
438535,1691,12896,136,99934,35.00,-7.21,-4.97
438557,1591,12896,125,99934,35.00,-7.22,-4.96
438579,1461,12896,141,99934,35.00,-7.26,-4.97
438601,1279,12896,140,99934,35.00,-7.26,-5.02
438623,1267,12896,159,99934,35.00,-7.26,-4.99
438645,1318,12896,160,99934,35.00,-7.23,-4.98
438667,1374,12896,165,99934,35.00,-7.24,-4.97
438689,1551,12896,151,99934,35.00,-7.24,-4.96
438711,1653,12896,143,99934,35.00,-7.26,-4.96
438733,1755,12896,131,99934,35.00,-7.21,-4.95
438774,1869,12896,127,99934,35.00,-7.23,-4.98
438796,1831,12896,115,99934,35.00,-7.25,-4.95
438818,1663,12896,121,99934,35.00,-7.24,-4.95
438840,1611,12896,134,99934,35.00,-7.24,-4.96
438862,1561,12896,147,99934,35.00,-7.25,-4.97
438884,1485,12896,151,99934,35.00,-7.23,-4.95
438906,1561,12896,159,99934,35.00,-7.24,-4.92
438928,1677,12896,161,99934,35.00,-7.20,-4.94
438950,1877,12896,160,99934,35.00,-7.22,-4.97
438972,2013,12896,147,99934,35.00,-7.21,-4.97
439523,2071,12896,137,99934,36.12,-7.21,-4.98
439556,1289,12896,159,99934,35.00,-7.24,-4.93
439578,1577,12896,124,99934,35.00,-7.24,-4.97
439600,1595,12896,127,99934,35.00,-7.24,-4.98
439622,1465,12896,140,99934,35.00,-7.27,-4.96
439644,1444,12896,149,99934,35.00,-7.23,-4.93
439666,1449,12384,159,99934,35.00,-7.27,-4.97
439688,1447,12896,164,99934,35.00,-7.22,-4.98
439710,1605,12896,159,99934,35.00,-7.24,-5.00
439732,1722,12896,151,99934,35.00,-7.24,-4.97
439754,1855,12896,140,99934,35.00,-7.27,-4.98
439796,1787,12896,124,99934,35.00,-7.25,-4.94
439818,1747,12896,123,99934,35.00,-7.26,-4.96
439840,1659,12896,132,99934,35.00,-7.22,-4.96
439862,1673,12896,146,99934,35.00,-7.24,-4.94
439884,1662,12896,151,99934,35.00,-7.23,-4.95
439906,1548,12896,158,99934,35.00,-7.25,-4.98
439928,1502,12896,165,99934,35.00,-7.23,-4.97
439950,1647,12896,166,99934,35.00,-7.23,-4.95
439972,1830,12896,156,99934,35.00,-7.24,-4.96
439994,1932,12896,149,99934,35.00,-7.26,-4.95
440546,1827,12896,125,99934,35.95,-7.25,-4.93
440578,1476,12896,172,99934,35.00,-7.23,-4.96
440600,1741,12896,133,99934,35.00,-7.25,-4.98
440622,1701,12896,139,99934,35.00,-7.26,-4.97
440644,1471,12896,149,99934,35.00,-7.24,-4.96
440666,1388,12896,158,99934,35.00,-7.21,-4.99
440688,1327,12896,165,99934,35.00,-7.24,-4.96
440710,1356,12896,168,99934,35.00,-7.23,-4.99
440732,1405,12896,155,99934,35.00,-7.23,-4.96
440754,1495,12896,151,99934,35.00,-7.28,-5.00
440776,1467,12896,133,99934,35.00,-7.22,-4.98
440798,1453,12896,121,99934,35.00,-7.21,-4.96
440839,1540,12896,120,99934,35.00,-7.27,-4.98
440861,1517,12896,116,99934,35.00,-7.23,-4.95
440883,1390,12896,123,99934,35.00,-7.24,-4.95
440905,1321,12896,139,99934,35.00,-7.24,-4.97
440927,1288,12896,151,99934,35.00,-7.21,-4.97
440949,1288,12896,157,99934,35.00,-7.21,-4.98
440971,1479,12896,157,99934,35.00,-7.21,-4.96
440993,1582,13664,151,99934,35.00,-7.27,-4.94
441568,1743,13664,143,99934,36.30,-7.22,-4.98
441601,1555,12896,168,99934,35.00,-7.26,-4.96
441623,1699,12896,124,99934,35.00,-7.27,-4.94
441645,1685,12384,145,99934,35.00,-7.25,-5.02
441667,1619,12384,152,99934,35.00,-7.22,-4.97
441689,1614,12384,165,99934,35.00,-7.24,-4.98
441711,1603,12384,167,99934,35.00,-7.24,-4.97
441733,1659,12384,166,99934,35.00,-7.27,-4.95
441755,1703,12384,155,99934,35.00,-7.26,-4.97
441777,1845,12384,147,99934,35.00,-7.23,-4.99
441799,1903,12384,135,99934,35.00,-7.28,-4.96
441841,1907,12384,135,99934,35.00,-7.21,-4.94
441863,1900,12384,127,99934,35.00,-7.21,-4.99
441885,1823,12384,147,99934,35.00,-7.25,-4.96
441907,1580,12384,141,99934,35.00,-7.23,-4.98
441929,1437,12384,157,99934,35.00,-7.20,-4.98
441951,1443,12384,165,99934,35.00,-7.25,-4.96
441973,1587,12384,171,99934,35.00,-7.22,-4.97
441995,1947,12384,163,99934,35.00,-7.25,-4.92
442590,1820,12384,151,99934,36.34,-7.23,-4.98
442623,1503,12384,167,99934,35.00,-7.24,-4.98
442645,1725,12384,125,99934,35.00,-7.23,-5.00
442667,1675,12384,141,99934,35.00,-7.22,-4.96
442689,1593,12384,153,99934,35.00,-7.24,-4.96
442711,1584,12384,165,99934,35.00,-7.27,-5.00
442733,1595,12384,171,99934,35.00,-7.23,-4.97
442755,1691,12384,167,99934,35.00,-7.22,-4.98
442777,1772,12384,157,99934,35.00,-7.22,-4.95
442799,1855,12384,147,99934,35.00,-7.22,-4.96
442821,1887,12384,135,99934,35.00,-7.29,-4.97
442863,1869,12384,127,99934,35.00,-7.20,-4.92
442885,1845,12384,132,99934,35.00,-7.29,-5.01
442907,1755,12384,143,99934,35.00,-7.23,-5.00
442929,1627,12384,147,99934,35.00,-7.24,-4.99
442951,1530,12384,161,99934,35.00,-7.25,-4.99
442973,1557,12384,167,99934,35.00,-7.21,-4.94
442995,1661,12384,170,99934,35.00,-7.23,-4.96
443357,1739,12384,157,99934,34.96,-7.24,-4.97
443385,1877,12192,156,99934,35.00,-7.23,-4.96
443407,1747,12192,134,99934,35.00,-7.24,-5.00
443429,1747,12192,141,99934,35.00,-7.23,-4.99
443451,1615,12192,155,99934,35.00,-7.23,-4.98
443473,1519,12192,157,99934,35.00,-7.23,-4.97
443495,1643,12192,167,99934,35.00,-7.27,-4.93
443517,1821,12192,157,99934,35.00,-7.23,-4.98
443539,1955,12192,163,99934,35.00,-7.23,-5.00
443561,1880,12192,137,99934,35.00,-7.22,-4.97
443583,1895,12192,135,99934,35.00,-7.24,-4.96
443625,1815,12192,119,99934,35.00,-7.19,-4.95
443647,1688,12192,119,99934,35.00,-7.26,-4.96
443669,1480,12192,137,99934,35.00,-7.22,-5.01
443691,1407,12192,139,99934,35.00,-7.21,-4.94
443713,1392,11680,155,99934,35.00,-7.26,-4.96
443735,1541,11680,159,99934,35.00,-7.21,-4.92
443757,1687,11680,165,99934,35.00,-7.23,-4.96
443779,1687,11680,142,99934,35.00,-7.25,-4.98
443801,1811,11680,146,99934,35.00,-7.23,-4.96
443823,1933,11680,133,99934,35.00,-7.24,-4.96
443845,1902,11680,121,99934,35.00,-7.25,-4.99
443886,1756,11680,119,99934,35.00,-7.23,-4.97
443908,1737,11680,127,99934,35.00,-7.25,-4.92
443930,1617,11680,137,99934,35.00,-7.23,-4.97
443952,1604,11680,155,99934,35.00,-7.24,-4.98
443974,1683,11680,163,99934,35.00,-7.20,-4.96
443996,1636,11680,168,99934,35.00,-7.26,-4.95
444379,1646,11680,156,99934,36.06,-7.27,-4.95
444407,2012,10912,155,99934,35.00,-7.23,-4.99
444429,1807,10912,133,99934,35.00,-7.23,-4.95
444451,1715,10912,139,99934,35.00,-7.24,-4.98
444473,1647,10912,153,99934,35.00,-7.22,-4.94
444495,1579,10912,163,99934,35.00,-7.25,-4.97
444517,1541,10912,169,99934,35.00,-7.21,-4.96
444539,1676,11680,159,99934,35.00,-7.25,-4.93
444561,1707,11680,156,99934,35.00,-7.24,-5.00
444583,1864,11680,141,99934,35.00,-7.24,-4.96
444605,2143,11680,140,99934,35.00,-7.26,-4.96
444627,1831,11680,121,99934,35.00,-7.24,-4.93
444668,1486,11680,133,99934,35.00,-7.25,-5.01
444690,1603,11680,125,99934,35.00,-7.28,-4.95
444712,1507,11680,141,99934,35.00,-7.26,-4.97
444734,1267,12192,149,99934,35.00,-7.21,-4.97
444756,1226,12192,157,99934,35.00,-7.23,-4.99
444778,1350,12192,155,99934,35.00,-7.26,-4.98
444800,1448,12192,151,99934,35.00,-7.23,-4.99
444822,1597,12192,139,99934,35.00,-7.23,-4.96
444844,1885,11680,139,99934,35.00,-7.23,-4.99
444866,1741,10912,120,99934,35.00,-7.21,-4.97
444908,1725,10016,120,99934,35.00,-7.23,-4.96
444930,1519,10016,117,99934,35.00,-7.22,-4.97
444952,1407,10016,123,99934,35.00,-7.21,-4.93
444974,1530,10016,141,99934,35.00,-7.25,-4.95
444996,1497,10016,149,99934,35.00,-7.21,-4.97
445402,1480,10400,153,99934,36.36,-7.23,-4.98
445430,696,13664,113,99934,35.00,-7.26,-4.97
445452,793,13664,94,99934,35.00,-7.27,-4.98
445474,1690,13664,120,99934,35.00,-7.27,-4.92
445496,1746,13664,137,99934,35.00,-7.25,-4.97
445518,1896,13664,148,99934,35.00,-7.25,-4.96
445540,1973,14176,151,99934,35.00,-7.23,-4.96
445562,2094,14176,149,99934,35.00,-7.20,-4.95
445584,2301,14176,148,99934,35.00,-7.27,-4.94
445606,2363,14176,139,99934,35.00,-7.26,-4.93
445628,2253,14176,127,99934,35.00,-7.24,-4.96
445670,1787,14176,121,99934,35.00,-7.23,-4.98
445692,2077,14176,139,99934,35.00,-7.26,-4.97
445714,1943,14176,149,99934,35.00,-7.24,-4.98
445736,1840,14560,165,99934,35.00,-7.25,-4.94
445758,1885,14560,174,99934,35.00,-7.27,-4.96
445780,2013,14560,172,99934,35.00,-7.24,-5.00
445802,1990,14560,159,99934,35.00,-7.22,-4.96
445824,2085,14560,157,99934,35.00,-7.23,-4.96
445846,2227,14560,147,99934,35.00,-7.23,-4.97
445868,2093,14560,140,99934,35.00,-7.22,-4.94
445890,2143,14560,141,99934,35.00,-7.24,-4.98
445931,2083,14560,140,99934,35.00,-7.24,-4.98
445953,1875,14560,149,99934,35.00,-7.25,-5.05
445975,1907,15072,159,99934,35.00,-7.24,-4.99
445997,1833,15072,172,99934,35.00,-7.24,-4.99
446424,1749,15072,173,99934,36.22,-7.27,-4.96
446453,1887,15840,143,99934,35.00,-7.26,-4.97
446475,1097,15840,125,99934,35.00,-7.24,-4.96
446497,1020,15840,149,99934,35.00,-7.22,-4.97
446519,1419,15840,167,99934,35.00,-7.22,-4.94
446541,1402,15840,159,99934,35.00,-7.25,-4.96
446563,1669,15840,163,99934,35.00,-7.26,-4.96
446585,1818,15840,154,99934,35.00,-7.25,-4.97
446607,1699,15840,135,99934,35.00,-7.20,-4.99
446629,1759,15840,135,99934,35.00,-7.20,-4.97
446651,1889,15840,135,99934,35.00,-7.24,-4.94
446693,1709,15840,141,99934,35.00,-7.30,-4.99
446715,1653,15840,141,99934,35.00,-7.22,-4.96
446737,1445,15840,149,99934,35.00,-7.23,-4.99
446759,1491,15840,166,99934,35.00,-7.22,-4.95
446781,1493,16352,167,99934,35.00,-7.22,-4.96
446803,1725,16352,169,99934,35.00,-7.24,-5.01
446825,1749,16352,153,99934,35.00,-7.24,-5.00
446847,1903,16352,149,99934,35.00,-7.24,-5.01
446869,1876,16352,135,99934,35.00,-7.24,-4.97
446891,1609,16352,123,99934,35.00,-7.23,-4.96
446933,1815,16352,133,99934,35.00,-7.25,-4.94
446955,1644,16400,145,99934,35.00,-7.25,-5.00
446977,1613,16400,159,99934,35.00,-7.22,-4.96
446999,1641,16400,169,99934,35.00,-7.25,-4.99
447021,1595,16400,173,99934,35.00,-7.24,-4.96
447043,1613,16400,169,99934,35.00,-7.23,-4.94
447065,1765,16400,167,99934,35.00,-7.26,-4.98
447087,1845,16400,152,99934,35.00,-7.24,-4.94
447109,1885,16400,141,99934,35.00,-7.20,-4.98
447131,1821,16400,133,99934,35.00,-7.25,-4.94
447153,1757,16912,137,99934,35.00,-7.29,-4.98
447194,1749,16912,142,99934,35.00,-7.23,-4.96
447216,1495,16912,142,99934,35.00,-7.19,-4.97
447238,1203,16400,153,99934,35.00,-7.23,-4.97
447260,1459,16400,169,99934,35.00,-7.25,-4.97
447282,1531,16400,169,99934,35.00,-7.24,-4.96
447304,1852,16400,170,99934,35.00,-7.23,-4.96
447326,1834,16400,159,99934,35.00,-7.22,-4.97
447348,1798,16352,147,99934,35.00,-7.26,-4.98
447370,1929,16400,139,99934,35.00,-7.24,-4.99
447392,1928,16400,137,99934,35.00,-7.25,-4.98
447434,1823,16400,139,99934,35.00,-7.24,-4.97
447456,1634,16400,153,99934,35.00,-7.22,-4.98
447478,1599,16912,156,99934,35.00,-7.24,-5.00
447500,1598,16912,169,99934,35.00,-7.26,-4.91
447522,1671,16912,172,99934,35.00,-7.22,-4.93
447544,1637,16912,179,99934,35.00,-7.24,-4.95
447566,1876,16912,164,99934,35.00,-7.24,-4.98
447588,1962,17680,156,99934,35.00,-7.24,-4.98
447610,2007,17680,139,99934,35.00,-7.22,-4.94
447632,2063,17680,137,99934,35.00,-7.23,-4.97
447654,1669,17680,135,99934,35.00,-7.28,-4.94
447695,1704,17680,149,99934,35.00,-7.25,-4.98
447717,1609,17680,143,99934,35.00,-7.23,-4.95
447739,1481,17680,158,99934,35.00,-7.24,-4.92
447761,1416,17680,166,99934,35.00,-7.21,-4.96
447783,1523,18192,171,99934,35.00,-7.23,-4.99
447805,1605,18192,165,99934,35.00,-7.24,-4.98
447827,1703,18192,160,99934,35.00,-7.29,-4.96
447849,1767,18192,141,99934,35.00,-7.22,-4.99
447871,1831,18192,133,99934,35.00,-7.23,-5.02
447893,1773,18192,122,99934,35.00,-7.21,-4.96
447936,1606,18192,134,99934,35.00,-7.23,-4.96
447958,1487,18192,142,99934,35.00,-7.24,-4.94
447980,1469,18192,163,99934,35.00,-7.24,-4.99
448724,1470,18192,168,99934,36.64,-7.23,-4.94
448758,1629,19856,167,99934,35.00,-7.25,-4.98
448780,1557,19856,153,99934,35.00,-7.19,-5.01
448802,1562,19856,163,99934,35.00,-7.24,-4.97
448824,1541,19856,172,99934,35.00,-7.25,-4.98
448846,1656,19856,167,99934,35.00,-7.23,-4.97
448868,1779,19856,163,99934,35.00,-7.22,-4.97
448890,1817,19856,155,99934,35.00,-7.24,-4.97
448912,1881,19856,135,99934,35.00,-7.21,-4.94
448934,1903,19856,137,99934,35.00,-7.26,-4.97
448956,1879,19856,135,99934,35.00,-7.22,-4.97
448998,1745,19856,138,99934,35.00,-7.24,-4.98
449020,1588,19856,141,99934,35.00,-7.24,-4.97
449042,1439,19856,155,99934,35.00,-7.23,-4.96
449064,1422,19856,165,99934,35.00,-7.24,-5.01
449086,1463,19856,165,99934,35.00,-7.25,-4.96
449108,1605,19856,157,99934,35.00,-7.26,-4.99
449130,1870,19856,155,99934,35.00,-7.22,-5.00
449152,1854,19856,141,99934,35.00,-7.24,-4.96
449174,1853,19856,135,99934,35.00,-7.23,-4.99
449196,1863,19856,135,99934,35.00,-7.26,-4.98
449218,1771,19856,136,99934,35.00,-7.25,-4.96
449259,1705,20368,151,99934,35.00,-7.25,-4.97
449281,1639,20368,145,99934,35.00,-7.25,-4.96
449303,1529,20368,169,99934,35.00,-7.21,-4.99
449325,1525,20368,171,99934,35.00,-7.25,-4.98
449347,1752,20368,178,99934,35.00,-7.27,-4.93
449369,1849,20368,159,99934,35.00,-7.21,-4.97
449391,1949,20368,153,99934,35.00,-7.19,-4.93
449413,1871,20368,136,99934,35.00,-7.22,-5.01
449435,1883,20368,135,99934,35.00,-7.27,-4.97
449457,1833,20368,125,99934,35.00,-7.27,-4.98
449499,1699,20368,140,99934,35.00,-7.19,-4.97
449521,1509,20368,147,99934,35.00,-7.22,-4.96
449543,1445,20368,159,99934,35.00,-7.22,-5.00
449565,1440,20368,165,99934,35.00,-7.24,-4.96
449587,1518,20368,164,99934,35.00,-7.25,-4.97
449609,1656,20368,155,99934,35.00,-7.25,-4.98
449631,1711,20368,146,99934,35.00,-7.22,-5.01
449653,1699,20368,125,99934,35.00,-7.24,-4.98
449675,1717,20368,125,99934,35.00,-7.20,-4.97
449697,1707,20368,119,99934,35.00,-7.24,-4.96
449719,1619,20368,127,99934,35.00,-7.25,-4.92
449760,1561,20368,137,99934,35.00,-7.26,-4.97
449782,1499,20368,147,99934,35.00,-7.26,-4.97
449804,1430,20368,159,99934,35.00,-7.23,-4.96
449826,1514,20368,163,99934,35.00,-7.23,-4.96
449848,1611,20368,164,99934,35.00,-7.21,-4.99
449870,1785,20368,156,99934,35.00,-7.25,-4.97
449892,1939,20368,149,99934,35.00,-7.24,-4.98
449914,1949,20368,133,99934,35.00,-7.24,-4.95
449936,1947,20368,127,99934,35.00,-7.25,-4.97
449958,1854,20368,125,99934,35.00,-7.24,-4.91
450513,1711,20368,137,99934,36.20,-7.26,-4.96
450543,1884,20368,141,99934,35.00,-7.25,-4.96
450565,1308,20368,160,99934,35.00,-7.23,-4.99
450587,1415,20368,171,99934,35.00,-7.20,-4.94
450609,1454,20368,173,99934,35.00,-7.25,-4.96
450631,1635,20368,165,99934,35.00,-7.27,-4.96
450653,1800,20368,155,99934,35.00,-7.27,-4.94
450675,1848,20560,140,99934,35.00,-7.25,-4.97
450697,1813,20560,137,99934,35.00,-7.25,-4.94
450719,1755,20560,139,99934,35.00,-7.23,-4.97
450741,1693,20560,151,99934,35.00,-7.22,-5.00
450783,1645,20560,151,99934,35.00,-7.24,-4.96
450805,1631,20560,167,99934,35.00,-7.26,-4.98
450827,1640,20560,179,99934,35.00,-7.23,-4.99
450849,1775,20560,179,99934,35.00,-7.25,-4.97
450871,1883,20560,179,99934,35.00,-7.23,-4.95
450893,2091,20560,167,99934,35.00,-7.19,-4.99
450915,2158,20560,155,99934,35.00,-7.26,-4.94
450937,2149,20560,147,99934,35.00,-7.23,-4.95
450959,2021,20560,143,99934,35.00,-7.21,-4.94
450981,1816,20560,143,99934,35.00,-7.26,-4.96
451023,1599,20560,152,99934,35.00,-7.22,-4.93
451045,1481,20368,168,99934,35.00,-7.24,-5.00
451067,1461,20560,169,99934,35.00,-7.25,-4.98
451089,1553,20560,180,99934,35.00,-7.25,-5.01
451111,1695,20560,170,99934,35.00,-7.22,-4.95
451133,1828,20560,173,99934,35.00,-7.24,-4.98
451155,1867,20560,150,99934,35.00,-7.25,-4.98
451177,1837,20368,139,99934,35.00,-7.24,-4.98
451199,1723,20368,134,99934,35.00,-7.24,-4.97
451221,1581,19856,133,99934,35.00,-7.24,-4.99
451264,1342,19856,141,99934,35.00,-7.26,-5.00
451286,1215,19856,167,99934,35.00,-7.20,-4.99
451308,1126,19856,155,99934,35.00,-7.22,-4.97
451330,1191,19856,163,99934,35.00,-7.24,-4.95
451352,1316,19856,155,99934,35.00,-7.23,-4.96
451374,1485,19856,159,99934,35.00,-7.28,-4.97
451396,1641,19856,126,99934,35.00,-7.23,-4.95
451418,1603,19856,121,99934,35.00,-7.26,-4.95
451440,1575,19856,118,99934,35.00,-7.24,-4.94
451462,1493,19856,121,99934,35.00,-7.24,-4.99
451504,1819,19856,149,99934,35.00,-7.24,-4.98
451526,1135,19088,149,99934,35.00,-7.24,-4.99
451548,1177,19088,151,99934,35.00,-7.21,-4.94
451570,1303,19088,154,99934,35.00,-7.22,-4.98
451592,1400,19088,151,99934,35.00,-7.22,-4.98
451614,1657,19088,149,99934,35.00,-7.23,-4.96
451636,1816,19088,133,99934,35.00,-7.24,-5.00
451658,1935,19088,133,99934,35.00,-7.24,-4.95
451680,2005,19088,125,99934,35.00,-7.24,-4.92
451702,1963,19088,137,99934,35.00,-7.24,-4.96
451724,1788,19088,139,99934,35.00,-7.24,-4.99
451765,1688,19088,153,99934,35.00,-7.21,-5.00
451787,1722,18576,155,99934,35.00,-7.23,-4.97
451809,1747,18576,167,99934,35.00,-7.23,-4.97
451831,1869,18576,171,99934,35.00,-7.24,-4.96
451853,1983,18576,167,99934,35.00,-7.28,-4.96
451875,2181,18576,157,99934,35.00,-7.24,-4.96
451897,2324,18576,155,99934,35.00,-7.28,-4.99
451919,2399,18576,149,99934,35.00,-7.23,-4.95
451941,2360,18576,152,99934,35.00,-7.24,-4.98
451963,2185,18576,152,99934,35.00,-7.23,-5.00
452557,1951,18576,156,99934,36.09,-7.24,-4.96
452587,2019,16400,143,99934,35.00,-7.22,-5.00
452609,1381,16400,159,99934,35.00,-7.24,-4.99
452631,1437,16912,165,99934,35.00,-7.24,-5.01
452653,1496,16912,172,99934,35.00,-7.26,-4.98
452675,1701,16912,155,99934,35.00,-7.22,-4.96
452697,1915,16912,157,99934,35.00,-7.22,-4.91
452719,2025,16912,141,99934,35.00,-7.23,-4.98
452741,2038,16912,141,99934,35.00,-7.24,-4.98
452763,1849,17680,139,99934,35.00,-7.19,-4.98
452785,1700,16912,149,99934,35.00,-7.24,-4.95
452827,1481,16912,143,99934,35.00,-7.25,-4.99
452849,1445,16912,155,99934,35.00,-7.23,-4.94
452871,1301,17680,167,99934,35.00,-7.22,-4.98
452893,1385,17680,163,99934,35.00,-7.24,-4.98
452915,1491,17680,156,99934,35.00,-7.30,-4.98
452937,1753,18192,153,99934,35.00,-7.24,-4.96
452959,1887,18192,141,99934,35.00,-7.22,-4.97
452981,1843,18192,134,99934,35.00,-7.24,-4.97
453580,1851,18192,134,99934,36.09,-7.18,-4.97
453611,1983,18576,149,99934,35.00,-7.27,-5.00
453633,1276,18576,159,99934,35.00,-7.22,-4.97
453655,1511,19088,159,99934,35.00,-7.24,-4.98
453677,1583,19088,157,99934,35.00,-7.24,-4.99
453699,1759,19088,151,99934,35.00,-7.21,-4.98
453721,1836,19088,138,99934,35.00,-7.23,-4.94
453743,1845,19088,133,99934,35.00,-7.25,-4.94
453765,1737,19088,132,99934,35.00,-7.22,-4.96
453787,1581,19088,135,99934,35.00,-7.19,-4.99
453809,1387,19088,142,99934,35.00,-7.25,-4.93
453850,1339,19088,153,99934,35.00,-7.24,-4.97
453872,1445,19088,158,99934,35.00,-7.25,-4.96
453894,1395,19088,163,99934,35.00,-7.21,-4.97
453916,1641,19088,163,99934,35.00,-7.26,-4.99
453938,1619,19088,153,99934,35.00,-7.25,-4.97
453960,1787,19856,141,99934,35.00,-7.29,-4.97
453982,2005,19856,139,99934,35.00,-7.24,-4.97
454346,1919,19856,125,99934,35.83,-7.24,-4.97
454374,1752,19856,143,99934,35.00,-7.24,-4.95
454396,1436,19856,159,99934,35.00,-7.27,-4.96
454418,1807,19856,163,99934,35.00,-7.27,-4.98
454440,1903,19856,153,99934,35.00,-7.22,-5.00
454462,2087,19856,149,99934,35.00,-7.19,-4.99
454484,2041,19856,141,99934,35.00,-7.25,-4.98
454506,1958,20368,138,99934,35.00,-7.25,-5.01
454528,1819,19856,143,99934,35.00,-7.23,-5.00
454550,1628,20368,148,99934,35.00,-7.24,-4.98
454592,1531,19856,165,99934,35.00,-7.21,-4.97
454614,1523,19856,167,99934,35.00,-7.27,-4.98
454636,1603,20368,171,99934,35.00,-7.24,-4.97
454658,1715,20368,163,99934,35.00,-7.27,-4.93
454680,1866,20368,151,99934,35.00,-7.24,-5.00
454702,1944,20368,149,99934,35.00,-7.24,-4.99
454724,1963,20368,138,99934,35.00,-7.22,-4.95
454746,1895,20368,137,99934,35.00,-7.30,-4.98
454768,1771,20368,141,99934,35.00,-7.24,-4.98
454790,1623,20368,150,99934,35.00,-7.25,-4.96
454832,1455,20368,156,99934,35.00,-7.22,-4.93
454854,1331,20368,156,99934,35.00,-7.23,-5.00
454876,1395,20368,165,99934,35.00,-7.24,-4.95
454898,1491,20368,155,99934,35.00,-7.23,-4.94
454920,1710,19856,157,99934,35.00,-7.21,-4.94
454942,1852,20368,146,99934,35.00,-7.21,-4.96
454964,1980,20368,143,99934,35.00,-7.26,-4.96
454986,1943,20368,135,99934,35.00,-7.24,-4.94
455369,1798,20368,139,99934,36.52,-7.21,-4.96
455397,1755,20368,147,99934,35.00,-7.25,-4.97
455419,1749,20560,167,99934,35.00,-7.24,-4.97
455441,2011,20560,163,99934,35.00,-7.23,-4.99
455463,2109,20560,150,99934,35.00,-7.28,-4.96
455485,2145,20560,143,99934,35.00,-7.23,-4.99
455507,2149,20560,142,99934,35.00,-7.23,-4.95
455529,2025,20560,149,99934,35.00,-7.24,-4.96
455551,1789,20560,146,99934,35.00,-7.21,-4.98
455573,1705,20560,165,99934,35.00,-7.24,-5.00
455614,1561,20560,168,99934,35.00,-7.21,-4.99
455636,1575,20560,169,99934,35.00,-7.25,-4.95
455658,1611,20560,169,99934,35.00,-7.24,-4.96
455680,1736,20560,169,99934,35.00,-7.22,-4.96
455702,1874,20560,155,99934,35.00,-7.23,-5.00
455724,1943,20560,149,99934,35.00,-7.23,-4.95
455746,1997,20560,143,99934,35.00,-7.24,-4.98
455768,1911,20560,139,99934,35.00,-7.24,-4.96
455790,1783,20560,139,99934,35.00,-7.23,-4.98
455812,1461,20560,145,99934,35.00,-7.21,-4.96
455855,1397,20560,157,99934,35.00,-7.24,-4.96
455877,1213,20560,156,99934,35.00,-7.23,-4.96
455899,1321,20560,155,99934,35.00,-7.21,-4.96
455921,1468,20560,153,99934,35.00,-7.24,-4.96
455943,1571,20560,139,99934,35.00,-7.24,-4.99
455965,1659,20560,134,99934,35.00,-7.23,-4.97
455987,1711,20560,123,99934,35.00,-7.25,-4.96
456391,1647,20560,125,99934,36.04,-7.24,-4.98
456419,1709,20560,147,99934,35.00,-7.24,-4.96
456441,1541,20560,156,99934,35.00,-7.26,-4.97
456463,1891,21072,159,99934,35.00,-7.26,-4.96
456485,2002,21072,141,99934,35.00,-7.23,-5.03
456507,2131,21072,141,99934,35.00,-7.26,-4.97
456529,2053,21072,139,99934,35.00,-7.24,-4.96
456551,1939,21072,141,99934,35.00,-7.25,-4.96
456573,1755,21072,139,99934,35.00,-7.21,-4.96
456595,1750,21072,163,99934,35.00,-7.25,-4.96
456637,1492,21072,157,99934,35.00,-7.27,-4.95
456659,1510,21072,163,99934,35.00,-7.25,-4.95
456681,1645,21072,167,99934,35.00,-7.25,-5.00
456703,1832,21072,158,99934,35.00,-7.23,-4.98
456725,2011,21072,151,99934,35.00,-7.20,-4.98
456747,2012,21072,141,99934,35.00,-7.27,-4.97
456769,2055,21072,141,99934,35.00,-7.24,-4.97
456791,1916,21840,135,99934,35.00,-7.24,-4.95
456813,1737,21840,147,99934,35.00,-7.25,-4.95
456835,1507,21840,149,99934,35.00,-7.22,-4.97
456877,1373,21840,163,99934,35.00,-7.24,-4.96
456899,1366,21840,165,99934,35.00,-7.25,-4.98
456921,1469,21840,161,99934,35.00,-7.23,-4.99
456943,1675,21840,157,99934,35.00,-7.21,-4.96
456965,1735,21840,151,99934,35.00,-7.22,-4.96
456987,2007,21840,146,99934,35.00,-7.28,-4.99
457414,2095,21840,139,99934,37.44,-7.21,-4.95
457443,1661,21840,151,99934,35.00,-7.25,-4.97
457465,1899,21840,156,99934,35.00,-7.26,-4.97
457487,2137,21840,155,99934,35.00,-7.21,-4.95
457509,2173,21840,143,99934,35.00,-7.23,-4.95
457531,2164,22352,146,99934,35.00,-7.24,-4.94
457553,2053,22352,143,99934,35.00,-7.26,-4.96
457575,1825,22352,153,99934,35.00,-7.26,-4.97
457597,1635,22352,164,99934,35.00,-7.24,-4.96
457639,1585,22352,168,99934,35.00,-7.20,-4.98
457661,1629,22352,175,99934,35.00,-7.24,-4.99
457683,1717,22352,179,99934,35.00,-7.22,-4.96
457705,1963,22352,171,99934,35.00,-7.26,-4.95
457727,2039,22352,155,99934,35.00,-7.24,-4.96
457749,2127,22352,151,99934,35.00,-7.19,-4.95
457771,2056,22352,147,99934,35.00,-7.24,-4.93
457793,1939,22352,149,99934,35.00,-7.25,-5.01
457815,1752,22352,150,99934,35.00,-7.24,-4.99
457837,1522,22352,156,99934,35.00,-7.25,-4.95
457859,1406,22352,168,99934,35.00,-7.23,-4.97
457900,1432,22352,171,99934,35.00,-7.21,-4.96
457922,1401,22352,164,99934,35.00,-7.25,-4.97
457944,1509,22352,163,99934,35.00,-7.27,-4.92
457966,1673,22352,157,99934,35.00,-7.26,-4.99
457988,1757,22352,143,99934,35.00,-7.26,-4.96
458436,1855,22352,143,99934,36.96,-7.24,-4.94
458465,1595,22736,143,99934,35.00,-7.25,-5.01
458487,1789,22736,148,99934,35.00,-7.23,-4.96
458509,2066,22736,136,99934,35.00,-7.22,-4.93
458531,2077,22736,139,99934,35.00,-7.21,-4.98
458553,2078,22736,133,99934,35.00,-7.24,-4.93
458575,1916,22736,138,99934,35.00,-7.22,-4.93
458597,1745,22736,145,99934,35.00,-7.20,-4.98
458619,1582,22736,153,99934,35.00,-7.23,-4.97
458641,1516,22736,157,99934,35.00,-7.24,-4.94
458682,1583,22736,167,99934,35.00,-7.24,-4.96
458704,1669,22352,167,99934,35.00,-7.23,-4.96
458726,1830,22352,160,99934,35.00,-7.21,-4.99
458748,2003,22352,156,99934,35.00,-7.26,-4.95
458770,2100,22352,142,99934,35.00,-7.22,-4.95
458792,2105,22736,146,99934,35.00,-7.24,-5.00
458814,2103,22736,141,99934,35.00,-7.24,-4.98
458836,1931,22736,147,99934,35.00,-7.26,-4.98
458858,1740,22736,153,99934,35.00,-7.24,-4.99
458880,1617,22736,163,99934,35.00,-7.22,-4.96
458922,1541,22736,165,99934,35.00,-7.25,-4.96
458944,1613,22736,175,99934,35.00,-7.25,-4.97
458966,1759,22736,165,99934,35.00,-7.23,-4.98
458988,1931,22736,168,99934,35.00,-7.24,-4.96
459714,2039,22736,139,99934,36.47,-7.25,-4.93
459744,1869,23248,137,99934,35.00,-7.24,-4.97
459766,1437,23248,167,99934,35.00,-7.22,-4.98
459788,1621,23248,163,99934,35.00,-7.21,-4.97
459810,1799,23248,151,99934,35.00,-7.25,-4.97
459832,1943,23248,147,99934,35.00,-7.24,-5.00
459854,1947,23248,141,99934,35.00,-7.21,-4.95
459876,1876,23248,140,99934,35.00,-7.27,-4.96
459898,1646,23248,141,99934,35.00,-7.24,-5.00
459920,1499,23248,153,99934,35.00,-7.27,-4.97
459942,1363,23248,155,99934,35.00,-7.25,-4.95
459964,1307,23248,159,99934,35.00,-7.26,-5.00
460737,1413,23248,165,99934,35.97,-7.22,-4.97
460767,1685,24016,134,99934,35.00,-7.22,-4.99
460789,1605,24016,163,99934,35.00,-7.25,-4.95
460811,1749,24016,152,99934,35.00,-7.23,-4.96
460833,1806,24016,141,99934,35.00,-7.24,-4.98
460855,1853,24016,137,99934,35.00,-7.24,-4.94
460877,1819,24016,133,99934,35.00,-7.19,-4.95
460899,1711,24016,127,99934,35.00,-7.19,-4.97
460921,1562,24016,145,99934,35.00,-7.25,-4.95
460943,1448,24016,152,99934,35.00,-7.22,-4.97
460965,1495,24016,169,99934,35.00,-7.24,-4.95
461508,1525,24016,173,99934,36.31,-7.23,-4.94
461549,1557,24016,165,99934,35.00,-7.24,-4.98
461571,1647,24016,158,99934,35.00,-7.22,-4.95
461593,1784,24528,163,99934,35.00,-7.22,-4.99
461615,2201,24016,151,99934,35.00,-7.22,-4.95
461637,2063,24016,141,99934,35.00,-7.22,-4.97
461659,1975,24016,137,99934,35.00,-7.23,-4.96
461681,1779,24016,147,99934,35.00,-7.24,-4.95
461703,1629,24016,153,99934,35.00,-7.25,-4.99
461725,1486,24016,165,99934,35.00,-7.22,-5.00
461747,1440,24016,165,99934,35.00,-7.21,-4.95
461789,1484,24016,168,99934,35.00,-7.24,-4.95
461811,1591,24016,167,99934,35.00,-7.24,-4.96
461833,1790,24016,155,99934,35.00,-7.23,-4.95
461855,1882,24016,147,99934,35.00,-7.24,-4.97
461877,1994,24016,141,99934,35.00,-7.26,-4.96
461899,1965,24528,139,99934,35.00,-7.21,-4.99
461921,1847,24528,142,99934,35.00,-7.23,-4.93
461943,1595,24016,145,99934,35.00,-7.25,-5.01
461965,1500,24016,155,99934,35.00,-7.26,-4.97
461987,1385,24016,163,99934,35.00,-7.24,-5.01
462526,1405,24016,165,99934,35.53,-7.24,-4.93
462556,1467,24528,167,99934,35.00,-7.20,-4.97
462578,1897,24528,139,99934,35.00,-7.25,-4.98
462600,1983,24528,139,99934,35.00,-7.24,-4.98
462622,1813,24528,141,99934,35.00,-7.24,-4.94
462644,1661,24528,143,99934,35.00,-7.24,-4.96
462666,1458,24528,155,99934,35.00,-7.25,-4.96
462688,1301,24528,165,99934,35.00,-7.23,-4.99
462710,1277,24528,169,99934,35.00,-7.24,-4.98
462752,1383,24528,162,99934,35.00,-7.25,-4.95
462774,1451,24528,149,99934,35.00,-7.23,-4.94
462796,1595,24528,139,99934,35.00,-7.24,-4.97
462818,1704,24528,137,99934,35.00,-7.22,-4.96
462840,1710,24528,125,99934,35.00,-7.24,-4.94
462862,1598,24528,125,99934,35.00,-7.28,-4.95
462884,1423,24528,135,99934,35.00,-7.24,-4.99
462906,1257,24528,137,99934,35.00,-7.24,-4.98
462928,1205,24528,152,99934,35.00,-7.24,-4.94
462950,1223,24528,155,99934,35.00,-7.20,-4.98
462992,1309,24528,156,99934,35.00,-7.23,-4.94
463549,1577,24528,152,99934,35.38,-7.28,-4.94
463579,1561,24528,171,99934,35.00,-7.28,-4.98
463601,1944,24528,137,99934,35.00,-7.22,-4.95
463623,1868,24624,140,99934,35.00,-7.23,-4.93
463645,1669,24624,140,99934,35.00,-7.26,-4.98
463667,1528,24624,152,99934,35.00,-7.23,-4.95
463689,1415,24528,159,99934,35.00,-7.23,-4.96
463711,1419,24528,167,99934,35.00,-7.26,-5.02
463733,1531,24528,169,99934,35.00,-7.27,-4.96
463774,1687,24528,166,99934,35.00,-7.24,-4.93
463796,1745,24528,153,99934,35.00,-7.24,-4.93
463818,1892,24624,155,99934,35.00,-7.24,-4.96
463840,1951,24624,140,99934,35.00,-7.26,-4.97
463862,1931,24528,137,99934,35.00,-7.22,-4.97
463884,1839,24624,137,99934,35.00,-7.24,-4.96
463906,1656,24624,145,99934,35.00,-7.24,-4.94
463928,1520,24624,148,99934,35.00,-7.28,-4.98
463950,1477,24624,170,99934,35.00,-7.24,-4.97
463972,1500,24528,171,99934,35.00,-7.23,-4.97
463994,1623,24624,171,99934,35.00,-7.23,-5.01
464035,1813,24624,163,99934,35.00,-7.23,-4.98
464057,1847,24624,159,99934,35.00,-7.22,-4.97
464079,1935,24624,145,99934,35.00,-7.25,-4.96
464101,1959,24624,147,99934,35.00,-7.23,-4.96
464123,1869,24624,136,99934,35.00,-7.25,-4.95
464145,1751,24624,141,99934,35.00,-7.20,-4.99
464167,1622,24624,147,99934,35.00,-7.21,-4.96
464189,1437,24624,155,99934,35.00,-7.26,-4.96
464211,1400,24624,167,99934,35.00,-7.22,-4.98
464233,1405,24624,171,99934,35.00,-7.23,-4.95
464276,1519,24624,166,99934,35.00,-7.23,-4.93
464298,1755,24624,152,99934,35.00,-7.24,-4.96
464320,1834,24624,139,99934,35.00,-7.21,-4.98
464342,1841,24624,136,99934,35.00,-7.17,-4.98
464364,1767,24624,135,99934,35.00,-7.24,-4.92
464386,1639,24624,136,99934,35.00,-7.23,-4.94
464408,1516,24624,147,99934,35.00,-7.25,-4.99
464430,1545,24624,159,99934,35.00,-7.26,-4.95
464452,1511,24624,165,99934,35.00,-7.24,-4.95
464474,1577,24624,165,99934,35.00,-7.25,-4.96
464516,1715,24624,165,99934,35.00,-7.24,-4.97
464538,1891,24624,163,99934,35.00,-7.26,-4.99
464560,1981,24624,139,99934,35.00,-7.26,-4.94
464582,1982,24624,137,99934,35.00,-7.25,-4.98
464604,1909,24624,133,99934,35.00,-7.23,-5.02
464626,1791,24624,139,99934,35.00,-7.21,-4.98
464648,1622,24624,138,99934,35.00,-7.21,-4.96
464670,1495,24624,159,99934,35.00,-7.23,-4.96
464692,1517,24624,163,99934,35.00,-7.24,-4.92
464714,1563,24624,170,99934,35.00,-7.26,-4.98
464757,1655,24624,163,99934,35.00,-7.22,-4.96
464779,1849,24624,152,99934,35.00,-7.21,-4.94
464801,1911,24624,140,99934,35.00,-7.24,-5.01
464823,1917,25136,145,99934,35.00,-7.24,-4.98
464845,1823,24624,133,99934,35.00,-7.23,-4.97
464867,1738,24624,138,99934,35.00,-7.25,-4.96
464889,1657,25136,151,99934,35.00,-7.21,-4.96
464911,1560,25136,158,99934,35.00,-7.27,-4.97
464933,1555,25136,167,99934,35.00,-7.24,-4.96
464955,1622,24624,174,99934,35.00,-7.26,-4.96
464997,1765,25136,167,99934,35.00,-7.25,-4.97
465593,1867,24624,155,99934,36.58,-7.25,-4.95
465624,1769,25136,173,99934,35.00,-7.24,-4.99
465646,1981,25136,135,99934,35.00,-7.24,-4.96
465668,1991,25136,139,99934,35.00,-7.24,-4.95
465690,1807,25136,153,99934,35.00,-7.23,-4.96
465712,1737,25136,160,99934,35.00,-7.19,-4.96
465734,1693,25136,171,99934,35.00,-7.22,-5.00
465756,1712,25136,170,99934,35.00,-7.22,-4.97
465778,1779,25136,167,99934,35.00,-7.25,-4.98
465819,1890,25136,165,99934,35.00,-7.21,-4.96
465841,1853,25136,160,99934,35.00,-7.25,-4.94
465863,1862,25136,149,99934,35.00,-7.26,-4.94
465885,1800,25136,139,99934,35.00,-7.26,-4.96
465907,1695,25136,137,99934,35.00,-7.23,-4.97
465929,1576,25136,147,99934,35.00,-7.23,-4.93
465951,1437,25136,149,99934,35.00,-7.27,-4.99
465973,1368,25136,164,99934,35.00,-7.17,-4.96
465995,1379,25136,167,99934,35.00,-7.23,-4.96
466360,1449,25136,169,99934,35.27,-7.24,-4.98
466401,1853,25136,151,99934,35.00,-7.25,-4.95
466423,1945,25136,143,99934,35.00,-7.27,-4.93
466445,1995,25136,140,99934,35.00,-7.24,-4.96
466467,2057,25136,135,99934,35.00,-7.27,-4.96
466489,1907,25136,134,99934,35.00,-7.20,-4.99
466511,1734,25136,148,99934,35.00,-7.21,-4.95
466533,1653,25136,155,99934,35.00,-7.21,-4.98
466555,1611,25136,167,99934,35.00,-7.26,-5.01
466577,1670,25136,174,99934,35.00,-7.25,-4.96
466599,1752,25136,179,99934,35.00,-7.25,-4.96
466641,1893,25136,165,99934,35.00,-7.23,-5.01
466663,2015,25136,154,99934,35.00,-7.26,-5.00
466685,2127,25904,147,99934,35.00,-7.25,-4.97
466707,2085,25136,141,99934,35.00,-7.20,-4.94
466729,2065,25136,143,99934,35.00,-7.23,-4.98
466751,1852,25136,149,99934,35.00,-7.24,-4.95
466773,1719,25136,152,99934,35.00,-7.24,-4.96
466795,1611,25136,169,99934,35.00,-7.25,-5.00
466817,1647,25136,173,99934,35.00,-7.27,-4.94
466839,1707,25136,170,99934,35.00,-7.23,-4.95
466861,1868,25904,169,99934,35.00,-7.24,-5.01
466902,1971,25904,157,99934,35.00,-7.24,-5.00
466924,1925,25136,155,99934,35.00,-7.22,-4.94
466946,1992,25136,147,99934,35.00,-7.23,-4.98
466968,1929,25904,137,99934,35.00,-7.27,-4.96
466990,1867,25904,137,99934,35.00,-7.25,-4.96
467382,1708,25136,147,99934,35.80,-7.26,-4.96
467423,1845,25136,157,99934,35.00,-7.24,-4.94
467445,1851,25136,149,99934,35.00,-7.22,-4.97
467467,1897,25904,143,99934,35.00,-7.23,-4.97
467489,1915,25904,135,99934,35.00,-7.21,-4.93
467511,1754,25904,124,99934,35.00,-7.27,-5.00
467533,1577,25904,139,99934,35.00,-7.24,-4.97
467555,1415,25904,142,99934,35.00,-7.24,-5.01
467577,1244,25904,155,99934,35.00,-7.22,-4.95
467599,1317,25904,164,99934,35.00,-7.27,-4.99
467621,1407,25904,165,99934,35.00,-7.25,-4.96
467643,1562,25904,151,99934,35.00,-7.25,-4.96
467684,1725,25904,149,99934,35.00,-7.20,-4.99
467706,1803,25904,141,99934,35.00,-7.26,-4.96
467728,1881,25904,142,99934,35.00,-7.25,-4.96
467750,1895,25904,137,99934,35.00,-7.23,-5.00
467772,1803,25904,138,99934,35.00,-7.21,-4.99
467794,1677,25904,141,99934,35.00,-7.23,-4.98
467816,1599,25904,155,99934,35.00,-7.25,-4.97
467838,1571,25904,165,99934,35.00,-7.21,-4.96
467860,1605,25904,171,99934,35.00,-7.26,-4.96
467882,1704,25904,167,99934,35.00,-7.22,-4.98
467924,1836,25904,157,99934,35.00,-7.22,-5.00
467946,1983,25904,149,99934,35.00,-7.22,-4.98
467968,1998,25904,139,99934,35.00,-7.24,-4.98
467990,2004,25904,132,99934,35.00,-7.25,-5.00
468405,1962,25904,139,99934,36.44,-7.22,-4.98
468446,2070,25136,149,99934,35.00,-7.22,-4.94
468468,2065,25136,149,99934,35.00,-7.27,-4.93
468490,2173,25904,147,99934,35.00,-7.24,-4.96
468512,2118,25904,139,99934,35.00,-7.21,-4.98
468534,1896,25904,140,99934,35.00,-7.25,-4.93
468556,1703,25904,143,99934,35.00,-7.27,-4.95
468578,1451,25904,153,99934,35.00,-7.22,-4.96
468600,1291,25904,156,99934,35.00,-7.25,-5.00
468622,1353,25904,157,99934,35.00,-7.25,-4.98
468644,1430,25904,152,99934,35.00,-7.23,-4.94
468686,1566,25904,143,99934,35.00,-7.23,-4.98
468708,1721,25904,137,99934,35.00,-7.21,-4.97
468730,1707,25904,125,99934,35.00,-7.24,-4.97
468752,1767,25904,125,99934,35.00,-7.24,-4.95
468774,1709,25904,135,99934,35.00,-7.20,-4.98
468796,1461,25904,135,99934,35.00,-7.25,-4.98
468818,1324,25904,149,99934,35.00,-7.25,-4.99
468840,1273,25904,153,99934,35.00,-7.21,-4.94
468862,1286,25904,160,99934,35.00,-7.25,-4.98
468884,1355,25904,153,99934,35.00,-7.23,-4.99
468906,1565,25904,157,99934,35.00,-7.25,-4.96
468947,1839,25904,147,99934,35.00,-7.27,-4.93
468969,1906,25904,143,99934,35.00,-7.22,-5.00
468991,1863,25904,136,99934,35.00,-7.22,-4.97
469427,1767,25904,135,99934,36.63,-7.23,-4.94
469468,2038,26416,150,99934,35.00,-7.22,-4.98
469490,2159,25904,143,99934,35.00,-7.26,-4.97
469512,2088,25904,147,99934,35.00,-7.25,-4.98
469534,1967,25904,139,99934,35.00,-7.24,-5.00
469556,1702,25136,146,99934,35.00,-7.21,-4.96
469578,837,25136,138,99934,35.00,-7.24,-4.99
469600,2109,25136,179,99934,35.00,-7.26,-4.97
469622,1373,25136,158,99934,35.00,-7.22,-4.96
469644,1513,25904,163,99934,35.00,-7.17,-4.95
469666,2301,25904,178,99934,35.00,-7.25,-4.98
469688,1725,25904,151,99934,35.00,-7.21,-4.98
469729,2219,25904,155,99934,35.00,-7.23,-4.97
469751,2136,25904,149,99934,35.00,-7.25,-4.99
469773,2095,25904,143,99934,35.00,-7.22,-4.94
469795,1994,25904,139,99934,35.00,-7.25,-4.96
469817,1832,25904,156,99934,35.00,-7.28,-5.01
469839,1605,25904,149,99934,35.00,-7.25,-4.97
469861,1511,25904,167,99934,35.00,-7.28,-4.95
469883,1495,25904,166,99934,35.00,-7.24,-4.94
469905,1672,26416,173,99934,35.00,-7.22,-4.96
469927,1822,25904,165,99934,35.00,-7.24,-4.96
469970,2007,26416,167,99934,35.00,-7.24,-4.98
469992,2147,25904,147,99934,35.00,-7.20,-4.97
470705,2069,26416,140,99934,36.63,-7.24,-4.95
470731,1387,25904,158,99934,35.00,-7.23,-4.95
470753,1928,25904,145,99934,35.00,-7.23,-4.97
470775,1945,25904,134,99934,35.00,-7.22,-4.96
470797,1904,25904,135,99934,35.00,-7.23,-4.98
470819,1721,25904,139,99934,35.00,-7.24,-4.97
470841,1455,25904,154,99934,35.00,-7.24,-4.96
470863,1467,26416,159,99934,35.00,-7.21,-4.97
470885,1341,25904,159,99934,35.00,-7.21,-5.00
470907,1435,26416,159,99934,35.00,-7.22,-4.96
470929,1690,26416,163,99934,35.00,-7.24,-4.97
470951,1880,26416,151,99934,35.00,-7.24,-4.94
470992,2019,26416,141,99934,35.00,-7.24,-4.93
471727,2023,26800,139,99934,36.16,-7.22,-4.92
471754,1471,25904,163,99934,35.00,-7.22,-4.96
471776,1938,25904,139,99934,35.00,-7.24,-4.97
471798,1868,25904,126,99934,35.00,-7.21,-4.95
471820,1941,25904,139,99934,35.00,-7.23,-4.93
471842,1648,25136,140,99934,35.00,-7.22,-4.96
471864,1352,25136,151,99934,35.00,-7.24,-4.98
471886,2557,24624,189,99934,35.00,-7.24,-4.98
471908,1467,24624,159,99934,35.00,-7.25,-4.98
471930,1589,24624,163,99934,35.00,-7.24,-4.92
471952,2053,24624,160,99934,35.00,-7.23,-5.01
471995,2143,24624,149,99934,35.00,-7.26,-4.95
472750,2043,24624,135,99934,35.36,-7.26,-4.92
472776,1512,6848,165,99934,35.00,-7.22,-4.96
472798,2333,7616,151,99934,35.00,-7.24,-4.94
472820,1405,8128,132,99934,35.00,-7.23,-4.98
472842,1320,8224,135,99934,35.00,-7.23,-5.00
472864,1165,8224,137,99934,35.00,-7.23,-4.96
472886,1081,9504,157,99934,35.00,-7.24,-4.95
472908,1033,10016,157,99934,35.00,-7.26,-4.94
472930,1471,11680,171,99934,35.00,-7.22,-4.93
472952,1179,12192,155,99934,35.00,-7.24,-4.99
472974,1391,12384,155,99934,35.00,-7.20,-4.95
472996,1399,12384,132,99934,35.00,-7.21,-4.96
473037,1338,12384,125,99934,35.00,-7.24,-4.99
473059,1225,12384,121,99934,35.00,-7.25,-4.96
473081,1203,12192,122,99934,35.00,-7.20,-4.99
473103,952,11680,121,99934,35.00,-7.23,-5.00
473125,855,11680,141,99934,35.00,-7.23,-4.91
473147,1021,11680,154,99934,35.00,-7.20,-4.98
473169,1525,11680,165,99934,35.00,-7.24,-4.99
473191,2949,12192,199,99934,35.00,-7.22,-4.94
473213,2695,12192,165,99934,35.00,-7.24,-4.99
473235,1319,12192,133,99934,35.00,-7.24,-4.95
473278,1413,12384,125,99934,35.00,-7.24,-4.96
473300,1576,12384,122,99934,35.00,-7.22,-4.97
473322,1389,12384,123,99934,35.00,-7.26,-4.98
473344,1379,12384,135,99934,35.00,-7.25,-4.93
473366,1507,12384,147,99934,35.00,-7.25,-4.97
473388,1477,12896,157,99934,35.00,-7.21,-4.97
473410,1395,12896,167,99934,35.00,-7.19,-4.96
473432,1519,12896,159,99934,35.00,-7.19,-4.93
473454,1815,12896,157,99934,35.00,-7.25,-4.97
473476,1965,12896,151,99934,35.00,-7.24,-4.96
473518,2019,12896,137,99934,35.00,-7.27,-4.95
473540,1947,13664,137,99934,35.00,-7.21,-4.96
473562,2124,14176,140,99934,35.00,-7.23,-4.97
473584,2083,14176,151,99934,35.00,-7.22,-4.93
473606,1911,14176,157,99934,35.00,-7.19,-4.97
473628,2058,14176,180,99934,35.00,-7.24,-4.99
473650,1833,14560,173,99934,35.00,-7.24,-4.96
473672,1855,15072,170,99934,35.00,-7.22,-4.98
473694,2014,15072,168,99934,35.00,-7.27,-4.96
473716,2157,15840,160,99934,35.00,-7.26,-4.95
473738,1974,15840,139,99934,35.00,-7.23,-4.96
473779,1955,15840,148,99934,35.00,-7.24,-4.96
473801,1039,16352,123,99934,35.00,-7.26,-4.94
473823,1567,16400,138,99934,35.00,-7.24,-4.97
473845,1532,16912,142,99934,35.00,-7.22,-4.99
473867,2870,16912,185,99934,35.00,-7.23,-4.99
473889,252,16912,133,99934,35.00,-7.22,-4.96
473911,2071,16400,186,99934,35.00,-7.24,-4.96
473933,1880,16912,170,99934,35.00,-7.24,-4.95
473955,1383,16912,150,99934,35.00,-7.24,-4.97
473977,1581,17680,151,99934,35.00,-7.23,-4.96
474539,1575,18192,125,99934,35.88,-7.26,-4.94
474581,2381,20560,169,99934,35.00,-7.22,-4.98
474603,2471,21072,159,99934,35.00,-7.24,-4.97
474625,2379,21072,165,99934,35.00,-7.25,-5.00
474647,2057,21072,171,99934,35.00,-7.21,-4.97
474669,1871,21072,184,99934,35.00,-7.21,-4.96
474691,1801,21072,187,99934,35.00,-7.22,-4.97
474713,1837,20560,198,99934,35.00,-7.24,-4.96
474735,1907,20560,201,99934,35.00,-7.22,-4.97
474757,2100,21072,187,99934,35.00,-7.25,-4.96
474779,2351,21072,181,99934,35.00,-7.27,-4.92
474821,2255,21072,167,99934,35.00,-7.27,-5.00
474843,2297,21072,156,99934,35.00,-7.27,-4.97
474865,2095,21072,159,99934,35.00,-7.19,-4.95
474887,1804,21072,151,99934,35.00,-7.24,-4.94
474909,1593,21072,167,99934,35.00,-7.29,-4.94
474931,1509,21072,171,99934,35.00,-7.23,-4.93
474953,1513,21072,183,99934,35.00,-7.23,-5.00
474975,1554,20560,175,99934,35.00,-7.21,-4.95
474997,1647,20560,168,99934,35.00,-7.24,-4.98
475561,1819,20560,157,99934,35.89,-7.25,-4.95
475603,1787,20560,133,99934,35.00,-7.22,-4.99
475625,1901,20560,133,99934,35.00,-7.20,-4.98
475647,1735,20560,135,99934,35.00,-7.20,-4.94
475669,1639,20560,141,99934,35.00,-7.24,-4.94
475691,1651,20560,153,99934,35.00,-7.23,-4.97
475713,1465,20560,164,99934,35.00,-7.24,-4.95
475735,1551,20560,168,99934,35.00,-7.18,-4.96
475757,1566,20560,163,99934,35.00,-7.25,-4.92
475779,1817,20368,155,99934,35.00,-7.24,-4.96
475801,2099,20368,149,99934,35.00,-7.25,-5.02
475823,1989,20368,137,99934,35.00,-7.24,-4.97
475864,2042,20368,133,99934,35.00,-7.23,-4.96
475886,2039,20368,134,99934,35.00,-7.23,-4.96
475908,2199,20368,147,99934,35.00,-7.23,-4.98
475930,1912,20560,149,99934,35.00,-7.27,-4.99
475952,1583,20560,157,99934,35.00,-7.26,-4.94
475974,1675,20560,167,99934,35.00,-7.23,-4.95
475996,1257,20560,159,99934,35.00,-7.24,-5.00
476584,1813,20560,167,99934,35.95,-7.24,-4.95
476626,1939,21840,141,99934,35.00,-7.25,-4.94
476648,2073,21840,137,99934,35.00,-7.21,-4.96
476670,1693,21840,141,99934,35.00,-7.21,-4.95
476692,1492,21840,147,99934,35.00,-7.25,-4.96
476714,1380,21840,159,99934,35.00,-7.22,-4.97
476736,1466,21840,159,99934,35.00,-7.25,-5.00
476758,1497,21840,157,99934,35.00,-7.29,-4.98
476780,1221,22352,149,99934,35.00,-7.24,-5.01
476802,2041,22352,153,99934,35.00,-7.24,-4.95
476824,2021,22352,137,99934,35.00,-7.20,-4.95
476866,2027,22352,136,99934,35.00,-7.23,-4.95
476888,1947,22352,125,99934,35.00,-7.24,-5.00
476910,1757,22352,131,99934,35.00,-7.24,-4.94
476932,1555,22736,139,99934,35.00,-7.24,-4.99
476954,1517,22352,153,99934,35.00,-7.24,-4.97
476976,1401,22352,155,99934,35.00,-7.23,-4.94
476998,1391,22736,157,99934,35.00,-7.25,-5.00
477020,1596,22736,149,99934,35.00,-7.25,-4.99
477042,1715,22736,151,99934,35.00,-7.22,-4.94
477064,2001,22352,135,99934,35.00,-7.25,-5.01
477107,2053,22352,140,99934,35.00,-7.21,-4.98
477129,2139,22352,137,99934,35.00,-7.22,-4.97
477151,1966,22736,147,99934,35.00,-7.25,-4.94
477173,1874,22736,149,99934,35.00,-7.24,-4.97
477195,1611,22736,167,99934,35.00,-7.24,-4.98
477217,1579,22736,167,99934,35.00,-7.23,-4.96
477239,1727,22736,173,99934,35.00,-7.25,-4.96
477261,1787,22736,159,99934,35.00,-7.26,-4.96
477283,2004,22736,159,99934,35.00,-7.26,-4.97
477305,2105,22736,147,99934,35.00,-7.24,-4.96
477347,2212,22736,146,99934,35.00,-7.21,-4.98
477369,2103,22736,143,99934,35.00,-7.28,-4.94
477391,2013,22736,152,99934,35.00,-7.27,-4.98
477413,1822,23248,156,99934,35.00,-7.21,-4.96
477435,1608,22736,167,99934,35.00,-7.22,-4.97
477457,1489,22736,169,99934,35.00,-7.24,-4.96
477479,1518,23248,167,99934,35.00,-7.23,-5.00
477501,1689,23248,169,99934,35.00,-7.24,-4.97
477523,1747,23248,166,99934,35.00,-7.25,-4.98
477545,1863,23248,147,99934,35.00,-7.24,-4.97
477567,1944,23248,141,99934,35.00,-7.23,-4.97
477608,1915,23248,141,99934,35.00,-7.22,-4.95
477630,1938,23248,137,99934,35.00,-7.25,-4.97
477652,1756,23248,149,99934,35.00,-7.24,-4.93
477674,1574,23248,152,99934,35.00,-7.24,-4.94
477696,1463,23248,163,99934,35.00,-7.25,-4.95
477718,1463,23248,165,99934,35.00,-7.23,-4.96
477740,1467,24016,163,99934,35.00,-7.27,-4.96
477762,1557,24016,158,99934,35.00,-7.23,-5.02
477784,1719,24016,144,99934,35.00,-7.20,-4.95
477806,1831,24016,142,99934,35.00,-7.22,-4.97
477848,1845,24016,135,99934,35.00,-7.25,-4.96
477870,1755,24016,124,99934,35.00,-7.25,-4.93
477892,1639,24016,136,99934,35.00,-7.26,-4.95
477914,1556,24016,139,99934,35.00,-7.23,-4.98
477936,1421,24016,152,99934,35.00,-7.23,-4.94
477958,1327,24016,154,99934,35.00,-7.23,-4.98
477980,1472,24016,164,99934,35.00,-7.24,-4.94
478372,1501,24016,151,99934,36.32,-7.25,-5.00
478410,1804,24528,138,99934,35.00,-7.23,-4.96
478432,1941,24528,123,99934,35.00,-7.25,-4.96
478454,1815,24528,138,99934,35.00,-7.27,-4.97
478476,1679,24528,142,99934,35.00,-7.23,-4.96
478498,1572,24528,157,99934,35.00,-7.28,-4.98
478520,1469,24528,157,99934,35.00,-7.25,-4.98
478542,1588,24528,163,99934,35.00,-7.25,-4.95
478564,1694,24528,151,99934,35.00,-7.25,-4.99
478586,1853,24528,148,99934,35.00,-7.22,-4.95
478608,1775,24528,131,99934,35.00,-7.25,-4.99
478650,1993,24624,133,99934,35.00,-7.23,-4.99
478672,1839,24624,125,99934,35.00,-7.25,-4.91
478694,1705,24624,142,99934,35.00,-7.25,-4.98
478716,1651,24624,143,99934,35.00,-7.23,-4.96
478738,1597,24624,165,99934,35.00,-7.24,-5.00
478760,1591,24624,165,99934,35.00,-7.25,-4.95
478782,1671,24624,170,99934,35.00,-7.24,-4.96
478804,1789,24624,157,99934,35.00,-7.22,-4.96
478826,1957,24624,155,99934,35.00,-7.20,-4.99
478848,2083,24624,139,99934,35.00,-7.21,-4.97
478870,2143,25136,141,99934,35.00,-7.24,-5.00
478911,2088,25136,134,99934,35.00,-7.24,-4.97
478933,1915,25136,135,99934,35.00,-7.25,-4.99
478955,1759,25136,134,99934,35.00,-7.23,-5.02
478977,1645,25136,147,99934,35.00,-7.25,-4.97
478999,1555,25136,150,99934,35.00,-7.21,-4.94
479021,1429,25136,157,99934,35.00,-7.27,-4.99
479043,1655,25136,165,99934,35.00,-7.24,-4.95
479065,1578,25136,156,99934,35.00,-7.25,-4.95
479087,1819,25136,146,99934,35.00,-7.23,-4.98
479109,1897,25136,134,99934,35.00,-7.23,-4.98
479151,1979,25136,137,99934,35.00,-7.20,-4.99
479173,1855,25136,133,99934,35.00,-7.23,-5.01
479195,1723,25136,139,99934,35.00,-7.23,-4.99
479217,1558,25136,142,99934,35.00,-7.26,-4.97
479239,1414,25136,153,99934,35.00,-7.24,-4.96
479261,1431,25136,167,99934,35.00,-7.25,-4.98
479283,1511,25136,165,99934,35.00,-7.20,-4.96
479305,1611,25136,157,99934,35.00,-7.24,-4.97
479327,1741,25136,153,99934,35.00,-7.24,-4.99
479349,1821,25136,139,99934,35.00,-7.20,-4.96
479371,1787,25136,141,99934,35.00,-7.23,-4.98
479412,1801,25136,142,99934,35.00,-7.22,-4.95
479434,1768,25136,131,99934,35.00,-7.23,-4.97
479456,1595,25136,139,99934,35.00,-7.24,-4.98
479478,1431,25136,139,99934,35.00,-7.22,-4.97
479500,1327,25136,153,99934,35.00,-7.24,-4.96
479522,1389,25136,156,99934,35.00,-7.22,-4.98
479544,1509,25904,159,99934,35.00,-7.26,-4.98
479566,1619,25904,147,99934,35.00,-7.28,-4.94
479588,1775,25904,149,99934,35.00,-7.23,-4.91
479610,1943,25904,137,99934,35.00,-7.21,-4.96
479653,1937,25904,135,99934,35.00,-7.25,-4.95
479675,1919,25904,133,99934,35.00,-7.24,-5.01
479697,1788,25904,145,99934,35.00,-7.21,-4.97
479719,1631,25904,155,99934,35.00,-7.21,-4.94
479741,1577,25904,163,99934,35.00,-7.27,-4.95
479763,1739,25904,171,99934,35.00,-7.23,-4.99
479785,1527,25904,163,99934,35.00,-7.25,-4.98
479807,1887,25904,165,99934,35.00,-7.23,-4.95
479829,1944,25904,154,99934,35.00,-7.22,-4.97
479851,2199,25904,153,99934,35.00,-7.24,-4.97
479893,2142,25904,147,99934,35.00,-7.21,-5.00
479915,2013,25904,141,99934,35.00,-7.21,-4.96
479937,1839,25136,149,99934,35.00,-7.24,-4.97
479959,1733,25904,157,99934,35.00,-7.21,-4.96
479981,1582,25136,175,99934,35.00,-7.24,-4.94
480416,1563,25136,173,99934,36.38,-7.23,-4.96
480454,1642,25904,141,99934,35.00,-7.25,-4.97
480476,1785,25904,135,99934,35.00,-7.22,-4.96
480498,1619,26416,141,99934,35.00,-7.22,-5.01
480520,1475,26416,152,99934,35.00,-7.22,-4.95
480542,1417,26416,159,99934,35.00,-7.25,-4.95
480564,1391,26416,167,99934,35.00,-7.26,-4.95
480586,1465,26416,165,99934,35.00,-7.22,-4.95
480608,1637,26416,163,99934,35.00,-7.23,-4.98
480630,1787,26416,149,99934,35.00,-7.23,-4.96
480652,1919,26416,143,99934,35.00,-7.24,-4.98
480674,1906,26416,135,99934,35.00,-7.24,-4.96
480715,1897,26416,136,99934,35.00,-7.23,-4.95
480737,1747,26416,127,99934,35.00,-7.21,-4.99
480759,1672,26416,151,99934,35.00,-7.21,-4.98
480781,1636,26416,151,99934,35.00,-7.24,-4.96
480803,1555,25904,163,99934,35.00,-7.26,-4.92
480825,1485,26416,165,99934,35.00,-7.21,-4.96
480847,1532,26416,165,99934,35.00,-7.18,-4.95
480869,1747,26416,159,99934,35.00,-7.23,-4.95
480891,1889,26416,152,99934,35.00,-7.22,-4.97
480913,1950,26416,138,99934,35.00,-7.24,-4.97
480956,1895,26416,135,99934,35.00,-7.23,-4.96
480978,1817,26416,141,99934,35.00,-7.24,-4.91
481695,1629,26416,147,99934,36.52,-7.23,-4.99
481737,2077,26800,136,99934,35.00,-7.26,-4.96
481759,1991,27312,138,99934,35.00,-7.23,-4.97
481781,1847,27312,143,99934,35.00,-7.22,-4.99
481803,1677,27312,157,99934,35.00,-7.26,-4.96
481825,1625,26800,164,99934,35.00,-7.23,-4.91
481847,1657,27312,168,99934,35.00,-7.27,-4.93
481869,1745,26800,171,99934,35.00,-7.24,-4.97
481891,1817,26800,163,99934,35.00,-7.24,-4.93
481913,1996,26800,155,99934,35.00,-7.21,-4.96
481935,2039,26416,143,99934,35.00,-7.25,-4.92
481957,2093,26800,139,99934,35.00,-7.22,-4.98
481998,2029,26800,139,99934,35.00,-7.23,-4.96
482020,2377,26800,150,99934,35.00,-7.26,-5.00
482042,1467,26800,139,99934,35.00,-7.26,-4.95
482064,1259,26800,151,99934,35.00,-7.25,-4.99
482086,1448,26800,166,99934,35.00,-7.23,-4.95
482108,1405,26800,165,99934,35.00,-7.23,-4.92
482130,1499,26800,168,99934,35.00,-7.24,-4.96
482152,1653,26416,155,99934,35.00,-7.26,-4.98
482174,1852,26416,150,99934,35.00,-7.22,-4.97
482196,1875,26416,142,99934,35.00,-7.20,-4.96
482238,1915,26416,135,99934,35.00,-7.25,-4.99
482260,1980,26416,137,99934,35.00,-7.24,-4.98
482282,1622,26416,139,99934,35.00,-7.21,-4.96
482304,1433,26416,150,99934,35.00,-7.22,-4.95
482326,1429,26416,166,99934,35.00,-7.24,-5.00
482348,1449,26416,169,99934,35.00,-7.27,-5.01
482370,1463,26416,160,99934,35.00,-7.23,-4.97
482392,1596,26416,155,99934,35.00,-7.19,-4.96
482414,1805,26416,149,99934,35.00,-7.26,-4.95
482436,1961,26416,142,99934,35.00,-7.22,-4.94
482458,1915,26416,136,99934,35.00,-7.18,-4.95
482499,1850,26416,137,99934,35.00,-7.24,-5.01
482521,1830,26416,138,99934,35.00,-7.23,-4.97
482543,1624,26416,139,99934,35.00,-7.24,-4.97
482565,1510,26416,153,99934,35.00,-7.24,-4.94
482587,1503,26416,165,99934,35.00,-7.24,-4.95
482609,1491,26416,165,99934,35.00,-7.27,-4.97
482631,1591,26416,165,99934,35.00,-7.24,-4.98
482653,1707,26416,155,99934,35.00,-7.26,-4.97
482675,1835,26416,148,99934,35.00,-7.22,-4.98
482697,1939,26416,149,99934,35.00,-7.24,-4.98
482740,1973,26416,137,99934,35.00,-7.22,-4.96
482762,1852,26416,139,99934,35.00,-7.25,-4.93
482784,1718,26416,143,99934,35.00,-7.20,-4.96
482806,1592,26416,156,99934,35.00,-7.28,-5.00
482828,1571,26416,163,99934,35.00,-7.26,-5.00
482850,1629,26416,173,99934,35.00,-7.22,-4.94
482872,1727,26416,167,99934,35.00,-7.22,-4.96
482894,1875,26416,157,99934,35.00,-7.27,-5.02
482916,2043,26416,146,99934,35.00,-7.25,-4.99
482938,2093,26416,142,99934,35.00,-7.23,-4.95
482980,1933,26800,133,99934,35.00,-7.26,-4.94
483739,1945,26416,137,99934,36.69,-7.23,-4.99
483764,1909,26416,136,99934,35.00,-7.22,-4.96
483786,1581,26416,141,99934,35.00,-7.23,-5.02
483808,1453,26416,153,99934,35.00,-7.20,-4.97
483830,1350,26416,159,99934,35.00,-7.25,-5.00
483852,1479,26416,166,99934,35.00,-7.20,-4.95
483874,1643,26416,167,99934,35.00,-7.23,-4.97
483896,1652,26416,151,99934,35.00,-7.21,-4.99
483918,1791,26416,143,99934,35.00,-7.24,-4.94
483940,1869,26416,134,99934,35.00,-7.23,-4.94
483982,1890,26416,136,99934,35.00,-7.22,-4.95
484506,1797,26416,127,99934,35.73,-7.22,-4.96
484544,1685,26800,143,99934,35.00,-7.21,-4.92
484566,1781,26800,127,99934,35.00,-7.20,-4.97
484588,1689,26800,152,99934,35.00,-7.21,-4.99
484610,1522,26800,156,99934,35.00,-7.24,-4.96
484632,1542,26800,167,99934,35.00,-7.22,-5.00
484654,1577,26800,169,99934,35.00,-7.25,-4.93
484676,1699,26800,167,99934,35.00,-7.24,-4.94
484698,1845,26800,156,99934,35.00,-7.24,-4.98
484720,2020,26800,151,99934,35.00,-7.26,-4.97
484742,2063,26800,147,99934,35.00,-7.21,-4.96
484784,2055,26800,141,99934,35.00,-7.25,-4.97
484806,1945,26800,145,99934,35.00,-7.23,-5.00
484828,1799,26800,144,99934,35.00,-7.24,-4.94
484850,1635,26800,165,99934,35.00,-7.25,-4.96
484872,1565,26800,167,99934,35.00,-7.23,-4.94
484894,1541,26800,175,99934,35.00,-7.27,-4.98
484916,1709,26800,174,99934,35.00,-7.27,-4.95
484938,1864,26800,167,99934,35.00,-7.25,-4.97
484960,1903,26800,156,99934,35.00,-7.23,-4.96
484982,2007,26800,151,99934,35.00,-7.26,-4.99
485528,2074,27312,144,99934,35.38,-7.23,-4.99
485566,1395,26416,140,99934,35.00,-7.22,-4.99
485588,1639,26416,125,99934,35.00,-7.25,-4.98
485610,1428,26800,137,99934,35.00,-7.27,-4.99
485632,1297,26800,142,99934,35.00,-7.22,-5.01
485654,1365,26800,156,99934,35.00,-7.19,-4.98
485676,1445,26800,156,99934,35.00,-7.22,-4.98
485698,1549,26800,155,99934,35.00,-7.24,-4.94
485720,1723,26800,148,99934,35.00,-7.24,-4.98
485742,1989,26800,141,99934,35.00,-7.25,-5.00
485764,2130,26800,138,99934,35.00,-7.25,-4.94
485807,2182,26800,135,99934,35.00,-7.22,-4.98
485829,2043,26800,149,99934,35.00,-7.24,-4.97
485851,1939,26800,153,99934,35.00,-7.25,-4.94
485873,1791,26800,165,99934,35.00,-7.20,-4.97
485895,1741,26800,171,99934,35.00,-7.25,-4.95
485917,1757,26800,173,99934,35.00,-7.28,-4.96
485939,1917,26800,167,99934,35.00,-7.24,-4.96
485961,2039,26800,166,99934,35.00,-7.23,-4.95
485983,2164,26800,152,99934,35.00,-7.26,-4.93
486551,2221,26800,147,99934,36.39,-7.25,-4.98
486589,1421,27312,136,99934,35.00,-7.26,-4.97
486611,1612,27312,128,99934,35.00,-7.23,-4.96
486633,1463,27312,137,99934,35.00,-7.23,-4.95
486655,1371,27312,151,99934,35.00,-7.22,-4.97
486677,1368,27312,156,99934,35.00,-7.20,-4.96
486699,1431,27312,155,99934,35.00,-7.21,-4.95
486721,1547,27312,152,99934,35.00,-7.25,-4.94
486743,1811,27312,145,99934,35.00,-7.20,-4.91
486765,1917,27312,137,99934,35.00,-7.23,-4.96
486787,1951,27312,133,99934,35.00,-7.26,-5.01
486829,1952,28080,125,99934,35.00,-7.20,-4.94
486851,1783,28080,135,99934,35.00,-7.23,-4.96
486873,1733,28080,142,99934,35.00,-7.26,-4.98
486895,1663,28080,155,99934,35.00,-7.21,-4.96
486917,1625,28080,159,99934,35.00,-7.25,-4.99
486939,1669,28080,169,99934,35.00,-7.21,-4.99
486961,1813,28080,159,99934,35.00,-7.24,-4.93
486983,1957,28080,160,99934,35.00,-7.21,-4.98
487573,2079,28080,148,99934,36.23,-7.26,-4.95
487611,1438,28592,141,99934,35.00,-7.24,-4.93
487633,1663,28592,136,99934,35.00,-7.21,-4.97
487655,1417,28592,143,99934,35.00,-7.24,-4.96
487677,1320,28592,152,99934,35.00,-7.26,-4.96
487699,1357,28592,157,99934,35.00,-7.20,-4.96
487721,1491,28592,159,99934,35.00,-7.21,-4.97
487743,1645,28592,157,99934,35.00,-7.24,-4.98
487765,1753,28592,149,99934,35.00,-7.26,-4.96
487787,1939,28592,145,99934,35.00,-7.23,-4.96
487809,1973,28592,135,99934,35.00,-7.25,-4.98
487851,1869,28784,127,99934,35.00,-7.23,-4.96
487873,1848,28592,137,99934,35.00,-7.21,-5.01
487895,1699,28784,141,99934,35.00,-7.23,-4.95
487917,1513,28784,155,99934,35.00,-7.24,-5.00
487939,1604,28592,163,99934,35.00,-7.20,-4.98
487961,1576,28784,169,99934,35.00,-7.23,-4.96
487983,1759,28784,167,99934,35.00,-7.23,-4.98
488345,1899,28592,167,99934,35.26,-7.22,-4.96
488373,1933,28784,157,99934,35.00,-7.20,-4.97
488395,1710,28784,147,99934,35.00,-7.25,-4.95
488417,1571,28784,153,99934,35.00,-7.25,-4.99
488439,1385,28784,159,99934,35.00,-7.22,-4.99
488461,1450,28784,169,99934,35.00,-7.25,-4.96
488483,1559,28784,167,99934,35.00,-7.24,-4.99
488505,1653,28784,163,99934,35.00,-7.20,-4.97
488527,1779,28784,152,99934,35.00,-7.24,-4.94
488549,1899,29296,141,99934,35.00,-7.25,-4.98
488571,1885,28784,140,99934,35.00,-7.23,-4.95
488613,1815,29296,139,99934,35.00,-7.23,-4.96
488635,1658,28784,141,99934,35.00,-7.25,-5.00
488657,1523,29296,143,99934,35.00,-7.22,-4.97
488679,1400,29296,157,99934,35.00,-7.20,-4.97
488701,1419,28784,167,99934,35.00,-7.20,-4.97
488723,1545,29296,173,99934,35.00,-7.25,-4.96
488745,1705,29296,165,99934,35.00,-7.25,-4.98
488767,1815,29296,158,99934,35.00,-7.24,-4.96
488789,1939,29296,141,99934,35.00,-7.22,-4.99
488811,2022,29296,142,99934,35.00,-7.26,-4.97
488833,1980,29296,135,99934,35.00,-7.26,-5.01
488874,1898,29296,143,99934,35.00,-7.24,-4.97
488896,1843,29296,143,99934,35.00,-7.26,-4.97
488918,1653,29296,151,99934,35.00,-7.23,-4.99
488940,1523,29296,165,99934,35.00,-7.22,-4.96
488962,1707,29296,173,99934,35.00,-7.22,-4.96
488984,1635,29296,165,99934,35.00,-7.23,-4.97
489363,1748,29296,163,99934,35.81,-7.28,-4.96
489395,1684,29296,169,99934,35.00,-7.24,-5.00
489417,1764,29296,147,99934,35.00,-7.22,-4.96
489439,1653,30064,149,99934,35.00,-7.28,-4.97
489461,1511,29296,158,99934,35.00,-7.24,-4.96
489483,1544,30064,167,99934,35.00,-7.30,-5.00
489505,1693,30064,171,99934,35.00,-7.22,-4.96
489527,1853,30064,171,99934,35.00,-7.24,-4.96
489549,1977,30064,159,99934,35.00,-7.23,-4.98
489571,1924,30064,149,99934,35.00,-7.28,-4.95
489593,2092,29296,153,99934,35.00,-7.24,-4.97
489636,1907,30064,139,99934,35.00,-7.25,-4.98
489658,1695,30064,143,99934,35.00,-7.27,-4.97
489680,1549,30064,157,99934,35.00,-7.23,-4.94
489702,1555,30064,168,99934,35.00,-7.26,-4.99
489724,1557,30064,173,99934,35.00,-7.27,-4.97
489746,1630,30064,171,99934,35.00,-7.23,-4.99
489768,1738,30064,163,99934,35.00,-7.24,-4.96
489790,1818,30064,157,99934,35.00,-7.27,-4.97
489812,1895,30064,147,99934,35.00,-7.24,-4.96
489834,1705,30064,135,99934,35.00,-7.25,-5.01
489876,1891,30576,137,99934,35.00,-7.18,-5.02
489898,1681,30576,143,99934,35.00,-7.25,-4.94
489920,1372,30576,149,99934,35.00,-7.26,-4.93
489942,1544,30576,167,99934,35.00,-7.24,-4.97
489964,1625,30576,171,99934,35.00,-7.21,-4.99
489986,1197,30576,165,99934,35.00,-7.24,-4.97
490385,1983,30576,172,99934,36.13,-7.21,-4.97
490417,1571,30960,171,99934,35.00,-7.21,-4.94
490439,1659,30960,139,99934,35.00,-7.25,-4.96
490461,1530,30960,151,99934,35.00,-7.24,-4.96
490483,1467,30960,157,99934,35.00,-7.24,-4.97
490505,1465,30960,165,99934,35.00,-7.21,-4.96
490527,1631,30960,171,99934,35.00,-7.22,-4.99
490549,1851,30960,171,99934,35.00,-7.22,-4.95
490571,1677,30960,152,99934,35.00,-7.23,-4.98
490593,1880,30960,141,99934,35.00,-7.25,-4.97
490615,1898,30960,136,99934,35.00,-7.25,-4.97
490637,1817,31472,132,99934,35.00,-7.22,-4.93
490678,1691,30960,139,99934,35.00,-7.24,-4.95
490700,1690,30960,143,99934,35.00,-7.21,-4.97
490722,1494,30960,149,99934,35.00,-7.22,-5.00
490744,1388,30960,169,99934,35.00,-7.22,-4.97
490766,1527,30960,172,99934,35.00,-7.24,-4.97
490788,1679,30960,175,99934,35.00,-7.23,-4.96
490810,1843,30960,169,99934,35.00,-7.21,-4.96
490832,2083,30960,167,99934,35.00,-7.24,-4.96
490854,2042,30960,143,99934,35.00,-7.21,-4.94
490876,1995,30960,147,99934,35.00,-7.23,-4.99
490919,2013,30960,143,99934,35.00,-7.21,-5.00
490941,1763,30960,141,99934,35.00,-7.27,-4.98
490963,1511,30960,155,99934,35.00,-7.20,-4.95
490985,1576,30960,167,99934,35.00,-7.21,-5.02
491407,1651,30960,179,99934,35.83,-7.26,-4.92
491440,859,30960,151,99934,35.00,-7.23,-4.96
491462,1597,30960,145,99934,35.00,-7.24,-4.96
491484,1387,30960,148,99934,35.00,-7.24,-4.95
491506,1479,30960,167,99934,35.00,-7.21,-4.96
491528,1287,30960,163,99934,35.00,-7.28,-4.96
491550,1437,30960,163,99934,35.00,-7.21,-4.97
491572,1711,30960,163,99934,35.00,-7.22,-4.98
491594,1847,31472,152,99934,35.00,-7.24,-4.96
491616,1832,30960,141,99934,35.00,-7.22,-4.94
491638,1935,30960,138,99934,35.00,-7.24,-4.95
491680,1707,30960,134,99934,35.00,-7.26,-5.00
491702,1757,30960,141,99934,35.00,-7.24,-4.93
491724,1415,30960,140,99934,35.00,-7.22,-4.97
491746,1277,30960,153,99934,35.00,-7.24,-4.96
491768,1315,30960,157,99934,35.00,-7.24,-4.96
491790,1433,30960,157,99934,35.00,-7.25,-4.96
491812,1589,30960,153,99934,35.00,-7.24,-4.96
491834,1251,30960,137,99934,35.00,-7.23,-4.98
491856,2227,30576,141,99934,35.00,-7.29,-4.95
491878,1817,30576,122,99934,35.00,-7.28,-4.98
491900,1687,30576,119,99934,35.00,-7.22,-4.97
491941,1801,30576,138,99934,35.00,-7.23,-4.96
491963,1614,30576,125,99934,35.00,-7.23,-4.93
491985,1548,30576,145,99934,35.00,-7.24,-4.92
492429,1437,30576,152,99934,36.47,-7.24,-4.96
492462,1763,30576,171,99934,35.00,-7.23,-4.98
492484,1849,30576,141,99934,35.00,-7.25,-4.98
492506,1799,30576,151,99934,35.00,-7.27,-4.99
492528,1624,30576,165,99934,35.00,-7.24,-4.94
492550,1615,30576,165,99934,35.00,-7.22,-4.97
492572,1845,30576,169,99934,35.00,-7.24,-4.98
492594,2013,30576,166,99934,35.00,-7.27,-4.96
492616,1993,30576,152,99934,35.00,-7.22,-4.96
492638,2024,30576,139,99934,35.00,-7.21,-4.94
492660,2071,30576,137,99934,35.00,-7.20,-4.94
492703,2060,30576,140,99934,35.00,-7.24,-4.97
492725,1748,30064,147,99934,35.00,-7.23,-4.95
492747,1573,30064,153,99934,35.00,-7.23,-4.97
492769,1432,30064,160,99934,35.00,-7.24,-4.92
492791,1561,30064,173,99934,35.00,-7.23,-4.94
492813,1854,30064,167,99934,35.00,-7.27,-4.96
492835,1948,30064,163,99934,35.00,-7.25,-4.97
492857,1940,30064,153,99934,35.00,-7.23,-4.94
492879,1961,30064,141,99934,35.00,-7.24,-4.96
492901,1869,30064,133,99934,35.00,-7.24,-4.97
492943,1720,30064,136,99934,35.00,-7.25,-5.01
492965,1623,30064,139,99934,35.00,-7.25,-4.94
492987,1499,30064,143,99934,35.00,-7.25,-4.99
493708,1435,30064,159,99934,36.85,-7.25,-4.96
493745,1253,30960,159,99934,35.00,-7.27,-4.95
493767,1643,30960,142,99934,35.00,-7.23,-4.94
493789,1467,30960,148,99934,35.00,-7.24,-4.95
493811,1333,30960,159,99934,35.00,-7.24,-4.95
493833,1439,30960,159,99934,35.00,-7.22,-4.99
493855,1644,30960,170,99934,35.00,-7.23,-4.98
493877,1742,30960,155,99934,35.00,-7.27,-4.95
493899,1800,31472,152,99934,35.00,-7.22,-4.96
493921,1894,30960,139,99934,35.00,-7.22,-4.97
493943,1935,30960,139,99934,35.00,-7.26,-4.98
493965,1917,31472,135,99934,35.00,-7.24,-4.95
494730,1771,30960,147,99934,35.33,-7.21,-4.96
494768,1619,30960,181,99934,35.00,-7.25,-4.97
494790,1679,30576,167,99934,35.00,-7.23,-4.94
494812,1775,30960,187,99934,35.00,-7.23,-4.98
494834,1972,30960,207,99934,35.00,-7.24,-4.98
494856,2215,30960,214,99934,35.00,-7.22,-4.96
494878,2101,30960,211,99934,35.00,-7.26,-5.00
494900,2323,30576,204,99934,35.00,-7.23,-4.97
494922,2173,30960,183,99934,35.00,-7.23,-4.94
494944,2341,30960,183,99934,35.00,-7.26,-4.93
494966,2153,30576,173,99934,35.00,-7.23,-4.95
495754,2159,30576,180,99934,35.92,-7.23,-4.97
495790,359,28784,185,99934,35.00,-7.24,-5.02
495812,543,28784,153,99934,35.00,-7.22,-4.98
495834,328,28784,166,99934,35.00,-7.25,-5.00
495856,327,28784,168,99934,35.00,-7.22,-4.92
495878,354,28784,169,99934,35.00,-7.21,-4.96
495900,390,28784,163,99934,35.00,-7.26,-4.96
495922,555,28784,151,99934,35.00,-7.21,-4.95
495944,619,28784,140,99934,35.00,-7.24,-4.94
495966,683,29296,132,99934,35.00,-7.26,-5.00
495988,669,29296,122,99934,35.00,-7.26,-4.99
496031,633,29296,122,99934,35.00,-7.24,-4.95
496053,598,28784,141,99934,35.00,-7.24,-4.91
496075,627,29296,151,99934,35.00,-7.23,-4.95
496097,655,29296,163,99934,35.00,-7.26,-4.97
496119,749,29296,156,99934,35.00,-7.24,-4.96
496141,1213,29296,163,99934,35.00,-7.23,-4.93
496163,677,29296,139,99934,35.00,-7.26,-4.98
496185,1311,29296,136,99934,35.00,-7.24,-4.96
496207,1241,29296,133,99934,35.00,-7.25,-4.96
496229,1327,29296,135,99934,35.00,-7.25,-4.94
496271,1339,29296,135,99934,35.00,-7.23,-5.01
496293,1187,29296,133,99934,35.00,-7.25,-4.92
496315,1269,29296,157,99934,35.00,-7.21,-4.95
496337,1241,29296,163,99934,35.00,-7.28,-4.93
496359,1364,28784,175,99934,35.00,-7.24,-4.96
496381,1651,29296,170,99934,35.00,-7.24,-5.00
496403,1765,29296,165,99934,35.00,-7.24,-4.97
496425,1991,29296,152,99934,35.00,-7.19,-4.97
496447,1979,29296,141,99934,35.00,-7.24,-4.98
496469,1767,29296,127,99934,35.00,-7.19,-4.97
496491,1639,29296,135,99934,35.00,-7.25,-4.95
496532,1634,29296,147,99934,35.00,-7.21,-4.95
496554,1547,29296,146,99934,35.00,-7.25,-4.97
496576,1464,29296,155,99934,35.00,-7.26,-4.96
496598,1605,29296,167,99934,35.00,-7.25,-4.96
496620,1547,29296,165,99981,35.00,-7.25,-4.96
496642,1799,29296,163,99945,35.00,-7.23,-4.96
496664,1875,29296,159,99977,35.00,-7.24,-4.95
496686,1684,29296,139,99977,35.00,-7.24,-4.98
496708,1960,29296,139,99977,35.00,-7.23,-5.01
496730,1817,29296,123,99977,35.00,-7.25,-4.96
496772,1765,29296,134,99977,35.00,-7.24,-4.95
496794,1651,29296,141,99977,35.00,-7.25,-4.95
496816,1573,30064,151,99977,35.00,-7.24,-4.95
496838,1564,30064,167,99977,35.00,-7.24,-4.98
496860,1542,29296,165,99977,35.00,-7.24,-5.00
496882,1843,30064,169,99977,35.00,-7.23,-4.97
496904,2053,30064,157,99977,35.00,-7.22,-4.96
496926,2166,30064,152,99977,35.00,-7.23,-4.93
496948,2138,30064,139,99977,35.00,-7.22,-4.93
496970,2057,30064,131,99977,35.00,-7.25,-5.01
496992,1915,30064,138,99977,35.00,-7.24,-4.94
497033,1771,30064,143,99977,35.00,-7.25,-4.94
497055,1753,30064,147,99977,35.00,-7.26,-4.95
497077,1835,30064,165,99977,35.00,-7.25,-4.99
497099,1835,30064,168,99977,35.00,-7.22,-4.95
497121,1353,30064,163,99977,35.00,-7.23,-5.02
497143,1779,30064,165,99977,35.00,-7.25,-4.95
497165,2168,30064,159,99977,35.00,-7.23,-4.98
497187,1962,30064,141,99977,35.00,-7.22,-4.96
497209,2043,30064,141,99977,35.00,-7.24,-4.94
497231,2038,30576,136,99977,35.00,-7.22,-4.99
497274,1948,30576,143,99977,35.00,-7.26,-4.94
497296,1643,30576,149,99977,35.00,-7.27,-4.99
497318,1530,30576,163,99977,35.00,-7.24,-4.97
497340,1576,30576,167,99977,35.00,-7.22,-4.95
497362,1653,30576,171,99977,35.00,-7.24,-4.99
497384,1755,30576,159,99977,35.00,-7.22,-4.98
497406,1952,30576,153,99977,35.00,-7.23,-4.96
497428,1971,30576,136,99977,35.00,-7.22,-4.97
497450,1925,30576,133,99977,35.00,-7.23,-4.99
497472,1811,30576,133,99977,35.00,-7.25,-4.97
497514,1691,30576,135,99977,35.00,-7.21,-4.99
497536,1511,30576,141,99977,35.00,-7.24,-4.96
497558,1443,30576,155,99977,35.00,-7.23,-4.96
497580,1500,30576,163,99977,35.00,-7.26,-5.01
497602,1553,30576,165,99977,35.00,-7.24,-4.98
497624,1641,30576,151,99977,35.00,-7.24,-4.97
497646,1821,30576,152,99977,35.00,-7.21,-4.96
497668,1946,30576,134,99977,35.00,-7.25,-4.98
497690,2009,30960,133,99977,35.00,-7.20,-4.97
497712,1899,30576,118,99977,35.00,-7.27,-4.93
497755,1797,30960,125,99977,35.00,-7.25,-4.99
497777,1530,30576,135,99977,35.00,-7.22,-4.99
497799,1529,30576,153,99977,35.00,-7.24,-5.00
497821,1607,30576,164,99977,35.00,-7.22,-4.93
497843,1689,30576,163,99977,35.00,-7.26,-4.96
497865,1775,30576,164,99977,35.00,-7.22,-4.97
497887,1897,30576,143,99977,35.00,-7.29,-4.96
497909,1994,30576,135,99977,35.00,-7.24,-4.99
497931,1964,30576,125,99977,35.00,-7.22,-4.96
497953,1885,30576,121,99977,35.00,-7.24,-4.99
497995,1810,30960,137,99977,35.00,-7.19,-4.98
498565,1612,30960,140,99977,35.82,-7.27,-4.98
498597,1711,30960,152,99977,35.00,-7.25,-4.96
498619,1385,30960,136,99977,35.00,-7.24,-4.95
498641,1301,30576,149,99977,35.00,-7.23,-4.97
498663,1483,30576,152,99977,35.00,-7.23,-4.95
498685,1559,30576,157,99977,35.00,-7.24,-4.97
498707,1720,30064,147,99977,35.00,-7.23,-4.95
498729,1909,30064,149,99977,35.00,-7.24,-5.00
498751,1955,30064,133,99977,35.00,-7.24,-4.98
498773,1877,30064,121,99977,35.00,-7.26,-4.98
498795,1779,30064,121,99977,35.00,-7.22,-4.96
498837,1657,30064,135,99977,35.00,-7.27,-4.93
498859,1639,30064,143,99977,35.00,-7.20,-4.95
498881,1557,30064,153,99977,35.00,-7.26,-4.97
498903,1639,30064,165,99977,35.00,-7.25,-4.96
498925,1815,30064,159,99977,35.00,-7.23,-4.97
498947,1977,30064,157,99977,35.00,-7.24,-4.95
498969,2039,30064,150,99977,35.00,-7.24,-4.93
498991,2057,30064,135,99977,35.00,-7.23,-4.95
499587,2035,30064,134,99977,35.82,-7.24,-4.97
499619,1799,30064,155,99977,35.00,-7.23,-4.99
499641,1442,30576,141,99977,35.00,-7.23,-4.99
499663,1405,30576,149,99977,35.00,-7.25,-4.99
499685,1465,30576,163,99977,35.00,-7.24,-4.99
499707,1676,30576,156,99977,35.00,-7.23,-4.96
499729,1679,30576,149,99977,35.00,-7.24,-4.97
499751,1874,30576,139,99977,35.00,-7.22,-4.95
499773,1917,30576,137,99977,35.00,-7.24,-4.98
499795,1907,30576,132,99977,35.00,-7.25,-4.94
499817,1774,30576,123,99977,35.00,-7.24,-4.95
499860,1609,30576,135,99977,35.00,-7.19,-4.95
499882,1451,30576,147,99977,35.00,-7.23,-4.94
499904,1400,30576,155,99977,35.00,-7.28,-5.01
499926,1502,30960,167,99977,35.00,-7.23,-4.99
499948,1629,30576,157,99977,35.00,-7.23,-4.95
499970,1862,30576,159,99977,35.00,-7.25,-4.96
499992,1962,30960,147,99977,35.00,-7.24,-4.98
500354,1975,30960,133,99977,36.75,-7.23,-4.99
500382,1973,30576,125,99977,35.00,-7.22,-4.97
500404,1399,30576,155,99977,35.00,-7.25,-4.98
500426,1553,30960,164,99977,35.00,-7.23,-4.98
500448,1653,30960,165,99977,35.00,-7.24,-4.93
500470,1802,30960,159,99977,35.00,-7.24,-4.92
500492,1831,30960,153,99977,35.00,-7.25,-4.95
500514,1862,30576,135,99977,35.00,-7.21,-4.98
500536,1890,30576,133,99977,35.00,-7.19,-4.92
500558,1796,30576,121,99977,35.00,-7.23,-4.95
500580,1631,30960,125,99977,35.00,-7.23,-4.97
500621,1545,30960,135,99977,35.00,-7.22,-4.97
500643,1397,30960,141,99977,35.00,-7.26,-4.96
500665,1451,30960,155,99977,35.00,-7.24,-4.98
500687,1463,30960,159,99977,35.00,-7.24,-4.95
500709,1555,30960,154,99977,35.00,-7.22,-4.93
500731,1707,30960,152,99977,35.00,-7.23,-5.01
500753,1879,30960,143,99977,35.00,-7.23,-4.98
500775,1903,30960,133,99977,35.00,-7.25,-4.97
500797,1881,30960,126,99977,35.00,-7.23,-4.96
500819,1771,30960,121,99977,35.00,-7.28,-4.96
500841,1704,30960,135,99977,35.00,-7.23,-4.93
500882,1605,30960,137,99977,35.00,-7.25,-4.94
500904,1461,30960,151,99977,35.00,-7.25,-4.97
500926,1439,30960,153,99977,35.00,-7.23,-5.00
500948,1547,30960,166,99977,35.00,-7.24,-4.93
500970,1689,30960,159,99977,35.00,-7.23,-4.94
500992,1847,30960,158,99977,35.00,-7.25,-4.95
501376,1973,30960,149,99977,35.44,-7.21,-4.96
501404,1939,31472,127,99977,35.00,-7.23,-4.96
501426,1495,31472,168,99977,35.00,-7.25,-4.99
501448,1553,31472,167,99977,35.00,-7.26,-4.99
501470,1609,31472,168,99977,35.00,-7.24,-4.95
501492,1847,31472,167,99977,35.00,-7.23,-4.97
501514,1909,31472,154,99977,35.00,-7.23,-4.97
501536,1959,31472,139,99977,35.00,-7.23,-4.98
501558,1899,32240,135,99977,35.00,-7.24,-4.97
501580,1865,32240,125,99977,35.00,-7.20,-4.98
501602,1719,32240,127,99977,35.00,-7.24,-4.99
501644,1567,32240,141,99977,35.00,-7.24,-4.95
501666,1483,31472,153,99977,35.00,-7.27,-4.99
501688,1492,31472,165,99977,35.00,-7.24,-4.95
501710,1553,31472,167,99977,35.00,-7.24,-4.97
501732,1579,31472,155,99977,35.00,-7.22,-4.98
501754,1754,31472,157,99977,35.00,-7.22,-4.99
501776,1839,31472,138,99977,35.00,-7.23,-4.96
501798,1805,31472,127,99977,35.00,-7.19,-4.94
501820,1752,32240,120,99977,35.00,-7.22,-4.94
501842,1677,32240,127,99977,35.00,-7.25,-5.01
501884,1523,32240,125,99977,35.00,-7.27,-5.01
501906,1466,32240,149,99977,35.00,-7.23,-4.96
501928,1431,31472,158,99977,35.00,-7.24,-4.98
501950,1512,32240,163,99977,35.00,-7.23,-4.96
501972,1655,31472,165,99977,35.00,-7.24,-5.00
501994,1811,32240,153,99977,35.00,-7.19,-4.95
502398,2022,32240,151,99977,36.25,-7.22,-4.97
502426,1917,32240,134,99977,35.00,-7.22,-4.99
502448,1485,32240,160,99977,35.00,-7.23,-4.96
502470,1525,32240,163,99977,35.00,-7.24,-4.92
502492,1553,32240,165,99977,35.00,-7.23,-4.97
502514,1773,32240,167,99977,35.00,-7.25,-4.96
502536,1837,32240,153,99977,35.00,-7.21,-4.92
502558,1943,32752,135,99977,35.00,-7.24,-4.98
502580,1890,32752,131,99977,35.00,-7.25,-4.94
502602,1811,32752,121,99977,35.00,-7.22,-4.97
502624,1699,32752,123,99977,35.00,-7.23,-4.97
502666,1543,32752,140,99977,35.00,-7.26,-4.95
502688,1494,32240,150,99977,35.00,-7.27,-5.00
502710,1507,32240,155,99977,35.00,-7.27,-4.98
502732,1640,32240,163,99977,35.00,-7.23,-4.95
502754,1669,32240,157,99977,35.00,-7.25,-4.97
502776,1797,32240,153,99977,35.00,-7.21,-4.96
502798,1895,32752,137,99977,35.00,-7.24,-4.96
502820,1891,32752,133,99977,35.00,-7.22,-4.99
502842,1801,32752,120,99977,35.00,-7.23,-4.94
502864,1688,32752,125,99977,35.00,-7.19,-4.97
502907,1548,32752,131,99977,35.00,-7.23,-5.00
502929,1447,32240,151,99977,35.00,-7.22,-4.95
502951,1451,32752,155,99977,35.00,-7.21,-4.98
502973,1518,32752,158,99977,35.00,-7.25,-4.95
502995,1651,32752,154,99977,35.00,-7.21,-4.99
503421,1831,32752,149,99977,36.35,-7.26,-4.95
503450,2022,32752,126,99977,35.00,-7.24,-4.98
503472,1575,32752,169,99977,35.00,-7.23,-4.96
503494,1693,32752,172,99977,35.00,-7.19,-4.98
503516,1845,32752,167,99977,35.00,-7.28,-5.00
503538,1951,32752,163,99977,35.00,-7.23,-4.98
503560,2015,32776,146,99977,35.00,-7.21,-4.99
503582,2010,32776,139,99977,35.00,-7.24,-4.95
503604,1927,32776,131,99977,35.00,-7.23,-4.94
503626,1695,32776,135,99977,35.00,-7.28,-4.97
503668,1559,32776,139,99977,35.00,-7.22,-4.99
503690,1542,32752,149,99977,35.00,-7.27,-4.95
503712,1470,32752,159,99977,35.00,-7.23,-4.95
503734,1546,32776,167,99977,35.00,-7.26,-4.96
503756,1715,32752,167,99977,35.00,-7.26,-4.98
503778,1695,32752,149,99977,35.00,-7.25,-4.97
503800,1787,32776,141,99977,35.00,-7.24,-4.93
503822,1877,32776,127,99977,35.00,-7.24,-4.97
503844,1799,32776,124,99977,35.00,-7.24,-4.98
503866,1651,32776,121,99977,35.00,-7.21,-4.96
503888,1559,32776,135,99977,35.00,-7.22,-5.02
503929,1465,32776,146,99977,35.00,-7.22,-4.96
503951,1501,32776,155,99977,35.00,-7.25,-4.94
503973,1532,32776,163,99977,35.00,-7.22,-4.93
503995,1655,32776,168,99977,35.00,-7.22,-5.00
504443,1852,32776,164,99977,37.43,-7.24,-4.97
504472,1802,32776,119,99977,35.00,-7.23,-4.97
504494,1482,32776,157,99977,35.00,-7.25,-4.93
504516,1628,32776,165,99977,35.00,-7.22,-4.99
504538,1755,32776,157,99977,35.00,-7.21,-4.96
504560,1983,32776,156,99977,35.00,-7.20,-5.00
504582,2059,32776,141,99977,35.00,-7.22,-4.97
504604,2040,32776,138,99977,35.00,-7.24,-4.96
504626,2006,32776,124,99977,35.00,-7.24,-5.00
504648,1899,32776,138,99977,35.00,-7.26,-4.98
504670,1770,32776,147,99977,35.00,-7.26,-4.97
504711,1752,32776,159,99977,35.00,-7.25,-5.01
504733,1703,32776,168,99977,35.00,-7.23,-4.93
504755,1750,32776,174,99977,35.00,-7.26,-4.99
504777,1798,32776,178,99977,35.00,-7.25,-4.91
504799,1699,32776,158,99977,35.00,-7.24,-4.98
504821,2313,32776,157,99977,35.00,-7.24,-4.97
504843,1904,32776,141,99977,35.00,-7.23,-4.96
504865,1893,32776,141,99977,35.00,-7.26,-4.96
504887,1867,32776,137,99977,35.00,-7.22,-4.91
504909,1625,32776,141,99977,35.00,-7.23,-4.96
504951,1495,32776,141,99977,35.00,-7.21,-4.95
504973,1488,32776,155,99977,35.00,-7.22,-4.97
504995,1434,32776,169,99977,35.00,-7.28,-4.99
505722,1575,32776,168,99977,36.12,-7.22,-4.99
505753,1868,32776,149,99977,35.00,-7.21,-4.97
505775,1363,33288,151,99977,35.00,-7.25,-4.99
505797,1338,33288,160,99977,35.00,-7.24,-4.93
505819,1417,33288,168,99977,35.00,-7.25,-4.97
505841,1595,32776,159,99977,35.00,-7.27,-4.98
505863,1711,33288,151,99977,35.00,-7.27,-4.96
505885,1827,33288,139,99977,35.00,-7.25,-4.96
505907,1863,33288,133,99977,35.00,-7.27,-4.98
505929,1709,33288,121,99977,35.00,-7.24,-4.98
505951,1519,33288,121,99977,35.00,-7.22,-4.97
505973,1397,33288,137,99977,35.00,-7.22,-4.94
506745,1459,33288,149,99977,36.06,-7.20,-5.01
506775,1849,33288,140,99977,35.00,-7.23,-4.99
506797,1375,33288,151,99977,35.00,-7.21,-4.95
506819,1383,33288,157,99977,35.00,-7.27,-4.95
506841,1447,33288,165,99977,35.00,-7.22,-4.97
506863,1653,33288,163,99977,35.00,-7.23,-4.98
506885,1797,34056,152,99977,35.00,-7.26,-5.01
506907,1919,34056,139,99977,35.00,-7.22,-4.94
506929,1900,33288,133,99977,35.00,-7.22,-4.99
506951,1828,34056,125,99977,35.00,-7.23,-4.99
506973,1737,34056,125,99977,35.00,-7.27,-4.96
506995,1647,34056,141,99977,35.00,-7.24,-4.98
507036,1572,34056,153,99977,35.00,-7.24,-4.97
507058,1613,34056,159,99977,35.00,-7.22,-4.97
507080,1626,34056,165,99977,35.00,-7.26,-4.99
507102,1764,34056,174,99977,35.00,-7.29,-4.97
507124,1977,34056,165,99977,35.00,-7.25,-4.95
507146,2085,34056,165,99977,35.00,-7.25,-4.94
507168,2134,34056,149,99977,35.00,-7.25,-4.95
507190,2117,34056,145,99977,35.00,-7.21,-4.95
507212,2019,34056,135,99977,35.00,-7.24,-4.95
507234,1885,34056,138,99977,35.00,-7.20,-4.96
507277,1736,34056,149,99977,35.00,-7.21,-4.99
507299,1605,34056,166,99977,35.00,-7.22,-4.96
507321,1686,34056,172,99977,35.00,-7.22,-4.99
507343,1791,34056,171,99977,35.00,-7.28,-5.00
507365,1939,34056,165,99977,35.00,-7.21,-4.99
507387,2001,34056,155,99977,35.00,-7.27,-4.96
507409,2039,34056,143,99977,35.00,-7.21,-4.98
507431,1939,34056,137,99977,35.00,-7.25,-4.96
507453,1823,34056,135,99977,35.00,-7.27,-4.94
507475,1677,34056,137,99977,35.00,-7.25,-4.96
507517,1515,34056,149,99977,35.00,-7.19,-4.99
507539,1476,34056,158,99977,35.00,-7.23,-4.98
507561,1485,34056,165,99977,35.00,-7.23,-5.00
507583,1595,34056,171,99977,35.00,-7.20,-4.97
507605,1659,34056,159,99977,35.00,-7.27,-4.97
507627,1835,34056,157,99977,35.00,-7.24,-4.97
507649,1866,34056,135,99977,35.00,-7.22,-4.96
507671,1829,34056,133,99977,35.00,-7.21,-5.00
507693,1764,34056,125,99977,35.00,-7.23,-4.96
507715,1629,34056,135,99977,35.00,-7.25,-4.97
507758,1467,34056,135,99977,35.00,-7.23,-4.97
507780,1431,34056,160,99977,35.00,-7.23,-4.97
507802,1525,34056,164,99977,35.00,-7.23,-4.98
507824,1637,34056,172,99977,35.00,-7.23,-4.97
507846,1780,34056,157,99977,35.00,-7.24,-4.96
507868,1854,34056,151,99977,35.00,-7.24,-4.93
507890,1917,34056,139,99977,35.00,-7.23,-4.96
507912,1897,34056,135,99977,35.00,-7.23,-4.97
507934,1815,34568,127,99977,35.00,-7.25,-4.95
507956,1670,34568,139,99977,35.00,-7.21,-4.96
507998,1578,34056,147,99977,35.00,-7.25,-4.96
508020,1558,34568,159,99977,35.00,-7.23,-4.95
508042,1593,34056,169,99977,35.00,-7.22,-4.98
508064,1707,34056,173,99977,35.00,-7.24,-4.94
508086,1831,34056,168,99977,35.00,-7.23,-4.99
508108,1948,34056,157,99977,35.00,-7.20,-4.96
508130,2001,34568,149,99977,35.00,-7.24,-4.98
508152,1927,34568,135,99977,35.00,-7.25,-4.94
508174,1823,34568,136,99977,35.00,-7.24,-4.96
508196,1676,34056,137,99977,35.00,-7.23,-4.97
508218,1509,34568,140,99977,35.00,-7.23,-4.96
508259,1475,34568,164,99977,35.00,-7.25,-5.00
508281,1469,34568,163,99977,35.00,-7.24,-4.94
508303,1493,34568,170,99977,35.00,-7.21,-4.96
508325,1671,34568,169,99977,35.00,-7.27,-4.95
508347,1771,34568,166,99977,35.00,-7.23,-4.95
508369,1863,34568,155,99977,35.00,-7.25,-4.96
508391,2148,34568,147,99977,35.00,-7.20,-4.93
508413,2024,34568,133,99977,35.00,-7.24,-4.97
508435,1033,34568,131,99977,35.00,-7.26,-4.97
508457,1756,34568,137,99977,35.00,-7.20,-4.94
508499,1510,34568,147,99977,35.00,-7.25,-4.96
508521,1388,34568,155,99977,35.00,-7.23,-5.02
508543,1449,34568,160,99977,35.00,-7.21,-5.02
508565,1611,34568,170,99977,35.00,-7.20,-4.96
508587,1741,34568,159,99977,35.00,-7.26,-4.97
508609,1875,34568,157,99977,35.00,-7.21,-4.96
508631,1861,34568,139,99977,35.00,-7.25,-4.96
508653,1883,34568,132,99977,35.00,-7.30,-4.96
508675,1751,34568,121,99977,35.00,-7.22,-4.97
508697,1613,34568,124,99977,35.00,-7.20,-4.95
508719,1491,34568,135,99977,35.00,-7.20,-4.96
508760,1403,34568,151,99977,35.00,-7.26,-4.95
508782,1340,34568,152,99977,35.00,-7.25,-4.98
508804,1275,34568,159,99977,35.00,-7.26,-4.95
508826,1517,34568,164,99977,35.00,-7.26,-4.98
508848,1655,34568,153,99977,35.00,-7.25,-4.93
508870,1787,34568,143,99977,35.00,-7.27,-4.93
508892,1799,34568,125,99977,35.00,-7.22,-4.93
508914,1769,34952,121,99977,35.00,-7.24,-4.96
508936,1678,34952,120,99977,35.00,-7.22,-4.97
508958,1591,34568,125,99977,35.00,-7.23,-4.99
509555,1461,34568,133,99977,35.90,-7.24,-4.96
509585,1966,34952,136,99060,35.00,-7.23,-4.95
509607,1676,34952,171,98978,35.00,-7.25,-4.97
509629,1816,34952,170,98976,35.00,-7.24,-4.96
509651,1868,34952,163,99057,35.00,-7.25,-4.97
509673,1948,34952,141,99176,35.00,-7.21,-4.97
509695,1836,34952,136,99266,35.00,-7.22,-4.95
509717,1708,34952,124,99295,35.00,-7.22,-4.96
509739,1617,34952,133,99287,35.00,-7.22,-4.95
509761,1437,34952,139,99248,35.00,-7.24,-4.96
509802,1401,34952,152,99311,35.00,-7.23,-4.96
509824,1387,34952,158,99343,35.00,-7.22,-4.93
509846,1423,34952,165,99425,35.00,-7.27,-4.96
509868,1562,34952,164,99485,35.00,-7.22,-4.99
509890,1765,34952,156,99549,35.00,-7.23,-4.97
509912,1720,34952,140,99590,35.00,-7.24,-4.95
509934,1783,34952,125,99624,35.00,-7.24,-4.97
509956,1769,34952,117,99668,35.00,-7.24,-4.97
509978,1745,35464,116,99715,35.00,-7.20,-4.95
510578,1675,34952,119,99769,36.23,-7.24,-4.95
510609,1821,35464,126,98743,35.00,-7.22,-4.95
510631,1813,35464,168,98797,35.00,-7.25,-4.97
510653,1919,35464,159,98857,35.00,-7.25,-5.01
510675,1965,35464,149,98966,35.00,-7.22,-4.96
510697,1964,35464,139,99045,35.00,-7.24,-4.96
510719,1885,35464,127,99116,35.00,-7.23,-4.95
510741,1717,35464,125,99182,35.00,-7.25,-4.96
510763,1565,35464,143,99227,35.00,-7.27,-4.96
510805,1465,35464,148,99411,35.00,-7.26,-4.96
510827,1464,35464,157,99458,35.00,-7.25,-4.95
510849,1514,35464,170,99490,35.00,-7.22,-4.97
510871,1647,35464,167,99503,35.00,-7.24,-4.92
510893,1723,35464,156,99547,35.00,-7.27,-5.00
510915,1818,35464,143,99595,35.00,-7.23,-4.95
510937,1779,35464,135,99655,35.00,-7.24,-4.99
510959,1687,35464,121,99684,35.00,-7.24,-4.96
510981,1587,35464,122,99716,35.00,-7.23,-4.97
511345,1481,35464,133,99718,36.21,-7.23,-4.97
511386,1557,35464,156,98651,35.00,-7.24,-4.93
511408,1677,35464,163,98665,35.00,-7.24,-4.95
511430,1687,35464,171,98685,35.00,-7.24,-4.94
511452,1853,35464,171,98711,35.00,-7.27,-4.93
511474,1977,35464,163,98767,35.00,-7.23,-4.98
511496,2137,36232,155,98844,35.00,-7.27,-4.97
511518,2184,36232,147,98921,35.00,-7.23,-4.96
511540,2107,35464,141,98992,35.00,-7.24,-4.96
511562,2053,36232,137,99037,35.00,-7.28,-4.98
511584,1903,35464,141,99101,35.00,-7.25,-4.95
511627,1739,35464,153,99275,35.00,-7.23,-4.96
511649,1701,35464,167,99355,35.00,-7.25,-4.96
511671,1693,36232,174,99448,35.00,-7.23,-4.97
511693,1875,35464,173,99493,35.00,-7.25,-4.96
511715,1961,36232,169,99542,35.00,-7.22,-4.97
511737,2038,36232,157,99606,35.00,-7.23,-4.95
511759,2083,36232,141,99655,35.00,-7.24,-4.96
511781,1896,36232,137,99685,35.00,-7.24,-4.95
511803,1765,36232,135,99582,35.00,-7.23,-4.96
511825,1595,36232,151,99279,35.00,-7.25,-4.98
511867,1494,36232,151,98302,35.00,-7.21,-4.96
511889,1501,36232,165,98166,35.00,-7.26,-4.97
511911,1555,36232,170,98015,35.00,-7.25,-5.03
511933,1669,36232,169,97886,35.00,-7.26,-4.97
511955,1827,35464,165,97785,35.00,-7.24,-4.98
511977,1849,36232,150,97761,35.00,-7.21,-4.97
511999,1909,36232,140,97833,35.00,-7.23,-5.02
512021,1767,35464,127,97968,35.00,-7.24,-4.97
512043,1641,35464,134,98102,35.00,-7.23,-4.98
512065,1541,35464,139,98203,35.00,-7.24,-4.99
512087,1405,36232,141,98256,35.00,-7.22,-4.96
512128,1331,36232,157,98416,35.00,-7.25,-5.01
512150,1324,35464,160,98502,35.00,-7.19,-5.00
512172,1369,35464,163,98575,35.00,-7.23,-5.00
512194,1500,35464,163,98626,35.00,-7.25,-4.97
512216,1637,35464,152,98691,35.00,-7.24,-4.99
512238,1754,35464,141,98749,35.00,-7.22,-4.97
512260,1704,35464,124,98831,35.00,-7.24,-4.97
512282,1717,35464,121,98887,35.00,-7.25,-4.98
512304,1515,35464,120,98930,35.00,-7.21,-4.97
512326,1364,35464,121,98963,35.00,-7.22,-4.97
512368,1260,36232,136,99037,35.00,-7.24,-4.98
512390,1149,35464,145,99030,35.00,-7.21,-4.99
512412,1286,36232,153,99029,35.00,-7.25,-4.97
512434,1421,36232,155,99042,35.00,-7.26,-4.98
512456,1609,35464,139,99073,35.00,-7.20,-4.99
512478,1789,36232,143,99128,35.00,-7.23,-4.97
512500,1902,36232,123,99180,35.00,-7.24,-4.96
512522,1892,36232,121,99219,35.00,-7.22,-4.95
512544,1817,36232,119,99243,35.00,-7.22,-5.00
512566,1653,36232,137,99214,35.00,-7.23,-4.98
512588,1620,36232,135,99037,35.00,-7.28,-4.97
512629,1647,36232,157,98039,35.00,-7.23,-4.97
512651,1647,36232,157,97855,35.00,-7.24,-4.97
512673,1719,36232,169,97710,35.00,-7.22,-4.98
512695,1891,36232,165,97628,35.00,-7.22,-4.92
512717,2059,35464,165,97580,35.00,-7.22,-4.97
512739,2146,35464,149,97564,35.00,-7.27,-4.95
512761,2168,36232,147,97602,35.00,-7.24,-4.94
512783,2119,36232,134,97681,35.00,-7.23,-4.96
512805,2093,36232,139,97830,35.00,-7.25,-4.97
512827,1927,36232,141,97937,35.00,-7.23,-4.97
512870,1774,36232,158,98099,35.00,-7.22,-4.95
512892,1863,36232,173,98167,35.00,-7.25,-4.97
512914,1929,36232,180,98239,35.00,-7.23,-4.93
512936,2008,36232,175,98303,35.00,-7.22,-4.97
512958,2103,36232,169,98367,35.00,-7.27,-4.93
512980,2152,36232,157,98449,35.00,-7.22,-4.97
513389,2129,36232,146,98519,36.45,-7.24,-4.98
513431,1462,36232,151,97679,35.00,-7.21,-5.01
513453,1582,36232,159,97565,35.00,-7.24,-4.91
513475,1544,36232,171,97475,35.00,-7.25,-4.95
513497,1757,36232,165,97446,35.00,-7.24,-5.00
513519,1849,36232,163,97451,35.00,-7.26,-4.98
513541,1939,36232,145,97478,35.00,-7.22,-4.96
513563,1919,36232,139,97594,35.00,-7.22,-4.97
513585,1849,36232,125,97737,35.00,-7.25,-4.96
513607,1719,36232,135,97865,35.00,-7.27,-4.97
513629,1559,36232,139,97951,35.00,-7.27,-4.95
513672,1449,36232,153,98087,35.00,-7.24,-4.95
513694,1498,36232,163,98165,35.00,-7.24,-4.99
513716,1567,36232,169,98237,35.00,-7.22,-4.97
513738,1707,36232,163,98285,35.00,-7.22,-4.98
513760,1895,36232,165,98328,35.00,-7.19,-5.01
513782,1931,36232,137,98381,35.00,-7.23,-4.96
513804,1927,36232,135,98462,35.00,-7.28,-4.98
513826,1813,36232,125,98564,35.00,-7.22,-5.00
513848,1723,36232,133,98639,35.00,-7.21,-4.96
513870,1577,36232,141,98698,35.00,-7.22,-4.94
513912,1477,36232,152,98884,35.00,-7.25,-4.95
513934,1452,36232,159,98924,35.00,-7.23,-4.98
513956,1542,36232,165,98953,35.00,-7.24,-4.93
513978,1695,36232,167,98987,35.00,-7.22,-4.94
514411,1806,36232,157,98999,36.40,-7.27,-4.97
514453,1511,36232,149,98297,35.00,-7.23,-4.97
514475,1553,36232,157,98382,35.00,-7.25,-4.92
514497,1640,36232,167,98465,35.00,-7.25,-5.00
514519,1828,36744,163,98546,35.00,-7.22,-4.97
514541,1898,36232,155,98611,35.00,-7.21,-4.95
514563,1959,36744,141,98652,35.00,-7.21,-4.98
514585,2004,36744,135,98679,35.00,-7.25,-4.99
514607,1909,36744,123,98717,35.00,-7.22,-4.94
514629,1759,36744,127,98748,35.00,-7.25,-4.98
514651,1640,36744,135,98806,35.00,-7.23,-4.97
514673,1486,36744,149,98863,35.00,-7.22,-4.98
514714,1451,36744,155,98945,35.00,-7.24,-4.97
514736,1498,36744,155,98992,35.00,-7.26,-4.97
514758,1575,36744,165,99061,35.00,-7.26,-4.98
514780,1754,36744,163,99100,35.00,-7.27,-4.98
514802,1865,36744,153,99144,35.00,-7.25,-4.94
514824,1933,36744,137,99169,35.00,-7.25,-4.93
514846,1995,36744,135,99202,35.00,-7.25,-4.97
514868,1881,36744,125,99185,35.00,-7.26,-5.00
514890,1772,36744,127,98972,35.00,-7.24,-5.00
514912,1704,36232,141,98615,35.00,-7.23,-4.98
514955,1625,36744,153,97808,35.00,-7.24,-4.97
514977,1673,36232,166,97699,35.00,-7.23,-4.96
514999,1767,36744,175,97629,35.00,-7.28,-4.92
515021,1853,36744,159,97575,35.00,-7.24,-4.99
515043,2007,36744,158,97599,35.00,-7.24,-4.98
515065,2087,36744,139,97681,35.00,-7.28,-4.93
515087,1982,36744,137,97830,35.00,-7.27,-4.97
515109,1876,36232,125,97993,35.00,-7.24,-4.93
515131,1759,36744,139,98126,35.00,-7.23,-4.94
515153,1598,36744,141,98208,35.00,-7.25,-4.98
515195,1555,36744,159,98373,35.00,-7.23,-4.98
515217,1563,36744,163,98435,35.00,-7.23,-4.97
515239,1562,36744,165,98517,35.00,-7.26,-4.95
515261,1749,36744,168,98584,35.00,-7.21,-5.00
515283,1830,36744,151,98637,35.00,-7.24,-4.97
515305,1943,36744,151,98705,35.00,-7.29,-4.97
515327,1908,36744,134,98797,35.00,-7.27,-4.94
515349,1874,36744,126,98872,35.00,-7.25,-4.96
515371,1708,36744,133,98918,35.00,-7.27,-4.96
515393,1609,36744,139,98963,35.00,-7.22,-4.95
515415,1506,36744,154,99030,35.00,-7.30,-4.93
515456,1480,36744,165,99198,35.00,-7.24,-5.00
515478,1529,36744,164,99262,35.00,-7.24,-5.00
515500,1672,36744,171,99332,35.00,-7.23,-4.95
515522,1813,36744,159,99406,35.00,-7.27,-4.94
515544,2079,36744,159,99468,35.00,-7.24,-4.96
515566,1992,36744,141,99511,35.00,-7.29,-4.94
515588,2011,36744,137,99530,35.00,-7.26,-4.92
515610,1864,36744,125,99439,35.00,-7.20,-5.01
515632,1743,36744,133,99162,35.00,-7.19,-4.99
515654,1573,36744,141,98773,35.00,-7.24,-4.97
515696,1499,36744,151,98046,35.00,-7.25,-4.96
515718,1495,36744,163,97920,35.00,-7.23,-4.98
515740,1563,36744,167,97835,35.00,-7.21,-4.98
515762,1751,36744,167,97801,35.00,-7.22,-4.94
515784,1803,36744,159,97800,35.00,-7.27,-4.99
515806,1961,36744,145,97887,35.00,-7.27,-4.95
515828,1935,36744,139,98039,35.00,-7.23,-4.96
515850,1823,36744,124,98200,35.00,-7.26,-4.92
515872,1740,36744,126,98312,35.00,-7.24,-4.99
515894,1606,36744,139,98362,35.00,-7.25,-4.95
515916,1524,36744,152,98409,35.00,-7.22,-4.97
515957,1542,36744,159,98566,35.00,-7.26,-4.97
515979,1597,36744,165,98626,35.00,-7.25,-4.97
516711,1653,36744,174,98690,36.16,-7.22,-4.99
516739,1812,36936,133,98452,35.00,-7.24,-4.96
516761,1549,36936,165,98520,35.00,-7.24,-4.96
516783,1677,36936,169,98593,35.00,-7.24,-5.00
516805,1813,36936,162,98668,35.00,-7.22,-4.97
516827,1967,36936,155,98723,35.00,-7.25,-5.00
516849,1961,36936,135,98766,35.00,-7.23,-4.94
516871,1914,36936,140,98846,35.00,-7.25,-5.02
516893,1851,36936,127,98904,35.00,-7.25,-4.96
516915,1689,36936,141,98958,35.00,-7.24,-4.93
516937,1576,36936,151,99013,35.00,-7.24,-4.97
516980,1531,36936,160,99175,35.00,-7.23,-4.94
517734,1656,36936,171,99225,36.01,-7.24,-4.98
517761,1714,37448,125,99369,35.00,-7.24,-4.97
517783,1527,37448,165,99411,35.00,-7.25,-4.95
517805,1617,37448,167,99406,35.00,-7.26,-4.97
517827,1748,37448,159,99261,35.00,-7.25,-4.92
517849,1917,37448,158,98939,35.00,-7.24,-4.96
517871,1920,37448,136,98564,35.00,-7.22,-4.94
517893,1899,37448,137,98266,35.00,-7.23,-4.95
517915,1827,37448,123,98060,35.00,-7.23,-4.96
517937,1721,37448,135,97901,35.00,-7.23,-4.99
517959,1623,37448,138,97798,35.00,-7.24,-4.97
517981,1525,37448,159,97705,35.00,-7.24,-4.97
518022,1559,37448,164,97703,35.00,-7.19,-4.96
518044,1625,37448,169,97844,35.00,-7.26,-4.96
518066,1709,37448,166,97984,35.00,-7.32,-5.00
518088,1852,37448,159,98064,35.00,-7.25,-4.97
518110,1979,37448,151,98109,35.00,-7.26,-4.94
518132,1989,37448,137,98140,35.00,-7.25,-4.98
518154,1930,37448,134,98191,35.00,-7.25,-4.99
518176,1819,37448,133,98262,35.00,-7.22,-4.98
518198,1720,37448,137,98318,35.00,-7.24,-4.93
518220,1547,37448,147,98370,35.00,-7.22,-4.97
518263,1435,37448,167,98583,35.00,-7.24,-4.95
518285,1645,37448,170,98637,35.00,-7.24,-4.97
518307,1749,37448,171,98690,35.00,-7.24,-4.98
518329,1861,37448,157,98739,35.00,-7.26,-4.94
518351,1965,37448,157,98806,35.00,-7.24,-4.98
518373,2013,37448,137,98864,35.00,-7.22,-5.00
518395,1891,37448,135,98917,35.00,-7.26,-4.95
518417,1696,38216,124,98970,35.00,-7.24,-4.96
518439,1597,38216,142,98995,35.00,-7.22,-4.93
518461,1518,38216,147,99064,35.00,-7.21,-4.96
518503,1477,38216,171,99274,35.00,-7.24,-5.01
518525,1545,37448,169,99310,35.00,-7.25,-5.02
518547,1699,37448,167,99320,35.00,-7.20,-4.93
518569,1822,37448,167,99168,35.00,-7.25,-4.95
518591,1911,37448,151,98854,35.00,-7.24,-4.95
518613,2039,38216,141,98489,35.00,-7.22,-4.97
518635,1981,38216,134,98234,35.00,-7.23,-4.98
518657,1803,37448,133,98060,35.00,-7.23,-4.95
518679,1671,38216,137,97926,35.00,-7.25,-4.94
518701,1583,37448,137,97837,35.00,-7.23,-4.98
518744,1467,37448,157,97784,35.00,-7.27,-4.92
518766,1637,37448,173,97912,35.00,-7.23,-5.00
518788,1695,37448,169,98077,35.00,-7.24,-5.01
518810,1791,38216,155,98213,35.00,-7.24,-4.96
518832,1994,38216,149,98311,35.00,-7.23,-5.00
518854,1895,37448,136,98370,35.00,-7.21,-4.96
518876,1929,38216,125,98447,35.00,-7.22,-4.95
518898,1805,38216,121,98527,35.00,-7.26,-4.94
518920,1647,38216,139,98612,35.00,-7.24,-4.95
518942,1575,37448,148,98699,35.00,-7.25,-4.98
518984,1553,37448,165,98987,35.00,-7.25,-5.00
519523,1619,37448,169,99054,35.66,-7.23,-4.98
519566,1507,37448,155,98695,35.00,-7.21,-4.96
519588,1609,37448,164,98788,35.00,-7.24,-4.94
519610,1767,38216,169,98857,35.00,-7.21,-4.94
519632,1993,38216,157,98914,35.00,-7.23,-4.98
519654,2079,37448,151,98977,35.00,-7.21,-4.96
519676,1979,37448,135,99041,35.00,-7.25,-4.98
519698,1917,37448,126,99120,35.00,-7.23,-4.97
519720,1821,37448,133,99205,35.00,-7.25,-4.98
519742,1733,37448,143,99277,35.00,-7.22,-4.98
519764,1606,37448,149,99352,35.00,-7.25,-4.97
519806,1549,37448,163,99586,35.00,-7.24,-4.97
519828,1644,37448,171,99649,35.00,-7.25,-4.96
519850,1737,37448,169,99718,35.00,-7.26,-4.99
519872,1819,37448,163,99781,35.00,-7.23,-4.99
519894,1940,37448,151,99844,35.00,-7.24,-4.93
519916,1978,37448,142,99881,35.00,-7.24,-4.97
519938,1927,38216,135,99949,35.00,-7.27,-4.99
519960,1750,38216,133,99949,35.00,-7.23,-4.96
519982,1663,38216,147,99949,35.00,-7.23,-4.93
520545,1576,37448,146,99949,35.67,-7.25,-4.97
520575,1529,37448,165,99733,35.00,-7.25,-5.01
520597,1847,38216,136,99783,35.00,-7.20,-4.96
520619,1895,38216,136,99841,35.00,-7.24,-4.99
520641,1773,38216,125,99897,35.00,-7.27,-5.00
520663,1587,38216,127,99932,35.00,-7.24,-4.93
520685,1479,38216,145,99980,35.00,-7.25,-4.92
520707,1439,38216,157,99980,35.00,-7.22,-4.97
520748,1513,38216,168,99980,35.00,-7.22,-4.98
520770,1541,38216,167,99980,35.00,-7.21,-4.93
520792,1645,38216,167,99980,35.00,-7.22,-4.93
520814,1833,38216,155,99980,35.00,-7.23,-4.97
520836,1893,38216,147,99980,35.00,-7.24,-4.99
520858,1831,38216,136,99693,35.00,-7.24,-4.91
520880,1817,38216,133,99322,35.00,-7.24,-4.96
520902,1691,38216,124,99029,35.00,-7.24,-4.93
520924,1659,38216,139,98814,35.00,-7.20,-4.93
520946,1517,38216,141,98664,35.00,-7.25,-5.01
520968,1389,38216,155,98548,35.00,-7.22,-4.99
521568,1493,38216,167,98487,35.85,-7.23,-4.97
521611,1524,38728,160,99114,35.00,-7.22,-4.95
521633,1684,38728,165,98827,35.00,-7.21,-4.96
521655,1803,38728,159,98633,35.00,-7.24,-4.98
521677,1961,38728,150,98481,35.00,-7.23,-4.99
521699,1991,38728,139,98382,35.00,-7.28,-4.99
521721,1931,38216,133,98307,35.00,-7.23,-4.98
521743,1827,38216,125,98281,35.00,-7.25,-4.96
521765,1659,38216,135,98315,35.00,-7.24,-4.98
521787,1584,38216,143,98389,35.00,-7.26,-4.98
521809,1495,38216,155,98516,35.00,-7.26,-4.95
521851,1495,38216,159,98731,35.00,-7.25,-4.98
521873,1705,38216,171,98761,35.00,-7.24,-4.98
521895,1815,38216,166,98807,35.00,-7.23,-4.98
521917,1909,38216,160,98856,35.00,-7.24,-4.92
521939,2019,38216,143,98935,35.00,-7.20,-4.96
521961,1976,38728,139,98993,35.00,-7.23,-4.97
521983,1947,38728,125,99073,35.00,-7.22,-5.00
522590,1723,38728,127,99130,35.85,-7.22,-4.97
522621,1439,38728,159,98667,35.00,-7.24,-4.95
522643,1829,38728,125,98717,35.00,-7.28,-5.01
522665,1734,38728,127,98788,35.00,-7.24,-4.98
522687,1588,38728,123,98854,35.00,-7.26,-4.95
522709,1497,38728,137,98911,35.00,-7.22,-4.97
522731,1403,38728,152,98983,35.00,-7.25,-4.96
522773,1419,38728,157,99232,35.00,-7.21,-4.98
522795,1559,38728,164,99297,35.00,-7.24,-5.02
522817,1687,38728,165,99357,35.00,-7.25,-4.95
522839,1829,38728,151,99429,35.00,-7.26,-4.98
522861,1935,38728,141,99478,35.00,-7.24,-5.01
522883,1907,38728,127,99537,35.00,-7.20,-4.95
522905,1863,38728,121,99575,35.00,-7.23,-4.99
522927,1733,38728,126,99626,35.00,-7.26,-4.97
522949,1578,38728,141,99685,35.00,-7.22,-4.95
522971,1597,38728,151,99749,35.00,-7.24,-4.96
522993,1597,38728,165,99813,35.00,-7.23,-4.96
523034,1701,38728,171,99951,35.00,-7.24,-4.98
523056,1742,38728,169,99834,35.00,-7.21,-4.97
523078,1863,38728,164,99535,35.00,-7.23,-4.97
523100,1989,38728,153,99155,35.00,-7.21,-4.97
523122,2079,38728,143,98825,35.00,-7.22,-4.94
523144,2003,38728,135,98587,35.00,-7.20,-4.95
523166,1877,38728,127,98427,35.00,-7.21,-5.00
523188,1767,38728,133,98295,35.00,-7.23,-4.96
523210,1717,38728,151,98204,35.00,-7.21,-4.96
523232,1629,38728,162,98158,35.00,-7.25,-4.97
523275,1588,38728,171,98354,35.00,-7.24,-4.97
523297,1772,38728,167,98506,35.00,-7.25,-4.96
523319,1855,38728,167,98610,35.00,-7.24,-4.97
523341,1992,38728,157,98656,35.00,-7.22,-4.98
523363,1971,39112,143,98707,35.00,-7.22,-4.97
523385,1931,38728,134,98750,35.00,-7.22,-4.96
523407,1813,38728,133,98804,35.00,-7.20,-4.96
523429,1677,38728,136,98861,35.00,-7.20,-4.97
523451,1527,38728,149,98921,35.00,-7.25,-4.97
523473,1515,38728,165,98977,35.00,-7.23,-4.98
523515,1497,38728,169,99211,35.00,-7.24,-4.97
523537,1653,38728,171,99268,35.00,-7.23,-4.97
523559,1709,38728,157,99343,35.00,-7.23,-4.98
523581,1721,39112,151,99407,35.00,-7.25,-4.96
523603,1727,39112,136,99462,35.00,-7.24,-4.97
523625,1739,39112,133,99502,35.00,-7.24,-4.97
523647,1647,39112,120,99555,35.00,-7.25,-4.98
523669,1465,39112,121,99616,35.00,-7.22,-4.97
523691,1354,39112,136,99686,35.00,-7.28,-4.95
523713,1291,38728,152,99756,35.00,-7.26,-4.98
523735,1382,38728,163,99837,35.00,-7.19,-4.96
523776,1528,38728,165,99937,35.00,-7.22,-4.99
523798,1659,38728,166,99854,35.00,-7.25,-4.97
523820,1865,39112,155,99562,35.00,-7.25,-4.94
523842,2008,39112,149,99169,35.00,-7.23,-4.96
523864,2021,39112,135,98816,35.00,-7.23,-4.96
523886,1975,38728,133,98565,35.00,-7.22,-4.93
523908,1989,38728,123,98403,35.00,-7.22,-5.01
523930,1805,38728,137,98277,35.00,-7.27,-5.02
523952,1641,39112,137,98198,35.00,-7.26,-4.96
523974,1591,38728,162,98136,35.00,-7.25,-5.01
524378,1598,38728,159,98307,35.95,-7.25,-4.98
524417,1931,38728,169,99722,35.00,-7.23,-4.95
524439,1799,39112,169,99790,35.00,-7.22,-4.97
524461,1907,39112,166,99849,35.00,-7.25,-4.96
524483,1995,39112,154,99918,35.00,-7.21,-4.96
524505,2063,38728,140,99965,35.00,-7.22,-4.94
524527,1959,39112,138,99965,35.00,-7.27,-5.01
524549,1833,39112,133,99966,35.00,-7.21,-4.99
524571,1631,39112,137,99761,35.00,-7.24,-4.95
524593,1491,39112,145,99388,35.00,-7.25,-4.96
524615,1338,38728,151,99003,35.00,-7.22,-4.99
524637,1379,38728,160,98751,35.00,-7.25,-4.97
524678,1499,38728,165,98388,35.00,-7.23,-4.96
524700,1514,39112,157,98351,35.00,-7.24,-4.93
524722,1618,38728,150,98348,35.00,-7.22,-4.95
524744,1717,39112,142,98405,35.00,-7.23,-4.97
524766,1725,38728,125,98531,35.00,-7.21,-4.96
524788,1657,39112,123,98644,35.00,-7.25,-4.99
524810,1553,39112,123,98749,35.00,-7.23,-5.01
524832,1483,38728,125,98779,35.00,-7.26,-4.94
524854,1433,39112,135,98815,35.00,-7.25,-4.94
524876,1428,38728,155,98839,35.00,-7.23,-4.99
524919,1494,39112,153,98993,35.00,-7.25,-4.97
524941,1801,38728,159,99062,35.00,-7.29,-4.95
524963,1885,39112,159,99139,35.00,-7.27,-4.99
524985,1929,38728,142,99202,35.00,-7.22,-4.96
525401,1983,38728,125,99271,37.24,-7.25,-4.96
525440,1821,38728,167,98162,35.00,-7.21,-4.99
525462,1773,38728,173,98165,35.00,-7.22,-4.96
525484,1860,38728,154,98240,35.00,-7.23,-4.93
525506,1879,38728,154,98366,35.00,-7.21,-5.00
525528,1941,38728,137,98504,35.00,-7.25,-5.00
525550,1877,38728,125,98596,35.00,-7.26,-4.99
525572,1693,38728,133,98655,35.00,-7.21,-4.97
525594,1435,39112,131,98700,35.00,-7.27,-4.94
525616,1455,39112,148,98733,35.00,-7.23,-4.97
525638,1501,38728,163,98759,35.00,-7.22,-4.98
525680,1547,38728,168,98937,35.00,-7.26,-4.93
525702,1711,38728,170,98978,35.00,-7.25,-4.94
525724,1977,38728,159,99038,35.00,-7.24,-4.97
525746,1867,38728,159,99099,35.00,-7.24,-4.98
525768,2147,38728,153,99159,35.00,-7.25,-4.97
525790,2078,39112,135,99223,35.00,-7.22,-4.98
525812,1873,39112,135,99259,35.00,-7.24,-4.98
525834,1639,38728,141,99295,35.00,-7.24,-4.97
525856,1529,39112,141,99337,35.00,-7.27,-4.97
525878,1553,38728,163,99369,35.00,-7.24,-4.98
525900,1672,38728,169,99428,35.00,-7.20,-4.98
525941,1749,38728,173,99590,35.00,-7.23,-4.96
525963,1822,38728,165,99636,35.00,-7.25,-5.01
525985,2003,39112,163,99658,35.00,-7.24,-4.93
526423,1913,39112,149,99617,35.92,-7.26,-4.94
526462,1814,38728,167,99075,35.00,-7.24,-4.98
526484,1591,39112,171,99157,35.00,-7.26,-4.92
526506,1701,38728,157,99229,35.00,-7.23,-4.97
526528,1813,39112,153,99304,35.00,-7.20,-4.99
526550,1749,39112,125,99368,35.00,-7.24,-5.00
526572,1661,39112,123,99417,35.00,-7.27,-4.98
526594,1530,39112,123,99472,35.00,-7.22,-4.96
526616,1369,39112,126,99538,35.00,-7.25,-4.96
526638,1243,39112,143,99604,35.00,-7.25,-4.94
526660,1275,38728,149,99686,35.00,-7.25,-4.97
526682,1321,38728,163,99750,35.00,-7.26,-4.93
526723,1379,39112,151,99743,35.00,-7.20,-4.96
526745,1576,39112,155,99489,35.00,-7.23,-4.93
526767,1734,39112,142,99127,35.00,-7.22,-4.96
526789,1821,39112,138,98771,35.00,-7.22,-4.94
526811,1839,39112,124,98533,35.00,-7.22,-4.99
526833,1748,39112,117,98379,35.00,-7.24,-4.97
526855,1643,39112,119,98271,35.00,-7.21,-4.98
526877,1495,38728,135,98183,35.00,-7.25,-4.99
526899,1437,38728,140,98125,35.00,-7.22,-4.95
526921,1496,38728,157,98113,35.00,-7.23,-4.94
526963,1589,38728,159,98428,35.00,-7.25,-4.94
526985,1653,39112,157,98508,35.00,-7.23,-4.96
527701,1804,39112,153,98571,36.76,-7.26,-4.97
527725,1621,38728,173,98608,35.00,-7.24,-4.96
527747,1897,39112,173,98636,35.00,-7.21,-4.92
527769,1909,39112,167,98662,35.00,-7.26,-4.97
527791,1817,39112,141,98703,35.00,-7.19,-4.96
527813,1915,39112,141,98757,35.00,-7.23,-4.94
527835,1819,39112,126,98803,35.00,-7.22,-4.93
527857,1583,39112,125,98870,35.00,-7.22,-4.97
527879,1366,39112,139,98927,35.00,-7.23,-4.97
527901,1388,39112,155,98980,35.00,-7.24,-4.97
527923,1389,39112,164,99044,35.00,-7.23,-4.96
527945,1384,39112,166,99118,35.00,-7.24,-5.01
527986,1406,39112,157,99251,35.00,-7.26,-4.98
528724,1641,38728,152,99327,36.03,-7.21,-4.93
528749,1689,39112,175,99386,35.00,-7.25,-4.96
528771,1991,39112,160,99441,35.00,-7.29,-4.92
528793,2079,39112,155,99504,35.00,-7.21,-4.96
528815,2016,39112,140,99567,35.00,-7.26,-5.00
528837,2071,39112,141,99646,35.00,-7.22,-4.95
528859,1852,39112,145,99662,35.00,-7.24,-4.98
528881,1641,39112,153,99597,35.00,-7.24,-4.97
528903,1653,39112,165,99354,35.00,-7.25,-4.96
528925,1629,39112,171,98982,35.00,-7.26,-4.99
528947,1615,39112,175,98633,35.00,-7.24,-5.00
528988,1715,39112,171,98123,35.00,-7.23,-4.96
529747,1613,39112,165,98026,35.32,-7.21,-4.96
529772,1735,38728,169,98344,35.00,-7.25,-4.95
529794,2167,38728,151,98425,35.00,-7.23,-5.03
529816,2147,39112,139,98549,35.00,-7.22,-4.97
529838,2059,38728,135,98660,35.00,-7.23,-4.96
529860,2019,39112,133,98723,35.00,-7.24,-4.99
529882,1804,39112,137,98763,35.00,-7.19,-4.96
529904,1681,39112,148,98808,35.00,-7.23,-4.97
529926,1705,39112,159,98849,35.00,-7.21,-4.98
529948,1749,38728,172,98897,35.00,-7.20,-4.98
529991,1754,38728,165,99096,35.00,-7.24,-5.00
530514,1899,38728,157,99171,35.36,-7.22,-4.97
530552,1901,38728,149,98894,35.00,-7.27,-4.97
530574,1869,39112,155,98980,35.00,-7.24,-4.96
530596,1943,39112,149,99018,35.00,-7.26,-4.95
530618,1909,39112,134,99042,35.00,-7.24,-4.93
530640,1929,39112,124,99085,35.00,-7.25,-4.93
530662,1801,39112,125,99130,35.00,-7.22,-4.97
530684,1671,39112,141,99194,35.00,-7.24,-4.99
530706,1607,39112,151,99246,35.00,-7.21,-4.98
530728,1577,39112,170,99308,35.00,-7.24,-4.94
530750,1654,38728,168,99376,35.00,-7.20,-5.01
530792,1739,39112,169,99587,35.00,-7.24,-4.97
530814,1913,39112,165,99647,35.00,-7.22,-4.98
530836,2103,39112,159,99714,35.00,-7.22,-4.96
530858,2100,39112,137,99767,35.00,-7.25,-5.00
530880,2057,39112,139,99827,35.00,-7.25,-4.96
530902,1897,39112,133,99876,35.00,-7.25,-4.95
530924,1764,39112,149,99915,35.00,-7.22,-4.99
530946,1605,39112,151,99960,35.00,-7.21,-4.98
530968,1575,39112,167,99960,35.00,-7.24,-4.96
530990,1658,39112,169,99960,35.00,-7.30,-4.97
531536,1811,39112,176,99960,36.23,-7.24,-4.98
531574,1763,38728,141,99747,35.00,-7.27,-4.96
531596,1755,38728,153,99815,35.00,-7.22,-4.95
531618,1779,39112,145,99865,35.00,-7.21,-4.96
531640,1829,38728,133,99911,35.00,-7.23,-4.95
531662,1827,38728,121,99965,35.00,-7.28,-4.96
531684,1673,38728,125,99965,35.00,-7.24,-4.95
531706,1483,38728,127,99965,35.00,-7.26,-4.94
531728,1545,38728,149,99965,35.00,-7.20,-4.98
531750,1484,38728,159,99965,35.00,-7.25,-4.98
531772,1528,38728,166,99965,35.00,-7.23,-4.93
531794,1671,38728,164,99965,35.00,-7.23,-4.97
531835,1869,38728,159,99486,35.00,-7.23,-4.95
531857,2014,38728,155,99162,35.00,-7.23,-4.95
531879,2056,38728,145,98942,35.00,-7.24,-4.98
531901,2043,38728,135,98815,35.00,-7.23,-4.98
531923,1995,38728,132,98727,35.00,-7.23,-4.98
531945,1835,38728,127,98672,35.00,-7.24,-4.96
531967,1743,38728,145,98644,35.00,-7.22,-4.97
531989,1635,38728,149,98667,35.00,-7.26,-4.94
532559,1604,38728,167,98747,36.27,-7.25,-4.98
532597,1973,38728,140,98661,35.00,-7.25,-4.96
532619,1897,38728,153,98532,35.00,-7.21,-4.95
532641,1865,38728,146,98459,35.00,-7.22,-4.97
532663,1911,38728,125,98393,35.00,-7.30,-4.98
532685,1875,38728,135,98355,35.00,-7.23,-4.99
532707,1743,38728,135,98364,35.00,-7.24,-4.95
532729,1541,38728,142,98443,35.00,-7.30,-4.99
532751,1497,38728,155,98577,35.00,-7.26,-4.95
532773,1497,38728,166,98697,35.00,-7.23,-4.96
532795,1620,38728,170,98767,35.00,-7.23,-4.98
532837,1781,38728,171,98873,35.00,-7.22,-4.96
532859,1883,38728,165,98914,35.00,-7.26,-5.00
532881,1903,38728,149,98968,35.00,-7.29,-4.98
532903,1967,38728,143,99036,35.00,-7.23,-4.94
532925,1846,38728,126,99102,35.00,-7.22,-4.99
532947,1753,38728,137,99185,35.00,-7.25,-4.95
532969,1619,38728,141,99254,35.00,-7.25,-4.96
532991,1567,38728,152,99328,35.00,-7.27,-4.96
533581,1491,38728,163,99397,35.70,-7.25,-4.95
533619,2163,39112,141,98990,35.00,-7.19,-4.96
533641,2196,39112,159,99068,35.00,-7.22,-4.95
533663,2248,39112,151,99127,35.00,-7.27,-4.96
533685,2252,39112,142,99192,35.00,-7.23,-4.96
533707,2269,39112,143,99255,35.00,-7.24,-4.91
533729,2077,39112,141,99314,35.00,-7.21,-4.96
533751,2029,39112,154,99379,35.00,-7.23,-4.99
533773,1916,39112,169,99425,35.00,-7.22,-4.97
533795,1955,39112,174,99476,35.00,-7.24,-4.96
533817,1971,39112,185,99535,35.00,-7.24,-4.95
533839,2056,39112,179,99589,35.00,-7.24,-5.01
533880,2199,39112,170,99715,35.00,-7.24,-4.97
533902,2167,39112,169,99788,35.00,-7.25,-4.97
533924,2197,39112,153,99849,35.00,-7.26,-4.97
533946,2156,39112,147,99895,35.00,-7.20,-4.96
533968,1907,39112,138,99931,35.00,-7.23,-4.95
533990,1699,39112,143,99857,35.00,-7.22,-4.98
534352,1661,39112,154,99597,35.64,-7.21,-5.00
534381,1235,39112,141,99272,35.00,-7.23,-4.96
534403,1805,39112,141,99353,35.00,-7.23,-4.99
534425,1799,39112,133,99429,35.00,-7.24,-4.94
534447,1541,39112,116,99512,35.00,-7.24,-4.96
534469,1594,39112,119,99578,35.00,-7.25,-4.95
534491,1463,39112,121,99637,35.00,-7.24,-4.97
534513,1415,39112,141,99702,35.00,-7.26,-4.96
534535,1386,39112,155,99763,35.00,-7.22,-4.98
534557,1438,39112,165,99801,35.00,-7.26,-4.97
534579,1435,39112,163,99838,35.00,-7.24,-4.95
534622,1639,39112,165,99838,35.00,-7.23,-4.95
534644,2039,39112,148,99838,35.00,-7.22,-4.98
534666,2011,39112,133,99838,35.00,-7.24,-4.97
534688,1907,39112,123,99838,35.00,-7.26,-4.98
534710,1759,39112,123,99838,35.00,-7.26,-4.99
534732,1683,39112,135,99838,35.00,-7.26,-4.98
534754,1543,39112,141,99893,35.00,-7.25,-5.01
534776,1609,39112,155,99526,35.00,-7.23,-4.93
534798,1671,39112,163,99211,35.00,-7.24,-4.95
534820,1497,39112,157,99000,35.00,-7.21,-4.98
534862,1790,39112,153,98833,35.00,-7.26,-4.95
534884,1979,38728,149,98837,35.00,-7.25,-4.98
534906,2006,38728,137,98892,35.00,-7.25,-4.97
534928,1868,38728,123,99000,35.00,-7.19,-4.97
534950,1877,38728,125,99122,35.00,-7.24,-4.96
534972,1805,38728,126,99200,35.00,-7.18,-4.96
534994,1539,38728,143,99261,35.00,-7.25,-4.96
535370,1383,38728,149,99304,36.10,-7.24,-4.95
535403,2083,38728,136,99304,35.00,-7.25,-4.97
535425,2183,38728,163,99304,35.00,-7.21,-4.96
535447,2142,39112,149,99304,35.00,-7.20,-4.95
535469,2251,39112,151,99304,35.00,-7.22,-4.97
535491,2213,38728,143,99304,35.00,-7.22,-4.96
535513,2074,39112,145,99770,35.00,-7.22,-4.92
535535,1909,39112,155,99433,35.00,-7.22,-4.99
535557,1753,38728,169,99235,35.00,-7.26,-4.97
535579,1781,38728,171,99139,35.00,-7.22,-4.93
535601,1861,38728,181,99106,35.00,-7.24,-5.02
535623,1951,38728,179,99073,35.00,-7.22,-4.97
535664,2107,38728,173,99239,35.00,-7.20,-4.98
535686,2224,38728,168,99335,35.00,-7.24,-5.00
535708,2237,38728,155,99403,35.00,-7.23,-4.98
535730,2059,38728,152,99433,35.00,-7.21,-4.99
535752,1908,39112,151,99454,35.00,-7.26,-4.94
535774,1783,39112,148,99483,35.00,-7.23,-4.96
535796,1765,39112,163,99538,35.00,-7.29,-4.99
535818,1523,39112,175,99589,35.00,-7.21,-4.95
535840,1349,38728,175,99647,35.00,-7.25,-4.97
535862,1527,38728,175,99701,35.00,-7.23,-4.97
535905,1751,38728,197,99880,35.00,-7.24,-4.98
535927,1765,38728,149,99955,35.00,-7.23,-4.99
535949,1843,39112,140,99955,35.00,-7.24,-4.98
535971,1811,39112,139,99955,35.00,-7.23,-4.96
535993,1553,39112,135,99955,35.00,-7.20,-4.95
536392,1459,39112,139,99955,36.04,-7.22,-4.96
536426,1783,39112,115,99295,35.00,-7.22,-4.96
536448,1767,39112,133,99371,35.00,-7.22,-4.96
536470,1785,39112,117,99420,35.00,-7.23,-4.93
536492,1720,39112,116,99432,35.00,-7.23,-4.93
536514,1755,39112,115,99463,35.00,-7.25,-4.95
536536,1607,39112,127,99497,35.00,-7.25,-4.97
536558,1588,39112,138,99553,35.00,-7.20,-4.94
536580,1359,39112,141,99605,35.00,-7.24,-4.97
536602,1583,38728,156,99655,35.00,-7.25,-4.98
536624,1718,38728,153,99704,35.00,-7.21,-4.96
536666,1860,38728,151,99832,35.00,-7.21,-4.96
536688,2069,37448,146,99865,35.00,-7.24,-4.98
536710,2076,37448,134,99917,35.00,-7.25,-4.94
536732,2132,37448,135,99948,35.00,-7.24,-5.03
536754,2027,37448,127,99992,35.00,-7.26,-4.97
536776,1957,37448,143,99992,35.00,-7.21,-4.95
536798,1799,38216,141,99992,35.00,-7.24,-4.95
536820,1695,38216,157,99992,35.00,-7.21,-4.96
536842,1701,38216,159,99992,35.00,-7.23,-4.97
536864,1724,38216,166,99992,35.00,-7.24,-4.92
536886,2136,38728,163,99992,35.00,-7.23,-4.99
536927,2117,38728,153,99992,35.00,-7.25,-4.96
536949,2071,38728,148,99889,35.00,-7.26,-4.96
536971,2329,38728,141,99515,35.00,-7.24,-4.96
536993,1965,38728,127,99199,35.00,-7.23,-4.96
537414,1947,38728,131,99023,35.63,-7.23,-4.96
537448,1753,38728,121,99644,35.00,-7.19,-4.97
537470,1791,39112,140,99671,35.00,-7.24,-4.97
537492,2045,39112,133,99716,35.00,-7.23,-4.96
537514,1983,39112,125,99773,35.00,-7.26,-4.98
537536,1875,39112,123,99821,35.00,-7.24,-4.99
537558,1763,39112,125,99881,35.00,-7.21,-4.96
537580,1661,39112,141,99947,35.00,-7.21,-4.96
537602,1485,39112,151,99947,35.00,-7.23,-4.95
537624,1672,39112,159,99947,35.00,-7.24,-4.98
537646,1611,38728,157,99947,35.00,-7.28,-4.99
537668,1869,39112,167,99878,35.00,-7.24,-4.98
537709,1929,39112,150,98845,35.00,-7.23,-4.96
537731,2103,39112,151,98697,35.00,-7.21,-4.96
537753,2127,39112,141,98612,35.00,-7.22,-4.96
537775,2053,39112,138,98559,35.00,-7.24,-4.96
537797,1829,39112,135,98521,35.00,-7.21,-4.96
537819,1699,39112,147,98516,35.00,-7.22,-5.01
537841,1482,39112,148,98560,35.00,-7.20,-4.94
537863,1437,39112,163,98656,35.00,-7.26,-4.96
537885,1579,38728,167,98769,35.00,-7.24,-4.95
537907,1683,38728,167,98860,35.00,-7.25,-4.97
537949,1853,39112,164,98970,35.00,-7.25,-4.98
537971,1883,39112,153,99004,35.00,-7.25,-4.98
537993,1989,39112,139,99048,35.00,-7.24,-4.95
538437,1976,39112,135,99086,37.10,-7.24,-4.97
538471,1865,39624,133,98343,35.00,-7.22,-4.98
538493,2057,39112,143,98259,35.00,-7.24,-4.94
538515,1992,39624,141,98201,35.00,-7.21,-4.95
538537,1947,39624,133,98176,35.00,-7.21,-4.96
538559,1767,39624,138,98226,35.00,-7.26,-4.97
538581,1573,39624,150,98336,35.00,-7.23,-4.97
538603,1501,39624,157,98458,35.00,-7.23,-4.98
538625,1370,39112,165,98559,35.00,-7.22,-5.00
538647,1463,39624,169,98612,35.00,-7.22,-4.95
538669,1577,39624,168,98648,35.00,-7.26,-4.97
538711,1787,39624,157,98814,35.00,-7.22,-4.95
538733,2028,39624,155,98864,35.00,-7.23,-4.94
538755,1901,39624,139,98913,35.00,-7.23,-4.96
538777,1783,39624,127,98964,35.00,-7.27,-4.96
538799,1691,39624,135,99035,35.00,-7.23,-4.94
538821,1621,39624,141,99087,35.00,-7.23,-4.97
538843,1579,39624,151,99150,35.00,-7.22,-4.97
538865,1529,39624,167,99201,35.00,-7.22,-4.95
538887,1481,39624,169,99239,35.00,-7.21,-4.98
538909,1611,39624,165,99284,35.00,-7.24,-4.99
538931,1782,40392,156,99338,35.00,-7.23,-5.02
538972,1980,39624,153,99462,35.00,-7.25,-5.00
538994,1861,39624,139,99525,35.00,-7.27,-4.96
539715,1919,40392,137,99594,36.19,-7.20,-4.92
539754,1995,39624,134,99347,35.00,-7.23,-5.00
539776,2001,39624,135,99359,35.00,-7.30,-4.97
539798,2068,39624,137,99201,35.00,-7.24,-4.99
539820,1899,40392,123,98854,35.00,-7.20,-4.96
539842,1775,40392,126,98477,35.00,-7.21,-4.98
539864,1822,40392,145,98224,35.00,-7.20,-4.97
539886,1599,39624,148,98050,35.00,-7.21,-4.98
539908,1611,39624,165,97928,35.00,-7.29,-4.98
539930,1983,39624,179,97840,35.00,-7.26,-4.94
539952,1421,39624,151,97793,35.00,-7.21,-4.95
539994,1933,39624,151,97920,35.00,-7.26,-4.97
540737,2063,39624,146,98049,35.71,-7.24,-4.96
540776,2281,39624,143,98296,35.00,-7.23,-4.95
540798,2043,39624,150,98359,35.00,-7.24,-4.97
540820,1932,39624,137,98412,35.00,-7.25,-4.96
540842,1879,39624,135,98475,35.00,-7.22,-4.94
540864,1705,39624,135,98541,35.00,-7.25,-4.97
540886,1670,39624,145,98589,35.00,-7.23,-4.96
540908,1512,39624,151,98667,35.00,-7.23,-4.94
540930,1519,39624,163,98728,35.00,-7.26,-4.97
540952,559,39624,147,98795,35.00,-7.22,-4.96
540974,1799,39112,169,98854,35.00,-7.19,-4.96
541760,1517,39624,147,99017,35.37,-7.20,-4.92
541799,1911,38728,139,99062,35.00,-7.24,-4.99
541821,2058,38728,139,99116,35.00,-7.23,-4.96
541843,1918,38728,135,99169,35.00,-7.24,-4.95
541865,1865,38728,135,99205,35.00,-7.22,-4.95
541887,1719,38728,141,99252,35.00,-7.24,-4.98
541909,1482,38728,143,99314,35.00,-7.26,-5.01
541931,1701,38728,167,99358,35.00,-7.23,-4.94
541953,1628,38728,166,99406,35.00,-7.21,-4.96
541975,1603,38728,167,99468,35.00,-7.27,-4.99
541997,1770,38728,159,99517,35.00,-7.22,-4.92
542039,1949,38728,155,99287,35.00,-7.25,-4.96
542061,1773,38728,131,98904,35.00,-7.28,-4.99
542083,1929,38728,138,98543,35.00,-7.20,-4.96
542105,1743,38728,123,98306,35.00,-7.23,-4.98
542127,1582,38728,127,98148,35.00,-7.22,-4.96
542149,1506,38728,137,98020,35.00,-7.23,-4.98
542171,1509,38728,149,97942,35.00,-7.27,-4.95
542193,1524,38728,159,97897,35.00,-7.23,-4.95
542215,1503,38728,158,97878,35.00,-7.23,-4.95
542237,1629,38216,159,97926,35.00,-7.24,-4.98
542259,3057,38216,187,98055,35.00,-7.24,-4.96
542300,1258,38216,125,98334,35.00,-7.26,-4.99
542322,2141,38216,135,98398,35.00,-7.25,-4.99
542344,2106,38728,137,98449,35.00,-7.24,-5.00
542366,1643,38728,124,98492,35.00,-7.25,-4.98
542388,1643,38728,137,98556,35.00,-7.24,-4.96
542410,1643,38728,153,98626,35.00,-7.24,-4.97
542432,1372,38728,157,98688,35.00,-7.26,-5.00
542454,1715,38728,173,98757,35.00,-7.23,-4.96
542476,1575,38728,157,98837,35.00,-7.26,-4.97
542498,2040,38728,169,98904,35.00,-7.23,-4.94
542540,1868,38728,151,99091,35.00,-7.25,-4.98
542562,2041,38728,139,99153,35.00,-7.22,-4.97
542584,1918,38728,139,99214,35.00,-7.24,-4.98
542606,1815,38728,122,99259,35.00,-7.22,-4.96
542628,1708,38728,135,99325,35.00,-7.24,-4.96
542650,1625,38728,143,99386,35.00,-7.24,-4.94
542672,1565,38728,156,99432,35.00,-7.23,-4.97
542694,1567,38728,175,99494,35.00,-7.23,-4.99
542716,1627,38728,171,99567,35.00,-7.23,-4.96
542738,1788,39112,157,99638,35.00,-7.26,-5.00
542760,1903,39112,155,99704,35.00,-7.23,-4.96
542801,1880,39112,137,99735,35.00,-7.26,-4.95
542823,1819,39112,125,99441,35.00,-7.25,-4.97
542845,2163,39112,153,99045,35.00,-7.24,-4.97
542867,1671,39112,107,98705,35.00,-7.27,-4.97
542889,1589,39112,123,98492,35.00,-7.26,-4.99
542911,1541,39112,141,98345,35.00,-7.22,-4.94
542933,1823,38728,215,98246,35.00,-7.22,-5.00
542955,2203,38728,203,98158,35.00,-7.24,-4.98
542977,1467,38728,109,98117,35.00,-7.28,-4.98
542999,911,38216,155,98097,35.00,-7.22,-4.99
543042,1311,38216,153,98409,35.00,-7.23,-4.96
543064,1565,38216,116,98516,35.00,-7.24,-5.01
543086,1449,38216,117,98574,35.00,-7.24,-4.95
543108,1637,38728,137,98601,35.00,-7.19,-4.96
543130,1641,38728,151,98646,35.00,-7.25,-4.97
543152,829,38728,121,98693,35.00,-7.26,-4.98
543174,1739,38728,167,98743,35.00,-7.22,-5.00
543196,1567,38728,163,98799,35.00,-7.25,-4.94
543218,1848,38728,176,98871,35.00,-7.21,-4.96
543240,1879,38728,157,98948,35.00,-7.26,-4.98
543282,1925,38728,159,99161,35.00,-7.27,-4.97
543304,2259,39112,147,99211,35.00,-7.25,-4.96
543326,2085,39112,139,99268,35.00,-7.22,-4.98
543348,1849,39112,136,99322,35.00,-7.27,-4.96
543370,1513,39112,119,99376,35.00,-7.22,-4.98
543392,1559,39112,149,99422,35.00,-7.27,-4.98
543414,1576,39112,163,99484,35.00,-7.22,-4.99
543436,1653,39112,169,99529,35.00,-7.24,-4.98
543458,1519,39112,148,99584,35.00,-7.27,-4.97
543480,1592,39112,165,99646,35.00,-7.23,-4.99
543502,1870,39112,158,99722,35.00,-7.25,-4.96
543543,1965,39112,151,99877,35.00,-7.26,-4.95
543565,2915,39112,163,99940,35.00,-7.23,-4.94
543587,1916,39112,137,99953,35.00,-7.22,-4.99
543609,1829,39112,137,99786,35.00,-7.25,-4.96
543631,1721,39112,142,99445,35.00,-7.24,-4.99
543653,1328,39112,137,99051,35.00,-7.24,-4.99
543675,2229,39112,179,98775,35.00,-7.24,-4.97
543697,1607,39112,180,98596,35.00,-7.25,-4.98
543719,1863,39112,199,98496,35.00,-7.22,-4.99
543741,2041,39112,187,98431,35.00,-7.23,-4.97
543783,2019,39112,173,98410,35.00,-7.23,-4.98
543805,2363,39112,167,98504,35.00,-7.23,-4.95
543827,2295,39112,159,98642,35.00,-7.24,-4.96
543849,1895,39624,140,98743,35.00,-7.22,-4.98
543871,1655,39112,139,98810,35.00,-7.22,-4.99
543893,1387,39112,142,98852,35.00,-7.21,-4.99
543915,1333,39112,171,98873,35.00,-7.31,-4.95
543937,1373,39112,165,98910,35.00,-7.28,-4.96
543959,1929,39112,183,98967,35.00,-7.21,-4.97
543981,1491,39112,155,99028,35.00,-7.24,-4.94
544571,1849,39624,166,99097,35.86,-7.26,-4.96
544605,1671,39624,142,99103,35.00,-7.26,-4.96
544627,1835,39624,135,99204,35.00,-7.21,-4.95
544649,1868,39624,135,99262,35.00,-7.27,-4.96
544671,1727,39624,123,99293,35.00,-7.23,-4.99
544693,1657,39624,142,99337,35.00,-7.24,-4.96
544715,1375,39624,149,99382,35.00,-7.24,-4.96
544737,2298,39624,179,99445,35.00,-7.23,-4.92
544759,1503,39624,167,99498,35.00,-7.23,-4.96
544781,1652,39624,167,99562,35.00,-7.24,-4.96
544803,1880,39624,165,99645,35.00,-7.22,-4.98
544825,2083,40392,149,99735,35.00,-7.20,-4.96
544866,2075,40392,137,99968,35.00,-7.25,-4.95
544888,1803,40392,125,99968,35.00,-7.24,-4.97
544910,1819,39624,121,99968,35.00,-7.22,-4.97
544932,1695,39624,118,99968,35.00,-7.22,-5.01
544954,1429,39624,127,99968,35.00,-7.28,-4.95
544976,1224,39624,135,99968,35.00,-7.24,-4.94
544998,1271,39624,153,99968,35.00,-7.23,-4.92
545020,1289,39624,159,99968,35.00,-7.23,-4.96
545042,1385,39624,165,99968,35.00,-7.28,-4.99
545064,1661,39624,164,99968,35.00,-7.27,-4.97
545107,2001,39624,159,99968,35.00,-7.29,-4.98
545129,2309,39624,150,99968,35.00,-7.23,-5.01
545151,2181,39624,141,99968,35.00,-7.24,-4.96
545173,1992,39112,147,99968,35.00,-7.26,-4.99
545195,1901,39112,155,99968,35.00,-7.20,-4.95
545217,1723,39112,159,99968,35.00,-7.25,-4.95
545239,1549,39112,165,99968,35.00,-7.23,-4.96
545261,1557,39112,165,99832,35.00,-7.26,-4.98
545283,1583,39112,157,99585,35.00,-7.24,-4.97
545305,1660,39112,146,99484,35.00,-7.24,-5.00
545347,2194,39112,146,99445,35.00,-7.22,-4.98
545369,2397,39112,147,99490,35.00,-7.26,-4.97
545391,2104,39624,133,99576,35.00,-7.24,-4.98
545413,2092,39624,140,99662,35.00,-7.26,-4.95
545435,2029,39624,147,99729,35.00,-7.24,-4.99
545457,2009,39624,165,99758,35.00,-7.26,-4.98
545479,1711,39624,181,99796,35.00,-7.25,-5.02
545501,2409,39624,221,99826,35.00,-7.27,-4.97
545523,2031,39624,202,99859,35.00,-7.25,-4.97
545545,2095,39624,183,99898,35.00,-7.24,-4.96
545588,2121,39624,170,99898,35.00,-7.27,-4.95
545610,1879,39624,139,99898,35.00,-7.16,-4.96
545632,1839,39624,131,99898,35.00,-7.21,-4.99
545654,1611,39624,126,99898,35.00,-7.24,-4.97
545676,1302,39624,139,99898,35.00,-7.23,-4.96
545698,1261,39624,151,99898,35.00,-7.20,-5.02
545720,1059,39624,157,99898,35.00,-7.22,-4.96
545742,1139,39624,157,99898,35.00,-7.25,-5.02
545764,1301,39624,165,99898,35.00,-7.22,-4.96
545786,1451,39624,138,99898,35.00,-7.24,-4.96
545828,1565,39624,133,99898,35.00,-7.23,-4.98
545850,1280,39624,108,99898,35.00,-7.21,-4.95
545872,1332,39624,101,99898,35.00,-7.23,-4.97
545894,1323,39624,107,99898,35.00,-7.24,-4.96
545916,1182,39624,115,99898,35.00,-7.22,-4.99
545938,1172,39112,139,99898,35.00,-7.22,-4.98
545960,1327,39112,153,99898,35.00,-7.24,-4.99
545982,1317,38728,159,99898,35.00,-7.27,-4.96
546359,1511,38728,157,99898,35.96,-7.23,-4.98
546390,2101,39112,175,99898,35.00,-7.23,-4.96
546412,2543,39112,151,99898,35.00,-7.21,-5.00
546434,2312,39112,139,99898,35.00,-7.27,-5.00
546456,2141,39112,143,99898,35.00,-7.25,-4.97
546478,2004,39112,159,99898,35.00,-7.23,-4.96
546500,1747,38728,165,99898,35.00,-7.24,-4.95
546522,1863,38728,179,99898,35.00,-7.24,-4.95
546544,1915,39112,182,99898,35.00,-7.23,-4.97
546566,2039,39112,183,99898,35.00,-7.21,-4.98
546588,2152,39112,174,99898,35.00,-7.25,-4.95
546630,2063,39112,152,99898,35.00,-7.23,-4.98
546652,2163,39624,135,99898,35.00,-7.26,-4.96
546674,1901,39624,116,99898,35.00,-7.22,-4.98
546696,1551,39624,115,99898,35.00,-7.19,-4.95
546718,1557,39624,120,99898,35.00,-7.21,-4.95
546740,1429,39624,147,99898,35.00,-7.25,-4.96
546762,1438,39624,152,99898,35.00,-7.24,-4.98
546784,1563,39624,165,99898,35.00,-7.23,-4.97
546806,1786,39624,159,99805,35.00,-7.25,-4.96
546828,1891,39112,159,99696,35.00,-7.26,-4.96
546871,2087,39624,147,99572,35.00,-7.30,-4.99
546893,1959,39112,140,99596,35.00,-7.19,-4.96
546915,1752,39112,140,99691,35.00,-7.23,-4.98
546937,1620,39112,147,99787,35.00,-7.25,-4.95
546959,1720,39112,163,99884,35.00,-7.27,-4.96
546981,1877,39112,185,99937,35.00,-7.22,-4.94
547381,1688,39112,184,99968,35.94,-7.23,-4.96
547412,1679,39624,166,99968,35.00,-7.29,-4.94
547434,2101,39624,141,99968,35.00,-7.26,-4.99
547456,1733,40392,141,99968,35.00,-7.25,-4.97
547478,1940,39624,155,99968,35.00,-7.22,-4.99
547500,2079,39624,170,99968,35.00,-7.22,-4.95
547522,2101,40392,180,99925,35.00,-7.26,-4.98
547544,1977,39624,185,99700,35.00,-7.25,-5.01
547566,1911,40392,185,99571,35.00,-7.25,-4.99
547588,2086,39624,186,99501,35.00,-7.28,-4.93
547610,2163,39624,169,99457,35.00,-7.24,-4.95
547652,2479,39624,167,99475,35.00,-7.21,-4.95
547674,2313,40392,145,99593,35.00,-7.20,-4.93
547696,1688,40392,111,99691,35.00,-7.23,-4.99
547718,1667,40392,121,99737,35.00,-7.27,-4.97
547740,1449,40392,124,99763,35.00,-7.20,-4.96
547762,1278,40392,147,99789,35.00,-7.20,-4.96
547784,1183,40392,156,99817,35.00,-7.24,-4.96
547806,1239,40392,163,99854,35.00,-7.24,-4.96
547828,1451,40392,167,99903,35.00,-7.21,-4.96
547850,1531,40392,157,99967,35.00,-7.25,-4.97
547872,1634,40392,147,99967,35.00,-7.22,-4.95
547913,1763,40392,137,99967,35.00,-7.24,-5.00
547935,1785,40392,146,99967,35.00,-7.24,-4.96
547957,1549,40392,126,99967,35.00,-7.21,-4.99
547979,1513,40392,139,99967,35.00,-7.25,-4.95
548403,1357,40392,145,99967,35.84,-7.26,-4.98
548434,1565,39624,168,99744,35.00,-7.19,-4.97
548456,2387,40392,153,99814,35.00,-7.24,-4.96
548478,2165,40392,148,99840,35.00,-7.25,-4.93
548500,1555,40392,141,99867,35.00,-7.20,-4.97
548522,1743,40392,159,99902,35.00,-7.22,-5.00
548544,1958,40392,171,99949,35.00,-7.24,-4.94
548566,1907,40392,182,99949,35.00,-7.23,-4.95
548588,2124,40392,183,99949,35.00,-7.24,-4.95
548610,2233,40392,181,99949,35.00,-7.24,-4.92
548632,1575,40392,136,99949,35.00,-7.25,-5.00
548654,1845,40392,135,99949,35.00,-7.20,-4.96
548695,1939,40392,125,99949,35.00,-7.22,-4.99
548717,1739,40392,111,99949,35.00,-7.21,-4.97
548739,1707,40904,111,99949,35.00,-7.23,-4.94
548761,1630,40904,120,99949,35.00,-7.19,-4.95
548783,1322,40904,123,99949,35.00,-7.22,-4.92
548805,1547,40392,152,99949,35.00,-7.22,-4.98
548827,1479,40904,158,99949,35.00,-7.21,-4.99
548849,1597,40904,169,99949,35.00,-7.23,-4.99
548871,1852,40392,165,99949,35.00,-7.26,-4.97
548893,1885,40392,165,99949,35.00,-7.26,-4.99
548936,1913,40392,149,99949,35.00,-7.27,-4.97
548958,2031,40392,143,99949,35.00,-7.25,-4.98
548980,1864,40904,141,99949,35.00,-7.26,-4.97
549426,1613,40904,150,99975,36.82,-7.23,-4.97
549457,1591,40904,173,99975,35.00,-7.21,-4.98
549479,2031,40904,141,99975,35.00,-7.26,-4.97
549501,1907,40904,139,99975,35.00,-7.23,-5.00
549523,1896,40904,151,99975,35.00,-7.20,-4.98
549545,1703,40904,153,99975,35.00,-7.27,-4.97
549567,1691,40904,171,99975,35.00,-7.24,-4.98
549589,1786,40904,171,99975,35.00,-7.20,-4.96
549611,1679,40904,164,99975,35.00,-7.23,-4.96
549633,1700,40904,153,99975,35.00,-7.21,-4.97
549655,1880,40904,139,99975,35.00,-7.30,-4.98
549697,1738,40904,117,99975,35.00,-7.24,-4.97
549719,1756,40904,117,99975,35.00,-7.25,-4.95
549741,1725,40904,117,99975,35.00,-7.27,-5.01
549763,1707,40904,124,99868,35.00,-7.24,-4.98
549785,1683,40904,139,99792,35.00,-7.23,-4.98
549807,1479,40904,157,99764,35.00,-7.24,-4.99
549829,1717,40904,169,99752,35.00,-7.24,-5.02
549851,1693,40904,181,99776,35.00,-7.23,-5.01
549873,1615,40904,163,99831,35.00,-7.22,-4.95
549895,1951,40392,169,99928,35.00,-7.23,-4.96
549917,1883,40904,141,99928,35.00,-7.25,-4.97
549958,1789,40904,141,99928,35.00,-7.24,-4.97
549980,1918,40904,137,99928,35.00,-7.23,-4.97
550704,1903,40904,137,99928,36.33,-7.24,-4.94
550740,1553,40904,125,99928,35.00,-7.26,-4.96
550762,1451,40904,114,99928,35.00,-7.21,-4.96
550784,1343,40904,115,99928,35.00,-7.21,-4.99
550806,1593,40904,146,99928,35.00,-7.18,-4.98
550828,1767,40904,157,99928,35.00,-7.25,-4.97
550850,1688,40904,173,99928,35.00,-7.23,-4.96
550872,1763,40904,184,99928,35.00,-7.23,-4.93
550894,1773,40904,185,99928,35.00,-7.25,-4.96
550916,1781,40904,170,99928,35.00,-7.24,-4.99
550938,1874,40904,169,99928,35.00,-7.23,-4.96
550981,2042,40904,152,99928,35.00,-7.24,-4.99
551726,2157,40904,139,99928,35.40,-7.22,-4.97
551762,1366,40904,111,99928,35.00,-7.23,-4.96
551784,2013,40904,122,99928,35.00,-7.21,-4.97
551806,2009,40904,120,99928,35.00,-7.23,-4.97
551828,1881,40904,139,99928,35.00,-7.27,-4.96
551850,1801,40904,141,99928,35.00,-7.26,-4.96
551872,1832,40904,169,99832,35.00,-7.25,-4.95
551894,1786,40904,173,99572,35.00,-7.23,-4.97
551916,2053,40904,179,99433,35.00,-7.26,-4.98
551938,2403,40904,177,99337,35.00,-7.22,-4.93
551960,2495,40904,183,99285,35.00,-7.22,-4.97
551982,2603,40904,168,99248,35.00,-7.27,-4.96
552023,2663,40904,171,99396,35.00,-7.23,-4.95
552045,2523,40904,158,99490,35.00,-7.24,-4.99
552067,2184,40904,153,99549,35.00,-7.22,-4.95
552089,2117,40904,155,99579,35.00,-7.20,-4.97
552111,1845,40904,150,99596,35.00,-7.21,-4.97
552133,1440,40904,158,99629,35.00,-7.21,-4.93
552155,1364,40904,151,99674,35.00,-7.21,-4.97
552177,1558,40904,153,99728,35.00,-7.26,-4.98
552199,1679,40904,138,99786,35.00,-7.24,-4.98
552221,1965,40904,135,99849,35.00,-7.21,-4.97
552264,1853,40904,126,99978,35.00,-7.22,-4.95
552286,1477,40904,121,99978,35.00,-7.25,-5.00
552308,1598,40904,133,99978,35.00,-7.24,-4.95
552330,1499,40904,147,99978,35.00,-7.22,-4.96
552352,1387,40904,149,99978,35.00,-7.23,-4.94
552374,1439,40392,160,99978,35.00,-7.24,-4.99
552396,1523,40392,171,99978,35.00,-7.23,-4.95
552418,1627,40392,179,99978,35.00,-7.21,-4.96
552440,1853,40392,169,99978,35.00,-7.21,-4.97
552462,1960,40392,167,99978,35.00,-7.24,-4.95
552504,2109,40392,151,99978,35.00,-7.23,-4.94
552526,1949,40392,135,99978,35.00,-7.24,-4.97
552548,1816,40904,139,99941,35.00,-7.27,-4.95
552570,1469,40904,133,99576,35.00,-7.23,-5.02
552592,1324,40392,141,99307,35.00,-7.24,-4.98
552614,1367,40904,151,99137,35.00,-7.24,-4.97
552636,1445,40904,157,99026,35.00,-7.23,-4.97
552658,1451,40904,145,98952,35.00,-7.24,-4.94
552680,1581,40904,139,98894,35.00,-7.23,-4.99
552702,1783,40904,125,98869,35.00,-7.21,-4.97
552724,1863,40904,118,98907,35.00,-7.28,-4.98
552765,1563,40904,111,99200,35.00,-7.23,-4.99
552787,756,40904,93,99273,35.00,-7.24,-4.99
552809,2189,40904,137,99317,35.00,-7.26,-4.94
552831,1471,40904,133,99349,35.00,-7.21,-4.97
552853,1581,40904,151,99404,35.00,-7.23,-4.95
552875,937,40904,142,99445,35.00,-7.21,-4.93
552897,1753,40392,175,99503,35.00,-7.23,-4.96
552919,1710,40392,172,99565,35.00,-7.18,-4.96
552941,2187,40392,175,99625,35.00,-7.22,-4.97
552963,2361,40392,173,99695,35.00,-7.27,-4.99
553515,2335,40392,163,99882,36.11,-7.22,-4.98
553547,1276,40392,170,99159,35.00,-7.21,-4.99
553569,1727,40392,125,99213,35.00,-7.27,-4.96
553591,1577,40904,139,99280,35.00,-7.26,-4.95
553613,1587,40904,138,99321,35.00,-7.25,-4.96
553635,1437,40904,149,99374,35.00,-7.26,-4.95
553657,1380,40904,147,99426,35.00,-7.26,-4.99
553679,1374,40904,151,99497,35.00,-7.20,-4.98
553701,1447,40904,143,99570,35.00,-7.24,-4.97
553723,1575,40904,143,99637,35.00,-7.27,-4.97
553745,1757,40904,119,99702,35.00,-7.23,-4.94
553787,1851,40904,119,99886,35.00,-7.26,-4.98
553809,1656,40904,123,99922,35.00,-7.21,-4.97
553831,1803,40904,125,99967,35.00,-7.23,-4.99
553853,1523,40904,138,99967,35.00,-7.22,-4.95
553875,1435,40904,147,99967,35.00,-7.23,-4.97
553897,1491,40904,159,99967,35.00,-7.24,-4.97
553919,1555,40904,165,99967,35.00,-7.26,-4.96
553941,1797,40904,165,99967,35.00,-7.23,-4.95
553963,1901,40904,158,99967,35.00,-7.21,-4.98
553985,2055,40904,149,99967,35.00,-7.23,-5.02
554537,2245,40904,146,99778,35.37,-7.25,-4.98
554569,1150,41000,141,99966,35.00,-7.20,-4.99
554591,1737,41000,126,99966,35.00,-7.24,-4.95
554613,2069,41000,155,99966,35.00,-7.22,-4.96
554635,1961,41000,165,99966,35.00,-7.21,-4.96
554657,1779,41000,170,99966,35.00,-7.23,-4.94
554679,1754,41000,169,99966,35.00,-7.23,-4.98
554701,1847,41000,168,99966,35.00,-7.22,-5.00
554723,1741,41000,155,99966,35.00,-7.24,-4.97
554745,1739,41000,141,99824,35.00,-7.24,-4.96
554767,1783,41000,124,99451,35.00,-7.20,-4.91
554810,1739,41000,117,98759,35.00,-7.26,-4.98
554832,1589,41000,111,98672,35.00,-7.21,-4.97
554854,1553,41000,119,98592,35.00,-7.24,-4.97
554876,1184,41000,135,98539,35.00,-7.23,-4.99
554898,1182,41000,148,98544,35.00,-7.23,-4.96
554920,1400,41000,156,98612,35.00,-7.27,-4.96
554942,1466,41000,155,98753,35.00,-7.23,-4.98
554964,1573,41000,154,98883,35.00,-7.26,-4.96
554986,1773,41000,136,98975,35.00,-7.25,-4.98
555560,1761,41000,110,99020,36.27,-7.20,-4.99
555592,1709,40904,187,98620,35.00,-7.26,-4.97
555614,2066,40904,151,98544,35.00,-7.21,-4.94
555636,2012,40904,165,98505,35.00,-7.28,-4.95
555658,1850,41000,169,98488,35.00,-7.25,-4.97
555680,1915,41000,179,98553,35.00,-7.23,-4.98
555702,1979,41000,187,98677,35.00,-7.23,-4.98
555724,1807,41000,179,98804,35.00,-7.21,-4.96
555746,1747,41000,158,98878,35.00,-7.25,-4.97
555768,1907,41000,156,98925,35.00,-7.20,-4.91
555790,1869,41000,122,98960,35.00,-7.23,-4.96
555832,1555,41512,117,99092,35.00,-7.26,-4.94
555854,1554,41512,109,99140,35.00,-7.22,-4.98
555876,1471,41512,111,99198,35.00,-7.26,-4.98
555898,1355,41512,123,99266,35.00,-7.22,-4.97
555920,1279,41000,147,99324,35.00,-7.24,-4.96
555942,1437,41000,160,99383,35.00,-7.22,-4.96
555964,1526,41000,159,99456,35.00,-7.24,-4.99
555986,1587,41000,157,99521,35.00,-7.28,-5.00
556583,1735,41000,151,99578,35.77,-7.26,-4.95
556614,1753,41000,181,99256,35.00,-7.23,-4.99
556636,1869,41000,138,99350,35.00,-7.25,-5.02
556658,1751,41000,148,99409,35.00,-7.23,-4.98
556680,1581,41000,151,99477,35.00,-7.24,-4.96
556702,1683,41000,169,99543,35.00,-7.22,-4.95
556724,1751,41512,179,99611,35.00,-7.24,-4.96
556746,1782,41000,179,99688,35.00,-7.20,-4.96
556768,1891,41000,167,99769,35.00,-7.24,-4.98
556790,1945,41000,160,99853,35.00,-7.24,-4.99
556812,1993,41000,135,99916,35.00,-7.24,-4.99
556855,1851,41512,121,99916,35.00,-7.22,-4.96
556877,1510,41512,103,99916,35.00,-7.23,-4.98
556899,1413,41512,120,99916,35.00,-7.22,-4.95
556921,1326,41512,125,99916,35.00,-7.22,-4.97
556943,1331,41512,149,99916,35.00,-7.23,-4.96
556965,1273,41000,156,99916,35.00,-7.23,-4.99
556987,1533,41000,167,99916,35.00,-7.26,-4.99
557350,1557,41000,151,99916,35.74,-7.20,-4.97
557378,1661,41000,137,99396,35.00,-7.27,-4.96
557400,1464,41512,119,99462,35.00,-7.24,-4.99
557422,1391,41512,135,99517,35.00,-7.21,-4.99
557444,1289,41512,151,99581,35.00,-7.26,-4.96
557466,1455,41512,168,99651,35.00,-7.27,-4.96
557488,1673,41512,167,99706,35.00,-7.25,-4.96
557510,1797,41512,165,99768,35.00,-7.23,-4.91
557532,1983,41512,152,99838,35.00,-7.22,-4.97
557554,2071,41512,140,99908,35.00,-7.25,-4.98
557596,1847,41512,124,99908,35.00,-7.24,-4.93
557618,1723,41512,127,99908,35.00,-7.24,-4.93
557640,1659,41512,149,99908,35.00,-7.23,-4.96
557662,1722,41512,163,99908,35.00,-7.26,-4.99
557684,1716,41512,191,99908,35.00,-7.22,-4.96
557706,1967,41512,207,99908,35.00,-7.27,-4.98
557728,2313,41512,217,99908,35.00,-7.22,-4.96
557750,2207,41512,197,99908,35.00,-7.26,-4.96
557772,2045,41512,173,99908,35.00,-7.25,-4.97
557794,2077,41512,149,99908,35.00,-7.24,-4.97
557816,1989,41512,134,99999,35.00,-7.22,-4.96
557857,1734,41512,117,98968,35.00,-7.21,-4.98
557879,1582,41512,109,98811,35.00,-7.26,-4.95
557901,1403,41512,119,98697,35.00,-7.24,-4.95
557923,1021,41512,119,98600,35.00,-7.24,-4.96
557945,1039,41512,137,98536,35.00,-7.24,-4.97
557967,1234,41512,149,98502,35.00,-7.21,-4.93
557989,1279,41512,149,98525,35.00,-7.21,-4.97
558372,1081,41512,135,98609,35.93,-7.24,-4.96
558400,1979,41000,146,99695,35.00,-7.23,-4.96
558422,1455,41512,117,99746,35.00,-7.21,-4.98
558444,1291,41512,135,99813,35.00,-7.24,-4.97
558466,1395,41512,146,99867,35.00,-7.21,-4.99
558488,1525,41512,157,99918,35.00,-7.25,-4.97
558510,1657,41000,160,99979,35.00,-7.21,-5.01
558532,1677,41000,169,99979,35.00,-7.23,-5.00
558554,1989,41000,159,99979,35.00,-7.23,-4.96
558576,2075,41000,153,99938,35.00,-7.23,-4.97
558598,2088,41000,142,99657,35.00,-7.23,-4.94
558639,1829,41000,133,98662,35.00,-7.19,-4.96
558661,1823,41000,141,98537,35.00,-7.25,-5.02
558683,1545,41000,151,98455,35.00,-7.24,-4.95
558705,1583,41000,167,98369,35.00,-7.22,-4.96
558727,1611,41000,187,98315,35.00,-7.24,-4.94
558749,1773,41000,189,98291,35.00,-7.24,-4.95
558771,1806,41000,181,98340,35.00,-7.23,-4.97
558793,1652,41000,157,98452,35.00,-7.24,-4.96
558815,1833,41000,147,98572,35.00,-7.23,-4.95
558837,1621,41512,121,98659,35.00,-7.23,-4.97
558880,1523,41512,109,98772,35.00,-7.22,-4.99
558902,1160,41000,102,98833,35.00,-7.23,-4.99
558924,1052,41512,109,98886,35.00,-7.24,-4.98
558946,1059,41000,125,98947,35.00,-7.24,-4.97
558968,1071,41000,137,99007,35.00,-7.21,-4.97
558990,1303,41512,149,99064,35.00,-7.25,-4.98
559394,1211,41512,143,99141,36.35,-7.23,-4.99
559422,2187,41000,147,98609,35.00,-7.24,-4.99
559444,1531,41512,116,98489,35.00,-7.25,-5.00
559466,1205,41512,133,98392,35.00,-7.22,-4.98
559488,1195,41512,143,98315,35.00,-7.25,-4.95
559510,1214,41512,151,98257,35.00,-7.25,-4.94
559532,1302,41512,159,98235,35.00,-7.22,-4.96
559554,1497,41000,159,98301,35.00,-7.23,-4.95
559576,1811,41000,159,98401,35.00,-7.26,-4.98
559598,1909,41000,140,98515,35.00,-7.24,-4.96
559620,1853,41000,135,98579,35.00,-7.24,-4.95
559661,1763,41000,127,98689,35.00,-7.23,-4.97
559683,1686,41000,133,98729,35.00,-7.23,-4.94
559705,1593,41000,146,98789,35.00,-7.23,-4.95
559727,1573,41000,157,98841,35.00,-7.24,-4.96
559749,1683,40904,184,98895,35.00,-7.20,-4.93
559771,1773,41000,184,98953,35.00,-7.21,-5.00
559793,1927,41000,187,99010,35.00,-7.24,-5.01
559815,1909,41000,171,99076,35.00,-7.24,-4.95
559837,1963,41000,154,99138,35.00,-7.27,-5.01
559859,1908,41000,139,99202,35.00,-7.23,-4.99
559881,1869,41000,136,99253,35.00,-7.22,-4.95
559922,1757,41000,122,99405,35.00,-7.20,-4.99
559944,1627,41000,116,99452,35.00,-7.21,-4.95
559966,1429,41000,123,99494,35.00,-7.25,-4.97
559988,1350,41000,135,99529,35.00,-7.22,-4.99
560416,1319,41000,153,99597,36.65,-7.22,-4.97
560445,1815,40904,143,98708,35.00,-7.24,-4.96
560467,1237,40904,121,98753,35.00,-7.22,-4.95
560489,1251,40904,135,98803,35.00,-7.18,-4.96
560511,1444,40904,151,98862,35.00,-7.25,-4.99
560533,1403,40904,155,98922,35.00,-7.27,-4.98
560555,1419,40904,153,99003,35.00,-7.24,-4.95
560577,1607,40904,156,99065,35.00,-7.24,-4.97
560599,2079,40904,149,99110,35.00,-7.24,-4.94
560621,2233,40904,137,99177,35.00,-7.25,-4.97
560643,1902,40904,131,99244,35.00,-7.25,-4.97
560684,1817,40904,135,99416,35.00,-7.24,-4.99
560706,1779,40904,134,99470,35.00,-7.19,-4.94
560728,1609,40904,149,99515,35.00,-7.23,-4.94
560750,1437,40904,157,99534,35.00,-7.21,-4.94
560772,1607,40904,176,99593,35.00,-7.22,-4.96
560794,1848,40904,179,99636,35.00,-7.20,-4.97
560816,1977,40904,181,99687,35.00,-7.25,-4.98
560838,1815,40904,155,99749,35.00,-7.23,-4.96
560860,1816,40904,149,99804,35.00,-7.26,-4.94
560882,2003,40904,136,99829,35.00,-7.22,-4.97
560924,1863,40904,127,98999,35.00,-7.25,-5.00
560946,1641,40904,117,98686,35.00,-7.25,-4.96
560968,1548,40904,124,98508,35.00,-7.21,-4.93
560990,1517,40904,146,98400,35.00,-7.24,-4.97
561438,1307,40904,153,98312,36.84,-7.20,-4.96
561467,1720,40904,135,99530,35.00,-7.20,-4.94
561489,1311,40904,109,99579,35.00,-7.23,-4.96
561511,1322,40904,132,99633,35.00,-7.24,-4.96
561533,1351,40904,147,99697,35.00,-7.24,-4.99
561555,1434,40904,158,99756,35.00,-7.24,-4.96
561577,1480,40904,159,99821,35.00,-7.23,-4.97
561599,1807,40904,163,99873,35.00,-7.27,-4.97
561621,2019,40904,142,99918,35.00,-7.22,-4.96
561643,1945,40904,133,99946,35.00,-7.24,-4.99
561665,1881,40904,127,99871,35.00,-7.22,-4.98
561706,1927,40904,135,98849,35.00,-7.30,-4.98
561728,2055,40392,141,98617,35.00,-7.26,-4.98
561750,1898,40392,155,98475,35.00,-7.24,-4.98
561772,1771,40392,159,98373,35.00,-7.23,-4.95
561794,1781,40392,175,98295,35.00,-7.24,-5.00
561816,1989,40392,183,98240,35.00,-7.23,-4.97
561838,1963,40392,185,98218,35.00,-7.21,-4.95
561860,1999,40392,164,98247,35.00,-7.24,-4.96
561882,2063,40904,157,98365,35.00,-7.23,-4.99
561904,2039,40904,141,98488,35.00,-7.25,-4.99
561926,1869,40904,135,98589,35.00,-7.24,-4.99
561967,1595,40904,132,98699,35.00,-7.24,-4.98
561989,1759,40904,137,98752,35.00,-7.24,-4.97
562717,1834,40904,151,98800,36.27,-7.22,-4.98
562749,1468,40904,165,98697,35.00,-7.24,-4.96
562771,1639,40904,119,98766,35.00,-7.22,-4.99
562793,1481,40904,137,98845,35.00,-7.25,-4.99
562815,1323,40904,147,98911,35.00,-7.23,-4.94
562837,1207,40904,151,98971,35.00,-7.22,-4.98
562859,1237,40392,159,99030,35.00,-7.23,-4.97
562881,1619,40392,159,99115,35.00,-7.27,-4.96
562903,1863,40904,158,99192,35.00,-7.22,-4.97
562925,2109,40392,159,99242,35.00,-7.24,-4.95
562947,2333,40392,159,99289,35.00,-7.25,-4.94
562989,2538,40904,168,99472,35.00,-7.24,-4.95
563739,2067,40904,149,99518,35.11,-7.22,-4.95
563771,1223,40904,157,99441,35.00,-7.26,-4.96
563793,1323,40904,122,99493,35.00,-7.22,-4.95
563815,1671,40904,138,99537,35.00,-7.27,-4.98
563837,1989,40904,169,99582,35.00,-7.24,-5.01
563859,1811,40904,181,99634,35.00,-7.25,-4.98
563881,2109,40904,197,99674,35.00,-7.25,-4.99
563903,2162,40904,187,99723,35.00,-7.25,-4.95
563925,2171,40904,178,99750,35.00,-7.20,-4.97
563947,2315,40904,158,99679,35.00,-7.23,-4.96
563969,2186,40904,147,99423,35.00,-7.24,-4.97
564512,2171,40904,133,98554,36.38,-7.26,-4.97
564553,1673,40904,125,99651,35.00,-7.25,-5.00
564575,1567,40904,121,99705,35.00,-7.24,-4.97
564597,1305,41000,135,99758,35.00,-7.25,-4.97
564619,1337,41000,157,99806,35.00,-7.22,-4.96
564641,1343,40904,160,99855,35.00,-7.22,-5.00
564663,1832,40904,176,99880,35.00,-7.22,-4.96
564685,1867,40904,165,99800,35.00,-7.22,-4.94
564707,1843,40904,154,99547,35.00,-7.24,-4.92
564729,2031,40904,145,99194,35.00,-7.24,-5.00
564751,2029,40904,139,98887,35.00,-7.23,-4.95
564794,1811,40904,124,98496,35.00,-7.28,-4.93
564816,1639,40392,147,98438,35.00,-7.21,-4.93
564838,1751,40392,165,98397,35.00,-7.24,-4.94
564860,1625,40392,183,98395,35.00,-7.21,-4.96
564882,1707,40392,189,98480,35.00,-7.19,-4.95
564904,2002,40392,199,98592,35.00,-7.24,-4.93
564926,1933,40904,175,98715,35.00,-7.23,-4.97
564948,1837,40904,157,98791,35.00,-7.21,-4.94
564970,2037,40904,141,98824,35.00,-7.23,-4.95
564992,1893,40904,133,98859,35.00,-7.20,-4.98
565034,1400,40904,117,99009,35.00,-7.23,-4.98
565056,1455,40904,121,99050,35.00,-7.23,-5.00
565078,1163,40904,119,99114,35.00,-7.25,-4.97
565100,1082,41000,145,99169,35.00,-7.23,-4.95
565122,1239,41000,152,99222,35.00,-7.19,-4.93
565144,1459,40904,158,99276,35.00,-7.20,-4.96
565166,1610,40904,151,99345,35.00,-7.26,-4.97
565188,1631,40904,151,99403,35.00,-7.24,-4.97
565210,1989,41000,138,99471,35.00,-7.23,-4.98
565232,2121,40904,135,99512,35.00,-7.27,-4.99
565254,1781,41000,119,99556,35.00,-7.20,-4.98
565295,1599,40904,121,99680,35.00,-7.24,-4.96
565317,1491,40904,119,99748,35.00,-7.22,-4.90
565339,1161,40904,127,99808,35.00,-7.25,-4.99
565361,1261,40904,159,99864,35.00,-7.24,-4.96
565383,1636,40904,178,99903,35.00,-7.25,-4.98
565405,1883,41000,189,99928,35.00,-7.19,-4.98
565427,2077,41000,190,99899,35.00,-7.22,-4.96
565449,2569,41000,192,99687,35.00,-7.24,-4.96
565471,2457,41000,172,99332,35.00,-7.26,-4.94
565493,2457,40904,159,98979,35.00,-7.21,-4.92
565535,2105,40904,138,98477,35.00,-7.24,-4.94
565557,1809,41000,119,98369,35.00,-7.24,-4.97
565579,1639,41000,127,98297,35.00,-7.23,-4.96
565601,1497,41000,137,98266,35.00,-7.23,-4.99
565623,1299,40904,141,98293,35.00,-7.23,-4.96
565645,1317,41000,149,98385,35.00,-7.23,-4.98
565667,1581,41000,153,98500,35.00,-7.19,-4.93
565689,1775,41000,145,98604,35.00,-7.26,-4.97
565711,1775,41000,137,98674,35.00,-7.23,-4.98
565733,1692,41000,120,98717,35.00,-7.24,-4.98
565755,1477,41000,111,98749,35.00,-7.23,-4.98
565796,1638,41000,117,98855,35.00,-7.26,-5.01
565818,1432,41000,123,98902,35.00,-7.24,-4.96
565840,1354,41000,138,98948,35.00,-7.24,-4.99
565862,1453,41000,167,98988,35.00,-7.23,-4.96
565884,1688,41000,179,99034,35.00,-7.24,-5.01
565906,1883,41000,189,99090,35.00,-7.22,-4.92
565928,1875,41000,173,99164,35.00,-7.25,-4.96
565950,2151,41000,172,99231,35.00,-7.27,-5.01
565972,2121,41000,146,99296,35.00,-7.25,-4.96
565994,2183,41000,145,99345,35.00,-7.25,-4.96
566037,1943,41000,121,99491,35.00,-7.23,-4.94
566059,1705,41000,134,99552,35.00,-7.20,-4.96
566081,1626,41512,139,99606,35.00,-7.24,-4.93
566103,1481,41512,150,99654,35.00,-7.24,-4.97
566125,1383,41000,152,99713,35.00,-7.23,-5.00
566147,1491,41000,155,99754,35.00,-7.24,-4.94
566169,1810,41000,151,99775,35.00,-7.28,-5.00
566191,1831,41000,141,99697,35.00,-7.22,-4.97
566213,1946,41000,125,99416,35.00,-7.23,-4.96
566235,1763,41000,121,99048,35.00,-7.23,-4.96
566277,1720,41512,115,98400,35.00,-7.26,-4.95
566299,1567,41000,135,98284,35.00,-7.24,-4.99
566321,1467,41000,143,98208,35.00,-7.28,-4.97
566343,1387,41000,165,98142,35.00,-7.23,-4.97
566365,1693,41000,174,98140,35.00,-7.22,-4.94
566387,1809,41000,185,98176,35.00,-7.23,-4.95
566409,1851,41000,171,98291,35.00,-7.20,-4.96
566431,1949,41000,167,98424,35.00,-7.23,-4.94
566453,2259,41000,143,98520,35.00,-7.25,-4.99
566475,1767,41000,127,98579,35.00,-7.26,-4.96
566497,1658,41512,119,98627,35.00,-7.27,-4.90
566538,1720,41512,133,98766,35.00,-7.24,-4.92
566560,1557,41512,123,98835,35.00,-7.23,-4.95
566582,1513,41000,149,98908,35.00,-7.22,-4.99
566604,1575,41000,158,98967,35.00,-7.22,-4.96
566626,1645,41000,166,99038,35.00,-7.21,-4.97
566648,1624,41512,166,99099,35.00,-7.21,-4.96
566670,2027,41512,155,99169,35.00,-7.25,-4.92
566692,2131,41512,149,99227,35.00,-7.22,-4.97
566714,1983,41512,123,99285,35.00,-7.22,-4.95
566736,1898,41512,121,99343,35.00,-7.24,-4.96
566778,1815,41512,119,99501,35.00,-7.22,-4.98
566800,1548,41512,132,99557,35.00,-7.21,-4.93
566822,1512,41512,141,99611,35.00,-7.20,-4.97
566844,1446,41512,164,99683,35.00,-7.23,-5.00
566866,1509,41000,170,99748,35.00,-7.22,-4.96
566888,1830,41000,187,99805,35.00,-7.24,-4.97
566910,2135,41000,184,99837,35.00,-7.27,-4.99
566932,2157,41000,183,99853,35.00,-7.21,-4.96
566954,2258,41512,159,99770,35.00,-7.23,-4.97
566976,2365,41000,156,99528,35.00,-7.24,-4.97
566998,2215,41512,143,99181,35.00,-7.26,-4.97
567039,1884,41512,137,98503,35.00,-7.25,-4.94
567061,1787,41512,133,98385,35.00,-7.24,-4.99
567083,1415,41000,133,98301,35.00,-7.24,-4.96
567105,1289,41000,147,98243,35.00,-7.23,-4.97
567127,1375,41000,151,98244,35.00,-7.24,-4.97
567149,1673,41000,157,98276,35.00,-7.21,-4.91
567171,1783,41000,153,98381,35.00,-7.24,-4.98
567193,1717,41000,153,98502,35.00,-7.22,-4.95
567215,1881,41512,134,98582,35.00,-7.25,-4.97
567237,2065,41000,139,98641,35.00,-7.20,-4.98
567280,1765,41000,125,98781,35.00,-7.22,-4.97
567302,1687,41000,145,98841,35.00,-7.25,-4.97
567324,1627,41000,151,98902,35.00,-7.22,-4.96
567346,1490,41000,168,98956,35.00,-7.22,-4.96
567368,1541,41000,169,99030,35.00,-7.25,-4.94
567390,1610,41000,171,99087,35.00,-7.24,-4.95
567412,1677,41000,153,99153,35.00,-7.23,-4.96
567434,1897,41000,163,99220,35.00,-7.23,-4.97
567456,2065,41000,140,99280,35.00,-7.23,-4.96
567478,1972,41000,132,99335,35.00,-7.25,-4.96
567520,1851,41000,125,99516,35.00,-7.25,-4.93
567542,1351,41000,125,99544,35.00,-7.22,-4.96
567564,1383,41000,149,99597,35.00,-7.23,-4.94
567586,1553,41000,160,99657,35.00,-7.24,-4.95
567608,1652,41000,168,99729,35.00,-7.24,-4.94
567630,1651,41000,168,99778,35.00,-7.24,-4.95
567652,1735,41000,163,99827,35.00,-7.25,-4.94
567674,1917,41000,153,99889,35.00,-7.23,-4.95
567696,2068,41512,145,99937,35.00,-7.20,-4.94
567718,2159,41000,135,99906,35.00,-7.20,-4.98
567740,1912,41512,131,99719,35.00,-7.24,-4.96
567781,1435,41512,125,98815,35.00,-7.23,-4.97
567803,1483,41000,139,98676,35.00,-7.18,-4.97
567825,1242,41000,142,98586,35.00,-7.20,-4.94
567847,1301,41000,151,98499,35.00,-7.26,-4.94
567869,1255,41000,156,98453,35.00,-7.26,-4.94
567891,1518,41000,163,98446,35.00,-7.25,-4.94
567913,1597,41512,151,98498,35.00,-7.25,-4.96
567935,1768,41512,147,98609,35.00,-7.22,-4.98
567957,1896,41512,133,98728,35.00,-7.23,-4.92
567979,1881,41512,125,98801,35.00,-7.23,-4.96
568021,1848,41512,136,98950,35.00,-7.23,-4.98
568043,1951,41512,147,98997,35.00,-7.24,-4.94
568065,1709,41512,147,99050,35.00,-7.23,-4.97
568087,1735,41512,172,99104,35.00,-7.24,-4.95
568109,1687,41000,169,99163,35.00,-7.27,-4.97
568131,1871,41512,185,99230,35.00,-7.24,-4.97
568153,1958,41512,165,99288,35.00,-7.23,-4.98
568175,1949,41512,159,99349,35.00,-7.24,-4.96
568197,2165,41512,141,99410,35.00,-7.24,-4.96
568219,1983,41512,127,99471,35.00,-7.22,-4.92
568241,1674,41512,111,99545,35.00,-7.26,-4.96
568282,1369,41512,119,99710,35.00,-7.24,-4.99
568304,1304,41512,120,99753,35.00,-7.23,-4.98
568326,1307,41512,141,99812,35.00,-7.21,-4.92
568348,1383,41512,152,99867,35.00,-7.23,-4.95
568370,1285,41512,160,99929,35.00,-7.22,-4.94
568392,1604,41512,167,99977,35.00,-7.24,-4.96
568414,2125,41512,167,99977,35.00,-7.22,-4.98
568436,2171,41512,155,99977,35.00,-7.24,-4.97
568458,2381,42280,141,99977,35.00,-7.23,-4.96
568480,2053,41512,133,99977,35.00,-7.23,-4.93
568523,1893,41512,139,99126,35.00,-7.27,-4.94
568545,1913,41000,159,98909,35.00,-7.26,-4.93
568567,1873,41512,179,98771,35.00,-7.23,-4.96
568589,1845,41512,180,98655,35.00,-7.25,-4.95
568611,1799,41512,187,98564,35.00,-7.24,-4.94
568633,1892,41512,175,98498,35.00,-7.28,-4.96
568655,1947,41512,159,98490,35.00,-7.21,-4.98
568677,1933,41512,142,98531,35.00,-7.26,-4.95
568699,1878,42280,124,98637,35.00,-7.22,-4.96
568721,1557,41512,115,98748,35.00,-7.21,-4.99
568763,1477,42280,117,98962,35.00,-7.23,-4.98
568785,1586,41512,135,98986,35.00,-7.25,-4.94
568807,1517,41512,153,99045,35.00,-7.24,-4.97
568829,1497,41512,167,99092,35.00,-7.25,-5.00
568851,1519,41512,167,99154,35.00,-7.25,-5.02
568873,1707,41512,167,99204,35.00,-7.22,-4.96
568895,2080,41512,165,99271,35.00,-7.22,-5.01
568917,1711,41512,142,99331,35.00,-7.24,-4.97
568939,1629,41512,133,99396,35.00,-7.22,-4.93
568961,1637,41512,133,99471,35.00,-7.24,-4.97
568983,1846,41512,141,99552,35.00,-7.26,-4.95
569024,1589,41512,139,99727,35.00,-7.26,-4.96
569046,1438,41512,143,99779,35.00,-7.26,-4.96
569068,1388,41512,149,99839,35.00,-7.22,-4.97
569090,1322,41512,154,99898,35.00,-7.18,-4.96
569112,1468,41512,157,99960,35.00,-7.25,-4.96
569134,1351,41512,149,99960,35.00,-7.21,-4.96
569156,1612,41512,147,99960,35.00,-7.22,-4.98
569178,1543,41512,133,99960,35.00,-7.25,-4.97
569200,1679,41512,121,99960,35.00,-7.27,-5.02
569222,1735,41512,120,99960,35.00,-7.27,-5.00
569264,1640,41512,120,99626,35.00,-7.22,-4.96
569286,1724,41512,127,99292,35.00,-7.21,-4.96
569308,1653,41512,143,99034,35.00,-7.21,-4.97
569330,1449,41512,153,98856,35.00,-7.22,-4.95
569352,1571,41512,157,98715,35.00,-7.27,-4.95
569374,1747,42280,166,98616,35.00,-7.24,-4.98
569396,2007,41512,160,98527,35.00,-7.25,-4.97
569418,2085,41512,163,98498,35.00,-7.25,-4.98
569440,2201,41512,148,98507,35.00,-7.26,-4.95
569462,2259,41512,151,98583,35.00,-7.23,-4.92
569484,2213,41512,145,98723,35.00,-7.21,-4.95
569525,1873,41512,151,98940,35.00,-7.20,-4.97
569547,1557,41512,136,98988,35.00,-7.22,-5.00
569569,1863,41512,160,99026,35.00,-7.27,-4.95
569591,1863,41512,167,99090,35.00,-7.24,-4.98
569613,1767,41512,168,99148,35.00,-7.28,-4.98
569635,1689,41512,157,99194,35.00,-7.24,-4.96
569657,1933,41512,155,99259,35.00,-7.23,-4.94
569679,1991,41512,137,99323,35.00,-7.21,-4.96
569701,1889,41512,125,99391,35.00,-7.24,-4.94
569723,1823,41512,117,99443,35.00,-7.24,-4.97
569766,1734,41512,123,99640,35.00,-7.25,-5.00
569788,1611,41512,135,99709,35.00,-7.25,-4.98
569810,1563,41512,157,99773,35.00,-7.24,-4.98
569832,1691,42280,167,99804,35.00,-7.23,-4.98
569854,1755,41512,170,99854,35.00,-7.21,-4.97
569876,1593,41512,159,99914,35.00,-7.22,-4.99
569898,1643,41512,166,99977,35.00,-7.22,-4.98
569920,2026,41512,153,99977,35.00,-7.22,-4.94
569942,2093,41512,153,99977,35.00,-7.23,-4.92
569964,1927,41512,147,99977,35.00,-7.25,-4.98
570382,2231,42280,160,99977,35.83,-7.24,-4.98
570410,1899,41512,127,99165,35.00,-7.27,-4.96
570432,1396,41512,159,99211,35.00,-7.22,-4.96
570454,1469,41512,172,99283,35.00,-7.25,-4.98
570476,1759,41512,182,99336,35.00,-7.22,-4.96
570498,2003,41512,171,99416,35.00,-7.19,-4.92
570520,2005,41512,158,99463,35.00,-7.25,-4.97
570542,1913,41512,133,99508,35.00,-7.23,-4.97
570564,2001,42280,139,99570,35.00,-7.24,-4.96
570586,1967,41512,121,99624,35.00,-7.26,-4.93
570628,1675,42280,136,99773,35.00,-7.21,-4.92
570650,1693,41512,141,99830,35.00,-7.24,-4.97
570672,1640,41512,155,99889,35.00,-7.23,-4.96
570694,1681,41512,158,99940,35.00,-7.26,-4.95
570716,1739,42280,159,99993,35.00,-7.25,-4.96
570738,2023,41512,171,99993,35.00,-7.21,-4.95
570760,2187,42280,153,99993,35.00,-7.23,-4.95
570782,2086,42280,149,99993,35.00,-7.23,-4.98
570804,1867,42280,134,99993,35.00,-7.22,-4.96
570826,1571,42280,133,99909,35.00,-7.24,-4.99
570868,1835,42280,141,98954,35.00,-7.24,-4.97
570890,2246,41512,157,98767,35.00,-7.25,-4.99
570912,1695,41512,167,98636,35.00,-7.25,-4.97
570934,1613,41512,173,98537,35.00,-7.28,-5.00
570956,1559,41512,183,98479,35.00,-7.21,-4.94
570978,1901,41512,183,98442,35.00,-7.24,-4.96
571404,2259,41512,180,98483,36.50,-7.20,-4.95
571433,1783,41000,121,99804,35.00,-7.22,-4.95
571455,1383,41512,151,99881,35.00,-7.24,-4.98
571477,1477,41512,158,99952,35.00,-7.21,-4.96
571499,1631,41512,153,99952,35.00,-7.25,-4.98
571521,1772,41512,145,99952,35.00,-7.23,-4.96
571543,1453,41512,125,99952,35.00,-7.24,-5.00
571565,1941,42280,133,99952,35.00,-7.21,-4.98
571587,2215,41512,139,99952,35.00,-7.26,-4.93
571609,2011,41512,151,99885,35.00,-7.22,-4.92
571650,2013,41512,169,98972,35.00,-7.22,-4.97
571672,2193,41512,173,98841,35.00,-7.22,-4.95
571694,1691,41512,167,98736,35.00,-7.28,-4.99
571716,1308,41512,159,98662,35.00,-7.26,-4.99
571738,1547,41512,149,98612,35.00,-7.22,-5.00
571760,1939,41512,153,98608,35.00,-7.21,-4.98
571782,1854,41512,133,98684,35.00,-7.22,-4.99
571804,1385,41512,115,98796,35.00,-7.23,-4.95
571826,1234,41512,108,98924,35.00,-7.24,-4.97
571848,1640,41512,117,99022,35.00,-7.23,-4.98
571891,1708,41512,125,99163,35.00,-7.24,-4.95
571913,1373,41512,141,99214,35.00,-7.22,-4.95
571935,1450,41512,156,99267,35.00,-7.25,-4.94
571957,1587,41512,167,99320,35.00,-7.22,-4.98
571979,1479,41512,159,99381,35.00,-7.25,-4.99
572427,1687,41512,157,99432,36.97,-7.24,-4.95
572456,1978,42280,123,98782,35.00,-7.22,-4.98
572478,1815,42280,167,98684,35.00,-7.23,-4.98
572500,1817,42280,171,98611,35.00,-7.26,-4.97
572522,1901,42280,171,98590,35.00,-7.22,-4.98
572544,2072,42280,158,98632,35.00,-7.24,-4.97
572566,2115,42280,151,98736,35.00,-7.25,-4.97
572588,2335,42280,155,98880,35.00,-7.28,-4.95
572610,2341,42280,155,98978,35.00,-7.24,-4.98
572652,2279,42280,165,99133,35.00,-7.22,-4.96
572674,1865,42280,171,99190,35.00,-7.24,-4.96
572696,1709,42280,189,99259,35.00,-7.24,-4.95
572718,2143,42280,201,99314,35.00,-7.23,-4.92
572740,1701,42280,187,99374,35.00,-7.21,-4.98
572762,1903,42280,174,99443,35.00,-7.23,-4.97
572784,1835,42792,151,99500,35.00,-7.25,-4.98
572806,1767,42792,124,99564,35.00,-7.20,-4.97
572828,1607,42792,118,99623,35.00,-7.22,-4.95
572850,1318,42792,109,99693,35.00,-7.25,-4.95
572872,1166,42280,108,99760,35.00,-7.22,-4.95
572913,1353,42280,132,99957,35.00,-7.23,-4.96
572935,1115,42792,135,99957,35.00,-7.26,-4.95
572957,874,42792,152,99957,35.00,-7.25,-4.96
572979,1320,42792,164,99957,35.00,-7.21,-4.95
573705,1325,42280,165,99957,37.17,-7.24,-4.97
573735,2195,42792,157,99957,35.00,-7.23,-4.94
573757,1707,42792,141,99957,35.00,-7.25,-5.00
573779,1683,42792,153,99957,35.00,-7.24,-4.96
573801,1687,42792,157,99957,35.00,-7.25,-4.95
573823,1676,42792,149,99957,35.00,-7.24,-4.96
573845,1853,42792,140,99957,35.00,-7.24,-4.98
573867,1676,42792,133,99957,35.00,-7.17,-5.00
573889,1887,43176,125,99957,35.00,-7.23,-4.95
573911,1846,42792,127,99957,35.00,-7.24,-5.00
573933,2009,42792,127,99772,35.00,-7.21,-4.94
573976,1749,42792,135,99011,35.00,-7.25,-4.96
573998,1592,42792,149,98877,35.00,-7.26,-4.96
574020,1349,42792,154,98795,35.00,-7.20,-4.97
574042,1567,42280,171,98703,35.00,-7.25,-4.94
574064,1635,42280,171,98666,35.00,-7.24,-5.01
574086,1775,42792,169,98686,35.00,-7.22,-4.96
574108,2057,42792,167,98783,35.00,-7.26,-4.96
574130,1935,42792,157,98921,35.00,-7.27,-4.96
574152,1577,42792,147,99016,35.00,-7.24,-4.98
574174,1819,42792,157,99107,35.00,-7.24,-4.95
574216,1907,42280,159,99296,35.00,-7.23,-4.95
574238,1809,42280,149,99340,35.00,-7.24,-4.94
574260,1637,42792,164,99407,35.00,-7.26,-4.94
574282,1565,42792,157,99470,35.00,-7.24,-4.97
574304,1956,42792,166,99536,35.00,-7.26,-4.95
574326,1959,42792,147,99577,35.00,-7.22,-5.00
574348,1637,42792,139,99655,35.00,-7.23,-5.00
574370,1741,42792,119,99701,35.00,-7.24,-4.92
574392,1865,42792,117,99746,35.00,-7.25,-4.95
574414,1651,42792,109,99772,35.00,-7.23,-4.97
574436,1481,42792,123,99794,35.00,-7.23,-4.95
574477,1384,42792,133,99828,35.00,-7.22,-4.96
574499,1478,42792,141,99894,35.00,-7.21,-4.95
574521,1567,42792,159,99952,35.00,-7.23,-4.93
574543,1575,42792,167,99952,35.00,-7.24,-4.96
574565,1613,42280,163,99952,35.00,-7.26,-4.96
574587,1725,42280,154,99952,35.00,-7.20,-4.95
574609,1853,42792,151,99952,35.00,-7.24,-4.94
574631,1915,42792,145,99952,35.00,-7.21,-4.98
574653,1999,42792,147,99952,35.00,-7.27,-4.98
574675,2069,42280,151,99968,35.00,-7.24,-4.96
574717,1980,42280,167,99019,35.00,-7.22,-4.96
