timestamp,ecg,gsr,gas,pulse,temp,acc_x,acc_y
453554,1635,21840,171,0,35.00,-7.28,-4.86
453576,1589,21840,154,0,35.00,-7.25,-4.83
453598,1945,22352,149,0,35.00,-7.25,-4.85
453620,2137,22352,142,0,35.00,-7.24,-4.89
453642,2059,21840,125,0,35.00,-7.25,-4.89
453683,1763,22352,125,0,35.00,-7.26,-4.87
453705,1237,22352,121,0,35.00,-7.28,-4.85
453727,1494,22352,137,0,35.00,-7.23,-4.86
453749,1649,22352,158,0,35.00,-7.26,-4.81
453771,1559,22352,157,0,35.00,-7.28,-4.86
453793,1420,22352,159,0,35.00,-7.27,-4.85
453815,1738,22352,158,0,35.00,-7.24,-4.87
453837,1918,22352,151,0,35.00,-7.25,-4.84
453859,2042,22352,138,0,35.00,-7.26,-4.86
453881,1679,22352,121,0,35.00,-7.25,-4.87
453924,2031,22352,136,0,35.00,-7.23,-4.86
453946,1553,21840,133,0,35.00,-7.24,-4.83
453968,1617,22352,155,0,35.00,-7.27,-4.85
453990,2043,21840,169,0,35.00,-7.22,-4.86
454409,1789,21840,166,0,35.50,-7.26,-4.84
454445,1646,21072,168,0,35.00,-7.22,-4.89
454467,1749,21072,150,0,35.00,-7.27,-4.87
454489,1515,21072,159,0,35.00,-7.24,-4.87
454511,1523,21072,167,0,35.00,-7.23,-4.87
454533,1687,21072,160,0,35.00,-7.25,-4.90
454555,1778,21072,151,0,35.00,-7.23,-4.88
454577,1748,21840,139,0,35.00,-7.25,-4.85
454599,1967,21840,136,0,35.00,-7.29,-4.84
454621,1884,21840,125,0,35.00,-7.22,-4.89
454643,1893,21840,135,0,35.00,-7.24,-4.88
454686,1663,21840,137,0,35.00,-7.25,-4.83
454708,1511,21072,153,0,35.00,-7.24,-4.88
454730,1609,21072,157,0,35.00,-7.25,-4.85
454752,1945,21072,163,0,35.00,-7.26,-4.86
454774,1763,21072,147,0,35.00,-7.20,-4.87
454796,1723,21840,138,0,35.00,-7.25,-4.84
454818,1427,22352,119,0,35.00,-7.27,-4.81
454840,1389,22352,114,0,35.00,-7.24,-4.85
454862,1510,22352,111,0,35.00,-7.23,-4.87
454884,1782,21840,134,0,35.00,-7.24,-4.87
454926,1688,21840,139,0,35.00,-7.27,-4.85
454948,1277,21072,141,0,35.00,-7.24,-4.87
454970,1059,20560,138,0,35.00,-7.30,-4.86
454992,1179,20368,137,0,35.00,-7.28,-4.87
455430,3448,20368,170,0,35.46,-7.26,-4.88
455467,1080,19088,151,0,35.00,-7.23,-4.86
455489,3547,18576,207,0,35.00,-7.25,-4.89
455511,573,18576,115,0,35.00,-7.23,-4.86
455533,0,18576,140,0,35.00,-7.25,-4.85
455555,2042,18192,179,0,35.00,-7.26,-4.83
455577,1404,18192,123,0,35.00,-7.24,-4.87
455599,947,18192,121,0,35.00,-7.24,-4.83
455621,1981,18192,135,0,35.00,-7.30,-4.83
455643,618,18192,141,0,35.00,-7.22,-4.88
455665,2279,18192,165,0,35.00,-7.25,-4.90
455687,0,18192,143,0,35.00,-7.30,-4.86
455728,3807,18192,222,0,35.00,-7.29,-4.83
455750,3795,18192,211,0,35.00,-7.27,-4.88
455772,1765,18192,143,0,35.00,-7.26,-4.87
455794,2950,18576,167,0,35.00,-7.22,-4.89
455816,2401,18576,153,0,35.00,-7.32,-4.89
455838,2159,18192,141,0,35.00,-7.24,-4.86
455860,1899,18576,137,0,35.00,-7.24,-4.89
455882,1471,18576,137,0,35.00,-7.27,-4.86
455904,2521,18576,167,0,35.00,-7.23,-4.86
455926,1959,18576,169,0,35.00,-7.26,-4.85
455969,1706,18576,175,0,35.00,-7.26,-4.86
455991,1787,18576,173,0,35.00,-7.29,-4.88
456706,2265,18576,174,0,35.71,-7.26,-4.83
456730,1275,19088,168,0,35.00,-7.24,-4.84
456752,1547,19088,159,0,35.00,-7.22,-4.87
456774,1693,19088,141,0,35.00,-7.25,-4.86
456796,1735,19088,141,0,35.00,-7.24,-4.90
456818,1627,19088,132,0,35.00,-7.25,-4.84
456840,1620,19088,139,0,35.00,-7.21,-4.88
456862,1605,19088,151,0,35.00,-7.24,-4.83
456884,1383,19088,153,0,35.00,-7.23,-4.84
456906,1289,19088,164,0,35.00,-7.23,-4.89
456928,1553,19088,175,0,35.00,-7.25,-4.81
456950,1747,19088,167,0,35.00,-7.23,-4.86
456991,1517,19088,149,0,35.00,-7.25,-4.82
457728,1478,19088,142,0,35.18,-7.26,-4.86
457753,1631,18192,157,0,35.00,-7.23,-4.85
457775,1775,18576,127,0,35.00,-7.28,-4.85
457797,1848,18576,133,0,35.00,-7.26,-4.88
457819,1689,18576,139,0,35.00,-7.23,-4.84
457841,1614,18576,150,0,35.00,-7.28,-4.87
457863,1619,18576,163,0,35.00,-7.22,-4.86
457885,1534,18576,168,0,35.00,-7.23,-4.85
457907,1561,18576,171,0,35.00,-7.24,-4.88
457929,1639,18576,160,0,35.00,-7.28,-4.86
457951,1524,18576,151,0,35.00,-7.24,-4.83
457994,1779,18576,141,0,35.00,-7.29,-4.86
458749,1757,18192,126,0,35.12,-7.24,-4.85
458775,1275,19088,139,0,35.00,-7.25,-4.88
458797,1301,19088,132,0,35.00,-7.23,-4.83
458819,1785,19088,151,0,35.00,-7.26,-4.86
458841,1753,19088,155,0,35.00,-7.24,-4.87
458863,1325,19088,157,0,35.00,-7.25,-4.85
458885,1183,19856,165,0,35.00,-7.26,-4.87
458907,1721,19856,173,0,35.00,-7.27,-4.85
458929,2002,19856,159,0,35.00,-7.23,-4.87
458951,1927,19088,147,0,35.00,-7.25,-4.88
458973,1400,19856,124,0,35.00,-7.28,-4.87
458995,1444,19856,127,0,35.00,-7.23,-4.82
459036,1951,19856,139,0,35.00,-7.24,-4.87
459058,1447,19856,137,0,35.00,-7.25,-4.88
459080,1791,19088,157,0,35.00,-7.27,-4.85
459102,1839,19088,169,0,35.00,-7.23,-4.85
459124,1852,19088,173,0,35.00,-7.28,-4.88
459146,1912,19856,173,0,35.00,-7.25,-4.80
459168,1807,19856,164,0,35.00,-7.30,-4.82
459190,1823,19856,152,0,35.00,-7.26,-4.88
459212,1947,19856,142,0,35.00,-7.23,-4.86
459234,1983,19856,145,0,35.00,-7.25,-4.87
459256,2077,19856,147,0,35.00,-7.25,-4.87
459297,2073,19856,154,0,35.00,-7.30,-4.84
459319,1663,19856,147,0,35.00,-7.24,-4.84
459341,1515,19856,159,0,35.00,-7.28,-4.84
459363,1910,19856,179,0,35.00,-7.25,-4.85
459385,1717,19856,175,0,35.00,-7.25,-4.85
459407,1683,19856,171,0,35.00,-7.24,-4.83
459429,1711,19856,163,0,35.00,-7.22,-4.90
459451,1941,19856,149,0,35.00,-7.24,-4.88
459473,1916,19856,148,0,35.00,-7.24,-4.87
459495,1867,19856,139,0,35.00,-7.28,-4.90
459537,1571,19856,141,0,35.00,-7.21,-4.85
459559,1571,19856,146,0,35.00,-7.23,-4.83
459581,1427,19856,155,0,35.00,-7.26,-4.89
459603,1237,19856,154,0,35.00,-7.24,-4.85
459625,1561,19088,167,0,35.00,-7.29,-4.83
459647,1767,19856,155,0,35.00,-7.30,-4.87
459669,1813,19856,147,0,35.00,-7.26,-4.83
459691,1574,19856,122,0,35.00,-7.28,-4.85
459713,1339,19856,125,0,35.00,-7.26,-4.85
459735,1511,19856,133,0,35.00,-7.23,-4.88
459757,1818,19856,149,0,35.00,-7.26,-4.86
459798,1699,19856,152,0,35.00,-7.22,-4.89
459820,1651,19088,159,0,35.00,-7.24,-4.87
459842,1775,19088,171,0,35.00,-7.25,-4.91
459864,1560,19088,169,0,35.00,-7.25,-4.89
459886,1741,19088,171,0,35.00,-7.23,-4.87
459908,1875,19856,159,0,35.00,-7.23,-4.91
459930,1843,19856,142,0,35.00,-7.23,-4.88
459952,1928,19856,150,0,35.00,-7.25,-4.88
459974,1960,19856,143,0,35.00,-7.24,-4.88
459996,2127,19088,149,0,35.00,-7.28,-4.87
460535,2035,19856,156,0,35.31,-7.25,-4.86
460565,1875,19856,149,0,35.00,-7.26,-4.87
460587,1779,19856,155,0,35.00,-7.24,-4.87
460609,1945,19856,143,0,35.00,-7.21,-4.83
460631,1845,19856,138,0,35.00,-7.25,-4.88
460653,1819,19856,132,0,35.00,-7.25,-4.83
460675,1672,19856,133,0,35.00,-7.20,-4.84
460697,1672,19856,138,0,35.00,-7.26,-4.87
460719,1647,19856,157,0,35.00,-7.28,-4.86
460761,1663,19856,168,0,35.00,-7.28,-4.86
460783,1651,19088,167,0,35.00,-7.22,-4.86
460805,1757,19856,166,0,35.00,-7.24,-4.88
460827,1769,19856,150,0,35.00,-7.25,-4.86
460849,1913,19856,142,0,35.00,-7.24,-4.85
460871,1959,19856,137,0,35.00,-7.25,-4.90
460893,1868,19856,133,0,35.00,-7.27,-4.87
460915,1927,19856,137,0,35.00,-7.26,-4.89
460937,1657,19856,141,0,35.00,-7.22,-4.88
460959,1562,19856,155,0,35.00,-7.26,-4.90
461557,1517,19856,159,0,35.73,-7.26,-4.89
461587,1635,19856,155,0,35.00,-7.26,-4.87
461609,1798,19856,120,0,35.00,-7.25,-4.84
461631,1657,20368,117,0,35.00,-7.30,-4.84
461653,1612,20368,121,0,35.00,-7.25,-4.83
461675,1607,20368,137,0,35.00,-7.26,-4.86
461697,1624,20368,143,0,35.00,-7.24,-4.87
461719,1699,20368,159,0,35.00,-7.23,-4.84
461741,1644,20368,163,0,35.00,-7.28,-4.87
461783,1735,20368,159,0,35.00,-7.24,-4.89
461805,1703,20368,142,0,35.00,-7.25,-4.91
461827,1867,20368,141,0,35.00,-7.27,-4.89
461849,2039,20368,137,0,35.00,-7.28,-4.86
461871,2005,20368,125,0,35.00,-7.24,-4.85
461893,1961,20368,135,0,35.00,-7.26,-4.84
461915,1906,20368,142,0,35.00,-7.27,-4.86
461937,1797,20368,151,0,35.00,-7.28,-4.83
461959,1751,20368,167,0,35.00,-7.26,-4.89
461981,1675,20368,166,0,35.00,-7.24,-4.87
462578,1828,20368,167,0,35.87,-7.29,-4.85
462609,1675,21072,145,0,35.00,-7.23,-4.86
462631,1476,21072,116,0,35.00,-7.23,-4.86
462653,1336,21840,125,0,35.00,-7.24,-4.85
462675,1434,21840,136,0,35.00,-7.21,-4.87
462697,1427,22352,151,0,35.00,-7.26,-4.90
462719,995,22352,146,0,35.00,-7.28,-4.84
462741,1419,22352,155,0,35.00,-7.28,-4.85
462763,1453,22352,145,0,35.00,-7.24,-4.84
462785,1751,22352,127,0,35.00,-7.25,-4.85
462826,1519,22736,106,0,35.00,-7.24,-4.87
462848,1319,22736,105,0,35.00,-7.25,-4.86
462870,1773,22736,117,0,35.00,-7.27,-4.85
462892,1829,22736,123,0,35.00,-7.30,-4.92
462914,1739,22736,134,0,35.00,-7.23,-4.87
462936,1544,22736,144,0,35.00,-7.23,-4.86
462958,1564,22736,149,0,35.00,-7.24,-4.87
462980,1513,22736,153,0,35.00,-7.24,-4.85
463344,1650,22736,144,0,35.35,-7.27,-4.85
463372,1802,22736,137,0,35.00,-7.25,-4.83
463394,1741,22736,141,0,35.00,-7.25,-4.84
463416,1823,22736,162,0,35.00,-7.26,-4.84
463438,1809,22352,165,0,35.00,-7.25,-4.88
463460,1749,22352,165,0,35.00,-7.22,-4.86
463482,1399,22352,151,0,35.00,-7.25,-4.87
463504,1780,22352,152,0,35.00,-7.25,-4.89
463526,1753,22352,124,0,35.00,-7.23,-4.86
463568,1517,22352,125,0,35.00,-7.24,-4.87
463590,1225,22352,114,0,35.00,-7.25,-4.86
463612,3223,22352,169,0,35.00,-7.26,-4.83
463634,1069,22352,123,0,35.00,-7.27,-4.85
463656,1897,22352,159,0,35.00,-7.24,-4.86
463678,1869,22352,171,0,35.00,-7.27,-4.87
463700,1311,22352,152,0,35.00,-7.26,-4.85
463722,857,22736,139,0,35.00,-7.23,-4.87
463744,915,22736,134,0,35.00,-7.25,-4.83
463766,1621,22736,137,0,35.00,-7.24,-4.84
463808,2131,22736,133,0,35.00,-7.28,-4.85
463830,1771,22736,123,0,35.00,-7.27,-4.84
463852,1673,22736,136,0,35.00,-7.24,-4.85
463874,1747,22736,151,0,35.00,-7.25,-4.85
463896,1635,22736,157,0,35.00,-7.25,-4.87
463918,1715,22736,163,0,35.00,-7.27,-4.81
463940,1705,22736,159,0,35.00,-7.27,-4.83
463962,1780,22736,149,0,35.00,-7.24,-4.87
463984,1851,22736,138,0,35.00,-7.26,-4.86
464365,1991,22736,125,0,36.04,-7.25,-4.88
464393,2025,22352,139,0,35.00,-7.26,-4.88
464415,2093,22352,167,0,35.00,-7.22,-4.86
464437,2967,22736,186,0,35.00,-7.24,-4.80
464459,1673,22736,151,0,35.00,-7.26,-4.86
464481,1993,22736,169,0,35.00,-7.23,-4.89
464503,1352,22736,147,0,35.00,-7.22,-4.85
464525,1705,22736,133,0,35.00,-7.25,-4.89
464547,1691,22736,121,0,35.00,-7.28,-4.85
464569,1061,22352,119,0,35.00,-7.28,-4.84
464610,1077,22352,139,0,35.00,-7.25,-4.87
464632,2153,22352,158,0,35.00,-7.24,-4.83
464654,2803,22352,175,0,35.00,-7.22,-4.83
464676,253,22352,135,0,35.00,-7.23,-4.86
464698,1043,22352,167,0,35.00,-7.21,-4.84
464720,1031,22352,165,0,35.00,-7.29,-4.89
464742,2123,22352,167,0,35.00,-7.22,-4.84
464764,1885,22736,138,0,35.00,-7.28,-4.84
464786,907,22736,123,0,35.00,-7.22,-4.89
464808,890,22352,121,0,35.00,-7.26,-4.86
464830,1813,22352,149,0,35.00,-7.28,-4.87
464871,1964,22352,157,0,35.00,-7.23,-4.91
464893,1171,22352,150,0,35.00,-7.23,-4.87
464915,1106,21840,159,0,35.00,-7.26,-4.88
464937,1589,22352,169,0,35.00,-7.28,-4.85
464959,1647,21840,165,0,35.00,-7.29,-4.89
464981,1373,21840,151,0,35.00,-7.24,-4.89
465387,1408,21840,139,0,36.73,-7.23,-4.86
465415,2274,21072,140,0,35.00,-7.26,-4.88
465437,1967,21072,179,0,35.00,-7.24,-4.86
465459,2157,20560,175,0,35.00,-7.22,-4.86
465481,2109,20560,159,0,35.00,-7.26,-4.85
465503,1928,20560,139,0,35.00,-7.25,-4.85
465525,1836,20560,141,0,35.00,-7.26,-4.88
465547,1850,20560,141,0,35.00,-7.24,-4.87
465569,1834,20560,139,0,35.00,-7.23,-4.88
465591,1836,20560,153,0,35.00,-7.23,-4.87
465633,1183,21072,155,0,35.00,-7.22,-4.86
465655,461,21072,156,0,35.00,-7.28,-4.86
465677,987,21072,167,0,35.00,-7.25,-4.82
465699,2549,21840,183,0,35.00,-7.24,-4.83
465721,2073,21840,154,0,35.00,-7.25,-4.88
465743,1867,21840,127,0,35.00,-7.25,-4.87
465765,2003,21840,139,0,35.00,-7.23,-4.83
465787,2683,21840,152,0,35.00,-7.30,-4.85
465809,2935,21840,165,0,35.00,-7.25,-4.91
465831,2130,21072,155,0,35.00,-7.29,-4.85
465874,1555,21840,172,0,35.00,-7.25,-4.90
465896,2094,21072,189,0,35.00,-7.24,-4.86
465918,1960,21840,184,0,35.00,-7.24,-4.87
465940,1727,21072,174,0,35.00,-7.21,-4.87
465962,1871,21072,166,0,35.00,-7.26,-4.86
465984,2089,21840,165,0,35.00,-7.24,-4.85
466408,2221,21840,167,0,36.25,-7.25,-4.90
466437,1382,21840,152,0,35.00,-7.25,-4.87
466459,1156,21840,155,0,35.00,-7.23,-4.84
466481,1307,21840,151,0,35.00,-7.26,-4.81
466503,1685,21840,123,0,35.00,-7.23,-4.88
466525,1309,21840,117,0,35.00,-7.26,-4.89
466547,1259,21840,119,0,35.00,-7.25,-4.84
466569,679,21840,119,0,35.00,-7.22,-4.86
466591,1019,21840,138,0,35.00,-7.27,-4.84
466613,188,21840,122,0,35.00,-7.22,-4.89
466655,680,22352,136,0,35.00,-7.24,-4.88
466677,1991,22352,154,0,35.00,-7.23,-4.85
466699,1881,22352,133,0,35.00,-7.22,-4.84
466721,733,22352,103,0,35.00,-7.23,-4.88
466743,1291,22352,117,0,35.00,-7.28,-4.88
466765,1961,22352,118,0,35.00,-7.23,-4.85
466787,1310,22352,115,0,35.00,-7.26,-4.88
466809,905,22736,127,0,35.00,-7.25,-4.86
466831,1567,22352,155,0,35.00,-7.25,-4.83
466853,1751,22352,160,0,35.00,-7.29,-4.87
466875,1303,22352,157,0,35.00,-7.26,-4.85
466916,1567,22736,164,0,35.00,-7.24,-4.83
466938,1931,22736,155,0,35.00,-7.23,-4.86
466960,1612,22736,137,0,35.00,-7.28,-4.86
466982,1639,22736,125,0,35.00,-7.29,-4.87
467429,2461,22736,139,0,36.36,-7.25,-4.88
467458,2285,21840,167,0,35.00,-7.26,-4.85
467480,1449,21840,121,0,35.00,-7.29,-4.87
467502,1683,21840,125,0,35.00,-7.22,-4.85
467524,1871,21840,123,0,35.00,-7.25,-4.87
467546,1753,21840,126,0,35.00,-7.22,-4.89
467568,1191,21840,135,0,35.00,-7.23,-4.85
467590,1479,21840,155,0,35.00,-7.29,-4.86
467612,1567,21840,159,0,35.00,-7.25,-4.86
467634,1623,22352,167,0,35.00,-7.25,-4.85
467656,1325,22352,151,0,35.00,-7.28,-4.88
467698,1339,22352,147,0,35.00,-7.28,-4.89
467720,2162,22352,139,0,35.00,-7.26,-4.87
467742,2235,22352,133,0,35.00,-7.27,-4.85
467764,1909,22352,121,0,35.00,-7.27,-4.89
467786,1754,22352,125,0,35.00,-7.27,-4.85
467808,1559,22352,136,0,35.00,-7.26,-4.85
467830,1597,22352,155,0,35.00,-7.28,-4.89
467852,1636,22352,165,0,35.00,-7.21,-4.87
467874,1621,22352,165,0,35.00,-7.25,-4.86
467896,1501,21840,151,0,35.00,-7.25,-4.86
467918,1553,22352,143,0,35.00,-7.25,-4.83
467959,1843,21840,137,0,35.00,-7.25,-4.85
467981,1717,21840,119,0,35.00,-7.25,-4.88
468706,1988,22352,136,0,36.09,-7.29,-4.89
468741,1435,22352,140,0,35.00,-7.26,-4.82
468763,1870,22352,123,0,35.00,-7.24,-4.90
468785,1622,22352,124,0,35.00,-7.27,-4.86
468807,1691,22352,143,0,35.00,-7.22,-4.85
468829,2121,22352,163,0,35.00,-7.26,-4.86
468851,2019,22352,164,0,35.00,-7.27,-4.84
468873,1555,22352,159,0,35.00,-7.27,-4.81
468895,1563,22352,155,0,35.00,-7.24,-4.85
468917,2229,22352,159,0,35.00,-7.23,-4.86
468939,2206,22352,135,0,35.00,-7.23,-4.88
468981,1561,22352,120,0,35.00,-7.27,-4.83
469727,1867,22352,125,0,35.84,-7.26,-4.87
469763,1431,22736,160,0,35.00,-7.22,-4.83
469785,2107,22736,147,0,35.00,-7.28,-4.89
469807,1853,22736,150,0,35.00,-7.24,-4.85
469829,1736,22736,165,0,35.00,-7.24,-4.86
469851,1596,22736,167,0,35.00,-7.23,-4.84
469873,1571,22736,158,0,35.00,-7.26,-4.82
469895,1625,23248,147,0,35.00,-7.24,-4.87
469917,1938,23248,145,0,35.00,-7.25,-4.84
469939,1561,23248,119,0,35.00,-7.24,-4.86
469961,1397,22736,118,0,35.00,-7.26,-4.87
469983,1604,23248,121,0,35.00,-7.25,-4.85
470024,1845,23248,140,0,35.00,-7.27,-4.87
470046,1513,22736,137,0,35.00,-7.25,-4.83
470068,1433,22736,153,0,35.00,-7.28,-4.86
470090,1789,23248,167,0,35.00,-7.27,-4.85
470112,2217,22736,175,0,35.00,-7.27,-4.90
470134,1995,22736,156,0,35.00,-7.27,-4.89
470156,1629,23248,139,0,35.00,-7.26,-4.83
470178,1692,23248,133,0,35.00,-7.25,-4.87
470200,1931,23248,127,0,35.00,-7.26,-4.82
470222,1909,22736,126,0,35.00,-7.23,-4.90
470265,1605,22736,137,0,35.00,-7.24,-4.85
470287,1651,22736,149,0,35.00,-7.25,-4.85
470309,1683,22736,163,0,35.00,-7.25,-4.88
470331,1643,22736,164,0,35.00,-7.25,-4.86
470353,1966,22736,163,0,35.00,-7.25,-4.86
470375,2169,22736,150,0,35.00,-7.24,-4.87
470397,2030,22736,135,0,35.00,-7.25,-4.86
470419,1995,22736,135,0,35.00,-7.30,-4.86
470441,2283,22736,135,0,35.00,-7.26,-4.85
470463,2101,22736,127,0,35.00,-7.26,-4.83
470505,1337,22736,135,0,35.00,-7.23,-4.85
470527,1947,22736,163,0,35.00,-7.26,-4.85
470549,2002,22736,167,0,35.00,-7.27,-4.83
470571,1255,22736,159,0,35.00,-7.25,-4.86
470593,1078,22736,155,0,35.00,-7.22,-4.81
470615,1799,22736,153,0,35.00,-7.24,-4.82
470637,2333,22736,149,0,35.00,-7.26,-4.91
470659,1868,22736,125,0,35.00,-7.25,-4.88
470681,1229,22736,114,0,35.00,-7.22,-4.84
470703,1543,22736,135,0,35.00,-7.25,-4.86
470725,1973,22736,151,0,35.00,-7.26,-4.88
470766,1882,22736,160,0,35.00,-7.24,-4.86
470788,1241,22736,157,0,35.00,-7.26,-4.85
470810,1585,22736,168,0,35.00,-7.22,-4.87
470832,1867,22736,167,0,35.00,-7.22,-4.84
470854,1645,22736,147,0,35.00,-7.26,-4.85
470876,1469,22736,133,0,35.00,-7.26,-4.84
470898,1628,22736,124,0,35.00,-7.26,-4.85
470920,1982,22736,123,0,35.00,-7.22,-4.86
470942,1803,22736,119,0,35.00,-7.26,-4.86
470964,1675,22736,133,0,35.00,-7.24,-4.89
471514,1575,22736,140,0,36.04,-7.25,-4.85
471548,1983,22736,137,0,35.00,-7.24,-4.89
471570,1832,22736,165,0,35.00,-7.26,-4.85
471592,1715,22736,157,0,35.00,-7.28,-4.86
471614,1827,22736,157,0,35.00,-7.22,-4.84
471636,1769,22736,137,0,35.00,-7.25,-4.83
471658,1849,22736,134,0,35.00,-7.25,-4.87
471680,1741,22736,123,0,35.00,-7.27,-4.83
471702,1727,22736,134,0,35.00,-7.22,-4.88
471724,1644,22736,135,0,35.00,-7.25,-4.86
471746,1654,22736,151,0,35.00,-7.22,-4.86
471788,1745,23248,152,0,35.00,-7.26,-4.86
471810,1709,23248,148,0,35.00,-7.23,-4.85
471832,1269,23248,159,0,35.00,-7.26,-4.83
471854,1308,23248,139,0,35.00,-7.24,-4.86
471876,1641,23248,132,0,35.00,-7.22,-4.84
471898,2069,24016,135,0,35.00,-7.25,-4.87
471920,1688,24016,117,0,35.00,-7.28,-4.87
471942,1177,24016,119,0,35.00,-7.24,-4.89
471964,1553,23248,141,0,35.00,-7.30,-4.87
471986,1831,23248,157,0,35.00,-7.26,-4.85
472536,1759,24016,159,0,35.91,-7.24,-4.85
472570,2505,24624,111,0,35.00,-7.24,-4.87
472592,723,24624,107,0,35.00,-7.29,-4.86
472614,634,24624,109,0,35.00,-7.25,-4.84
472636,1591,24624,115,0,35.00,-7.25,-4.87
472658,2237,24624,116,0,35.00,-7.24,-4.84
472680,1735,24624,106,0,35.00,-7.28,-4.89
472702,1433,24624,117,0,35.00,-7.24,-4.85
472724,1455,24624,135,0,35.00,-7.25,-4.86
472746,1897,24624,153,0,35.00,-7.23,-4.88
472768,1659,24624,154,0,35.00,-7.27,-4.86
472790,1291,24624,143,0,35.00,-7.25,-4.85
472831,1509,24624,139,0,35.00,-7.23,-4.89
472853,2297,24624,147,0,35.00,-7.26,-4.86
472875,1337,24624,111,0,35.00,-7.23,-4.88
472897,1511,24624,121,0,35.00,-7.23,-4.85
472919,2505,24624,141,0,35.00,-7.24,-4.84
472941,2346,24624,137,0,35.00,-7.25,-4.84
472963,1673,24624,136,0,35.00,-7.25,-4.84
472985,1865,24624,156,0,35.00,-7.29,-4.90
473557,2309,24624,169,0,35.47,-7.23,-4.88
473593,1567,24624,135,0,35.00,-7.29,-4.86
473615,1499,24624,135,0,35.00,-7.25,-4.83
473637,1845,25136,144,0,35.00,-7.23,-4.87
473659,2094,24624,145,0,35.00,-7.25,-4.86
473681,1747,24624,147,0,35.00,-7.24,-4.81
473703,1357,24624,151,0,35.00,-7.27,-4.87
473725,1655,24624,172,0,35.00,-7.28,-4.87
473747,1944,24624,179,0,35.00,-7.26,-4.86
473769,1641,24624,171,0,35.00,-7.27,-4.82
473791,1144,24624,153,0,35.00,-7.23,-4.84
473833,1204,24624,147,0,35.00,-7.30,-4.87
473855,2067,24624,140,0,35.00,-7.23,-4.88
473877,1606,24624,125,0,35.00,-7.29,-4.86
473899,1221,24624,122,0,35.00,-7.26,-4.87
473921,1619,24624,147,0,35.00,-7.25,-4.85
473943,1695,24624,153,0,35.00,-7.26,-4.84
473965,1195,24624,155,0,35.00,-7.25,-4.84
473987,1051,24624,160,0,35.00,-7.26,-4.86
474579,1565,24624,168,0,35.82,-7.22,-4.86
474615,1775,24624,155,0,35.00,-7.27,-4.83
474637,2168,25136,139,0,35.00,-7.20,-4.86
474659,1807,25136,135,0,35.00,-7.20,-4.86
474681,1433,25136,141,0,35.00,-7.23,-4.88
474703,1205,24624,167,0,35.00,-7.27,-4.82
474725,1907,25136,167,0,35.00,-7.25,-4.86
474747,1763,25136,172,0,35.00,-7.25,-4.85
474769,1784,24624,170,0,35.00,-7.25,-4.83
474791,1767,25136,156,0,35.00,-7.24,-4.85
474813,1948,25136,143,0,35.00,-7.27,-4.85
474835,1891,25136,137,0,35.00,-7.24,-4.87
474876,2072,25136,139,0,35.00,-7.23,-4.87
474898,2223,25136,149,0,35.00,-7.24,-4.88
474920,1621,25136,141,0,35.00,-7.23,-4.84
474942,1556,25136,155,0,35.00,-7.23,-4.87
474964,1741,25136,170,0,35.00,-7.28,-4.86
474986,1655,25136,169,0,35.00,-7.20,-4.87
475348,1609,25136,167,0,36.05,-7.27,-4.86
475377,2041,24624,159,0,35.00,-7.26,-4.90
475399,1979,25136,141,0,35.00,-7.26,-4.87
475421,1499,25136,143,0,35.00,-7.24,-4.87
475443,1470,25136,164,0,35.00,-7.25,-4.79
475465,1679,24624,165,0,35.00,-7.22,-4.85
475487,1553,24624,165,0,35.00,-7.26,-4.90
475509,1499,24624,154,0,35.00,-7.27,-4.85
475531,1685,24624,149,0,35.00,-7.23,-4.87
475553,1941,24624,135,99890,35.00,-7.25,-4.85
475575,1719,24624,125,99812,35.00,-7.27,-4.86
475597,1565,24624,126,99793,35.00,-7.25,-4.86
475638,1983,24624,152,99793,35.00,-7.25,-4.87
475660,1759,24624,147,99793,35.00,-7.25,-4.87
475682,1495,24624,157,99793,35.00,-7.27,-4.86
475704,1639,24624,169,99793,35.00,-7.22,-4.85
475726,1992,24624,173,99793,35.00,-7.26,-4.85
475748,1867,24624,165,99793,35.00,-7.20,-4.87
475770,1547,24624,149,99793,35.00,-7.23,-4.90
475792,1707,24624,139,99793,35.00,-7.23,-4.86
475814,2163,24624,141,99793,35.00,-7.20,-4.87
475836,1807,24624,121,99793,35.00,-7.25,-4.86
475878,1431,24624,125,99793,35.00,-7.25,-4.84
475900,1753,24624,145,99793,35.00,-7.22,-4.88
475922,1979,24624,167,99793,35.00,-7.24,-4.85
475944,1381,24624,163,99793,35.00,-7.26,-4.87
475966,1739,24624,171,99793,35.00,-7.29,-4.88
475988,1776,24624,167,99793,35.00,-7.22,-4.83
476365,1870,24624,153,99793,35.53,-7.24,-4.88
476400,1673,23248,163,99793,35.00,-7.28,-4.87
476422,1591,24016,165,99793,35.00,-7.26,-4.87
476444,1512,24016,171,99793,35.00,-7.24,-4.85
476466,1591,24016,168,99793,35.00,-7.29,-4.85
476488,1754,24016,163,99793,35.00,-7.26,-4.87
476510,1839,24016,152,99793,35.00,-7.26,-4.83
476532,1879,24016,140,99793,35.00,-7.24,-4.88
476554,1817,24528,139,99793,35.00,-7.25,-4.86
476576,1750,24528,133,99793,35.00,-7.22,-4.88
476598,1487,24528,141,99793,35.00,-7.25,-4.87
476640,1725,24528,157,99793,35.00,-7.26,-4.85
476662,1432,24528,163,99793,35.00,-7.28,-4.86
476684,1737,24528,173,99793,35.00,-7.24,-4.88
476706,1112,24528,165,99793,35.00,-7.24,-4.85
476728,1989,24528,159,99793,35.00,-7.28,-4.87
476750,2203,24528,155,99793,35.00,-7.25,-4.83
476772,2503,24624,141,99793,35.00,-7.21,-4.84
476794,1821,24528,123,99793,35.00,-7.27,-4.84
476816,1464,24528,121,99793,35.00,-7.23,-4.86
476838,1445,24528,139,99793,35.00,-7.27,-4.84
476860,2264,24528,168,99793,35.00,-7.31,-4.84
476901,1668,24528,159,99793,35.00,-7.23,-4.86
476923,1367,24528,162,99793,35.00,-7.25,-4.90
476945,1876,24528,185,99793,35.00,-7.23,-4.88
476967,1997,24528,171,99793,35.00,-7.21,-4.83
476989,1800,24528,153,99793,35.00,-7.24,-4.86
477386,1754,24528,135,99793,36.50,-7.25,-4.85
477422,1861,24016,153,99793,35.00,-7.25,-4.84
477444,1553,24016,179,99793,35.00,-7.25,-4.89
477466,1945,24016,172,99793,35.00,-7.26,-4.85
477488,1816,24016,157,99793,35.00,-7.24,-4.81
477510,1865,24016,145,99793,35.00,-7.25,-4.87
477532,1741,24528,137,99793,35.00,-7.27,-4.85
477554,1612,24528,133,99793,35.00,-7.23,-4.85
477576,1891,24528,146,99793,35.00,-7.26,-4.84
477598,2065,24528,153,99793,35.00,-7.27,-4.88
477620,1723,24016,157,99793,35.00,-7.29,-4.83
477642,1682,24528,171,99793,35.00,-7.26,-4.85
477683,1557,24528,167,99793,35.00,-7.24,-4.87
477705,1512,24528,159,99793,35.00,-7.28,-4.88
477727,1787,24528,158,99793,35.00,-7.26,-4.88
477749,1727,24528,143,99793,35.00,-7.25,-4.89
477771,1524,24528,125,99793,35.00,-7.26,-4.87
477793,1677,24528,133,99793,35.00,-7.27,-4.87
477815,1771,24528,135,99793,35.00,-7.23,-4.85
477837,1819,24528,148,99949,35.00,-7.25,-4.85
477859,1735,24528,157,99832,35.00,-7.30,-4.87
477881,1803,24528,172,99784,35.00,-7.27,-4.90
477924,1711,24528,180,99873,35.00,-7.24,-4.81
477946,1701,24016,163,99873,35.00,-7.24,-4.88
477968,1611,24528,151,99873,35.00,-7.29,-4.84
477990,1658,24528,137,99873,35.00,-7.25,-4.86
478408,1733,24528,135,99873,36.91,-7.25,-4.88
478445,1925,24528,137,99873,35.00,-7.24,-4.87
478467,1767,24528,157,99873,35.00,-7.24,-4.85
478489,1912,24528,143,99873,35.00,-7.24,-4.85
478511,2009,24528,137,99873,35.00,-7.29,-4.84
478533,1992,24528,133,99873,35.00,-7.27,-4.84
478555,1831,24624,139,99873,35.00,-7.24,-4.85
478577,1779,24528,147,99873,35.00,-7.22,-4.86
478599,1685,24528,157,99873,35.00,-7.25,-4.87
478621,1689,24528,167,99962,35.00,-7.27,-4.92
478643,1918,24528,179,99921,35.00,-7.24,-4.89
478685,1853,24528,169,99921,35.00,-7.27,-4.88
478707,1809,24528,156,99921,35.00,-7.24,-4.86
478729,1961,24528,146,99921,35.00,-7.24,-4.85
478751,1801,24528,140,99921,35.00,-7.25,-4.84
478773,1851,24528,133,99921,35.00,-7.26,-4.84
478795,1875,24528,146,99921,35.00,-7.24,-4.84
478817,1715,24528,149,99921,35.00,-7.28,-4.85
478839,1651,24528,158,99921,35.00,-7.29,-4.83
478861,1566,24528,167,99921,35.00,-7.25,-4.85
478883,1645,24528,168,99921,35.00,-7.26,-4.86
478905,1913,24528,169,99921,35.00,-7.27,-4.83
478946,1855,24528,157,99921,35.00,-7.25,-4.85
478968,1887,24528,147,99921,35.00,-7.27,-4.88
478990,2099,24528,141,99921,35.00,-7.26,-4.85
479429,1919,24528,133,99921,35.85,-7.23,-4.84
479467,1721,24624,127,99901,35.00,-7.30,-4.87
479489,1775,24624,136,99901,35.00,-7.29,-4.86
479511,1580,24624,123,99901,35.00,-7.22,-4.87
479533,2059,24624,138,99901,35.00,-7.24,-4.84
479555,1426,24624,133,99901,35.00,-7.24,-4.86
479577,1643,24624,153,99901,35.00,-7.26,-4.86
479599,1679,24624,167,99901,35.00,-7.26,-4.85
479621,1791,24624,169,99901,35.00,-7.27,-4.87
479643,1768,24624,168,99901,35.00,-7.24,-4.86
479665,1708,24624,154,99901,35.00,-7.27,-4.85
479687,1835,24624,149,99901,35.00,-7.28,-4.83
479728,1916,24624,139,99901,35.00,-7.26,-4.83
479750,1716,24624,138,99901,35.00,-7.26,-4.87
479772,1961,24624,138,99901,35.00,-7.28,-4.86
479794,1833,24624,139,99901,35.00,-7.25,-4.87
479816,1663,24624,147,99901,35.00,-7.23,-4.88
479838,1595,24624,159,99901,35.00,-7.24,-4.83
479860,1650,24624,167,99901,35.00,-7.25,-4.86
479882,1639,24624,169,99901,35.00,-7.24,-4.85
479904,1684,24624,160,99901,35.00,-7.27,-4.85
479926,1709,24624,149,99901,35.00,-7.26,-4.83
479969,3759,25136,171,99901,35.00,-7.24,-4.83
479991,2172,24624,126,99901,35.00,-7.24,-4.84
480706,1301,25136,124,99901,36.21,-7.25,-4.88
480731,1661,24624,125,99901,35.00,-7.25,-4.85
480753,2003,24624,147,99901,35.00,-7.24,-4.87
480775,1647,24624,151,99901,35.00,-7.26,-4.84
480797,1669,24624,167,99901,35.00,-7.25,-4.84
480819,1387,24624,166,99812,35.00,-7.24,-4.82
480841,1517,24624,170,99593,35.00,-7.26,-4.86
480863,1647,24624,159,99452,35.00,-7.21,-4.87
480885,1499,24624,142,99385,35.00,-7.25,-4.83
480907,1709,24624,137,99341,35.00,-7.23,-4.86
480929,2125,24624,139,99359,35.00,-7.24,-4.87
480971,2197,24624,139,99782,35.00,-7.27,-4.87
480993,1699,24624,137,99865,35.00,-7.21,-4.89
481727,1785,24624,153,99938,35.78,-7.25,-4.88
481753,1997,25136,137,99938,35.00,-7.27,-4.85
481775,2011,24624,157,99938,35.00,-7.24,-4.86
481797,1652,24624,167,99938,35.00,-7.26,-4.85
481819,1335,24624,168,99938,35.00,-7.23,-4.81
481841,1396,24624,165,99938,35.00,-7.28,-4.85
481863,2087,24624,169,99938,35.00,-7.26,-4.86
481885,2073,25136,147,99938,35.00,-7.23,-4.86
481907,1718,25136,125,99938,35.00,-7.26,-4.81
481929,1627,24624,125,99938,35.00,-7.22,-4.87
481951,1850,24624,137,99938,35.00,-7.24,-4.86
481973,2203,24624,153,99938,35.00,-7.27,-4.85
482749,1147,24624,149,99938,35.56,-7.27,-4.87
482776,1691,24624,141,99938,35.00,-7.24,-4.85
482798,1637,24528,172,99938,35.00,-7.28,-4.86
482820,1671,24624,166,99938,35.00,-7.27,-4.86
482842,1769,24624,158,99938,35.00,-7.24,-4.82
482864,1499,24624,138,99938,35.00,-7.25,-4.86
482886,1448,24624,132,99938,35.00,-7.24,-4.87
482908,2009,24624,136,99938,35.00,-7.25,-4.85
482930,1989,24624,141,99938,35.00,-7.24,-4.90
482952,1509,24624,141,99938,35.00,-7.20,-4.85
482974,1454,24624,164,99938,35.00,-7.24,-4.85
483516,1855,24624,173,99512,35.59,-7.25,-4.85
483558,1386,24624,165,99512,35.00,-7.23,-4.88
483580,1817,24528,156,99512,35.00,-7.23,-4.85
483602,1687,24528,146,99512,35.00,-7.24,-4.84
483624,1737,24624,135,99512,35.00,-7.26,-4.85
483646,1945,24624,137,99512,35.00,-7.27,-4.86
483668,2015,24624,140,99512,35.00,-7.21,-4.85
483690,1891,24624,143,99512,35.00,-7.24,-4.86
483712,1495,24528,147,99512,35.00,-7.27,-4.86
483734,1519,24528,162,99512,35.00,-7.23,-4.89
483756,1579,24528,167,99792,35.00,-7.22,-4.88
483798,1823,24528,171,99368,35.00,-7.23,-4.89
483820,1695,24528,155,99303,35.00,-7.23,-4.83
483842,1767,24528,141,99293,35.00,-7.25,-4.86
483864,1861,24528,127,99365,35.00,-7.23,-4.88
483886,1941,24528,134,99532,35.00,-7.22,-4.85
483908,1879,24528,127,99717,35.00,-7.23,-4.87
483930,1599,24528,135,99843,35.00,-7.27,-4.91
483952,1660,24528,145,99894,35.00,-7.27,-4.85
483974,1687,24528,166,99925,35.00,-7.24,-4.85
483996,1801,24528,165,99987,35.00,-7.24,-4.87
484536,1739,24528,165,99987,35.41,-7.24,-4.85
484566,1627,24016,153,99487,35.00,-7.24,-4.89
484588,1757,24528,124,99521,35.00,-7.29,-4.86
484610,1675,24528,139,99616,35.00,-7.24,-4.85
484632,1638,24528,155,99781,35.00,-7.25,-4.82
484654,1660,24528,159,99942,35.00,-7.26,-4.83
484676,1597,24528,167,99942,35.00,-7.26,-4.84
484698,1747,24016,159,99942,35.00,-7.26,-4.83
484720,1813,24528,149,99942,35.00,-7.24,-4.87
484761,1935,24528,133,99942,35.00,-7.28,-4.85
484783,1791,24016,122,99942,35.00,-7.25,-4.84
484805,1869,24016,127,99942,35.00,-7.23,-4.88
484827,1901,24016,123,99942,35.00,-7.24,-4.86
484849,1785,24016,137,99942,35.00,-7.24,-4.85
484871,1623,24016,145,99942,35.00,-7.25,-4.88
484893,1611,24016,159,99942,35.00,-7.26,-4.82
484915,1751,24016,167,99942,35.00,-7.25,-4.86
484937,1751,24016,163,99942,35.00,-7.26,-4.85
484959,1677,24016,149,99942,35.00,-7.26,-4.85
485557,1788,24016,141,99942,35.58,-7.23,-4.86
485587,1816,24016,152,99942,35.00,-7.22,-4.85
485609,1610,24016,143,99942,35.00,-7.26,-4.83
485631,1678,24528,160,99942,35.00,-7.27,-4.82
485653,1653,24528,163,99942,35.00,-7.26,-4.82
485675,1644,24016,165,99942,35.00,-7.24,-4.86
485697,1653,24016,158,99942,35.00,-7.25,-4.89
485719,1675,24528,146,99942,35.00,-7.27,-4.84
485741,1774,24016,137,99942,35.00,-7.27,-4.86
485783,1891,24528,133,99942,35.00,-7.25,-4.86
485805,1932,24528,125,99942,35.00,-7.27,-4.84
485827,1452,24528,127,99942,35.00,-7.23,-4.85
485849,1447,24528,141,99942,35.00,-7.23,-4.88
485871,1807,24016,167,99942,35.00,-7.20,-4.90
485893,2491,24016,183,99942,35.00,-7.29,-4.86
485915,2009,24016,171,99942,35.00,-7.27,-4.90
485937,1719,24016,152,99942,35.00,-7.25,-4.85
485959,1719,24016,147,99801,35.00,-7.23,-4.88
485981,1527,24016,121,99649,35.00,-7.24,-4.82
486578,1404,24016,117,99579,36.20,-7.26,-4.83
486609,3116,21840,165,99579,35.00,-7.24,-4.89
486631,3799,21840,201,99579,35.00,-7.28,-4.90
486653,3757,21072,206,99579,35.00,-7.27,-4.85
486675,2073,21840,159,99579,35.00,-7.28,-4.91
486697,1252,21840,133,99951,35.00,-7.26,-4.83
486719,1704,21840,137,99769,35.00,-7.25,-4.86
486741,2949,22352,147,99651,35.00,-7.23,-4.83
486763,2379,22352,125,99537,35.00,-7.26,-4.81
486785,2123,22352,135,99447,35.00,-7.25,-4.86
486826,1433,22352,139,99438,35.00,-7.23,-4.87
486848,2093,22736,152,99594,35.00,-7.25,-4.82
486870,1869,22736,158,99714,35.00,-7.25,-4.87
486892,1753,22736,159,99749,35.00,-7.24,-4.85
486914,2199,23248,175,99771,35.00,-7.26,-4.84
486936,1578,23248,147,99776,35.00,-7.27,-4.85
486958,1751,23248,146,99816,35.00,-7.23,-4.88
486980,1783,23248,133,99874,35.00,-7.23,-4.87
487344,1759,23248,123,99921,35.99,-7.23,-4.87
487372,1471,22736,139,99921,35.00,-7.24,-4.84
487394,2008,22352,170,99921,35.00,-7.26,-4.85
487416,1813,22352,147,99700,35.00,-7.26,-4.87
487438,2109,22352,149,99346,35.00,-7.27,-4.88
487460,1427,21840,120,99122,35.00,-7.23,-4.85
487482,2124,21072,127,99005,35.00,-7.26,-4.85
487504,1919,21072,135,98945,35.00,-7.25,-4.84
487526,812,21072,117,98923,35.00,-7.26,-4.86
487568,1299,21072,149,98930,35.00,-7.28,-4.88
487590,1964,20368,153,99102,35.00,-7.25,-4.85
487612,1885,20560,170,99297,35.00,-7.26,-4.88
487634,2057,20560,172,99422,35.00,-7.24,-4.89
487656,2137,20560,159,99485,35.00,-7.30,-4.87
487678,1743,20560,147,99521,35.00,-7.23,-4.86
487700,1587,20560,135,99581,35.00,-7.23,-4.84
487722,1301,20560,133,99650,35.00,-7.28,-4.84
487744,1619,20560,141,99749,35.00,-7.24,-4.84
487766,1914,20368,153,99874,35.00,-7.41,-4.97
487808,3805,20368,200,99874,35.00,-7.22,-4.86
487830,0,19856,141,99874,35.00,-7.13,-4.85
487852,3805,19088,219,99874,35.00,-7.24,-4.85
487874,0,19088,117,99874,35.00,-7.25,-4.85
487896,3813,19088,207,99874,35.00,-7.23,-4.82
487918,807,19856,103,99874,35.00,-7.21,-4.82
487940,1543,19856,133,99874,35.00,-7.24,-4.83
487962,2744,19856,147,99874,35.00,-7.22,-4.89
487984,2230,19856,135,99874,35.00,-7.22,-4.86
488365,1607,19856,145,99874,36.19,-7.25,-4.84
488393,1367,19088,141,99829,35.00,-7.23,-4.88
488415,1389,19088,137,99920,35.00,-7.25,-4.87
488437,1686,19088,126,99960,35.00,-7.25,-4.85
488459,1827,19088,123,99963,35.00,-7.25,-4.83
488481,1619,19088,117,99963,35.00,-7.24,-4.87
488503,1462,19088,121,99963,35.00,-7.21,-4.87
488525,1589,19088,139,99963,35.00,-7.25,-4.85
488547,1764,19856,154,99963,35.00,-7.24,-4.89
488569,1865,19088,175,99963,35.00,-7.23,-4.86
488610,1304,19856,163,99963,35.00,-7.23,-4.87
488632,1877,19856,173,99963,35.00,-7.24,-4.85
488654,1813,19856,155,99963,35.00,-7.25,-4.87
488676,2130,19856,151,99963,35.00,-7.27,-4.84
488698,1959,19856,121,99963,35.00,-7.23,-4.91
488720,1734,19856,123,99963,35.00,-7.25,-4.87
488742,1843,20368,123,99963,35.00,-7.24,-4.85
488764,1707,20368,135,99963,35.00,-7.21,-4.85
488786,1688,20368,153,99963,35.00,-7.27,-4.86
488808,1733,20368,166,99963,35.00,-7.29,-4.85
488830,1592,20368,170,99963,35.00,-7.24,-4.87
488871,1741,20368,174,99963,35.00,-7.23,-4.86
488893,1944,20368,169,99963,35.00,-7.23,-4.86
488915,2006,20368,155,99963,35.00,-7.24,-4.87
488937,1803,20368,140,99963,35.00,-7.24,-4.83
488959,1943,20368,139,99672,35.00,-7.27,-4.89
488981,1945,20368,127,99471,35.00,-7.26,-4.88
489385,1659,20368,126,99369,36.66,-7.26,-4.89
489413,1682,20560,167,99369,35.00,-7.24,-4.84
489435,1894,20560,147,99369,35.00,-7.26,-4.86
489457,2031,21072,132,99369,35.00,-7.24,-4.88
489479,1681,21072,123,99369,35.00,-7.28,-4.88
489501,1976,21072,125,99369,35.00,-7.25,-4.84
489523,1619,21072,132,99369,35.00,-7.24,-4.86
489545,1643,20560,141,99369,35.00,-7.25,-4.84
489567,1655,21072,158,99369,35.00,-7.27,-4.86
489589,2065,21072,169,99369,35.00,-7.28,-4.82
489611,1780,21072,165,99369,35.00,-7.24,-4.83
489653,3255,21072,182,99369,35.00,-7.25,-4.87
489675,2239,21072,154,99369,35.00,-7.26,-4.87
489697,3193,21072,171,99766,35.00,-7.26,-4.90
489719,3765,21072,154,99534,35.00,-7.25,-4.87
489741,437,21072,117,99395,35.00,-7.26,-4.85
489763,2843,21840,159,99298,35.00,-7.24,-4.85
489785,3557,21840,183,99237,35.00,-7.22,-4.86
489807,3805,21840,192,99231,35.00,-7.23,-4.88
489829,2066,21840,152,99292,35.00,-7.23,-4.85
489851,979,21840,163,99408,35.00,-7.28,-4.83
489894,0,21840,139,99833,35.00,-7.23,-4.89
489916,2489,21840,159,99895,35.00,-7.24,-4.83
489938,2089,21840,151,99938,35.00,-7.22,-4.85
489960,639,21840,117,99981,35.00,-7.23,-4.87
489982,967,21840,141,99981,35.00,-7.20,-4.86
490406,2264,21840,165,99981,36.61,-7.25,-4.87
490435,1674,21072,173,99768,35.00,-7.28,-4.85
490457,2083,21072,143,99521,35.00,-7.27,-4.85
490479,1798,21072,135,99337,35.00,-7.25,-4.89
490501,1743,21072,135,99170,35.00,-7.21,-4.84
490523,1810,21072,147,99042,35.00,-7.24,-4.90
490545,1770,21072,159,98986,35.00,-7.26,-4.88
490567,1807,21072,160,99005,35.00,-7.24,-4.89
490589,1975,21072,164,99104,35.00,-7.26,-4.86
490611,1773,21072,158,99273,35.00,-7.23,-4.85
490633,1607,21072,151,99429,35.00,-7.26,-4.85
490675,1884,21072,148,99627,35.00,-7.23,-4.85
490697,1099,21072,121,99688,35.00,-7.21,-4.86
490719,1200,21072,125,99777,35.00,-7.23,-4.85
490741,1935,21072,143,99877,35.00,-7.21,-4.85
490763,1895,21072,153,99938,35.00,-7.26,-4.86
490785,1653,21072,157,99991,35.00,-7.29,-4.84
490807,1670,21072,171,99991,35.00,-7.26,-4.85
490829,1709,21072,167,99991,35.00,-7.28,-4.87
490851,1976,21072,167,99991,35.00,-7.24,-4.88
490873,1788,21072,149,99991,35.00,-7.25,-4.87
490895,1675,21072,139,99991,35.00,-7.27,-4.86
490936,2541,21072,151,99991,35.00,-7.24,-4.85
490958,1723,21072,127,99991,35.00,-7.24,-4.85
490980,1069,21072,125,99991,35.00,-7.24,-4.86
491427,2105,21072,159,99991,36.87,-7.25,-4.85
491457,1607,20560,165,99883,35.00,-7.26,-4.86
491479,1957,21072,141,99957,35.00,-7.25,-4.82
491501,1902,21072,153,99957,35.00,-7.25,-4.87
491523,1886,21072,155,99957,35.00,-7.27,-4.83
491545,1612,20560,159,99957,35.00,-7.21,-4.87
491567,1493,21072,167,99957,35.00,-7.26,-4.87
491589,1525,21072,163,99957,35.00,-7.23,-4.83
491611,1659,21072,155,99957,35.00,-7.25,-4.87
491633,1806,21072,149,99957,35.00,-7.30,-4.84
491655,1983,21072,141,99957,35.00,-7.22,-4.88
491677,1640,21072,137,99957,35.00,-7.27,-4.91
491718,1851,21072,147,99957,35.00,-7.24,-4.85
491740,1849,21072,147,99957,35.00,-7.27,-4.86
491762,1608,21072,148,99957,35.00,-7.27,-4.84
491784,1516,21072,164,99957,35.00,-7.28,-4.87
491806,1629,21072,166,99957,35.00,-7.24,-4.87
491828,1655,21072,166,99957,35.00,-7.22,-4.85
491850,1769,21072,157,99957,35.00,-7.25,-4.85
491872,1651,20560,147,99957,35.00,-7.25,-4.86
491894,1695,20560,135,99957,35.00,-7.22,-4.87
491916,1843,20560,137,99836,35.00,-7.26,-4.84
491959,1912,20560,146,99056,35.00,-7.25,-4.89
491981,1801,20560,151,98951,35.00,-7.25,-4.87
492704,1642,20560,165,98888,36.63,-7.24,-4.83
492740,1799,18576,171,98454,35.00,-7.26,-4.86
492762,1630,18576,155,98514,35.00,-7.23,-4.84
492784,1432,18576,157,98641,35.00,-7.25,-4.84
492806,1497,18576,163,98826,35.00,-7.24,-4.85
492828,1709,18192,160,98971,35.00,-7.23,-4.89
492850,2077,18576,165,99024,35.00,-7.26,-4.86
492872,2012,18576,145,99042,35.00,-7.27,-4.85
492894,1298,18576,120,99054,35.00,-7.26,-4.84
492916,2031,18576,147,99113,35.00,-7.25,-4.83
492938,2043,18576,137,99194,35.00,-7.23,-4.89
492960,1805,18576,149,99277,35.00,-7.26,-4.85
493725,1745,18576,163,99513,35.68,-7.26,-4.85
493763,1437,19856,155,99569,35.00,-7.24,-4.83
493785,2089,19856,181,99647,35.00,-7.28,-4.84
493807,2146,19856,165,99732,35.00,-7.28,-4.86
493829,2309,19856,155,99769,35.00,-7.25,-4.84
493851,1141,19856,123,99821,35.00,-7.24,-4.88
493873,1787,19856,127,99851,35.00,-7.22,-4.84
493895,1823,19856,151,99891,35.00,-7.24,-4.84
493917,2220,19856,147,99950,35.00,-7.25,-4.88
493939,2439,19856,157,99997,35.00,-7.23,-4.88
493961,1739,19856,160,99997,35.00,-7.27,-4.87
494746,1369,19856,167,99997,35.70,-7.27,-4.87
494785,1599,20368,151,99927,35.00,-7.23,-4.89
494807,1717,20368,155,99568,35.00,-7.26,-4.83
494829,1775,20368,148,99204,35.00,-7.23,-4.87
494851,1786,20368,137,98932,35.00,-7.23,-4.85
494873,1973,19856,139,98754,35.00,-7.24,-4.85
494895,1877,19856,139,98650,35.00,-7.23,-4.87
494917,1951,20368,151,98571,35.00,-7.21,-4.89
494939,1643,20368,152,98527,35.00,-7.27,-4.86
494961,1551,20368,158,98547,35.00,-7.24,-4.86
494983,1546,20368,166,98632,35.00,-7.20,-4.87
495512,1707,20368,167,98792,34.78,-7.29,-4.89
495547,1725,20560,127,99470,35.00,-7.27,-4.88
495569,1983,20368,147,99085,35.00,-7.26,-4.84
495591,1911,20368,143,98826,35.00,-7.24,-4.91
495613,1883,20368,135,98668,35.00,-7.28,-4.84
495635,1779,20368,149,98534,35.00,-7.26,-4.89
495657,1687,20368,147,98438,35.00,-7.25,-4.85
495679,1724,20368,159,98422,35.00,-7.26,-4.86
495701,1583,20368,164,98469,35.00,-7.26,-4.86
495723,1533,20368,166,98566,35.00,-7.22,-4.85
495745,1657,20368,155,98711,35.00,-7.27,-4.84
495767,1682,20368,149,98848,35.00,-7.27,-4.85
495808,1692,20368,136,99032,35.00,-7.25,-4.89
495830,1703,20368,126,99064,35.00,-7.26,-4.85
495852,2375,20560,137,99095,35.00,-7.26,-4.86
495874,2075,20368,143,99126,35.00,-7.25,-4.83
495896,1560,20368,141,99157,35.00,-7.24,-4.84
495918,1689,20368,164,99157,35.00,-7.28,-4.88
495940,1691,20368,167,99198,35.00,-7.21,-4.86
495962,1636,20368,163,99269,35.00,-7.26,-4.86
495984,1609,20560,157,99352,35.00,-7.24,-4.86
496533,1561,20368,147,99412,35.70,-7.25,-4.88
496570,1624,20560,142,99176,35.00,-7.24,-4.87
496592,1749,20560,127,99250,35.00,-7.27,-4.84
496614,1765,21072,140,99313,35.00,-7.22,-4.85
496636,1688,21072,153,99394,35.00,-7.25,-4.84
496658,1684,20560,170,99464,35.00,-7.24,-4.89
496680,1919,21072,181,99523,35.00,-7.23,-4.85
496702,1641,21072,167,99574,35.00,-7.26,-4.83
496724,1655,21072,153,99583,35.00,-7.25,-4.86
496746,1662,21072,147,99586,35.00,-7.25,-4.85
496768,1567,20560,123,99525,35.00,-7.26,-4.88
496810,1717,20560,125,99308,35.00,-7.24,-4.86
496832,1885,20368,133,99309,35.00,-7.26,-4.86
496854,1769,20368,141,99349,35.00,-7.21,-4.86
496876,1891,20368,156,99428,35.00,-7.26,-4.85
496898,1799,19856,174,99481,35.00,-7.30,-4.89
496920,1721,19856,179,99514,35.00,-7.24,-4.82
496942,1783,19856,173,99542,35.00,-7.25,-4.85
496964,1853,20368,160,99558,35.00,-7.24,-4.87
496986,1641,20368,139,99448,35.00,-7.22,-4.86
497554,1815,20368,133,99145,35.66,-7.24,-4.90
497592,1623,20560,157,99145,35.00,-7.30,-4.81
497614,1849,21072,146,99145,35.00,-7.25,-4.87
497636,1748,20560,159,99145,35.00,-7.25,-4.85
497658,1689,20560,171,99145,35.00,-7.25,-4.89
497680,1675,20560,175,99145,35.00,-7.24,-4.85
497702,1801,20560,173,99145,35.00,-7.23,-4.87
497724,1905,20560,163,99145,35.00,-7.29,-4.84
497746,1703,21072,141,99145,35.00,-7.26,-4.90
497768,1671,21072,125,99671,35.00,-7.24,-4.84
497790,1706,20560,125,99354,35.00,-7.26,-4.86
497812,1629,20560,126,99160,35.00,-7.28,-4.85
497853,1683,20560,146,98789,35.00,-7.24,-4.87
497875,1679,20560,149,98757,35.00,-7.25,-4.85
497897,1803,20560,169,98765,35.00,-7.25,-4.85
497919,1823,20560,171,98864,35.00,-7.26,-4.89
497941,1717,20560,170,98982,35.00,-7.26,-4.85
497963,1738,20560,165,99053,35.00,-7.22,-4.86
497985,1855,20560,154,99099,35.00,-7.24,-4.87
498575,1781,20560,135,99079,35.39,-7.27,-4.85
498615,1433,20560,156,97997,35.00,-7.22,-4.89
498637,1592,21072,163,98075,35.00,-7.26,-4.84
498659,1933,21072,179,98216,35.00,-7.24,-4.85
498681,1864,21072,167,98391,35.00,-7.26,-4.82
498703,2055,21072,165,98521,35.00,-7.23,-4.85
498725,1909,21072,147,98612,35.00,-7.22,-4.86
498747,1972,21072,139,98666,35.00,-7.24,-4.85
498769,1897,21840,133,98701,35.00,-7.25,-4.85
498791,1901,21840,138,98739,35.00,-7.26,-4.87
498813,1695,21072,141,98797,35.00,-7.24,-4.85
498855,1774,21072,164,99016,35.00,-7.26,-4.84
498877,1695,21072,168,99089,35.00,-7.24,-4.81
498899,1739,21840,169,99149,35.00,-7.24,-4.86
498921,1675,21840,159,99206,35.00,-7.20,-4.87
498943,1834,21072,151,99265,35.00,-7.24,-4.84
498965,1890,21840,134,99319,35.00,-7.25,-4.93
498987,1767,21840,135,99363,35.00,-7.28,-4.84
499349,1501,21840,122,99424,35.25,-7.26,-4.82
499377,1891,21840,154,98632,35.00,-7.24,-4.93
499399,1611,21840,182,98724,35.00,-7.25,-4.88
499421,1852,21840,167,98877,35.00,-7.24,-4.85
499443,2025,21840,159,99029,35.00,-7.23,-4.90
499465,1837,21840,140,99150,35.00,-7.25,-4.85
499487,1822,21840,139,99252,35.00,-7.25,-4.89
499509,1629,21840,133,99307,35.00,-7.25,-4.89
499531,1657,21840,150,99349,35.00,-7.25,-4.83
499553,1587,21840,151,99412,35.00,-7.21,-4.85
499575,1589,21840,165,99473,35.00,-7.25,-4.88
499617,1389,21840,163,99703,35.00,-7.25,-4.89
499639,1575,21840,159,99783,35.00,-7.27,-4.86
499661,1487,21840,149,99845,35.00,-7.27,-4.82
499683,1703,21840,140,99904,35.00,-7.23,-4.83
499705,1867,21840,132,99949,35.00,-7.22,-4.90
499727,1674,22352,123,99949,35.00,-7.28,-4.89
499749,1653,22352,137,99949,35.00,-7.28,-4.86
499771,1596,22352,139,99949,35.00,-7.26,-4.85
499793,1755,22352,153,99949,35.00,-7.27,-4.86
499815,1548,22352,159,99949,35.00,-7.24,-4.89
499837,1547,22352,163,99949,35.00,-7.20,-4.87
499878,1609,22352,158,99949,35.00,-7.27,-4.82
499900,1727,22352,159,99949,35.00,-7.20,-4.86
499922,1914,22352,159,99949,35.00,-7.26,-4.90
499944,1909,22352,141,99949,35.00,-7.23,-4.85
499966,1767,22352,134,99949,35.00,-7.25,-4.90
499988,1955,22352,135,99949,35.00,-7.22,-4.85
500362,1878,22352,145,99949,35.70,-7.23,-4.89
500399,1929,22352,141,99949,35.00,-7.24,-4.88
500421,1659,22352,151,99949,35.00,-7.26,-4.88
500443,1914,22352,152,99949,35.00,-7.23,-4.89
500465,2095,22352,153,99949,35.00,-7.27,-4.83
500487,2237,21840,153,99949,35.00,-7.27,-4.84
500509,2155,22352,166,99949,35.00,-7.26,-4.86
500531,2299,22352,191,99949,35.00,-7.28,-4.85
500553,2357,22352,207,99949,35.00,-7.25,-4.86
500575,2280,22352,203,99949,35.00,-7.27,-4.85
500597,2095,22352,197,99949,35.00,-7.26,-4.86
500619,1917,22352,179,99949,35.00,-7.26,-4.90
500660,1817,22352,157,99949,35.00,-7.26,-4.86
500682,1365,22352,134,99949,35.00,-7.22,-4.84
500704,1461,22352,149,99949,35.00,-7.24,-4.90
500726,1965,22352,169,99949,35.00,-7.25,-4.87
500748,2074,22352,175,99949,35.00,-7.23,-4.89
500770,2391,22352,181,99949,35.00,-7.25,-4.85
500792,2863,22352,213,99949,35.00,-7.26,-4.86
500814,2703,21840,188,99949,35.00,-7.26,-4.84
500836,2089,21840,175,99949,35.00,-7.28,-4.90
500858,1391,21840,124,99993,35.00,-7.28,-4.87
500901,553,21840,87,99778,35.00,-7.27,-4.87
500923,0,21840,71,99799,35.00,-7.26,-4.85
500945,866,21840,104,99871,35.00,-7.25,-4.85
500967,1334,21840,117,99992,35.00,-7.24,-4.86
500989,1018,21840,79,99992,35.00,-7.20,-4.85
501383,720,21840,109,99992,36.22,-7.23,-4.85
501422,2355,21072,146,99992,35.00,-7.25,-4.88
501444,3003,21072,151,99992,35.00,-7.27,-4.82
501466,2522,21840,145,99992,35.00,-7.26,-4.82
501488,1608,21840,143,99992,35.00,-7.24,-4.88
501510,1560,21072,159,99992,35.00,-7.24,-4.88
501532,2421,21840,197,99992,35.00,-7.25,-4.87
501554,2905,21840,213,99992,35.00,-7.25,-4.86
501576,1861,21072,191,99992,35.00,-7.25,-4.85
501598,895,21072,155,99992,35.00,-7.24,-4.85
501620,908,21072,139,99992,35.00,-7.24,-4.82
501663,937,21840,103,99992,35.00,-7.28,-4.85
501685,0,21840,95,99992,35.00,-7.24,-4.84
501707,1454,21840,117,99992,35.00,-7.23,-4.87
501729,1914,21840,131,99992,35.00,-7.25,-4.86
501751,1495,21840,121,99992,35.00,-7.23,-4.87
501773,51,21840,120,99992,35.00,-7.23,-4.85
501795,1160,21840,133,99992,35.00,-7.24,-4.88
501817,1061,22352,124,99992,35.00,-7.24,-4.89
501839,1063,23248,111,99992,35.00,-7.25,-4.90
501861,1255,24016,106,99992,35.00,-7.21,-4.83
501903,1515,24016,103,99992,35.00,-7.25,-4.85
501925,1773,24016,110,99992,35.00,-7.26,-4.89
501947,1757,24016,121,99992,35.00,-7.24,-4.90
501969,1813,24016,139,99992,35.00,-7.24,-4.90
501991,1774,24016,159,99992,35.00,-7.23,-4.82
502403,1917,24016,169,99992,37.15,-7.25,-4.85
502445,2151,24016,147,99992,35.00,-7.24,-4.83
502467,2095,24016,149,99992,35.00,-7.26,-4.88
502489,1741,24016,147,99992,35.00,-7.26,-4.88
502511,1547,24016,151,99992,35.00,-7.26,-4.83
502533,1355,24016,155,99992,35.00,-7.23,-4.88
502555,1485,24016,159,99992,35.00,-7.23,-4.84
502577,1505,24016,142,99992,35.00,-7.23,-4.87
502599,1541,24016,125,99992,35.00,-7.28,-4.84
502621,1335,24016,86,99992,35.00,-7.27,-4.85
502643,1087,24528,72,99992,35.00,-7.23,-4.86
502685,843,24528,79,99992,35.00,-7.28,-4.85
502707,1267,24016,125,99992,35.00,-7.27,-4.85
502729,1458,24016,141,99992,35.00,-7.27,-4.83
502751,1654,24016,157,99992,35.00,-7.25,-4.88
502773,1765,24016,158,99992,35.00,-7.24,-4.90
502795,1483,24016,153,99992,35.00,-7.23,-4.86
502817,1801,24016,155,99992,35.00,-7.29,-4.84
502839,1947,23248,153,99992,35.00,-7.23,-4.86
502861,2149,23248,140,99992,35.00,-7.29,-4.86
502883,2247,23248,133,99992,35.00,-7.24,-4.88
502926,1829,23248,125,99992,35.00,-7.27,-4.87
502948,1693,23248,140,99992,35.00,-7.24,-4.88
502970,1725,23248,157,99992,35.00,-7.21,-4.88
502992,1811,23248,165,99992,35.00,-7.26,-4.90
503424,1911,23248,175,99992,37.11,-7.24,-4.84
503453,1947,24016,148,99992,35.00,-7.25,-4.89
503475,1828,24016,165,99992,35.00,-7.24,-4.86
503497,1828,24016,159,99992,35.00,-7.27,-4.85
503519,1844,24016,143,99992,35.00,-7.27,-4.89
503541,1943,24016,141,99992,35.00,-7.24,-4.86
503563,1895,24016,124,99992,35.00,-7.23,-4.89
503585,1739,24016,139,99992,35.00,-7.24,-4.90
503627,1661,24016,147,99992,35.00,-7.23,-4.86
503649,1528,24016,158,99992,35.00,-7.29,-4.88
503671,1567,24016,166,99992,35.00,-7.24,-4.84
503693,1477,24016,165,99992,35.00,-7.25,-4.85
503715,1621,24016,157,99992,35.00,-7.26,-4.87
503737,1717,24016,162,99992,35.00,-7.26,-4.87
503759,1897,24016,137,99992,35.00,-7.28,-4.88
503781,1771,24016,123,99992,35.00,-7.25,-4.83
503803,1779,24016,135,99992,35.00,-7.23,-4.85
503825,1679,24016,139,99992,35.00,-7.21,-4.87
503847,1576,24016,159,99992,35.00,-7.26,-4.85
503888,1675,24016,172,99992,35.00,-7.24,-4.86
503910,1458,24016,165,99992,35.00,-7.26,-4.85
503932,1525,24016,171,99992,35.00,-7.26,-4.83
503954,1646,24016,171,99992,35.00,-7.26,-4.86
503976,1865,24016,155,99992,35.00,-7.26,-4.86
503998,1827,24528,141,99992,35.00,-7.24,-4.87
504020,1831,24528,138,99992,35.00,-7.27,-4.86
504042,1863,24528,133,99992,35.00,-7.26,-4.87
504064,1833,24016,138,99992,35.00,-7.27,-4.86
504086,1689,24016,147,99992,35.00,-7.27,-4.88
504129,1705,24016,159,99992,35.00,-7.30,-4.87
504151,1627,24016,163,99992,35.00,-7.27,-4.85
504173,1631,24016,167,99992,35.00,-7.27,-4.87
504195,1839,24016,155,99992,35.00,-7.24,-4.85
504217,1813,24016,150,99992,35.00,-7.29,-4.85
504239,1720,24016,134,99992,35.00,-7.23,-4.86
504261,1783,24528,123,99992,35.00,-7.25,-4.87
504283,1659,24016,123,99992,35.00,-7.25,-4.84
504305,1855,24528,149,99992,35.00,-7.26,-4.81
504327,1829,24528,158,99992,35.00,-7.24,-4.89
504369,1655,24016,171,99992,35.00,-7.24,-4.85
504391,1467,24016,157,99992,35.00,-7.22,-4.87
504413,1689,24528,157,99992,35.00,-7.26,-4.85
504435,1669,24528,142,99992,35.00,-7.26,-4.81
504457,1595,24528,134,99992,35.00,-7.23,-4.88
504479,1551,24528,123,99992,35.00,-7.27,-4.86
504501,1896,24528,126,99992,35.00,-7.27,-4.89
504523,1816,24528,133,99992,35.00,-7.27,-4.88
504545,1703,24528,146,99992,35.00,-7.27,-4.83
504567,1661,24016,151,99992,35.00,-7.22,-4.90
504589,1757,24016,171,99992,35.00,-7.25,-4.85
504630,1894,24016,176,99992,35.00,-7.24,-4.86
504652,1768,24016,171,99992,35.00,-7.23,-4.84
504674,1967,24016,168,99992,35.00,-7.27,-4.85
504696,2035,24016,151,99992,35.00,-7.26,-4.85
504718,2003,24016,141,99992,35.00,-7.24,-4.85
504740,1989,24016,136,99992,35.00,-7.21,-4.85
504762,2039,24016,139,99992,35.00,-7.25,-4.91
504784,1959,24016,143,99992,35.00,-7.23,-4.84
504806,1717,24016,149,99992,35.00,-7.26,-4.88
504828,1735,24016,171,99992,35.00,-7.25,-4.87
504870,1831,24016,181,99992,35.00,-7.24,-4.82
504892,1881,24016,182,99992,35.00,-7.26,-4.89
504914,1951,24016,167,99992,35.00,-7.23,-4.83
504936,1871,24016,151,99992,35.00,-7.25,-4.89
504958,1909,24016,123,99992,35.00,-7.24,-4.86
504980,1917,24016,124,99992,35.00,-7.25,-4.85
505721,2323,24016,148,99992,35.46,-7.21,-4.85
505753,1893,23248,141,99992,35.00,-7.23,-4.88
505775,1709,23248,137,99992,35.00,-7.25,-4.90
505797,1816,23248,125,99992,35.00,-7.24,-4.86
505819,1647,23248,121,99992,35.00,-7.25,-4.79
505841,1822,23248,133,99992,35.00,-7.25,-4.87
505863,1753,23248,147,99992,35.00,-7.24,-4.85
505885,1800,23248,153,99992,35.00,-7.25,-4.85
505907,1725,23248,165,99992,35.00,-7.27,-4.85
505929,1705,23248,172,99992,35.00,-7.24,-4.86
505951,1693,23248,167,99992,35.00,-7.24,-4.86
505993,1791,23248,156,99992,35.00,-7.22,-4.84
506742,1951,23248,143,99992,35.47,-7.24,-4.84
506775,1715,24016,155,99908,35.00,-7.23,-4.83
506797,1867,24016,132,99651,35.00,-7.26,-4.85
506819,1835,24016,135,99472,35.00,-7.25,-4.85
506841,1684,24016,137,99334,35.00,-7.24,-4.88
506863,1747,24016,151,99213,35.00,-7.27,-4.90
506885,1779,24016,166,99081,35.00,-7.24,-4.85
506907,1913,24016,171,98990,35.00,-7.28,-4.87
506929,1609,24016,167,98918,35.00,-7.28,-4.85
506951,1847,24016,163,98888,35.00,-7.25,-4.86
506973,1862,24016,149,98915,35.00,-7.23,-4.87
507516,1815,24016,139,98981,35.91,-7.26,-4.81
507557,1821,24016,131,99160,35.00,-7.24,-4.88
507579,1694,24016,131,99086,35.00,-7.27,-4.86
507601,1949,24016,149,99021,35.00,-7.26,-4.86
507623,1765,24016,157,98988,35.00,-7.24,-4.85
507645,1703,24016,169,98990,35.00,-7.24,-4.91
507667,1636,24016,168,99005,35.00,-7.29,-4.85
507689,1635,24528,163,99098,35.00,-7.24,-4.84
507711,1633,24016,151,99194,35.00,-7.26,-4.87
507733,1631,24016,139,99270,35.00,-7.28,-4.86
507755,1557,24016,121,99318,35.00,-7.25,-4.85
507798,1817,24528,126,99403,35.00,-7.27,-4.87
507820,1624,24016,125,99461,35.00,-7.23,-4.85
507842,1641,24016,149,99512,35.00,-7.23,-4.88
507864,1675,24016,153,99546,35.00,-7.21,-4.85
507886,1493,24016,153,99612,35.00,-7.26,-4.86
507908,1682,24016,163,99682,35.00,-7.28,-4.87
507930,1623,24016,151,99752,35.00,-7.24,-4.88
507952,1779,24016,141,99805,35.00,-7.24,-4.86
507974,1781,24016,133,99833,35.00,-7.25,-4.85
507996,2111,24016,139,99875,35.00,-7.25,-4.91
508038,1940,24016,133,99875,35.00,-7.24,-4.87
508060,1899,24016,141,99875,35.00,-7.24,-4.86
508082,1883,24016,150,99875,35.00,-7.23,-4.85
508104,1567,24016,157,99875,35.00,-7.29,-4.86
508126,1593,24016,159,99875,35.00,-7.25,-4.86
508148,1719,24016,167,99875,35.00,-7.22,-4.88
508170,1870,24016,158,99875,35.00,-7.25,-4.90
508192,1739,24016,145,99875,35.00,-7.25,-4.84
508214,1583,24016,123,99875,35.00,-7.23,-4.86
508236,1820,24016,127,99875,35.00,-7.25,-4.86
508258,1639,24016,123,99875,35.00,-7.23,-4.80
508299,1801,24016,139,99574,35.00,-7.25,-4.85
508321,1419,24016,136,99497,35.00,-7.24,-4.88
508343,1659,24016,150,99440,35.00,-7.25,-4.86
508365,1532,24016,159,99420,35.00,-7.21,-4.87
508387,1659,24016,145,99436,35.00,-7.24,-4.85
508409,1661,24016,125,99498,35.00,-7.28,-4.87
508431,1705,24016,123,99576,35.00,-7.24,-4.84
508453,1608,24016,139,99655,35.00,-7.27,-4.88
508475,1839,24016,139,99704,35.00,-7.26,-4.85
508497,2201,24016,149,99752,35.00,-7.26,-4.88
508540,2232,24016,151,99803,35.00,-7.26,-4.87
508562,1609,24016,151,99833,35.00,-7.27,-4.86
508584,1726,24016,168,99883,35.00,-7.25,-4.84
508606,1898,24016,173,99914,35.00,-7.24,-4.86
508628,2021,24016,167,99961,35.00,-7.24,-4.91
508650,2187,24016,159,99961,35.00,-7.25,-4.86
508672,2093,24016,147,99961,35.00,-7.26,-4.81
508694,2067,23248,147,99961,35.00,-7.26,-4.86
508716,1991,24016,138,99961,35.00,-7.19,-4.84
508738,1963,23248,135,99961,35.00,-7.24,-4.88
508780,2517,23248,163,99961,35.00,-7.24,-4.85
508802,1661,23248,159,99961,35.00,-7.26,-4.86
508824,1918,23248,175,99961,35.00,-7.27,-4.86
508846,1843,23248,179,99961,35.00,-7.23,-4.88
508868,2079,23248,175,99961,35.00,-7.26,-4.87
508890,1775,23248,155,99961,35.00,-7.25,-4.83
508912,1900,24016,145,99961,35.00,-7.26,-4.84
508934,1971,24016,137,99961,35.00,-7.25,-4.88
508956,1993,24016,133,99961,35.00,-7.27,-4.86
508978,1669,23248,133,99961,35.00,-7.24,-4.88
509549,1773,23248,147,99961,35.43,-7.28,-4.84
509582,1715,23248,137,99961,35.00,-7.24,-4.83
509604,1579,23248,163,99961,35.00,-7.19,-4.86
509626,1501,23248,162,99961,35.00,-7.25,-4.84
509648,1692,23248,149,99961,35.00,-7.26,-4.88
509670,1604,23248,145,99961,35.00,-7.28,-4.82
509692,1693,23248,124,99961,35.00,-7.28,-4.87
509714,1784,23248,133,99961,35.00,-7.25,-4.87
509736,1821,23248,127,99961,35.00,-7.28,-4.85
509758,1683,23248,139,99869,35.00,-7.24,-4.85
509780,1797,23248,155,99583,35.00,-7.24,-4.86
509802,1453,23248,165,99406,35.00,-7.26,-4.88
509843,1617,23248,167,99200,35.00,-7.30,-4.89
509865,1786,23248,176,99192,35.00,-7.22,-4.89
509887,1773,24016,159,99209,35.00,-7.25,-4.88
509909,1763,24016,146,99251,35.00,-7.25,-4.88
509931,1661,23248,133,99308,35.00,-7.25,-4.89
509953,1689,23248,135,99373,35.00,-7.27,-4.88
509975,1575,23248,122,99428,35.00,-7.26,-4.87
509997,1715,23248,135,99458,35.00,-7.25,-4.87
510570,1726,24016,145,99482,35.88,-7.27,-4.85
510605,1695,23248,114,98432,35.00,-7.24,-4.87
510627,1753,23248,153,98489,35.00,-7.23,-4.89
510649,1812,23248,147,98572,35.00,-7.24,-4.91
510671,1583,23248,125,98637,35.00,-7.26,-4.82
510693,1501,23248,119,98712,35.00,-7.25,-4.85
510715,1961,23248,138,98773,35.00,-7.28,-4.90
510737,2053,23248,153,98830,35.00,-7.22,-4.84
510759,2095,23248,167,98876,35.00,-7.24,-4.86
510781,1900,23248,180,98928,35.00,-7.23,-4.85
510803,1779,23248,151,98975,35.00,-7.24,-4.81
510845,1353,23248,119,99175,35.00,-7.26,-4.83
510867,1699,22736,147,99232,35.00,-7.25,-4.90
510889,1797,22736,147,99288,35.00,-7.25,-4.86
510911,1651,22736,131,99337,35.00,-7.25,-4.82
510933,1693,22736,120,99395,35.00,-7.25,-4.85
510955,1774,22736,123,99424,35.00,-7.24,-4.89
510977,1927,22736,141,99461,35.00,-7.27,-4.86
510999,1792,22736,148,99489,35.00,-7.24,-4.84
511021,1449,22736,149,99520,35.00,-7.26,-4.86
511043,1571,22352,156,99577,35.00,-7.28,-4.88
511065,1583,22352,153,99635,35.00,-7.26,-4.88
511106,1737,22352,143,99810,35.00,-7.24,-4.82
511128,1779,22736,149,99864,35.00,-7.26,-4.82
511150,1925,22736,133,99890,35.00,-7.25,-4.87
511172,1945,22736,122,99821,35.00,-7.26,-4.86
511194,2041,22352,125,99600,35.00,-7.24,-4.87
511216,1691,22352,132,99276,35.00,-7.26,-4.86
511238,1672,22352,141,99020,35.00,-7.25,-4.84
511260,1574,22352,157,98841,35.00,-7.24,-4.85
511282,1671,22352,158,98731,35.00,-7.26,-4.87
511304,1609,22352,155,98647,35.00,-7.21,-4.87
511347,1813,22352,151,98598,35.00,-7.25,-4.86
511369,1949,22352,139,98687,35.00,-7.25,-4.86
511391,1920,22352,139,98837,35.00,-7.25,-4.85
511413,1685,22352,137,98953,35.00,-7.23,-4.86
511435,1883,22352,141,99045,35.00,-7.23,-4.86
511457,1707,22352,142,99102,35.00,-7.25,-4.84
511479,1949,22352,159,99165,35.00,-7.24,-4.86
511501,1741,22352,169,99217,35.00,-7.25,-4.82
511523,1559,22352,173,99264,35.00,-7.24,-4.86
511545,2079,22352,173,99318,35.00,-7.29,-4.87
511587,1715,22352,153,99441,35.00,-7.30,-4.85
511609,1863,22736,127,99471,35.00,-7.28,-4.84
511631,1913,22736,125,99520,35.00,-7.26,-4.87
511653,1763,22736,126,99568,35.00,-7.27,-4.85
511675,1545,22736,133,99571,35.00,-7.25,-4.86
511697,1851,22736,157,99585,35.00,-7.28,-4.86
511719,1561,22736,157,99592,35.00,-7.22,-4.85
511741,1494,22736,163,99603,35.00,-7.24,-4.85
511763,1848,22736,169,99629,35.00,-7.27,-4.87
511785,1683,22736,157,99641,35.00,-7.28,-4.88
511828,1959,23248,159,99753,35.00,-7.23,-4.88
511850,2121,22736,148,99795,35.00,-7.23,-4.89
511872,2149,23248,141,99814,35.00,-7.26,-4.84
511894,1863,23248,135,99666,35.00,-7.26,-4.87
511916,1745,23248,137,99415,35.00,-7.29,-4.85
511938,1607,23248,153,99117,35.00,-7.27,-4.86
511960,1657,22736,173,98905,35.00,-7.26,-4.85
511982,1573,23248,169,98760,35.00,-7.24,-4.83
512356,1679,23248,167,98669,36.04,-7.25,-4.85
512389,1385,21072,145,99451,35.00,-7.26,-4.85
512411,1544,21072,109,99476,35.00,-7.26,-4.85
512433,1533,21072,115,99507,35.00,-7.26,-4.86
512455,1417,21072,125,99547,35.00,-7.24,-4.85
512477,1447,21072,148,99585,35.00,-7.27,-4.88
512499,1619,21072,179,99623,35.00,-7.24,-4.85
512521,1695,21072,183,99695,35.00,-7.28,-4.82
512543,1915,21072,181,99757,35.00,-7.25,-4.86
512565,1928,21072,178,99810,35.00,-7.27,-4.88
512587,2299,21072,171,99804,35.00,-7.24,-4.87
512630,2183,21840,153,99107,35.00,-7.26,-4.85
512652,2127,21840,127,98862,35.00,-7.27,-4.84
512674,1719,21840,121,98710,35.00,-7.22,-4.84
512696,1495,21840,116,98604,35.00,-7.28,-4.86
512718,1262,21840,139,98525,35.00,-7.23,-4.88
512740,1355,21840,163,98466,35.00,-7.27,-4.84
512762,1533,21840,171,98430,35.00,-7.25,-4.88
512784,1659,21840,159,98445,35.00,-7.26,-4.84
512806,1942,21840,165,98540,35.00,-7.24,-4.86
512828,2235,21840,157,98662,35.00,-7.22,-4.85
512870,2281,21840,165,98860,35.00,-7.22,-4.87
512892,2197,21840,153,98868,35.00,-7.23,-4.88
512914,2053,21840,150,98913,35.00,-7.28,-4.87
512936,1791,21840,145,98941,35.00,-7.24,-4.88
512958,1529,21840,155,98986,35.00,-7.22,-4.88
512980,1437,21840,159,99030,35.00,-7.27,-4.89
513376,1401,21840,155,99100,36.02,-7.25,-4.85
513412,1433,21840,158,98363,35.00,-7.26,-4.88
513434,1597,21840,133,98325,35.00,-7.28,-4.85
513456,1383,21840,141,98299,35.00,-7.20,-4.80
513478,1325,21840,145,98314,35.00,-7.24,-4.86
513500,1444,21840,158,98386,35.00,-7.27,-4.90
513522,1369,21840,163,98507,35.00,-7.24,-4.86
513544,1615,21840,157,98617,35.00,-7.27,-4.86
513566,1671,21840,150,98691,35.00,-7.27,-4.87
513588,1907,21840,147,98713,35.00,-7.23,-4.88
513610,1821,21840,137,98745,35.00,-7.27,-4.86
513652,2120,21840,149,98832,35.00,-7.27,-4.81
513674,2037,21840,152,98855,35.00,-7.28,-4.85
513696,1365,21840,151,98889,35.00,-7.23,-4.87
513718,1913,21840,167,98921,35.00,-7.29,-4.88
513740,1479,21072,157,98964,35.00,-7.23,-4.86
513762,1559,21840,146,98993,35.00,-7.25,-4.84
513784,1557,21840,125,99031,35.00,-7.24,-4.85
513806,1461,21840,109,99037,35.00,-7.22,-4.83
513828,1453,21840,105,99064,35.00,-7.26,-4.90
513850,1678,21072,115,99096,35.00,-7.26,-4.87
513872,1707,21840,137,99148,35.00,-7.27,-4.86
513913,1895,21840,160,99284,35.00,-7.22,-4.84
513935,2187,21072,172,99330,35.00,-7.30,-4.88
513957,2129,21072,189,99365,35.00,-7.24,-4.88
513979,2137,21072,189,99371,35.00,-7.25,-4.91
514397,2072,21840,173,99325,35.69,-7.25,-4.87
514434,2030,21072,187,98976,35.00,-7.26,-4.87
514456,1645,21840,171,99029,35.00,-7.23,-4.82
514478,1861,21840,183,99076,35.00,-7.22,-4.84
514500,2253,21840,171,99115,35.00,-7.26,-4.87
514522,1718,21840,137,99143,35.00,-7.23,-4.89
514544,1734,21840,126,99192,35.00,-7.23,-4.87
514566,1527,21840,125,99251,35.00,-7.24,-4.85
514588,1839,21840,134,99290,35.00,-7.26,-4.85
514610,1749,21840,135,99333,35.00,-7.23,-4.84
514632,1767,21840,149,99373,35.00,-7.29,-4.87
514675,1716,21840,160,99468,35.00,-7.27,-4.85
514697,1833,21840,169,99483,35.00,-7.24,-4.84
514719,1781,21840,153,99397,35.00,-7.23,-4.86
514741,1768,21840,141,99133,35.00,-7.25,-4.89
514763,1587,21840,142,98816,35.00,-7.23,-4.83
514785,1707,21840,142,98561,35.00,-7.26,-4.83
514807,1749,21840,137,98409,35.00,-7.23,-4.84
514829,1721,21840,132,98294,35.00,-7.25,-4.87
514851,1785,22352,141,98217,35.00,-7.22,-4.85
514873,1740,22352,147,98174,35.00,-7.25,-4.88
514915,1721,21840,158,98301,35.00,-7.25,-4.85
514937,1577,21840,160,98413,35.00,-7.27,-4.83
514959,1704,21840,165,98505,35.00,-7.21,-4.88
514981,1664,21840,157,98569,35.00,-7.23,-4.88
515418,1791,21840,155,98609,36.95,-7.27,-4.84
515457,1540,21840,155,98935,35.00,-7.24,-4.86
515479,1509,21840,159,98633,35.00,-7.23,-4.84
515501,1887,21840,152,98362,35.00,-7.26,-4.86
515523,1911,22352,140,98171,35.00,-7.26,-4.85
515545,1783,22352,117,98048,35.00,-7.28,-4.85
515567,1705,22352,115,97954,35.00,-7.27,-4.89
515589,1847,21840,119,97891,35.00,-7.27,-4.86
515611,1831,21840,139,97875,35.00,-7.27,-4.82
515633,1838,21840,151,97894,35.00,-7.26,-4.85
515655,1683,21840,157,97974,35.00,-7.26,-4.87
515697,1581,21840,164,98336,35.00,-7.23,-4.90
515719,1661,21840,159,98385,35.00,-7.25,-4.86
515741,1743,22352,142,98422,35.00,-7.28,-4.88
515763,1919,22352,141,98472,35.00,-7.28,-4.85
515785,1838,22352,123,98536,35.00,-7.27,-4.89
515807,1893,22352,121,98592,35.00,-7.27,-4.87
515829,1960,22352,125,98673,35.00,-7.26,-4.86
515851,1785,22352,141,98730,35.00,-7.25,-4.85
515873,1810,21840,147,98782,35.00,-7.25,-4.86
515895,1757,21840,164,98850,35.00,-7.24,-4.86
515917,1659,22352,159,98917,35.00,-7.23,-4.82
515958,1755,22352,164,99029,35.00,-7.25,-4.85
515980,1766,21840,157,99109,35.00,-7.27,-4.85
516694,1869,22352,145,99147,36.48,-7.27,-4.84
516720,1591,21840,169,98934,35.00,-7.24,-4.85
516742,1977,21840,147,98915,35.00,-7.24,-4.82
516764,1885,21840,133,98918,35.00,-7.26,-4.85
516786,1903,21840,137,98939,35.00,-7.28,-4.82
516808,2066,21840,151,98979,35.00,-7.24,-4.85
516830,2168,22352,171,99016,35.00,-7.25,-4.83
516852,2195,21840,175,99056,35.00,-7.27,-4.81
516874,1853,21840,173,99084,35.00,-7.25,-4.86
516896,1631,21840,165,99107,35.00,-7.25,-4.86
516918,1831,21840,156,99118,35.00,-7.24,-4.83
516960,1715,21840,137,98524,35.00,-7.21,-4.85
516982,1691,22352,122,98193,35.00,-7.25,-4.84
517715,1627,22352,119,97983,35.90,-7.25,-4.86
517742,1695,21840,126,97919,35.00,-7.26,-4.86
517764,1510,21840,99,97845,35.00,-7.23,-4.86
517786,1638,21840,117,97813,35.00,-7.25,-4.90
517808,1629,21840,133,97793,35.00,-7.19,-4.84
517830,1527,21840,142,97797,35.00,-7.24,-4.86
517852,1611,21840,163,97821,35.00,-7.25,-4.85
517874,1817,21840,173,97924,35.00,-7.24,-4.85
517896,1918,21840,173,98034,35.00,-7.27,-4.87
517918,2136,21840,169,98123,35.00,-7.24,-4.86
517940,2093,21840,149,98183,35.00,-7.23,-4.84
517983,1955,21840,103,98286,35.00,-7.24,-4.89
518736,1746,21840,119,98344,35.58,-7.23,-4.88
518765,1811,21840,143,98429,35.00,-7.27,-4.90
518787,1736,21840,135,98477,35.00,-7.26,-4.90
518809,1663,21840,145,98538,35.00,-7.25,-4.88
518831,1605,21840,159,98594,35.00,-7.25,-4.86
518853,1643,21840,157,98637,35.00,-7.25,-4.81
518875,1706,21840,154,98688,35.00,-7.28,-4.87
518897,1813,21840,147,98740,35.00,-7.24,-4.85
518919,1791,21840,147,98789,35.00,-7.27,-4.86
518941,1879,22352,135,98813,35.00,-7.27,-4.81
518963,1927,21840,126,98865,35.00,-7.25,-4.89
519505,1833,21840,126,98997,35.75,-7.22,-4.87
519546,1597,20368,137,98616,35.00,-7.24,-4.84
519568,2100,20368,151,98691,35.00,-7.24,-4.84
519590,1948,19856,167,98744,35.00,-7.25,-4.86
519612,1762,19856,155,98796,35.00,-7.23,-4.88
519634,1919,19856,155,98847,35.00,-7.26,-4.85
519656,1490,19856,141,98894,35.00,-7.28,-4.89
519678,1507,19856,133,98927,35.00,-7.27,-4.86
519700,1823,19856,125,98973,35.00,-7.23,-4.86
519722,2396,19856,135,99023,35.00,-7.24,-4.84
519744,2040,19856,125,99093,35.00,-7.25,-4.87
519766,1673,19856,136,99175,35.00,-7.26,-4.82
519807,1661,19856,148,99463,35.00,-7.26,-4.87
519829,1963,19856,157,99535,35.00,-7.30,-4.87
519851,2021,19856,167,99586,35.00,-7.27,-4.87
519873,1703,19856,159,99587,35.00,-7.20,-4.88
519895,1845,19856,158,99429,35.00,-7.24,-4.90
519917,1785,19856,145,99129,35.00,-7.27,-4.84
519939,2468,19856,149,98834,35.00,-7.24,-4.86
519961,2110,19856,136,98603,35.00,-7.24,-4.86
519983,1957,19856,135,98493,35.00,-7.27,-4.85
520522,2012,19856,155,98444,35.53,-7.27,-4.87
520552,1898,20560,147,98444,35.00,-7.26,-4.86
520574,1560,20560,159,98444,35.00,-7.28,-4.82
520596,1833,20560,173,98444,35.00,-7.28,-4.85
520618,1761,20560,142,98444,35.00,-7.29,-4.85
520640,1669,20560,139,98444,35.00,-7.24,-4.88
520662,2607,20560,155,99968,35.00,-7.24,-4.86
520684,1802,20560,146,99632,35.00,-7.24,-4.83
520706,1416,21072,135,99374,35.00,-7.30,-4.85
520728,1263,20560,149,99200,35.00,-7.05,-4.88
520769,2211,20560,163,99154,35.00,-7.32,-4.82
520791,1333,20560,154,99253,35.00,-7.28,-4.90
520813,1373,21072,143,99411,35.00,-7.23,-4.86
520835,1820,21072,139,99608,35.00,-7.28,-4.85
520857,1307,21072,123,99798,35.00,-7.26,-4.85
520879,1998,21072,133,99893,35.00,-7.30,-4.94
520901,1515,21072,118,99894,35.00,-7.29,-5.40
520923,2248,20560,154,99815,35.00,-7.41,-4.98
520945,1357,20560,136,99711,35.00,-7.23,-4.86
520967,1228,20560,153,99627,35.00,-7.26,-4.93
520989,1991,20368,175,99585,35.00,-7.28,-4.89
521030,1492,19856,171,99338,35.00,-7.21,-4.88
521052,1297,18192,167,99169,35.00,-7.23,-4.89
521074,2099,18576,115,99055,35.00,-7.19,-5.41
521096,0,18192,111,98890,35.00,-6.98,-5.14
521118,3755,18192,175,98781,35.00,-7.30,-4.84
521140,521,19088,53,98624,35.00,-7.53,-4.54
521162,379,19088,115,98438,35.00,-6.99,-5.07
521184,2015,19856,163,98244,35.00,-7.28,-4.87
521206,1940,19856,149,98076,35.00,-7.24,-5.08
521228,1421,19856,120,97857,35.00,-7.31,-5.07
521271,566,18192,165,97268,35.00,-7.29,-4.87
521293,1362,18192,122,97187,35.00,-7.15,-4.93
521315,799,18576,153,97132,35.00,-7.26,-4.94
521337,1213,19088,133,97026,35.00,-7.19,-4.91
521359,2699,19088,155,96885,35.00,-7.25,-4.89
521381,2357,19088,127,96583,35.00,-7.25,-4.95
521403,2056,18576,147,96168,35.00,-7.25,-4.95
521425,1431,20368,147,95795,35.00,-7.34,-5.18
521447,1435,20368,118,95482,35.00,-7.23,-5.20
521469,1469,19856,183,95180,35.00,-7.39,-4.42
521511,2437,20368,174,94657,35.00,-7.13,-4.94
521533,868,20368,92,94486,35.00,-6.72,-6.63
521555,14,19088,111,93999,35.00,-7.12,-4.73
521577,3700,18576,156,93996,35.00,-7.34,-4.75
521599,2891,18192,153,93873,35.00,-7.28,-4.97
521621,1387,18192,125,93964,35.00,-7.16,-4.96
521643,888,18192,147,93999,35.00,-7.24,-4.86
521665,1753,17680,169,94033,35.00,-7.32,-4.97
521687,2548,18192,184,94044,35.00,-7.23,-4.93
521709,2427,18192,178,94101,35.00,-7.30,-5.53
521731,1655,18576,142,94114,35.00,-7.16,-5.13
521772,1611,18192,167,93500,35.00,-7.27,-4.99
521794,2347,17680,144,93276,35.00,-7.02,-5.16
521816,1551,17680,117,93119,35.00,-7.46,-4.99
521838,1751,17680,121,92836,35.00,-7.05,-4.60
521860,2343,16912,135,92651,35.00,-7.36,-5.04
521882,1717,16912,115,92584,35.00,-7.21,-5.08
521904,1468,16912,137,92558,35.00,-7.27,-4.88
521926,1339,16912,154,92793,35.00,-7.27,-4.80
521948,1941,16912,167,93322,35.00,-7.40,-4.89
521970,1405,17680,157,94130,35.00,-6.94,-4.98
522564,1204,17680,126,97141,36.10,-7.47,-4.46
522594,1654,21072,169,97141,35.00,-7.20,-4.91
522616,1643,21840,132,97141,35.00,-7.19,-4.91
522638,2072,21840,126,97141,35.00,-7.19,-4.90
522660,2111,22352,135,97141,35.00,-7.19,-4.87
522682,1839,22352,139,97141,35.00,-7.20,-4.95
522704,1436,22352,152,97141,35.00,-7.20,-4.92
522726,1516,21840,159,97141,35.00,-7.24,-4.89
522748,1557,22352,165,97141,35.00,-7.23,-4.93
522770,1751,22352,169,97141,35.00,-7.19,-4.92
522792,1849,22352,159,97141,35.00,-7.21,-4.91
522834,1919,22352,150,97141,35.00,-7.23,-4.93
522856,1973,22352,127,97141,35.00,-7.23,-4.91
522878,1943,22352,127,99663,35.00,-7.20,-4.90
522900,1251,22352,121,99293,35.00,-7.17,-4.93
522922,1811,22352,147,99060,35.00,-7.20,-4.91
522944,1912,22352,167,98918,35.00,-7.18,-4.91
522966,1816,22352,173,98830,35.00,-7.22,-4.93
522988,1679,22352,173,98778,35.00,-7.23,-4.89
523583,1797,22352,167,98751,35.21,-7.23,-4.92
523616,1693,22736,179,99634,35.00,-7.18,-4.94
523638,2075,22736,154,99300,35.00,-7.18,-4.90
523660,2157,22736,159,99089,35.00,-7.22,-4.95
523682,1968,22736,154,98933,35.00,-7.24,-4.93
523704,1594,22736,141,98808,35.00,-7.18,-4.88
523726,1143,22736,141,98729,35.00,-7.20,-4.92
523748,1439,22736,159,98686,35.00,-7.22,-4.92
523770,1512,22736,158,98753,35.00,-7.22,-4.93
523792,1704,22736,149,98865,35.00,-7.19,-4.92
523814,1895,22736,137,98979,35.00,-7.21,-4.88
523836,1789,22736,137,99066,35.00,-7.19,-4.91
523877,1747,22736,134,99213,35.00,-7.21,-4.97
523899,2031,22736,159,99254,35.00,-7.22,-4.94
523921,2057,22736,162,99268,35.00,-7.23,-4.95
523943,1811,22736,153,99296,35.00,-7.22,-4.93
523965,1497,22736,154,99374,35.00,-7.19,-4.94
523987,1236,22736,156,99441,35.00,-7.20,-4.98
524349,1385,22736,157,99502,34.44,-7.22,-4.92
524378,1903,22736,151,98826,35.00,-7.21,-4.89
524400,1875,22736,149,98686,35.00,-7.20,-4.92
524422,1709,22736,159,98581,35.00,-7.21,-4.95
524444,1891,22736,175,98502,35.00,-7.24,-4.92
524466,1830,22736,173,98448,35.00,-7.22,-4.92
524488,1653,22736,167,98451,35.00,-7.24,-4.92
524510,1817,22736,153,98540,35.00,-7.19,-4.96
524532,2025,22736,151,98670,35.00,-7.21,-4.96
524554,2063,22736,147,98767,35.00,-7.22,-4.89
524576,1949,22736,134,98818,35.00,-7.20,-4.90
524598,1869,22736,135,98867,35.00,-7.21,-4.91
524639,1811,22736,146,99058,35.00,-7.21,-4.92
524661,1725,22736,138,99130,35.00,-7.21,-4.91
524683,1575,22736,155,99186,35.00,-7.20,-4.93
524705,1561,22736,174,99239,35.00,-7.20,-4.91
524727,1659,22736,179,99322,35.00,-7.21,-4.93
524749,1852,22736,167,99395,35.00,-7.22,-4.90
524771,2041,22736,159,99459,35.00,-7.20,-4.90
524793,2021,22736,141,99520,35.00,-7.23,-4.91
524815,2099,22736,141,99582,35.00,-7.21,-4.93
524837,1979,22736,137,99645,35.00,-7.17,-4.92
524879,1757,22736,149,99752,35.00,-7.19,-4.91
524901,1629,22736,151,99780,35.00,-7.19,-4.90
524923,1625,22736,156,99834,35.00,-7.21,-4.91
524945,1579,22736,152,99893,35.00,-7.18,-4.90
524967,1579,22352,147,99959,35.00,-7.21,-4.93
524989,1443,22352,137,99995,35.00,-7.21,-4.90
525367,1485,22352,135,99995,34.96,-7.24,-4.93
525401,2117,21072,156,98928,35.00,-7.20,-4.92
525423,1598,21072,153,98986,35.00,-7.20,-4.93
525445,1407,21072,163,99057,35.00,-7.19,-4.94
525467,1469,21072,158,99108,35.00,-7.22,-4.91
525489,1640,21840,151,99162,35.00,-7.24,-4.89
525511,1881,21840,141,99213,35.00,-7.20,-4.91
525533,2072,21840,145,99264,35.00,-7.20,-4.91
525555,1823,21840,141,99309,35.00,-7.24,-4.94
525577,1747,21840,140,99334,35.00,-7.24,-4.92
525599,1972,21840,155,99375,35.00,-7.19,-4.89
525641,2037,21840,167,99507,35.00,-7.17,-4.91
525663,1855,21840,165,99545,35.00,-7.20,-4.90
525685,1598,21840,161,99618,35.00,-7.22,-4.91
525707,1517,21840,157,99691,35.00,-7.20,-4.92
525729,1545,21840,151,99757,35.00,-7.24,-4.94
525751,1693,21840,140,99790,35.00,-7.23,-4.91
525773,1804,21840,137,99785,35.00,-7.21,-4.89
525795,1909,21840,135,99665,35.00,-7.24,-4.94
525817,1959,21840,145,99392,35.00,-7.21,-4.89
525839,1909,21840,163,99051,35.00,-7.20,-4.92
525861,1165,21840,155,98768,35.00,-7.16,-4.93
525902,1435,21840,159,98238,35.00,-7.20,-4.91
525924,1379,21072,151,98173,35.00,-7.22,-4.88
525946,1531,21072,158,98169,35.00,-7.21,-4.96
525968,1653,21840,148,98215,35.00,-7.21,-4.92
525990,1705,21840,139,98309,35.00,-7.23,-4.91
526386,1797,21840,133,98415,35.41,-7.22,-4.91
526423,1748,21840,155,98415,35.00,-7.23,-4.92
526445,1707,21840,173,98415,35.00,-7.18,-4.88
526467,1847,21840,156,98415,35.00,-7.18,-4.95
526489,1878,21840,143,98415,35.00,-7.19,-4.92
526511,2037,21840,139,98415,35.00,-7.20,-4.91
526533,2110,21840,140,98415,35.00,-7.20,-4.94
526555,1965,21840,135,98415,35.00,-7.21,-4.92
526577,1911,21840,137,98415,35.00,-7.21,-4.90
526599,1783,21840,149,98415,35.00,-7.26,-4.88
526621,1553,21840,157,98415,35.00,-7.19,-4.91
526643,1846,21840,167,98415,35.00,-7.16,-4.87
526684,1635,22352,166,98415,35.00,-7.20,-4.94
526706,1675,22352,163,98415,35.00,-7.26,-4.92
526728,1829,22352,154,98415,35.00,-7.19,-4.93
526750,1955,22352,138,98415,35.00,-7.19,-4.93
526772,2207,22352,143,98415,35.00,-7.21,-4.90
526794,2189,22352,148,98415,35.00,-7.20,-4.89
526816,2019,22352,158,98415,35.00,-7.20,-4.90
526838,1971,22352,167,98415,35.00,-7.20,-4.93
526860,1809,22352,179,98415,35.00,-7.20,-4.90
526882,1932,22352,173,98415,35.00,-7.21,-4.91
526924,1910,22352,169,98415,35.00,-7.20,-4.91
526946,1577,22352,135,98415,35.00,-7.27,-4.92
526968,1635,22352,133,98415,35.00,-7.18,-4.88
526990,1771,21840,118,98415,35.00,-7.23,-4.93
527405,1779,21840,135,98415,34.58,-7.23,-4.93
527446,1875,22352,134,98415,35.00,-7.17,-4.88
527468,1571,21840,125,98415,35.00,-7.21,-4.90
527490,1735,22352,127,98415,35.00,-7.20,-4.92
527512,1809,22352,133,98415,35.00,-7.19,-4.90
527534,1771,22352,133,98415,35.00,-7.19,-4.88
527556,1763,22352,147,98415,35.00,-7.20,-4.89
527578,1805,22352,167,98415,35.00,-7.20,-4.94
527600,1989,21840,185,98415,35.00,-7.22,-4.92
527622,2075,22352,191,98415,35.00,-7.22,-4.91
527644,2155,22352,165,98415,35.00,-7.23,-4.93
527686,1851,22352,134,98415,35.00,-7.21,-4.93
527708,1671,22352,135,98415,35.00,-7.18,-4.97
527730,1663,22352,133,98415,35.00,-7.21,-4.95
527752,1752,22352,127,98415,35.00,-7.23,-4.89
527774,1759,22352,135,98415,35.00,-7.19,-4.89
527796,1803,22352,151,98415,35.00,-7.20,-4.93
527818,1830,22352,168,98415,35.00,-7.21,-4.91
527840,1932,22352,167,98415,35.00,-7.19,-4.91
527862,1727,22352,155,98415,35.00,-7.23,-4.90
527884,1624,22352,147,98415,35.00,-7.21,-4.95
527906,1816,22352,155,98415,35.00,-7.21,-4.94
527947,1867,22352,141,98415,35.00,-7.21,-4.94
527969,1789,22352,133,98415,35.00,-7.23,-4.90
527991,1901,22352,136,98415,35.00,-7.19,-4.91
528425,1981,22352,141,98415,35.27,-7.19,-4.92
528454,1881,22352,125,98415,35.00,-7.21,-4.89
528476,1543,22352,127,98415,35.00,-7.19,-4.95
528498,1543,22352,154,98415,35.00,-7.21,-4.93
528520,1593,22352,167,98415,35.00,-7.22,-4.92
528542,1565,22352,167,98415,35.00,-7.18,-4.94
528564,1791,22352,159,98415,35.00,-7.21,-4.90
528586,1916,22352,158,98415,35.00,-7.21,-4.95
528629,2091,22352,153,98415,35.00,-7.20,-4.91
528651,2159,22352,136,98415,35.00,-7.19,-4.89
528673,1891,22736,120,98415,35.00,-7.19,-4.85
528695,1651,22736,132,98415,35.00,-7.22,-4.92
528717,1605,22736,153,98415,35.00,-7.21,-4.92
528739,1567,22352,167,98415,35.00,-7.21,-4.91
528761,1479,22352,169,98415,35.00,-7.19,-4.88
528783,1675,22352,167,98415,35.00,-7.23,-4.95
528805,1875,22352,157,98415,35.00,-7.23,-4.93
528827,2021,22736,151,98415,35.00,-7.22,-4.93
528869,2063,22736,138,98415,35.00,-7.21,-4.89
528891,1803,22352,119,98415,35.00,-7.20,-4.89
528913,1806,22352,134,98415,35.00,-7.20,-4.92
528935,1771,22736,143,99935,35.00,-7.23,-4.95
528957,1671,22352,159,99817,35.00,-7.19,-4.94
528979,1603,22352,169,99732,35.00,-7.21,-4.91
529699,1625,22352,170,99696,35.16,-7.23,-4.89
529731,1695,22736,165,99778,35.00,-7.21,-4.93
529753,1831,22736,139,99806,35.00,-7.26,-4.90
529775,1750,22736,155,99882,35.00,-7.19,-4.91
529797,1787,22736,172,99882,35.00,-7.22,-4.93
529819,1861,22736,171,99882,35.00,-7.20,-4.92
529841,1771,22736,159,99882,35.00,-7.20,-4.91
529863,1763,22736,147,99882,35.00,-7.20,-4.90
529885,1818,22736,149,99882,35.00,-7.21,-5.01
529907,1781,22736,139,99882,35.00,-7.13,-4.85
529929,1736,22736,133,99882,35.00,-7.26,-4.85
529951,1775,22736,136,99882,35.00,-7.17,-4.90
529992,1801,22736,147,99882,35.00,-7.19,-4.90
530718,1864,22736,148,99882,35.40,-7.21,-4.93
530754,1627,22736,159,99882,35.00,-7.20,-4.89
530776,1749,22352,157,99882,35.00,-7.23,-4.88
530798,1771,22736,172,99882,35.00,-7.21,-4.88
530820,1835,22736,173,99882,35.00,-7.20,-4.87
530842,2005,22352,167,99882,35.00,-7.22,-4.89
530864,2037,22736,151,99882,35.00,-7.19,-4.87
530886,2057,22736,121,99882,35.00,-7.19,-4.89
530908,1803,22736,111,99882,35.00,-7.24,-4.89
530930,1757,22736,121,99882,35.00,-7.24,-4.89
530952,1693,22352,137,99882,35.00,-7.24,-4.88
530994,1545,22736,147,99882,35.00,-7.19,-4.91
531738,1715,22352,165,99882,35.16,-7.21,-4.92
531776,1771,22352,158,99882,35.00,-7.22,-4.90
531798,1685,22736,157,99882,35.00,-7.23,-4.90
531820,1701,22736,145,99882,35.00,-7.22,-4.90
531842,1689,22736,125,99882,35.00,-7.24,-4.89
531864,1487,22736,106,99882,35.00,-7.18,-4.92
531886,1519,22736,109,99882,35.00,-7.19,-4.86
531908,1531,22736,105,99882,35.00,-7.21,-4.91
531930,1419,22736,111,99882,35.00,-7.20,-4.92
531952,1421,22736,123,99882,35.00,-7.25,-4.91
531974,1439,22352,147,99882,35.00,-7.23,-4.92
532758,1529,22352,153,99882,34.69,-7.21,-4.92
532799,1809,22736,153,99882,35.00,-7.21,-4.88
532821,1819,22736,148,99882,35.00,-7.20,-4.89
532843,1838,23248,137,99882,35.00,-7.20,-4.93
532865,1822,23248,125,99882,35.00,-7.21,-4.90
532887,1771,23248,125,99882,35.00,-7.25,-4.93
532909,1780,22736,137,99882,35.00,-7.22,-4.90
532931,1671,22736,140,99882,35.00,-7.23,-4.89
532953,1651,22736,158,99882,35.00,-7.17,-4.89
532975,1623,22736,163,99882,35.00,-7.19,-4.91
532997,1624,22736,166,99882,35.00,-7.19,-4.88
533039,1563,22736,155,99882,35.00,-7.18,-4.89
533061,1756,23248,141,99882,35.00,-7.19,-4.90
533083,1717,22736,126,99882,35.00,-7.19,-4.89
533105,1652,23248,119,99882,35.00,-7.22,-4.91
533127,1579,22736,119,99882,35.00,-7.22,-4.87
533149,1639,22736,136,99882,35.00,-7.20,-4.91
533171,1639,22736,139,99882,35.00,-7.20,-4.92
533193,1611,22736,158,99882,35.00,-7.19,-4.92
533215,1527,22736,156,99882,35.00,-7.19,-4.93
533237,1619,22736,157,99882,35.00,-7.22,-4.89
533280,1595,22736,147,99882,35.00,-7.23,-4.89
533302,1675,22736,127,99882,35.00,-7.20,-4.91
533324,1695,22736,115,99882,35.00,-7.25,-4.91
533346,1693,23248,115,99882,35.00,-7.19,-4.90
533368,1607,23248,117,99882,35.00,-7.20,-4.91
533390,1715,22736,140,99882,35.00,-7.23,-4.88
533412,1687,22736,151,99882,35.00,-7.21,-4.93
533434,1735,22736,159,99882,35.00,-7.23,-4.90
533456,1757,22736,166,99882,35.00,-7.19,-4.89
533478,1791,22736,155,99882,35.00,-7.19,-4.91
533520,1919,22736,147,99882,35.00,-7.21,-4.92
533542,2025,22736,137,99882,35.00,-7.21,-4.90
533564,2009,22736,125,99882,35.00,-7.21,-4.90
533586,2037,22736,132,99882,35.00,-7.19,-4.88
533608,1963,22352,138,99882,35.00,-7.20,-4.89
533630,1899,22736,147,99882,35.00,-7.21,-4.90
533652,1845,22736,159,99882,35.00,-7.21,-4.89
533674,1805,22736,169,99882,35.00,-7.21,-4.93
533696,1803,22736,172,99882,35.00,-7.17,-4.89
533718,1894,22352,164,99882,35.00,-7.21,-4.90
533740,1963,22736,157,99882,35.00,-7.16,-4.87
533781,2123,22736,149,99882,35.00,-7.23,-4.90
533803,2147,22736,139,99882,35.00,-7.17,-4.91
533825,2084,22736,137,99882,35.00,-7.20,-4.90
533847,1935,22736,132,99882,35.00,-7.20,-4.89
533869,1853,22736,140,99882,35.00,-7.18,-4.91
533891,1736,22736,149,99882,35.00,-7.15,-4.93
533913,1711,22736,167,99882,35.00,-7.23,-4.91
533935,1663,22736,171,99882,35.00,-7.19,-4.88
533957,1657,22736,157,99882,35.00,-7.23,-4.89
533979,1711,22352,146,99882,35.00,-7.23,-4.88
534021,1791,22736,137,99882,35.00,-7.20,-4.94
534043,1814,22736,123,99882,35.00,-7.24,-4.91
534065,1843,22736,119,99882,35.00,-7.19,-4.90
534087,1809,22736,125,99882,35.00,-7.21,-4.95
534109,1711,22736,141,99882,35.00,-7.18,-4.88
534131,1589,22736,153,99882,35.00,-7.23,-4.89
534153,1559,22736,158,99882,35.00,-7.21,-4.90
534175,1653,22736,167,99882,35.00,-7.22,-4.88
534197,1749,22736,158,99882,35.00,-7.23,-4.91
534219,1739,22736,147,99882,35.00,-7.20,-4.86
534241,1783,22736,135,99882,35.00,-7.21,-4.91
534282,1885,22736,125,99882,35.00,-7.22,-4.87
534304,1830,22736,121,99882,35.00,-7.20,-4.93
534326,1833,22736,132,99882,35.00,-7.20,-4.87
534348,1831,22736,139,99882,35.00,-7.22,-4.90
534370,1725,22736,141,99882,35.00,-7.24,-4.91
534392,1706,22736,160,99882,35.00,-7.18,-4.94
534414,1645,22736,165,99882,35.00,-7.22,-4.86
534436,1669,22352,157,99882,35.00,-7.21,-4.94
534458,1847,22352,151,99882,35.00,-7.22,-4.89
534480,1939,22352,139,99882,35.00,-7.24,-4.93
534523,1925,22736,121,99882,35.00,-7.19,-4.90
534545,1884,22352,118,99882,35.00,-7.20,-4.92
534567,1831,22736,125,99882,35.00,-7.19,-4.89
534589,1783,22736,140,99882,35.00,-7.24,-4.90
534611,1676,22736,155,99882,35.00,-7.19,-4.92
534633,1643,22736,159,99882,35.00,-7.26,-4.91
534655,1717,22352,168,99882,35.00,-7.24,-4.92
534677,1828,22352,157,99882,35.00,-7.19,-4.90
534699,1930,22736,148,99882,35.00,-7.24,-4.90
534721,1989,22736,134,99882,35.00,-7.23,-4.94
534763,1931,22736,126,99882,35.00,-7.23,-4.89
534785,2057,22736,133,99882,35.00,-7.25,-4.88
534807,1912,22736,141,99882,35.00,-7.19,-4.91
534829,1781,22736,147,99882,35.00,-7.24,-4.90
534851,1705,22736,167,99882,35.00,-7.23,-4.87
534873,1812,22736,169,99882,35.00,-7.21,-4.93
534895,1758,22736,169,99882,35.00,-7.16,-4.91
534917,1787,22736,160,99882,35.00,-7.24,-4.89
534939,1927,22736,149,99882,35.00,-7.25,-4.87
534961,1975,22736,139,99882,35.00,-7.20,-4.93
534983,1947,22736,135,99882,35.00,-7.20,-4.88
535024,1918,22736,125,99882,35.00,-7.19,-4.91
535046,1891,22736,128,99882,35.00,-7.18,-4.94
535068,1738,22736,139,99882,35.00,-7.23,-4.91
535090,1669,22736,152,99882,35.00,-7.24,-4.89
535112,1655,22736,164,99882,35.00,-7.22,-4.87
535134,1671,22736,166,99882,35.00,-7.20,-4.91
535156,1771,22736,159,99882,35.00,-7.23,-4.88
535178,1851,22736,152,99882,35.00,-7.21,-4.90
535200,1831,22736,137,99882,35.00,-7.23,-4.89
535222,1807,22736,123,99882,35.00,-7.22,-4.91
535264,1957,22736,126,99882,35.00,-7.19,-4.91
535286,1751,22736,131,99882,35.00,-7.19,-4.94
535308,1685,22736,141,99882,35.00,-7.23,-4.90
535330,1714,22736,156,99882,35.00,-7.21,-4.92
535352,1735,22736,165,99882,35.00,-7.20,-4.93
535374,1689,22736,165,99882,35.00,-7.20,-4.91
535396,1676,22736,155,99882,35.00,-7.20,-4.92
535418,1865,22736,157,99882,35.00,-7.21,-4.91
535440,1961,22736,135,99882,35.00,-7.21,-4.96
535462,1839,22736,123,99882,35.00,-7.20,-4.89
535484,1715,22736,117,99882,35.00,-7.20,-4.93
535525,1799,22736,137,99882,35.00,-7.21,-4.91
535547,1829,22736,137,99882,35.00,-7.24,-4.91
535569,1767,22736,150,99882,35.00,-7.19,-4.92
535591,1695,22736,163,99882,35.00,-7.22,-4.90
535613,1707,22736,165,99882,35.00,-7.22,-4.91
535635,1785,22736,159,99882,35.00,-7.24,-4.87
535657,1811,22736,149,99882,35.00,-7.21,-4.91
535679,1839,22736,145,99882,35.00,-7.24,-4.92
535701,1917,22736,126,99882,35.00,-7.20,-4.88
535723,1848,22736,122,99882,35.00,-7.23,-4.88
535766,1867,22736,123,99882,35.00,-7.22,-4.90
535788,1815,22736,141,99882,35.00,-7.22,-4.89
535810,1679,22736,158,99882,35.00,-7.22,-4.91
535832,1709,22736,165,99882,35.00,-7.22,-4.91
535854,1737,22736,164,99882,35.00,-7.19,-4.92
535876,1801,22736,154,99882,35.00,-7.21,-4.89
535898,1757,22736,140,99882,35.00,-7.21,-4.86
535920,1801,22736,127,99882,35.00,-7.22,-4.92
535942,1934,22736,125,99882,35.00,-7.23,-4.90
535964,1869,22736,122,99882,35.00,-7.22,-4.92
536579,1790,22736,138,99882,34.99,-7.18,-4.90
536610,1719,22736,116,99882,35.00,-7.20,-4.91
536632,1343,22736,154,99882,35.00,-7.23,-4.90
536654,1531,22736,149,99882,35.00,-7.19,-4.91
536676,1619,22736,136,99882,35.00,-7.20,-4.93
536698,1571,22736,125,99882,35.00,-7.20,-4.90
536720,1645,22736,117,99882,35.00,-7.27,-4.90
536742,1791,23248,119,99882,35.00,-7.21,-4.88
536764,1819,23248,119,99882,35.00,-7.21,-4.88
536786,1767,23248,137,99882,35.00,-7.21,-4.90
536828,1629,22736,141,99882,35.00,-7.24,-4.93
536850,1651,22736,153,99882,35.00,-7.20,-4.91
536872,1712,22736,156,99882,35.00,-7.24,-4.91
536894,1755,22736,151,99882,35.00,-7.23,-4.88
536916,1881,22736,142,99882,35.00,-7.21,-4.91
536938,1959,22736,135,99882,35.00,-7.19,-4.89
536960,2093,23248,122,99882,35.00,-7.19,-4.92
536982,2125,23248,124,99882,35.00,-7.22,-4.88
537345,2133,23248,133,99882,35.38,-7.19,-4.92
537373,1833,22736,153,99882,35.00,-7.24,-4.88
537395,1885,23248,154,99882,35.00,-7.22,-4.91
537417,1901,22736,141,99882,35.00,-7.20,-4.90
537439,1920,22736,135,99882,35.00,-7.20,-4.90
537461,1944,22736,133,99882,35.00,-7.25,-4.94
537483,1945,22736,135,99882,35.00,-7.19,-4.91
537505,1827,22736,141,99882,35.00,-7.22,-4.91
537527,1658,22736,149,99882,35.00,-7.24,-4.89
537549,1685,22736,164,99882,35.00,-7.24,-4.91
537590,1724,22736,169,99882,35.00,-7.21,-4.90
537612,1627,23248,163,99882,35.00,-7.18,-4.88
537634,1693,23248,153,99882,35.00,-7.19,-4.92
537656,1703,23248,141,99882,35.00,-7.19,-4.95
537678,1715,23248,123,99882,35.00,-7.18,-4.92
537700,1766,23248,127,99882,35.00,-7.19,-4.90
537722,1725,23248,117,99882,35.00,-7.17,-4.91
537744,1645,23248,135,99882,35.00,-7.24,-4.87
537766,1597,23248,147,99882,35.00,-7.23,-4.92
537788,1548,22736,156,99882,35.00,-7.19,-4.89
537831,1565,23248,155,99882,35.00,-7.20,-4.89
537853,1705,22736,155,99882,35.00,-7.23,-4.88
537875,1723,22736,155,99882,35.00,-7.20,-4.87
537897,1753,23248,135,99882,35.00,-7.19,-4.94
537919,1803,23248,123,99882,35.00,-7.21,-4.91
537941,1805,23248,121,99882,35.00,-7.19,-4.87
537963,1803,23248,123,99882,35.00,-7.21,-4.90
537985,1747,23248,136,99882,35.00,-7.21,-4.92
538364,1741,23248,147,99882,35.49,-7.24,-4.88
538392,1827,23248,151,99882,35.00,-7.21,-4.91
538414,1966,23248,157,99882,35.00,-7.26,-4.91
538436,1961,23248,143,99882,35.00,-7.24,-4.90
538458,1955,22736,135,99882,35.00,-7.21,-4.93
538480,1963,22736,133,99882,35.00,-7.22,-4.88
538502,1864,22736,127,99882,35.00,-7.19,-4.90
538524,1847,22736,139,99882,35.00,-7.21,-4.88
538546,1783,22736,148,99882,35.00,-7.22,-4.92
538568,1695,22736,155,99882,35.00,-7.26,-4.89
538590,1715,22736,163,99882,35.00,-7.18,-4.89
538632,1753,22736,157,99882,35.00,-7.23,-4.94
538654,1811,22736,149,99882,35.00,-7.24,-4.91
538676,1715,22736,133,99882,35.00,-7.25,-4.91
538698,1971,22736,125,99882,35.00,-7.23,-4.92
538720,1863,22736,119,99882,35.00,-7.24,-4.89
538742,1864,23248,125,99882,35.00,-7.21,-4.88
538764,2013,23248,146,99882,35.00,-7.21,-4.90
538786,2010,22736,154,99882,35.00,-7.20,-4.89
538808,1215,21840,141,99882,35.00,-7.22,-4.91
538830,1111,21072,147,99882,35.00,-7.21,-4.88
538852,1106,21072,141,99882,35.00,-7.23,-4.89
538893,499,21072,105,99882,35.00,-7.21,-4.92
538915,1482,20368,118,99882,35.00,-7.24,-4.87
538937,1736,19856,109,99882,35.00,-7.20,-4.88
538959,2013,19856,116,99882,35.00,-7.24,-4.93
538981,2235,19856,119,99882,35.00,-7.20,-4.90
539383,0,19856,87,99882,34.40,-7.24,-4.91
539414,1575,21840,149,99882,35.00,-7.22,-4.95
539436,1787,22352,140,99882,35.00,-7.24,-4.90
539458,1845,22352,137,99882,35.00,-7.22,-4.89
539480,1439,22736,121,99882,35.00,-7.24,-4.93
539502,1378,22352,139,99882,35.00,-7.19,-4.91
539524,1496,22736,144,99882,35.00,-7.21,-4.86
539546,1575,22352,159,99882,35.00,-7.23,-4.94
539568,1591,22736,163,99882,35.00,-7.22,-4.92
539590,1672,22736,163,99882,35.00,-7.24,-4.91
539612,1635,22736,157,99882,35.00,-7.20,-4.94
539634,1542,22736,142,99882,35.00,-7.24,-4.90
539675,1709,22736,124,99882,35.00,-7.24,-4.92
539697,1878,22736,133,99882,35.00,-7.20,-4.85
539719,1874,22736,125,99882,35.00,-7.22,-4.90
539741,1807,22736,134,99882,35.00,-7.22,-4.86
539763,1817,22736,146,99882,35.00,-7.18,-4.91
539785,1754,22736,153,99882,35.00,-7.29,-4.94
539807,1656,22736,160,99882,35.00,-7.21,-4.91
539829,1727,22736,165,99882,35.00,-7.25,-4.90
539851,1941,22736,163,99882,35.00,-7.25,-4.92
539873,1896,22736,152,99882,35.00,-7.21,-4.94
539916,1717,22736,127,99882,35.00,-7.22,-4.91
539938,1925,22352,126,99882,35.00,-7.20,-4.88
539960,1959,22736,135,99882,35.00,-7.20,-4.92
539982,1836,22736,142,99882,35.00,-7.22,-4.88
540402,1901,22736,153,99882,35.99,-7.21,-4.92
540437,1706,22736,147,99882,35.00,-7.21,-4.91
540459,1719,22736,114,99882,35.00,-7.23,-4.89
540481,1599,22736,133,99882,35.00,-7.22,-4.88
540503,1676,22736,139,99882,35.00,-7.18,-4.94
540525,1731,22736,159,99882,35.00,-7.22,-4.91
540547,1657,22736,159,99882,35.00,-7.23,-4.91
540569,1637,22736,163,99882,35.00,-7.23,-4.96
540591,1771,22736,155,99882,35.00,-7.23,-4.87
540613,1865,22736,146,99882,35.00,-7.21,-4.90
540635,1864,22736,133,99882,35.00,-7.26,-4.91
540677,1791,22736,122,99882,35.00,-7.23,-4.93
540699,1693,22736,119,99882,35.00,-7.22,-4.91
540721,1461,22736,121,99882,35.00,-7.21,-4.90
540743,1493,22736,138,99882,35.00,-7.24,-4.91
540765,1625,22736,153,99882,35.00,-7.19,-4.85
540787,1771,22736,158,99882,35.00,-7.19,-4.90
540809,1831,22736,159,99882,35.00,-7.19,-4.88
540831,1801,22736,143,99882,35.00,-7.24,-4.91
540853,1811,22736,136,99882,35.00,-7.27,-4.88
540875,1869,22736,119,99882,35.00,-7.20,-4.92
540897,1946,22736,123,99882,35.00,-7.22,-4.93
540938,1948,22736,123,99882,35.00,-7.20,-4.93
540960,1817,22736,133,99882,35.00,-7.24,-4.94
540982,1740,22736,141,99882,35.00,-7.16,-4.87
541421,1863,22736,164,99882,35.45,-7.21,-4.90
541459,1779,22736,139,99882,35.00,-7.22,-4.93
541481,1591,23248,123,99882,35.00,-7.24,-4.93
541503,1527,22736,140,99882,35.00,-7.20,-4.89
541525,1515,23248,151,99882,35.00,-7.22,-4.90
541547,1583,22736,153,99882,35.00,-7.22,-4.90
541569,1573,23248,148,99882,35.00,-7.25,-4.91
541591,1661,23248,145,99882,35.00,-7.19,-4.90
541613,1847,23248,135,99882,35.00,-7.24,-4.91
541635,2003,23248,122,99882,35.00,-7.18,-4.91
541657,1943,23248,110,99882,35.00,-7.24,-4.91
541679,1813,23248,121,99882,35.00,-7.22,-4.84
541720,1791,23248,149,99882,35.00,-7.21,-4.91
541742,2181,23248,182,99882,35.00,-7.20,-4.90
541764,2211,23248,191,99882,35.00,-7.23,-4.90
541786,2151,23248,187,99882,35.00,-7.20,-4.87
541808,2035,23248,181,99882,35.00,-7.21,-4.89
541830,2077,23248,175,99882,35.00,-7.20,-4.94
541852,2293,23248,181,99882,35.00,-7.23,-4.91
541874,2543,23248,202,99882,35.00,-7.19,-4.87
541896,2679,23248,211,99882,35.00,-7.18,-4.90
541918,2365,22736,157,99882,35.00,-7.20,-4.91
541961,1903,23248,135,99882,35.00,-7.21,-4.93
541983,1151,23248,88,99882,35.00,-7.21,-4.91
542696,755,23248,79,99882,35.55,-7.19,-4.89
542722,3896,23248,325,99882,35.00,-7.18,-4.88
542744,3898,23248,351,99882,35.00,-7.20,-4.91
542766,3898,23248,333,99882,35.00,-7.25,-4.88
542788,3899,23248,311,99882,35.00,-7.18,-4.92
542810,3887,23248,277,99882,35.00,-7.19,-4.89
542832,3087,23248,225,99882,35.00,-7.21,-4.89
542854,2581,23248,187,99882,35.00,-7.23,-4.88
542876,2183,23248,160,99882,35.00,-7.23,-4.90
542898,1926,23248,157,99882,35.00,-7.24,-4.90
542920,1439,23248,139,99882,35.00,-7.23,-4.90
542942,647,23248,134,99882,35.00,-7.22,-4.90
542983,735,23248,140,99882,35.00,-7.22,-4.89
543716,483,23248,117,99882,35.30,-7.19,-4.91
543745,1817,23248,137,99882,35.00,-7.21,-4.92
543767,1747,23248,155,99882,35.00,-7.21,-4.88
543789,1817,23248,143,99882,35.00,-7.22,-4.90
543811,1865,23248,123,99882,35.00,-7.25,-4.94
543833,1897,23248,126,99882,35.00,-7.22,-4.93
543855,1879,23248,121,99882,35.00,-7.20,-4.90
543877,1692,23248,119,99882,35.00,-7.22,-4.90
543899,1215,23248,88,99882,35.00,-7.23,-4.87
543921,445,24016,47,99882,35.00,-7.22,-4.89
543943,0,24016,0,99882,35.00,-7.19,-4.92
543986,0,24016,190,99882,35.00,-7.20,-4.89
544736,1486,23248,119,99882,35.26,-7.23,-4.89
544767,1737,23248,151,99882,35.00,-7.19,-4.87
544789,1813,23248,149,99882,35.00,-7.20,-4.91
544811,1799,23248,132,99882,35.00,-7.21,-4.89
544833,1741,23248,121,99882,35.00,-7.22,-4.89
544855,1783,23248,125,99882,35.00,-7.24,-4.89
544877,1695,23248,139,99882,35.00,-7.20,-4.90
544899,1613,23248,148,99882,35.00,-7.19,-4.90
544921,1599,23248,162,99882,35.00,-7.21,-4.87
544943,1631,23248,163,99882,35.00,-7.23,-4.88
544965,1653,24016,158,99882,35.00,-7.25,-4.93
544987,1634,24016,148,99882,35.00,-7.22,-4.88
545028,1705,23248,135,99882,35.00,-7.23,-4.90
545050,1805,23248,125,99882,35.00,-7.21,-4.89
545072,1757,22736,121,99882,35.00,-7.21,-4.87
545094,1717,22736,123,99882,35.00,-7.20,-4.90
545116,1703,22736,140,99882,35.00,-7.18,-4.90
545138,1721,22736,150,99882,35.00,-7.23,-4.88
545160,1688,22736,158,99882,35.00,-7.21,-4.90
545182,1643,22736,165,99987,35.00,-7.21,-4.91
545204,1695,22736,169,99959,35.00,-7.24,-4.91
545226,1797,22736,156,99959,35.00,-7.21,-4.87
545269,1869,23248,153,99959,35.00,-7.20,-4.89
545291,2036,23248,138,99959,35.00,-7.21,-4.91
545313,2006,23248,133,99959,35.00,-7.22,-4.89
545335,1876,23248,137,99959,35.00,-7.18,-4.90
545357,1765,23248,150,99959,35.00,-7.21,-4.88
545379,1676,23248,155,99959,35.00,-7.22,-4.89
545401,1685,23248,164,99959,35.00,-7.23,-4.90
545423,1695,23248,169,99959,35.00,-7.24,-4.90
545445,1717,23248,160,99959,35.00,-7.19,-4.88
545467,1751,23248,152,99959,35.00,-7.17,-4.89
545509,1830,23248,140,99959,35.00,-7.23,-4.91
545531,2071,23248,149,99959,35.00,-7.19,-4.90
545553,2014,23248,151,99959,35.00,-7.22,-4.92
545575,2011,23248,158,99959,35.00,-7.16,-4.91
545597,2057,22736,168,99959,35.00,-7.17,-4.88
545619,2059,23248,186,99959,35.00,-7.22,-4.92
545641,2010,23248,198,99959,35.00,-7.26,-4.92
545663,1833,22736,187,99959,35.00,-7.22,-4.90
545685,1880,23248,178,99959,35.00,-7.18,-4.91
545707,2004,23248,160,99959,35.00,-7.23,-4.90
545729,2119,23248,149,99959,35.00,-7.20,-4.90
545770,2040,22736,143,99959,35.00,-7.23,-4.93
545792,1741,22736,123,99959,35.00,-7.22,-4.91
545814,1691,22736,138,99959,35.00,-7.24,-4.90
545836,1719,22736,147,99739,35.00,-7.18,-4.88
545858,1581,22736,149,99492,35.00,-7.27,-4.94
545880,1361,22736,125,99280,35.00,-7.23,-4.90
545902,755,22736,98,99168,35.00,-7.18,-4.88
545924,486,22736,54,99121,35.00,-7.18,-4.88
545946,61,22736,115,99169,35.00,-7.22,-4.88
545968,679,22352,104,99277,35.00,-7.21,-4.89
546520,1149,22736,107,99573,34.81,-7.22,-4.89
546552,1594,22736,159,99512,35.00,-7.21,-4.88
546574,1609,22736,127,99421,35.00,-7.17,-4.88
546596,1511,22736,125,99379,35.00,-7.23,-4.90
546618,1255,22736,133,99363,35.00,-7.22,-4.94
546640,1133,22736,122,99394,35.00,-7.21,-4.91
546662,1004,22736,115,99499,35.00,-7.19,-4.91
546684,727,22736,83,99670,35.00,-7.24,-4.88
546706,588,22736,116,99823,35.00,-7.23,-4.86
546728,1167,22736,119,99938,35.00,-7.19,-4.90
546750,1561,22736,121,99938,35.00,-7.25,-4.92
546793,1673,22736,117,99938,35.00,-7.23,-4.87
546815,1617,22736,127,99938,35.00,-7.21,-4.92
546837,1532,22736,146,99938,35.00,-7.24,-4.90
546859,1554,22736,154,99938,35.00,-7.24,-4.87
546881,1747,22736,169,99938,35.00,-7.17,-4.87
546903,1823,22736,158,99938,35.00,-7.25,-4.89
546925,1895,22736,148,99938,35.00,-7.17,-4.94
546947,1907,22736,133,99938,35.00,-7.22,-4.87
546969,1901,22736,133,99938,35.00,-7.23,-4.91
546991,2099,22736,147,99938,35.00,-7.20,-4.91
547033,2255,22736,159,99938,35.00,-7.21,-4.88
547055,2251,22736,151,99938,35.00,-7.23,-4.90
547077,1907,22736,149,99938,35.00,-7.20,-4.87
547099,1757,22736,171,99938,35.00,-7.20,-4.92
547121,1999,22736,212,99938,35.00,-7.21,-4.90
547143,2759,22736,279,99938,35.00,-7.18,-4.91
547165,2970,22736,203,99938,35.00,-7.20,-4.91
547187,2531,22736,153,99938,35.00,-7.18,-4.87
547209,2277,22736,141,99938,35.00,-7.19,-4.90
547231,2139,22736,136,99938,35.00,-7.18,-4.92
547274,1933,22736,135,99937,35.00,-7.24,-4.94
547296,1636,22736,139,99770,35.00,-7.20,-4.91
547318,1542,22736,154,99649,35.00,-7.21,-4.92
547340,1523,22736,158,99588,35.00,-7.22,-4.91
547362,1508,22736,157,99607,35.00,-7.22,-4.87
547384,1543,22736,141,99700,35.00,-7.24,-4.90
547406,1595,22736,133,99867,35.00,-7.21,-4.90
547428,1592,22736,115,99867,35.00,-7.18,-4.95
547450,1610,22736,111,99867,35.00,-7.22,-4.91
547472,1525,22736,109,99867,35.00,-7.20,-4.93
547514,1435,22736,115,99867,35.00,-7.23,-4.89
547536,1353,22736,139,99867,35.00,-7.18,-4.89
547558,1451,22736,163,99867,35.00,-7.21,-4.91
547580,1683,22736,184,99867,35.00,-7.19,-4.91
547602,1979,22736,213,99867,35.00,-7.19,-4.89
547624,2420,22736,215,99867,35.00,-7.22,-4.92
547646,2515,22736,171,99867,35.00,-7.22,-4.89
547668,2281,22736,149,99867,35.00,-7.24,-4.88
547690,2140,22736,133,99867,35.00,-7.22,-4.92
547712,1869,22736,121,99867,35.00,-7.21,-4.88
547734,1627,23248,141,99867,35.00,-7.22,-4.92
547775,1693,22736,153,99867,35.00,-7.23,-4.93
547797,1597,22736,153,99867,35.00,-7.25,-4.91
547819,1623,23248,163,99867,35.00,-7.23,-4.90
547841,1703,22736,173,99867,35.00,-7.18,-4.90
547863,1789,22736,163,99867,35.00,-7.23,-4.91
547885,1887,23248,153,99867,35.00,-7.20,-4.86
547907,1951,23248,148,99867,35.00,-7.19,-4.92
547929,1891,23248,133,99867,35.00,-7.22,-4.85
547951,1800,23248,126,99867,35.00,-7.21,-4.92
547973,1701,22736,145,99867,35.00,-7.20,-4.88
548559,1625,22736,140,100000,34.82,-7.21,-4.84
548597,2013,23248,167,100000,35.00,-7.20,-4.95
548619,2053,23248,183,100000,35.00,-7.24,-4.91
548641,2041,23248,167,100000,35.00,-7.21,-4.94
548663,2073,23248,155,100000,35.00,-7.21,-4.93
548685,2094,23248,153,100000,35.00,-7.22,-4.92
548707,2285,23248,156,100000,35.00,-7.19,-4.87
548729,2301,23248,147,100000,35.00,-7.23,-4.91
548751,2143,23248,147,100000,35.00,-7.24,-4.88
548773,1997,23248,149,100000,35.00,-7.21,-4.94
548795,1845,22736,159,99909,35.00,-7.19,-4.92
548838,1689,23248,151,99641,35.00,-7.19,-4.88
548860,1455,23248,139,99670,35.00,-7.23,-4.87
548882,1431,23248,133,99790,35.00,-7.22,-4.86
548904,1607,23248,141,99942,35.00,-7.21,-4.91
548926,1834,22736,137,99942,35.00,-7.20,-4.88
548948,1835,23248,126,99942,35.00,-7.19,-4.88
548970,1833,23248,110,99942,35.00,-7.19,-4.88
548992,1672,23248,109,99942,35.00,-7.22,-4.90
549578,1288,23248,91,99942,35.18,-7.23,-4.90
549620,2065,23248,203,99767,35.00,-7.18,-4.90
549642,2215,22736,197,99840,35.00,-7.19,-4.90
549664,2232,23248,171,99989,35.00,-7.24,-4.92
549686,2153,23248,157,99989,35.00,-7.18,-4.88
549708,2005,23248,141,99989,35.00,-7.18,-4.92
549730,1799,23248,137,99989,35.00,-7.21,-4.93
549752,1557,23248,137,99989,35.00,-7.21,-4.90
549774,1375,23248,150,99989,35.00,-7.24,-4.87
549796,1349,22736,154,99989,35.00,-7.22,-4.89
549818,1341,23248,157,99989,35.00,-7.24,-4.88
549860,1413,23248,152,99989,35.00,-7.20,-4.88
549882,1481,23248,140,99989,35.00,-7.21,-4.89
549904,1428,23248,119,99989,35.00,-7.23,-4.87
549926,1477,23248,121,99989,35.00,-7.17,-4.89
549948,1523,23248,111,99989,35.00,-7.22,-4.91
549970,1523,23248,120,99989,35.00,-7.19,-4.93
549992,1497,23248,135,99989,35.00,-7.24,-4.92
550598,1434,23248,153,99989,35.87,-7.22,-4.92
550629,1523,22736,139,99989,35.00,-7.24,-4.86
550651,1652,23248,136,99989,35.00,-7.17,-4.92
550673,1671,22736,152,99989,35.00,-7.19,-4.85
550695,1597,22736,155,99989,35.00,-7.21,-4.92
550717,1604,23248,153,99989,35.00,-7.21,-4.91
550739,1661,23248,142,99989,35.00,-7.20,-4.91
550761,1647,23248,127,99989,35.00,-7.22,-4.91
550802,1654,23248,104,99989,35.00,-7.20,-4.90
550824,1545,23248,94,99989,35.00,-7.21,-4.89
550846,1435,23248,92,99989,35.00,-7.19,-4.94
550868,1372,23248,91,99989,35.00,-7.23,-4.91
550890,1331,23248,106,99989,35.00,-7.22,-4.90
550912,1460,23248,157,99989,35.00,-7.21,-4.86
550934,1789,23248,167,99989,35.00,-7.20,-4.87
550956,1883,22736,169,99989,35.00,-7.24,-4.90
550978,2147,23248,179,99989,35.00,-7.25,-4.86
551363,2247,23248,167,99989,34.59,-7.20,-4.89
551404,2104,22736,124,99989,35.00,-7.22,-4.89
551426,2095,22736,125,99989,35.00,-7.18,-4.91
551448,1979,22736,125,99989,35.00,-7.21,-4.88
551470,1919,22736,143,99989,35.00,-7.19,-4.91
551492,1829,22736,155,99989,35.00,-7.24,-4.88
551514,1803,22736,159,99989,35.00,-7.18,-4.90
551536,1809,22736,163,99989,35.00,-7.21,-4.93
551558,1821,22736,154,99989,35.00,-7.25,-4.88
551580,1871,22736,141,99989,35.00,-7.21,-4.92
551602,1930,22736,126,99989,35.00,-7.24,-4.91
551645,1951,22736,123,99989,35.00,-7.21,-4.89
551667,1933,22736,119,99989,35.00,-7.20,-4.88
551689,1881,22736,132,99989,35.00,-7.18,-4.87
551711,1843,22736,146,99989,35.00,-7.22,-4.90
551733,1800,22736,156,99989,35.00,-7.23,-4.87
551755,1773,22736,157,99989,35.00,-7.25,-4.86
551777,1813,22736,163,99989,35.00,-7.22,-4.91
551799,1867,22736,149,99989,35.00,-7.20,-4.87
551821,1919,22736,137,99989,35.00,-7.20,-4.90
551843,1935,22736,127,99989,35.00,-7.20,-4.89
551885,1961,22736,125,99438,35.00,-7.20,-4.88
551907,1979,22736,126,99356,35.00,-7.19,-4.91
551929,1807,22736,141,99356,35.00,-7.20,-4.84
551951,1734,22736,149,99393,35.00,-7.22,-4.89
551973,1753,22736,158,99521,35.00,-7.25,-4.90
551995,1767,22736,167,99674,35.00,-7.19,-4.87
552383,1773,22736,159,99829,36.05,-7.19,-4.92
552411,1741,22736,116,99829,35.00,-7.20,-4.94
552433,1627,22736,155,99829,35.00,-7.24,-4.86
552455,1690,22736,157,99829,35.00,-7.21,-4.91
552477,1679,22736,155,99829,35.00,-7.21,-4.88
552499,1783,22736,143,99829,35.00,-7.23,-4.90
552521,1881,23248,137,99829,35.00,-7.23,-4.91
552543,1942,22736,137,99829,35.00,-7.19,-4.87
552565,1836,22736,121,99829,35.00,-7.22,-4.91
552607,1784,22736,124,99783,35.00,-7.24,-4.91
552629,1799,22736,140,99559,35.00,-7.20,-4.90
552651,1669,22736,153,99421,35.00,-7.24,-4.92
552673,1655,22736,158,99317,35.00,-7.23,-4.91
552695,1655,22736,163,99253,35.00,-7.20,-4.91
552717,1709,22736,150,99242,35.00,-7.18,-4.90
552739,1735,22736,138,99326,35.00,-7.24,-4.90
552761,1846,22736,134,99481,35.00,-7.21,-4.91
552783,1945,22736,125,99643,35.00,-7.21,-4.88
552805,1827,22736,120,99777,35.00,-7.20,-4.92
552848,1747,22736,127,99846,35.00,-7.23,-4.89
552870,1759,22736,152,99894,35.00,-7.19,-4.91
552892,1715,22736,160,99938,35.00,-7.21,-4.92
552914,1706,22736,167,99944,35.00,-7.23,-4.92
552936,1747,22736,159,99937,35.00,-7.22,-4.89
552958,1820,22736,149,99932,35.00,-7.22,-4.88
552980,1927,22736,137,99977,35.00,-7.19,-4.89
553402,1911,22736,124,99977,35.04,-7.22,-4.91
553431,1873,22736,122,99175,35.00,-7.23,-4.87
553453,1753,22736,159,99127,35.00,-7.22,-4.86
553475,1819,22736,159,99140,35.00,-7.21,-4.90
553497,1817,22736,151,99206,35.00,-7.20,-4.93
553519,1805,22736,137,99331,35.00,-7.20,-4.89
553541,1758,22736,123,99494,35.00,-7.25,-4.90
553563,1737,22736,117,99611,35.00,-7.19,-4.93
553585,1675,22736,119,99688,35.00,-7.26,-4.91
553607,1591,22736,135,99747,35.00,-7.20,-4.91
553650,1530,22736,147,99968,35.00,-7.20,-4.88
553672,1523,22736,171,99968,35.00,-7.21,-4.90
553694,1558,22736,167,99968,35.00,-7.19,-4.89
553716,1712,22736,165,99968,35.00,-7.20,-4.92
553738,2089,22736,170,99968,35.00,-7.22,-4.87
553760,2190,22736,157,99968,35.00,-7.27,-4.91
553782,2223,23248,152,99968,35.00,-7.21,-4.93
553804,2218,22736,157,99968,35.00,-7.25,-4.88
553826,2085,22736,171,99968,35.00,-7.21,-4.92
553848,1995,22736,173,99968,35.00,-7.20,-4.89
553890,1975,22736,181,99968,35.00,-7.21,-4.91
553912,1895,22736,185,99968,35.00,-7.21,-4.90
553934,2009,22736,202,99968,35.00,-7.25,-4.89
553956,2021,22736,189,99968,35.00,-7.25,-4.89
553978,1961,22736,160,99968,35.00,-7.20,-4.91
554422,1929,23248,153,99968,35.33,-7.21,-4.89
554452,1177,23248,105,99968,35.00,-7.23,-4.91
554474,792,23248,126,99968,35.00,-7.20,-4.90
554496,679,23248,114,99968,35.00,-7.23,-4.90
554518,537,23248,69,99968,35.00,-7.22,-4.85
554540,47,23248,31,99968,35.00,-7.20,-4.90
554562,0,23248,27,99968,35.00,-7.23,-4.87
554584,0,24016,26,99968,35.00,-7.16,-4.90
554606,0,23248,47,99968,35.00,-7.20,-4.86
554628,0,23248,61,99968,35.00,-7.21,-4.89
554650,0,23248,101,99968,35.00,-7.25,-4.89
554692,82,23248,157,99968,35.00,-7.23,-4.92
554714,1554,23248,123,99968,35.00,-7.23,-4.90
554736,1311,23248,82,99968,35.00,-7.20,-4.89
554758,1205,23248,73,99968,35.00,-7.24,-4.93
554780,1151,23248,81,99968,35.00,-7.23,-4.90
554802,2069,23248,154,99968,35.00,-7.20,-4.89
554824,2153,23248,108,99968,35.00,-7.24,-4.91
554846,2024,23248,140,99968,35.00,-7.21,-4.88
554868,2183,23248,160,99968,35.00,-7.20,-4.89
554890,2323,23248,163,99968,35.00,-7.22,-4.91
554912,2453,23248,182,99741,35.00,-7.23,-4.91
554953,2636,23248,192,99427,35.00,-7.16,-4.85
554975,3076,23248,205,99371,35.00,-7.19,-4.87
554997,3250,23248,187,99398,35.00,-7.25,-4.89
555442,3111,23248,165,99504,35.60,-7.18,-4.89
555474,1799,23248,141,99504,35.00,-7.21,-4.88
555496,1772,23248,145,99504,35.00,-7.22,-4.89
555518,1786,23248,121,99504,35.00,-7.18,-4.92
555540,1710,24016,107,99504,35.00,-7.19,-4.89
555562,1582,23248,100,99504,35.00,-7.24,-4.88
555584,1479,24016,111,99504,35.00,-7.22,-4.92
555606,1415,24016,135,99504,35.00,-7.29,-4.91
555628,1445,23248,153,99692,35.00,-7.23,-4.89
555650,1559,23248,168,99422,35.00,-7.24,-4.89
555672,1683,23248,175,99262,35.00,-7.23,-4.91
555694,1960,23248,185,99169,35.00,-7.20,-4.90
555735,2208,23248,181,99077,35.00,-7.20,-4.87
555757,2453,23248,197,99172,35.00,-7.22,-4.88
555779,2442,23248,179,99302,35.00,-7.20,-4.91
555801,2257,24016,149,99437,35.00,-7.19,-4.91
555823,1893,24016,119,99501,35.00,-7.24,-4.91
555845,1451,24016,105,99526,35.00,-7.23,-4.88
555867,1162,24016,116,99550,35.00,-7.18,-4.90
555889,1157,24016,135,99583,35.00,-7.20,-4.90
555911,1300,24016,150,99637,35.00,-7.21,-4.89
555933,1551,23248,153,99725,35.00,-7.23,-4.90
555976,1703,24016,147,99999,35.00,-7.20,-4.88
555998,2029,24016,143,99999,35.00,-7.21,-4.89
556020,2107,24016,152,99999,35.00,-7.20,-4.93
556042,1976,24016,141,99999,35.00,-7.23,-4.88
556064,1723,24016,135,99999,35.00,-7.19,-4.88
556086,1528,24016,135,99999,35.00,-7.18,-4.92
556108,1371,24016,135,99999,35.00,-7.24,-4.91
556130,969,24016,109,99999,35.00,-7.21,-4.86
556152,890,24016,139,99999,35.00,-7.23,-4.93
556174,1674,24016,203,99999,35.00,-7.22,-4.92
556216,2445,24016,169,99999,35.00,-7.28,-4.88
556238,1801,24016,133,99999,35.00,-7.20,-4.91
556260,2014,24016,132,99999,35.00,-7.23,-4.88
556282,1961,24016,133,99999,35.00,-7.25,-4.91
556304,1975,24016,151,99999,35.00,-7.19,-4.88
556326,1961,24016,157,99999,35.00,-7.22,-4.87
556348,1863,24016,170,99892,35.00,-7.18,-4.92
556370,2105,24016,205,99551,35.00,-7.22,-4.90
556392,2297,24016,187,99348,35.00,-7.20,-4.89
556414,2350,24016,180,99188,35.00,-7.17,-4.91
556436,2426,24016,179,99095,35.00,-7.24,-4.90
556477,2655,24016,189,99014,35.00,-7.19,-4.85
556499,3021,24016,217,99132,35.00,-7.22,-4.91
556521,3179,24016,227,99247,35.00,-7.19,-4.92
556543,2667,24016,165,99292,35.00,-7.20,-4.85
556565,1628,24016,119,99323,35.00,-7.17,-4.89
556587,935,24016,95,99364,35.00,-7.22,-4.96
556609,95,24528,45,99432,35.00,-7.20,-4.89
556631,0,24528,55,99500,35.00,-7.19,-4.88
556653,0,24016,187,99594,35.00,-7.22,-4.89
556675,2101,24016,245,99691,35.00,-7.20,-4.90
556717,2335,24016,174,99909,35.00,-7.23,-4.92
556739,2404,24016,149,99909,35.00,-7.21,-4.88
556761,2121,24016,127,99909,35.00,-7.20,-4.92
556783,1717,24016,117,99909,35.00,-7.22,-4.90
556805,1182,24016,117,99909,35.00,-7.17,-4.91
556827,1593,24016,235,99909,35.00,-7.23,-4.91
556849,2757,24016,325,99909,35.00,-7.22,-4.86
556871,3179,24016,283,99909,35.00,-7.25,-4.92
556893,3045,24016,221,99909,35.00,-7.26,-4.94
556915,2664,24016,169,99909,35.00,-7.21,-4.90
556937,2175,24016,135,99909,35.00,-7.21,-4.91
556978,1828,24016,115,99909,35.00,-7.22,-4.87
557735,923,24528,55,99909,35.53,-7.20,-4.86
557760,3624,24016,191,99909,35.00,-7.23,-4.91
557782,2663,24016,153,99860,35.00,-7.25,-4.88
557804,2089,24016,133,99607,35.00,-7.20,-4.89
557826,1244,24528,102,99487,35.00,-7.25,-4.89
557848,165,24528,26,99412,35.00,-7.25,-4.91
557870,0,24528,53,99358,35.00,-7.22,-4.90
557892,0,24016,226,99354,35.00,-7.23,-4.91
557914,2885,24016,375,99398,35.00,-7.23,-4.91
557936,3885,24016,349,99516,35.00,-7.19,-4.91
557958,3901,24016,244,99629,35.00,-7.20,-4.87
558501,2983,24016,146,99799,34.86,-7.19,-4.91
558542,903,24016,298,99274,35.00,-7.20,-4.91
558564,3789,24016,317,99171,35.00,-7.23,-4.85
558586,3123,24016,214,99128,35.00,-7.22,-4.89
558608,2328,24016,159,99130,35.00,-7.25,-4.88
558630,2003,24016,155,99218,35.00,-7.20,-4.88
558652,1639,24016,111,99362,35.00,-7.21,-4.91
558674,551,24528,13,99530,35.00,-7.22,-4.87
558696,0,24528,2,99659,35.00,-7.25,-4.93
558718,0,24528,111,99738,35.00,-7.21,-4.89
558740,565,24016,251,99816,35.00,-7.20,-4.91
558782,3271,24016,403,99816,35.00,-7.22,-4.90
558804,3889,24016,213,99816,35.00,-7.21,-4.87
558826,2495,24016,157,99816,35.00,-7.23,-4.88
558848,2121,24016,157,99816,35.00,-7.20,-4.93
558870,1309,24016,81,99816,35.00,-7.19,-4.88
558892,0,24528,0,99816,35.00,-7.25,-4.90
558914,0,24528,104,99816,35.00,-7.22,-4.91
558936,261,24016,141,99816,35.00,-7.24,-4.90
558958,1913,24016,266,99816,35.00,-7.21,-4.91
558980,3891,24016,423,99816,35.00,-7.20,-4.92
559520,3929,24016,281,99816,35.28,-7.23,-4.91
559550,2005,24016,153,99074,35.00,-7.21,-4.88
559572,2079,24016,149,99116,35.00,-7.23,-4.90
559594,2201,24016,149,99162,35.00,-7.19,-4.87
559616,2181,24016,147,99230,35.00,-7.21,-4.87
559638,2141,24016,145,99319,35.00,-7.28,-4.88
559660,1997,24016,149,99413,35.00,-7.24,-4.92
559682,1865,24016,151,99502,35.00,-7.22,-4.92
559704,1873,24016,182,99586,35.00,-7.25,-4.90
559745,2037,24016,190,99811,35.00,-7.21,-4.90
559767,2034,24016,175,99922,35.00,-7.24,-4.90
559789,1972,24016,158,99922,35.00,-7.20,-4.95
559811,1947,24016,153,99922,35.00,-7.21,-4.94
559833,1997,24528,148,99922,35.00,-7.21,-4.85
559855,2085,24528,145,99922,35.00,-7.22,-4.90
559877,2075,24016,141,99922,35.00,-7.24,-4.93
559899,2009,24016,149,99977,35.00,-7.21,-4.90
559921,1882,24528,155,99554,35.00,-7.19,-4.88
559943,1822,24016,171,99163,35.00,-7.21,-4.94
559985,1809,24016,173,98649,35.00,-7.19,-4.90
560539,1755,24016,171,98572,35.28,-7.21,-4.89
560569,1743,24016,159,98572,35.00,-7.24,-4.88
560591,1941,24016,149,98572,35.00,-7.25,-4.90
560613,1897,24016,135,98572,35.00,-7.21,-4.89
560635,1849,24016,136,98572,35.00,-7.22,-4.93
560657,1911,24016,137,99755,35.00,-7.23,-4.90
560679,1865,24016,150,99388,35.00,-7.24,-4.90
560701,1719,24016,157,99145,35.00,-7.19,-4.91
560723,1739,24016,171,99017,35.00,-7.21,-4.91
560745,1715,24016,169,98920,35.00,-7.18,-4.93
560788,1737,24016,170,98915,35.00,-7.20,-4.89
560810,1863,24016,150,99065,35.00,-7.19,-4.86
560832,1875,24016,135,99210,35.00,-7.20,-4.95
560854,1891,24016,136,99313,35.00,-7.21,-4.90
560876,1913,24016,126,99365,35.00,-7.24,-4.90
560898,1871,24016,146,99397,35.00,-7.23,-4.90
560920,1817,24016,149,99416,35.00,-7.21,-4.89
560942,1689,24016,159,99430,35.00,-7.22,-4.92
560964,1671,24016,159,99399,35.00,-7.21,-4.87
560986,1589,23248,163,99366,35.00,-7.22,-4.88
561028,1603,24016,155,99378,35.00,-7.22,-4.90
561050,1947,24016,157,99411,35.00,-7.20,-4.87
561072,2121,24016,147,99486,35.00,-7.20,-4.89
561094,1991,24016,138,99577,35.00,-7.23,-4.94
561116,1829,24016,135,99687,35.00,-7.21,-4.90
561138,1688,24016,148,99795,35.00,-7.21,-4.89
561160,1677,24016,155,99890,35.00,-7.22,-4.88
561182,1709,24016,179,99948,35.00,-7.22,-4.88
561204,1701,24016,173,99993,35.00,-7.21,-4.87
561226,1627,24016,168,99993,35.00,-7.22,-4.93
561269,1659,24016,155,99993,35.00,-7.22,-4.90
561291,1819,24016,137,99993,35.00,-7.19,-4.91
561313,1930,24016,139,99993,35.00,-7.21,-4.88
561335,2026,24016,141,99993,35.00,-7.19,-4.89
561357,2004,24016,144,99993,35.00,-7.19,-4.94
561379,1869,24016,154,99993,35.00,-7.27,-4.88
561401,1701,24016,163,99541,35.00,-7.22,-4.87
561423,1681,24016,169,99162,35.00,-7.22,-4.93
561445,1752,24016,169,98899,35.00,-7.22,-4.91
561467,1787,24016,163,98763,35.00,-7.25,-4.91
561509,1832,24016,155,98670,35.00,-7.21,-4.85
561531,1977,24016,149,98753,35.00,-7.20,-4.85
561553,1997,24016,136,98916,35.00,-7.22,-4.91
561575,1951,24016,146,99071,35.00,-7.20,-4.91
561597,1801,24016,143,99183,35.00,-7.22,-4.88
561619,1781,24016,152,99261,35.00,-7.18,-4.85
561641,1809,24016,170,99337,35.00,-7.21,-4.89
561663,1747,24016,173,99407,35.00,-7.19,-4.89
561685,1678,24016,173,99486,35.00,-7.18,-4.96
561707,1711,24016,165,99562,35.00,-7.24,-4.86
561729,1786,24016,156,99640,35.00,-7.26,-4.90
561770,1871,24016,141,99894,35.00,-7.25,-4.91
561792,1903,24016,139,99894,35.00,-7.24,-4.91
561814,1864,24016,137,99894,35.00,-7.20,-4.88
561836,1803,24016,141,99894,35.00,-7.20,-4.92
561858,1741,24016,151,99894,35.00,-7.21,-4.83
561880,1727,24016,160,99894,35.00,-7.20,-4.88
561902,1725,24016,171,99894,35.00,-7.23,-4.90
561924,1741,24016,173,99894,35.00,-7.21,-4.88
561946,1726,24016,166,99894,35.00,-7.22,-4.90
561968,1799,24016,157,99894,35.00,-7.21,-4.89
562578,1909,24016,149,99894,35.05,-7.19,-4.89
562612,1861,24016,169,99894,35.00,-7.21,-4.89
562634,1912,24016,137,99894,35.00,-7.21,-4.88
562656,1757,24016,139,99894,35.00,-7.23,-4.88
562678,1739,24016,151,99894,35.00,-7.24,-4.91
562700,2055,24016,173,99894,35.00,-7.21,-4.89
562722,2191,24016,178,99894,35.00,-7.21,-4.88
562744,2103,24016,179,99894,35.00,-7.19,-4.90
562766,2032,24016,165,99894,35.00,-7.21,-4.91
562788,1881,24016,147,99894,35.00,-7.23,-4.88
562810,1829,24016,135,99894,35.00,-7.20,-4.91
562832,1771,24016,124,99894,35.00,-7.20,-4.89
562873,1631,24016,120,99894,35.00,-7.20,-4.92
562895,1255,24016,117,99693,35.00,-7.20,-4.91
562917,1023,24016,123,99218,35.00,-7.23,-4.91
562939,841,24016,138,98881,35.00,-7.20,-4.89
562961,866,24016,143,98682,35.00,-7.20,-4.92
562983,1159,24016,139,98560,35.00,-7.21,-4.89
563345,1255,24016,136,98493,35.23,-7.24,-4.93
563374,1755,24016,123,98493,35.00,-7.20,-4.87
563396,1769,24016,124,98493,35.00,-7.24,-4.89
563418,1711,24528,137,98493,35.00,-7.18,-4.93
563440,1483,24016,145,98493,35.00,-7.23,-4.89
563462,1499,24016,151,98493,35.00,-7.20,-4.84
563484,1691,24016,137,98493,35.00,-7.24,-4.87
563506,1907,24016,136,98493,35.00,-7.19,-4.91
563528,1450,24528,104,98493,35.00,-7.25,-4.86
563550,1439,24016,95,98493,35.00,-7.24,-4.87
563572,1159,24016,77,98493,35.00,-7.25,-4.90
563615,1145,24528,78,98493,35.00,-7.22,-4.93
563637,1693,24016,111,98493,35.00,-7.20,-4.88
563659,1695,24016,133,98493,35.00,-7.21,-4.93
563681,1573,24016,136,99729,35.00,-7.23,-4.86
563703,1555,24016,137,99439,35.00,-7.23,-4.91
563725,1592,24016,119,99249,35.00,-7.22,-4.87
563747,1546,24016,105,99134,35.00,-7.19,-4.91
563769,1557,24016,89,99057,35.00,-7.24,-4.90
563791,1673,24016,91,99022,35.00,-7.22,-4.87
563813,1183,24528,77,99047,35.00,-7.19,-4.90
563855,1291,24528,104,99357,35.00,-7.22,-4.90
563877,1863,24016,135,99381,35.00,-7.23,-4.92
563899,2031,24528,153,99401,35.00,-7.22,-4.90
563921,2299,24528,157,99461,35.00,-7.21,-4.90
563943,2525,24016,157,99520,35.00,-7.18,-4.91
563965,2984,24528,158,99581,35.00,-7.21,-4.92
563987,3450,24016,165,99669,35.00,-7.23,-4.93
564362,3511,24016,159,99740,35.17,-7.22,-4.91
564397,1543,24528,135,99719,35.00,-7.20,-4.89
564419,1353,24016,167,99339,35.00,-7.20,-4.89
564441,1639,24528,191,99111,35.00,-7.24,-4.90
564463,1862,24016,199,98966,35.00,-7.21,-4.89
564485,1965,24016,171,98891,35.00,-7.17,-4.88
564507,1724,24528,141,98826,35.00,-7.20,-4.88
564529,1370,24528,109,98787,35.00,-7.20,-4.87
564551,988,24528,101,98853,35.00,-7.21,-4.88
564573,920,24016,120,98971,35.00,-7.20,-4.90
564595,979,24016,141,99100,35.00,-7.24,-4.90
564637,1033,24016,160,99312,35.00,-7.24,-4.90
564659,1144,24016,154,99361,35.00,-7.20,-4.91
564681,997,24016,148,99423,35.00,-7.22,-4.89
564703,1055,24016,138,99468,35.00,-7.19,-4.90
564725,1171,24016,135,99535,35.00,-7.22,-4.91
564747,1324,24016,123,99607,35.00,-7.23,-4.92
564769,1565,24016,134,99712,35.00,-7.19,-4.91
564791,1607,24016,125,99793,35.00,-7.20,-4.90
564813,1579,24016,135,99875,35.00,-7.22,-4.89
564835,1405,24016,133,99964,35.00,-7.18,-4.89
564857,1231,24016,148,99964,35.00,-7.20,-4.87
564898,1168,24016,153,99964,35.00,-7.22,-4.87
564920,1449,24016,167,99964,35.00,-7.22,-4.90
564942,1515,24016,168,99964,35.00,-7.21,-4.88
564964,1517,24528,149,99964,35.00,-7.22,-4.93
564986,1629,24528,137,99964,35.00,-7.20,-4.92
565381,1651,24528,133,99964,35.41,-7.20,-4.88
565419,1611,24016,157,99731,35.00,-7.23,-4.91
565441,1423,24016,165,99825,35.00,-7.20,-4.90
565463,1413,24528,149,99938,35.00,-7.23,-4.91
565485,1567,24528,148,99938,35.00,-7.21,-4.90
565507,1807,24016,135,99938,35.00,-7.24,-4.87
565529,2025,24528,147,99938,35.00,-7.22,-4.87
565551,2093,24528,151,99938,35.00,-7.25,-4.89
565573,2068,24528,164,99938,35.00,-7.23,-4.91
565595,2003,24528,171,99938,35.00,-7.20,-4.89
565617,2052,24016,183,99938,35.00,-7.19,-4.91
565660,1995,24528,185,99938,35.00,-7.21,-4.91
565682,1765,24016,167,99938,35.00,-7.22,-4.90
565704,1749,24528,159,99938,35.00,-7.23,-4.88
565726,1765,24528,147,99938,35.00,-7.22,-4.91
565748,1961,24528,152,99938,35.00,-7.23,-4.92
565770,2109,24528,159,99938,35.00,-7.22,-4.92
565792,2129,24528,173,99938,35.00,-7.23,-4.88
565814,2194,24528,185,99938,35.00,-7.22,-4.88
565836,2181,24528,204,99938,35.00,-7.24,-4.89
565858,2066,24528,203,99938,35.00,-7.26,-4.90
565900,1973,24528,203,99252,35.00,-7.24,-4.89
565922,1854,24528,173,99099,35.00,-7.20,-4.91
565944,1817,24528,167,98988,35.00,-7.21,-4.91
565966,1981,24528,165,98923,35.00,-7.21,-4.89
565988,2087,24016,175,98891,35.00,-7.19,-4.90
566401,2259,24528,185,98952,35.63,-7.18,-4.91
566442,1278,24528,169,98952,35.00,-7.20,-4.90
566464,1113,24528,152,98952,35.00,-7.25,-4.91
566486,1125,24528,136,98952,35.00,-7.19,-4.88
566508,1309,24528,137,98952,35.00,-7.20,-4.89
566530,1391,24528,143,98952,35.00,-7.20,-4.90
566552,1399,24528,153,98952,35.00,-7.19,-4.90
566574,1405,24528,171,99529,35.00,-7.22,-4.90
566596,1367,24528,181,99058,35.00,-7.19,-4.93
566618,1449,24528,186,98714,35.00,-7.21,-4.91
566640,1607,24528,197,98490,35.00,-7.19,-4.90
566682,1816,24528,237,98149,35.00,-7.19,-4.93
566704,2007,24528,178,98099,35.00,-7.20,-4.90
566726,1754,24528,175,98136,35.00,-7.18,-4.88
566748,2222,24528,173,98248,35.00,-7.18,-4.91
566770,2159,24528,179,98383,35.00,-7.24,-4.93
566792,2090,24528,187,98486,35.00,-7.20,-4.91
566814,1909,24528,197,98544,35.00,-7.21,-4.93
566836,1975,24528,201,98587,35.00,-7.22,-4.90
566858,1749,24528,197,98631,35.00,-7.23,-4.91
566880,1367,24528,171,98678,35.00,-7.22,-4.87
566902,628,24528,137,98756,35.00,-7.19,-4.90
566943,171,24528,101,98899,35.00,-7.18,-4.94
566965,0,24624,57,98960,35.00,-7.20,-4.91
566987,0,24624,54,99023,35.00,-7.21,-4.92
567421,0,24624,53,99078,35.01,-7.21,-4.90
567450,3931,24528,326,98312,35.00,-7.21,-4.89
567472,3929,24528,379,98390,35.00,-7.24,-4.91
567494,3929,24528,381,98542,35.00,-7.18,-4.89
567516,3933,24528,341,98713,35.00,-7.18,-4.92
567538,3944,24528,327,98828,35.00,-7.21,-4.91
567560,3931,24528,285,98885,35.00,-7.20,-4.88
567582,3847,24528,233,98931,35.00,-7.19,-4.93
567624,2471,24528,181,99097,35.00,-7.23,-4.85
567646,1843,24528,151,99143,35.00,-7.19,-4.93
567668,1767,24528,141,99204,35.00,-7.21,-4.92
567690,1421,24528,141,99265,35.00,-7.22,-4.92
567712,1013,24528,155,99321,35.00,-7.18,-4.91
567734,571,24528,150,99417,35.00,-7.21,-4.90
567756,216,24528,141,99472,35.00,-7.22,-4.88
567778,555,24528,148,99533,35.00,-7.21,-4.90
567800,797,24528,133,99576,35.00,-7.21,-4.89
567822,990,24528,133,99630,35.00,-7.25,-4.90
567844,1239,24528,121,99672,35.00,-7.19,-4.92
567885,1629,24528,137,99822,35.00,-7.25,-4.89
567907,2152,24624,155,99880,35.00,-7.21,-4.88
567929,2293,24528,201,99963,35.00,-7.19,-4.90
567951,2623,24528,217,99963,35.00,-7.21,-4.89
567973,2235,24624,200,99963,35.00,-7.19,-4.90
567995,2324,24624,227,99963,35.00,-7.23,-4.93
568440,2809,24624,236,99963,35.73,-7.23,-4.91
568469,3925,24528,211,99400,35.00,-7.24,-4.85
568491,3925,24624,216,99497,35.00,-7.21,-4.93
568513,3926,24624,219,99592,35.00,-7.19,-4.89
568535,3895,24624,201,99704,35.00,-7.18,-4.87
568557,2443,24624,169,99798,35.00,-7.21,-4.89
568579,2521,24624,160,99890,35.00,-7.23,-4.90
568601,2513,24624,154,99962,35.00,-7.20,-4.91
568623,2285,24624,137,99962,35.00,-7.20,-4.88
568645,2200,24624,136,99962,35.00,-7.24,-4.94
568687,2285,24624,138,99962,35.00,-7.18,-4.88
568709,3239,24624,175,99962,35.00,-7.24,-4.90
568731,3452,24624,189,99962,35.00,-7.20,-4.89
568753,3753,24624,221,99962,35.00,-7.18,-4.91
568775,3439,24528,217,99962,35.00,-7.19,-4.93
568797,3079,24624,207,99900,35.00,-7.20,-4.90
568819,2661,24624,180,99408,35.00,-7.21,-4.87
568841,2269,24624,153,98991,35.00,-7.23,-4.88
568863,2127,24624,137,98711,35.00,-7.19,-4.90
568885,2138,24528,138,98513,35.00,-7.19,-4.92
568928,2197,24624,141,98249,35.00,-7.22,-4.88
568950,2012,24528,147,98271,35.00,-7.20,-4.90
568972,1876,24528,171,98383,35.00,-7.22,-4.89
568994,1991,24528,171,98488,35.00,-7.17,-4.94
569715,2071,24528,166,98580,35.34,-7.21,-4.89
569750,1972,24016,179,98372,35.00,-7.24,-4.89
569772,2011,24016,186,98477,35.00,-7.23,-4.88
569794,1915,24528,181,98563,35.00,-7.19,-4.89
569816,1863,24528,168,98643,35.00,-7.19,-4.86
569838,1926,24528,155,98765,35.00,-7.22,-4.87
569860,2039,24528,152,98864,35.00,-7.18,-4.91
569882,2015,24528,137,98977,35.00,-7.20,-4.85
569904,1910,24528,135,99066,35.00,-7.23,-4.93
569926,1919,24528,141,99159,35.00,-7.22,-4.90
569948,1847,24528,153,99247,35.00,-7.22,-4.90
569990,1815,24528,165,99542,35.00,-7.23,-4.91
570734,1623,24528,159,99620,35.24,-7.22,-4.92
570772,1499,24528,147,99668,35.00,-7.23,-4.91
570794,1315,24624,151,99726,35.00,-7.24,-4.92
570816,1379,24624,143,99784,35.00,-7.19,-4.91
570838,1655,24624,140,99851,35.00,-7.23,-4.89
570860,1943,24624,136,99922,35.00,-7.22,-4.89
570882,2121,24624,137,99922,35.00,-7.14,-4.85
570904,2199,24624,147,99922,35.00,-7.22,-4.88
570926,2191,24624,159,99922,35.00,-7.22,-4.88
570948,2171,24624,170,99922,35.00,-7.20,-4.90
570970,2070,24624,179,99922,35.00,-7.22,-4.88
570992,1865,24624,175,99922,35.00,-7.22,-4.89
571033,1765,24624,169,99158,35.00,-7.22,-4.93
571055,1715,24624,159,98793,35.00,-7.20,-4.90
571077,1687,24624,147,98538,35.00,-7.21,-4.90
571099,1689,24624,133,98346,35.00,-7.21,-4.88
571121,1717,24624,123,98227,35.00,-7.19,-4.88
571143,1799,24624,133,98170,35.00,-7.20,-4.90
571165,1833,24624,147,98177,35.00,-7.20,-4.86
571187,1823,24624,153,98224,35.00,-7.21,-4.90
571209,1765,24624,169,98352,35.00,-7.20,-4.90
571231,1708,24624,173,98528,35.00,-7.21,-4.88
571273,1677,24624,170,98816,35.00,-7.21,-4.90
571295,1843,24624,159,98891,35.00,-7.19,-4.93
571317,1864,24624,149,98960,35.00,-7.24,-4.88
571339,1836,24624,135,99042,35.00,-7.20,-4.91
571361,1725,24624,133,99111,35.00,-7.24,-4.91
571383,1614,25136,125,99202,35.00,-7.20,-4.85
571405,1467,25136,125,99267,35.00,-7.21,-4.89
571427,1305,25136,136,99361,35.00,-7.20,-4.92
571449,1208,25136,149,99443,35.00,-7.21,-4.89
571471,1123,25136,146,99513,35.00,-7.22,-4.89
571493,1223,25136,147,99594,35.00,-7.21,-4.87
571534,1499,25136,137,99814,35.00,-7.25,-4.84
571556,1696,25136,141,99876,35.00,-7.20,-4.89
571578,2012,25136,135,99936,35.00,-7.17,-4.89
571600,2215,25136,139,99936,35.00,-7.22,-4.89
571622,2315,25136,138,99936,35.00,-7.24,-4.90
571644,2343,25136,151,99936,35.00,-7.24,-4.94
571666,2325,25136,166,99936,35.00,-7.25,-4.93
571688,2319,25136,180,99936,35.00,-7.22,-4.92
571710,2380,25136,188,99936,35.00,-7.24,-4.88
571732,2325,25136,185,99936,35.00,-7.23,-4.87
571775,2124,25136,172,99151,35.00,-7.22,-4.91
571797,1836,25136,143,98824,35.00,-7.17,-4.93
571819,1737,25136,122,98595,35.00,-7.24,-4.88
571841,1609,25136,123,98439,35.00,-7.19,-4.88
571863,1625,25136,125,98331,35.00,-7.20,-4.91
571885,1677,25136,147,98269,35.00,-7.19,-4.88
571907,1785,25136,163,98267,35.00,-7.24,-4.89
571929,1895,25136,170,98316,35.00,-7.22,-4.93
571951,1931,25136,179,98448,35.00,-7.22,-4.92
571973,1947,25136,173,98611,35.00,-7.25,-4.88
572519,1997,25136,159,98859,35.33,-7.19,-4.91
572557,1823,25904,139,98547,35.00,-7.20,-4.88
572579,1759,25904,136,98407,35.00,-7.21,-4.91
572601,1707,26416,137,98303,35.00,-7.22,-4.90
572623,1767,25904,151,98229,35.00,-7.23,-4.88
572645,1723,25904,154,98238,35.00,-7.20,-4.88
572667,1640,25904,169,98300,35.00,-7.21,-4.92
572689,1597,26416,171,98424,35.00,-7.20,-4.89
572711,1627,25904,172,98528,35.00,-7.21,-4.88
572733,1679,25904,158,98598,35.00,-7.24,-4.88
572755,1647,25904,151,98617,35.00,-7.21,-4.88
572797,1631,26416,125,98785,35.00,-7.19,-4.91
572819,1553,26416,122,98829,35.00,-7.23,-4.88
572841,1557,26416,131,98886,35.00,-7.21,-4.88
572863,1499,26416,137,98948,35.00,-7.21,-4.92
572885,1503,26416,146,99021,35.00,-7.19,-4.93
572907,1501,26416,165,99066,35.00,-7.20,-4.88
572929,1612,26416,171,99119,35.00,-7.21,-4.88
572951,1783,26416,169,99179,35.00,-7.22,-4.85
572973,1897,26416,159,99234,35.00,-7.21,-4.87
572995,1963,25904,149,99265,35.00,-7.22,-4.87
573538,1991,26416,141,99306,34.56,-7.24,-4.89
573579,1949,25904,135,98537,35.00,-7.19,-4.89
573601,1931,25904,133,98616,35.00,-7.22,-4.87
573623,1901,25904,150,98699,35.00,-7.24,-4.89
573645,1941,25904,165,98779,35.00,-7.23,-4.88
573667,1971,25904,170,98845,35.00,-7.22,-4.92
573689,2027,25904,175,98906,35.00,-7.23,-4.90
573711,2094,25904,171,98973,35.00,-7.20,-4.87
573733,2190,25904,165,99029,35.00,-7.21,-4.89
573755,2236,25904,149,99102,35.00,-7.21,-4.89
573777,2201,25904,147,99152,35.00,-7.19,-4.90
573799,2159,26416,143,99225,35.00,-7.24,-4.89
573840,2071,25904,151,99446,35.00,-7.23,-4.92
573862,1867,25904,150,99536,35.00,-7.20,-4.92
573884,1762,26416,155,99603,35.00,-7.21,-4.88
573906,1699,26416,167,99652,35.00,-7.22,-4.86
573928,1623,26416,172,99649,35.00,-7.26,-4.91
573950,1577,26416,160,99410,35.00,-7.14,-4.81
573972,1653,26416,153,98989,35.00,-7.36,-5.07
573994,1661,26416,137,98554,35.00,-7.14,-4.84
574558,1710,26416,125,98249,35.34,-7.24,-4.91
574588,1843,26416,139,99544,35.00,-7.21,-4.91
574610,1829,26416,157,99646,35.00,-7.19,-4.90
574632,1907,26416,153,99752,35.00,-7.22,-4.91
574654,1994,26416,139,99843,35.00,-7.23,-4.91
574676,2079,26416,139,99927,35.00,-7.20,-4.86
574698,2069,26416,139,99870,35.00,-7.21,-4.93
574720,1989,26416,149,99578,35.00,-7.21,-4.90
574762,1946,26416,157,98601,35.00,-7.22,-4.90
574784,1907,26416,173,98445,35.00,-7.21,-4.90
574806,1833,26416,175,98350,35.00,-7.19,-4.91
574828,1865,26416,173,98285,35.00,-7.25,-4.86
574850,1881,26416,164,98269,35.00,-7.21,-4.87
574872,1879,26416,155,98285,35.00,-7.21,-4.91
574894,1883,26416,135,98371,35.00,-7.20,-4.90
574916,1882,26416,137,98482,35.00,-7.24,-4.89
574938,1853,26416,141,98571,35.00,-7.21,-4.89
574960,1883,26416,148,98620,35.00,-7.23,-4.85
574982,1829,26416,159,98661,35.00,-7.25,-4.93
575023,1807,26416,173,98733,35.00,-7.20,-4.91
575045,1723,26416,165,98822,35.00,-7.24,-4.92
575067,1659,26416,172,98901,35.00,-7.24,-4.92
575089,1684,26416,167,98966,35.00,-7.21,-4.90
575111,1686,26416,151,99035,35.00,-7.24,-4.92
575133,1715,26416,137,99122,35.00,-7.19,-4.90
575155,1674,26800,127,99216,35.00,-7.27,-4.92
575177,1691,26416,125,99299,35.00,-7.22,-4.90
575199,1696,26416,137,99399,35.00,-7.21,-4.91
575221,1676,26416,147,99507,35.00,-7.22,-4.91
575263,1658,26800,167,99812,35.00,-7.21,-4.89
575285,1691,26800,169,99906,35.00,-7.21,-4.89
575307,1695,26416,171,99995,35.00,-7.20,-4.91
575329,1736,26800,165,99995,35.00,-7.22,-4.93
575351,1771,26800,149,99995,35.00,-7.21,-4.89
575373,1715,26800,133,99995,35.00,-7.22,-4.88
575395,1619,26800,123,99995,35.00,-7.23,-4.89
575417,1533,26800,120,99995,35.00,-7.19,-4.90
575439,1619,26800,137,99995,35.00,-7.23,-4.92
575461,1655,26800,143,99995,35.00,-7.22,-4.89
575483,1659,26800,163,99975,35.00,-7.22,-4.88
575524,1603,26800,160,98714,35.00,-7.21,-4.89
575546,1591,26800,167,98515,35.00,-7.23,-4.90
575568,1657,26800,155,98357,35.00,-7.25,-4.92
575590,1757,26800,148,98249,35.00,-7.19,-4.90
575612,1833,26800,141,98203,35.00,-7.24,-4.87
575634,1911,26800,135,98194,35.00,-7.22,-4.88
575656,1957,26800,126,98256,35.00,-7.19,-4.87
575678,1903,26800,135,98379,35.00,-7.21,-4.86
575700,1893,26800,149,98505,35.00,-7.24,-4.93
575722,1877,26800,165,98565,35.00,-7.20,-4.88
575744,1932,26800,171,98595,35.00,-7.19,-4.90
575785,2008,26800,175,98715,35.00,-7.23,-4.88
575807,1887,26800,171,98760,35.00,-7.23,-4.90
575829,1869,26800,164,98809,35.00,-7.22,-4.89
575851,1919,26800,153,98864,35.00,-7.23,-4.85
575873,1901,27312,136,98957,35.00,-7.26,-4.88
575895,1883,27312,133,99016,35.00,-7.19,-4.92
575917,1845,27312,137,99080,35.00,-7.24,-4.85
575939,1835,27312,151,99142,35.00,-7.21,-4.89
575961,1813,26800,156,99207,35.00,-7.23,-4.92
575983,1779,26800,169,99278,35.00,-7.19,-4.93
576025,1787,27312,170,99440,35.00,-7.24,-4.88
576047,1915,26800,170,99499,35.00,-7.25,-4.87
576069,1959,27312,157,99573,35.00,-7.23,-4.91
576091,1990,27312,151,99650,35.00,-7.21,-4.88
576113,1958,26800,136,99697,35.00,-7.27,-4.90
576135,1883,27312,135,99768,35.00,-7.21,-4.89
576157,1831,26800,139,99812,35.00,-7.22,-4.90
576179,1727,26800,149,99864,35.00,-7.21,-4.93
576201,1636,26800,155,99907,35.00,-7.22,-4.82
576223,1525,26800,163,99859,35.00,-7.19,-4.86
576245,1451,27312,165,99597,35.00,-7.21,-4.91
576286,1532,26800,157,98367,35.00,-7.19,-4.90
576308,1695,26800,153,98195,35.00,-7.23,-4.91
576330,1854,26800,147,98076,35.00,-7.18,-4.91
576352,1960,26800,135,97993,35.00,-7.23,-4.90
576374,1957,26800,135,97949,35.00,-7.22,-4.88
576396,1885,26800,136,97969,35.00,-7.21,-4.87
576418,1805,27312,143,98070,35.00,-7.18,-4.89
576440,1718,27312,155,98227,35.00,-7.22,-4.90
576462,1763,27312,169,98362,35.00,-7.22,-4.92
576484,1780,26800,173,98438,35.00,-7.24,-4.92
576527,1785,26800,171,98620,35.00,-7.23,-4.91
576549,1839,27312,154,98708,35.00,-7.21,-4.91
576571,1819,27312,139,98772,35.00,-7.19,-4.91
576593,1869,27312,137,98808,35.00,-7.20,-4.90
576615,1811,27312,127,98851,35.00,-7.21,-4.92
576637,1747,27312,138,98933,35.00,-7.23,-4.85
576659,1719,27312,149,98991,35.00,-7.20,-4.88
576681,1711,27312,169,99050,35.00,-7.23,-4.93
576703,1758,27312,169,99104,35.00,-7.20,-4.87
576725,1753,27312,171,99183,35.00,-7.20,-4.91
576767,1832,27312,163,99327,35.00,-7.23,-4.90
576789,1879,27312,155,99363,35.00,-7.20,-4.92
576811,1959,27312,138,99432,35.00,-7.20,-4.91
576833,2025,27312,138,99492,35.00,-7.22,-4.91
576855,2012,27312,143,99538,35.00,-7.23,-4.95
576877,1945,27312,151,99564,35.00,-7.17,-4.87
576899,1941,27312,159,99639,35.00,-7.22,-4.90
576921,1950,27312,175,99697,35.00,-7.23,-4.91
576943,1912,27312,178,99754,35.00,-7.23,-4.89
576965,1935,26800,179,99694,35.00,-7.24,-4.88
576987,1868,27312,165,99427,35.00,-7.24,-4.86
577028,1851,27312,157,98253,35.00,-7.20,-4.90
577050,1768,26800,140,98083,35.00,-7.24,-4.88
577072,1779,27312,137,97954,35.00,-7.21,-4.86
577094,1801,27312,135,97878,35.00,-7.23,-4.91
577116,1739,27312,139,97861,35.00,-7.23,-4.87
577138,1599,27312,143,97866,35.00,-7.22,-4.91
577160,1483,27312,155,97955,35.00,-7.19,-4.87
577182,1432,27312,167,98092,35.00,-7.24,-4.88
577204,1407,27312,164,98220,35.00,-7.21,-4.90
577226,1353,26800,154,98314,35.00,-7.24,-4.92
577268,1323,27312,139,98490,35.00,-7.20,-4.93
577290,1400,27312,119,98568,35.00,-7.23,-4.90
577312,1499,27312,119,98651,35.00,-7.19,-4.88
577334,1555,27312,115,98731,35.00,-7.21,-4.90
577356,1637,27312,119,98809,35.00,-7.24,-4.91
577378,1663,27312,133,98928,35.00,-7.24,-4.91
577400,1678,27312,149,99024,35.00,-7.22,-4.89
577422,1693,27312,152,99116,35.00,-7.24,-4.88
577444,1831,27312,154,99192,35.00,-7.21,-4.92
577466,2249,27312,169,99280,35.00,-7.22,-4.94
577488,2475,27312,175,99360,35.00,-7.20,-4.86
577529,2875,27312,187,99518,35.00,-7.20,-4.91
577551,3544,27312,235,99583,35.00,-7.22,-4.86
577573,3827,27312,262,99639,35.00,-7.23,-4.90
577595,3742,27312,252,99694,35.00,-7.24,-4.90
577617,3341,27312,251,99730,35.00,-7.22,-4.88
577639,2971,27312,247,99742,35.00,-7.26,-4.90
577661,2791,27312,252,99736,35.00,-7.22,-4.88
577683,2683,27312,262,99680,35.00,-7.26,-4.89
577705,2582,27312,239,99474,35.00,-7.19,-4.89
577727,2516,26800,223,99069,35.00,-7.21,-4.92
577770,2377,26800,200,97910,35.00,-7.21,-4.85
577792,2026,26800,159,97753,35.00,-7.21,-4.89
577814,1783,26800,153,97643,35.00,-7.22,-4.87
577836,1447,26800,149,97536,35.00,-7.25,-4.89
577858,1069,26800,155,97487,35.00,-7.20,-4.88
577880,999,26800,170,97537,35.00,-7.21,-4.89
577902,1101,26800,180,97640,35.00,-7.19,-4.91
577924,1269,26800,181,97769,35.00,-7.20,-4.92
577946,1481,26800,175,97876,35.00,-7.22,-4.87
577968,1459,26800,155,97955,35.00,-7.21,-4.90
578380,1319,26800,122,98125,35.36,-7.19,-4.86
578411,1805,26800,197,99529,35.00,-7.21,-4.90
578433,1491,26800,119,99434,35.00,-7.21,-4.90
578455,850,26800,99,99084,35.00,-7.18,-4.88
578477,293,26800,77,98656,35.00,-7.22,-4.91
578499,0,27312,62,98289,35.00,-7.19,-4.91
578521,0,26800,135,98045,35.00,-7.26,-4.87
578543,1463,26800,216,97889,35.00,-7.24,-4.89
578565,2311,26800,229,97767,35.00,-7.21,-4.89
578587,2893,26800,212,97708,35.00,-7.20,-4.91
578609,2805,26800,169,97669,35.00,-7.23,-4.91
578631,2529,26800,157,97710,35.00,-7.23,-4.90
578672,2221,26800,155,98092,35.00,-7.20,-4.92
578694,1167,26800,82,98194,35.00,-7.22,-4.92
578716,0,27312,36,98240,35.00,-7.23,-4.89
578738,0,27312,97,98277,35.00,-7.26,-4.90
578760,199,26800,186,98318,35.00,-7.24,-4.88
578782,2155,26800,244,98381,35.00,-7.22,-4.93
578804,3307,26800,255,98443,35.00,-7.24,-4.89
578826,3839,26800,223,98505,35.00,-7.23,-4.86
578848,3719,26800,197,98599,35.00,-7.20,-4.86
578870,3213,26800,167,98702,35.00,-7.22,-4.90
578912,2336,27312,122,98987,35.00,-7.22,-4.88
578934,1173,27312,135,99067,35.00,-7.20,-4.90
578956,1875,27312,201,99136,35.00,-7.21,-4.85
578978,2419,26800,231,99194,35.00,-7.22,-4.86
579399,2655,26800,219,99244,34.94,-7.22,-4.87
579434,3337,26800,253,98504,35.00,-7.24,-4.89
579456,2779,26800,187,98565,35.00,-7.24,-4.91
579478,2495,26800,201,98618,35.00,-7.24,-4.88
579500,2169,26800,187,98678,35.00,-7.23,-4.91
579522,1783,26800,170,98736,35.00,-7.22,-4.93
579544,1061,27312,67,98803,35.00,-7.23,-4.91
579566,0,27312,55,98874,35.00,-7.22,-4.89
579588,973,27312,187,98968,35.00,-7.19,-4.88
579610,2373,27312,216,99037,35.00,-7.23,-4.90
579632,2619,26800,171,99097,35.00,-7.21,-4.87
579674,2299,27312,147,99280,35.00,-7.24,-4.85
579696,1174,27312,110,99321,35.00,-7.22,-4.89
579718,611,27312,114,99377,35.00,-7.20,-4.92
579740,335,27312,87,99424,35.00,-7.19,-4.93
579762,0,27312,58,99493,35.00,-7.19,-4.87
579784,0,28080,118,99530,35.00,-7.20,-4.93
579806,1630,27312,179,99591,35.00,-7.24,-4.90
579828,2297,27312,143,99664,35.00,-7.21,-4.88
579850,2263,28080,105,99715,35.00,-7.20,-4.92
579872,1957,28080,98,99753,35.00,-7.24,-4.91
579894,1655,28080,108,99787,35.00,-7.19,-4.92
579935,1400,28080,137,99190,35.00,-7.21,-4.94
579957,1499,28080,153,98748,35.00,-7.24,-4.89
579979,1749,28080,183,98428,35.00,-7.24,-4.91
580419,2147,28080,189,98233,36.22,-7.21,-4.90
580456,0,28080,91,99615,35.00,-7.19,-4.89
580478,1687,28080,201,99675,35.00,-7.24,-4.85
580500,2503,28080,237,99730,35.00,-7.21,-4.90
580522,3897,28080,281,99787,35.00,-7.22,-4.88
580544,3931,27312,247,99855,35.00,-7.23,-4.87
580566,3928,28080,225,99920,35.00,-7.18,-4.92
580588,3901,28080,203,99993,35.00,-7.20,-4.90
580610,3871,28080,173,99993,35.00,-7.23,-4.94
580632,3849,28080,261,99983,35.00,-7.21,-4.89
580654,3917,27312,344,99698,35.00,-7.20,-4.94
580676,3887,28080,296,99241,35.00,-7.25,-4.88
580717,2329,28080,183,98331,35.00,-7.24,-4.86
580739,0,28080,81,98234,35.00,-7.23,-4.87
580761,284,28080,203,98174,35.00,-7.23,-4.89
580783,3902,28080,271,98149,35.00,-7.21,-4.86
580805,3903,28080,238,98167,35.00,-7.24,-4.89
580827,3881,28080,229,98271,35.00,-7.21,-4.96
580849,3743,28080,225,98396,35.00,-7.21,-4.90
580871,2155,28080,185,98478,35.00,-7.20,-4.85
580893,413,28592,143,98501,35.00,-7.22,-4.87
580915,227,28592,159,98512,35.00,-7.22,-4.90
580957,370,28592,165,98578,35.00,-7.20,-4.88
580979,0,28592,147,98622,35.00,-7.19,-4.89
581694,0,28592,115,98682,35.31,-7.21,-4.91
581719,1963,28080,170,98623,35.00,-7.18,-4.87
581741,2085,28080,163,98686,35.00,-7.22,-4.89
581763,2132,28592,155,98774,35.00,-7.22,-4.92
581785,2139,28080,138,98861,35.00,-7.21,-4.93
581807,2137,28080,139,98938,35.00,-7.20,-4.92
581829,2123,28080,139,99023,35.00,-7.24,-4.88
581851,2097,28080,152,99077,35.00,-7.21,-4.91
581873,2059,28080,163,99104,35.00,-7.19,-4.92
581895,2005,28080,179,99100,35.00,-7.24,-4.89
581917,2028,28080,189,99063,35.00,-7.25,-4.92
581939,2135,28080,197,99045,35.00,-7.23,-4.91
581980,2303,28080,191,99110,35.00,-7.21,-4.88
582714,2388,28080,183,99181,35.31,-7.21,-4.88
582742,1787,28080,179,98689,35.00,-7.19,-4.89
582764,1927,28592,141,98547,35.00,-7.18,-4.90
582786,1891,28592,134,98214,35.00,-7.21,-4.91
582808,1807,28592,139,97764,35.00,-7.24,-4.90
582830,1740,28592,149,97412,35.00,-7.23,-4.92
582852,1587,28592,147,97198,35.00,-7.19,-4.91
582874,1453,28592,154,97065,35.00,-7.22,-4.88
582896,1357,28592,151,96963,35.00,-7.21,-4.86
582918,1328,28080,147,96911,35.00,-7.22,-4.87
582940,1377,28592,127,96893,35.00,-7.22,-4.90
582982,1450,28592,119,97160,35.00,-7.19,-4.88
583734,1487,28592,116,97269,35.78,-7.20,-4.87
583764,1843,28080,181,97376,35.00,-7.19,-4.91
583786,2056,28080,146,97460,35.00,-7.22,-4.88
583808,1999,28080,151,97515,35.00,-7.20,-4.88
583830,1868,28080,159,97597,35.00,-7.20,-4.85
583852,1783,28080,167,97695,35.00,-7.25,-4.91
583874,1756,28080,169,97794,35.00,-7.20,-4.92
583896,1741,28080,169,97845,35.00,-7.22,-4.91
583918,1771,28080,157,97892,35.00,-7.23,-4.90
583940,1839,28080,151,97929,35.00,-7.22,-4.88
583962,1867,28080,133,97981,35.00,-7.15,-4.87
583984,1847,28592,135,98041,35.00,-7.19,-4.91
584025,1789,28080,134,98169,35.00,-7.22,-4.90
584047,1749,28592,135,98201,35.00,-7.22,-4.91
584069,1686,28592,141,98223,35.00,-7.19,-4.94
584091,1597,28592,153,98249,35.00,-7.22,-4.90
584113,1581,28592,156,98273,35.00,-7.20,-4.90
584135,1573,28592,163,98302,35.00,-7.20,-4.89
584157,1551,28592,153,98331,35.00,-7.24,-4.91
584179,1619,28592,146,98364,35.00,-7.20,-4.93
584201,1712,28080,135,98391,35.00,-7.23,-4.90
584223,1755,28080,127,98446,35.00,-7.21,-4.88
584266,1753,28592,126,97806,35.00,-7.22,-4.89
584288,1708,28080,141,97420,35.00,-7.27,-4.87
584310,1693,28080,153,97150,35.00,-7.27,-4.86
584332,1701,28592,168,96978,35.00,-7.19,-4.87
584354,1718,28592,169,96838,35.00,-7.24,-4.91
584376,1799,28592,169,96736,35.00,-7.21,-4.89
584398,1869,28592,155,96683,35.00,-7.23,-4.85
584420,1892,28592,149,96673,35.00,-7.19,-4.90
584442,1927,28592,137,96733,35.00,-7.26,-4.91
584464,1873,28592,133,96849,35.00,-7.23,-4.88
584506,1820,28592,133,97104,35.00,-7.20,-4.91
584528,1781,28592,143,97137,35.00,-7.22,-4.91
584550,1725,28592,153,97183,35.00,-7.18,-4.90
584572,1675,28592,167,97231,35.00,-7.19,-4.88
584594,1691,28592,173,97286,35.00,-7.21,-4.87
584616,1816,28592,167,97328,35.00,-7.23,-4.89
584638,1943,28592,163,97405,35.00,-7.21,-4.91
584660,2019,28592,151,97499,35.00,-7.20,-4.92
584682,2037,28592,139,97588,35.00,-7.18,-4.91
584704,1971,28592,139,97660,35.00,-7.23,-4.88
584726,1967,28592,141,97744,35.00,-7.22,-4.89
584767,1941,28592,155,97931,35.00,-7.22,-4.88
584789,1848,28592,152,98006,35.00,-7.21,-4.89
584811,1737,28592,169,98069,35.00,-7.22,-4.94
584833,1737,28592,170,98124,35.00,-7.24,-4.88
584855,1692,28592,169,98198,35.00,-7.19,-4.85
584877,1735,28592,157,98280,35.00,-7.21,-4.90
584899,1753,28592,151,98360,35.00,-7.19,-4.91
584921,1705,28592,133,98434,35.00,-7.21,-4.91
584943,1717,28592,125,98496,35.00,-7.22,-4.89
584965,1672,28592,125,98536,35.00,-7.21,-4.91
585517,1588,28592,147,97971,35.31,-7.24,-4.91
585549,2138,28592,151,98404,35.00,-7.23,-4.92
585571,1925,28592,172,98434,35.00,-7.21,-4.88
585593,1943,28784,175,98484,35.00,-7.23,-4.93
585615,2008,28592,178,98537,35.00,-7.20,-4.92
585637,2131,28784,172,98609,35.00,-7.24,-4.87
585659,2181,28784,151,98680,35.00,-7.22,-4.89
585681,1992,28784,135,98736,35.00,-7.20,-4.91
585703,1884,28784,137,98804,35.00,-7.22,-4.92
585725,1967,28784,149,98830,35.00,-7.23,-4.91
585747,1884,28784,153,98747,35.00,-7.22,-4.88
585789,1733,28784,163,97551,35.00,-7.20,-4.87
585811,1613,28592,169,97269,35.00,-7.22,-4.91
585833,1625,28784,169,97081,35.00,-7.21,-4.89
585855,1683,28784,163,96943,35.00,-7.24,-4.91
585877,1754,28592,159,96830,35.00,-7.25,-4.89
585899,1709,28784,135,96765,35.00,-7.20,-4.89
585921,1695,28784,124,96766,35.00,-7.21,-4.88
585943,1622,28784,123,96860,35.00,-7.19,-4.91
585965,1581,28784,135,97007,35.00,-7.19,-4.91
585987,1548,28784,143,97113,35.00,-7.22,-4.88
586537,1509,28784,157,97181,35.03,-7.24,-4.89
586571,1957,28784,134,97095,35.00,-7.18,-4.92
586593,1763,28784,171,97004,35.00,-7.21,-4.90
586615,1842,28784,159,96950,35.00,-7.23,-4.89
586637,1869,28784,151,96916,35.00,-7.21,-4.90
586659,1925,28784,139,96930,35.00,-7.24,-4.89
586681,1913,28784,133,97020,35.00,-7.20,-4.90
586703,1823,28784,134,97161,35.00,-7.21,-4.92
586725,1751,28784,147,97284,35.00,-7.21,-4.91
586747,1709,28784,155,97349,35.00,-7.21,-4.91
586769,1672,28784,167,97398,35.00,-7.24,-4.92
586791,1663,28784,169,97440,35.00,-7.19,-4.87
586832,1643,28784,165,97693,35.00,-7.21,-4.88
586854,1763,28784,165,97757,35.00,-7.20,-4.91
586876,1839,28784,155,97802,35.00,-7.19,-4.87
586898,1883,28784,138,97846,35.00,-7.20,-4.91
586920,1871,28784,133,97890,35.00,-7.23,-4.94
586942,1880,28784,135,97949,35.00,-7.24,-4.86
586964,1853,28784,141,98030,35.00,-7.17,-4.90
586986,1754,28784,151,98101,35.00,-7.22,-4.91
587557,1689,28592,159,98155,35.00,-7.19,-4.89
587594,1843,28080,132,97718,35.00,-7.22,-4.87
587616,1776,28080,146,97820,35.00,-7.20,-4.87
587638,1783,28592,133,97913,35.00,-7.19,-4.91
587660,1845,28592,127,98033,35.00,-7.20,-4.90
587682,1788,28080,125,98145,35.00,-7.21,-4.90
587704,1675,28080,138,98243,35.00,-7.22,-4.91
587726,1607,28080,149,98351,35.00,-7.24,-4.91
587748,1582,28080,157,98463,35.00,-7.20,-4.90
587770,1609,28080,165,98578,35.00,-7.18,-4.88
587792,1623,28080,155,98676,35.00,-7.21,-4.90
587835,1685,28080,145,98936,35.00,-7.25,-4.92
587857,1804,28080,125,99046,35.00,-7.23,-4.91
587879,1844,28080,127,99149,35.00,-7.23,-4.87
587901,1848,28080,125,99255,35.00,-7.18,-4.90
587923,1813,28080,141,99338,35.00,-7.24,-4.87
587945,1772,28080,149,99403,35.00,-7.22,-4.90
587967,1757,28080,165,99359,35.00,-7.16,-4.90
587989,1751,28080,169,99083,35.00,-7.21,-4.90
588577,1755,28080,165,98640,35.37,-7.21,-4.92
588617,1797,27312,134,99218,35.00,-7.19,-4.85
588639,1913,27312,135,99332,35.00,-7.20,-4.88
588661,1899,27312,141,99407,35.00,-7.20,-4.91
588683,1855,28080,149,99450,35.00,-7.23,-4.92
588705,1791,28080,164,99407,35.00,-7.24,-4.89
588727,1727,27312,170,99178,35.00,-7.18,-4.90
588749,1733,27312,171,98730,35.00,-7.23,-4.91
588771,1787,27312,175,98289,35.00,-7.21,-4.85
588793,1869,28080,158,97980,35.00,-7.25,-4.90
588815,1883,27312,140,97762,35.00,-7.19,-4.90
588857,1885,27312,133,97448,35.00,-7.24,-4.94
588879,1877,27312,126,97420,35.00,-7.23,-4.88
588901,1823,28080,139,97459,35.00,-7.20,-4.88
588923,1751,27312,147,97580,35.00,-7.19,-4.88
588945,1753,27312,157,97698,35.00,-7.20,-4.89
588967,1675,27312,163,97775,35.00,-7.21,-4.92
588989,1676,27312,175,97846,35.00,-7.19,-4.86
589351,1741,27312,164,97876,34.80,-7.22,-4.86
589379,2015,28080,166,98672,35.00,-7.17,-4.93
589401,1873,27312,142,98750,35.00,-7.22,-4.90
589423,1711,28080,143,98819,35.00,-7.20,-4.88
589445,1433,28080,149,98868,35.00,-7.21,-4.91
589467,1383,28080,168,98773,35.00,-7.22,-4.86
589489,1745,28080,201,98473,35.00,-7.24,-4.91
589511,2055,27312,203,98060,35.00,-7.24,-4.89
589533,2300,27312,199,97721,35.00,-7.19,-4.89
589555,2403,27312,173,97481,35.00,-7.21,-4.88
589577,2251,28080,152,97338,35.00,-7.21,-4.90
589619,2035,28080,139,97195,35.00,-7.20,-4.90
589641,1548,28080,141,97255,35.00,-7.24,-4.86
589663,1751,28080,184,97369,35.00,-7.19,-4.86
589685,2083,28080,221,97529,35.00,-7.17,-4.92
589707,2253,28080,213,97647,35.00,-7.22,-4.90
589729,2109,27312,191,97709,35.00,-7.23,-4.91
589751,2027,27312,181,97768,35.00,-7.19,-4.91
589773,1933,27312,153,97830,35.00,-7.23,-4.84
589795,1711,28080,123,97906,35.00,-7.23,-4.88
589817,1438,28080,117,97984,35.00,-7.21,-4.90
589860,1435,28080,140,98208,35.00,-7.20,-4.90
589882,1903,27312,174,98272,35.00,-7.20,-4.88
589904,1949,27312,189,98351,35.00,-7.21,-4.89
589926,1821,28080,183,98405,35.00,-7.20,-4.91
589948,1683,27312,169,98477,35.00,-7.21,-4.91
589970,1579,27312,148,98520,35.00,-7.19,-4.88
589992,1375,27312,119,98572,35.00,-7.21,-4.87
590360,1192,28080,101,98628,35.22,-7.17,-4.89
590401,2429,28080,187,97415,35.00,-7.19,-4.89
590423,1624,28080,139,97543,35.00,-7.21,-4.87
590445,1119,28080,118,97641,35.00,-7.20,-4.86
590467,479,28080,69,97697,35.00,-7.21,-4.91
590489,0,28080,81,97730,35.00,-7.21,-4.92
590511,779,28080,165,97745,35.00,-7.24,-4.90
590533,1759,28080,187,97768,35.00,-7.20,-4.87
590555,2379,27312,173,97815,35.00,-7.24,-4.90
590577,2650,27312,165,97867,35.00,-7.25,-4.86
590599,2777,28080,171,97920,35.00,-7.23,-4.88
590641,2579,28080,179,98123,35.00,-7.24,-4.88
590663,2035,28080,169,98179,35.00,-7.20,-4.84
590685,1383,28080,105,98216,35.00,-7.19,-4.88
590707,941,28080,150,98251,35.00,-7.23,-4.86
590729,1751,27312,223,98292,35.00,-7.22,-4.89
590751,2449,28080,217,98333,35.00,-7.21,-4.90
590773,2426,27312,164,98348,35.00,-7.22,-4.91
590795,2295,28080,141,98382,35.00,-7.21,-4.88
590817,2027,28080,121,98419,35.00,-7.19,-4.86
590839,1764,28592,125,98466,35.00,-7.18,-4.91
590861,1399,28080,135,98517,35.00,-7.21,-4.91
590902,840,28592,87,98685,35.00,-7.18,-4.90
590924,0,28592,67,98704,35.00,-7.20,-4.89
590946,0,28592,205,98627,35.00,-7.20,-4.86
590968,1862,28080,275,98323,35.00,-7.20,-4.93
590990,2652,28080,237,97879,35.00,-7.22,-4.92
591380,2727,28080,149,97458,35.52,-7.23,-4.90
591408,3879,28080,327,97874,35.00,-7.25,-4.92
591430,3899,28080,203,97943,35.00,-7.21,-4.89
591452,3104,28080,147,98015,35.00,-7.24,-4.90
591474,2699,28080,140,98103,35.00,-7.26,-4.88
591496,2261,28080,122,98209,35.00,-7.19,-4.91
591518,1430,28592,76,98306,35.00,-7.21,-4.88
591540,584,28592,93,98383,35.00,-7.21,-4.86
591562,1669,28592,250,98456,35.00,-7.23,-4.92
591604,3311,28080,334,98670,35.00,-7.24,-4.90
591626,3081,28080,204,98794,35.00,-7.23,-4.89
591648,2667,28080,181,98909,35.00,-7.25,-4.88
591670,2275,28592,149,99011,35.00,-7.21,-4.90
591692,1860,28592,123,99074,35.00,-7.20,-4.92
591714,1447,28592,85,98920,35.00,-7.22,-4.93
591736,0,28784,1,98537,35.00,-7.22,-4.89
591758,0,28784,70,98097,35.00,-7.22,-4.87
591780,0,28592,182,97796,35.00,-7.23,-4.92
591802,2094,28080,283,97588,35.00,-7.20,-4.90
591844,2953,28080,268,97215,35.00,-7.21,-4.88
591866,2152,28592,151,97173,35.00,-7.20,-4.89
591888,1907,28592,151,97221,35.00,-7.22,-4.90
591910,1573,28592,117,97346,35.00,-7.19,-4.90
591932,682,28592,37,97489,35.00,-7.23,-4.89
591954,0,28592,71,97627,35.00,-7.23,-4.90
591976,1189,28592,205,97689,35.00,-7.23,-4.92
591998,3125,28080,331,97714,35.00,-7.17,-4.91
592020,3911,28080,359,97758,35.00,-7.21,-4.86
592042,3928,28080,254,97820,35.00,-7.20,-4.88
592064,3596,28080,201,97886,35.00,-7.20,-4.92
592105,2491,28080,183,98188,35.00,-7.19,-4.90
592127,1357,28080,107,98285,35.00,-7.24,-4.88
592149,0,28592,9,98342,35.00,-7.25,-4.93
592171,0,28592,81,98404,35.00,-7.18,-4.91
592193,0,28080,133,98461,35.00,-7.23,-4.92
592215,2137,28080,237,98515,35.00,-7.17,-4.90
592237,3759,28080,291,98565,35.00,-7.21,-4.91
592259,3870,28080,233,98592,35.00,-7.18,-4.88
592281,3048,28080,217,98634,35.00,-7.23,-4.94
592303,2873,28080,235,98702,35.00,-7.23,-4.91
592346,2313,28080,197,98903,35.00,-7.21,-4.86
592368,825,28080,143,98972,35.00,-7.21,-4.92
592390,1961,28080,275,99035,35.00,-7.22,-4.91
592412,3765,28080,347,99079,35.00,-7.20,-4.92
592434,3899,28080,283,99115,35.00,-7.22,-4.88
592456,3462,28592,179,99053,35.00,-7.21,-4.89
592478,2215,28592,151,98810,35.00,-7.26,-4.90
592500,1599,28592,141,98394,35.00,-7.18,-4.92
592522,1072,28080,138,97996,35.00,-7.20,-4.91
592544,253,28080,76,97716,35.00,-7.23,-4.91
592586,0,28080,55,97311,35.00,-7.23,-4.90
592608,1351,28080,249,97251,35.00,-7.23,-4.89
592630,2641,28080,301,97260,35.00,-7.20,-4.94
592652,3385,28592,245,97311,35.00,-7.21,-4.90
592674,2837,28592,167,97394,35.00,-7.26,-4.87
592696,2247,28592,153,97491,35.00,-7.22,-4.93
592718,1773,28592,147,97581,35.00,-7.18,-4.89
592740,1013,28592,104,97638,35.00,-7.25,-4.93
592762,269,28592,95,97689,35.00,-7.20,-4.92
592784,471,28592,183,97754,35.00,-7.24,-4.85
592806,1860,28592,293,97842,35.00,-7.24,-4.90
592847,2806,28592,275,98020,35.00,-7.21,-4.91
592869,2099,28592,148,98100,35.00,-7.19,-4.91
592891,1839,28592,133,98177,35.00,-7.20,-4.87
592913,1609,28592,125,98256,35.00,-7.22,-4.92
592935,1203,28592,101,98323,35.00,-7.25,-4.86
592957,307,28784,41,98377,35.00,-7.19,-4.91
592979,0,28784,21,98462,35.00,-7.20,-4.89
593419,0,28592,127,98530,36.15,-7.17,-4.88
593448,2311,28592,155,97713,35.00,-7.20,-4.88
593470,2701,28080,141,97754,35.00,-7.19,-4.90
593492,2638,28080,138,97765,35.00,-7.21,-4.87
593514,2121,28080,137,97795,35.00,-7.19,-4.88
593536,2007,28080,103,97847,35.00,-7.25,-4.89
593558,1048,28592,37,97911,35.00,-7.23,-4.86
593580,594,28592,160,97972,35.00,-7.21,-4.88
593602,2057,28080,266,98060,35.00,-7.22,-4.91
593624,3656,28080,399,98159,35.00,-7.21,-4.91
593646,3918,28080,361,98241,35.00,-7.19,-4.89
593668,3912,28080,229,98309,35.00,-7.21,-4.88
593709,3902,28080,187,98575,35.00,-7.22,-4.90
593731,2557,28080,139,98626,35.00,-7.22,-4.91
593753,1709,28592,87,98694,35.00,-7.21,-4.91
593775,135,28592,3,98763,35.00,-7.21,-4.90
593797,0,28592,108,98829,35.00,-7.20,-4.91
593819,939,28080,191,98868,35.00,-7.23,-4.89
593841,1658,28080,172,98918,35.00,-7.22,-4.91
593863,1559,28080,149,98945,35.00,-7.23,-4.87
593885,1335,28080,107,98977,35.00,-7.23,-4.92
593907,996,28080,83,99013,35.00,-7.22,-4.91
593929,568,28080,40,99050,35.00,-7.19,-4.89
593970,0,28080,103,98792,35.00,-7.21,-4.89
593992,1624,28080,133,98363,35.00,-7.22,-4.89
594438,1558,28080,114,97862,35.14,-7.22,-4.89
594471,2005,28080,174,97899,35.00,-7.19,-4.90
594493,2065,28592,127,97994,35.00,-7.21,-4.89
594515,1901,28592,149,98083,35.00,-7.20,-4.94
594537,1865,28592,170,98159,35.00,-7.23,-4.90
594559,2119,28080,203,98248,35.00,-7.22,-4.88
594581,2183,28080,201,98309,35.00,-7.19,-4.93
594603,2073,28080,175,98402,35.00,-7.22,-4.88
594625,1939,28592,165,98485,35.00,-7.23,-4.93
594647,1863,28080,155,98580,35.00,-7.20,-4.90
594669,1827,28080,150,98682,35.00,-7.24,-4.88
594712,2023,28080,163,98769,35.00,-7.20,-4.87
594734,1902,28080,149,98501,35.00,-7.21,-4.92
594756,1141,28080,137,98098,35.00,-7.24,-4.88
594778,402,28080,146,97750,35.00,-7.21,-4.88
594800,1485,28080,167,97537,35.00,-7.23,-4.90
594822,1709,28080,167,97427,35.00,-7.24,-4.92
594844,1983,28080,171,97378,35.00,-7.21,-4.90
594866,1871,28080,163,97357,35.00,-7.21,-4.90
594888,1943,28080,154,97372,35.00,-7.19,-4.88
594910,2066,28080,155,97434,35.00,-7.23,-4.91
594952,2023,27312,140,97893,35.00,-7.21,-4.95
594974,1819,26800,139,97927,35.00,-7.25,-4.91
594996,1671,27312,149,97945,35.00,-7.22,-4.89
595713,1641,27312,167,97947,35.36,-7.23,-4.84
595754,1693,27312,149,97534,35.00,-7.16,-4.90
595776,1611,27312,148,97567,35.00,-7.23,-4.90
595798,1584,27312,167,97603,35.00,-7.22,-4.88
595820,1575,27312,169,97648,35.00,-7.19,-4.88
595842,1559,27312,166,97706,35.00,-7.22,-4.91
595864,1607,27312,153,97779,35.00,-7.21,-4.89
595886,1645,27312,146,97815,35.00,-7.23,-4.87
595908,1671,27312,127,97867,35.00,-7.22,-4.86
595930,1720,27312,127,97946,35.00,-7.20,-4.91
595952,1693,28080,123,98014,35.00,-7.21,-4.87
595974,1625,28080,137,98073,35.00,-7.24,-4.88
596733,1563,28080,145,98214,35.42,-7.22,-4.91
596758,1815,28592,141,98038,35.00,-7.23,-4.88
596780,1481,28592,151,98067,35.00,-7.21,-4.89
596802,1449,28592,139,98099,35.00,-7.21,-4.90
596824,1439,28592,134,98147,35.00,-7.21,-4.92
596846,1461,28592,107,98212,35.00,-7.24,-4.90
596868,1333,28592,87,98289,35.00,-7.22,-4.92
596890,1075,28592,69,98339,35.00,-7.21,-4.91
596912,789,28592,92,98393,35.00,-7.19,-4.90
596934,1454,28592,175,98426,35.00,-7.22,-4.91
596956,1580,28592,149,98300,35.00,-7.21,-4.90
596998,1560,28592,175,97233,35.00,-7.21,-4.89
597020,1811,28080,187,96995,35.00,-7.20,-4.92
597042,2015,28592,189,96818,35.00,-7.22,-4.90
597064,2267,28592,201,96687,35.00,-7.20,-4.89
597086,2471,28592,188,96589,35.00,-7.21,-4.88
597108,2675,28592,175,96522,35.00,-7.21,-4.88
597130,2482,28080,149,96516,35.00,-7.22,-4.91
597152,2232,28592,146,96611,35.00,-7.23,-4.87
597174,1965,28592,144,96720,35.00,-7.19,-4.92
597196,1748,28592,168,96830,35.00,-7.26,-4.88
597238,1735,28592,175,96953,35.00,-7.22,-4.90
597260,1527,28592,157,96973,35.00,-7.20,-4.89
597282,1643,28592,168,96999,35.00,-7.20,-4.91
597304,1831,28592,157,97038,35.00,-7.22,-4.92
597326,1833,28592,141,97082,35.00,-7.22,-4.90
597348,1854,28592,136,97101,35.00,-7.21,-4.90
597370,1717,28592,123,97129,35.00,-7.22,-4.89
597392,1567,28592,135,97175,35.00,-7.23,-4.93
597414,1629,28592,163,97235,35.00,-7.27,-4.91
597436,1699,28592,171,97301,35.00,-7.21,-4.87
597458,1607,28592,159,97368,35.00,-7.24,-4.88
597499,1549,28592,159,97460,35.00,-7.24,-4.88
597521,1753,28592,173,97481,35.00,-7.21,-4.93
597543,1879,28592,158,97527,35.00,-7.22,-4.89
597565,1897,28592,151,97561,35.00,-7.19,-4.88
597587,1839,28592,133,97619,35.00,-7.23,-4.90
597609,1694,28592,115,97693,35.00,-7.20,-4.89
597631,1435,28592,111,97747,35.00,-7.21,-4.88
597653,1373,28592,125,97772,35.00,-7.22,-4.89
597675,1351,28592,141,97769,35.00,-7.19,-4.88
597697,1331,28592,153,97718,35.00,-7.22,-4.91
597739,1465,28592,183,96758,35.00,-7.23,-4.87
597761,2221,28592,201,96526,35.00,-7.22,-4.88
597783,2045,28592,145,96418,35.00,-7.21,-4.90
597805,1721,28592,121,96326,35.00,-7.20,-4.92
597827,1659,28592,117,96248,35.00,-7.22,-4.87
597849,1565,28592,115,96185,35.00,-7.24,-4.88
597871,1599,28592,124,96182,35.00,-7.20,-4.91
597893,1612,28592,127,96257,35.00,-7.21,-4.92
597915,1531,28592,154,96370,35.00,-7.23,-4.91
597937,1499,28592,155,96464,35.00,-7.20,-4.92
597959,1533,28592,159,96544,35.00,-7.24,-4.90
598517,1643,28592,155,96690,35.00,-7.20,-4.90
598547,2073,28592,192,96593,35.00,-7.20,-4.90
598569,2167,28592,141,96545,35.00,-7.22,-4.94
598591,1913,28592,127,96502,35.00,-7.22,-4.91
598613,1368,28784,107,96497,35.00,-7.22,-4.93
598635,947,28784,133,96563,35.00,-7.21,-4.88
598657,1399,28592,169,96670,35.00,-7.22,-4.91
598679,1733,28592,159,96790,35.00,-7.19,-4.94
598701,1932,28592,155,96873,35.00,-7.25,-4.88
598742,1931,28592,137,96969,35.00,-7.22,-4.90
598764,1548,28592,159,97028,35.00,-7.18,-4.88
598786,2309,28592,172,97083,35.00,-7.21,-4.91
598808,1746,28592,112,97142,35.00,-7.20,-4.88
598830,1245,28592,113,97230,35.00,-7.24,-4.90
598852,1785,28592,151,97327,35.00,-7.24,-4.93
598874,1603,28592,149,97416,35.00,-7.22,-4.93
598896,1686,28592,169,97512,35.00,-7.26,-4.93
598918,1817,28592,176,97621,35.00,-7.28,-4.90
598940,2199,28592,167,97703,35.00,-7.25,-4.90
598983,1917,28592,153,97927,35.00,-7.24,-4.87
599537,1733,28592,121,97988,35.54,-7.22,-4.89
599567,1880,28592,167,97716,35.00,-7.22,-4.90
599589,1983,28592,136,97788,35.00,-7.20,-4.91
599611,1927,28592,149,97855,35.00,-7.20,-4.93
599633,1811,28592,149,97919,35.00,-7.21,-4.88
599655,1687,28592,146,97994,35.00,-7.19,-4.89
599677,1545,28592,149,98047,35.00,-7.21,-4.87
599699,1557,28592,148,98097,35.00,-7.23,-4.91
599721,1891,28592,173,98172,35.00,-7.20,-4.90
599743,2291,28592,185,98238,35.00,-7.17,-4.95
599785,2733,28592,219,98390,35.00,-7.22,-4.91
599807,2828,28592,188,98451,35.00,-7.24,-4.84
599829,2664,28592,175,98530,35.00,-7.23,-4.91
599851,2297,28592,169,98581,35.00,-7.22,-4.90
599873,1943,28592,173,98654,35.00,-7.24,-4.88
599895,1607,28592,152,98734,35.00,-7.20,-4.91
599917,1286,28592,143,98812,35.00,-7.22,-4.89
599939,1174,28592,132,98880,35.00,-7.23,-4.92
599961,1285,28592,140,98837,35.00,-7.25,-4.88
599983,1593,28592,145,98604,35.00,-7.20,-4.86
600025,1909,28592,173,97497,35.00,-7.22,-4.89
600047,1879,28592,136,97341,35.00,-7.14,-4.93
600069,1651,28592,135,97251,35.00,-7.22,-4.92
600091,1443,28592,125,97179,35.00,-7.20,-4.92
600113,1261,28592,135,97134,35.00,-7.23,-4.91
600135,1063,28592,124,97134,35.00,-7.20,-4.90
600157,1015,28592,132,97233,35.00,-7.21,-4.90
600179,1067,28080,133,97358,35.00,-7.21,-4.88
600201,1557,28080,157,97437,35.00,-7.21,-4.87
600223,2093,28080,163,97488,35.00,-7.21,-4.88
600245,2477,28080,169,97514,35.00,-7.24,-4.91
600286,2508,28080,165,97590,35.00,-7.20,-4.89
600308,1933,28080,142,97666,35.00,-7.22,-4.92
600330,1871,28080,168,97740,35.00,-7.20,-4.86
600352,2071,28080,180,97801,35.00,-7.18,-4.93
600374,1775,28080,147,97854,35.00,-7.20,-4.91
600396,1647,28080,185,97917,35.00,-7.23,-4.91
600418,2056,28080,160,97997,35.00,-7.24,-4.94
600440,1785,28080,158,98057,35.00,-7.20,-4.85
600462,1897,28080,147,98106,35.00,-7.24,-4.85
600484,1647,28080,123,98156,35.00,-7.19,-4.87
600526,1553,28080,121,98300,35.00,-7.18,-4.89
600548,1547,28592,123,98340,35.00,-7.25,-4.86
600570,1555,28592,139,98392,35.00,-7.20,-4.85
600592,1523,28592,147,98449,35.00,-7.22,-4.90
600614,1391,28592,136,98511,35.00,-7.20,-4.91
600636,1263,28080,139,98572,35.00,-7.21,-4.85
600658,1349,28080,140,98594,35.00,-7.20,-4.90
600680,1392,28080,123,98608,35.00,-7.24,-4.91
600702,1209,28080,73,98605,35.00,-7.19,-4.90
600724,623,28080,48,98460,35.00,-7.21,-4.91
600746,601,28080,84,98090,35.00,-7.23,-4.92
600787,1067,27312,108,97021,35.00,-7.21,-4.89
600809,2115,26800,171,96845,35.00,-7.17,-4.89
600831,2427,27312,185,96690,35.00,-7.18,-4.91
600853,2393,26800,187,96562,35.00,-7.21,-4.89
600875,2281,27312,173,96466,35.00,-7.21,-4.89
600897,2379,27312,165,96434,35.00,-7.20,-4.91
600919,2530,27312,153,96490,35.00,-7.20,-4.90
600941,2036,27312,122,96562,35.00,-7.18,-4.88
600963,1829,27312,115,96598,35.00,-7.20,-4.92
600985,559,27312,76,96592,35.00,-7.21,-4.89
601028,1531,27312,104,96618,35.00,-7.18,-4.86
601050,1851,26800,175,96639,35.00,-7.22,-4.90
601072,2805,27312,200,96646,35.00,-7.22,-4.91
601094,3911,27312,220,96594,35.00,-7.21,-4.94
601116,3923,27312,220,96520,35.00,-7.23,-4.88
601138,3927,27312,213,96506,35.00,-7.24,-4.89
601160,3926,28080,201,96468,35.00,-7.18,-4.88
601182,3048,28080,159,96436,35.00,-7.23,-4.86
601204,1682,28080,127,96423,35.00,-7.20,-4.89
601226,979,28592,115,96426,35.00,-7.22,-4.89
601268,935,28592,126,96410,35.00,-7.24,-4.89
601290,1495,28592,155,96424,35.00,-7.18,-4.91
601312,1783,28592,175,96455,35.00,-7.19,-4.92
601334,1621,28592,169,96502,35.00,-7.24,-4.92
601356,1804,28080,165,96596,35.00,-7.22,-4.90
601378,1476,28592,138,96689,35.00,-7.23,-4.87
601400,953,28592,116,96778,35.00,-7.24,-4.85
601422,287,28592,89,96831,35.00,-7.21,-4.95
601444,2024,28592,101,96758,35.00,-7.25,-4.91
601466,473,28592,79,96455,35.00,-7.22,-4.91
601488,1816,28592,121,96095,35.00,-7.20,-4.90
601529,2587,28592,146,95485,35.00,-7.22,-4.89
601551,3915,28784,185,95449,35.00,-7.20,-4.91
601573,1604,28784,164,95426,35.00,-7.25,-4.89
601595,1711,28784,155,95422,35.00,-7.24,-4.91
601617,2229,29296,148,95437,35.00,-7.23,-4.92
601639,2621,29296,147,95489,35.00,-7.21,-4.94
601661,3927,30064,139,95589,35.00,-7.21,-4.91
601683,3923,30064,139,95675,35.00,-7.23,-4.90
601705,3943,30064,151,95725,35.00,-7.22,-4.90
601727,3095,30064,168,95744,35.00,-7.25,-4.88
601770,1327,30064,155,95814,35.00,-7.21,-4.93
601792,0,30064,167,95877,35.00,-7.22,-4.91
601814,0,30064,155,95946,35.00,-7.23,-4.92
601836,0,30064,147,95970,35.00,-7.24,-4.89
601858,0,30064,125,96000,35.00,-7.22,-4.88
601880,0,30064,106,96032,35.00,-7.20,-4.88
601902,0,30064,92,96046,35.00,-7.19,-4.88
601924,0,30064,103,96063,35.00,-7.21,-4.90
601946,414,30064,127,96085,35.00,-7.19,-4.90
601968,105,30064,117,96153,35.00,-7.19,-4.86
602594,332,30064,139,96296,36.01,-7.18,-4.90
602632,1686,28592,157,95991,35.00,-7.19,-4.89
602654,1979,28592,169,96092,35.00,-7.21,-4.87
602676,1847,28784,159,96165,35.00,-7.21,-4.88
602698,2005,28784,155,96219,35.00,-7.20,-4.91
602720,1949,29296,141,96286,35.00,-7.18,-4.91
602742,2137,29296,138,96307,35.00,-7.22,-4.91
602764,2403,29296,148,96350,35.00,-7.27,-4.86
602786,2421,29296,155,96409,35.00,-7.21,-4.89
602808,2213,29296,167,96464,35.00,-7.20,-4.93
602830,2019,29296,174,96508,35.00,-7.21,-4.88
602872,1651,29296,169,96626,35.00,-7.22,-4.87
602894,1672,29296,167,96568,35.00,-7.24,-4.89
602916,1767,29296,155,96322,35.00,-7.22,-4.91
602938,1215,29296,123,95916,35.00,-7.23,-4.91
602960,1449,29296,111,95450,35.00,-7.23,-4.87
602982,1341,29296,117,95093,35.00,-7.21,-4.85
603359,1448,29296,110,94820,34.80,-7.22,-4.92
603394,2297,28784,159,95739,35.00,-7.22,-4.86
603416,2403,28784,179,95828,35.00,-7.21,-4.92
603438,2261,28784,148,95897,35.00,-7.18,-4.91
603460,2005,28784,124,95950,35.00,-7.16,-4.96
603482,1853,28784,133,96024,35.00,-7.19,-4.90
603504,1972,29296,145,96091,35.00,-7.23,-4.91
603526,2065,28784,156,96185,35.00,-7.21,-4.90
603548,1787,28784,152,96270,35.00,-7.24,-4.90
603570,1747,28784,165,96363,35.00,-7.23,-4.92
603592,1763,28784,166,96472,35.00,-7.24,-4.89
603634,1910,28784,167,96662,35.00,-7.24,-4.92
603656,1871,28784,157,96499,35.00,-7.17,-4.90
603678,1869,29296,159,96157,35.00,-7.22,-4.92
603700,2205,29296,171,95801,35.00,-7.20,-4.95
603722,2329,29296,174,95564,35.00,-7.21,-4.91
603744,2443,29296,202,95444,35.00,-7.23,-4.82
603766,2507,29296,211,95385,35.00,-7.22,-4.87
603788,2293,29296,211,95363,35.00,-7.21,-4.89
603810,2206,29296,214,95343,35.00,-7.19,-4.92
603832,2187,29296,219,95361,35.00,-7.21,-4.90
603854,2401,29296,217,95472,35.00,-7.21,-4.89
603895,2405,29296,190,95816,35.00,-7.20,-4.89
603917,1871,30064,165,95890,35.00,-7.23,-4.91
603939,1752,30064,151,95935,35.00,-7.22,-4.90
603961,1719,30064,158,96006,35.00,-7.20,-4.91
603983,1944,30064,171,96078,35.00,-7.23,-4.92
604378,1991,30064,180,96139,35.60,-7.24,-4.90
604416,1503,29296,151,97172,35.00,-7.18,-4.91
604438,2381,29296,159,96782,35.00,-7.20,-4.89
604460,2787,29296,149,96438,35.00,-7.18,-4.90
604482,2472,29296,119,96233,35.00,-7.25,-4.92
604504,1612,29296,101,96119,35.00,-7.25,-4.93
604526,1256,29296,111,96010,35.00,-7.19,-4.86
604548,800,29296,103,95957,35.00,-7.19,-4.89
604570,319,29296,92,95940,35.00,-7.23,-4.91
604592,830,30064,141,95961,35.00,-7.19,-4.89
604614,1415,29296,151,96067,35.00,-7.23,-4.91
604636,1627,29296,151,96185,35.00,-7.23,-4.87
604677,1694,30064,134,96337,35.00,-7.23,-4.90
604699,1643,30064,145,96420,35.00,-7.23,-4.85
604721,1831,30576,151,96488,35.00,-7.21,-4.89
604743,2087,30576,151,96541,35.00,-7.24,-4.90
604765,2159,30576,152,96612,35.00,-7.15,-4.92
604787,2197,30576,163,96697,35.00,-7.21,-4.90
604809,2119,30576,173,96787,35.00,-7.22,-4.90
604831,2231,30576,175,96895,35.00,-7.23,-4.91
604853,2202,30576,163,96996,35.00,-7.23,-4.88
604875,2084,30576,164,97107,35.00,-7.24,-4.95
604917,2693,30576,163,97531,35.00,-7.21,-4.89
604939,3103,30576,175,97664,35.00,-7.24,-4.89
604961,2693,30576,154,97800,35.00,-7.23,-4.89
604983,2317,30576,149,97950,35.00,-7.24,-4.90
605398,1993,30576,141,98099,35.00,-7.18,-4.83
605439,2025,30576,126,98045,35.00,-7.20,-4.89
605461,1607,30576,103,98139,35.00,-7.20,-4.88
605483,1190,30576,105,98244,35.00,-7.20,-4.86
605505,1013,30576,121,98334,35.00,-7.21,-4.90
605527,1257,30064,155,98444,35.00,-7.21,-4.92
605549,1335,30064,158,98547,35.00,-7.21,-4.91
605571,1513,30576,159,98677,35.00,-7.22,-4.86
605593,1853,30576,157,98801,35.00,-7.21,-4.92
605615,2073,30576,148,98910,35.00,-7.19,-4.87
605637,2246,30576,134,99016,35.00,-7.22,-4.91
605679,2108,30576,118,99345,35.00,-7.20,-4.88
605701,2011,30064,111,99446,35.00,-7.20,-4.90
605723,1811,30064,111,99532,35.00,-7.24,-4.92
605745,1437,30064,139,99630,35.00,-7.17,-4.91
605767,1413,30064,173,99736,35.00,-7.21,-4.91
605789,1909,30064,211,99828,35.00,-7.21,-4.91
605811,2299,29296,229,99915,35.00,-7.19,-4.86
605833,2745,29296,231,99915,35.00,-7.20,-4.87
605855,3132,29296,235,99915,35.00,-7.21,-4.91
605877,3285,29296,220,99915,35.00,-7.19,-4.89
605899,2895,30064,197,99915,35.00,-7.17,-4.86
605940,2727,29296,184,98905,35.00,-7.24,-4.91
605962,2543,29296,184,98590,35.00,-7.19,-4.93
605984,2533,29296,207,98364,35.00,-7.23,-4.91
606417,2621,29296,231,98186,35.79,-7.23,-4.87
606446,1975,30576,117,99283,35.00,-7.23,-4.92
606468,550,30576,74,99371,35.00,-7.20,-4.89
606490,0,30576,51,99449,35.00,-7.22,-4.93
606512,0,30960,127,99542,35.00,-7.22,-4.89
606534,1605,30576,229,99622,35.00,-7.22,-4.87
606556,2502,30576,222,99679,35.00,-7.19,-4.86
606578,2925,30576,179,99764,35.00,-7.22,-4.88
606600,2821,30576,159,99840,35.00,-7.24,-4.94
606642,2636,30576,172,99461,35.00,-7.20,-4.87
606664,1661,30576,121,98961,35.00,-7.24,-4.87
606686,997,30576,102,98491,35.00,-7.20,-4.89
606708,107,30576,61,98157,35.00,-7.19,-4.90
606730,441,30576,151,97908,35.00,-7.21,-4.90
606752,1309,30064,165,97703,35.00,-7.24,-4.90
606774,1771,30064,147,97544,35.00,-7.21,-4.89
606796,1691,30064,115,97459,35.00,-7.22,-4.91
606818,1686,30064,119,97411,35.00,-7.25,-4.89
606840,1885,30064,136,97456,35.00,-7.24,-4.93
606882,2023,30064,157,97813,35.00,-7.22,-4.88
606904,2523,30064,238,97854,35.00,-7.22,-4.90
606926,3299,30064,307,97894,35.00,-7.20,-4.85
606948,3704,30064,292,97954,35.00,-7.20,-4.91
606970,3549,30064,250,98017,35.00,-7.20,-4.90
606992,3052,30064,203,98100,35.00,-7.22,-4.86
607436,2707,30576,168,98185,34.72,-7.21,-4.84
607465,1052,30064,87,97809,35.00,-7.20,-4.89
607487,423,30064,85,97641,35.00,-7.21,-4.88
607509,0,30064,25,97514,35.00,-7.22,-4.90
607531,0,30576,0,97431,35.00,-7.25,-4.85
607553,0,30576,81,97395,35.00,-7.22,-4.85
607575,0,30576,101,97443,35.00,-7.20,-4.89
607597,868,30064,166,97550,35.00,-7.25,-4.89
607619,3093,30064,295,97622,35.00,-7.22,-4.85
607641,3911,30064,253,97697,35.00,-7.24,-4.86
607663,3847,30064,235,97731,35.00,-7.24,-4.91
607704,2909,30064,221,97918,35.00,-7.18,-4.87
607726,1860,30064,117,97989,35.00,-7.26,-4.91
607748,502,30576,43,98038,35.00,-7.23,-4.90
607770,200,30576,141,98082,35.00,-7.20,-4.91
607792,1891,30064,276,98145,35.00,-7.24,-4.89
607814,3381,30064,301,98211,35.00,-7.18,-4.92
607836,3884,30064,221,98254,35.00,-7.20,-4.87
607858,3177,30064,146,98291,35.00,-7.19,-4.90
607880,2642,30576,139,98356,35.00,-7.21,-4.90
607902,2163,30576,147,98446,35.00,-7.20,-4.89
607924,1636,30576,151,98505,35.00,-7.24,-4.88
607965,915,30576,75,98647,35.00,-7.24,-4.92
607987,0,30576,63,98717,35.00,-7.21,-4.90
608711,0,30576,29,98771,35.06,-7.21,-4.91
608747,2111,29296,207,98499,35.00,-7.21,-4.87
608769,2087,29296,219,98586,35.00,-7.25,-4.89
608791,2069,29296,197,98650,35.00,-7.20,-4.88
608813,2067,29296,168,98693,35.00,-7.22,-4.89
608835,1949,29296,149,98671,35.00,-7.21,-4.88
608857,1773,29296,143,98465,35.00,-7.20,-4.87
608879,1643,29296,155,98076,35.00,-7.21,-4.93
608901,1393,29296,152,97656,35.00,-7.21,-4.92
608923,1081,29296,157,97338,35.00,-7.22,-4.85
608945,971,28784,153,97131,35.00,-7.21,-4.85
608988,906,28784,141,96810,35.00,-7.21,-4.88
609731,709,28592,125,96779,34.43,-7.23,-4.95
609770,1693,30960,87,96817,35.00,-7.19,-4.91
609792,1791,30576,107,96942,35.00,-7.19,-4.87
609814,1768,30576,99,97062,35.00,-7.22,-4.88
609836,1629,30576,98,97162,35.00,-7.22,-4.91
609858,1845,30576,146,97229,35.00,-7.19,-4.89
609880,2157,30576,166,97259,35.00,-7.24,-4.89
609902,1995,30576,139,97302,35.00,-7.23,-4.90
609924,1467,30576,107,97350,35.00,-7.23,-4.94
609946,1231,30960,109,97417,35.00,-7.24,-4.88
609968,1112,30960,87,97478,35.00,-7.20,-4.85
610750,828,30960,53,97694,35.52,-7.22,-4.93
610792,0,31472,7,97732,35.00,-7.19,-4.91
610814,0,32240,0,97772,35.00,-7.22,-4.89
610836,0,32240,93,97805,35.00,-7.25,-4.91
610858,0,31472,153,97848,35.00,-7.21,-4.90
610880,0,31472,109,97895,35.00,-7.21,-4.91
610902,0,32240,87,97918,35.00,-7.24,-4.89
610924,0,32240,57,97916,35.00,-7.19,-4.89
610946,1563,31472,293,97930,35.00,-7.22,-4.89
610968,3925,31472,349,98003,35.00,-7.22,-4.92
610990,3933,31472,317,98125,35.00,-7.19,-4.89
611514,3933,31472,317,98229,35.08,-7.22,-4.90
611554,3949,30960,312,97888,35.00,-7.25,-4.91
611576,3928,31472,111,97971,35.00,-7.23,-4.87
611598,525,32240,73,98043,35.00,-7.24,-4.87
611620,473,31472,110,98129,35.00,-7.22,-4.90
611642,0,31472,53,98191,35.00,-7.21,-4.94
611664,0,31472,283,98226,35.00,-7.19,-4.91
611686,2553,31472,280,98287,35.00,-7.21,-4.89
611708,2355,31472,91,98350,35.00,-7.25,-4.89
611730,2404,31472,299,98423,35.00,-7.21,-4.90
611752,3944,30960,407,98466,35.00,-7.21,-4.89
611774,3939,31472,251,98507,35.00,-7.21,-4.91
611815,3929,32240,173,98585,35.00,-7.26,-4.88
611837,1547,32240,103,98530,35.00,-7.25,-4.89
611859,431,32240,42,98266,35.00,-7.21,-4.91
611881,0,32240,287,97798,35.00,-7.23,-4.88
611903,1971,32240,219,97388,35.00,-7.23,-4.87
611925,1467,32240,69,97125,35.00,-7.25,-4.91
611947,119,32240,107,96954,35.00,-7.20,-4.90
611969,2404,31472,372,96812,35.00,-7.23,-4.87
611991,3837,31472,164,96717,35.00,-7.23,-4.90
612534,989,32240,2,96699,34.68,-7.22,-4.90
612577,2201,32240,159,98649,35.00,-7.24,-4.89
612599,2099,32240,175,98515,35.00,-7.21,-4.86
612621,2009,32240,182,98147,35.00,-7.20,-4.88
612643,2067,32240,172,97680,35.00,-7.24,-4.86
612665,2024,32240,157,97310,35.00,-7.22,-4.86
612687,2035,32752,127,97101,35.00,-7.25,-4.91
612709,2104,32752,123,96976,35.00,-7.22,-4.87
612731,2135,32240,147,96875,35.00,-7.19,-4.87
612753,2217,32240,165,96793,35.00,-7.18,-4.88
612775,2233,32240,174,96766,35.00,-7.23,-4.89
612817,2197,32752,174,97054,35.00,-7.21,-4.95
612839,1743,32240,157,97128,35.00,-7.23,-4.89
612861,1685,32752,165,97201,35.00,-7.20,-4.89
612883,1785,32752,165,97241,35.00,-7.23,-4.92
612905,1956,32240,163,97283,35.00,-7.25,-4.91
612927,1971,32752,147,97363,35.00,-7.22,-4.88
612949,1919,32752,137,97459,35.00,-7.19,-4.90
612971,1901,32752,138,97547,35.00,-7.23,-4.90
612993,1880,32752,139,97629,35.00,-7.21,-4.91
613554,1846,32752,151,97712,34.88,-7.23,-4.89
613584,1660,32752,155,97096,35.00,-7.18,-4.92
613606,1783,32752,135,97147,35.00,-7.23,-4.89
613628,1875,32752,137,97202,35.00,-7.20,-4.88
613650,1823,32752,126,97264,35.00,-7.23,-4.92
613672,1743,32752,135,97336,35.00,-7.21,-4.89
613694,1695,32752,152,97404,35.00,-7.24,-4.89
613716,1753,32752,159,97490,35.00,-7.23,-4.91
613738,1715,32752,167,97568,35.00,-7.23,-4.90
613780,1693,32752,166,97784,35.00,-7.22,-4.92
613802,1751,32752,155,97852,35.00,-7.21,-4.91
613824,1845,32752,151,97923,35.00,-7.20,-4.90
613846,1895,32752,137,97982,35.00,-7.23,-4.91
613868,1813,32752,125,98047,35.00,-7.19,-4.90
613890,1734,32752,123,98117,35.00,-7.20,-4.88
613912,1695,32752,137,98183,35.00,-7.21,-4.88
613934,1752,32752,151,98255,35.00,-7.22,-4.90
613956,1691,32752,158,98338,35.00,-7.22,-4.90
613978,1629,32752,165,98400,35.00,-7.23,-4.88
614020,1607,32752,165,98682,35.00,-7.20,-4.86
614042,1891,32752,157,98742,35.00,-7.23,-4.91
614064,2005,32752,151,98727,35.00,-7.21,-4.88
614086,2031,32776,137,98496,35.00,-7.22,-4.92
614108,2005,32752,137,98071,35.00,-7.22,-4.90
614130,1927,32752,139,97610,35.00,-7.23,-4.92
614152,1843,32752,147,97290,35.00,-7.22,-4.91
614174,1759,32752,155,97104,35.00,-7.17,-4.86
614196,1679,32752,167,96993,35.00,-7.24,-4.87
614218,1693,32752,169,96900,35.00,-7.21,-4.92
614240,1773,32752,173,96842,35.00,-7.24,-4.93
614281,1762,32752,159,97016,35.00,-7.24,-4.92
614303,1835,32752,151,97137,35.00,-7.21,-4.90
614325,1911,32752,141,97233,35.00,-7.20,-4.90
614347,1989,32752,137,97277,35.00,-7.22,-4.92
614369,1971,32752,126,97304,35.00,-7.24,-4.85
614391,1864,32752,140,97359,35.00,-7.19,-4.91
614413,1833,32752,151,97427,35.00,-7.23,-4.91
614435,1833,32752,165,97516,35.00,-7.24,-4.90
614457,1813,32752,173,97600,35.00,-7.23,-4.92
614479,1879,32752,179,97683,35.00,-7.19,-4.89
614521,1925,32752,169,97944,35.00,-7.20,-4.91
614543,2005,32752,159,98006,35.00,-7.21,-4.92
614565,2004,32752,147,98095,35.00,-7.19,-4.86
614587,1948,32752,141,98171,35.00,-7.21,-4.87
614609,1903,32752,134,98235,35.00,-7.18,-4.87
614631,1835,32752,145,98329,35.00,-7.23,-4.87
614653,1737,32752,151,98419,35.00,-7.25,-4.90
614675,1513,32752,153,98527,35.00,-7.22,-4.89
614697,1459,32752,150,98629,35.00,-7.20,-4.89
614719,1381,32752,149,98731,35.00,-7.21,-4.87
614741,1303,32752,127,98807,35.00,-7.21,-4.91
614782,1413,32752,117,98986,35.00,-7.20,-4.87
614804,1781,32752,173,98793,35.00,-7.25,-4.91
614826,2583,32752,238,98368,35.00,-7.20,-4.86
614848,3209,32752,223,97883,35.00,-7.21,-4.87
614870,2907,32752,179,97523,35.00,-7.21,-4.91
614892,2581,32752,167,97311,35.00,-7.23,-4.90
614914,2234,32752,172,97157,35.00,-7.21,-4.93
614936,1763,32752,169,97034,35.00,-7.26,-4.91
614958,1721,32752,189,96944,35.00,-7.22,-4.85
614980,1737,32240,168,96915,35.00,-7.24,-4.89
615023,1563,32752,137,97162,35.00,-7.20,-4.90
615045,3228,32240,354,97256,35.00,-7.23,-4.90
615067,3946,32240,357,97320,35.00,-7.24,-4.91
615089,3941,32752,293,97340,35.00,-7.20,-4.89
615111,3921,32752,292,97389,35.00,-7.19,-4.89
615133,3802,32752,281,97459,35.00,-7.26,-4.90
615155,2767,32752,237,97528,35.00,-7.19,-4.92
615177,1785,32752,178,97589,35.00,-7.18,-4.92
615199,907,32752,119,97652,35.00,-7.23,-4.91
615221,299,32752,87,97708,35.00,-7.20,-4.85
615263,0,32776,39,97876,35.00,-7.18,-4.93
615285,0,32776,0,97924,35.00,-7.24,-4.89
615307,0,32776,175,97969,35.00,-7.21,-4.88
615329,0,32776,151,98038,35.00,-7.22,-4.89
615351,1447,32752,137,98079,35.00,-7.22,-4.90
615373,981,32752,123,98099,35.00,-7.22,-4.93
615395,1099,32752,116,98164,35.00,-7.21,-4.86
615417,889,32752,121,98237,35.00,-7.19,-4.89
615439,1261,32752,169,98329,35.00,-7.22,-4.91
615461,1710,32752,237,98400,35.00,-7.23,-4.88
615483,3213,32752,317,98470,35.00,-7.25,-4.90
615524,3912,32752,285,98180,35.00,-7.25,-4.86
615546,3783,32752,210,97718,35.00,-7.20,-4.94
615568,3079,32752,199,97277,35.00,-7.20,-4.88
615590,2622,32752,197,96967,35.00,-7.19,-4.88
615612,2312,32752,185,96771,35.00,-7.20,-4.86
615634,2079,32752,183,96622,35.00,-7.20,-4.90
615656,1855,32752,187,96522,35.00,-7.22,-4.89
615678,1769,32752,187,96497,35.00,-7.19,-4.87
615700,1721,32240,167,96498,35.00,-7.20,-4.89
615722,1747,32240,153,96539,35.00,-7.20,-4.87
615765,1725,32752,137,96809,35.00,-7.21,-4.87
615787,1707,32240,139,96872,35.00,-7.23,-4.89
615809,1663,32752,148,96905,35.00,-7.21,-4.87
615831,1607,32752,153,96947,35.00,-7.21,-4.90
615853,1492,32752,167,97018,35.00,-7.22,-4.86
615875,1463,32240,169,97088,35.00,-7.19,-4.88
615897,1507,32240,167,97153,35.00,-7.21,-4.90
615919,1533,32240,163,97219,35.00,-7.21,-4.91
615941,1589,32240,153,97273,35.00,-7.20,-4.89
615963,1613,32752,137,97366,35.00,-7.22,-4.91
616356,1644,32240,137,97640,35.10,-7.22,-4.90
616386,2119,32240,210,96445,35.00,-7.26,-4.91
616408,2759,32240,184,96397,35.00,-7.23,-4.89
616430,2578,32240,202,96400,35.00,-7.22,-4.88
616452,2719,32240,206,96480,35.00,-7.19,-4.91
616474,2407,32240,207,96613,35.00,-7.18,-4.91
616496,2091,32240,181,96712,35.00,-7.18,-4.88
616518,1829,32240,143,96773,35.00,-7.24,-4.91
616540,1567,32240,119,96814,35.00,-7.21,-4.94
616562,1251,32240,71,96839,35.00,-7.21,-4.92
616584,639,32240,28,96862,35.00,-7.22,-4.90
616627,0,32752,11,96950,35.00,-7.25,-4.93
616649,0,32240,150,97030,35.00,-7.24,-4.90
616671,1555,31472,314,97088,35.00,-7.26,-4.93
616693,3572,31472,325,97126,35.00,-7.22,-4.90
616715,3915,31472,252,97171,35.00,-7.26,-4.90
616737,3929,31472,233,97218,35.00,-7.23,-4.89
616759,3927,31472,231,97295,35.00,-7.22,-4.94
616781,3673,32240,189,97370,35.00,-7.20,-4.90
616803,2280,32240,99,97443,35.00,-7.22,-4.91
616825,1127,32240,43,97508,35.00,-7.19,-4.86
616867,0,32752,0,97697,35.00,-7.23,-4.90
616889,1983,32240,207,97730,35.00,-7.20,-4.88
616911,1942,32240,160,97774,35.00,-7.20,-4.87
616933,1515,32240,93,97798,35.00,-7.24,-4.88
616955,1145,31472,165,97764,35.00,-7.24,-4.89
616977,3919,31472,409,97580,35.00,-7.24,-4.93
616999,3939,32240,285,97230,35.00,-7.20,-4.92
617021,3931,32240,256,96829,35.00,-7.21,-4.93
617043,3933,32240,243,96498,35.00,-7.21,-4.90
617065,3641,32240,185,96254,35.00,-7.21,-4.90
617087,2479,32240,99,96081,35.00,-7.24,-4.90
617128,1187,32752,57,95855,35.00,-7.24,-4.92
617150,0,32240,202,95906,35.00,-7.24,-4.92
617172,1305,32240,173,96006,35.00,-7.23,-4.84
617194,1243,32240,115,96136,35.00,-7.23,-4.90
617216,478,32240,151,96219,35.00,-7.19,-4.92
617238,3517,31472,453,96252,35.00,-7.27,-4.93
617260,3949,31472,279,96265,35.00,-7.24,-4.90
617282,3945,32240,285,96317,35.00,-7.23,-4.91
617304,3933,32240,343,96389,35.00,-7.22,-4.90
617326,3932,32240,309,96477,35.00,-7.20,-4.90
617369,3909,32240,261,96759,35.00,-7.20,-4.91
617391,1995,32240,183,96813,35.00,-7.25,-4.93
617413,1821,32240,200,96886,35.00,-7.20,-4.85
617435,1775,32240,206,96963,35.00,-7.24,-4.88
617457,1647,32240,183,97048,35.00,-7.23,-4.92
617479,1543,32240,153,97126,35.00,-7.22,-4.87
617501,1487,32240,125,97190,35.00,-7.20,-4.89
617523,1497,32240,140,97269,35.00,-7.19,-4.85
617545,1529,32240,140,97341,35.00,-7.21,-4.91
617567,1389,32240,123,97435,35.00,-7.23,-4.89
617609,969,32752,96,97694,35.00,-7.25,-4.90
617631,75,32752,71,97773,35.00,-7.24,-4.90
617653,0,32752,47,97861,35.00,-7.22,-4.87
617675,0,32752,19,97915,35.00,-7.25,-4.90
617697,0,32776,0,97813,35.00,-7.21,-4.90
617719,0,32752,212,97469,35.00,-7.19,-4.92
617741,0,32752,153,96992,35.00,-7.24,-4.88
617763,1446,32752,93,96591,35.00,-7.22,-4.90
617785,637,32752,13,96316,35.00,-7.23,-4.90
617807,0,32240,126,96092,35.00,-7.23,-4.89
617829,3811,32240,429,95961,35.00,-7.17,-4.87
617870,3945,32240,315,95929,35.00,-7.22,-4.91
617892,3926,32240,251,96031,35.00,-7.24,-4.90
617914,2891,32240,239,96150,35.00,-7.25,-4.88
617936,2651,32240,189,96230,35.00,-7.23,-4.91
617958,2727,32240,213,96296,35.00,-7.23,-4.92
617980,3031,32240,237,96329,35.00,-7.16,-4.88
618394,3164,32240,219,96375,35.52,-7.21,-4.90
618431,1405,32240,115,97867,35.00,-7.23,-4.92
618453,2287,32240,251,97351,35.00,-7.23,-4.91
618475,2550,32240,187,96702,35.00,-7.22,-4.87
618497,1929,32752,112,96177,35.00,-7.20,-4.89
618519,955,32752,36,95854,35.00,-7.21,-4.91
618541,0,32752,0,95686,35.00,-7.24,-4.92
618563,0,32752,183,95608,35.00,-7.28,-4.91
618585,0,32752,91,95561,35.00,-7.21,-4.90
618607,603,32752,59,95535,35.00,-7.20,-4.91
618629,167,32240,113,95536,35.00,-7.22,-4.94
618651,2868,32240,408,95606,35.00,-7.21,-4.86
618692,3929,32240,264,95983,35.00,-7.21,-4.88
618714,3717,32240,235,96105,35.00,-7.22,-4.93
618736,3197,32240,204,96193,35.00,-7.22,-4.88
618758,1996,32752,103,96289,35.00,-7.20,-4.92
618780,725,32752,4,96346,35.00,-7.23,-4.87
618802,41,32752,139,96409,35.00,-7.21,-4.90
618824,1523,32240,120,96496,35.00,-7.23,-4.94
618846,1693,32240,199,96594,35.00,-7.22,-4.88
618868,3913,31472,458,96698,35.00,-7.24,-4.91
618890,3941,31472,329,96787,35.00,-7.24,-4.88
618933,3945,32240,191,97101,35.00,-7.23,-4.91
618955,2748,32240,191,97233,35.00,-7.23,-4.90
618977,2029,32240,134,97333,35.00,-7.25,-4.90
618999,903,32752,29,97398,35.00,-7.20,-4.86
619021,0,32752,149,97470,35.00,-7.24,-4.90
619043,1971,32240,233,97553,35.00,-7.23,-4.90
619065,1817,32240,109,97658,35.00,-7.22,-4.93
619087,783,32752,68,97751,35.00,-7.23,-4.87
619109,1389,32240,295,97825,35.00,-7.23,-4.93
619131,3915,32240,325,97915,35.00,-7.18,-4.91
619173,3911,32240,215,98157,35.00,-7.18,-4.89
619195,2349,32240,191,98073,35.00,-7.22,-4.88
619217,1741,32752,104,97756,35.00,-7.24,-4.93
619239,377,32752,16,97264,35.00,-7.24,-4.86
619261,0,32752,0,96834,35.00,-7.19,-4.88
619283,0,32752,24,96538,35.00,-7.24,-4.89
619305,0,32752,199,96340,35.00,-7.22,-4.88
619327,1593,32752,185,96190,35.00,-7.18,-4.90
619349,1465,32752,119,96046,35.00,-7.19,-4.87
619371,1055,32240,113,95978,35.00,-7.20,-4.92
619393,1653,32240,157,96004,35.00,-7.24,-4.90
619434,3087,32240,213,96438,35.00,-7.25,-4.93
619456,3629,32240,220,96556,35.00,-7.22,-4.89
619478,2877,32240,187,96645,35.00,-7.24,-4.92
619500,2257,32752,137,96700,35.00,-7.19,-4.88
619522,1941,32752,117,96742,35.00,-7.23,-4.89
619544,1864,32752,117,96809,35.00,-7.22,-4.92
619566,2163,32752,143,96879,35.00,-7.22,-4.86
619588,2349,32752,171,96973,35.00,-7.20,-4.86
619610,2261,32752,180,97070,35.00,-7.23,-4.89
619632,2147,32240,181,97176,35.00,-7.19,-4.91
619674,1949,32240,183,97532,35.00,-7.22,-4.89
619696,1943,32240,157,97641,35.00,-7.20,-4.93
619718,2053,32752,138,97733,35.00,-7.19,-4.92
619740,2143,32240,135,97852,35.00,-7.19,-4.88
619762,2141,32240,135,97956,35.00,-7.19,-4.91
619784,2195,32752,147,98066,35.00,-7.24,-4.90
619806,2201,32752,157,98168,35.00,-7.21,-4.91
619828,2137,32752,168,98293,35.00,-7.23,-4.94
619850,2063,32240,173,98393,35.00,-7.19,-4.89
619872,1994,32240,179,98474,35.00,-7.21,-4.89
619894,1887,32752,167,98539,35.00,-7.24,-4.91
619935,1971,32752,159,98547,35.00,-7.19,-4.90
619957,1981,32752,155,98349,35.00,-7.23,-4.90
619979,1972,32752,139,97919,35.00,-7.22,-4.86
620687,1981,32752,141,97342,35.42,-7.24,-4.91
620717,1785,32240,173,97691,35.00,-7.21,-4.89
620739,2071,32240,141,97468,35.00,-7.19,-4.89
620761,2071,32240,140,96986,35.00,-7.18,-4.88
620783,2089,32240,145,96510,35.00,-7.21,-4.92
620805,1927,32240,152,96165,35.00,-7.23,-4.90
620827,1652,32240,156,95920,35.00,-7.21,-4.90
620849,1533,32240,165,95784,35.00,-7.19,-4.91
620871,1546,31472,167,95690,35.00,-7.23,-4.94
620893,1643,31472,163,95634,35.00,-7.23,-4.90
620915,1737,31472,151,95598,35.00,-7.23,-4.86
620958,1765,31472,141,95831,35.00,-7.22,-4.87
620980,1839,31472,133,95922,35.00,-7.21,-4.90
621707,1816,32240,134,95954,35.21,-7.19,-4.86
621740,1529,32240,167,95695,35.00,-7.21,-4.90
621762,1695,31472,125,95762,35.00,-7.19,-4.88
621784,1611,32240,139,95811,35.00,-7.19,-4.87
621806,1481,32240,149,95831,35.00,-7.19,-4.89
621828,1349,32240,152,95873,35.00,-7.22,-4.91
621850,1429,32240,159,95944,35.00,-7.19,-4.91
621872,1662,32240,159,96034,35.00,-7.22,-4.92
621894,1877,32240,157,96079,35.00,-7.21,-4.88
621916,1913,32240,139,96141,35.00,-7.22,-4.88
621938,1844,32240,125,96231,35.00,-7.22,-4.90
621980,1724,32240,119,96447,35.00,-7.18,-4.91
622726,1770,32240,136,96494,34.99,-7.23,-4.89
622762,1577,32240,165,96963,35.00,-7.22,-4.89
622784,1639,32240,149,97043,35.00,-7.24,-4.91
622806,1701,32240,163,97150,35.00,-7.20,-4.86
622828,1775,32240,167,97237,35.00,-7.26,-4.90
622850,1799,32240,163,97331,35.00,-7.24,-4.92
622872,1756,32240,155,97397,35.00,-7.23,-4.90
622894,1833,32240,153,97474,35.00,-7.22,-4.91
622916,1951,32240,135,97557,35.00,-7.21,-4.89
622938,2009,32240,137,97668,35.00,-7.21,-4.91
622960,1977,32240,135,97775,35.00,-7.21,-4.90
622982,1903,32240,151,97872,35.00,-7.21,-4.87
623023,1831,32240,159,97843,35.00,-7.22,-4.90
623045,1890,32240,169,97494,35.00,-7.25,-4.88
623067,1611,32240,165,96988,35.00,-7.19,-4.84
623089,1599,32240,169,96534,35.00,-7.22,-4.87
623111,1659,32240,155,96228,35.00,-7.19,-4.89
623133,1801,32240,151,96008,35.00,-7.22,-4.92
623155,1927,32240,146,95822,35.00,-7.20,-4.93
623177,1946,32240,137,95669,35.00,-7.23,-4.87
623199,1815,32752,126,95578,35.00,-7.23,-4.89
623221,1717,32752,135,95553,35.00,-7.22,-4.87
623263,1720,32752,145,95894,35.00,-7.22,-4.91
623285,1627,32240,159,95959,35.00,-7.20,-4.91
623307,1627,32752,165,95993,35.00,-7.20,-4.87
623329,1734,32752,173,96036,35.00,-7.19,-4.87
623351,1845,32752,158,96100,35.00,-7.23,-4.92
623373,1913,32752,152,96178,35.00,-7.20,-4.91
623395,1971,32752,133,96230,35.00,-7.23,-4.91
623417,1951,32752,131,96297,35.00,-7.20,-4.85
623439,2007,32752,133,96372,35.00,-7.24,-4.88
623461,1961,32752,143,96465,35.00,-7.20,-4.86
623483,1860,32752,143,96556,35.00,-7.19,-4.90
623524,1845,32752,163,96700,35.00,-7.20,-4.90
623546,1901,32240,165,96710,35.00,-7.23,-4.87
623568,1116,32240,147,96724,35.00,-7.23,-4.93
623590,1459,32240,154,96766,35.00,-7.20,-4.87
623612,1291,32240,134,96799,35.00,-7.19,-4.87
623634,1085,32752,120,96830,35.00,-7.21,-4.89
623656,1261,32752,116,96869,35.00,-7.21,-4.86
623678,1635,32240,123,96890,35.00,-7.21,-4.89
623700,1933,32752,141,96900,35.00,-7.19,-4.90
623722,2107,32240,147,96908,35.00,-7.22,-4.88
623765,1881,32240,155,96681,35.00,-7.23,-4.92
623787,1180,31472,149,96410,35.00,-7.19,-4.93
623809,1292,32240,149,95972,35.00,-7.23,-4.90
623831,1403,32240,147,95535,35.00,-7.22,-4.86
623853,1747,32240,141,95231,35.00,-7.23,-4.89
623875,1757,32240,124,95020,35.00,-7.23,-4.89
623897,1891,32240,121,94892,35.00,-7.18,-4.95
623919,1821,32240,123,94814,35.00,-7.23,-4.93
623941,1759,32240,137,94768,35.00,-7.24,-4.89
623963,1677,32240,136,94787,35.00,-7.20,-4.91
624510,1677,32240,149,95158,35.04,-7.19,-4.90
624547,3965,31472,537,96856,35.00,-7.21,-4.87
624569,3951,31472,509,96370,35.00,-7.21,-4.94
624591,3947,31472,495,95994,35.00,-7.25,-4.89
624613,3948,32240,511,95746,35.00,-7.19,-4.88
624635,3957,32240,484,95563,35.00,-7.24,-4.88
624657,3955,32240,405,95425,35.00,-7.22,-4.86
624679,3919,32240,380,95337,35.00,-7.23,-4.90
624701,3144,32240,343,95311,35.00,-7.17,-4.92
624723,2681,32240,312,95321,35.00,-7.21,-4.91
624745,2275,32240,295,95413,35.00,-7.20,-4.90
624787,1823,32240,251,95703,35.00,-7.17,-4.91
624809,987,32752,197,95718,35.00,-7.22,-4.87
624831,667,32752,160,95759,35.00,-7.25,-4.94
624853,441,32752,133,95794,35.00,-7.22,-4.91
624875,357,32752,109,95847,35.00,-7.19,-4.88
624897,4,32752,93,95898,35.00,-7.22,-4.89
624919,0,32752,93,95992,35.00,-7.18,-4.86
624941,0,32752,94,96087,35.00,-7.23,-4.90
624963,0,32752,101,96182,35.00,-7.20,-4.91
624985,0,32240,109,96280,35.00,-7.19,-4.94
625529,0,32240,103,96370,35.05,-7.23,-4.85
625569,2429,32240,157,96019,35.00,-7.20,-4.90
625591,3003,31472,189,96095,35.00,-7.22,-4.90
625613,3261,32240,185,96166,35.00,-7.24,-4.91
625635,3377,32240,187,96230,35.00,-7.21,-4.88
625657,3247,32240,179,96300,35.00,-7.19,-4.90
625679,2876,32240,167,96367,35.00,-7.21,-4.92
625701,2571,31472,169,96479,35.00,-7.25,-4.92
625723,2440,31472,174,96578,35.00,-7.22,-4.89
625745,2196,31472,153,96667,35.00,-7.22,-4.87
625767,2215,31472,155,96738,35.00,-7.18,-4.91
625789,2039,31472,143,96843,35.00,-7.23,-4.92
625830,2315,31472,135,97182,35.00,-7.24,-4.92
625852,2173,31472,119,97315,35.00,-7.19,-4.91
625874,2091,31472,106,97434,35.00,-7.20,-4.85
625896,1577,31472,77,97520,35.00,-7.26,-4.92
625918,1469,31472,87,97588,35.00,-7.17,-4.92
625940,1227,31472,91,97637,35.00,-7.23,-4.90
625962,1066,31472,103,97698,35.00,-7.21,-4.90
625984,939,31472,102,97788,35.00,-7.20,-4.85
626548,937,31472,101,97870,35.14,-7.19,-4.87
626578,0,31472,20,96886,35.00,-7.19,-4.90
626600,2167,31472,119,96974,35.00,-7.20,-4.89
626622,3916,31472,234,97022,35.00,-7.25,-4.86
626644,3959,30960,275,97080,35.00,-7.19,-4.94
626666,3951,31472,278,97144,35.00,-7.21,-4.90
626688,3957,30960,265,97186,35.00,-7.20,-4.88
626710,3963,31472,265,97240,35.00,-7.21,-4.89
626752,3955,31472,261,97132,35.00,-7.19,-4.90
626774,3951,31472,235,96750,35.00,-7.23,-4.89
626796,3973,31472,223,96283,35.00,-7.24,-4.89
626818,3955,31472,231,95925,35.00,-7.24,-4.91
626840,3951,31472,235,95723,35.00,-7.22,-4.85
626862,3954,31472,247,95595,35.00,-7.21,-4.87
626884,3963,31472,249,95498,35.00,-7.21,-4.88
626906,3956,31472,247,95436,35.00,-7.21,-4.90
626928,3945,31472,229,95410,35.00,-7.22,-4.86
626950,3930,31472,220,95455,35.00,-7.20,-4.91
626993,3917,31472,203,95797,35.00,-7.24,-4.92
627568,3251,31472,186,95878,34.71,-7.21,-4.91
627598,1317,31472,143,95224,35.00,-7.23,-4.90
627620,1358,31472,155,95169,35.00,-7.19,-4.91
627642,1319,31472,167,95133,35.00,-7.21,-4.87
627664,989,31472,169,95145,35.00,-7.22,-4.90
627686,1238,31472,167,95227,35.00,-7.24,-4.89
627708,1236,31472,152,95350,35.00,-7.21,-4.91
627730,1158,31472,137,95466,35.00,-7.20,-4.92
627752,1085,31472,136,95548,35.00,-7.27,-4.89
627795,1239,31472,135,95636,35.00,-7.22,-4.90
627817,983,31472,138,95699,35.00,-7.19,-4.92
627839,1032,32240,171,95778,35.00,-7.19,-4.90
627861,1199,31472,167,95837,35.00,-7.20,-4.90
627883,1515,31472,181,95912,35.00,-7.22,-4.90
627905,1849,31472,201,96001,35.00,-7.19,-4.89
627927,1944,31472,185,96103,35.00,-7.24,-4.91
627949,1830,31472,169,96198,35.00,-7.22,-4.91
627971,1772,32240,163,96318,35.00,-7.20,-4.88
627993,1783,32240,163,96422,35.00,-7.23,-4.88
628035,1817,32240,163,96629,35.00,-7.22,-4.92
628057,1917,32240,157,96674,35.00,-7.22,-4.91
628079,1683,32240,159,96720,35.00,-7.21,-4.87
628101,1447,32240,163,96782,35.00,-7.20,-4.85
628123,1357,32240,181,96867,35.00,-7.23,-4.88
628145,1660,32240,197,96971,35.00,-7.20,-4.88
628167,1831,32240,181,97058,35.00,-7.23,-4.90
628189,1937,32240,158,97124,35.00,-7.23,-4.89
628211,2039,32240,159,97143,35.00,-7.20,-4.89
628233,2095,32240,154,96975,35.00,-7.24,-4.87
628255,1914,32240,139,96582,35.00,-7.23,-4.91
628296,1827,32240,156,95550,35.00,-7.21,-4.87
628318,1823,32240,153,95420,35.00,-7.21,-4.87
628340,1834,32240,163,95299,35.00,-7.20,-4.91
628362,1723,32240,164,95219,35.00,-7.22,-4.91
628384,1404,32240,162,95193,35.00,-7.18,-4.91
628406,1685,32240,175,95238,35.00,-7.21,-4.91
628428,1719,32240,158,95388,35.00,-7.19,-4.87
628450,1640,32240,123,95561,35.00,-7.19,-4.88
628472,1563,32240,103,95694,35.00,-7.23,-4.90
628494,1260,32240,74,95793,35.00,-7.19,-4.86
628537,761,32240,63,96007,35.00,-7.19,-4.88
628559,441,32240,78,96079,35.00,-7.22,-4.88
628581,531,32240,148,96160,35.00,-7.22,-4.86
628603,1083,32240,187,96261,35.00,-7.19,-4.91
628625,1678,32240,205,96355,35.00,-7.22,-4.90
628647,2141,32240,203,96429,35.00,-7.21,-4.90
628669,2397,32240,182,96537,35.00,-7.23,-4.91
628691,2239,32240,123,96660,35.00,-7.23,-4.89
628713,1493,32752,74,96729,35.00,-7.21,-4.93
628735,1053,32752,43,96808,35.00,-7.21,-4.90
628777,89,32752,63,97064,35.00,-7.22,-4.88
628799,845,32752,115,97114,35.00,-7.23,-4.91
628821,983,32752,91,97198,35.00,-7.23,-4.90
628843,571,32752,76,97327,35.00,-7.24,-4.88
628865,351,32752,71,97440,35.00,-7.22,-4.91
628887,855,32752,73,97541,35.00,-7.23,-4.89
628909,1162,32752,71,97634,35.00,-7.18,-4.91
628931,1266,32752,75,97694,35.00,-7.24,-4.88
628953,1251,32752,63,97620,35.00,-7.24,-4.89
628975,984,32240,55,97303,35.00,-7.22,-4.89
628997,649,32752,53,96817,35.00,-7.20,-4.94
629038,377,32752,52,95958,35.00,-7.24,-4.91
629060,0,32240,23,95865,35.00,-7.20,-4.89
629082,0,32240,36,95766,35.00,-7.24,-4.90
629104,0,32240,149,95690,35.00,-7.22,-4.90
629126,2700,32240,269,95702,35.00,-7.19,-4.87
629148,3926,31472,252,95780,35.00,-7.20,-4.90
629170,3940,32240,229,95890,35.00,-7.24,-4.92
629192,3964,32240,222,95955,35.00,-7.24,-4.88
629214,3947,32240,227,95992,35.00,-7.20,-4.90
629236,3928,32240,230,96038,35.00,-7.23,-4.90
629278,3915,32240,250,96174,35.00,-7.23,-4.91
629300,3933,32240,283,96231,35.00,-7.21,-4.88
629322,3931,32240,295,96300,35.00,-7.22,-4.86
629344,3933,32240,295,96385,35.00,-7.20,-4.89
629366,3945,31472,278,96497,35.00,-7.23,-4.90
629388,3948,32240,250,96618,35.00,-7.19,-4.86
629410,3939,32240,229,96700,35.00,-7.22,-4.90
629432,3915,32240,219,96780,35.00,-7.25,-4.90
629454,3487,32240,233,96885,35.00,-7.19,-4.89
629476,3455,31472,275,96991,35.00,-7.18,-4.89
629498,3609,31472,315,97055,35.00,-7.21,-4.92
629539,3913,32240,349,97279,35.00,-7.23,-4.89
629561,3927,31472,306,97369,35.00,-7.23,-4.86
629583,3397,31472,261,97453,35.00,-7.19,-4.87
629605,2402,32240,205,97538,35.00,-7.21,-4.90
629627,2163,32240,179,97621,35.00,-7.18,-4.88
629649,2095,32240,159,97666,35.00,-7.18,-4.89
629671,1899,31472,163,97618,35.00,-7.19,-4.90
629693,1717,31472,159,97340,35.00,-7.22,-4.88
629715,1365,32240,156,96899,35.00,-7.18,-4.88
629737,1309,31472,163,96473,35.00,-7.19,-4.90
629780,1224,32240,186,95838,35.00,-7.21,-4.90
629802,1059,31472,199,95753,35.00,-7.21,-4.90
629824,1273,32240,190,95699,35.00,-7.25,-4.90
629846,1359,31472,174,95697,35.00,-7.19,-4.91
629868,1197,31472,155,95775,35.00,-7.24,-4.91
629890,923,31472,151,95900,35.00,-7.20,-4.91
629912,1093,31472,137,96029,35.00,-7.21,-4.87
629934,1197,31472,137,96115,35.00,-7.24,-4.88
629956,1111,31472,146,96174,35.00,-7.22,-4.92
629978,927,31472,141,96223,35.00,-7.19,-4.94
630020,803,32240,152,96437,35.00,-7.20,-4.90
630042,1114,31472,171,96476,35.00,-7.25,-4.92
630064,1207,31472,173,96541,35.00,-7.19,-4.88
630086,1143,31472,156,96665,35.00,-7.26,-4.89
630108,1243,31472,146,96803,35.00,-7.20,-4.87
630130,1397,31472,137,96918,35.00,-7.23,-4.88
630152,1525,31472,133,97002,35.00,-7.19,-4.86
630174,1574,31472,147,97095,35.00,-7.23,-4.90
630196,1520,31472,159,97191,35.00,-7.20,-4.88
630218,1275,31472,168,97300,35.00,-7.23,-4.91
630240,1287,31472,171,97411,35.00,-7.22,-4.88
630281,1341,31472,169,97632,35.00,-7.22,-4.87
630303,1652,31472,173,97713,35.00,-7.19,-4.91
630325,1381,31472,133,97811,35.00,-7.22,-4.92
630347,1277,31472,103,97875,35.00,-7.23,-4.88
630369,1203,31472,99,97922,35.00,-7.21,-4.84
630391,1096,31472,97,97935,35.00,-7.20,-4.86
630413,1289,31472,110,97796,35.00,-7.19,-4.88
630435,1445,31472,139,97411,35.00,-7.20,-4.93
630457,1511,30960,150,96908,35.00,-7.21,-4.92
630479,1497,30960,166,96488,35.00,-7.21,-4.87
630522,1679,30960,181,95883,35.00,-7.20,-4.89
630544,2986,30576,315,95753,35.00,-7.19,-4.93
630566,3918,30960,366,95697,35.00,-7.19,-4.90
630588,3935,30960,299,95732,35.00,-7.20,-4.92
630610,3049,30960,211,95838,35.00,-7.21,-4.91
630632,2566,30960,175,95937,35.00,-7.23,-4.88
630654,2300,30960,166,96026,35.00,-7.25,-4.88
630676,1971,30960,170,96092,35.00,-7.24,-4.89
630698,1737,30960,175,96145,35.00,-7.15,-4.90
630720,1749,31472,186,96190,35.00,-7.23,-4.89
630762,1908,31472,205,96396,35.00,-7.21,-4.86
630784,2003,31472,203,96481,35.00,-7.20,-4.93
630806,1836,31472,175,96570,35.00,-7.22,-4.87
630828,1689,31472,149,96664,35.00,-7.24,-4.91
630850,1693,31472,143,96750,35.00,-7.20,-4.88
630872,1739,31472,147,96831,35.00,-7.19,-4.90
630894,1779,31472,158,96936,35.00,-7.18,-4.88
630916,1605,31472,168,97052,35.00,-7.22,-4.92
630938,1523,31472,185,97172,35.00,-7.20,-4.92
630960,1581,31472,181,97287,35.00,-7.22,-4.90
631389,1673,31472,173,97683,35.60,-7.20,-4.88
631424,1608,30960,135,96510,35.00,-7.19,-4.91
631446,1951,30960,156,96629,35.00,-7.20,-4.89
631468,1957,31472,142,96741,35.00,-7.23,-4.89
631490,1949,31472,139,96791,35.00,-7.20,-4.91
631512,1909,31472,145,96841,35.00,-7.20,-4.89
631534,1789,31472,153,96928,35.00,-7.20,-4.88
631556,1788,31472,165,97029,35.00,-7.19,-4.91
631578,1873,31472,179,97131,35.00,-7.24,-4.88
631600,2013,31472,185,97199,35.00,-7.20,-4.88
631622,1929,30960,180,97278,35.00,-7.22,-4.91
631664,1805,30960,160,97548,35.00,-7.21,-4.93
631686,1942,30960,151,97585,35.00,-7.22,-4.92
631708,2025,30960,147,97633,35.00,-7.20,-4.92
631730,2077,30960,140,97692,35.00,-7.24,-4.88
631752,1997,30960,148,97756,35.00,-7.23,-4.88
631774,1979,30960,158,97783,35.00,-7.20,-4.91
631796,1662,31472,159,97817,35.00,-7.21,-4.88
631818,1403,30960,167,97856,35.00,-7.20,-4.86
631840,1583,30960,173,97766,35.00,-7.22,-4.91
631862,1657,30960,159,97402,35.00,-7.24,-4.90
631884,1635,30960,147,96877,35.00,-7.19,-4.90
631925,1839,31472,138,95813,35.00,-7.20,-4.90
631947,1485,31472,121,95630,35.00,-7.20,-4.89
631969,1464,31472,124,95484,35.00,-7.21,-4.87
631991,1574,31472,123,95390,35.00,-7.22,-4.90
632408,1607,31472,136,95340,36.01,-7.26,-4.91
632446,2251,32240,141,96205,35.00,-7.21,-4.85
632468,1449,31472,125,96266,35.00,-7.21,-4.87
632490,1250,31472,117,96302,35.00,-7.23,-4.90
632512,1733,31472,139,96342,35.00,-7.20,-4.94
632534,1855,31472,143,96297,35.00,-7.24,-4.91
632556,1983,32240,165,96021,35.00,-7.24,-4.94
632578,2039,32240,173,95532,35.00,-7.23,-4.84
632600,2087,31472,181,95045,35.00,-7.22,-4.92
632622,1829,31472,166,94761,35.00,-7.19,-4.95
632644,1396,31472,147,94590,35.00,-7.19,-4.90
632666,1405,31472,139,94504,35.00,-7.22,-4.90
632707,1721,31472,147,94375,35.00,-7.19,-4.90
632729,2101,31472,149,94422,35.00,-7.24,-4.91
632751,1623,31472,141,94557,35.00,-7.21,-4.92
632773,1673,31472,157,94718,35.00,-7.21,-4.87
632795,1789,31472,169,94854,35.00,-7.21,-4.90
632817,1767,31472,181,94967,35.00,-7.22,-4.87
632839,1769,30960,179,95093,35.00,-7.20,-4.90
632861,2010,31472,172,95199,35.00,-7.18,-4.90
632883,2479,30960,178,95311,35.00,-7.23,-4.86
632905,2615,30960,155,95425,35.00,-7.24,-4.91
632948,2040,31472,135,95697,35.00,-7.18,-4.92
632970,701,30960,117,95806,35.00,-7.21,-4.84
632992,1787,31472,159,95912,35.00,-7.18,-4.88
633427,1895,31472,171,96059,35.25,-7.20,-4.86
633469,1627,30576,127,96697,35.00,-7.23,-4.87
633491,1752,30064,133,96893,35.00,-7.20,-4.91
633513,2023,30064,152,97026,35.00,-7.19,-4.91
633535,2569,30064,173,97159,35.00,-7.20,-4.89
633557,2245,30064,173,97289,35.00,-7.24,-4.89
633579,1736,29296,179,97424,35.00,-7.21,-4.88
633601,1941,29296,171,97575,35.00,-7.20,-4.92
633623,1896,29296,156,97741,35.00,-7.23,-4.85
633645,1881,29296,149,97921,35.00,-7.19,-4.86
633667,1683,29296,145,98121,35.00,-7.24,-4.93
633710,1845,30064,141,98689,35.00,-7.22,-4.90
633732,2063,29296,151,98874,35.00,-7.20,-4.87
633754,1803,29296,156,99069,35.00,-7.20,-4.89
633776,1546,29296,169,99245,35.00,-7.20,-4.87
633798,1577,29296,165,99406,35.00,-7.19,-4.90
633820,1583,30064,153,99583,35.00,-7.19,-4.91
633842,1647,30064,140,99756,35.00,-7.20,-4.94
633864,1604,30064,125,99966,35.00,-7.24,-4.91
633886,1695,30064,117,99966,35.00,-7.19,-4.87
633908,1636,30576,111,99966,35.00,-7.26,-4.87
633950,1507,30576,120,99966,35.00,-7.22,-4.89
633972,2009,30576,149,99966,35.00,-7.20,-4.88
633994,1934,30576,165,99966,35.00,-7.21,-4.87
634702,2024,30576,191,99650,34.95,-7.17,-4.86
634732,1823,30576,155,99650,35.00,-7.18,-4.90
634754,1554,30576,173,99650,35.00,-7.22,-4.91
634776,1467,30576,176,99929,35.00,-7.24,-4.89
634798,1403,30576,168,99824,35.00,-7.19,-4.87
634820,1426,30576,154,99795,35.00,-7.20,-4.84
634842,1481,30576,141,99841,35.00,-7.24,-4.90
634864,1508,30576,125,99988,35.00,-7.20,-4.86
634886,1342,30576,127,99988,35.00,-7.23,-4.87
634908,1358,30576,125,99988,35.00,-7.22,-4.88
634930,1383,30576,125,99988,35.00,-7.21,-4.95
634952,1451,30960,137,99988,35.00,-7.20,-4.90
634993,1419,30960,154,99988,35.00,-7.22,-4.88
635721,1223,30960,147,99988,35.12,-7.23,-4.91
635755,2521,32240,152,99969,35.00,-7.20,-4.87
635777,2333,32240,175,99969,35.00,-7.22,-4.91
635799,2377,32240,157,99969,35.00,-7.19,-4.91
635821,2367,32240,143,99969,35.00,-7.22,-4.92
635843,2261,32240,125,99969,35.00,-7.25,-4.90
635865,2167,32240,127,99969,35.00,-7.20,-4.90
635887,2217,32240,137,99969,35.00,-7.19,-4.89
635909,2233,32240,149,99969,35.00,-7.22,-4.89
635931,2283,32240,167,99969,35.00,-7.22,-4.89
635953,2345,32240,182,99969,35.00,-7.20,-4.89
635995,2283,32240,175,99969,35.00,-7.24,-4.90
636741,2493,32240,200,99969,35.29,-7.24,-4.89
636777,1191,31472,124,97866,35.00,-7.17,-4.89
636799,1240,31472,135,97641,35.00,-7.16,-4.88
636821,941,30960,121,97439,35.00,-7.20,-4.91
636843,935,30960,111,97278,35.00,-7.25,-4.90
636865,1125,30960,108,97217,35.00,-7.21,-4.95
636887,1453,30960,117,97280,35.00,-7.20,-4.89
636909,1399,30960,123,97406,35.00,-7.24,-4.91
636931,1381,30576,138,97519,35.00,-7.20,-4.88
636953,1577,30576,151,97551,35.00,-7.22,-4.90
636975,1273,30576,151,97548,35.00,-7.24,-4.89
636997,1342,30576,142,97548,35.00,-7.22,-4.86
637038,1175,30576,125,97688,35.00,-7.18,-4.91
637060,1405,30064,133,97766,35.00,-7.23,-4.88
637082,1804,30576,122,97813,35.00,-7.23,-4.92
637104,2027,30576,125,97878,35.00,-7.23,-4.87
637126,1943,30576,121,97958,35.00,-7.23,-4.90
637148,1675,30576,121,98069,35.00,-7.25,-4.90
637170,1437,30576,137,98166,35.00,-7.23,-4.89
637192,1657,30576,157,98248,35.00,-7.21,-4.91
637214,2021,30576,171,98359,35.00,-7.22,-4.92
637236,2139,30576,174,98473,35.00,-7.23,-4.89
637279,2058,30576,165,98800,35.00,-7.23,-4.89
637301,1965,30576,142,98913,35.00,-7.21,-4.93
637323,2105,30960,141,99024,35.00,-7.23,-4.87
637345,2311,30960,145,99098,35.00,-7.21,-4.88
637367,2226,30960,143,99098,35.00,-7.18,-4.85
637389,2328,30960,163,98878,35.00,-7.17,-4.89
637411,2279,30576,167,98410,35.00,-7.16,-4.90
637433,2079,30576,175,97862,35.00,-7.26,-4.88
637455,1981,30576,181,97413,35.00,-7.17,-4.91
637477,2019,30576,183,97061,35.00,-7.21,-4.86
637519,2127,30576,172,96439,35.00,-7.24,-4.91
637541,2253,30960,160,96372,35.00,-7.22,-4.92
637563,2107,30960,149,96380,35.00,-7.25,-4.89
637585,2041,30960,147,96434,35.00,-7.19,-4.88
637607,2025,30960,151,96553,35.00,-7.22,-4.89
637629,1687,30960,155,96678,35.00,-7.22,-4.94
637651,1619,30960,174,96786,35.00,-7.21,-4.90
637673,1759,30960,181,96857,35.00,-7.21,-4.89
637695,1883,30960,181,96911,35.00,-7.21,-4.86
637717,1861,30960,171,96990,35.00,-7.22,-4.94
637760,2007,30960,163,97217,35.00,-7.22,-4.86
637782,1733,30576,136,97317,35.00,-7.20,-4.89
637804,1876,30960,139,97419,35.00,-7.21,-4.89
637826,2013,30960,139,97515,35.00,-7.20,-4.89
637848,1853,30960,145,97612,35.00,-7.19,-4.88
637870,1561,30960,147,97703,35.00,-7.19,-4.88
637892,1403,30960,164,97794,35.00,-7.20,-4.91
637914,1533,30960,167,97894,35.00,-7.21,-4.87
637936,1713,30960,165,98006,35.00,-7.18,-4.91
637958,1656,30960,151,98098,35.00,-7.23,-4.93
638524,1549,30960,140,98428,35.33,-7.20,-4.89
638562,1844,30576,143,97926,35.00,-7.23,-4.91
638584,1957,30576,141,98040,35.00,-7.20,-4.92
638606,1845,30576,143,98152,35.00,-7.23,-4.90
638628,1499,30576,150,98271,35.00,-7.24,-4.90
638650,1300,30960,157,98354,35.00,-7.17,-4.91
638672,1563,30960,174,98445,35.00,-7.21,-4.90
638694,1803,30960,175,98560,35.00,-7.26,-4.89
638716,1911,30960,169,98685,35.00,-7.21,-4.88
638738,2133,30960,164,98796,35.00,-7.23,-4.90
638760,2150,30960,149,98910,35.00,-7.20,-4.89
638802,2069,30960,139,99217,35.00,-7.21,-4.91
638824,1675,30960,133,99232,35.00,-7.21,-4.89
638846,1917,31472,139,99052,35.00,-7.21,-4.91
638868,2008,31472,155,98612,35.00,-7.21,-4.88
638890,1855,30960,159,98081,35.00,-7.21,-4.88
638912,1735,30960,166,97648,35.00,-7.20,-4.90
638934,1761,30960,171,97361,35.00,-7.22,-4.91
638956,1615,31472,159,97126,35.00,-7.21,-4.90
638978,1656,30960,159,96917,35.00,-7.20,-4.91
639544,1711,30960,145,96762,34.87,-7.19,-4.86
639584,1640,31472,132,99455,35.00,-7.24,-4.89
639606,1912,31472,149,99327,35.00,-7.24,-4.91
639628,1765,31472,164,98944,35.00,-7.25,-4.92
639650,1919,31472,181,98402,35.00,-7.21,-4.88
639672,2043,30960,175,97931,35.00,-7.26,-4.90
639694,2009,30960,169,97584,35.00,-7.24,-4.91
639716,1911,30960,153,97333,35.00,-7.22,-4.90
639738,1942,31472,139,97119,35.00,-7.22,-4.96
639760,1701,31472,124,96964,35.00,-7.17,-4.89
639782,1620,30960,117,96876,35.00,-7.19,-4.90
639825,1448,31472,109,97086,35.00,-7.22,-4.89
639847,1451,30960,147,97204,35.00,-7.19,-4.92
639869,1673,31472,169,97271,35.00,-7.23,-4.89
639891,1661,30960,179,97298,35.00,-7.21,-4.89
639913,1967,30960,191,97330,35.00,-7.20,-4.89
639935,2125,30960,199,97386,35.00,-7.24,-4.89
639957,2341,31472,191,97435,35.00,-7.22,-4.88
639979,2494,31472,181,97502,35.00,-7.22,-4.92
640563,2489,31472,179,97579,35.18,-7.22,-4.88
640594,1724,30960,140,96774,35.00,-7.24,-4.90
640616,1588,30960,151,96931,35.00,-7.23,-4.89
640638,1629,30960,143,97030,35.00,-7.21,-4.88
640660,1695,30960,125,97099,35.00,-7.18,-4.94
640682,1687,30960,121,97166,35.00,-7.23,-4.93
640704,1693,30960,134,97232,35.00,-7.21,-4.90
640726,1721,30960,138,97315,35.00,-7.18,-4.90
640767,1656,30960,152,97584,35.00,-7.21,-4.90
640789,1658,30960,159,97699,35.00,-7.18,-4.92
640811,1630,30960,165,97814,35.00,-7.23,-4.90
640833,1669,31472,169,97923,35.00,-7.22,-4.90
640855,1671,30960,159,98019,35.00,-7.23,-4.90
640877,1687,30960,142,98119,35.00,-7.24,-4.90
640899,1591,30960,120,98218,35.00,-7.23,-4.90
640921,1749,30960,119,98324,35.00,-7.22,-4.91
640943,1782,31472,121,98419,35.00,-7.20,-4.88
640965,1881,30960,140,98508,35.00,-7.23,-4.93
641583,1776,30960,152,98811,34.67,-7.19,-4.91
641614,2229,30960,152,98186,35.00,-7.24,-4.87
641636,1903,30960,137,98261,35.00,-7.24,-4.90
641658,1830,31472,121,98361,35.00,-7.20,-4.87
641680,1951,31472,133,98453,35.00,-7.24,-4.90
641702,2079,31472,141,98518,35.00,-7.23,-4.92
641724,2351,30960,167,98592,35.00,-7.18,-4.88
641746,2598,30960,206,98683,35.00,-7.23,-4.90
641768,2789,30960,280,98766,35.00,-7.21,-4.88
641810,3253,30960,296,99010,35.00,-7.19,-4.89
641832,2773,30960,230,99104,35.00,-7.24,-4.88
641854,2487,30960,216,99209,35.00,-7.22,-4.88
641876,2163,31472,200,99318,35.00,-7.24,-4.92
641898,2059,31472,170,99435,35.00,-7.18,-4.89
641920,2023,31472,165,99527,35.00,-7.22,-4.86
641942,1998,31472,155,99479,35.00,-7.21,-4.88
641964,1824,31472,169,99191,35.00,-7.18,-4.91
641986,1609,31472,167,98648,35.00,-7.21,-4.87
642348,1445,31472,181,98079,35.22,-7.21,-4.85
642376,1696,31472,163,96691,35.00,-7.24,-4.87
642398,1690,31472,122,96788,35.00,-7.22,-4.90
642420,1579,32240,120,96889,35.00,-7.24,-4.93
642442,1548,32240,120,96978,35.00,-7.19,-4.95
642464,1779,32240,143,97041,35.00,-7.20,-4.91
642486,1802,32240,154,97090,35.00,-7.21,-4.89
642508,1689,32240,165,97100,35.00,-7.25,-4.87
642530,1671,32240,171,97092,35.00,-7.25,-4.87
642571,1853,32240,167,97045,35.00,-7.22,-4.85
642593,2107,32240,164,97096,35.00,-7.19,-4.92
642615,2089,32240,151,97195,35.00,-7.21,-4.88
642637,2001,32240,136,97303,35.00,-7.19,-4.90
642659,1835,32240,121,97367,35.00,-7.23,-4.89
642681,1707,32240,117,97424,35.00,-7.21,-4.89
642703,1685,32240,125,97507,35.00,-7.25,-4.89
642725,1509,32240,121,97533,35.00,-7.21,-4.89
642747,1379,32240,141,97347,35.00,-7.18,-4.93
642769,1367,32240,151,96909,35.00,-7.20,-4.89
642791,1463,32240,149,96409,35.00,-7.22,-4.88
642832,1657,32240,141,95630,35.00,-7.21,-4.91
642854,1693,32240,147,95506,35.00,-7.22,-4.90
642876,1685,32240,138,95432,35.00,-7.23,-4.88
642898,1679,32240,121,95429,35.00,-7.19,-4.86
642920,1741,32240,121,95496,35.00,-7.22,-4.87
642942,1757,32240,124,95652,35.00,-7.25,-4.89
642964,1705,32240,133,95842,35.00,-7.21,-4.87
642986,1532,32240,142,95976,35.00,-7.20,-4.87
643367,1403,32240,149,96070,35.70,-7.22,-4.93
643395,1709,31472,167,98087,35.00,-7.21,-4.89
643417,1934,31472,139,98151,35.00,-7.20,-4.89
643439,1784,31472,135,98239,35.00,-7.22,-4.89
643461,1771,30960,133,98259,35.00,-7.21,-4.87
643483,1721,31472,141,98221,35.00,-7.24,-4.91
643505,1659,31472,151,98093,35.00,-7.22,-4.90
643527,1695,31472,167,97768,35.00,-7.21,-4.91
643549,1791,31472,173,97266,35.00,-7.20,-4.90
643571,1807,30960,171,96767,35.00,-7.21,-4.89
643593,1755,31472,157,96404,35.00,-7.22,-4.90
643634,1797,31472,151,95872,35.00,-7.24,-4.89
643656,1983,30960,148,95814,35.00,-7.22,-4.87
643678,2079,31472,147,95810,35.00,-7.17,-4.89
643700,2020,31472,142,95860,35.00,-7.24,-4.89
643722,1879,30960,148,95970,35.00,-7.24,-4.88
643744,1851,30960,153,96084,35.00,-7.21,-4.88
643766,2103,30960,175,96169,35.00,-7.21,-4.89
643788,1723,30960,169,96238,35.00,-7.19,-4.91
643810,1691,30960,171,96286,35.00,-7.22,-4.85
643832,1747,30960,167,96319,35.00,-7.22,-4.83
643875,1751,30960,153,96503,35.00,-7.24,-4.90
643897,1747,30960,137,96587,35.00,-7.24,-4.91
643919,1787,30960,135,96714,35.00,-7.25,-4.87
643941,1689,30960,139,96828,35.00,-7.23,-4.86
643963,1571,30960,142,96937,35.00,-7.26,-4.90
643985,1635,30960,154,97041,35.00,-7.25,-4.85
644386,1677,30960,157,97156,35.46,-7.21,-4.89
644416,3492,30576,229,95612,35.00,-7.20,-4.90
644438,3337,30576,189,95630,35.00,-7.21,-4.93
644460,2383,30960,165,95733,35.00,-7.23,-4.88
644482,2069,30576,165,95891,35.00,-7.20,-4.89
644504,2165,30576,165,95998,35.00,-7.22,-4.89
644526,1818,30576,167,96057,35.00,-7.18,-4.94
644548,1527,30576,158,96098,35.00,-7.20,-4.91
644570,1527,30576,155,96162,35.00,-7.24,-4.88
644592,1852,30576,155,96226,35.00,-7.18,-4.88
644614,2072,30576,152,96305,35.00,-7.23,-4.91
644657,1977,30576,137,96620,35.00,-7.19,-4.91
644679,1753,30576,120,96713,35.00,-7.26,-4.90
644701,1757,30576,135,96813,35.00,-7.21,-4.85
644723,1708,30960,141,96897,35.00,-7.18,-4.88
644745,1643,30960,153,97015,35.00,-7.24,-4.92
644767,1638,30576,163,97139,35.00,-7.18,-4.89
644789,1621,30576,167,97244,35.00,-7.22,-4.85
644811,1594,30960,155,97332,35.00,-7.19,-4.92
644833,1708,30576,147,97443,35.00,-7.22,-4.87
644855,1799,30960,134,97575,35.00,-7.21,-4.90
644897,1817,30576,133,97946,35.00,-7.22,-4.86
644919,1869,30576,127,98046,35.00,-7.23,-4.85
644941,1800,30576,141,98205,35.00,-7.22,-4.88
644963,1631,30576,147,98359,35.00,-7.17,-4.90
644985,1531,30576,163,98476,35.00,-7.22,-4.90
645406,1573,30576,168,98405,35.80,-7.23,-4.91
645439,1755,30576,171,97551,35.00,-7.24,-4.87
645461,1801,30576,139,97659,35.00,-7.23,-4.88
645483,1625,30576,146,97753,35.00,-7.23,-4.94
645505,1566,30576,159,97848,35.00,-7.19,-4.87
645527,1545,30576,159,97933,35.00,-7.20,-4.87
645549,2065,30576,171,98038,35.00,-7.19,-4.85
645571,2083,30576,163,98151,35.00,-7.24,-4.91
645593,1971,30576,157,98237,35.00,-7.23,-4.93
645615,1753,30576,149,98304,35.00,-7.17,-4.88
645637,2079,30576,154,98406,35.00,-7.23,-4.90
645679,2057,30576,125,98769,35.00,-7.21,-4.89
645701,1637,30576,119,98845,35.00,-7.24,-4.88
645723,1355,30576,142,98925,35.00,-7.23,-4.90
645745,1447,30576,159,98830,35.00,-7.21,-4.90
645767,1756,30064,175,98485,35.00,-7.19,-4.91
645789,1930,30064,168,97960,35.00,-7.21,-4.93
645811,1767,30064,149,97515,35.00,-7.23,-4.89
645833,1491,30064,121,97213,35.00,-7.22,-4.87
645855,1483,30064,99,97018,35.00,-7.24,-4.87
645877,1131,30064,83,96863,35.00,-7.20,-4.89
645920,1019,30064,84,96653,35.00,-7.18,-4.92
645942,557,29296,85,96710,35.00,-7.19,-4.90
645964,455,30064,101,96848,35.00,-7.21,-4.89
645986,457,30064,103,96971,35.00,-7.19,-4.94
646425,575,30064,117,97054,34.85,-7.21,-4.89
646461,2411,29296,209,98884,35.00,-7.20,-4.89
646483,2297,29296,185,98899,35.00,-7.22,-4.87
646505,2005,29296,183,98691,35.00,-7.21,-4.91
646527,1781,29296,181,98234,35.00,-7.24,-4.92
646549,1647,29296,168,97711,35.00,-7.23,-4.88
646571,1591,29296,153,97322,35.00,-7.20,-4.91
646593,1784,29296,147,97106,35.00,-7.24,-4.89
646615,1886,29296,145,96951,35.00,-7.20,-4.90
646637,1931,29296,140,96821,35.00,-7.21,-4.89
646659,1788,29296,147,96714,35.00,-7.17,-4.91
646702,1706,29296,151,96852,35.00,-7.23,-4.91
646724,1549,29296,166,96999,35.00,-7.20,-4.87
646746,1383,29296,159,97110,35.00,-7.24,-4.88
646768,1501,29296,159,97182,35.00,-7.22,-4.87
646790,1607,29296,150,97225,35.00,-7.21,-4.90
646812,1669,29296,139,97307,35.00,-7.19,-4.90
646834,1655,29296,133,97385,35.00,-7.20,-4.91
646856,1641,29296,123,97462,35.00,-7.21,-4.90
646878,1644,29296,123,97500,35.00,-7.22,-4.91
646900,1629,29296,143,97600,35.00,-7.22,-4.88
646942,1561,29296,154,97878,35.00,-7.18,-4.90
646964,1479,29296,164,97973,35.00,-7.23,-4.89
646986,1495,29296,167,98093,35.00,-7.22,-4.90
647699,1544,30064,165,98198,35.20,-7.25,-4.90
647724,1753,30064,150,98408,35.00,-7.22,-4.89
647746,1725,30064,168,98501,35.00,-7.21,-4.90
647768,1835,30064,165,98608,35.00,-7.25,-4.90
647790,1847,30064,151,98706,35.00,-7.24,-4.92
647812,1909,30064,138,98795,35.00,-7.21,-4.90
647834,1998,30576,133,98871,35.00,-7.24,-4.90
647856,1944,30576,125,98983,35.00,-7.23,-4.93
647878,1947,30064,138,99115,35.00,-7.23,-4.90
647900,1886,30064,147,99232,35.00,-7.21,-4.86
647922,1789,30064,155,99345,35.00,-7.21,-4.89
647965,1772,30576,165,99599,35.00,-7.23,-4.90
647987,1822,30064,160,99583,35.00,-7.22,-4.92
648719,1839,30576,153,99242,35.24,-7.20,-4.87
648747,1529,30064,143,99307,35.00,-7.23,-4.85
648769,2207,29296,157,98807,35.00,-7.21,-4.85
648791,2461,29296,159,98464,35.00,-7.19,-4.91
648813,2473,30064,155,98222,35.00,-7.22,-4.89
648835,2376,29296,147,98048,35.00,-7.20,-4.90
648857,2351,30064,141,97887,35.00,-7.23,-4.87
648879,2195,30064,152,97749,35.00,-7.23,-4.88
648901,1897,29296,160,97679,35.00,-7.19,-4.90
648923,1771,29296,164,97708,35.00,-7.22,-4.89
648945,1758,29296,169,97832,35.00,-7.23,-4.89
648987,1897,29296,168,98113,35.00,-7.19,-4.88
649738,2088,29296,163,98159,34.94,-7.18,-4.90
649769,1191,28784,121,97815,35.00,-7.20,-4.89
649791,1015,28784,74,97897,35.00,-7.20,-4.89
649813,527,29296,41,98001,35.00,-7.22,-4.88
649835,0,29296,85,98088,35.00,-7.24,-4.90
649857,0,29296,119,98169,35.00,-7.28,-4.88
649879,1018,29296,139,98265,35.00,-7.22,-4.85
649901,921,29296,125,98410,35.00,-7.21,-4.93
649923,1331,29296,269,98529,35.00,-7.17,-4.91
649945,3897,28784,373,98638,35.00,-7.25,-4.93
649967,3933,28784,297,98746,35.00,-7.18,-4.91
650510,3208,28784,219,99021,35.17,-7.22,-4.87
650551,2105,29296,139,98041,35.00,-7.21,-4.91
650573,2283,29296,143,98168,35.00,-7.18,-4.92
650595,2237,29296,143,98289,35.00,-7.23,-4.90
650617,2365,29296,153,98411,35.00,-7.22,-4.91
650639,2197,29296,165,98515,35.00,-7.20,-4.89
650661,1865,29296,169,98577,35.00,-7.21,-4.91
650683,1651,28784,169,98669,35.00,-7.22,-4.91
650705,1613,29296,167,98773,35.00,-7.23,-4.88
650727,1709,29296,156,98873,35.00,-7.26,-4.89
650749,1879,29296,142,98974,35.00,-7.23,-4.92
650792,2117,29296,137,99320,35.00,-7.20,-4.91
650814,2101,28784,137,99466,35.00,-7.22,-4.89
650836,1893,29296,147,99586,35.00,-7.23,-4.86
650858,1739,29296,149,99636,35.00,-7.22,-4.90
650880,1679,28784,165,99704,35.00,-7.19,-4.86
650902,1704,28784,169,99785,35.00,-7.20,-4.90
650924,1770,28784,169,99774,35.00,-7.19,-4.90
650946,1833,28784,159,99526,35.00,-7.24,-4.87
650968,1941,28784,151,99050,35.00,-7.25,-4.91
650990,1947,28784,139,98557,35.00,-7.22,-4.90
651032,1891,28784,136,97855,35.00,-7.20,-4.91
651054,1805,28784,133,97714,35.00,-7.21,-4.91
651076,1711,28784,138,97650,35.00,-7.19,-4.89
651098,1727,28784,151,97657,35.00,-7.17,-4.88
651120,1689,28784,166,97767,35.00,-7.22,-4.86
651142,1640,28784,165,97891,35.00,-7.21,-4.93
651164,1657,28784,165,97984,35.00,-7.20,-4.88
651186,1743,28784,155,98056,35.00,-7.18,-4.89
651208,1833,28784,143,98134,35.00,-7.19,-4.88
651230,1891,28784,136,98200,35.00,-7.19,-4.92
651252,1861,28784,127,98270,35.00,-7.20,-4.91
651293,1827,28784,133,98517,35.00,-7.21,-4.88
651315,1877,29296,136,98629,35.00,-7.18,-4.88
651337,1867,29296,151,98763,35.00,-7.18,-4.86
651359,1823,29296,159,98868,35.00,-7.23,-4.87
651381,1727,29296,167,98986,35.00,-7.20,-4.90
651403,1751,29296,168,99098,35.00,-7.20,-4.88
651425,1831,29296,163,99183,35.00,-7.22,-4.91
651447,1967,29296,157,99270,35.00,-7.17,-4.91
651469,2021,29296,146,99382,35.00,-7.24,-4.90
651491,1927,29296,137,99464,35.00,-7.24,-4.88
651533,1917,29296,141,99717,35.00,-7.23,-4.93
651555,2008,29296,147,99798,35.00,-7.22,-4.92
651577,1781,29296,151,99891,35.00,-7.22,-4.91
651599,1870,29296,169,99891,35.00,-7.20,-4.92
651621,1685,29296,171,99891,35.00,-7.17,-4.89
651643,1815,29296,179,99891,35.00,-7.22,-4.89
651665,1983,29296,169,99891,35.00,-7.22,-4.90
651687,2065,29296,163,99890,35.00,-7.24,-4.89
651709,1982,29296,147,99415,35.00,-7.25,-4.88
651731,1933,29296,137,98871,35.00,-7.19,-4.90
651753,1887,30064,138,98482,35.00,-7.24,-4.92
651794,1903,30064,153,97887,35.00,-7.19,-4.89
651816,1819,29296,149,97767,35.00,-7.27,-4.90
651838,1707,29296,158,97736,35.00,-7.23,-4.90
651860,1682,29296,172,97805,35.00,-7.21,-4.91
651882,1643,29296,175,97958,35.00,-7.23,-4.91
651904,1641,29296,165,98087,35.00,-7.21,-4.91
651926,1699,29296,157,98171,35.00,-7.23,-4.90
651948,1725,29296,141,98220,35.00,-7.21,-4.89
651970,1768,29296,137,98293,35.00,-7.21,-4.91
651992,1763,29296,134,98392,35.00,-7.22,-4.91
652035,1673,30064,138,98671,35.00,-7.20,-4.89
652057,1555,29296,149,98798,35.00,-7.19,-4.85
652079,1555,30064,165,98913,35.00,-7.21,-4.93
652101,1572,30064,165,99006,35.00,-7.25,-4.84
652123,1587,30064,164,99101,35.00,-7.20,-4.86
652145,1672,30064,153,99211,35.00,-7.20,-4.88
652167,1819,30064,149,99340,35.00,-7.22,-4.93
652189,1867,30576,138,99459,35.00,-7.21,-4.97
652211,1863,30576,134,99568,35.00,-7.20,-4.89
652233,1789,30576,127,99670,35.00,-7.24,-4.91
652275,1754,30576,145,99942,35.00,-7.22,-4.88
652297,1687,30064,151,99942,35.00,-7.20,-4.90
652319,1621,30064,159,99942,35.00,-7.19,-4.87
652341,1553,30064,164,99942,35.00,-7.23,-4.91
652363,1703,30064,167,99942,35.00,-7.23,-4.89
652385,1802,30064,153,99942,35.00,-7.17,-4.88
652407,1839,30064,141,99942,35.00,-7.19,-4.89
652429,1789,30064,123,99915,35.00,-7.23,-4.90
652451,1785,30064,125,99390,35.00,-7.20,-4.90
652473,1797,30064,125,98845,35.00,-7.18,-4.88
652495,1805,30064,141,98447,35.00,-7.19,-4.89
652536,1771,30064,151,97855,35.00,-7.21,-4.89
652558,1715,30064,163,97739,35.00,-7.19,-4.91
652580,1675,30064,167,97699,35.00,-7.22,-4.92
652602,1686,30064,169,97770,35.00,-7.23,-4.90
652624,1707,30064,159,97892,35.00,-7.20,-4.92
652646,1812,30064,151,98005,35.00,-7.22,-4.86
652668,1883,30064,136,98066,35.00,-7.18,-4.92
652690,1901,30064,136,98117,35.00,-7.17,-4.88
652712,1827,30064,133,98185,35.00,-7.20,-4.90
652734,1853,30064,139,98228,35.00,-7.20,-4.88
652776,1811,30576,143,98350,35.00,-7.19,-4.90
652798,1491,30576,121,98405,35.00,-7.26,-4.89
652820,1205,30576,123,98449,35.00,-7.23,-4.89
652842,1271,30576,132,98504,35.00,-7.19,-4.90
652864,1743,30576,149,98600,35.00,-7.24,-4.89
652886,2008,30576,159,98709,35.00,-7.19,-4.95
652908,2415,30576,205,98804,35.00,-7.16,-4.89
652930,3055,30576,237,98889,35.00,-7.20,-4.93
652952,3135,30576,236,98947,35.00,-7.23,-4.92
652974,3141,30576,235,99014,35.00,-7.24,-4.90
652996,2931,30576,230,99082,35.00,-7.24,-4.89
653037,2696,30576,229,99347,35.00,-7.20,-4.93
653059,2357,30576,205,99425,35.00,-7.23,-4.89
653081,2215,30576,207,99488,35.00,-7.21,-4.91
653103,2059,30576,189,99546,35.00,-7.20,-4.90
653125,1951,30576,175,99616,35.00,-7.20,-4.92
653147,1931,30576,159,99493,35.00,-7.22,-4.88
653169,2071,30960,150,99103,35.00,-7.18,-4.91
653191,1976,30576,147,98527,35.00,-7.23,-4.93
653213,1639,30576,137,98056,35.00,-7.23,-4.89
653235,1323,30576,140,97740,35.00,-7.21,-4.89
653278,1163,30576,141,97261,35.00,-7.23,-4.90
653300,1272,30960,153,97216,35.00,-7.23,-4.85
653322,1206,30960,157,97260,35.00,-7.19,-4.87
653344,1181,30960,147,97354,35.00,-7.24,-4.86
653366,1215,30960,133,97527,35.00,-7.20,-4.91
653388,1355,30960,119,97673,35.00,-7.21,-4.89
653410,1253,30960,107,97765,35.00,-7.24,-4.90
653432,1064,30960,104,97821,35.00,-7.23,-4.92
653454,875,30960,105,97889,35.00,-7.22,-4.90
653476,775,30960,111,97965,35.00,-7.25,-4.93
653518,949,30960,141,98187,35.00,-7.21,-4.86
653540,1618,30576,179,98262,35.00,-7.20,-4.90
653562,1907,30960,191,98352,35.00,-7.24,-4.88
653584,2106,30960,179,98454,35.00,-7.20,-4.88
653606,2293,30576,169,98567,35.00,-7.23,-4.89
653628,2379,30960,153,98700,35.00,-7.22,-4.91
653650,2267,30960,147,98802,35.00,-7.25,-4.87
653672,1991,30960,139,98904,35.00,-7.20,-4.88
653694,1801,30960,146,99007,35.00,-7.22,-4.92
653716,1695,30576,151,99111,35.00,-7.19,-4.90
653738,1725,30576,165,99224,35.00,-7.24,-4.88
653779,1817,30576,171,99540,35.00,-7.20,-4.88
653801,1801,30576,174,99692,35.00,-7.28,-4.89
653823,1752,30576,159,99831,35.00,-7.21,-4.91
653845,1797,30576,153,99941,35.00,-7.20,-4.91
653867,1855,30960,139,99876,35.00,-7.24,-4.86
653889,2003,30576,141,99535,35.00,-7.23,-4.91
653911,1983,30960,141,99023,35.00,-7.23,-4.89
653933,1901,30960,147,98543,35.00,-7.20,-4.92
653955,1869,30576,159,98187,35.00,-7.17,-4.86
653977,1946,30576,171,97948,35.00,-7.24,-4.90
654580,1947,30576,174,97480,35.32,-7.21,-4.90
654621,1895,30576,169,98834,35.00,-7.23,-4.89
654643,1779,30064,154,98295,35.00,-7.19,-4.87
654665,1791,30576,149,97899,35.00,-7.21,-4.90
654687,1854,30576,133,97616,35.00,-7.20,-4.90
654709,1837,30576,127,97397,35.00,-7.20,-4.90
654731,1831,30576,123,97219,35.00,-7.20,-4.93
654753,1851,30576,140,97084,35.00,-7.21,-4.86
654775,1637,30576,151,97028,35.00,-7.20,-4.91
654797,1583,30576,165,97062,35.00,-7.20,-4.88
654819,1670,30064,168,97181,35.00,-7.19,-4.92
654861,1779,30064,166,97437,35.00,-7.24,-4.92
654883,1917,30064,153,97433,35.00,-7.22,-4.87
654905,1880,30064,147,97446,35.00,-7.21,-4.91
654927,1989,30064,143,97469,35.00,-7.15,-4.86
654949,2003,30064,145,97531,35.00,-7.23,-4.88
654971,1901,30064,139,97566,35.00,-7.20,-4.87
654993,1929,30064,141,97574,35.00,-7.20,-4.87
655599,1848,30064,149,97610,34.95,-7.24,-4.87
655630,1966,30064,167,97574,35.00,-7.24,-4.94
655652,1951,30064,136,97350,35.00,-7.21,-4.89
655674,1935,30576,140,97415,35.00,-7.21,-4.88
655696,1937,30064,157,97516,35.00,-7.19,-4.87
655718,2025,30064,165,97606,35.00,-7.20,-4.91
655740,2095,30064,174,97686,35.00,-7.20,-4.91
655762,2124,30064,165,97750,35.00,-7.22,-4.91
655804,2157,30064,165,98001,35.00,-7.25,-4.88
655826,2169,30064,143,98106,35.00,-7.24,-4.91
655848,2141,30576,141,98195,35.00,-7.26,-4.91
655870,2171,30576,147,98261,35.00,-7.21,-4.91
655892,2131,30576,153,98325,35.00,-7.20,-4.88
655914,2083,30576,159,98386,35.00,-7.19,-4.90
655936,2015,30064,175,98449,35.00,-7.18,-4.88
655958,1959,30064,179,98538,35.00,-7.20,-4.92
655980,1989,30064,187,98639,35.00,-7.23,-4.91
656363,2086,30064,175,98721,35.44,-7.21,-4.89
656405,1437,30064,123,97670,35.00,-7.22,-4.89
656427,1419,30064,103,97750,35.00,-7.19,-4.87
656449,1357,30064,99,97839,35.00,-7.23,-4.88
656471,1316,30064,99,97935,35.00,-7.19,-4.89
656493,1235,30064,105,98036,35.00,-7.20,-4.86
656515,987,30064,93,98128,35.00,-7.24,-4.86
656537,575,30576,83,98229,35.00,-7.21,-4.88
656559,293,30064,132,98329,35.00,-7.21,-4.88
656581,1459,30576,177,98418,35.00,-7.24,-4.92
656603,1951,30064,170,98488,35.00,-7.23,-4.88
656625,2073,30064,154,98550,35.00,-7.22,-4.91
656666,2019,30064,133,98678,35.00,-7.20,-4.91
656688,2406,30064,124,98734,35.00,-7.19,-4.86
656710,2513,30576,140,98812,35.00,-7.21,-4.90
656732,2416,30064,163,98868,35.00,-7.22,-4.88
656754,2217,30064,165,98943,35.00,-7.19,-4.91
656776,2058,30576,167,98953,35.00,-7.21,-4.88
656798,2030,30576,167,98734,35.00,-7.21,-4.91
656820,1949,30064,159,98233,35.00,-7.19,-4.88
656842,2267,30064,165,97626,35.00,-7.23,-4.87
656864,2293,30064,155,97146,35.00,-7.19,-4.92
656906,2268,30064,137,96334,35.00,-7.17,-4.89
656928,2149,30064,134,96173,35.00,-7.22,-4.87
656950,2725,30064,235,96063,35.00,-7.19,-4.91
656972,3896,30064,307,96067,35.00,-7.19,-4.94
656994,3928,29296,325,96195,35.00,-7.21,-4.89
657383,3928,30064,314,96367,34.80,-7.20,-4.88
657411,0,30576,0,98238,35.00,-7.19,-4.88
657433,0,30064,121,98323,35.00,-7.23,-4.87
657455,459,30064,158,98402,35.00,-7.21,-4.91
657477,411,30064,149,98499,35.00,-7.15,-4.91
657499,615,30064,124,98552,35.00,-7.20,-4.92
657521,597,30064,110,98566,35.00,-7.24,-4.88
657543,2171,30064,142,98374,35.00,-7.27,-4.86
657565,3898,30064,185,97909,35.00,-7.20,-4.89
657587,3923,30064,211,97291,35.00,-7.16,-4.92
657628,3925,30064,211,96033,35.00,-7.24,-4.87
657650,2173,30064,138,95785,35.00,-7.21,-4.89
657672,1769,30064,135,95656,35.00,-7.22,-4.90
657694,1850,30064,153,95630,35.00,-7.16,-4.88
657716,2269,29296,183,95664,35.00,-7.20,-4.93
657738,2245,29296,181,95797,35.00,-7.20,-4.93
657760,2236,30064,174,95984,35.00,-7.25,-4.88
657782,2525,30064,171,96130,35.00,-7.24,-4.86
657804,2648,30064,167,96214,35.00,-7.21,-4.90
657826,2462,29296,151,96267,35.00,-7.20,-4.92
657869,2005,30064,133,96523,35.00,-7.19,-4.91
657891,1800,30064,139,96665,35.00,-7.19,-4.92
657913,1998,30064,157,96824,35.00,-7.18,-4.91
657935,2055,30064,170,96968,35.00,-7.20,-4.93
657957,1909,30064,175,97139,35.00,-7.24,-4.92
657979,2065,30064,204,97307,35.00,-7.18,-4.92
658402,2315,30064,200,97460,35.59,-7.25,-4.92
658431,1533,30064,135,96584,35.00,-7.22,-4.85
658453,1719,30064,163,96597,35.00,-7.23,-4.92
658475,1769,30064,169,96700,35.00,-7.21,-4.91
658497,1727,30064,173,96849,35.00,-7.21,-4.92
658519,2053,30064,191,96973,35.00,-7.23,-4.91
658541,1544,30064,121,97068,35.00,-7.20,-4.90
658563,1399,30064,132,97157,35.00,-7.21,-4.89
658585,1791,30064,141,97247,35.00,-7.26,-4.88
658607,1708,30064,122,97332,35.00,-7.20,-4.91
658629,1319,30064,121,97438,35.00,-7.19,-4.89
658670,1429,30064,123,97825,35.00,-7.19,-4.91
658692,1819,30064,147,97953,35.00,-7.22,-4.89
658714,1560,30064,155,98078,35.00,-7.20,-4.89
658736,1357,30064,155,98191,35.00,-7.24,-4.89
658758,1485,30064,159,98321,35.00,-7.19,-4.88
658780,1579,30064,149,98460,35.00,-7.20,-4.90
658802,1695,30064,149,98561,35.00,-7.19,-4.90
658824,1816,30064,137,98653,35.00,-7.21,-4.91
658846,1927,30064,142,98747,35.00,-7.22,-4.89
658868,1866,30064,139,98829,35.00,-7.24,-4.89
658890,1850,30064,141,98930,35.00,-7.21,-4.92
658931,1930,30064,157,99259,35.00,-7.22,-4.87
658953,1893,30064,149,99360,35.00,-7.22,-4.87
658975,1574,30064,149,99473,35.00,-7.22,-4.90
658997,1391,30064,153,99547,35.00,-7.24,-4.89
659421,1503,30064,150,99556,35.13,-7.24,-4.87
659452,1977,30064,149,98766,35.00,-7.20,-4.89
659474,1827,30064,169,98881,35.00,-7.23,-4.87
659496,1754,30064,169,98972,35.00,-7.20,-4.92
659518,1718,30064,168,99082,35.00,-7.24,-4.90
659540,1837,30064,158,99201,35.00,-7.20,-4.88
659562,1885,30576,151,99324,35.00,-7.24,-4.89
659584,2012,30064,141,99389,35.00,-7.19,-4.85
659606,2023,30576,137,99456,35.00,-7.22,-4.90
659628,1949,30576,138,99528,35.00,-7.19,-4.89
659650,1917,30064,149,99628,35.00,-7.22,-4.90
659672,1805,30576,156,99738,35.00,-7.21,-4.91
659713,1817,30064,167,99981,35.00,-7.21,-4.93
659735,1712,30576,168,99981,35.00,-7.20,-4.88
659757,1757,30064,182,99981,35.00,-7.19,-4.92
659779,1819,30576,167,99772,35.00,-7.22,-4.90
659801,1753,30576,151,99308,35.00,-7.22,-4.88
659823,1891,30576,140,98808,35.00,-7.19,-4.91
659845,1937,30576,135,98399,35.00,-7.18,-4.87
659867,2003,30576,133,98132,35.00,-7.21,-4.91
659889,1791,30576,137,97945,35.00,-7.20,-4.86
659911,1689,30576,149,97798,35.00,-7.23,-4.91
659954,1739,30576,160,97699,35.00,-7.24,-4.88
659976,1818,30064,165,97837,35.00,-7.23,-4.88
659998,1493,30576,157,97984,35.00,-7.21,-4.91
660020,1492,30576,151,98088,35.00,-7.19,-4.91
660042,1675,30576,140,98163,35.00,-7.22,-4.91
660064,2011,30576,137,98219,35.00,-7.24,-4.87
660086,2195,30576,139,98288,35.00,-7.23,-4.87
660108,1943,30576,135,98380,35.00,-7.20,-4.91
660130,1818,30576,143,98481,35.00,-7.19,-4.90
660152,1581,30576,151,98584,35.00,-7.24,-4.90
660194,1628,30576,167,98919,35.00,-7.23,-4.89
660216,1934,30576,170,99013,35.00,-7.23,-4.88
660238,1751,30576,165,99116,35.00,-7.20,-4.85
660260,1736,30576,152,99232,35.00,-7.23,-4.93
660282,1803,30576,149,99338,35.00,-7.19,-4.89
660304,2011,30576,137,99409,35.00,-7.22,-4.90
660326,2035,30576,136,99491,35.00,-7.19,-4.90
660348,2002,30576,136,99561,35.00,-7.21,-4.91
660370,1991,30576,153,99634,35.00,-7.20,-4.88
660392,1915,30576,157,99677,35.00,-7.21,-4.91
660435,1734,30576,168,99804,35.00,-7.20,-4.88
660457,1929,30576,175,99854,35.00,-7.21,-4.88
660479,2212,30576,175,99862,35.00,-7.22,-4.87
660501,2232,30960,167,99651,35.00,-7.24,-4.87
660523,2183,30960,151,99207,35.00,-7.17,-4.88
660545,2190,30960,149,98659,35.00,-7.22,-4.87
660567,2041,30960,143,98188,35.00,-7.24,-4.91
660589,1991,30960,153,97843,35.00,-7.23,-4.88
660611,2063,30576,169,97607,35.00,-7.25,-4.89
660633,1820,30576,173,97383,35.00,-7.24,-4.87
660675,1611,30960,178,97111,35.00,-7.21,-4.85
660697,1372,30576,166,97172,35.00,-7.22,-4.88
660719,1438,30960,155,97296,35.00,-7.19,-4.90
660741,1453,30960,145,97405,35.00,-7.23,-4.86
660763,1515,30576,126,97471,35.00,-7.18,-4.88
660785,1516,30960,121,97488,35.00,-7.23,-4.85
660807,1497,30960,121,97536,35.00,-7.26,-4.87
660829,1522,30960,135,97602,35.00,-7.22,-4.89
660851,1587,30960,145,97684,35.00,-7.23,-4.91
660873,1591,30576,157,97770,35.00,-7.22,-4.90
660895,1584,30960,169,97824,35.00,-7.21,-4.91
660936,1659,30576,169,98121,35.00,-7.23,-4.91
660958,1779,30576,164,98249,35.00,-7.22,-4.88
660980,1846,30960,155,98328,35.00,-7.21,-4.89
661715,1827,30576,141,98426,35.22,-7.18,-4.87
661758,1913,30576,173,98653,35.00,-7.20,-4.90
661780,2044,30576,153,98736,35.00,-7.23,-4.85
661802,2019,30960,143,98837,35.00,-7.20,-4.88
661824,1967,30960,140,98934,35.00,-7.21,-4.87
661846,2021,30960,137,99064,35.00,-7.20,-4.90
661868,1967,30960,141,99173,35.00,-7.21,-4.93
661890,1957,30960,153,99269,35.00,-7.23,-4.91
661912,1925,30960,170,99330,35.00,-7.19,-4.92
661934,1887,30576,171,99379,35.00,-7.20,-4.91
661956,1789,30576,175,99367,35.00,-7.22,-4.88
661998,1677,30576,159,98141,35.00,-7.26,-4.88
662020,1721,30576,155,97719,35.00,-7.19,-4.91
662042,1753,30576,141,97435,35.00,-7.20,-4.91
662064,1829,30576,139,97208,35.00,-7.18,-4.89
662086,1863,30576,133,97007,35.00,-7.21,-4.86
662108,1609,30960,138,96880,35.00,-7.20,-4.89
662130,1437,30960,147,96829,35.00,-7.23,-4.89
662152,1404,30576,157,96864,35.00,-7.23,-4.89
662174,1305,30576,156,96965,35.00,-7.22,-4.87
662196,1439,30576,157,97066,35.00,-7.24,-4.89
662218,1525,30576,153,97175,35.00,-7.19,-4.91
662259,1639,30576,147,97372,35.00,-7.21,-4.86
662281,1767,30576,167,97457,35.00,-7.21,-4.90
662303,1907,30576,153,97562,35.00,-7.19,-4.89
662325,1891,30576,108,97678,35.00,-7.25,-4.89
662347,1177,30576,61,97783,35.00,-7.23,-4.91
662369,821,30576,118,97864,35.00,-7.23,-4.90
662391,681,30576,120,97980,35.00,-7.23,-4.90
662413,1013,30576,137,98085,35.00,-7.20,-4.89
662435,1479,30576,146,98201,35.00,-7.22,-4.92
662457,1573,30576,143,98322,35.00,-7.22,-4.88
662500,1739,30576,135,98597,35.00,-7.22,-4.90
662522,1821,30576,118,98696,35.00,-7.18,-4.93
662544,1935,30960,127,98800,35.00,-7.18,-4.91
662566,1949,30960,123,98872,35.00,-7.22,-4.91
662588,2060,30576,143,98956,35.00,-7.18,-4.89
662610,2136,30576,160,99049,35.00,-7.24,-4.89
662632,2569,30960,179,99162,35.00,-7.20,-4.91
662654,1945,30576,155,99248,35.00,-7.21,-4.91
662676,2157,30576,179,99285,35.00,-7.22,-4.88
662698,2015,30576,155,99272,35.00,-7.18,-4.91
662740,2166,30576,154,98017,35.00,-7.20,-4.91
662762,2297,30576,149,97566,35.00,-7.21,-4.91
662784,2055,30576,137,97268,35.00,-7.20,-4.92
662806,2073,30576,136,97032,35.00,-7.17,-4.89
662828,2301,30576,159,96849,35.00,-7.22,-4.87
662850,2379,30576,167,96683,35.00,-7.23,-4.85
662872,2027,30576,169,96617,35.00,-7.21,-4.89
662894,1823,30576,169,96623,35.00,-7.24,-4.90
662916,1779,30576,173,96718,35.00,-7.23,-4.89
662938,1799,30576,159,96861,35.00,-7.22,-4.91
662960,1943,30576,153,97001,35.00,-7.21,-4.93
663501,1887,30576,142,97255,35.63,-7.23,-4.86
663542,1903,29296,135,96832,35.00,-7.24,-4.88
663564,1829,29296,135,96614,35.00,-7.21,-4.90
663586,1721,29296,137,96430,35.00,-7.22,-4.90
663608,1743,29296,142,96299,35.00,-7.20,-4.89
663630,1799,29296,154,96253,35.00,-7.21,-4.91
663652,1868,29296,169,96316,35.00,-7.21,-4.87
663674,1707,29296,172,96457,35.00,-7.20,-4.87
663696,1542,29296,157,96571,35.00,-7.20,-4.88
663718,1603,30064,153,96628,35.00,-7.21,-4.87
663740,1899,29296,151,96649,35.00,-7.23,-4.89
663762,1948,29296,143,96670,35.00,-7.24,-4.87
663803,1951,29296,134,96754,35.00,-7.24,-4.91
663825,1871,29296,134,96804,35.00,-7.20,-4.91
663847,1902,30064,147,96841,35.00,-7.20,-4.87
663869,2009,30064,165,96882,35.00,-7.23,-4.87
663891,2022,29296,174,96954,35.00,-7.19,-4.91
663913,1873,29296,175,97000,35.00,-7.24,-4.88
663935,1727,30064,173,97068,35.00,-7.22,-4.91
663957,1693,30064,165,97158,35.00,-7.23,-4.88
663979,1911,30064,169,97238,35.00,-7.24,-4.93
664518,2024,30064,140,97293,34.86,-7.23,-4.90
664548,2041,30064,168,96170,35.00,-7.22,-4.92
664570,2255,29296,175,96227,35.00,-7.20,-4.91
664592,2325,30064,198,96300,35.00,-7.21,-4.91
664614,2107,30064,204,96343,35.00,-7.21,-4.87
664636,1973,30064,189,96327,35.00,-7.19,-4.90
664658,2025,30064,179,96304,35.00,-7.20,-4.86
664680,1897,30064,148,96319,35.00,-7.23,-4.85
664702,1672,30064,125,96384,35.00,-7.23,-4.91
664724,1497,30064,117,96460,35.00,-7.21,-4.89
664765,1398,30064,124,96750,35.00,-7.23,-4.88
664787,1365,30064,135,96874,35.00,-7.20,-4.89
664809,1339,30064,149,96993,35.00,-7.23,-4.87
664831,1337,30064,165,97095,35.00,-7.24,-4.91
664853,1467,29296,167,97199,35.00,-7.21,-4.88
664875,1639,30064,167,97370,35.00,-7.21,-4.92
664897,1635,30064,157,97551,35.00,-7.19,-4.90
664919,1661,30064,141,97701,35.00,-7.18,-4.91
664941,1638,30064,118,97827,35.00,-7.23,-4.89
664963,1513,30064,108,97947,35.00,-7.20,-4.87
664985,1391,30064,109,97979,35.00,-7.20,-4.92
665026,1307,30064,117,96882,35.00,-7.24,-4.87
665048,1147,30064,109,96598,35.00,-7.20,-4.85
665070,1032,30064,121,96417,35.00,-7.19,-4.85
665092,1133,30064,151,96288,35.00,-7.22,-4.90
665114,1367,30064,167,96194,35.00,-7.20,-4.92
665136,1496,30064,165,96152,35.00,-7.19,-4.88
665158,1572,30064,139,96171,35.00,-7.24,-4.92
665180,1827,30064,127,96273,35.00,-7.20,-4.88
665202,2194,29296,135,96441,35.00,-7.17,-4.90
665224,2343,29296,135,96625,35.00,-7.23,-4.90
665267,1943,30064,133,96925,35.00,-7.21,-4.92
665289,1477,29296,131,97009,35.00,-7.19,-4.88
665311,1319,30064,117,97124,35.00,-7.18,-4.88
665333,1003,30064,87,97216,35.00,-7.19,-4.89
665355,0,30064,29,97299,35.00,-7.25,-4.89
665377,0,30576,0,97438,35.00,-7.23,-4.91
665399,0,30064,183,97578,35.00,-7.20,-4.89
665421,2373,30064,189,97732,35.00,-7.23,-4.90
665443,1513,30064,99,97846,35.00,-7.17,-4.92
665465,1597,30064,91,97966,35.00,-7.18,-4.91
665507,1413,30064,95,98348,35.00,-7.24,-4.88
665529,3679,30064,181,98468,35.00,-7.24,-4.91
665551,3927,30064,236,98595,35.00,-7.19,-4.89
665573,3929,30064,261,98718,35.00,-7.20,-4.92
665595,3915,29296,239,98826,35.00,-7.19,-4.91
665617,2131,30064,170,98918,35.00,-7.20,-4.88
665639,1797,30064,139,99013,35.00,-7.24,-4.88
665661,2009,30064,132,99096,35.00,-7.24,-4.89
665683,2504,30064,147,99179,35.00,-7.18,-4.91
665705,2662,30064,155,99300,35.00,-7.21,-4.91
665727,2455,30064,159,99439,35.00,-7.23,-4.90
665768,2439,30064,169,99345,35.00,-7.22,-4.86
665790,2313,30064,171,98896,35.00,-7.24,-4.89
665812,2057,30064,172,98318,35.00,-7.24,-4.90
665834,1946,30064,179,97839,35.00,-7.17,-4.90
665856,1847,30064,170,97545,35.00,-7.21,-4.86
665878,1977,30064,159,97327,35.00,-7.19,-4.87
665900,1996,30064,143,97143,35.00,-7.21,-4.90
665922,1951,30064,139,97003,35.00,-7.21,-4.91
665944,2043,30064,139,96922,35.00,-7.19,-4.90
665966,2184,30064,147,96921,35.00,-7.19,-4.91
666556,2067,30064,155,97256,35.43,-7.17,-4.89
666590,2063,29296,165,99301,35.00,-7.24,-4.90
666612,1890,29296,184,98808,35.00,-7.16,-4.87
666634,2079,29296,191,98407,35.00,-7.21,-4.89
666656,2139,29296,185,98129,35.00,-7.22,-4.90
666678,2232,30064,175,97934,35.00,-7.22,-4.90
666700,2175,30064,156,97796,35.00,-7.21,-4.90
666722,2099,30064,142,97687,35.00,-7.20,-4.87
666744,1945,30064,139,97640,35.00,-7.22,-4.92
666766,1843,30064,145,97674,35.00,-7.22,-4.90
666788,1787,29296,155,97794,35.00,-7.22,-4.87
666831,1835,29296,171,98086,35.00,-7.19,-4.89
666853,1671,29296,165,98171,35.00,-7.19,-4.88
666875,1641,30064,166,98268,35.00,-7.21,-4.92
666897,1645,30064,152,98372,35.00,-7.19,-4.85
666919,1575,30064,133,98493,35.00,-7.24,-4.89
666941,1508,29296,120,98586,35.00,-7.20,-4.92
666963,1513,30064,119,98707,35.00,-7.24,-4.85
666985,1567,30064,124,98836,35.00,-7.26,-4.92
667576,1528,30064,140,98938,34.80,-7.21,-4.85
667613,2141,28784,164,97068,35.00,-7.21,-4.89
667635,2182,28784,169,97079,35.00,-7.22,-4.91
667657,2039,29296,157,97076,35.00,-7.23,-4.93
667679,2058,29296,139,97103,35.00,-7.19,-4.94
667701,2105,29296,123,97177,35.00,-7.21,-4.92
667723,2071,29296,119,97229,35.00,-7.20,-4.88
667745,2083,28784,143,97301,35.00,-7.22,-4.90
667767,2041,28784,155,97383,35.00,-7.19,-4.90
667789,1873,28784,154,97508,35.00,-7.21,-4.94
667811,1630,28784,155,97702,35.00,-7.22,-4.91
667853,1783,28784,157,98248,35.00,-7.24,-4.93
667875,1916,28784,179,98381,35.00,-7.24,-4.87
667897,2277,28784,185,98499,35.00,-7.23,-4.92
667919,2329,29296,154,98582,35.00,-7.19,-4.85
667941,1805,29296,79,98701,35.00,-7.24,-4.89
667963,1427,29296,85,98777,35.00,-7.17,-4.93
667985,1467,29296,103,98826,35.00,-7.24,-4.90
668347,1567,29296,135,98847,36.06,-7.19,-4.91
668375,1580,28592,145,97191,35.00,-7.23,-4.92
668397,1704,28592,139,97312,35.00,-7.21,-4.92
668419,1833,28784,123,97388,35.00,-7.25,-4.88
668441,1828,28784,111,97452,35.00,-7.24,-4.89
668463,1693,28784,99,97535,35.00,-7.19,-4.86
668485,1461,29296,95,97620,35.00,-7.20,-4.90
668507,1213,28784,94,97694,35.00,-7.21,-4.93
668529,999,28784,108,97765,35.00,-7.23,-4.88
668551,927,28784,117,97839,35.00,-7.21,-4.88
668573,1084,28784,125,97915,35.00,-7.20,-4.92
668615,1273,28784,125,98265,35.00,-7.21,-4.91
668637,1835,28784,148,98373,35.00,-7.21,-4.89
668659,2266,28784,151,98496,35.00,-7.19,-4.90
668681,2485,28784,153,98630,35.00,-7.23,-4.86
668703,2281,28784,151,98738,35.00,-7.19,-4.91
668725,2301,28784,155,98796,35.00,-7.17,-4.88
668747,2006,29296,141,98867,35.00,-7.20,-4.88
668769,1727,29296,151,98884,35.00,-7.23,-4.89
668791,1801,29296,163,98888,35.00,-7.19,-4.90
668813,1939,28784,174,98883,35.00,-7.22,-4.86
668835,2127,28784,164,98932,35.00,-7.18,-4.91
668876,2245,29296,169,98830,35.00,-7.23,-4.90
668898,2219,28784,154,98408,35.00,-7.24,-4.88
668920,2175,29296,143,97895,35.00,-7.21,-4.91
668942,2085,29296,135,97422,35.00,-7.22,-4.91
668964,1891,29296,134,97086,35.00,-7.21,-4.87
668986,1703,29296,143,96844,35.00,-7.21,-4.93
669360,1755,29296,156,96628,34.77,-7.19,-4.90
669397,2039,28784,141,98115,35.00,-7.21,-4.93
669419,2011,28784,139,98213,35.00,-7.25,-4.89
669441,2011,29296,139,98339,35.00,-7.19,-4.91
669463,1898,29296,147,98453,35.00,-7.20,-4.90
669485,1805,28784,150,98556,35.00,-7.20,-4.89
669507,1788,28784,155,98654,35.00,-7.26,-4.91
669529,1781,28784,173,98779,35.00,-7.18,-4.90
669551,1587,28784,169,98914,35.00,-7.20,-4.93
669573,1517,28784,167,98998,35.00,-7.23,-4.87
669595,1627,28784,157,99080,35.00,-7.22,-4.90
669638,1727,28784,149,98583,35.00,-7.24,-4.88
669660,1803,28784,126,98005,35.00,-7.21,-4.87
669682,1835,29296,138,97503,35.00,-7.19,-4.91
669704,1343,28784,125,97163,35.00,-7.20,-4.89
669726,1764,28784,149,96940,35.00,-7.23,-4.93
669748,1554,29296,159,96745,35.00,-7.18,-4.88
669770,1355,28784,159,96620,35.00,-7.21,-4.86
669792,1519,28784,169,96535,35.00,-7.23,-4.87
669814,1689,28784,167,96523,35.00,-7.24,-4.89
669836,1757,28784,155,96575,35.00,-7.22,-4.88
669878,1806,28784,147,96874,35.00,-7.23,-4.92
669900,1965,28784,141,96907,35.00,-7.18,-4.87
669922,1887,28784,137,96927,35.00,-7.21,-4.89
669944,1821,28784,140,96961,35.00,-7.18,-4.87
669966,1709,28784,153,97009,35.00,-7.18,-4.87
669988,1689,28784,169,97066,35.00,-7.21,-4.87
670379,1700,28784,175,97161,35.21,-7.21,-4.89
670420,1816,28784,122,95946,35.00,-7.24,-4.90
670442,1763,28784,124,95605,35.00,-7.22,-4.89
670464,1753,28784,138,95379,35.00,-7.19,-4.91
670486,1783,28784,147,95193,35.00,-7.21,-4.89
670508,1831,28784,166,95040,35.00,-7.26,-4.87
670530,1816,28784,169,94906,35.00,-7.23,-4.93
670552,1895,28784,172,94769,35.00,-7.23,-4.85
670574,1972,28784,169,94677,35.00,-7.15,-4.90
670596,2033,28784,158,94626,35.00,-7.22,-4.92
670618,1927,28784,143,94523,35.00,-7.23,-4.90
670660,2053,28784,141,94308,35.00,-7.22,-4.91
670682,2260,28784,137,94266,35.00,-7.21,-4.89
670704,2262,28784,146,94354,35.00,-7.22,-4.89
670726,2052,28784,157,94496,35.00,-7.20,-4.92
670748,1871,28784,167,94571,35.00,-7.18,-4.89
670770,1813,28784,177,94671,35.00,-7.24,-4.89
670792,1997,28784,180,94827,35.00,-7.16,-4.89
670814,2155,28784,167,94982,35.00,-7.19,-4.92
670836,2131,28784,147,95086,35.00,-7.18,-4.89
670858,1972,28784,125,95139,35.00,-7.22,-4.93
670880,1443,28784,117,95236,35.00,-7.21,-4.92
670921,1655,28592,141,95620,35.00,-7.21,-4.88
670943,3918,28592,370,95808,35.00,-7.23,-4.91
670965,3945,28080,423,96017,35.00,-7.21,-4.90
670987,3943,28080,438,96200,35.00,-7.18,-4.91
671399,3949,27312,397,96305,35.05,-7.20,-4.91
671427,3866,28784,95,95411,35.00,-7.21,-4.94
671449,0,28592,50,95673,35.00,-7.21,-4.95
671471,329,28784,51,95919,35.00,-7.24,-4.88
671493,549,28784,55,96065,35.00,-7.21,-4.88
671515,3917,28784,134,96149,35.00,-7.24,-4.87
671537,3927,28784,137,96206,35.00,-7.21,-4.86
671559,3939,28784,189,96308,35.00,-7.18,-4.90
671581,3957,28784,263,96394,35.00,-7.21,-4.89
671623,3943,28784,254,96478,35.00,-7.22,-4.89
671645,1634,28592,157,96545,35.00,-7.23,-4.90
671667,1929,28592,213,96609,35.00,-7.19,-4.89
671689,85,28592,181,96771,35.00,-7.23,-4.90
671711,1307,28592,197,96886,35.00,-7.17,-4.86
671733,1055,28592,175,97022,35.00,-7.21,-4.90
671755,0,28592,149,97172,35.00,-7.22,-4.87
671777,0,28080,141,97336,35.00,-7.20,-4.90
671799,0,28080,137,97442,35.00,-7.21,-4.91
671821,0,27312,127,97452,35.00,-7.23,-4.88
671863,0,27312,117,97050,35.00,-7.23,-4.87
671885,0,26800,100,96545,35.00,-7.22,-4.91
671907,0,26800,133,95837,35.00,-7.22,-4.92
671929,2986,26800,185,95124,35.00,-7.19,-4.90
671951,3911,26800,197,94607,35.00,-7.25,-4.90
671973,3929,27312,179,94303,35.00,-7.22,-4.86
671995,3927,27312,181,94038,35.00,-7.23,-4.91
672418,3933,27312,189,93879,35.36,-7.19,-4.91
672447,2041,30064,133,93922,35.00,-7.24,-4.91
672469,1885,30576,165,94089,35.00,-7.18,-4.92
672491,2092,30960,171,94265,35.00,-7.21,-4.93
672513,2328,30960,168,94415,35.00,-7.23,-4.88
672535,2363,31472,171,94502,35.00,-7.21,-4.89
672557,2287,32240,151,94508,35.00,-7.19,-4.87
672579,2381,32240,148,94486,35.00,-7.16,-4.88
672601,2105,32240,137,94459,35.00,-7.20,-4.92
672623,2022,32240,141,94274,35.00,-7.21,-4.90
672665,2053,32240,155,92870,35.00,-7.20,-4.91
672687,1711,32240,156,92489,35.00,-7.19,-4.88
672709,1847,32240,166,92255,35.00,-7.21,-4.87
672731,2055,32240,173,92106,35.00,-7.23,-4.91
672753,2037,32240,165,91947,35.00,-7.19,-4.91
672775,2079,31472,152,91841,35.00,-7.17,-4.90
672797,1991,32240,137,91818,35.00,-7.24,-4.92
672819,1919,32240,126,91820,35.00,-7.20,-4.88
672841,1895,32240,135,91765,35.00,-7.20,-4.91
672863,2194,32240,148,91711,35.00,-7.22,-4.87
672885,2067,32240,155,91838,35.00,-7.24,-4.91
672926,1845,32240,165,91666,35.00,-7.24,-4.91
672948,1717,32752,171,91622,35.00,-7.24,-4.96
672970,1818,32752,179,91661,35.00,-7.24,-4.92
672992,1867,32752,179,91716,35.00,-7.23,-4.90
673437,1943,32752,167,91765,35.15,-7.20,-4.93
673467,2482,30064,229,88195,35.00,-7.20,-4.93
673489,2282,29296,247,88333,35.00,-7.25,-4.90
673511,2281,29296,238,88523,35.00,-7.21,-4.90
673533,2035,30064,214,88659,35.00,-7.22,-4.95
673555,2013,30064,185,88769,35.00,-7.22,-4.90
673577,1979,30064,171,88979,35.00,-7.20,-4.88
673599,1828,30576,167,89239,35.00,-7.23,-4.93
673621,1663,30576,93,89497,35.00,-7.20,-4.86
673643,0,30960,0,89759,35.00,-7.24,-4.87
673665,0,31472,0,89904,35.00,-7.19,-4.88
673687,0,31472,0,89886,35.00,-7.20,-4.90
673728,0,31472,93,90296,35.00,-7.19,-4.90
673750,70,30960,181,90441,35.00,-7.22,-4.91
673772,2167,30960,181,90487,35.00,-7.21,-4.91
673794,2457,31472,155,90464,35.00,-7.20,-4.88
673816,2679,31472,151,90568,35.00,-7.21,-4.85
673838,2715,32240,127,90567,35.00,-7.21,-4.92
673860,2723,31472,135,90506,35.00,-7.17,-4.89
673882,2665,32240,139,90525,35.00,-7.20,-4.94
673904,2629,32240,139,90528,35.00,-7.11,-4.65
673926,2525,32240,155,90591,35.00,-7.19,-4.87
673968,2541,32240,168,90770,35.00,-7.24,-4.89
673990,2725,32240,205,90798,35.00,-7.23,-4.92
674712,2831,31472,227,90583,35.85,-7.21,-4.91
674750,1947,32240,177,83728,35.00,-7.21,-4.87
674772,1933,32240,173,83486,35.00,-7.23,-4.92
674794,2010,32240,167,83296,35.00,-7.20,-4.89
674816,2015,32240,153,83171,35.00,-7.27,-4.87
674838,2043,32240,149,83095,35.00,-7.22,-4.89
674860,1961,32240,146,83091,35.00,-7.27,-4.91
674882,1885,32240,143,82996,35.00,-7.21,-4.87
674904,1789,32240,145,82695,35.00,-7.33,-5.04
674926,1814,32240,186,82490,35.00,-7.18,-4.79
674948,2008,32240,201,82423,35.00,-7.15,-5.08
674970,1511,32240,157,82469,35.00,-7.21,-4.89
675732,1395,32240,157,81977,35.20,-7.20,-4.85
675773,2023,30960,157,79817,35.00,-7.26,-4.87
675795,1955,30576,151,79861,35.00,-7.22,-4.90
675817,1976,30576,147,79887,35.00,-7.20,-4.86
675839,1907,30576,137,79896,35.00,-7.23,-4.91
675861,1813,30576,139,79993,35.00,-7.20,-4.86
675883,1747,30576,151,80123,35.00,-7.21,-4.89
675905,1749,30576,163,80260,35.00,-7.23,-4.91
675927,1750,30576,174,80361,35.00,-7.26,-4.87
675949,1771,30576,171,80390,35.00,-7.21,-4.91
675971,1764,30576,167,80382,35.00,-7.24,-4.89
676751,1879,30576,157,80807,35.25,-7.21,-4.88
676776,1647,30064,142,83892,35.00,-7.21,-4.86
676798,1579,30064,109,84024,35.00,-7.23,-4.88
676820,1543,30064,139,84125,35.00,-7.22,-4.90
676842,1741,30576,157,84261,35.00,-7.23,-4.90
676864,1861,30064,179,84343,35.00,-7.22,-4.90
676886,1885,30064,201,84286,35.00,-7.22,-4.87
676908,2120,30064,231,84069,35.00,-7.21,-4.91
676930,2283,30064,229,83828,35.00,-7.21,-4.91
676952,2303,30064,202,83705,35.00,-7.22,-4.90
676974,2203,30064,168,83694,35.00,-7.25,-4.89
677516,1803,30064,117,83742,34.92,-7.22,-4.85
677557,1389,30576,45,86668,35.00,-7.22,-4.92
677579,959,30576,79,86792,35.00,-7.25,-4.90
677601,1064,30576,137,86850,35.00,-7.20,-4.90
677623,1717,30576,205,86756,35.00,-7.22,-4.91
677645,2153,30576,179,86561,35.00,-7.19,-4.90
677667,1733,30576,143,86394,35.00,-7.24,-4.87
677689,1608,30576,171,86277,35.00,-7.19,-4.84
677711,1848,30576,173,86215,35.00,-7.24,-4.89
677733,2023,30576,157,86172,35.00,-7.19,-4.93
677755,2175,30576,151,86198,35.00,-7.20,-4.90
677777,2295,30576,169,86263,35.00,-7.23,-4.88
677818,2588,30576,206,86475,35.00,-7.23,-4.92
677840,2617,30576,163,86523,35.00,-7.19,-4.92
677862,2181,30576,142,86585,35.00,-7.22,-4.92
677884,1727,30576,123,86670,35.00,-7.24,-4.90
677906,1352,30576,137,86765,35.00,-7.25,-4.88
677928,1438,30576,159,86824,35.00,-7.24,-4.89
677950,1663,30576,158,86906,35.00,-7.22,-4.91
677972,1813,30576,142,87001,35.00,-7.24,-4.90
677994,1839,30576,133,87109,35.00,-7.23,-4.91
678535,1784,30576,107,87217,34.77,-7.24,-4.85
678565,1884,29296,126,85452,35.00,-7.22,-4.85
678587,1687,29296,163,85505,35.00,-7.17,-4.89
678609,1734,29296,159,85535,35.00,-7.23,-4.88
678631,1780,29296,149,85547,35.00,-7.18,-4.89
678653,1886,29296,146,85585,35.00,-7.23,-4.90
678675,1943,29296,131,85678,35.00,-7.21,-4.88
678697,1951,29296,141,85761,35.00,-7.24,-4.87
678719,1918,29296,135,85857,35.00,-7.22,-4.89
678760,1907,29296,147,86275,35.00,-7.25,-4.92
678782,1877,29296,155,86394,35.00,-7.23,-4.89
678804,1829,29296,165,86518,35.00,-7.22,-4.90
678826,1765,29296,165,86674,35.00,-7.22,-4.87
678848,1770,29296,171,86789,35.00,-7.24,-4.90
678870,1853,29296,167,86871,35.00,-7.25,-4.86
678892,1917,29296,159,86960,35.00,-7.22,-4.85
678914,1941,29296,140,87088,35.00,-7.22,-4.85
678936,1934,30064,135,87181,35.00,-7.22,-4.89
678958,1963,30064,125,87315,35.00,-7.19,-4.88
678980,1840,30064,134,87458,35.00,-7.23,-4.85
679021,1684,30064,138,87775,35.00,-7.25,-4.91
679043,1677,29296,155,87656,35.00,-7.21,-4.89
679065,1716,30064,173,87438,35.00,-7.24,-4.91
679087,1723,30064,171,87108,35.00,-7.24,-4.86
679109,1741,30064,165,86841,35.00,-7.25,-4.88
679131,1833,30064,154,86636,35.00,-7.19,-4.86
679153,1964,29296,147,86502,35.00,-7.19,-4.92
679175,1983,29296,136,86442,35.00,-7.25,-4.92
679197,1975,29296,139,86410,35.00,-7.21,-4.85
679219,1967,29296,150,86410,35.00,-7.23,-4.86
679262,1911,30064,160,86559,35.00,-7.22,-4.89
679284,1863,30064,174,86669,35.00,-7.20,-4.89
679306,1784,30064,179,86707,35.00,-7.20,-4.90
679328,1855,30064,186,86705,35.00,-7.21,-4.90
679350,1943,30064,173,86703,35.00,-7.21,-4.89
679372,2021,30064,159,86656,35.00,-7.20,-4.86
679394,1903,30576,137,86671,35.00,-7.23,-4.91
679416,1779,30576,119,86742,35.00,-7.23,-4.91
679438,1613,30576,115,86785,35.00,-7.21,-4.90
679460,1509,30576,121,86831,35.00,-7.22,-4.90
679502,1444,30576,137,87048,35.00,-7.18,-4.91
679524,1387,30576,152,87009,35.00,-7.21,-4.85
679546,1415,30576,151,86947,35.00,-7.23,-4.91
679568,1485,30576,152,86861,35.00,-7.21,-4.89
679590,1609,30064,147,86811,35.00,-7.20,-4.84
679612,1741,30576,147,86792,35.00,-7.19,-4.87
679634,1911,30576,143,86794,35.00,-7.21,-4.88
679656,1979,30576,141,86791,35.00,-7.21,-4.91
679678,1989,30576,139,86815,35.00,-7.22,-4.92
679700,1895,30576,151,86926,35.00,-7.25,-4.84
679722,1823,30576,163,87020,35.00,-7.24,-4.89
679763,1757,30576,164,86931,35.00,-7.22,-4.89
679785,1656,30576,169,86677,35.00,-7.19,-4.83
679807,1703,30576,173,86388,35.00,-7.22,-4.83
679829,1797,30576,168,86141,35.00,-7.23,-4.92
679851,1868,30576,155,85994,35.00,-7.24,-4.89
679873,1910,30576,141,85917,35.00,-7.21,-4.91
679895,1973,30576,139,85857,35.00,-7.22,-4.88
679917,1885,30576,125,85816,35.00,-7.24,-4.85
679939,1685,30576,124,85825,35.00,-7.25,-4.88
679961,1515,30576,127,85865,35.00,-7.20,-4.92
680574,1455,30576,145,86132,34.97,-7.22,-4.88
680605,1762,30576,125,85796,35.00,-7.23,-4.89
680627,1591,30576,169,85693,35.00,-7.25,-4.87
680649,1733,30576,164,85637,35.00,-7.21,-4.86
680671,1851,30576,155,85647,35.00,-7.24,-4.85
680693,1939,30576,137,85706,35.00,-7.24,-4.88
680715,1942,30576,135,85812,35.00,-7.21,-4.87
680737,1987,30576,135,85920,35.00,-7.20,-4.86
680759,2056,30576,137,85976,35.00,-7.24,-4.88
680781,1945,30576,143,86078,35.00,-7.20,-4.91
680803,1881,30576,159,86197,35.00,-7.23,-4.89
680846,1798,30576,169,86405,35.00,-7.24,-4.88
680868,1877,30576,173,86481,35.00,-7.23,-4.88
680890,1929,30576,160,86524,35.00,-7.22,-4.93
680912,2063,30576,155,86554,35.00,-7.24,-4.91
680934,1907,30576,141,86630,35.00,-7.22,-4.85
680956,1893,30576,135,86726,35.00,-7.23,-4.90
680978,1843,30576,137,86829,35.00,-7.23,-4.90
681340,1801,30576,141,86946,35.37,-7.26,-4.85
681368,1751,30576,157,85938,35.00,-7.24,-4.89
681390,1741,30576,167,85976,35.00,-7.21,-4.89
681412,1802,30576,153,86088,35.00,-7.24,-4.89
681434,1832,30576,141,86186,35.00,-7.23,-4.90
681456,1844,30576,135,86260,35.00,-7.24,-4.86
681478,1864,30576,139,86332,35.00,-7.23,-4.88
681500,1750,30576,147,86380,35.00,-7.23,-4.88
681522,1707,30576,157,86465,35.00,-7.21,-4.88
681544,1637,30576,169,86550,35.00,-7.22,-4.89
681566,1631,30576,173,86621,35.00,-7.22,-4.88
681607,1675,30576,172,86936,35.00,-7.24,-4.85
681629,1625,30576,160,87005,35.00,-7.23,-4.92
681651,1595,30576,149,87088,35.00,-7.22,-4.90
681673,1691,30576,135,87198,35.00,-7.23,-4.90
681695,1719,30576,127,87293,35.00,-7.23,-4.87
681717,1725,30576,125,87390,35.00,-7.21,-4.88
681739,1715,30576,141,87489,35.00,-7.21,-4.88
681761,1677,30576,143,87572,35.00,-7.20,-4.92
681783,1683,30576,164,87640,35.00,-7.22,-4.88
681805,1747,30576,173,87711,35.00,-7.23,-4.86
681827,1810,30576,173,87816,35.00,-7.22,-4.89
681868,1867,30576,168,88089,35.00,-7.22,-4.89
681890,1940,30576,168,88177,35.00,-7.24,-4.88
681912,1999,30576,153,88269,35.00,-7.23,-4.92
681934,2030,30576,146,88243,35.00,-7.23,-4.89
681956,1995,30576,137,88009,35.00,-7.21,-4.88
681978,1907,30576,135,87619,35.00,-7.24,-4.89
682358,1821,30576,149,87311,34.57,-7.27,-4.91
682389,1663,30576,139,86784,35.00,-7.21,-4.90
682411,1735,30064,145,86850,35.00,-7.20,-4.87
682433,1845,30576,134,86929,35.00,-7.20,-4.88
682455,1853,30064,133,86992,35.00,-7.22,-4.86
682477,1877,30064,125,87050,35.00,-7.22,-4.87
682499,1843,30576,141,87134,35.00,-7.21,-4.87
682521,1852,30576,143,87277,35.00,-7.21,-4.91
682543,1828,30064,164,87404,35.00,-7.23,-4.88
682565,1815,30064,170,87466,35.00,-7.24,-4.89
682587,1837,30064,169,87542,35.00,-7.19,-4.84
682609,1918,30064,157,87682,35.00,-7.24,-4.91
682650,2023,30576,149,87817,35.00,-7.25,-4.89
682672,2023,30576,137,87611,35.00,-7.24,-4.90
682694,2011,30064,132,87282,35.00,-7.21,-4.86
682716,1983,30064,126,86989,35.00,-7.26,-4.90
682738,2006,30064,133,86782,35.00,-7.20,-4.87
682760,1929,30064,141,86675,35.00,-7.19,-4.91
682782,1939,30064,155,86596,35.00,-7.22,-4.88
682804,1945,30064,166,86522,35.00,-7.23,-4.89
682826,2021,30064,179,86483,35.00,-7.23,-4.89
682848,1677,30064,157,86521,35.00,-7.22,-4.91
682891,1598,30064,149,86641,35.00,-7.24,-4.89
682913,1445,30064,121,86758,35.00,-7.21,-4.90
682935,2175,30064,137,86895,35.00,-7.24,-4.86
682957,1835,30064,133,86993,35.00,-7.21,-4.89
682979,1909,29296,135,87052,35.00,-7.25,-4.88
683377,1868,29296,147,87064,36.08,-7.19,-4.88
683412,1759,30064,139,87505,35.00,-7.19,-4.93
683434,1937,30064,137,87264,35.00,-7.19,-4.88
683456,1891,30064,127,87103,35.00,-7.20,-4.87
683478,1879,30064,137,86982,35.00,-7.23,-4.90
683500,1821,30064,151,86881,35.00,-7.23,-4.90
683522,1735,30064,165,86835,35.00,-7.21,-4.91
683544,1727,30064,171,86849,35.00,-7.22,-4.90
683566,1711,30064,171,86888,35.00,-7.25,-4.85
683588,1779,30576,167,86969,35.00,-7.20,-4.91
683610,1861,30576,157,87019,35.00,-7.21,-4.86
683652,1961,30576,141,87152,35.00,-7.25,-4.90
683674,2019,30064,137,87215,35.00,-7.21,-4.93
683696,1994,30064,135,87271,35.00,-7.24,-4.87
683718,1991,30576,143,87360,35.00,-7.23,-4.88
683740,1903,30576,151,87463,35.00,-7.20,-4.87
683762,1853,30064,173,87572,35.00,-7.21,-4.89
683784,1807,30064,173,87682,35.00,-7.25,-4.86
683806,1792,30576,179,87832,35.00,-7.22,-4.89
683828,1851,30576,170,87934,35.00,-7.23,-4.86
683850,1871,30576,158,88046,35.00,-7.24,-4.89
683872,1871,30576,141,88152,35.00,-7.20,-4.88
683913,1839,30576,141,88419,35.00,-7.22,-4.91
683935,1823,30576,133,88522,35.00,-7.23,-4.89
683957,1768,30576,133,88633,35.00,-7.22,-4.89
683979,1741,30576,147,88746,35.00,-7.23,-4.91
684396,1703,30576,159,88835,34.64,-7.23,-4.87
684434,1863,30576,140,88493,35.00,-7.19,-4.90
684456,1989,30064,127,88610,35.00,-7.20,-4.90
684478,1912,30576,140,88707,35.00,-7.21,-4.92
684500,1867,30576,151,88802,35.00,-7.24,-4.89
684522,1803,30064,165,88888,35.00,-7.22,-4.87
684544,1789,30064,172,88974,35.00,-7.26,-4.89
684566,1843,30576,169,89054,35.00,-7.22,-4.89
684588,1879,30576,160,89117,35.00,-7.21,-4.90
684610,1917,30576,149,89193,35.00,-7.23,-4.91
684632,1965,30576,139,89257,35.00,-7.19,-4.89
684654,1972,30576,135,89326,35.00,-7.25,-4.87
684695,1974,30576,135,89625,35.00,-7.24,-4.90
684717,1967,30576,140,89678,35.00,-7.21,-4.88
684739,1900,30576,147,89736,35.00,-7.21,-4.89
684761,1845,30576,167,89807,35.00,-7.28,-4.90
684783,1803,30576,171,89716,35.00,-7.20,-4.94
684805,1743,30576,179,89397,35.00,-7.24,-4.90
684827,1788,30576,169,88989,35.00,-7.25,-4.85
684849,1823,30576,165,88617,35.00,-7.23,-4.88
684871,1957,30576,149,88341,35.00,-7.22,-4.86
684893,1966,30576,143,88149,35.00,-7.23,-4.87
684936,1939,30576,135,87851,35.00,-7.24,-4.90
684958,1847,30576,149,87800,35.00,-7.24,-4.90
684980,1766,30576,155,87873,35.00,-7.22,-4.86
685416,1691,30576,172,87969,35.33,-7.23,-4.91
685457,1773,30576,141,89603,35.00,-7.24,-4.90
685479,1833,30576,157,89618,35.00,-7.24,-4.88
685501,1722,30576,165,89403,35.00,-7.23,-4.89
685523,1719,30576,172,89021,35.00,-7.22,-4.91
685545,1734,30576,174,88609,35.00,-7.24,-4.92
685567,1789,30576,163,88267,35.00,-7.23,-4.87
685589,1884,30064,154,88055,35.00,-7.23,-4.87
685611,1947,30576,143,87888,35.00,-7.21,-4.90
685633,1988,30576,138,87766,35.00,-7.24,-4.89
685655,1957,30576,135,87680,35.00,-7.16,-4.85
685698,1899,30576,142,87799,35.00,-7.23,-4.90
685720,1866,30064,165,87905,35.00,-7.23,-4.89
685742,1849,30576,173,87977,35.00,-7.24,-4.89
685764,1775,30064,172,88020,35.00,-7.24,-4.88
685786,1704,30064,161,88069,35.00,-7.23,-4.87
685808,1688,30064,153,88131,35.00,-7.20,-4.89
685830,1798,30064,149,88170,35.00,-7.23,-4.90
685852,1927,30064,138,88224,35.00,-7.23,-4.88
685874,1934,30064,138,88271,35.00,-7.23,-4.82
685896,1937,30064,137,88333,35.00,-7.23,-4.87
685938,1821,30064,149,88532,35.00,-7.23,-4.88
685960,1863,30064,167,88600,35.00,-7.21,-4.88
685982,1861,30064,187,88689,35.00,-7.24,-4.91
686690,1968,30064,189,88768,34.97,-7.21,-4.89
686720,1928,30064,134,88216,35.00,-7.23,-4.90
686742,1719,30064,164,88245,35.00,-7.23,-4.86
686764,1775,30064,176,88307,35.00,-7.18,-4.85
686786,1803,30064,167,88366,35.00,-7.18,-4.88
686808,1871,30064,167,88422,35.00,-7.22,-4.86
686830,1917,30064,151,88500,35.00,-7.22,-4.86
686852,1967,30064,140,88595,35.00,-7.19,-4.87
686874,1927,30064,133,88666,35.00,-7.20,-4.91
686896,1917,30064,139,88694,35.00,-7.22,-4.89
686918,1827,30064,151,88562,35.00,-7.22,-4.87
686940,1791,30064,163,88192,35.00,-7.19,-4.90
686981,1801,30064,171,87003,35.00,-7.23,-4.86
687710,1881,30064,175,86768,35.33,-7.19,-4.89
687743,1967,30064,137,86203,35.00,-7.24,-4.90
687765,1833,30064,173,86069,35.00,-7.20,-4.92
687787,1897,30064,167,86008,35.00,-7.20,-4.88
687809,1831,30064,153,86001,35.00,-7.22,-4.88
687831,1883,30064,141,86078,35.00,-7.22,-4.85
687853,1965,30064,139,86223,35.00,-7.21,-4.92
687875,1939,30064,135,86391,35.00,-7.22,-4.89
687897,1863,30064,147,86553,35.00,-7.20,-4.84
687919,1763,30064,152,86663,35.00,-7.22,-4.88
687941,1737,30064,171,86754,35.00,-7.20,-4.91
687983,1723,30064,179,87081,35.00,-7.20,-4.89
688729,1675,30064,167,87217,34.57,-7.23,-4.93
688765,2023,30064,137,88252,35.00,-7.20,-4.89
688787,1932,30064,165,88321,35.00,-7.22,-4.89
688809,1973,30064,151,88407,35.00,-7.22,-4.89
688831,1993,30064,137,88533,35.00,-7.19,-4.90
688853,1989,30064,134,88656,35.00,-7.25,-4.86
688875,1947,30064,137,88743,35.00,-7.24,-4.88
688897,1917,30064,149,88829,35.00,-7.21,-4.88
688919,1837,30064,159,88934,35.00,-7.23,-4.85
688941,1773,30064,171,89022,35.00,-7.23,-4.93
688963,1757,30064,180,89123,35.00,-7.20,-4.88
689749,1817,30064,173,89420,34.87,-7.22,-4.84
689787,1883,30064,135,89654,35.00,-7.20,-4.92
689809,1883,29296,137,89706,35.00,-7.20,-4.85
689831,1997,30064,133,89742,35.00,-7.20,-4.90
689853,1899,30064,123,89803,35.00,-7.21,-4.88
689875,1919,29296,133,89912,35.00,-7.24,-4.88
689897,1851,29296,143,90055,35.00,-7.18,-4.89
689919,1839,29296,159,90146,35.00,-7.23,-4.88
689941,1844,29296,171,90174,35.00,-7.22,-4.86
689963,1806,29296,179,90087,35.00,-7.23,-4.92
689985,1833,29296,165,89800,35.00,-7.24,-4.87
690513,1821,29296,152,89343,34.88,-7.20,-4.87
690549,1934,29296,145,89829,35.00,-7.21,-4.90
690571,1765,29296,127,89906,35.00,-7.25,-4.89
690593,1670,29296,115,89968,35.00,-7.21,-4.86
690615,1625,29296,135,90039,35.00,-7.21,-4.92
690637,1621,28784,145,90135,35.00,-7.24,-4.91
690659,1589,29296,157,90262,35.00,-7.21,-4.85
690681,1566,29296,165,90373,35.00,-7.21,-4.90
690703,1587,28784,173,90525,35.00,-7.22,-4.86
690725,1682,28784,163,90658,35.00,-7.23,-4.85
690747,1754,28784,153,90626,35.00,-7.21,-4.90
690769,1819,29296,138,90338,35.00,-7.26,-4.88
690810,1837,29296,135,89134,35.00,-7.24,-4.87
690832,1850,29296,125,88958,35.00,-7.22,-4.90
690854,1835,29296,135,88825,35.00,-7.25,-4.89
690876,1866,29296,146,88729,35.00,-7.22,-4.88
690898,1769,29296,159,88661,35.00,-7.19,-4.89
690920,1752,28784,172,88632,35.00,-7.21,-4.85
690942,1757,28784,174,88719,35.00,-7.23,-4.88
690964,1749,28784,169,88910,35.00,-7.20,-4.88
690986,1811,28784,155,89117,35.00,-7.25,-4.88
691533,1883,28784,149,89292,34.77,-7.23,-4.87
691572,1813,29296,137,93587,35.00,-7.19,-4.88
691594,1806,29296,133,93313,35.00,-7.24,-4.87
691616,1759,29296,143,93156,35.00,-7.19,-4.88
691638,1705,29296,157,93015,35.00,-7.24,-4.90
691660,1688,29296,169,92934,35.00,-7.24,-4.87
691682,1643,28784,171,92896,35.00,-7.26,-4.90
691704,1707,28784,168,92931,35.00,-7.19,-4.88
691726,1791,28784,157,93074,35.00,-7.26,-4.90
691748,1877,28784,147,93329,35.00,-7.20,-4.85
691770,1887,28784,139,93611,35.00,-7.24,-4.88
691812,1897,28784,140,94307,35.00,-7.24,-4.89
691834,1863,28784,135,94478,35.00,-7.22,-4.86
691856,1789,29296,143,94692,35.00,-7.21,-4.91
691878,1721,28784,155,94933,35.00,-7.21,-4.92
691900,1721,28784,170,95190,35.00,-7.25,-4.90
691922,1683,28784,174,95462,35.00,-7.20,-4.92
691944,1753,28784,167,95765,35.00,-7.22,-4.91
691966,1789,28784,159,96061,35.00,-7.20,-4.91
691988,1863,29296,143,96336,35.00,-7.24,-4.92
692552,1918,28784,138,96631,35.46,-7.19,-4.87
692594,1776,28784,137,96631,35.00,-7.21,-4.91
692616,1703,29296,141,96631,35.00,-7.21,-4.92
692638,1620,29296,155,96631,35.00,-7.18,-4.89
692660,1561,28784,164,96631,35.00,-7.24,-4.93
692682,1573,28784,170,96631,35.00,-7.20,-4.89
692704,1625,29296,167,96631,35.00,-7.22,-4.91
692726,1749,28784,155,96631,35.00,-7.22,-4.87
692748,1821,29296,141,96631,35.00,-7.22,-4.88
692770,1893,29296,135,96631,35.00,-7.20,-4.86
692792,1907,29296,125,96631,35.00,-7.23,-4.91
692814,1867,29296,137,96631,35.00,-7.22,-4.86
692855,1791,29296,142,96631,35.00,-7.20,-4.85
692877,1775,29296,153,96631,35.00,-7.25,-4.90
692899,1745,29296,163,96631,35.00,-7.24,-4.87
692921,1781,29296,175,96631,35.00,-7.23,-4.92
692943,1787,29296,171,96631,35.00,-7.25,-4.87
692965,1850,29296,159,96631,35.00,-7.22,-4.92
692987,1943,29296,153,96631,35.00,-7.23,-4.90
693572,1962,29296,143,96631,34.64,-7.24,-4.90
693603,1751,28784,127,96631,35.00,-7.26,-4.87
693625,1701,28784,154,96631,35.00,-7.22,-4.87
693647,1799,28784,141,96631,35.00,-7.20,-4.87
693669,1846,28784,125,96631,35.00,-7.20,-4.87
693691,1850,28784,118,96631,35.00,-7.19,-4.89
693713,1883,28784,123,96631,35.00,-7.23,-4.87
693735,1823,28784,135,96631,35.00,-7.22,-4.88
693777,1763,28784,149,96631,35.00,-7.22,-4.89
693799,1651,28784,157,96631,35.00,-7.22,-4.88
693821,1707,28784,169,96631,35.00,-7.21,-4.89
693843,1767,28784,162,96631,35.00,-7.27,-4.87
693865,1829,28784,152,96631,35.00,-7.19,-4.88
693887,1865,28784,139,96631,35.00,-7.19,-4.88
693909,1929,28784,135,96631,35.00,-7.24,-4.87
693931,1957,28784,121,96631,35.00,-7.25,-4.86
693953,1931,28784,124,96631,35.00,-7.25,-4.91
693975,1903,28784,138,96631,35.00,-7.24,-4.89
693997,1831,28784,156,96631,35.00,-7.17,-4.89
694038,1773,28784,165,96631,35.00,-7.23,-4.88
694060,1786,28784,166,96631,35.00,-7.22,-4.81
694082,1807,28784,166,96631,35.00,-7.21,-4.89
694104,1837,28784,159,96631,35.00,-7.23,-4.86
694126,1928,28784,153,96631,35.00,-7.23,-4.87
694148,2007,28784,137,96631,35.00,-7.23,-4.89
694170,2025,28784,132,96631,35.00,-7.24,-4.89
694192,1999,28784,127,96631,35.00,-7.24,-4.91
694214,1933,28784,143,96631,35.00,-7.22,-4.85
694236,1912,28784,153,96631,35.00,-7.25,-4.84
694278,1861,28784,166,96631,35.00,-7.21,-4.91
694300,1831,28784,171,96631,35.00,-7.26,-4.86
694322,1811,28784,175,96631,35.00,-7.23,-4.88
694344,1815,28784,163,96631,35.00,-7.21,-4.86
694366,1839,28784,149,96631,35.00,-7.22,-4.89
694388,1854,28784,132,96631,35.00,-7.20,-4.88
694410,1907,28784,133,96631,35.00,-7.22,-4.84
694432,1833,28784,125,96631,35.00,-7.24,-4.91
694454,1753,28784,139,96631,35.00,-7.21,-4.90
694476,1663,28784,141,96631,35.00,-7.23,-4.87
694498,1594,28784,157,96631,35.00,-7.18,-4.90
694539,1559,28784,164,96631,35.00,-7.24,-4.89
694561,1503,28784,159,96631,35.00,-7.21,-4.89
694583,1544,28784,150,96631,35.00,-7.22,-4.88
694605,1653,28784,147,96631,35.00,-7.26,-4.84
694627,1721,28784,136,96631,35.00,-7.17,-4.91
694649,1757,28784,123,96631,35.00,-7.20,-4.91
694671,1759,28784,121,96631,35.00,-7.22,-4.86
694693,1711,28784,117,96631,35.00,-7.26,-4.88
694715,1655,28784,132,96631,35.00,-7.23,-4.91
694737,1577,28784,147,96631,35.00,-7.23,-4.92
694780,1541,28784,156,96631,35.00,-7.26,-4.89
694802,1669,28784,167,96631,35.00,-7.22,-4.89
694824,1747,28784,153,96631,35.00,-7.23,-4.89
694846,1814,28784,143,96631,35.00,-7.20,-4.91
694868,1877,28784,123,96631,35.00,-7.20,-4.91
694890,1951,28784,125,96631,35.00,-7.21,-4.88
694912,1943,28784,123,96631,35.00,-7.24,-4.90
694934,1835,28784,139,96631,35.00,-7.25,-4.91
694956,1797,28784,146,96631,35.00,-7.23,-4.91
694978,1779,28784,159,96631,35.00,-7.28,-4.86
695020,1716,28784,163,96631,35.00,-7.19,-4.88
695042,1625,28784,159,96631,35.00,-7.21,-4.89
695064,1709,28784,153,96631,35.00,-7.21,-4.86
695086,1879,28784,141,96631,35.00,-7.22,-4.92
695108,2009,28784,128,96631,35.00,-7.25,-4.89
695130,2045,29296,137,96631,35.00,-7.22,-4.86
695152,1991,29296,135,96631,35.00,-7.22,-4.91
695174,1911,29296,140,96631,35.00,-7.19,-4.89
695196,1817,29296,150,96631,35.00,-7.24,-4.90
695218,1797,29296,159,96631,35.00,-7.22,-4.90
695240,1815,29296,173,96631,35.00,-7.22,-4.84
695281,1881,29296,172,96631,35.00,-7.20,-4.90
695303,1895,29296,173,96631,35.00,-7.25,-4.85
695325,1915,29296,165,96631,35.00,-7.19,-4.91
695347,1989,29296,146,96631,35.00,-7.23,-4.87
695369,2001,29296,139,96631,35.00,-7.19,-4.90
695391,1912,29296,125,96631,35.00,-7.22,-4.88
695413,1865,29296,135,96631,35.00,-7.19,-4.90
695435,1807,29296,149,96631,35.00,-7.22,-4.85
695457,1781,29296,169,96631,35.00,-7.20,-4.89
695479,1805,29296,179,96631,35.00,-7.23,-4.87
695522,1781,29296,181,96631,35.00,-7.20,-4.88
695544,1737,29296,159,96631,35.00,-7.21,-4.92
695566,1788,29296,151,96631,35.00,-7.22,-4.89
695588,1851,29296,135,96631,35.00,-7.21,-4.85
695610,1899,29296,133,96631,35.00,-7.23,-4.89
695632,1821,29296,136,96631,35.00,-7.19,-4.92
695654,1723,29296,145,96631,35.00,-7.23,-4.89
695676,1673,29296,155,96631,35.00,-7.20,-4.89
695698,1639,29296,165,96631,35.00,-7.20,-4.90
695720,1563,29296,167,96631,35.00,-7.20,-4.89
695762,1525,29296,165,96631,35.00,-7.23,-4.87
695784,1595,29296,153,96631,35.00,-7.21,-4.89
695806,1971,29296,145,96631,35.00,-7.20,-4.87
695828,1811,29296,134,96631,35.00,-7.23,-4.91
695850,1763,29296,121,96631,35.00,-7.21,-4.87
695872,1717,29296,123,96631,35.00,-7.18,-4.89
695894,2222,29296,146,96631,35.00,-7.24,-4.88
695916,1548,29296,153,96631,35.00,-7.23,-4.89
695938,1557,29296,165,96631,35.00,-7.17,-4.87
695960,1759,28784,173,96631,35.00,-7.16,-4.92
695982,1721,29296,169,96631,35.00,-7.24,-4.90
696023,1675,29296,155,96631,35.00,-7.20,-4.86
696045,1913,29296,164,96631,35.00,-7.23,-4.88
696067,1891,29296,141,96631,35.00,-7.22,-4.92
696089,1895,29296,133,96631,35.00,-7.20,-4.92
696111,1907,29296,123,96631,35.00,-7.24,-4.85
696133,1883,29296,137,96631,35.00,-7.23,-4.89
696155,1845,29296,151,96631,35.00,-7.23,-4.87
696177,1759,29296,170,96631,35.00,-7.25,-4.86
696199,1688,29296,171,96631,35.00,-7.19,-4.93
696221,1643,29296,173,96631,35.00,-7.23,-4.90
696263,1720,29296,166,96631,35.00,-7.22,-4.88
696285,1896,29296,157,96631,35.00,-7.22,-4.86
696307,1881,29296,135,96631,35.00,-7.25,-4.89
696329,1912,29296,125,96631,35.00,-7.25,-4.85
696351,1845,29296,122,96631,35.00,-7.23,-4.91
696373,1853,29296,137,96631,35.00,-7.23,-4.88
696395,1810,29296,150,96631,35.00,-7.21,-4.90
696417,1721,29296,164,96631,35.00,-7.24,-4.89
696439,1659,29296,168,96631,35.00,-7.23,-4.90
696461,1710,29296,179,96631,35.00,-7.22,-4.87
696483,1816,29296,167,96631,35.00,-7.21,-4.91
696524,1889,29296,155,96631,35.00,-7.23,-4.89
696546,1949,29296,147,96631,35.00,-7.20,-4.92
696568,1945,29296,126,96631,35.00,-7.22,-4.87
696590,1937,29296,123,96631,35.00,-7.21,-4.89
696612,1933,29296,134,96631,35.00,-7.22,-4.87
696634,1865,29296,147,96631,35.00,-7.23,-4.84
696656,1807,29296,157,96631,35.00,-7.22,-4.90
696678,1735,29296,173,96631,35.00,-7.22,-4.88
696700,1769,29296,183,96631,35.00,-7.25,-4.88
696722,1834,29296,175,96631,35.00,-7.22,-4.88
696765,1902,29296,159,96631,35.00,-7.19,-4.89
696787,1926,28784,135,96631,35.00,-7.23,-4.88
696809,1892,29296,127,96631,35.00,-7.22,-4.92
696831,1881,29296,123,96631,35.00,-7.19,-4.90
696853,1819,29296,140,96631,35.00,-7.21,-4.88
696875,1747,29296,149,96631,35.00,-7.24,-4.86
696897,1660,29296,165,96631,35.00,-7.23,-4.88
696919,1597,29296,164,96631,35.00,-7.22,-4.89
696941,1657,29296,179,96631,35.00,-7.21,-4.90
696963,1867,29296,182,96631,35.00,-7.22,-4.89
697393,1957,29296,159,96631,35.22,-7.21,-4.91
697426,1823,29296,151,96631,35.00,-7.21,-4.90
697448,1803,29296,117,96631,35.00,-7.23,-4.90
697470,1673,29296,103,96631,35.00,-7.21,-4.88
697492,1623,29296,117,96631,35.00,-7.20,-4.88
697514,1737,29296,147,96631,35.00,-7.19,-4.91
697536,1821,29296,173,96631,35.00,-7.24,-4.90
697558,1895,29296,181,96631,35.00,-7.20,-4.88
697580,1915,29296,183,96631,35.00,-7.23,-4.85
697602,1887,29296,175,96631,35.00,-7.23,-4.90
697624,1823,29296,155,96631,35.00,-7.20,-4.86
697646,1823,29296,133,96631,35.00,-7.22,-4.88
697687,1879,29296,122,96631,35.00,-7.27,-4.86
697709,1925,29296,127,96631,35.00,-7.21,-4.90
697731,1925,29296,138,96631,35.00,-7.20,-4.90
697753,1925,29296,152,96631,35.00,-7.23,-4.88
697775,1909,29296,164,96631,35.00,-7.23,-4.89
697797,1848,29296,169,96631,35.00,-7.25,-4.85
697819,1738,29296,173,96631,35.00,-7.21,-4.84
697841,1659,29296,163,96631,35.00,-7.20,-4.88
697863,1711,29296,153,96631,35.00,-7.20,-4.89
697885,1827,29296,141,96631,35.00,-7.21,-4.89
697928,1864,29296,137,96631,35.00,-7.21,-4.87
697950,1853,29296,137,96631,35.00,-7.27,-4.90
697972,1885,30064,137,96631,35.00,-7.24,-4.88
697994,1833,29296,135,96631,35.00,-7.18,-4.85
698413,1741,29296,149,96631,35.53,-7.24,-4.86
698449,1463,29296,137,96631,35.00,-7.22,-4.86
698471,1749,29296,133,96631,35.00,-7.23,-4.86
698493,1758,29296,141,96631,35.00,-7.19,-4.87
698515,1711,29296,146,96631,35.00,-7.27,-4.88
698537,1609,29296,147,96631,35.00,-7.19,-4.90
698559,1637,29296,153,96631,35.00,-7.23,-4.89
698581,1740,29296,157,96631,35.00,-7.26,-4.85
698603,1803,29296,155,96631,35.00,-7.25,-4.90
698625,1875,29296,138,96631,35.00,-7.24,-4.90
698647,1871,29296,123,96631,35.00,-7.22,-4.87
698689,1852,29296,118,96631,35.00,-7.22,-4.89
698711,1811,29296,111,96631,35.00,-7.20,-4.90
698733,1783,29296,124,96631,35.00,-7.23,-4.93
698755,1759,29296,151,96631,35.00,-7.20,-4.86
698777,1769,29296,158,96631,35.00,-7.22,-4.87
698799,1746,29296,169,96631,35.00,-7.22,-4.89
698821,1804,29296,165,96631,35.00,-7.19,-4.88
698843,1848,29296,152,96631,35.00,-7.25,-4.89
698865,1927,29296,139,96631,35.00,-7.20,-4.85
698887,1997,29296,126,96631,35.00,-7.24,-4.86
698909,1957,29296,117,96631,35.00,-7.18,-4.87
698950,1965,29296,124,96631,35.00,-7.21,-4.88
698972,1968,29296,131,96631,35.00,-7.20,-4.88
698994,1939,29296,145,96631,35.00,-7.22,-4.85
699432,1933,29296,173,96631,35.94,-7.17,-4.88
699471,1754,29296,149,96631,35.00,-7.22,-4.89
699493,1783,29296,133,96631,35.00,-7.23,-4.85
699515,1741,29296,155,96631,35.00,-7.20,-4.90
699537,1737,29296,165,96631,35.00,-7.20,-4.88
699559,1711,29296,167,96631,35.00,-7.25,-4.93
699581,1757,29296,165,96631,35.00,-7.19,-4.90
699603,1813,29296,153,96631,35.00,-7.18,-4.87
699625,1874,29296,139,96631,35.00,-7.25,-4.90
699647,1916,29296,133,96631,35.00,-7.23,-4.89
699669,1933,29296,123,96631,35.00,-7.23,-4.89
699691,1940,29296,135,96631,35.00,-7.23,-4.86
699732,1896,30064,139,96631,35.00,-7.20,-4.90
699754,1868,29296,150,96631,35.00,-7.22,-4.86
699776,1809,29296,167,96631,35.00,-7.24,-4.89
699798,1837,29296,173,99678,35.00,-7.20,-4.88
699820,1817,29296,172,99265,35.00,-7.26,-4.88
699842,1855,29296,159,98951,35.00,-7.24,-4.90
699864,1900,29296,153,98754,35.00,-7.21,-4.89
699886,1917,29296,135,98626,35.00,-7.24,-4.91
699908,1937,30064,126,98534,35.00,-7.20,-4.92
699930,1895,29296,124,98531,35.00,-7.19,-4.89
699973,1839,30064,135,99012,35.00,-7.23,-4.86
699995,1757,29296,155,99059,35.00,-7.27,-4.87
700706,1724,29296,162,99052,35.15,-7.19,-4.90
700734,1964,30064,126,98295,35.00,-7.24,-4.91
700756,1719,30064,166,98318,35.00,-7.22,-4.87
700778,1705,29296,171,98418,35.00,-7.23,-4.90
700800,1727,29296,173,98512,35.00,-7.21,-4.89
700822,1839,29296,159,98578,35.00,-7.22,-4.88
700844,1907,30064,151,98677,35.00,-7.23,-4.88
700866,1961,30064,147,98762,35.00,-7.21,-4.89
700888,1945,30064,135,98837,35.00,-7.24,-4.90
700910,1911,30064,133,98907,35.00,-7.25,-4.87
700932,1845,30064,139,99029,35.00,-7.19,-4.90
700954,1772,30064,152,99118,35.00,-7.22,-4.91
700995,1699,29296,165,99264,35.00,-7.22,-4.89
701725,1689,29296,167,99335,35.11,-7.24,-4.89
701757,1951,29296,134,98414,35.00,-7.21,-4.88
701779,1711,29296,169,98578,35.00,-7.21,-4.90
701801,1783,29296,160,98747,35.00,-7.23,-4.88
701823,1874,29296,155,98889,35.00,-7.21,-4.87
701845,1901,29296,139,98899,35.00,-7.23,-4.88
701867,1929,29296,135,98662,35.00,-7.21,-4.87
701889,1893,29296,135,98229,35.00,-7.22,-4.90
701911,1813,29296,141,97734,35.00,-7.22,-4.89
701933,1724,29296,147,97347,35.00,-7.23,-4.89
701955,1655,29296,167,97127,35.00,-7.19,-4.91
701997,1618,29296,170,96817,35.00,-7.24,-4.91
702745,1625,28784,171,96821,35.06,-7.23,-4.91
702779,1031,28784,62,96601,35.00,-7.21,-4.91
702801,953,28784,111,96763,35.00,-7.24,-4.88
702823,1287,28784,119,96908,35.00,-7.22,-4.88
702845,1451,28784,115,97008,35.00,-7.23,-4.89
702867,1753,28784,107,97083,35.00,-7.21,-4.87
702889,1848,28784,105,97158,35.00,-7.24,-4.88
702911,1690,28784,119,97249,35.00,-7.20,-4.90
702933,1689,28784,141,97337,35.00,-7.23,-4.88
702955,1787,28784,155,97410,35.00,-7.20,-4.89
702977,1910,28784,171,97496,35.00,-7.22,-4.85
702999,1999,28784,167,97594,35.00,-7.24,-4.88
703040,2133,28784,159,97876,35.00,-7.24,-4.86
703062,2009,28784,137,97926,35.00,-7.23,-4.89
703084,1914,28784,119,97986,35.00,-7.24,-4.90
703106,1913,28784,116,98057,35.00,-7.24,-4.90
703128,1873,28784,119,98148,35.00,-7.26,-4.89
703150,1993,28784,143,98188,35.00,-7.24,-4.91
703172,2101,28784,158,98226,35.00,-7.22,-4.89
703194,2155,28592,182,98286,35.00,-7.23,-4.91
703216,2279,28592,191,98371,35.00,-7.22,-4.89
703238,2423,28592,199,98422,35.00,-7.21,-4.86
703281,2481,28592,181,97711,35.00,-7.25,-4.88
703303,2220,28592,147,97173,35.00,-7.23,-4.86
703325,1958,28592,122,96682,35.00,-7.23,-4.89
703347,1791,28592,117,96338,35.00,-7.21,-4.92
703369,1741,28592,116,96078,35.00,-7.20,-4.90
703391,1560,28592,123,95754,35.00,-7.24,-4.91
703413,1324,28592,133,95556,35.00,-7.18,-4.93
703435,1181,28592,149,95409,35.00,-7.20,-4.89
703457,1258,28592,163,95324,35.00,-7.21,-4.86
703479,1583,28080,159,95412,35.00,-7.26,-4.86
703521,2003,28080,173,96037,35.00,-7.24,-4.88
703543,2918,28080,199,96367,35.00,-7.23,-4.88
703565,3123,28080,200,96848,35.00,-7.20,-4.89
703587,2991,28080,201,97339,35.00,-7.23,-4.89
703609,2953,28080,215,97809,35.00,-7.24,-4.85
703631,2920,28080,221,98181,35.00,-7.20,-4.87
703653,2775,28080,229,98453,35.00,-7.22,-4.92
703675,2713,28080,237,98619,35.00,-7.19,-4.91
703697,2709,28080,239,98730,35.00,-7.19,-4.88
703719,2751,28080,231,98773,35.00,-7.24,-4.88
703741,2685,28080,217,98762,35.00,-7.22,-4.89
703782,2623,28080,205,98483,35.00,-7.22,-4.91
703804,2231,28080,175,98477,35.00,-7.24,-4.89
703826,2083,28592,164,98569,35.00,-7.23,-4.87
703848,1844,28592,163,98631,35.00,-7.25,-4.90
703870,1626,28592,155,98688,35.00,-7.22,-4.89
703892,1387,28592,156,98834,35.00,-7.23,-4.86
703914,1301,28080,174,99069,35.00,-7.25,-4.88
703936,1295,28080,180,99241,35.00,-7.19,-4.89
703958,1406,28080,171,99102,35.00,-7.23,-4.90
703980,1407,28592,153,98649,35.00,-7.24,-4.82
704022,1400,28080,143,97368,35.00,-7.23,-4.91
704044,1359,28080,127,97154,35.00,-7.18,-4.88
704066,1421,28592,137,96984,35.00,-7.20,-4.87
704088,1471,28080,141,96922,35.00,-7.21,-4.91
704110,1415,28080,153,96984,35.00,-7.23,-4.88
704132,1423,28080,170,97030,35.00,-7.23,-4.89
704154,1485,28080,185,97132,35.00,-7.21,-4.89
704176,1639,28080,197,97276,35.00,-7.20,-4.85
704198,1581,28080,183,97371,35.00,-7.19,-4.87
704220,1495,28080,158,97505,35.00,-7.26,-4.89
704242,1449,28080,143,97590,35.00,-7.19,-4.91
704283,1372,28080,124,97752,35.00,-7.22,-4.88
704305,1193,28080,117,97858,35.00,-7.19,-4.90
704327,1176,28592,111,97966,35.00,-7.23,-4.91
704349,1167,28080,109,98067,35.00,-7.21,-4.89
704371,1005,28592,101,98139,35.00,-7.22,-4.91
704393,725,28592,85,98223,35.00,-7.18,-4.89
704415,0,28592,37,98348,35.00,-7.22,-4.88
704437,0,28784,0,98445,35.00,-7.23,-4.83
704459,0,28592,191,98514,35.00,-7.24,-4.88
704481,0,28592,177,98554,35.00,-7.24,-4.89
704524,1277,28592,152,98739,35.00,-7.17,-4.90
704546,0,28080,59,98796,35.00,-7.19,-4.89
704568,2003,28080,115,98876,35.00,-7.26,-4.87
704590,3500,28080,173,98937,35.00,-7.26,-4.85
704612,3781,28080,204,99004,35.00,-7.22,-4.89
704634,3783,28080,235,99025,35.00,-7.17,-4.87
704656,3275,28080,231,98836,35.00,-7.18,-4.91
704678,2139,28592,181,98416,35.00,-7.26,-4.85
704700,1507,28080,151,97892,35.00,-7.26,-4.83
704722,1993,28080,149,97413,35.00,-7.24,-4.91
704764,3603,28080,183,96754,35.00,-7.20,-4.91
704786,3919,28592,191,96485,35.00,-7.22,-4.93
704808,2121,28080,146,96230,35.00,-7.21,-4.91
704830,1849,28080,147,96101,35.00,-7.25,-4.88
704852,2235,28080,165,96066,35.00,-7.22,-4.89
704874,2443,28080,181,96056,35.00,-7.24,-4.92
704896,2204,28080,183,96027,35.00,-7.20,-4.89
704918,2071,28080,173,95984,35.00,-7.20,-4.87
704940,1917,28592,149,95973,35.00,-7.22,-4.88
704962,1941,28592,138,96038,35.00,-7.24,-4.86
704984,1957,28592,125,96181,35.00,-7.22,-4.93
705025,1919,28592,123,96919,35.00,-7.21,-4.85
705047,1789,28080,115,97267,35.00,-7.19,-4.86
705069,1421,28592,99,97639,35.00,-7.27,-4.89
705091,845,28592,92,98060,35.00,-7.24,-4.90
705113,861,28080,109,98289,35.00,-7.20,-4.89
705135,1051,28080,121,98347,35.00,-7.24,-4.88
705157,1309,28080,127,98379,35.00,-7.21,-4.87
705179,1451,28080,143,98389,35.00,-7.23,-4.91
705201,1835,28080,163,98333,35.00,-7.24,-4.91
705223,2327,27312,174,98237,35.00,-7.21,-4.90
705266,2612,27312,171,98143,35.00,-7.29,-4.87
705288,2779,27312,229,98232,35.00,-7.24,-4.83
705310,3380,27312,285,98329,35.00,-7.24,-4.87
705332,3752,27312,297,98431,35.00,-7.25,-4.87
705354,3881,27312,279,98498,35.00,-7.23,-4.87
705376,3533,27312,255,98309,35.00,-7.24,-4.85
705398,3064,27312,236,97865,35.00,-7.19,-4.89
705420,2677,27312,217,97350,35.00,-7.21,-4.86
705442,2559,27312,204,96975,35.00,-7.24,-4.93
705464,2513,27312,183,96862,35.00,-7.25,-4.84
705506,2348,27312,175,96656,35.00,-7.22,-4.92
705528,1911,26800,167,96655,35.00,-7.22,-4.89
705550,1861,27312,171,96796,35.00,-7.22,-4.87
705572,1815,27312,185,96968,35.00,-7.24,-4.89
705594,1763,26800,197,97139,35.00,-7.19,-4.88
705616,1673,26800,199,97230,35.00,-7.25,-4.88
705638,1610,26800,183,97314,35.00,-7.21,-4.90
705660,1607,26800,187,97395,35.00,-7.24,-4.84
705682,1611,26800,157,97457,35.00,-7.21,-4.83
705704,1663,26800,153,97531,35.00,-7.23,-4.92
705747,1555,27312,139,97852,35.00,-7.23,-4.89
705769,1542,26800,159,97941,35.00,-7.19,-4.86
705791,1450,27312,170,98016,35.00,-7.24,-4.87
705813,1401,26800,180,98130,35.00,-7.24,-4.87
705835,1338,26800,175,98230,35.00,-7.20,-4.89
705857,1381,26800,179,98297,35.00,-7.24,-4.91
705879,1577,26800,183,98375,35.00,-7.24,-4.91
705901,1694,26800,168,98425,35.00,-7.22,-4.85
705923,1621,26800,147,98467,35.00,-7.18,-4.89
705945,1445,26800,127,98523,35.00,-7.21,-4.93
705987,1379,26800,127,98710,35.00,-7.23,-4.87
706566,1259,26800,124,98744,35.03,-7.22,-4.88
706609,1993,26800,123,98789,35.00,-7.25,-4.89
706631,1971,26416,147,98886,35.00,-7.22,-4.87
706653,1903,26800,159,98973,35.00,-7.23,-4.89
706675,1973,26800,165,99028,35.00,-7.22,-4.89
706697,1951,26800,157,99082,35.00,-7.19,-4.90
706719,1993,26800,149,99158,35.00,-7.23,-4.91
706741,1912,26800,133,99252,35.00,-7.27,-4.87
706763,1880,26800,121,99290,35.00,-7.21,-4.92
706785,1945,26800,125,99285,35.00,-7.24,-4.87
706807,1975,26800,137,99163,35.00,-7.26,-4.92
706849,1992,26800,151,97982,35.00,-7.22,-4.88
706871,2057,26800,158,97690,35.00,-7.21,-4.89
706893,2027,26800,172,97517,35.00,-7.23,-4.91
706915,2057,26800,176,97424,35.00,-7.21,-4.90
706937,2087,26800,171,97318,35.00,-7.19,-4.92
706959,2108,26800,159,97230,35.00,-7.22,-4.89
706981,2158,26800,149,97202,35.00,-7.22,-4.89
707585,2095,26800,133,97293,35.14,-7.22,-4.89
707616,2932,26416,170,97694,35.00,-7.22,-4.90
707638,2541,26416,189,97593,35.00,-7.24,-4.89
707660,2538,26416,183,97510,35.00,-7.22,-4.89
707682,2539,26416,165,97437,35.00,-7.23,-4.91
707704,2571,26416,163,97415,35.00,-7.21,-4.91
707726,2379,26416,153,97479,35.00,-7.23,-4.91
707748,2185,26416,160,97628,35.00,-7.25,-4.86
707770,1949,26416,163,97753,35.00,-7.19,-4.87
707812,1896,26416,179,97886,35.00,-7.24,-4.91
707834,1851,26416,173,97909,35.00,-7.22,-4.86
707856,1891,26416,179,97916,35.00,-7.23,-4.84
707878,1959,26416,174,97951,35.00,-7.20,-4.87
707900,2013,26416,169,98022,35.00,-7.22,-4.89
707922,2079,26416,157,98088,35.00,-7.21,-4.90
707944,2157,26416,166,98162,35.00,-7.19,-4.89
707966,2291,26416,180,98251,35.00,-7.25,-4.91
707988,2580,26416,223,98370,35.00,-7.21,-4.84
708350,2514,26416,211,98463,34.98,-7.22,-4.90
708378,2395,26416,201,97384,35.00,-7.22,-4.91
708400,2197,26416,159,97374,35.00,-7.22,-4.90
708422,1967,26416,125,97381,35.00,-7.22,-4.85
708444,1676,26416,115,97456,35.00,-7.20,-4.90
708466,1517,26416,107,97584,35.00,-7.20,-4.86
708488,1437,26416,108,97673,35.00,-7.24,-4.90
708510,1419,26416,119,97742,35.00,-7.20,-4.88
708532,1433,26416,141,97790,35.00,-7.23,-4.90
708574,1547,26416,151,97980,35.00,-7.21,-4.90
708596,1626,26416,154,98027,35.00,-7.28,-4.87
708618,1709,26416,151,98047,35.00,-7.21,-4.88
708640,1819,26416,143,98034,35.00,-7.25,-4.91
708662,1785,26416,119,98021,35.00,-7.28,-4.87
708684,1789,26416,121,98050,35.00,-7.21,-4.91
708706,1899,26416,127,98119,35.00,-7.23,-4.84
708728,1875,26416,127,98182,35.00,-7.18,-4.84
708750,1367,26416,107,98238,35.00,-7.20,-4.87
708772,877,26416,122,98285,35.00,-7.22,-4.87
708814,1645,26416,220,98453,35.00,-7.22,-4.90
708836,3479,25904,327,98480,35.00,-7.24,-4.86
708858,2831,26416,221,98488,35.00,-7.21,-4.89
708880,2419,26416,147,98514,35.00,-7.23,-4.89
708902,2293,26416,125,98531,35.00,-7.23,-4.92
708924,2171,26416,125,98578,35.00,-7.24,-4.86
708946,1720,26416,117,98620,35.00,-7.22,-4.92
708968,1647,26416,134,98650,35.00,-7.24,-4.91
708990,1699,26416,153,98614,35.00,-7.20,-4.92
709369,1765,26416,158,98377,35.33,-7.19,-4.87
709397,1256,26416,131,97261,35.00,-7.24,-4.89
709419,2446,26416,159,97397,35.00,-7.22,-4.88
709441,3113,26416,169,97489,35.00,-7.23,-4.91
709463,2363,26416,149,97624,35.00,-7.24,-4.92
709485,1911,26416,133,97747,35.00,-7.23,-4.91
709507,1903,26416,139,97826,35.00,-7.24,-4.85
709529,2137,26416,151,97857,35.00,-7.21,-4.88
709551,2280,26416,170,97871,35.00,-7.19,-4.89
709573,2157,26416,175,97884,35.00,-7.25,-4.91
709595,1999,26416,175,97869,35.00,-7.26,-4.87
709636,2012,26416,168,97623,35.00,-7.23,-4.89
709658,2103,26416,165,97466,35.00,-7.20,-4.88
709680,2167,26416,163,97343,35.00,-7.22,-4.88
709702,2169,26416,152,97188,35.00,-7.20,-4.92
709724,2147,26416,151,96821,35.00,-7.24,-4.88
709746,2135,26800,151,96286,35.00,-7.24,-4.87
709768,2099,26800,163,95776,35.00,-7.22,-4.90
709790,2011,26416,171,95484,35.00,-7.24,-4.88
709812,1977,26416,181,95347,35.00,-7.22,-4.88
709834,2012,26416,188,95248,35.00,-7.25,-4.89
709856,2105,26800,205,95202,35.00,-7.25,-4.88
709897,2269,26416,201,95277,35.00,-7.20,-4.89
709919,2342,26416,188,95314,35.00,-7.24,-4.90
709941,2249,26416,166,95332,35.00,-7.24,-4.92
709963,2167,26416,159,95364,35.00,-7.23,-4.89
709985,2021,26416,146,95429,35.00,-7.24,-4.87
710389,1843,26416,145,95521,35.11,-7.20,-4.88
710418,1480,27312,177,98372,35.00,-7.23,-4.87
710440,1595,26800,151,98087,35.00,-7.23,-4.92
710462,1659,27312,140,97678,35.00,-7.20,-4.88
710484,1642,27312,137,97315,35.00,-7.25,-4.90
710506,1635,27312,137,97061,35.00,-7.21,-4.87
710528,1559,27312,149,96927,35.00,-7.21,-4.91
710550,1531,27312,157,96879,35.00,-7.22,-4.89
710572,1439,26800,159,96893,35.00,-7.21,-4.88
710594,1388,27312,165,96907,35.00,-7.23,-4.88
710616,1373,27312,152,96939,35.00,-7.19,-4.89
710638,1389,27312,141,97107,35.00,-7.26,-4.91
710679,1433,27312,133,97572,35.00,-7.22,-4.91
710701,1603,26800,135,97694,35.00,-7.23,-4.88
710723,1684,26800,133,97784,35.00,-7.22,-4.85
710745,1677,27312,124,97893,35.00,-7.24,-4.87
710767,1677,26800,139,98011,35.00,-7.25,-4.89
710789,1659,26800,149,98113,35.00,-7.26,-4.90
710811,1613,26800,163,98218,35.00,-7.24,-4.90
710833,1614,26800,163,98311,35.00,-7.20,-4.88
710855,1737,26800,167,98414,35.00,-7.16,-4.94
710877,1873,26800,166,98519,35.00,-7.24,-4.89
710920,2059,26800,159,98786,35.00,-7.22,-4.87
710942,2193,26800,150,98867,35.00,-7.22,-4.89
710964,2216,26800,155,98903,35.00,-7.22,-4.91
710986,2264,26800,156,98972,35.00,-7.23,-4.88
711408,2147,26800,157,99042,35.45,-7.24,-4.90
711441,1699,26800,155,98257,35.00,-7.24,-4.90
711463,1785,26800,125,98286,35.00,-7.20,-4.88
711485,1711,26800,133,98335,35.00,-7.23,-4.88
711507,1607,26800,139,98379,35.00,-7.19,-4.86
711529,1625,26800,151,98359,35.00,-7.22,-4.90
711551,1559,26800,165,98289,35.00,-7.24,-4.91
711573,1623,26800,167,98228,35.00,-7.22,-4.90
711595,1756,26800,168,98214,35.00,-7.17,-4.92
711617,1864,26800,156,98281,35.00,-7.21,-4.89
711639,1947,26800,146,98455,35.00,-7.21,-4.88
711681,2005,26800,137,98825,35.00,-7.25,-4.86
711703,1819,26800,127,98872,35.00,-7.21,-4.86
711725,1773,26800,133,98900,35.00,-7.24,-4.94
711747,1779,26800,147,98936,35.00,-7.22,-4.91
711769,1735,26800,153,98981,35.00,-7.26,-4.90
711791,1663,26800,167,99092,35.00,-7.21,-4.87
711813,1655,26800,167,99189,35.00,-7.27,-4.85
711835,1655,26800,159,99261,35.00,-7.23,-4.86
711857,1718,26800,154,99338,35.00,-7.20,-4.87
711879,1711,26800,146,99260,35.00,-7.25,-4.88
711901,1737,26800,126,98802,35.00,-7.21,-4.90
711942,1773,26800,124,96808,35.00,-7.25,-4.90
711964,1797,26800,121,96364,35.00,-7.19,-4.85
711986,1779,26800,135,96009,35.00,-7.22,-4.91
712427,1719,26800,147,95764,35.38,-7.24,-4.82
712463,1849,26416,171,98102,35.00,-7.22,-4.91
712485,2137,26416,157,98088,35.00,-7.21,-4.88
712507,2029,26800,172,98162,35.00,-7.19,-4.90
712529,2003,26800,179,98230,35.00,-7.22,-4.92
712551,1908,26800,185,98312,35.00,-7.22,-4.91
712573,1815,26800,187,98373,35.00,-7.20,-4.87
712595,1798,26416,181,98234,35.00,-7.21,-4.89
712617,1787,26800,167,97844,35.00,-7.25,-4.88
712639,1709,26800,155,97322,35.00,-7.22,-4.85
712661,1833,26800,146,96936,35.00,-7.24,-4.91
712683,1876,26800,142,96680,35.00,-7.22,-4.90
712724,1883,26800,151,96315,35.00,-7.22,-4.87
712746,1755,26800,139,96259,35.00,-7.24,-4.86
712768,1613,26800,147,96280,35.00,-7.18,-4.87
712790,1503,26800,165,96439,35.00,-7.23,-4.87
712812,1397,26416,163,96613,35.00,-7.20,-4.85
712834,1349,26800,158,96789,35.00,-7.24,-4.89
712856,1407,26800,151,96926,35.00,-7.19,-4.91
712878,1426,26800,143,96953,35.00,-7.23,-4.88
712900,1483,26800,123,97017,35.00,-7.24,-4.88
712922,1551,26800,117,97097,35.00,-7.19,-4.90
712944,1553,26800,121,97177,35.00,-7.20,-4.86
712985,1531,26800,133,97516,35.00,-7.21,-4.86
713701,1567,26800,135,97664,35.03,-7.20,-4.90
713727,1757,26416,118,97225,35.00,-7.22,-4.85
713749,1560,26416,142,97391,35.00,-7.24,-4.89
713771,1523,26416,134,97532,35.00,-7.19,-4.87
713793,1339,26416,105,97605,35.00,-7.23,-4.90
713815,983,26416,47,97723,35.00,-7.22,-4.88
713837,123,26800,22,97796,35.00,-7.21,-4.89
713859,1337,26416,169,97829,35.00,-7.24,-4.88
713881,2281,26416,185,97888,35.00,-7.25,-4.91
713903,2069,26416,147,97957,35.00,-7.26,-4.90
713925,1609,26416,124,98046,35.00,-7.18,-4.92
713967,1587,26416,125,98297,35.00,-7.25,-4.90
713989,1991,26416,156,98418,35.00,-7.22,-4.85
714721,1746,26416,163,98588,35.16,-7.17,-4.88
714749,2169,25904,142,96212,35.00,-7.22,-4.88
714771,1956,25904,179,96316,35.00,-7.20,-4.90
714793,1939,25904,178,96416,35.00,-7.22,-4.91
714815,1928,25904,167,96284,35.00,-7.22,-4.87
714837,1963,25904,153,95856,35.00,-7.24,-4.91
714859,1854,25904,135,95314,35.00,-7.25,-4.90
714881,1819,25904,133,94930,35.00,-7.24,-4.90
714903,1735,25904,120,94739,35.00,-7.24,-4.86
714925,1629,25904,123,94548,35.00,-7.19,-4.90
714947,1525,25904,133,94364,35.00,-7.25,-4.91
714969,1477,25904,147,94270,35.00,-7.24,-4.86
715740,1427,25904,154,94426,35.21,-7.20,-4.87
715772,1925,25904,136,94869,35.00,-7.23,-4.89
715794,1721,25904,167,94936,35.00,-7.26,-4.83
715816,1799,25904,155,95051,35.00,-7.24,-4.90
715838,1801,26416,139,95119,35.00,-7.24,-4.89
715860,1874,26416,125,95128,35.00,-7.22,-4.91
715882,1645,26416,120,95135,35.00,-7.22,-4.85
715904,1817,26416,135,95257,35.00,-7.20,-4.87
715926,1802,25904,143,95332,35.00,-7.22,-4.88
715948,1723,26416,150,95386,35.00,-7.24,-4.91
715970,1653,25904,163,95513,35.00,-7.22,-4.86
716512,1659,25904,167,95895,35.48,-7.24,-4.86
716554,1863,26416,169,95813,35.00,-7.22,-4.89
716576,1884,26416,153,95975,35.00,-7.22,-4.86
716598,1893,26416,149,96110,35.00,-7.20,-4.89
716620,1967,26416,138,96227,35.00,-7.21,-4.91
716642,1889,26416,123,96360,35.00,-7.20,-4.85
716664,1785,26416,135,96462,35.00,-7.22,-4.89
716686,1703,26416,137,96519,35.00,-7.23,-4.91
716708,1579,26416,141,96564,35.00,-7.26,-4.89
716730,1463,26416,145,96539,35.00,-7.19,-4.88
716752,1463,25904,150,96490,35.00,-7.23,-4.86
716794,1567,25904,149,96390,35.00,-7.21,-4.87
716816,1689,25904,139,96380,35.00,-7.20,-4.86
716838,1781,25904,126,96447,35.00,-7.24,-4.89
716860,1853,26416,121,96440,35.00,-7.24,-4.89
716882,1847,25904,124,96427,35.00,-7.23,-4.89
716904,2099,25904,153,96479,35.00,-7.24,-4.89
716926,2101,25904,181,96602,35.00,-7.20,-4.86
716948,2148,25904,199,96751,35.00,-7.20,-4.91
716970,2681,25904,213,96905,35.00,-7.23,-4.84
716992,2193,25136,222,97149,35.00,-7.25,-4.88
717524,2390,25904,220,97485,34.72,-7.23,-4.88
717556,1615,26416,121,96782,35.00,-7.24,-4.83
717578,1553,26416,99,97007,35.00,-7.19,-4.88
717600,1487,26416,103,97291,35.00,-7.26,-4.92
717622,1463,26416,99,97549,35.00,-7.22,-4.87
717644,1419,26416,106,97729,35.00,-7.24,-4.91
717666,1494,26416,126,97854,35.00,-7.27,-4.89
717688,1624,26416,149,97981,35.00,-7.23,-4.85
717710,1682,26416,163,98096,35.00,-7.19,-4.90
717732,1669,26416,165,98198,35.00,-7.23,-4.90
717754,1781,26416,167,98231,35.00,-7.22,-4.88
717797,2020,26416,171,98411,35.00,-7.22,-4.87
717819,2404,26416,159,98505,35.00,-7.23,-4.91
717841,2477,26416,160,98642,35.00,-7.21,-4.89
717863,2422,26800,153,98660,35.00,-7.26,-4.92
717885,2298,26416,167,98444,35.00,-7.21,-4.88
717907,2350,26800,169,98033,35.00,-7.24,-4.85
717929,2249,26416,187,97648,35.00,-7.21,-4.86
717951,2089,26416,188,97436,35.00,-7.23,-4.89
717973,2247,26416,217,97401,35.00,-7.21,-4.89
717995,2456,26416,205,97436,35.00,-7.21,-4.89
718037,2662,26416,197,97437,35.00,-7.20,-4.85
718059,2200,26416,149,97398,35.00,-7.25,-4.89
718081,2123,26416,175,97279,35.00,-7.20,-4.89
718103,2229,26416,149,97067,35.00,-7.23,-4.89
718125,1711,26416,147,96714,35.00,-7.21,-4.86
718147,1807,25904,164,96453,35.00,-7.24,-4.87
718169,1765,25904,187,96393,35.00,-7.21,-4.91
718191,1463,25904,181,96315,35.00,-7.26,-4.94
718213,1669,25904,198,96171,35.00,-7.22,-4.91
718235,2035,25904,185,95959,35.00,-7.25,-4.91
718257,1871,25904,157,95653,35.00,-7.25,-4.88
718298,1719,25136,149,93829,35.00,-7.23,-4.89
718320,1573,25136,137,92648,35.00,-7.19,-4.86
718342,1681,24624,132,91308,35.00,-7.23,-4.92
718364,1839,24624,147,90904,35.00,-7.22,-4.91
718386,1783,24016,156,90873,35.00,-7.23,-4.87
718408,1943,24016,163,90489,35.00,-7.22,-4.91
718430,1960,24016,175,90198,35.00,-7.24,-4.91
718452,1271,24016,165,90002,35.00,-7.19,-4.93
718474,1214,23248,152,89846,35.00,-7.22,-4.88
718496,1357,22736,149,89749,35.00,-7.21,-4.88
718538,1497,22736,125,88898,35.00,-7.23,-4.91
718560,1645,22352,117,88449,35.00,-7.24,-4.90
718582,1694,22352,119,87898,35.00,-7.22,-4.94
718604,1615,22352,135,87318,35.00,-7.20,-4.90
718626,1334,22352,135,86734,35.00,-7.24,-4.87
718648,1395,22352,167,86458,35.00,-7.24,-4.91
718670,1375,22736,165,86753,35.00,-7.24,-4.87
718692,1166,22736,160,87513,35.00,-7.25,-4.86
718714,1175,23248,165,88421,35.00,-7.25,-4.91
718736,2065,23248,183,89255,35.00,-7.23,-4.88
718758,1907,23248,135,89822,35.00,-7.24,-4.82
718799,1611,24016,91,90992,35.00,-7.26,-4.90
718821,2299,24016,135,91215,35.00,-7.23,-4.91
718843,1689,24528,105,91365,35.00,-7.20,-4.90
718865,1370,24016,145,91523,35.00,-7.21,-4.92
718887,1262,24528,155,91603,35.00,-7.21,-4.91
718909,1171,24528,156,91701,35.00,-7.23,-4.87
718931,1361,24528,157,91990,35.00,-7.17,-4.86
718953,1476,24528,149,92355,35.00,-7.26,-4.88
718975,1779,24528,139,92688,35.00,-7.23,-4.91
718997,1787,24528,121,92992,35.00,-7.23,-4.86
719040,2028,24528,125,93697,35.00,-7.22,-4.90
719062,2118,24528,131,93960,35.00,-7.25,-4.89
719084,1800,24624,135,94250,35.00,-7.23,-4.84
719106,1751,24624,147,94554,35.00,-7.23,-4.87
719128,1772,24624,160,94858,35.00,-7.20,-4.87
719150,1647,25136,165,95121,35.00,-7.24,-4.93
719172,1735,25136,165,95373,35.00,-7.22,-4.91
719194,1787,25136,159,95639,35.00,-7.23,-4.93
719216,1919,25136,150,95876,35.00,-7.23,-4.87
719238,1820,25136,139,96100,35.00,-7.21,-4.87
719280,1900,25136,139,96785,35.00,-7.24,-4.87
719302,1861,25904,135,96964,35.00,-7.23,-4.86
719324,1850,25904,149,97107,35.00,-7.25,-4.86
719346,1845,25904,157,97155,35.00,-7.22,-4.87
719368,1833,25136,173,97008,35.00,-7.24,-4.90
719390,1831,25136,174,96637,35.00,-7.20,-4.90
719412,1871,25136,173,96207,35.00,-7.25,-4.88
719434,1964,25136,167,95829,35.00,-7.24,-4.87
719456,2009,25904,159,95603,35.00,-7.23,-4.84
719478,2181,25136,155,95477,35.00,-7.22,-4.89
719500,2249,25136,153,95337,35.00,-7.22,-4.85
719541,2073,25904,157,95086,35.00,-7.22,-4.85
719563,2491,25136,150,95148,35.00,-7.23,-4.92
719585,2103,25136,155,95240,35.00,-7.20,-4.89
719607,1811,24624,159,95340,35.00,-7.21,-4.88
719629,1787,24624,155,95432,35.00,-7.22,-4.87
719651,1675,24624,165,95534,35.00,-7.22,-4.82
719673,1745,24624,156,95638,35.00,-7.21,-4.89
719695,1646,24624,147,95706,35.00,-7.20,-4.92
719717,1563,25136,133,95785,35.00,-7.22,-4.89
719739,1647,25136,124,95876,35.00,-7.23,-4.91
719781,1822,25136,125,96132,35.00,-7.22,-4.88
719803,1711,25136,127,96237,35.00,-7.18,-4.89
719825,1740,25136,137,96362,35.00,-7.22,-4.91
719847,1461,25136,145,96477,35.00,-7.21,-4.92
719869,1453,25136,153,96556,35.00,-7.23,-4.89
719891,2026,24624,165,96625,35.00,-7.22,-4.89
719913,1719,24624,154,96659,35.00,-7.21,-4.91
719935,1745,24624,147,96747,35.00,-7.22,-4.90
719957,1865,24624,133,96875,35.00,-7.25,-4.87
719979,1913,24624,135,96972,35.00,-7.21,-4.85
720582,1853,24528,123,97068,35.49,-7.22,-4.87
720623,2285,24528,221,97916,35.00,-7.20,-4.90
720645,3511,24528,309,97978,35.00,-7.20,-4.92
720667,3909,24528,330,98023,35.00,-7.23,-4.89
720689,3898,24528,226,98070,35.00,-7.22,-4.86
720711,2029,24528,171,98127,35.00,-7.21,-4.89
720733,1643,24528,159,98144,35.00,-7.21,-4.88
720755,1465,24528,147,98018,35.00,-7.24,-4.92
720777,1389,24528,133,97641,35.00,-7.23,-4.90
720799,1431,24016,127,97085,35.00,-7.24,-4.90
720821,1092,24016,117,96497,35.00,-7.22,-4.89
720843,1245,24016,125,96012,35.00,-7.17,-4.84
720884,1131,24016,143,95402,35.00,-7.22,-4.92
720906,1239,23248,149,95297,35.00,-7.24,-4.91
720928,1254,23248,164,95256,35.00,-7.23,-4.86
720950,1198,23248,155,95290,35.00,-7.23,-4.90
720972,1051,23248,159,95402,35.00,-7.20,-4.91
720994,1305,23248,148,95503,35.00,-7.23,-4.90
721600,1447,23248,138,95569,35.23,-7.21,-4.86
721631,1913,24624,136,94831,35.00,-7.19,-4.92
721653,1337,24624,143,94907,35.00,-7.22,-4.83
721675,1496,24624,139,95100,35.00,-7.24,-4.87
721697,1748,24624,121,95273,35.00,-7.23,-4.84
721719,1903,24624,124,95355,35.00,-7.22,-4.87
721741,1967,24624,125,95398,35.00,-7.22,-4.89
721763,1741,25136,139,95451,35.00,-7.23,-4.87
721785,1597,25136,141,95526,35.00,-7.24,-4.92
721826,1617,24624,159,95842,35.00,-7.19,-4.85
721848,2031,24624,166,95944,35.00,-7.24,-4.90
721870,1977,24624,167,96046,35.00,-7.20,-4.88
721892,1863,24624,159,96153,35.00,-7.19,-4.90
721914,1820,24624,153,96248,35.00,-7.22,-4.87
721936,1991,24624,143,96350,35.00,-7.23,-4.89
721958,2009,24624,134,96455,35.00,-7.24,-4.89
721980,2013,25136,126,96550,35.00,-7.17,-4.94
722365,2105,25136,135,96640,35.17,-7.22,-4.93
722408,1696,24624,155,95577,35.00,-7.21,-4.83
722430,1694,24624,175,95654,35.00,-7.21,-4.87
722452,1876,25136,173,95678,35.00,-7.26,-4.91
722474,2042,25136,180,95688,35.00,-7.19,-4.90
722496,2109,25136,165,95745,35.00,-7.22,-4.92
722518,2275,25136,160,95882,35.00,-7.26,-4.93
722540,2377,25136,154,95991,35.00,-7.25,-4.89
722562,2349,25136,155,96092,35.00,-7.26,-4.91
722584,2058,25136,157,96200,35.00,-7.20,-4.90
722606,1868,25136,171,96283,35.00,-7.22,-4.86
722648,1656,25136,175,96505,35.00,-7.24,-4.88
722670,1987,25136,203,96553,35.00,-7.24,-4.88
722692,2009,25136,190,96618,35.00,-7.21,-4.90
722714,2056,25136,184,96701,35.00,-7.21,-4.85
722736,2189,25136,165,96785,35.00,-7.23,-4.88
722758,2267,25136,156,96865,35.00,-7.19,-4.90
722780,2197,25136,150,96920,35.00,-7.22,-4.86
722802,2077,25136,154,96983,35.00,-7.24,-4.87
722824,1925,25136,165,97060,35.00,-7.26,-4.85
722846,1768,25136,171,97140,35.00,-7.23,-4.87
722868,1613,25136,173,97212,35.00,-7.21,-4.90
722909,1589,25136,178,96863,35.00,-7.19,-4.91
722931,1683,24624,169,96482,35.00,-7.25,-4.87
722953,1571,24624,156,96159,35.00,-7.24,-4.87
722975,1533,25136,153,95945,35.00,-7.24,-4.90
722997,1527,25136,127,95829,35.00,-7.20,-4.88
723385,1691,24624,135,95764,35.12,-7.19,-4.92
723413,1646,24624,168,97004,35.00,-7.22,-4.92
723435,1861,24624,154,97027,35.00,-7.21,-4.89
723457,2095,24624,149,97074,35.00,-7.17,-4.90
723479,2071,25136,137,97112,35.00,-7.23,-4.87
723501,1865,25136,127,97158,35.00,-7.22,-4.89
723523,1629,25136,135,97223,35.00,-7.25,-4.86
723545,1529,25136,147,97289,35.00,-7.23,-4.91
723567,1551,25136,165,97330,35.00,-7.19,-4.90
723589,1719,25136,182,97380,35.00,-7.23,-4.90
723631,1945,25136,189,97288,35.00,-7.25,-4.87
723653,2023,24624,167,96996,35.00,-7.23,-4.91
723675,2123,25136,170,96660,35.00,-7.18,-4.86
723697,2136,25136,153,96361,35.00,-7.26,-4.86
723719,2092,25136,135,96163,35.00,-7.21,-4.89
723741,1788,25136,117,96049,35.00,-7.21,-4.89
723763,1267,25136,107,95985,35.00,-7.24,-4.90
723785,980,25136,103,95938,35.00,-7.23,-4.93
723807,1053,25136,115,95916,35.00,-7.20,-4.88
723829,1092,25136,135,95968,35.00,-7.23,-4.91
723871,1114,25136,138,96254,35.00,-7.23,-4.87
723893,1451,24624,141,96297,35.00,-7.20,-4.90
723915,1737,25136,156,96330,35.00,-7.17,-4.87
723937,2131,25136,156,96382,35.00,-7.22,-4.87
723959,2148,25136,139,96478,35.00,-7.19,-4.91
723981,2127,25136,139,96559,35.00,-7.19,-4.88
724404,1991,25136,138,96644,35.69,-7.20,-4.90
724433,2229,24016,179,96887,35.00,-7.24,-4.91
724455,2173,24016,150,96625,35.00,-7.24,-4.92
724477,2087,24016,125,96488,35.00,-7.22,-4.88
724499,2019,24016,119,96383,35.00,-7.26,-4.90
724521,1849,24528,127,96281,35.00,-7.24,-4.88
724543,1847,24016,149,96205,35.00,-7.22,-4.89
724565,1948,24528,159,96158,35.00,-7.22,-4.89
724587,1855,24528,168,96177,35.00,-7.17,-4.88
724609,1855,24624,173,96236,35.00,-7.20,-4.86
724631,1949,24528,174,96285,35.00,-7.23,-4.90
724673,1993,24624,171,96308,35.00,-7.22,-4.90
724695,2122,24624,171,96324,35.00,-7.23,-4.92
724717,2407,24624,175,96345,35.00,-7.23,-4.90
724739,2399,24624,157,96360,35.00,-7.21,-4.87
724761,2223,24624,157,96405,35.00,-7.21,-4.90
724783,2029,24624,157,96451,35.00,-7.25,-4.89
724805,1851,24624,163,96501,35.00,-7.20,-4.87
724827,1765,24624,169,96547,35.00,-7.23,-4.92
724849,1655,24624,187,96604,35.00,-7.22,-4.90
724871,1702,24624,164,96660,35.00,-7.21,-4.90
724893,1641,24624,147,96718,35.00,-7.21,-4.86
724934,1678,24624,142,96851,35.00,-7.24,-4.93
724956,1663,24624,123,96936,35.00,-7.24,-4.90
724978,1877,25136,125,96999,35.00,-7.23,-4.84
725423,1661,24624,119,97088,35.46,-7.21,-4.86
725455,1139,24624,127,96420,35.00,-7.20,-4.88
725477,1197,24624,103,96451,35.00,-7.22,-4.90
725499,1285,24624,103,96460,35.00,-7.25,-4.91
725521,1287,24624,104,96454,35.00,-7.21,-4.89
725543,1295,24624,117,96430,35.00,-7.22,-4.92
725565,1270,24624,134,96357,35.00,-7.24,-4.89
725587,1261,25136,140,96243,35.00,-7.21,-4.85
725609,1362,25136,151,96110,35.00,-7.24,-4.91
725631,1384,25136,139,95973,35.00,-7.23,-4.88
725653,1455,24624,125,95860,35.00,-7.17,-4.89
725675,1471,25136,105,95820,35.00,-7.20,-4.90
725716,1385,24624,103,95834,35.00,-7.23,-4.88
725738,1654,24624,119,95848,35.00,-7.24,-4.89
725760,1835,24624,123,95882,35.00,-7.26,-4.91
725782,1739,24624,133,95897,35.00,-7.21,-4.92
725804,1819,24624,148,95943,35.00,-7.26,-4.87
725826,1849,24624,157,95995,35.00,-7.24,-4.91
725848,1769,24624,159,96070,35.00,-7.18,-4.88
725870,1705,25136,155,96116,35.00,-7.22,-4.90
725892,1676,24624,139,96098,35.00,-7.21,-4.92
725914,1750,24624,135,95929,35.00,-7.19,-4.90
725956,1801,24624,123,94889,35.00,-7.21,-4.88
725978,1933,25136,118,94710,35.00,-7.22,-4.91
726697,1949,24624,121,94591,35.02,-7.20,-4.89
726738,1881,25904,141,93933,35.00,-7.22,-4.89
726760,1695,25904,125,93711,35.00,-7.27,-4.90
726782,1561,25904,137,93553,35.00,-7.22,-4.90
726804,1452,25904,147,93432,35.00,-7.22,-4.88
726826,1274,25904,152,93341,35.00,-7.21,-4.91
726848,1211,25904,163,93305,35.00,-7.21,-4.89
726870,1278,25904,143,93353,35.00,-7.24,-4.87
726892,1419,25904,135,93457,35.00,-7.24,-4.88
726914,1507,25904,121,93521,35.00,-7.22,-4.90
726936,1559,25904,112,93515,35.00,-7.20,-4.89
726958,1533,25904,105,93553,35.00,-7.24,-4.88
726999,1402,25904,107,93833,35.00,-7.16,-4.86
727021,1903,25904,139,93996,35.00,-7.19,-4.88
727043,1687,25904,142,94175,35.00,-7.21,-4.88
727065,1707,25904,154,94326,35.00,-7.20,-4.87
727087,1695,25904,157,94477,35.00,-7.23,-4.85
727109,1681,25904,157,94658,35.00,-7.23,-4.89
727131,1775,25904,149,94823,35.00,-7.21,-4.90
727153,1753,25904,138,94945,35.00,-7.20,-4.90
727175,1751,25904,121,95070,35.00,-7.20,-4.87
727197,1739,25904,118,95223,35.00,-7.20,-4.85
727240,1679,25904,115,95610,35.00,-7.21,-4.88
727262,1588,25904,135,95789,35.00,-7.24,-4.91
727284,1544,25904,141,95947,35.00,-7.24,-4.91
727306,1517,25904,153,96071,35.00,-7.23,-4.90
727328,1519,25904,155,96169,35.00,-7.21,-4.86
727350,1603,25904,149,96240,35.00,-7.23,-4.86
727372,1679,25904,135,96281,35.00,-7.23,-4.89
727394,1765,25904,123,96234,35.00,-7.20,-4.88
727416,1764,25904,112,95996,35.00,-7.26,-4.88
727438,1611,25904,107,95551,35.00,-7.22,-4.92
727480,1621,25904,114,94436,35.00,-7.21,-4.91
727502,1608,25904,122,94247,35.00,-7.23,-4.85
727524,1591,25904,137,94065,35.00,-7.21,-4.89
727546,1596,25904,150,93934,35.00,-7.22,-4.90
727568,1683,25904,155,93876,35.00,-7.23,-4.88
727590,1819,25904,151,93904,35.00,-7.22,-4.88
727612,1976,25904,139,94004,35.00,-7.22,-4.91
727634,2056,25904,123,94080,35.00,-7.20,-4.85
727656,2075,25904,119,94115,35.00,-7.23,-4.87
727678,2063,25904,119,94126,35.00,-7.20,-4.89
727721,2038,25904,123,93969,35.00,-7.19,-4.91
727743,2053,25904,151,93966,35.00,-7.19,-4.89
727765,2035,25904,159,93912,35.00,-7.23,-4.87
727787,2054,25904,165,93825,35.00,-7.23,-4.90
727809,2063,25904,159,93840,35.00,-7.26,-4.95
727831,2167,25904,155,93915,35.00,-7.25,-4.87
727853,2205,25904,151,93977,35.00,-7.22,-4.89
727875,2263,26416,133,94028,35.00,-7.20,-4.91
727897,2217,26416,135,94130,35.00,-7.19,-4.89
727919,2147,25904,137,94246,35.00,-7.24,-4.86
727961,2057,25904,149,94514,35.00,-7.22,-4.87
727983,2106,26416,157,94645,35.00,-7.23,-4.90
728736,2035,26416,179,94723,35.25,-7.22,-4.91
728763,1555,26416,93,96464,35.00,-7.20,-4.88
728785,1433,26416,136,96540,35.00,-7.26,-4.86
728807,1619,26416,147,96624,35.00,-7.22,-4.92
728829,1605,26416,144,96663,35.00,-7.20,-4.89
728851,1743,26416,135,96681,35.00,-7.20,-4.89
728873,1854,26416,123,96580,35.00,-7.23,-4.86
728895,1909,26416,119,96278,35.00,-7.24,-4.87
728917,1957,26416,118,95856,35.00,-7.23,-4.92
728939,2053,26416,117,95473,35.00,-7.23,-4.90
728961,1933,26416,133,95205,35.00,-7.22,-4.91
728983,1764,26416,147,95040,35.00,-7.22,-4.88
729024,1972,26416,157,94639,35.00,-7.22,-4.90
729046,1995,26416,173,94648,35.00,-7.22,-4.90
729068,2028,26416,181,94687,35.00,-7.24,-4.87
729090,2217,26416,175,94753,35.00,-7.23,-4.90
729112,2405,26416,167,94801,35.00,-7.22,-4.87
729134,2373,26416,149,94809,35.00,-7.21,-4.89
729156,2351,26416,142,94831,35.00,-7.21,-4.88
729178,2340,26416,139,94828,35.00,-7.24,-4.88
729200,2203,26416,146,94871,35.00,-7.21,-4.91
729222,2038,26416,151,94924,35.00,-7.24,-4.91
729264,1917,26416,169,95150,35.00,-7.22,-4.89
729286,1941,26416,173,95263,35.00,-7.24,-4.88
729308,1961,26416,173,95351,35.00,-7.22,-4.88
729330,1929,26416,167,95431,35.00,-7.23,-4.89
729352,2001,26416,157,95512,35.00,-7.23,-4.87
729374,2029,26800,155,95596,35.00,-7.21,-4.89
729396,2195,26416,175,95642,35.00,-7.24,-4.85
729418,2147,26800,138,95675,35.00,-7.26,-4.90
729440,1783,26800,142,95692,35.00,-7.26,-4.89
729462,1773,26800,153,95737,35.00,-7.22,-4.85
729484,1676,26416,166,95799,35.00,-7.20,-4.87
729525,1551,26416,165,95924,35.00,-7.23,-4.85
729547,1971,26800,181,95895,35.00,-7.17,-4.87
729569,1995,26800,184,95805,35.00,-7.23,-4.89
729591,1897,26800,173,95608,35.00,-7.22,-4.87
729613,1989,26800,157,95227,35.00,-7.22,-4.90
729635,1926,26800,148,94690,35.00,-7.24,-4.90
729657,1939,26800,141,94161,35.00,-7.22,-4.89
729679,1965,26800,151,93711,35.00,-7.23,-4.91
729701,2053,26800,163,93322,35.00,-7.20,-4.89
729723,1902,26800,166,93129,35.00,-7.21,-4.89
729766,1708,26800,171,93028,35.00,-7.25,-4.89
729788,1765,26416,189,93233,35.00,-7.21,-4.86
729810,1971,26800,203,93457,35.00,-7.24,-4.90
729832,2193,26416,210,93596,35.00,-7.24,-4.89
729854,2473,26416,207,93706,35.00,-7.23,-4.90
729876,2573,26800,200,93727,35.00,-7.26,-4.89
729898,2792,26416,216,93751,35.00,-7.25,-4.89
729920,2649,26416,183,93821,35.00,-7.22,-4.91
729942,2121,26800,155,93900,35.00,-7.24,-4.88
729964,1723,26800,147,93901,35.00,-7.25,-4.90
730519,1415,26416,127,93851,35.23,-7.24,-4.90
730549,1471,26416,94,92067,35.00,-7.33,-4.96
730571,1671,26416,140,92084,35.00,-7.25,-4.96
730593,2003,26416,157,92102,35.00,-7.20,-4.91
730615,2267,26416,156,92131,35.00,-7.19,-4.85
730637,2251,26800,135,92199,35.00,-7.22,-4.93
730659,2130,26800,123,92257,35.00,-7.22,-4.88
730681,1967,26800,125,92330,35.00,-7.21,-4.89
730703,1861,26800,150,92400,35.00,-7.24,-4.89
730725,2129,26800,187,92493,35.00,-7.23,-4.89
730747,2148,26416,205,92578,35.00,-7.22,-4.90
730788,2461,26416,217,92909,35.00,-7.25,-4.88
730810,2515,26416,200,92992,35.00,-7.21,-4.88
730832,2472,26416,169,93121,35.00,-7.20,-4.88
730854,2428,26800,151,93205,35.00,-7.21,-4.89
730876,2281,26800,141,93262,35.00,-7.23,-4.87
730898,2233,26416,149,93304,35.00,-7.28,-4.90
730920,2171,26800,151,93419,35.00,-7.23,-4.90
730942,2105,26800,169,93527,35.00,-7.21,-4.89
730964,2073,26800,181,93590,35.00,-7.22,-4.86
730986,2071,26416,185,93645,35.00,-7.25,-4.87
731029,2083,26416,185,93592,35.00,-7.24,-4.90
731051,2165,26416,169,93286,35.00,-7.21,-4.87
731073,2173,26416,155,92759,35.00,-7.19,-4.92
731095,2184,26416,157,92199,35.00,-7.20,-4.91
731117,2167,26416,154,91732,35.00,-7.24,-4.86
731139,2213,26416,165,91336,35.00,-7.21,-4.87
731161,2127,26416,179,91072,35.00,-7.19,-4.90
731183,1992,26416,186,90878,35.00,-7.20,-4.90
731205,1829,26416,187,90724,35.00,-7.22,-4.90
731227,1799,26416,184,90587,35.00,-7.24,-4.87
731269,1759,26416,171,90731,35.00,-7.21,-4.87
731291,1879,26416,180,90865,35.00,-7.23,-4.86
731313,1836,26416,151,90941,35.00,-7.23,-4.91
731335,1807,26416,148,90998,35.00,-7.22,-4.92
731357,1845,26416,151,91063,35.00,-7.22,-4.90
731379,1891,26416,151,91074,35.00,-7.23,-4.91
731401,1417,26416,134,91111,35.00,-7.17,-4.84
731423,1113,26416,121,91164,35.00,-7.24,-4.89
731445,821,26416,115,91241,35.00,-7.23,-4.88
731467,519,26416,117,91299,35.00,-7.21,-4.89
731489,505,26416,112,91340,35.00,-7.24,-4.91
731530,735,26416,108,91704,35.00,-7.23,-4.87
731552,1315,26800,117,91891,35.00,-7.24,-4.88
731574,1472,26800,110,92031,35.00,-7.23,-4.86
731596,1581,26800,114,92141,35.00,-7.20,-4.91
731618,1631,26800,108,92292,35.00,-7.20,-4.85
731640,1489,26800,111,92430,35.00,-7.22,-4.88
731662,1373,26800,120,92536,35.00,-7.21,-4.89
731684,1397,26800,148,92601,35.00,-7.20,-4.85
731706,1671,26800,160,92689,35.00,-7.21,-4.91
731728,1957,26800,173,92775,35.00,-7.22,-4.91
731770,2015,26800,159,92876,35.00,-7.19,-4.84
731792,1869,26800,137,92845,35.00,-7.23,-4.83
731814,1828,26800,114,92713,35.00,-7.24,-4.88
731836,1743,26800,106,92364,35.00,-7.21,-4.89
731858,1579,26800,103,91795,35.00,-7.19,-4.87
731880,1545,26416,106,91237,35.00,-7.24,-4.87
731902,1339,26800,88,90841,35.00,-7.23,-4.89
731924,935,26800,85,90516,35.00,-7.23,-4.88
731946,639,26800,89,90251,35.00,-7.21,-4.91
731968,787,26800,111,90002,35.00,-7.21,-4.91
731990,1258,26800,121,89784,35.00,-7.23,-4.89
732031,1653,26800,116,89749,35.00,-7.21,-4.89
732053,1605,26800,101,89834,35.00,-7.24,-4.90
732075,1541,26800,101,89931,35.00,-7.22,-4.90
732097,1513,26800,99,90016,35.00,-7.24,-4.91
732119,1529,26800,117,90082,35.00,-7.18,-4.90
732141,1675,26800,143,90112,35.00,-7.22,-4.86
732163,1893,26800,167,90219,35.00,-7.22,-4.90
732185,2063,26800,175,90327,35.00,-7.23,-4.91
732207,2003,26800,153,90428,35.00,-7.24,-4.89
732229,1878,26800,120,90494,35.00,-7.19,-4.85
732272,1788,26800,107,90762,35.00,-7.19,-4.87
732294,1739,26800,90,90911,35.00,-7.23,-4.91
732316,1817,26800,107,91036,35.00,-7.24,-4.89
732338,2001,26800,125,91136,35.00,-7.24,-4.91
732360,2219,26800,149,91235,35.00,-7.21,-4.87
732382,2223,26800,165,91320,35.00,-7.23,-4.87
732404,2287,26800,197,91422,35.00,-7.23,-4.89
732426,2553,26800,211,91533,35.00,-7.24,-4.86
732448,2659,26800,203,91646,35.00,-7.22,-4.88
732470,2725,26800,205,91747,35.00,-7.22,-4.89
732512,2821,26800,189,92116,35.00,-7.20,-4.89
732534,2903,26800,159,92200,35.00,-7.21,-4.88
732556,2695,26800,155,92279,35.00,-7.21,-4.90
732578,2629,26800,169,92306,35.00,-7.24,-4.87
732600,2514,26800,189,92175,35.00,-7.21,-4.86
732622,2553,26416,204,91823,35.00,-7.22,-4.88
732644,2512,26800,210,91366,35.00,-7.20,-4.89
732666,2388,26416,199,90935,35.00,-7.20,-4.87
732688,2319,26416,181,90645,35.00,-7.24,-4.82
732710,2190,26416,164,90468,35.00,-7.23,-4.87
732732,2219,26416,149,90358,35.00,-7.24,-4.91
732773,2167,26416,141,90160,35.00,-7.19,-4.88
732795,2157,26416,157,90267,35.00,-7.19,-4.85
732817,2293,26416,181,90463,35.00,-7.23,-4.88
732839,2344,26416,199,90656,35.00,-7.21,-4.88
732861,2328,26416,201,90805,35.00,-7.23,-4.88
732883,2135,26416,213,90850,35.00,-7.22,-4.90
732905,2002,26416,183,90863,35.00,-7.19,-4.89
732927,1719,26416,159,90862,35.00,-7.24,-4.89
732949,1613,26416,153,90917,35.00,-7.21,-4.92
732971,1639,26416,141,91024,35.00,-7.20,-4.89
733577,1662,26416,134,91270,34.66,-7.25,-4.87
733615,185,26416,154,91218,35.00,-7.21,-4.90
733637,3901,26416,251,91239,35.00,-7.22,-4.89
733659,3866,26416,276,91297,35.00,-7.22,-4.89
733681,3927,26416,281,91449,35.00,-7.20,-4.86
733703,3925,26416,309,91625,35.00,-7.23,-4.90
733725,3929,25904,319,91741,35.00,-7.22,-4.89
733747,3927,25904,287,91866,35.00,-7.23,-4.96
733769,3725,26416,229,91921,35.00,-7.22,-4.86
733791,3299,26416,181,91940,35.00,-7.21,-4.92
733813,3129,26416,141,91880,35.00,-7.19,-4.89
733855,2797,26416,133,92066,35.00,-7.22,-4.86
733877,2456,26416,147,92178,35.00,-7.25,-4.85
733899,2431,26416,175,92278,35.00,-7.19,-4.86
733921,2259,26416,187,92361,35.00,-7.25,-4.85
733943,2415,26416,229,92430,35.00,-7.19,-4.88
733965,2445,26416,217,92525,35.00,-7.21,-4.89
733987,2361,26416,202,92581,35.00,-7.23,-4.87
734349,2326,26416,199,92582,35.24,-7.23,-4.91
734377,1710,26416,165,90418,35.00,-7.21,-4.89
734399,1685,26416,171,90534,35.00,-7.23,-4.89
734421,1564,26416,157,90638,35.00,-7.22,-4.85
734443,1205,26416,127,90674,35.00,-7.19,-4.91
734465,658,26416,91,90688,35.00,-7.23,-4.88
734487,133,26416,57,90690,35.00,-7.26,-4.87
734509,0,26416,28,90702,35.00,-7.22,-4.88
734531,0,26416,13,90745,35.00,-7.21,-4.86
734553,0,26416,24,90791,35.00,-7.20,-4.92
734575,0,26416,45,90805,35.00,-7.21,-4.87
734617,0,26416,92,90949,35.00,-7.19,-4.92
734639,1147,26416,157,91029,35.00,-7.20,-4.90
734661,1791,26416,189,91186,35.00,-7.19,-4.91
734683,2159,25904,201,91315,35.00,-7.25,-4.87
734705,2231,25904,197,91432,35.00,-7.24,-4.90
734727,2303,26416,191,91574,35.00,-7.22,-4.86
734749,2359,26416,167,91780,35.00,-7.24,-4.87
734771,2301,26416,151,91965,35.00,-7.21,-4.85
734793,2287,26416,151,92147,35.00,-7.21,-4.90
734815,2425,26416,159,92292,35.00,-7.23,-4.87
734858,2687,26416,191,92830,35.00,-7.21,-4.87
734880,2838,26416,222,93004,35.00,-7.23,-4.86
734902,3064,25904,292,93089,35.00,-7.22,-4.87
734924,3311,26416,247,93018,35.00,-7.18,-4.88
734946,2619,26416,201,92670,35.00,-7.18,-4.88
734968,2383,26416,185,92110,35.00,-7.22,-4.88
734990,2291,26416,181,91535,35.00,-7.20,-4.91
735361,2303,26416,153,91152,34.88,-7.23,-4.91
735399,1209,25904,199,91726,35.00,-7.23,-4.88
735421,1671,26416,122,91869,35.00,-7.22,-4.88
735443,1524,26416,127,92017,35.00,-7.22,-4.93
735465,1664,26416,157,92143,35.00,-7.26,-4.90
735487,1854,25904,174,92256,35.00,-7.22,-4.90
735509,2283,25904,329,92401,35.00,-7.23,-4.90
735531,3931,25904,763,92567,35.00,-7.21,-4.91
735553,3941,26416,374,92730,35.00,-7.23,-4.85
735575,3948,26416,103,92877,35.00,-7.21,-4.86
735597,0,26416,0,93036,35.00,-7.19,-4.91
735639,0,26416,137,93554,35.00,-7.22,-4.92
735661,679,26416,76,93698,35.00,-7.21,-4.85
735683,448,26416,139,93822,35.00,-7.22,-4.89
735705,1081,26416,183,93726,35.00,-7.22,-4.91
735727,987,26416,115,93331,35.00,-7.23,-4.87
735749,944,26416,99,92893,35.00,-7.25,-4.92
735771,984,26416,139,92552,35.00,-7.23,-4.87
735793,1608,26416,115,92403,35.00,-7.24,-4.86
735815,1215,26416,85,92356,35.00,-7.25,-4.93
735837,1051,26416,133,92325,35.00,-7.23,-4.90
735859,1977,26416,154,92313,35.00,-7.21,-4.89
735900,1735,25904,125,92581,35.00,-7.18,-4.90
735922,2132,25904,212,92763,35.00,-7.25,-4.88
735944,2681,25904,267,92902,35.00,-7.20,-4.86
735966,2955,25904,274,93013,35.00,-7.20,-4.88
735988,3113,25904,253,93076,35.00,-7.19,-4.85
736380,3871,25904,313,93097,35.04,-7.24,-4.87
736421,2703,26416,213,94828,35.00,-7.19,-4.86
736443,405,26416,43,94933,35.00,-7.21,-4.91
736465,0,26800,0,94964,35.00,-7.24,-4.87
736487,0,26800,81,94775,35.00,-7.21,-4.87
736509,0,26416,378,94315,35.00,-7.22,-4.90
736531,3399,25904,725,93740,35.00,-7.22,-4.89
736553,3947,25904,698,93318,35.00,-7.19,-4.87
736575,3957,25904,411,93055,35.00,-7.20,-4.91
736597,3939,26416,208,92883,35.00,-7.21,-4.86
736619,3146,26416,235,92738,35.00,-7.19,-4.85
736641,2444,26416,251,92636,35.00,-7.25,-4.88
736682,1503,26416,91,92596,35.00,-7.22,-4.90
736704,0,26800,165,92744,35.00,-7.24,-4.89
736726,0,26416,95,92869,35.00,-7.21,-4.88
736748,41,25904,478,92936,35.00,-7.22,-4.85
736770,3935,25904,457,92970,35.00,-7.24,-4.91
736792,3943,25904,207,93002,35.00,-7.19,-4.93
736814,3093,26416,89,93042,35.00,-7.19,-4.87
736836,1711,26416,85,93115,35.00,-7.19,-4.90
736858,940,26416,88,93169,35.00,-7.17,-4.93
736880,0,26416,7,93214,35.00,-7.20,-4.88
736922,0,25904,702,93289,35.00,-7.23,-4.87
736944,2095,26416,109,93360,35.00,-7.26,-4.86
736966,0,26416,23,93477,35.00,-7.26,-4.89
736988,1031,25904,371,93587,35.00,-7.26,-4.90
737400,3859,25904,277,93684,35.40,-7.22,-4.89
737428,519,26416,93,93325,35.00,-7.26,-4.89
737450,923,26416,89,93413,35.00,-7.22,-4.88
737472,1385,26416,89,93558,35.00,-7.26,-4.86
737494,1332,26416,75,93726,35.00,-7.24,-4.85
737516,1391,26416,119,93801,35.00,-7.26,-4.86
737538,1875,26416,159,93836,35.00,-7.19,-4.89
737560,1907,25904,165,93875,35.00,-7.21,-4.90
737582,2015,25904,171,93907,35.00,-7.23,-4.89
737624,2004,25904,153,94459,35.00,-7.20,-4.90
737646,1942,25904,146,94702,35.00,-7.22,-4.87
737668,1503,25904,83,94925,35.00,-7.22,-4.89
737690,1363,26416,119,95102,35.00,-7.18,-4.86
737712,1432,26416,85,95264,35.00,-7.21,-4.86
737734,1071,26416,63,95368,35.00,-7.26,-4.91
737756,803,26416,45,95131,35.00,-7.20,-4.85
737778,0,26416,30,94919,35.00,-7.21,-4.88
737800,1325,25904,377,94915,35.00,-7.24,-4.88
737822,3929,25904,694,94908,35.00,-7.20,-4.87
737865,3951,25904,621,94753,35.00,-7.20,-4.91
737887,3945,25904,191,94708,35.00,-7.23,-4.87
737909,2291,26416,25,94676,35.00,-7.21,-4.89
737931,0,26800,0,94708,35.00,-7.21,-4.90
737953,0,26416,269,94806,35.00,-7.21,-4.88
737975,3941,25904,731,94884,35.00,-7.15,-4.91
737997,3945,25904,533,94954,35.00,-7.25,-4.86
738419,3940,25904,313,95022,34.73,-7.22,-4.90
738448,1811,26416,154,95292,35.00,-7.25,-4.89
738470,1735,26416,107,95425,35.00,-7.19,-4.90
738492,1715,26416,121,95525,35.00,-7.24,-4.86
738514,1839,26416,135,95619,35.00,-7.23,-4.88
738536,2100,26416,153,95728,35.00,-7.19,-4.86
738558,2198,26416,166,95817,35.00,-7.20,-4.88
738580,2313,26416,213,95885,35.00,-7.20,-4.85
738602,2836,26416,287,95933,35.00,-7.20,-4.88
738624,3819,25904,374,96000,35.00,-7.24,-4.89
738666,3939,25904,374,96192,35.00,-7.23,-4.89
738688,3933,25904,391,96233,35.00,-7.22,-4.85
738710,3939,26416,299,96287,35.00,-7.22,-4.85
738732,3925,26416,213,96339,35.00,-7.23,-4.82
738754,2190,26416,106,96285,35.00,-7.20,-4.86
738776,1299,26416,89,96025,35.00,-7.21,-4.85
738798,559,26416,53,95546,35.00,-7.25,-4.89
738820,0,26416,25,94996,35.00,-7.19,-4.89
738842,0,26416,189,94566,35.00,-7.23,-4.87
738864,0,26416,113,94306,35.00,-7.23,-4.90
738886,189,26416,85,94175,35.00,-7.22,-4.91
738927,1063,26416,319,93980,35.00,-7.23,-4.91
738949,3947,25904,381,94022,35.00,-7.25,-4.88
738971,3943,25904,328,94106,35.00,-7.23,-4.90
738993,3912,26416,265,94179,35.00,-7.22,-4.86
739438,2603,26416,245,94194,35.58,-7.21,-4.86
739468,1861,26416,171,95208,35.00,-7.22,-4.92
739490,796,26416,19,95013,35.00,-7.23,-4.86
739512,0,26800,0,94592,35.00,-7.19,-4.91
739534,0,26416,99,94078,35.00,-7.20,-4.88
739556,0,25904,266,93637,35.00,-7.21,-4.89
739578,3503,25904,351,93346,35.00,-7.21,-4.89
739600,3831,25904,267,93151,35.00,-7.21,-4.87
739622,2863,25904,211,93004,35.00,-7.21,-4.88
739644,2079,26416,173,92840,35.00,-7.22,-4.89
739666,1545,26416,113,92695,35.00,-7.22,-4.87
739688,405,26416,1,92694,35.00,-7.24,-4.87
739729,0,26416,367,93039,35.00,-7.26,-4.88
739751,2590,26416,139,93079,35.00,-7.18,-4.86
739773,1403,26416,6,93114,35.00,-7.23,-4.91
739795,0,26416,11,93121,35.00,-7.25,-4.87
739817,0,25904,233,93175,35.00,-7.22,-4.93
739839,3893,25904,421,93240,35.00,-7.22,-4.85
739861,3921,25904,295,93343,35.00,-7.17,-4.93
739883,2995,25904,220,93459,35.00,-7.23,-4.91
739905,2517,25904,203,93525,35.00,-7.21,-4.89
739927,2251,26416,159,93614,35.00,-7.23,-4.85
739969,1491,26416,60,93847,35.00,-7.21,-4.87
739991,1678,26416,93,93938,35.00,-7.21,-4.85
740712,1445,26416,107,94004,35.25,-7.20,-4.87
740751,2523,25904,157,93871,35.00,-7.23,-4.90
740773,1362,25904,79,93973,35.00,-7.26,-4.93
740795,633,26416,45,94080,35.00,-7.22,-4.90
740817,0,25904,107,94174,35.00,-7.23,-4.89
740839,309,25904,107,94302,35.00,-7.24,-4.89
740861,1003,25904,249,94383,35.00,-7.24,-4.91
740883,3677,25136,429,94470,35.00,-7.24,-4.92
740905,3925,25136,334,94530,35.00,-7.24,-4.91
740927,3925,25136,261,94512,35.00,-7.25,-4.87
740949,3117,25136,205,94291,35.00,-7.23,-4.90
740971,2679,25904,205,93850,35.00,-7.18,-4.90
741732,2075,25904,124,92667,34.96,-7.23,-4.91
741774,3787,26416,311,92033,35.00,-7.22,-4.91
741796,3374,26416,213,92044,35.00,-7.22,-4.86
741818,2501,26416,173,92069,35.00,-7.23,-4.90
741840,1657,26416,143,92162,35.00,-7.20,-4.93
741862,629,26416,53,92270,35.00,-7.23,-4.89
741884,0,26416,185,92381,35.00,-7.18,-4.89
741906,568,26416,105,92481,35.00,-7.20,-4.90
741928,861,26416,137,92553,35.00,-7.22,-4.87
741950,3027,26416,362,92631,35.00,-7.21,-4.87
741972,3909,26416,276,92708,35.00,-7.22,-4.89
742751,3909,26416,231,92949,35.65,-7.23,-4.90
742776,0,27312,75,92629,35.00,-7.22,-4.87
742798,1139,27312,105,92731,35.00,-7.24,-4.89
742820,237,26800,59,92849,35.00,-7.24,-4.90
742842,893,26800,233,92970,35.00,-7.22,-4.85
742864,2795,26800,265,93059,35.00,-7.25,-4.89
742886,3017,26800,219,93149,35.00,-7.25,-4.91
742908,2615,26800,165,93304,35.00,-7.20,-4.85
742930,2011,27312,110,93409,35.00,-7.23,-4.90
742952,1316,27312,73,93505,35.00,-7.24,-4.87
742974,152,27312,183,93572,35.00,-7.21,-4.91
743517,2440,27312,260,93666,34.60,-7.19,-4.91
743558,2999,27312,285,92393,35.00,-7.25,-4.88
743580,1493,28080,116,92443,35.00,-7.19,-4.91
743602,222,28080,28,92476,35.00,-7.23,-4.89
743624,0,28080,128,92531,35.00,-7.23,-4.90
743646,0,28080,60,92641,35.00,-7.23,-4.85
743668,0,28080,75,92722,35.00,-7.23,-4.91
743690,1751,27312,252,92769,35.00,-7.23,-4.96
743712,3115,27312,231,92799,35.00,-7.22,-4.86
743734,3100,27312,215,92841,35.00,-7.21,-4.86
743756,2706,27312,199,92861,35.00,-7.23,-4.89
743798,2105,27312,185,91969,35.00,-7.19,-4.87
743820,719,28080,72,91486,35.00,-7.25,-4.89
743842,0,28080,123,91179,35.00,-7.22,-4.89
743864,1001,27312,179,91019,35.00,-7.22,-4.87
743886,1561,27312,163,90886,35.00,-7.20,-4.90
743908,1258,28080,61,90785,35.00,-7.23,-4.88
743930,595,28080,37,90724,35.00,-7.24,-4.87
743952,565,28080,87,90738,35.00,-7.24,-4.87
743974,1316,27312,125,90825,35.00,-7.26,-4.89
743996,1397,27312,166,90958,35.00,-7.21,-4.88
744536,1851,27312,189,91130,35.15,-7.20,-4.90
744566,3912,27312,375,91964,35.00,-7.21,-4.90
744588,3923,27312,285,91868,35.00,-7.24,-4.88
744610,3676,27312,265,91762,35.00,-7.21,-4.88
744632,3107,27312,237,91742,35.00,-7.22,-4.91
744654,2346,27312,157,91764,35.00,-7.19,-4.91
744676,1336,28080,77,91867,35.00,-7.22,-4.88
744698,177,28080,54,92059,35.00,-7.21,-4.91
744741,0,28080,111,92534,35.00,-7.24,-4.86
744763,1448,27312,166,92638,35.00,-7.24,-4.85
744785,1733,28080,155,92724,35.00,-7.20,-4.87
744807,1829,28080,154,92804,35.00,-7.23,-4.91
744829,1847,28080,139,92878,35.00,-7.21,-4.89
744851,1597,28080,99,92967,35.00,-7.21,-4.87
744873,1085,28080,86,93038,35.00,-7.22,-4.87
744895,785,28080,85,93141,35.00,-7.24,-4.86
744917,159,28080,43,93257,35.00,-7.22,-4.90
744939,0,28080,133,93340,35.00,-7.24,-4.90
744981,790,27312,207,93500,35.00,-7.22,-4.90
745555,3885,27312,355,93529,35.50,-7.23,-4.90
745585,1721,28080,147,91762,35.00,-7.20,-4.90
745607,233,28080,21,91900,35.00,-7.24,-4.89
745629,0,28080,101,92035,35.00,-7.24,-4.90
745651,1755,27312,229,92166,35.00,-7.17,-4.87
745673,2911,27312,255,92248,35.00,-7.21,-4.88
745695,3063,27312,229,92328,35.00,-7.24,-4.91
745717,2701,27312,227,92430,35.00,-7.22,-4.90
745739,2430,27312,251,92534,35.00,-7.24,-4.88
745761,2153,27312,203,92599,35.00,-7.25,-4.90
745803,1748,27312,125,92866,35.00,-7.20,-4.91
745825,235,28080,78,93019,35.00,-7.22,-4.87
745847,714,27312,139,93144,35.00,-7.20,-4.88
745869,1695,27312,175,93251,35.00,-7.21,-4.86
745891,2202,27312,182,93325,35.00,-7.20,-4.89
745913,2238,28080,179,93179,35.00,-7.22,-4.87
745935,2183,27312,201,92661,35.00,-7.23,-4.86
745957,1981,27312,184,91941,35.00,-7.25,-4.88
745979,1583,28080,157,91301,35.00,-7.23,-4.89
746574,1275,28080,146,90914,34.85,-7.22,-4.88
746605,3931,28080,345,92468,35.00,-7.24,-4.90
746627,3939,27312,357,92420,35.00,-7.23,-4.87
746649,3955,28080,334,92089,35.00,-7.22,-4.92
746671,3948,28080,279,91538,35.00,-7.21,-4.86
746693,3283,28080,205,91010,35.00,-7.22,-4.87
746715,2339,28080,157,90630,35.00,-7.23,-4.88
746737,1801,28080,111,90371,35.00,-7.22,-4.91
746759,830,28080,51,90156,35.00,-7.26,-4.88
746781,0,28080,0,90005,35.00,-7.22,-4.91
746803,0,28080,271,89869,35.00,-7.24,-4.89
746846,1293,28080,95,89865,35.00,-7.20,-4.89
746868,0,28080,82,89969,35.00,-7.21,-4.90
746890,2537,28080,276,90059,35.00,-7.25,-4.91
746912,2927,28080,199,90116,35.00,-7.22,-4.89
746934,3615,28080,274,90183,35.00,-7.22,-4.89
746956,3501,28080,221,90251,35.00,-7.24,-4.87
746978,2781,28080,235,90286,35.00,-7.21,-4.86
747340,2258,28080,183,90289,35.05,-7.20,-4.90
747368,2651,27312,200,91705,35.00,-7.26,-4.89
747390,2552,28080,179,91489,35.00,-7.23,-4.85
747412,2221,28080,155,91029,35.00,-7.23,-4.87
747434,1596,28080,112,90542,35.00,-7.19,-4.88
747456,968,28080,79,90177,35.00,-7.23,-4.90
747478,429,28080,112,89917,35.00,-7.22,-4.87
747500,1267,28080,221,89766,35.00,-7.21,-4.90
747522,2248,27312,239,89649,35.00,-7.19,-4.89
747544,2387,27312,179,89580,35.00,-7.21,-4.93
747566,2235,28080,165,89561,35.00,-7.22,-4.89
747607,2229,28080,159,90070,35.00,-7.20,-4.89
747629,1851,28080,121,90238,35.00,-7.18,-4.89
747651,1517,28592,106,90348,35.00,-7.24,-4.86
747673,1323,28592,107,90455,35.00,-7.22,-4.85
747695,1171,28592,105,90566,35.00,-7.23,-4.93
747717,807,28592,77,90678,35.00,-7.22,-4.87
747739,12,28592,36,90770,35.00,-7.19,-4.87
747761,813,28080,152,90866,35.00,-7.21,-4.86
747783,1087,28592,119,90969,35.00,-7.22,-4.88
747805,996,28080,105,91063,35.00,-7.26,-4.87
747827,2493,28080,301,91162,35.00,-7.24,-4.87
747868,3817,28080,235,91378,35.00,-7.24,-4.91
747890,3479,28080,219,91448,35.00,-7.19,-4.90
747912,2969,28080,223,91485,35.00,-7.21,-4.89
747934,2618,28080,189,91517,35.00,-7.24,-4.88
747956,1988,28080,133,91568,35.00,-7.22,-4.87
747978,1049,28592,71,91669,35.00,-7.21,-4.91
748359,28,28592,37,91762,34.97,-7.27,-4.86
748389,1524,28592,164,90527,35.00,-7.24,-4.89
748411,1573,28592,121,90656,35.00,-7.25,-4.86
748433,1511,28592,121,90725,35.00,-7.25,-4.92
748455,1307,28592,111,90780,35.00,-7.28,-4.89
748477,937,28592,95,90834,35.00,-7.22,-4.90
748499,347,28592,59,90881,35.00,-7.21,-4.90
748521,0,28592,200,90944,35.00,-7.19,-4.86
748543,1797,28592,241,91016,35.00,-7.23,-4.91
748565,2571,28592,231,91135,35.00,-7.22,-4.91
748587,2180,28592,106,91262,35.00,-7.25,-4.90
748609,1276,28592,46,91363,35.00,-7.24,-4.89
748650,716,28784,52,91672,35.00,-7.19,-4.90
748672,2715,28592,333,91773,35.00,-7.19,-4.88
748694,3541,28592,260,91867,35.00,-7.20,-4.89
748716,2968,28592,237,91963,35.00,-7.25,-4.91
748738,2855,28592,267,92094,35.00,-7.22,-4.90
748760,2792,28592,296,92206,35.00,-7.21,-4.88
748782,2728,28784,275,92302,35.00,-7.22,-4.86
748804,2455,28784,221,92375,35.00,-7.21,-4.90
748826,2264,28784,168,92438,35.00,-7.25,-4.90
748848,2248,28784,149,92483,35.00,-7.22,-4.87
748890,2155,28784,155,92555,35.00,-7.18,-4.88
748912,1783,28784,137,92578,35.00,-7.23,-4.88
748934,1575,28784,135,92511,35.00,-7.23,-4.86
748956,1324,28784,137,92272,35.00,-7.23,-4.85
748978,1173,28784,151,91876,35.00,-7.25,-4.92
749378,1245,28784,167,91441,34.75,-7.22,-4.91
749412,0,29296,51,92395,35.00,-7.24,-4.91
749434,0,29296,18,92573,35.00,-7.21,-4.88
749456,0,29296,103,92783,35.00,-7.18,-4.88
749478,0,29296,156,92892,35.00,-7.22,-4.89
749500,1529,28784,211,93029,35.00,-7.23,-4.90
749522,1546,29296,110,93158,35.00,-7.21,-4.85
749544,1159,29296,64,93297,35.00,-7.20,-4.91
749566,1203,29296,83,93382,35.00,-7.19,-4.92
749588,1519,29296,152,93483,35.00,-7.19,-4.87
749610,2811,28784,329,93554,35.00,-7.24,-4.90
749652,3928,28784,315,93332,35.00,-7.20,-4.92
749674,3941,28784,250,93294,35.00,-7.24,-4.91
749696,3929,28784,288,93348,35.00,-7.22,-4.92
749718,3881,28784,329,93249,35.00,-7.21,-4.94
749740,3334,28784,293,92829,35.00,-7.20,-4.92
749762,2835,28784,205,92241,35.00,-7.22,-4.92
749784,2354,28784,142,91713,35.00,-7.24,-4.88
749806,2053,28784,126,91379,35.00,-7.20,-4.88
749828,2010,28784,125,91233,35.00,-7.21,-4.88
749850,2041,28784,127,91165,35.00,-7.21,-4.90
749893,2175,28784,153,91293,35.00,-7.21,-4.89
749915,2090,28784,168,91505,35.00,-7.21,-4.87
749937,2163,28784,204,91688,35.00,-7.16,-4.88
749959,2248,28592,227,91735,35.00,-7.21,-4.86
749981,3037,28592,295,91709,35.00,-7.19,-4.88
750397,2407,28592,191,91587,35.32,-7.23,-4.87
750434,1640,28592,160,93567,35.00,-7.24,-4.90
750456,1611,28592,119,93537,35.00,-7.19,-4.93
750478,1639,28592,207,93437,35.00,-7.19,-4.91
750500,3513,28592,349,93157,35.00,-7.22,-4.91
750522,3903,28592,299,92708,35.00,-7.19,-4.88
750544,3882,28592,233,92191,35.00,-7.25,-4.87
750566,3348,28592,251,91752,35.00,-7.22,-4.90
750588,3541,28592,246,91521,35.00,-7.21,-4.91
750610,3023,28592,189,91374,35.00,-7.21,-4.87
750632,2845,28592,185,91213,35.00,-7.24,-4.87
750674,2589,28592,183,91051,35.00,-7.20,-4.86
750696,2575,28592,205,91127,35.00,-7.21,-4.88
750718,2475,28592,206,91253,35.00,-7.20,-4.86
750740,2233,28592,184,91351,35.00,-7.24,-4.88
750762,2153,28592,166,91421,35.00,-7.22,-4.85
750784,1959,28592,151,91529,35.00,-7.22,-4.87
750806,1925,28592,143,91613,35.00,-7.19,-4.93
750828,1835,28592,122,91693,35.00,-7.24,-4.90
750850,1810,28592,142,91798,35.00,-7.25,-4.88
750872,1819,28592,141,91910,35.00,-7.20,-4.88
750894,1797,28592,159,92028,35.00,-7.19,-4.89
750935,1913,28592,207,92329,35.00,-7.23,-4.91
750957,2019,28592,173,92435,35.00,-7.20,-4.88
750979,1679,28592,183,92523,35.00,-7.22,-4.85
751416,1735,28592,189,92616,35.38,-7.24,-4.86
751456,1637,28592,153,91264,35.00,-7.22,-4.93
751478,1863,28592,154,91234,35.00,-7.20,-4.90
751500,1811,28592,143,91213,35.00,-7.22,-4.84
751522,1813,28592,136,91138,35.00,-7.24,-4.92
751544,1767,28592,118,91067,35.00,-7.24,-4.88
751566,1733,28592,88,91093,35.00,-7.19,-4.91
751588,1551,28592,71,91273,35.00,-7.20,-4.83
751610,1181,28592,45,91480,35.00,-7.22,-4.87
751632,1142,28592,180,91740,35.00,-7.21,-4.88
751654,2599,28592,214,92051,35.00,-7.23,-4.86
751697,2804,28592,203,93239,35.00,-7.25,-4.91
751719,1837,28592,107,93710,35.00,-7.22,-4.88
751741,1493,28592,109,94029,35.00,-7.25,-4.92
751763,1739,28592,179,94209,35.00,-7.24,-4.87
751785,2876,28592,261,94317,35.00,-7.24,-4.94
751807,3759,28592,279,94308,35.00,-7.19,-4.90
751829,3910,28080,285,94165,35.00,-7.26,-4.87
751851,3927,28080,249,94018,35.00,-7.24,-4.89
751873,3501,28592,255,93940,35.00,-7.19,-4.89
751895,3373,28592,282,93876,35.00,-7.23,-4.91
751937,3154,28080,275,93957,35.00,-7.23,-4.85
751959,2587,28592,219,94044,35.00,-7.24,-4.88
751981,2513,28592,207,94201,35.00,-7.20,-4.86
752691,2411,28592,203,94355,35.32,-7.20,-4.85
752719,3495,28592,283,93897,35.00,-7.20,-4.90
752741,3017,28592,255,93919,35.00,-7.23,-4.86
752763,2835,28592,220,93829,35.00,-7.19,-4.87
752785,2635,28592,189,93538,35.00,-7.24,-4.92
752807,2525,28592,159,93093,35.00,-7.19,-4.85
752829,2275,28592,135,92639,35.00,-7.20,-4.86
752851,2107,28592,137,92404,35.00,-7.25,-4.89
752873,2027,28592,167,92277,35.00,-7.22,-4.88
752895,2299,28592,247,92118,35.00,-7.22,-4.87
752917,3837,28592,359,91994,35.00,-7.21,-4.90
752960,2621,28592,222,92081,35.00,-7.24,-4.89
752982,2095,28592,184,92141,35.00,-7.19,-4.92
753710,1960,28592,152,92211,35.51,-7.22,-4.89
753741,2413,28080,185,92748,35.00,-7.21,-4.85
753763,2407,27312,213,92716,35.00,-7.19,-4.91
753785,2412,28080,187,92700,35.00,-7.27,-4.88
753807,2171,28080,150,92696,35.00,-7.24,-4.89
753829,1989,28080,149,92765,35.00,-7.19,-4.89
753851,1845,28080,149,92847,35.00,-7.22,-4.91
753873,1829,28080,179,92927,35.00,-7.22,-4.93
753895,1883,28080,202,92992,35.00,-7.23,-4.91
753917,2150,28592,339,93110,35.00,-7.26,-4.89
753939,2351,28592,187,93207,35.00,-7.19,-4.87
753961,1716,28592,171,93304,35.00,-7.21,-4.86
754730,1487,28592,153,93598,35.12,-7.21,-4.88
754764,2959,28784,222,93640,35.00,-7.23,-4.88
754786,2776,28784,191,93674,35.00,-7.24,-4.85
754808,2652,28784,184,93767,35.00,-7.22,-4.89
754830,2501,28784,182,93852,35.00,-7.23,-4.87
754852,2265,28784,173,93996,35.00,-7.24,-4.86
754874,1967,28784,167,94159,35.00,-7.23,-4.88
754896,1775,28784,179,94305,35.00,-7.22,-4.90
754918,1675,28784,182,94389,35.00,-7.23,-4.89
754940,1577,28784,172,94312,35.00,-7.21,-4.89
754962,1508,28784,164,93993,35.00,-7.22,-4.87
755504,1421,28784,143,92859,34.69,-7.24,-4.87
755546,2029,28784,135,94136,35.00,-7.22,-4.88
755568,1863,28784,147,94224,35.00,-7.19,-4.90
755590,1820,28784,146,94291,35.00,-7.24,-4.94
755612,1717,28784,149,94343,35.00,-7.22,-4.87
755634,1519,28784,151,94259,35.00,-7.19,-4.88
755656,1390,28784,155,93950,35.00,-7.21,-4.91
755678,1363,28784,160,93486,35.00,-7.23,-4.86
755700,1361,28784,167,93057,35.00,-7.20,-4.88
755722,1381,28784,147,92772,35.00,-7.23,-4.87
755744,1331,28784,125,92647,35.00,-7.20,-4.87
755786,1227,28784,99,92574,35.00,-7.25,-4.90
755808,995,28784,75,92660,35.00,-7.20,-4.87
755830,765,29296,63,92783,35.00,-7.21,-4.87
755852,591,29296,81,92901,35.00,-7.24,-4.86
755874,613,28784,109,92992,35.00,-7.24,-4.90
755896,845,28784,120,93023,35.00,-7.24,-4.88
755918,1001,28784,136,93050,35.00,-7.21,-4.88
755940,1187,28784,147,93108,35.00,-7.22,-4.86
755962,1449,28784,146,93181,35.00,-7.23,-4.89
755984,1661,28784,139,93245,35.00,-7.23,-4.88
756027,1767,28784,123,93517,35.00,-7.23,-4.88
756049,1715,28784,108,93629,35.00,-7.22,-4.88
756071,1573,28784,102,93759,35.00,-7.23,-4.85
756093,1339,28784,101,93841,35.00,-7.23,-4.91
756115,1147,28784,99,93946,35.00,-7.25,-4.87
756137,951,28784,104,94025,35.00,-7.21,-4.89
756159,1315,28784,205,94089,35.00,-7.21,-4.87
756181,2121,28784,191,94146,35.00,-7.25,-4.89
756203,2396,28784,168,94249,35.00,-7.26,-4.88
756225,2315,28784,142,94376,35.00,-7.29,-4.88
756267,2283,28784,137,94780,35.00,-7.20,-4.93
756289,2663,28784,171,94825,35.00,-7.22,-4.90
756311,2659,28784,163,94840,35.00,-7.17,-4.93
756333,2487,28784,173,94684,35.00,-7.20,-4.85
756355,2345,28784,182,94268,35.00,-7.22,-4.88
756377,2284,28784,191,93776,35.00,-7.24,-4.89
756399,2277,28784,189,93398,35.00,-7.20,-4.91
756421,2249,28784,179,93184,35.00,-7.24,-4.90
756443,2253,28784,171,93053,35.00,-7.19,-4.93
756465,2249,28784,151,92967,35.00,-7.22,-4.89
756487,2219,28784,151,92885,35.00,-7.25,-4.87
756528,2213,28784,150,93007,35.00,-7.23,-4.90
756550,2187,28784,152,93119,35.00,-7.20,-4.89
756572,2136,28784,165,93173,35.00,-7.23,-4.87
756594,2069,28784,170,93204,35.00,-7.24,-4.89
756616,1995,28784,181,93236,35.00,-7.19,-4.87
756638,1933,28784,171,93227,35.00,-7.21,-4.87
756660,1815,28784,139,93180,35.00,-7.20,-4.87
756682,1406,28784,103,93105,35.00,-7.22,-4.88
756704,1122,28784,104,93085,35.00,-7.21,-4.87
756726,1645,28784,197,93253,35.00,-7.22,-4.90
756768,2716,28784,275,94083,35.00,-7.24,-4.89
756790,3752,28592,281,94290,35.00,-7.25,-4.90
756812,3051,28784,233,94493,35.00,-7.24,-4.91
756834,2645,28784,235,94645,35.00,-7.20,-4.89
756856,2355,28592,231,94753,35.00,-7.21,-4.87
756878,2147,28784,204,94860,35.00,-7.21,-4.85
756900,1875,28784,175,94960,35.00,-7.24,-4.83
756922,1653,28784,157,95016,35.00,-7.23,-4.88
756944,1691,28784,153,95059,35.00,-7.23,-4.91
756966,1767,28784,151,95043,35.00,-7.20,-4.89
756988,1816,28784,143,94922,35.00,-7.22,-4.87
757029,1741,28784,140,94243,35.00,-7.21,-4.91
757051,1560,28784,143,93728,35.00,-7.22,-4.89
757073,1512,28784,167,93165,35.00,-7.20,-4.90
757095,1525,28784,187,92824,35.00,-7.26,-4.93
757117,1541,28784,200,92718,35.00,-7.20,-4.92
757139,1547,28784,189,92678,35.00,-7.19,-4.90
757161,1647,28784,189,92656,35.00,-7.23,-4.88
757183,1737,28784,175,92617,35.00,-7.18,-4.91
757205,1819,28784,171,92658,35.00,-7.22,-4.88
757227,1883,28784,165,92766,35.00,-7.23,-4.89
757270,1891,28784,163,92819,35.00,-7.21,-4.89
757292,2427,28784,175,92744,35.00,-7.20,-4.91
757314,1695,28784,151,92700,35.00,-7.21,-4.87
757336,1418,28784,171,92609,35.00,-7.21,-4.86
757358,1385,28784,169,92552,35.00,-7.22,-4.87
757380,1332,28784,151,92467,35.00,-7.23,-4.88
757402,1303,28784,133,92414,35.00,-7.23,-4.85
757424,1196,28784,103,92295,35.00,-7.23,-4.91
757446,1175,29296,87,92258,35.00,-7.24,-4.89
757468,1081,29296,71,92287,35.00,-7.25,-4.90
757510,775,29296,55,92481,35.00,-7.24,-4.89
757532,361,29296,55,92615,35.00,-7.23,-4.87
757554,539,29296,71,92841,35.00,-7.22,-4.87
757576,245,29296,77,93123,35.00,-7.19,-4.91
757598,265,28784,102,93448,35.00,-7.24,-4.91
757620,425,28784,125,93664,35.00,-7.24,-4.87
757642,1075,28784,131,93803,35.00,-7.23,-4.85
757664,1315,28784,123,93890,35.00,-7.24,-4.88
757686,1579,28784,100,93966,35.00,-7.20,-4.87
757708,1499,28784,85,94053,35.00,-7.25,-4.92
757730,1544,28784,83,94087,35.00,-7.22,-4.89
757771,1292,29296,77,93307,35.00,-7.24,-4.88
757793,777,28784,216,93006,35.00,-7.20,-4.88
757815,1821,28784,157,92727,35.00,-7.21,-4.90
757837,1974,28784,149,92367,35.00,-7.24,-4.88
757859,1592,28784,153,91957,35.00,-7.22,-4.91
757881,2467,28784,229,91498,35.00,-7.23,-4.87
757903,3291,28784,278,91102,35.00,-7.18,-4.85
757925,3886,28784,275,90923,35.00,-7.22,-4.89
757947,3912,28784,236,91031,35.00,-7.23,-4.90
757969,3510,28784,222,91343,35.00,-7.20,-4.90
758552,3347,28784,221,92290,35.55,-7.22,-4.89
758593,1869,28784,157,90444,35.00,-7.23,-4.89
758615,1686,28784,155,90512,35.00,-7.24,-4.89
758637,1636,28784,155,90624,35.00,-7.24,-4.87
758659,1634,28784,165,90742,35.00,-7.21,-4.87
758681,1643,28784,154,90841,35.00,-7.22,-4.92
758703,1639,28784,133,90902,35.00,-7.22,-4.90
758725,1682,28784,115,90978,35.00,-7.23,-4.88
758747,1695,28784,114,91054,35.00,-7.26,-4.91
758769,1703,28784,110,91180,35.00,-7.24,-4.90
758791,1747,28592,117,91377,35.00,-7.27,-4.87
758834,1641,28784,121,92166,35.00,-7.20,-4.91
758856,1847,28592,147,92447,35.00,-7.20,-4.88
758878,2099,28592,167,92666,35.00,-7.27,-4.88
758900,2245,28592,199,92753,35.00,-7.23,-4.91
758922,2631,28592,249,93087,35.00,-7.19,-4.88
758944,3308,28080,286,93395,35.00,-7.22,-4.91
758966,3885,27312,303,93495,35.00,-7.21,-4.89
758988,3911,27312,309,93589,35.00,-7.20,-4.91
759571,3938,28080,251,93663,35.02,-7.21,-4.90
759602,2217,28592,115,95735,35.00,-7.21,-4.90
759624,0,28592,3,96190,35.00,-7.24,-4.89
759646,0,28784,0,96551,35.00,-7.21,-4.90
759668,0,28784,13,96770,35.00,-7.17,-4.86
759690,0,28784,108,96929,35.00,-7.27,-4.85
759712,0,28784,126,96989,35.00,-7.22,-4.91
759734,0,28592,154,97390,35.00,-7.25,-4.85
759776,2329,28592,169,98586,35.00,-7.24,-4.88
759798,2503,28592,133,99241,35.00,-7.01,-4.61
759820,3153,28592,125,99953,35.00,-7.11,-4.85
759842,2351,28592,87,99953,35.00,-7.28,-4.86
759864,2156,28080,75,99953,35.00,-7.23,-4.89
759886,1640,28080,57,99953,35.00,-7.24,-4.83
759908,744,28080,81,99591,35.00,-7.26,-4.88
759930,3959,27312,181,98520,35.00,-7.19,-4.91
759952,3945,27312,171,96874,35.00,-7.20,-4.91
759974,3941,26800,217,94935,35.00,-7.27,-4.87
760590,3934,26416,237,91487,35.46,-7.16,-4.88
760621,3371,28080,207,99920,35.00,-7.21,-4.90
760643,3942,28080,234,99920,35.00,-7.20,-4.92
760665,3851,28592,201,99994,35.00,-7.22,-4.85
760687,1147,28592,121,99994,35.00,-7.21,-4.85
760709,998,28592,111,99994,35.00,-7.24,-4.86
760731,1149,28592,255,99994,35.00,-7.22,-4.85
760753,2747,28080,522,99994,35.00,-7.30,-4.87
760775,2314,28080,652,99994,35.00,-7.21,-4.86
760797,3149,28080,812,99994,35.00,-7.21,-4.91
760839,3854,28080,804,99994,35.00,-7.17,-4.94
760861,3928,28080,594,99994,35.00,-7.23,-4.92
760883,3864,28592,443,99994,35.00,-7.23,-4.88
760905,2391,28592,238,99994,35.00,-7.26,-4.86
760927,876,28784,139,99994,35.00,-7.24,-4.83
760949,0,28784,137,99994,35.00,-7.21,-4.87
760971,0,29296,57,99994,35.00,-7.17,-4.91
760993,0,30064,27,99994,35.00,-7.24,-4.87
761355,0,30064,45,99994,34.84,-7.25,-4.86
761383,3593,30064,157,99994,35.00,-7.16,-4.90
761405,3933,30576,202,99994,35.00,-7.26,-4.91
761427,3930,30576,250,99994,35.00,-7.27,-4.85
761449,3933,30960,277,99994,35.00,-7.24,-4.84
761471,3925,30960,311,99994,35.00,-7.21,-4.88
761493,3913,30960,315,99994,35.00,-7.21,-4.90
761515,3921,30960,279,99994,35.00,-7.23,-4.92
761537,3937,30576,249,99994,35.00,-7.21,-4.86
761559,3925,30576,261,99994,35.00,-7.27,-4.87
761601,3921,30576,253,99994,35.00,-7.25,-4.86
761623,3924,30576,311,99994,35.00,-7.22,-4.86
761645,3927,30576,343,99797,35.00,-7.21,-4.89
761667,3917,30960,343,99317,35.00,-7.18,-4.91
761689,3892,30960,347,98791,35.00,-7.16,-4.88
761711,3891,30960,354,98286,35.00,-7.23,-4.87
761733,3534,30960,329,98003,35.00,-7.26,-4.90
761755,1945,30576,309,97874,35.00,-7.22,-4.88
761777,1243,30576,277,97799,35.00,-7.23,-4.90
761799,3165,30576,267,97630,35.00,-7.21,-4.89
761841,2811,30576,187,96917,35.00,-7.25,-4.87
761863,1715,30576,116,96465,35.00,-7.24,-4.86
761885,1385,30576,73,95888,35.00,-7.22,-4.84
761907,0,30576,51,95303,35.00,-7.19,-4.90
761929,0,30576,69,94832,35.00,-7.27,-4.88
761951,0,30064,111,94495,35.00,-7.22,-4.88
761973,0,30064,149,94253,35.00,-7.30,-4.88
761995,411,30064,171,94030,35.00,-7.27,-4.81
762374,893,30064,135,93886,35.31,-7.27,-4.87
762402,0,30576,123,94169,35.00,-7.24,-4.82
762424,0,30576,0,94188,35.00,-7.28,-4.90
762446,0,30064,21,94206,35.00,-7.22,-4.85
762468,0,30064,70,94296,35.00,-7.20,-4.84
762490,200,30064,21,94368,35.00,-7.22,-4.91
762512,1719,30064,103,94447,35.00,-7.23,-4.87
762534,3877,30064,156,94388,35.00,-7.27,-4.82
762556,3915,30064,197,94280,35.00,-7.21,-4.80
762578,3919,30064,222,94103,35.00,-7.23,-4.92
762600,3909,30064,332,93915,35.00,-7.23,-4.87
762622,3911,30064,109,93747,35.00,-7.18,-4.87
762663,3575,30576,30,93493,35.00,-7.21,-4.86
762685,879,30064,59,93425,35.00,-7.24,-4.90
762707,2501,30576,38,93369,35.00,-7.25,-4.85
762729,2523,30576,28,93380,35.00,-7.23,-4.89
762751,2301,30576,7,93457,35.00,-7.19,-4.88
762773,861,30576,39,93567,35.00,-7.20,-4.87
762795,3437,30064,179,93742,35.00,-7.22,-4.89
762817,3299,30576,87,93918,35.00,-7.27,-4.87
762839,2357,30064,99,94063,35.00,-7.29,-4.83
762861,2631,30064,135,94146,35.00,-7.24,-4.85
762883,3881,30064,143,94233,35.00,-7.27,-4.85
762924,3911,30064,104,94632,35.00,-7.19,-4.88
762946,3883,30064,101,94829,35.00,-7.19,-4.91
762968,3859,30064,111,95028,35.00,-7.18,-4.90
762990,3887,29296,149,95161,35.00,-7.17,-4.93
763394,3918,29296,197,95323,35.40,-7.24,-4.89
763425,2139,28784,219,97413,35.00,-7.21,-4.91
763447,2165,28784,177,97467,35.00,-7.24,-4.87
763469,2063,29296,182,97466,35.00,-7.25,-4.87
763491,1943,29296,181,97380,35.00,-7.24,-4.85
763513,1951,28784,187,97247,35.00,-7.20,-4.86
763535,1903,29296,209,97058,35.00,-7.21,-4.89
763557,1863,29296,213,96905,35.00,-7.19,-4.88
763579,1844,29296,211,96799,35.00,-7.24,-4.91
763601,1827,29296,200,96730,35.00,-7.25,-4.89
763623,1742,29296,185,96763,35.00,-7.19,-4.88
763666,1626,29296,169,96922,35.00,-7.20,-4.85
763688,1389,29296,151,97012,35.00,-7.22,-4.85
763710,1271,29296,155,97069,35.00,-7.22,-4.89
763732,1199,29296,165,97131,35.00,-7.22,-4.85
763754,1106,29296,169,97215,35.00,-7.20,-4.88
763776,1037,29296,185,97281,35.00,-7.20,-4.83
763798,953,29296,180,97354,35.00,-7.23,-4.89
763820,927,29296,175,97468,35.00,-7.21,-4.84
763842,1049,29296,165,97601,35.00,-7.21,-4.85
763864,1093,29296,152,97727,35.00,-7.27,-4.91
763906,1069,29296,142,97474,35.00,-7.24,-4.93
763928,1226,29296,135,97235,35.00,-7.20,-4.91
763950,1170,29296,139,96968,35.00,-7.22,-4.85
763972,1077,29296,146,96665,35.00,-7.21,-4.83
763994,995,29296,155,96375,35.00,-7.22,-4.87
764414,1108,29296,166,96150,35.25,-7.20,-4.86
764448,1711,26416,187,97991,35.00,-7.22,-4.88
764470,1787,26416,151,98021,35.00,-7.21,-4.85
764492,1759,26800,167,98084,35.00,-7.25,-4.86
764514,1693,26800,168,98198,35.00,-7.20,-4.86
764536,1589,26800,182,98304,35.00,-7.22,-4.86
764558,1575,26800,185,98355,35.00,-7.23,-4.85
764580,1719,26800,181,98319,35.00,-7.23,-4.88
764602,1797,27312,171,98209,35.00,-7.22,-4.87
764624,1887,27312,165,98085,35.00,-7.21,-4.84
764646,1818,27312,155,97991,35.00,-7.21,-4.90
764688,1723,27312,149,97775,35.00,-7.23,-4.82
764710,1817,27312,148,97751,35.00,-7.24,-4.90
764732,1715,27312,154,97739,35.00,-7.21,-4.87
764754,1631,27312,157,97746,35.00,-7.25,-4.88
764776,1523,27312,167,97779,35.00,-7.23,-4.83
764798,1561,27312,173,97805,35.00,-7.23,-4.89
764820,1708,27312,172,97848,35.00,-7.24,-4.90
764842,1687,28080,163,97903,35.00,-7.22,-4.85
764864,1239,27312,143,97932,35.00,-7.21,-4.86
764886,1657,27312,140,97947,35.00,-7.24,-4.85
764908,2021,27312,141,97946,35.00,-7.22,-4.88
764949,1892,27312,151,98135,35.00,-7.21,-4.91
764971,1770,27312,152,98204,35.00,-7.23,-4.87
764993,1752,27312,158,98288,35.00,-7.23,-4.92
765434,1873,27312,175,98381,34.98,-7.21,-4.87
765470,1385,28080,167,98176,35.00,-7.21,-4.90
765492,1635,28080,155,98196,35.00,-7.20,-4.86
765514,1683,28080,158,98267,35.00,-7.22,-4.85
765536,1597,28080,164,98330,35.00,-7.21,-4.85
765558,1471,28080,159,98389,35.00,-7.24,-4.88
765580,1499,28080,160,98437,35.00,-7.23,-4.85
765602,1643,28080,155,98538,35.00,-7.19,-4.86
765624,1759,28080,151,98604,35.00,-7.22,-4.86
765646,1752,28080,139,98674,35.00,-7.21,-4.88
765668,1753,28080,137,98713,35.00,-7.24,-4.87
765690,1675,28080,141,98778,35.00,-7.23,-4.92
765731,1699,28080,151,98919,35.00,-7.24,-4.86
765753,1669,28592,149,98985,35.00,-7.20,-4.89
765775,1644,28592,165,99067,35.00,-7.22,-4.89
765797,1681,28592,166,99128,35.00,-7.23,-4.86
765819,1647,28592,171,99171,35.00,-7.21,-4.85
765841,1765,28592,163,99231,35.00,-7.21,-4.86
765863,1791,28592,152,99283,35.00,-7.24,-4.89
765885,1789,28784,135,99302,35.00,-7.22,-4.87
765907,1812,28784,136,99304,35.00,-7.22,-4.87
765929,1763,28784,133,99285,35.00,-7.19,-4.88
765971,1716,28784,140,99380,35.00,-7.23,-4.89
765993,1785,28784,152,99448,35.00,-7.20,-4.85
766708,1791,28784,168,99505,35.30,-7.20,-4.87
766733,1835,30064,142,99505,35.00,-7.21,-4.88
766755,1699,30064,167,99505,35.00,-7.24,-4.87
766777,1957,30064,182,99505,35.00,-7.20,-4.89
766799,1867,30064,180,99505,35.00,-7.18,-4.87
766821,1963,30064,173,99910,35.00,-7.23,-4.87
766843,1993,30064,165,99772,35.00,-7.27,-4.87
766865,1959,30064,148,99681,35.00,-7.23,-4.85
766887,1916,30064,147,99599,35.00,-7.20,-4.89
766909,1931,30064,149,99500,35.00,-7.20,-4.86
766931,1927,30064,151,99404,35.00,-7.23,-4.89
766953,1757,30064,159,99327,35.00,-7.19,-4.90
766994,1773,30064,175,99324,35.00,-7.21,-4.90
767728,1704,30064,173,99334,35.56,-7.24,-4.84
767756,1677,30064,137,96565,35.00,-7.22,-4.89
767778,1541,30064,169,96507,35.00,-7.20,-4.90
767800,1583,30064,159,96425,35.00,-7.25,-4.88
767822,1700,30064,153,96375,35.00,-7.22,-4.86
767844,1716,30064,147,96351,35.00,-7.24,-4.85
767866,1812,30064,143,96363,35.00,-7.21,-4.85
767888,1885,30064,140,96412,35.00,-7.24,-4.88
767910,1847,30064,139,96423,35.00,-7.21,-4.85
767932,1775,30064,149,96454,35.00,-7.26,-4.89
767954,1807,30064,158,96498,35.00,-7.20,-4.86
767997,1878,30064,173,96601,35.00,-7.21,-4.87
768748,1787,29296,181,96639,34.88,-7.23,-4.88
768779,1916,30064,141,96966,35.00,-7.22,-4.86
768801,1989,30064,169,97111,35.00,-7.21,-4.88
768823,2120,30064,163,97280,35.00,-7.22,-4.89
768845,2071,30064,141,97398,35.00,-7.22,-4.86
768867,1979,30064,143,97503,35.00,-7.19,-4.89
768889,2023,30064,141,97606,35.00,-7.21,-4.87
768911,1975,30064,155,97698,35.00,-7.24,-4.82
768933,1687,30064,152,97791,35.00,-7.19,-4.86
768955,1607,30064,172,97915,35.00,-7.26,-4.86
768977,1591,30064,173,98030,35.00,-7.23,-4.84
769519,1669,30064,181,97757,35.82,-7.27,-4.87
769561,1399,30064,165,98812,35.00,-7.22,-4.84
769583,1337,30064,147,98968,35.00,-7.22,-4.87
769605,1416,30064,139,99097,35.00,-7.21,-4.90
769627,1613,30576,140,99176,35.00,-7.23,-4.85
769649,1771,30576,139,99255,35.00,-7.23,-4.90
769671,1947,30576,149,99322,35.00,-7.22,-4.90
769693,1983,30576,157,99385,35.00,-7.23,-4.88
769715,1824,30576,170,99437,35.00,-7.24,-4.87
769737,1814,30576,173,99417,35.00,-7.19,-4.85
769759,1891,30576,175,99240,35.00,-7.24,-4.88
769801,1951,30576,170,98581,35.00,-7.19,-4.86
769823,1955,30576,168,98470,35.00,-7.22,-4.89
769845,2015,30576,149,98413,35.00,-7.24,-4.85
769867,2135,30576,151,98365,35.00,-7.23,-4.88
769889,2153,30576,145,98328,35.00,-7.21,-4.86
769911,2003,30576,139,98326,35.00,-7.21,-4.87
769933,1830,30576,148,98363,35.00,-7.23,-4.88
769955,1787,30576,173,98385,35.00,-7.19,-4.87
769977,1722,30576,179,98400,35.00,-7.22,-4.88
769999,1739,30576,178,98387,35.00,-7.19,-4.89
770021,1746,30064,171,98344,35.00,-7.20,-4.87
770062,1864,30576,163,98311,35.00,-7.21,-4.87
770084,1868,30576,153,98378,35.00,-7.30,-4.82
770106,1866,30576,149,98410,35.00,-7.20,-4.87
770128,1867,30576,141,98494,35.00,-7.24,-4.91
770150,1891,30576,139,98592,35.00,-7.24,-4.87
770172,1861,30576,152,98672,35.00,-7.22,-4.83
770194,1757,30576,159,98765,35.00,-7.27,-4.89
770216,1678,30576,179,98864,35.00,-7.23,-4.89
770238,1695,30576,181,98940,35.00,-7.24,-4.86
770260,1752,30576,176,99000,35.00,-7.22,-4.87
770303,1847,30576,165,99074,35.00,-7.20,-4.87
770325,1780,30576,143,99099,35.00,-7.24,-4.89
770347,1855,30576,147,99134,35.00,-7.24,-4.86
770369,1909,30576,147,99163,35.00,-7.21,-4.89
770391,1895,30960,152,99192,35.00,-7.21,-4.86
770413,1835,30960,167,99212,35.00,-7.20,-4.90
770435,1812,30960,174,99249,35.00,-7.21,-4.87
770457,1783,30576,178,99235,35.00,-7.22,-4.88
770479,1799,30960,176,99062,35.00,-7.19,-4.90
770501,1824,30960,169,98808,35.00,-7.22,-4.85
770543,1865,30960,157,98237,35.00,-7.24,-4.87
770565,1806,30960,138,98176,35.00,-7.25,-4.89
770587,1705,30960,121,98121,35.00,-7.22,-4.88
770609,1307,30960,100,98098,35.00,-7.25,-4.88
770631,1203,30960,109,98132,35.00,-7.24,-4.87
770653,1125,30960,109,98166,35.00,-7.24,-4.87
770675,989,30960,123,98219,35.00,-7.22,-4.86
770697,1112,30960,140,98243,35.00,-7.21,-4.85
770719,1171,30960,152,98250,35.00,-7.20,-4.84
770741,1430,30576,149,98277,35.00,-7.19,-4.87
770763,1611,30576,151,98306,35.00,-7.27,-4.86
770804,1782,30960,138,98383,35.00,-7.24,-4.88
770826,2063,30960,155,98440,35.00,-7.21,-4.90
770848,2235,30960,165,98503,35.00,-7.27,-4.87
770870,2287,30960,179,98554,35.00,-7.24,-4.88
770892,2440,30960,191,98612,35.00,-7.22,-4.88
770914,2331,30960,197,98639,35.00,-7.24,-4.91
770936,2329,30960,213,98686,35.00,-7.26,-4.87
770958,2382,30960,219,98740,35.00,-7.20,-4.87
770980,2393,30960,205,98800,35.00,-7.23,-4.91
771552,2403,30960,197,98862,35.25,-7.24,-4.89
771586,1507,31472,157,97918,35.00,-7.24,-4.85
771608,1543,31472,123,97920,35.00,-7.21,-4.88
771630,1370,31472,119,97954,35.00,-7.23,-4.90
771652,1197,31472,133,98021,35.00,-7.18,-4.90
771674,1147,32240,138,98057,35.00,-7.24,-4.87
771696,1101,32240,153,98076,35.00,-7.23,-4.84
771718,1237,31472,164,98087,35.00,-7.24,-4.86
771740,1487,31472,172,98102,35.00,-7.21,-4.85
771762,1364,31472,143,98145,35.00,-7.26,-4.87
771784,1369,31472,136,98173,35.00,-7.23,-4.82
771827,1366,32240,123,98295,35.00,-7.22,-4.89
771849,1657,31472,147,98318,35.00,-7.22,-4.88
771871,1638,31472,155,98233,35.00,-7.21,-4.90
771893,1753,31472,154,97983,35.00,-7.22,-4.87
771915,1512,31472,158,97665,35.00,-7.19,-4.85
771937,1379,31472,157,97385,35.00,-7.22,-4.84
771959,1299,31472,163,97160,35.00,-7.25,-4.84
771981,1245,31472,139,97003,35.00,-7.24,-4.90
772571,1164,31472,127,96914,35.22,-7.21,-4.89
772609,1847,32240,165,96744,35.00,-7.24,-4.86
772631,2115,32240,154,96450,35.00,-7.25,-4.85
772653,1943,32240,163,96207,35.00,-7.22,-4.85
772675,1865,32240,173,96039,35.00,-7.24,-4.87
772697,1831,31472,173,95934,35.00,-7.23,-4.93
772719,1837,31472,175,95876,35.00,-7.26,-4.87
772741,1896,32240,173,95867,35.00,-7.24,-4.89
772763,1982,32240,166,95879,35.00,-7.23,-4.86
772785,1983,32240,151,95939,35.00,-7.20,-4.84
772807,1847,32240,142,96018,35.00,-7.22,-4.89
772849,1815,32240,133,96074,35.00,-7.24,-4.88
772871,1755,32240,134,96049,35.00,-7.23,-4.88
772893,1646,32240,139,96056,35.00,-7.21,-4.88
772915,1533,32240,150,96076,35.00,-7.25,-4.84
772937,1499,32240,149,96120,35.00,-7.22,-4.89
772959,1509,32240,159,96181,35.00,-7.24,-4.88
772981,1657,32240,162,96229,35.00,-7.25,-4.86
773343,1750,32240,152,96231,34.92,-7.21,-4.88
773371,1849,31472,134,95259,35.00,-7.22,-4.84
773393,1645,31472,139,95206,35.00,-7.22,-4.89
773415,1615,31472,152,95200,35.00,-7.21,-4.86
773437,1695,31472,164,95231,35.00,-7.22,-4.90
773459,1802,31472,165,95343,35.00,-7.22,-4.87
773481,1951,31472,165,95425,35.00,-7.24,-4.86
773503,1990,31472,156,95461,35.00,-7.24,-4.88
773525,2063,31472,147,95443,35.00,-7.27,-4.91
773547,2065,32240,134,95431,35.00,-7.20,-4.90
773569,2013,32240,133,95463,35.00,-7.23,-4.87
773611,2071,32240,139,95484,35.00,-7.23,-4.87
773633,1864,32240,146,95441,35.00,-7.20,-4.83
773655,1716,32240,150,95440,35.00,-7.23,-4.91
773677,1634,31472,165,95440,35.00,-7.22,-4.88
773699,1711,31472,171,95441,35.00,-7.22,-4.86
773721,1803,31472,169,95440,35.00,-7.24,-4.85
773743,1839,31472,150,95481,35.00,-7.25,-4.89
773765,1881,31472,137,95533,35.00,-7.25,-4.90
773787,1849,31472,127,95526,35.00,-7.22,-4.87
773809,1850,31472,123,95548,35.00,-7.20,-4.84
773831,1863,31472,135,95584,35.00,-7.21,-4.88
773872,1791,31472,148,95660,35.00,-7.25,-4.86
773894,1829,31472,156,95690,35.00,-7.24,-4.85
773916,1821,31472,169,95610,35.00,-7.20,-4.87
773938,1768,31472,169,95387,35.00,-7.19,-4.90
773960,1785,31472,163,95007,35.00,-7.25,-4.85
773982,1709,32240,147,94552,35.00,-7.19,-4.86
774356,1708,32240,133,94162,34.85,-7.20,-4.93
774393,1783,31472,160,93776,35.00,-7.22,-4.88
774415,1705,31472,147,93810,35.00,-7.23,-4.87
774437,1657,31472,164,93848,35.00,-7.22,-4.84
774459,1818,31472,173,93872,35.00,-7.22,-4.85
774481,1975,31472,165,93879,35.00,-7.16,-4.85
774503,2057,31472,156,93878,35.00,-7.22,-4.86
774525,1995,31472,139,93923,35.00,-7.24,-4.87
774547,1946,31472,139,93957,35.00,-7.22,-4.90
774569,1975,31472,139,93935,35.00,-7.22,-4.88
774591,2073,31472,145,93897,35.00,-7.23,-4.85
774613,2039,31472,156,93758,35.00,-7.22,-4.88
774654,1949,31472,167,92501,35.00,-7.21,-4.86
774676,1861,31472,167,92126,35.00,-7.22,-4.87
774698,1724,31472,165,91834,35.00,-7.20,-4.89
774720,1737,31472,160,91590,35.00,-7.25,-4.87
774742,1755,31472,151,91392,35.00,-7.22,-4.87
774764,1820,31472,141,91233,35.00,-7.22,-4.84
774786,1831,31472,123,91179,35.00,-7.23,-4.84
774808,1847,31472,125,91245,35.00,-7.21,-4.87
774830,1803,31472,137,91360,35.00,-7.24,-4.87
774852,1747,31472,143,91464,35.00,-7.23,-4.88
774894,1757,31472,157,91656,35.00,-7.23,-4.88
774916,1757,31472,169,91685,35.00,-7.23,-4.85
774938,1718,31472,173,91742,35.00,-7.26,-4.87
774960,1677,31472,170,91830,35.00,-7.23,-4.87
774982,1767,31472,154,91912,35.00,-7.24,-4.88
775375,1773,31472,142,91996,34.88,-7.24,-4.84
775416,1723,30960,168,90804,35.00,-7.22,-4.85
775438,1772,30960,165,90751,35.00,-7.24,-4.84
775460,1751,30960,157,90762,35.00,-7.24,-4.89
775482,1750,30960,148,90817,35.00,-7.23,-4.87
775504,1785,30960,143,90893,35.00,-7.25,-4.84
775526,1837,30960,123,90910,35.00,-7.22,-4.82
775548,1809,30960,119,90956,35.00,-7.27,-4.86
775570,1861,30960,134,90977,35.00,-7.26,-4.88
775592,1871,30960,147,91009,35.00,-7.24,-4.83
775614,1821,30960,153,91032,35.00,-7.28,-4.83
775656,1815,30960,169,91105,35.00,-7.24,-4.86
775678,1759,30960,165,91182,35.00,-7.25,-4.85
775700,1725,30960,162,91258,35.00,-7.23,-4.91
775722,1764,30960,155,91314,35.00,-7.23,-4.92
775744,1884,31472,142,91382,35.00,-7.24,-4.85
775766,1866,30960,131,91465,35.00,-7.26,-4.88
775788,1869,31472,123,91544,35.00,-7.24,-4.83
775810,1843,31472,127,91604,35.00,-7.21,-4.87
775832,1758,31472,139,91644,35.00,-7.23,-4.88
775854,1679,30960,145,91688,35.00,-7.24,-4.85
775876,1573,30960,153,91770,35.00,-7.23,-4.84
775917,1529,31472,155,91905,35.00,-7.27,-4.86
775939,1671,30960,165,91806,35.00,-7.21,-4.88
775961,1739,30960,157,91527,35.00,-7.23,-4.88
775983,1787,30960,150,91095,35.00,-7.22,-4.90
776395,1833,30960,137,90647,35.72,-7.23,-4.84
776423,1717,31472,165,90656,35.00,-7.24,-4.87
776445,1864,30960,143,90759,35.00,-7.27,-4.89
776467,1951,31472,139,90851,35.00,-7.23,-4.86
776489,1915,31472,135,90941,35.00,-7.20,-4.84
776511,1821,31472,140,91020,35.00,-7.24,-4.87
776533,1763,31472,149,91113,35.00,-7.22,-4.91
776555,1766,31472,159,91220,35.00,-7.21,-4.88
776577,1699,31472,168,91339,35.00,-7.23,-4.89
776619,1687,30960,168,91545,35.00,-7.21,-4.87
776641,1773,30960,159,91416,35.00,-7.25,-4.90
776663,1796,31472,154,91099,35.00,-7.24,-4.91
776685,1821,31472,141,90679,35.00,-7.21,-4.90
776707,1791,31472,137,90295,35.00,-7.23,-4.88
776729,1757,31472,125,89964,35.00,-7.23,-4.87
776751,1655,31472,132,89736,35.00,-7.22,-4.85
776773,1587,30960,143,89577,35.00,-7.22,-4.87
776795,1547,30960,155,89487,35.00,-7.24,-4.86
776817,1619,30960,169,89433,35.00,-7.20,-4.84
776859,1629,30960,168,89641,35.00,-7.24,-4.85
776881,1720,30960,159,89783,35.00,-7.21,-4.89
776903,1819,30960,148,89891,35.00,-7.27,-4.85
776925,1944,30960,139,89961,35.00,-7.24,-4.89
776947,1975,30960,133,90029,35.00,-7.25,-4.86
776969,1797,30960,120,90097,35.00,-7.24,-4.89
776991,1567,30960,121,90120,35.00,-7.22,-4.89
777414,1631,30960,137,90147,35.39,-7.21,-4.91
777443,1909,30960,173,89572,35.00,-7.23,-4.87
777465,1979,30960,152,89368,35.00,-7.21,-4.92
777487,2011,30960,151,89199,35.00,-7.22,-4.89
777509,2017,30960,149,89098,35.00,-7.22,-4.88
777531,2107,30960,152,89069,35.00,-7.20,-4.84
777553,2085,30960,164,89112,35.00,-7.27,-4.85
777575,2025,30960,179,89184,35.00,-7.23,-4.90
777597,2009,30960,197,89307,35.00,-7.23,-4.86
777619,1999,30960,199,89402,35.00,-7.22,-4.88
777661,1963,30960,175,89576,35.00,-7.24,-4.87
777683,1887,30960,155,89608,35.00,-7.23,-4.89
777705,1903,30960,149,89676,35.00,-7.23,-4.89
777727,1915,31472,143,89749,35.00,-7.26,-4.91
777749,1929,30960,139,89816,35.00,-7.26,-4.85
777771,1839,31472,149,89906,35.00,-7.23,-4.89
777793,1783,31472,157,89970,35.00,-7.22,-4.86
777815,1743,30960,163,90064,35.00,-7.24,-4.85
777837,1683,30960,165,90153,35.00,-7.24,-4.88
777859,1597,30960,157,90231,35.00,-7.21,-4.81
777881,1505,31472,145,90321,35.00,-7.24,-4.90
777922,1553,31472,138,90508,35.00,-7.22,-4.87
777944,1418,30960,116,90567,35.00,-7.20,-4.86
777966,1493,31472,117,90665,35.00,-7.21,-4.90
777988,1579,31472,118,90762,35.00,-7.23,-4.85
778434,1615,30960,125,90859,34.77,-7.23,-4.86
778463,1721,30960,155,89606,35.00,-7.24,-4.88
778485,1727,30960,125,89657,35.00,-7.26,-4.84
778507,1798,30960,135,89715,35.00,-7.23,-4.89
778529,1881,30960,133,89810,35.00,-7.22,-4.86
778551,1893,30960,137,89896,35.00,-7.20,-4.90
778573,1903,30960,151,89976,35.00,-7.24,-4.85
778595,1761,30960,157,90062,35.00,-7.21,-4.86
778617,1765,30960,164,90138,35.00,-7.20,-4.84
778639,1813,30960,173,90199,35.00,-7.24,-4.88
778661,1877,30960,167,90259,35.00,-7.21,-4.85
778683,1916,30960,167,90348,35.00,-7.24,-4.90
778724,1989,30960,145,90600,35.00,-7.22,-4.90
778746,2021,30960,150,90723,35.00,-7.22,-4.88
778768,2029,30960,147,90835,35.00,-7.24,-4.84
778790,1927,30960,147,90913,35.00,-7.22,-4.86
778812,1869,30960,152,91000,35.00,-7.20,-4.88
778834,1846,30960,158,91039,35.00,-7.21,-4.87
778856,1931,30960,181,90927,35.00,-7.18,-4.87
778878,1823,30576,176,90582,35.00,-7.24,-4.88
778900,1815,30576,173,90079,35.00,-7.24,-4.85
778922,1843,30576,159,89612,35.00,-7.23,-4.84
778965,1860,30576,155,88656,35.00,-7.24,-4.91
778987,1958,30064,143,88478,35.00,-7.28,-4.84
779708,1933,30576,135,88427,35.35,-7.21,-4.88
779746,1490,30064,125,88867,35.00,-7.23,-4.89
779768,1447,30064,114,88703,35.00,-7.20,-4.87
779790,1461,30576,123,88595,35.00,-7.24,-4.86
779812,1468,30064,135,88537,35.00,-7.22,-4.89
779834,1459,30064,147,88547,35.00,-7.21,-4.85
779856,1493,30064,157,88632,35.00,-7.22,-4.85
779878,1517,30064,163,88756,35.00,-7.23,-4.89
779900,1541,30064,155,88886,35.00,-7.25,-4.86
779922,1582,30064,149,88990,35.00,-7.17,-4.87
779944,1659,30064,140,89091,35.00,-7.22,-4.91
779966,1734,30064,137,89174,35.00,-7.22,-4.85
780728,1815,30064,135,89418,35.68,-7.20,-4.86
780769,1501,30064,107,89567,35.00,-7.23,-4.89
780791,1043,30064,90,89638,35.00,-7.20,-4.85
780813,983,30064,111,89717,35.00,-7.19,-4.90
780835,1215,30064,151,89791,35.00,-7.23,-4.90
780857,1636,29296,197,89897,35.00,-7.24,-4.88
780879,2039,29296,213,89992,35.00,-7.22,-4.85
780901,2181,29296,201,90118,35.00,-7.24,-4.86
780923,2287,29296,202,90234,35.00,-7.21,-4.87
780945,2456,29296,186,90344,35.00,-7.21,-4.86
780967,2483,29296,186,90460,35.00,-7.24,-4.86
781748,2581,29296,200,90800,34.94,-7.24,-4.84
781773,1447,30960,123,90717,35.00,-7.21,-4.88
781795,1375,30960,163,90856,35.00,-7.21,-4.86
781817,1469,30960,171,90970,35.00,-7.22,-4.86
781839,1597,30960,171,91086,35.00,-7.22,-4.84
781861,1733,30960,159,91174,35.00,-7.22,-4.87
781883,1705,30960,150,91258,35.00,-7.24,-4.88
781905,1704,30960,135,91355,35.00,-7.24,-4.86
781927,1815,30960,139,91435,35.00,-7.25,-4.91
781949,1813,30960,138,91525,35.00,-7.24,-4.88
781971,1762,30960,140,91621,35.00,-7.24,-4.90
782513,1671,30960,143,91909,35.01,-7.23,-4.89
782553,2659,30576,191,91542,35.00,-7.25,-4.88
782575,1801,30576,137,91661,35.00,-7.24,-4.85
782597,1273,30576,99,91782,35.00,-7.23,-4.90
782619,808,30576,93,91889,35.00,-7.21,-4.87
782641,521,30576,75,91989,35.00,-7.21,-4.86
782663,413,30576,73,92109,35.00,-7.24,-4.89
782685,571,30576,77,92229,35.00,-7.23,-4.92
782707,871,30576,87,92311,35.00,-7.21,-4.88
782729,1161,30576,103,92385,35.00,-7.27,-4.87
782751,1383,30576,115,92468,35.00,-7.21,-4.87
782773,1342,30576,109,92559,35.00,-7.22,-4.85
782814,1103,30576,105,92807,35.00,-7.22,-4.88
782836,665,30576,90,92878,35.00,-7.20,-4.86
782858,555,30576,93,92908,35.00,-7.20,-4.85
782880,648,30576,81,92801,35.00,-7.24,-4.88
782902,761,30576,76,92477,35.00,-7.20,-4.88
782924,787,30576,37,91985,35.00,-7.23,-4.92
782946,546,30576,28,91494,35.00,-7.19,-4.87
782968,533,30576,25,91091,35.00,-7.22,-4.90
782990,471,30576,24,90782,35.00,-7.22,-4.86
783533,300,30064,27,90533,35.74,-7.25,-4.86
783563,1967,30576,155,91889,35.00,-7.24,-4.87
783585,1873,30576,107,91985,35.00,-7.28,-4.86
783607,1659,30576,94,92073,35.00,-7.20,-4.88
783629,1340,30576,47,92153,35.00,-7.25,-4.88
783651,585,30576,31,92203,35.00,-7.22,-4.92
783673,183,30576,52,92135,35.00,-7.23,-4.89
783695,365,30576,85,91820,35.00,-7.20,-4.86
783736,748,30576,93,90575,35.00,-7.24,-4.88
783758,1349,30576,143,90355,35.00,-7.23,-4.86
783780,1831,30064,150,90167,35.00,-7.22,-4.86
783802,1797,30576,105,90003,35.00,-7.23,-4.91
783824,1386,30576,62,89871,35.00,-7.20,-4.91
783846,1067,30576,33,89820,35.00,-7.22,-4.88
783868,763,30576,38,89848,35.00,-7.23,-4.85
783890,711,30576,41,89939,35.00,-7.24,-4.88
783912,649,30576,59,90031,35.00,-7.22,-4.89
783934,723,30576,75,90109,35.00,-7.24,-4.86
783956,701,30576,93,90153,35.00,-7.27,-4.88
783997,969,30576,105,90354,35.00,-7.25,-4.90
784552,841,30576,83,90401,35.24,-7.23,-4.86
784582,2747,29296,263,89830,35.00,-7.23,-4.88
784604,3273,29296,265,89776,35.00,-7.20,-4.81
784626,2349,29296,212,89784,35.00,-7.22,-4.86
784648,2580,30064,201,89877,35.00,-7.26,-4.86
784670,2309,30064,170,90003,35.00,-7.22,-4.91
784692,1879,30064,155,90091,35.00,-7.25,-4.86
784714,1671,29296,175,90120,35.00,-7.24,-4.83
784736,1695,29296,211,90143,35.00,-7.21,-4.88
784758,1809,29296,237,90151,35.00,-7.24,-4.84
784799,2091,29296,262,90199,35.00,-7.24,-4.88
784821,2197,29296,217,90215,35.00,-7.25,-4.89
784843,1901,29296,180,90276,35.00,-7.25,-4.87
784865,1829,30064,175,90358,35.00,-7.22,-4.85
784887,2024,29296,181,90453,35.00,-7.21,-4.86
784909,2194,29296,187,90513,35.00,-7.20,-4.89
784931,2199,29296,187,90594,35.00,-7.22,-4.86
784953,1689,29296,166,90667,35.00,-7.25,-4.89
784975,1341,29296,167,90742,35.00,-7.24,-4.87
784997,1299,29296,172,90817,35.00,-7.23,-4.88
785572,1322,29296,185,90915,34.70,-7.24,-4.87
785603,1629,28592,158,90856,35.00,-7.17,-4.88
785625,1861,28592,151,90896,35.00,-7.25,-4.89
785647,2041,28592,157,90954,35.00,-7.21,-4.91
785669,2019,28592,149,91013,35.00,-7.21,-4.90
785691,2006,28592,155,91100,35.00,-7.24,-4.89
785713,1882,28784,157,91208,35.00,-7.24,-4.83
785735,1723,28784,173,91293,35.00,-7.23,-4.89
785757,1705,28592,180,91376,35.00,-7.24,-4.87
785779,1707,28592,173,91461,35.00,-7.23,-4.88
785801,1652,28592,159,91565,35.00,-7.20,-4.87
785842,1509,28592,123,91822,35.00,-7.23,-4.86
785864,1363,28592,135,91967,35.00,-7.23,-4.85
785886,1465,28592,107,92080,35.00,-7.23,-4.88
785908,1365,28592,91,92170,35.00,-7.21,-4.89
785930,1389,28080,119,92180,35.00,-7.18,-4.89
785952,1545,28080,151,91986,35.00,-7.22,-4.90
785974,1797,28080,180,91616,35.00,-7.26,-4.89
785996,2002,28080,202,91177,35.00,-7.22,-4.88
786592,2027,28080,191,90806,35.40,-7.24,-4.86
786624,2301,28080,187,92324,35.00,-7.20,-4.89
786646,1885,28080,125,92373,35.00,-7.21,-4.91
786668,1578,28080,109,92293,35.00,-7.24,-4.85
786690,1205,28080,91,91981,35.00,-7.24,-4.86
786712,778,28592,95,91542,35.00,-7.23,-4.88
786734,541,28592,103,91129,35.00,-7.24,-4.84
786756,495,28592,99,90841,35.00,-7.22,-4.89
786778,498,28592,101,90672,35.00,-7.24,-4.89
786800,519,28592,93,90566,35.00,-7.22,-4.88
786822,629,28592,87,90495,35.00,-7.21,-4.84
786864,777,28592,78,90587,35.00,-7.25,-4.89
786886,711,28592,59,90644,35.00,-7.21,-4.89
786908,777,28784,69,90626,35.00,-7.24,-4.85
786930,1055,28784,85,90588,35.00,-7.26,-4.87
786952,1125,28592,81,90575,35.00,-7.22,-4.87
786974,933,28784,69,90604,35.00,-7.22,-4.89
786996,549,28784,54,90646,35.00,-7.29,-4.88
787358,227,28784,39,90693,35.59,-7.24,-4.87
787386,3850,28784,424,92384,35.00,-7.20,-4.91
787408,3594,29296,235,91959,35.00,-7.18,-4.92
787430,2685,29296,165,91495,35.00,-7.22,-4.87
787452,2021,29296,140,91104,35.00,-7.23,-4.84
787474,1494,29296,123,90843,35.00,-7.22,-4.84
787496,1049,29296,132,90655,35.00,-7.22,-4.85
787518,851,29296,146,90501,35.00,-7.25,-4.89
787540,948,29296,169,90404,35.00,-7.24,-4.86
787562,1237,29296,197,90365,35.00,-7.20,-4.90
787584,1623,29296,196,90396,35.00,-7.19,-4.85
787626,1843,29296,181,90641,35.00,-7.23,-4.86
787648,2339,29296,234,90664,35.00,-7.26,-4.85
787670,2295,29296,207,90664,35.00,-7.24,-4.87
787692,2014,29296,203,90665,35.00,-7.22,-4.88
787714,1896,29296,211,90702,35.00,-7.21,-4.88
787736,1843,29296,223,90750,35.00,-7.20,-4.86
787758,1852,29296,223,90841,35.00,-7.19,-4.89
787780,1839,29296,211,90921,35.00,-7.24,-4.90
787802,1707,29296,171,91015,35.00,-7.19,-4.88
787824,1617,29296,155,91137,35.00,-7.21,-4.87
787846,1513,29296,139,91248,35.00,-7.23,-4.89
787887,1369,29296,123,91484,35.00,-7.22,-4.89
787909,983,29296,102,91576,35.00,-7.23,-4.86
787931,861,29296,111,91665,35.00,-7.25,-4.88
787953,914,29296,123,91733,35.00,-7.22,-4.86
787975,925,29296,151,91806,35.00,-7.26,-4.89
787997,982,29296,165,91901,35.00,-7.23,-4.87
788376,1107,29296,169,91999,34.97,-7.22,-4.87
788408,1885,29296,185,90505,35.00,-7.20,-4.84
788430,1865,29296,149,90545,35.00,-7.18,-4.91
788452,1848,29296,167,90585,35.00,-7.23,-4.84
788474,1804,29296,185,90644,35.00,-7.25,-4.87
788496,1850,29296,197,90741,35.00,-7.20,-4.86
788518,1831,29296,189,90821,35.00,-7.24,-4.86
788540,1779,29296,185,90902,35.00,-7.19,-4.87
788562,1757,29296,165,90971,35.00,-7.24,-4.89
788584,1737,29296,151,91059,35.00,-7.24,-4.82
788606,1811,29296,147,91131,35.00,-7.25,-4.86
788649,1830,29296,137,91298,35.00,-7.19,-4.87
788671,1656,29296,136,91384,35.00,-7.24,-4.84
788693,1605,29296,151,91452,35.00,-7.22,-4.91
788715,1623,29296,167,91558,35.00,-7.22,-4.88
788737,1655,29296,182,91645,35.00,-7.19,-4.91
788759,1725,29296,180,91704,35.00,-7.21,-4.89
788781,1752,29296,169,91777,35.00,-7.21,-4.89
788803,1833,30064,163,91814,35.00,-7.23,-4.88
788825,1876,29296,149,91647,35.00,-7.20,-4.85
788847,1887,30064,145,91267,35.00,-7.23,-4.88
788889,1822,30064,137,90197,35.00,-7.24,-4.89
788911,1767,29296,156,89974,35.00,-7.25,-4.91
788933,1704,29296,153,89829,35.00,-7.22,-4.86
788955,1681,29296,172,89726,35.00,-7.26,-4.90
788977,1639,29296,167,89668,35.00,-7.22,-4.86
788999,1636,29296,165,89654,35.00,-7.22,-4.88
789021,1620,29296,153,89757,35.00,-7.25,-4.87
789043,1591,29296,143,89884,35.00,-7.23,-4.87
789065,1610,29296,125,90012,35.00,-7.23,-4.87
789087,1654,29296,123,90093,35.00,-7.24,-4.88
789109,1637,29296,115,90154,35.00,-7.21,-4.86
789150,1567,29296,119,90272,35.00,-7.23,-4.88
789172,1493,29296,137,90372,35.00,-7.22,-4.87
789194,1563,29296,159,90447,35.00,-7.22,-4.88
789216,1659,29296,180,90500,35.00,-7.24,-4.88
789238,1750,29296,188,90568,35.00,-7.25,-4.91
789260,1915,29296,191,90621,35.00,-7.25,-4.89
789282,2027,29296,181,90688,35.00,-7.23,-4.88
789304,2085,29296,169,90780,35.00,-7.20,-4.87
789326,2039,29296,151,90875,35.00,-7.24,-4.89
789348,2024,29296,141,90964,35.00,-7.21,-4.87
789390,1982,29296,149,91231,35.00,-7.24,-4.90
789412,1897,29296,145,91320,35.00,-7.22,-4.87
789434,1791,29296,154,91420,35.00,-7.24,-4.89
789456,1774,29296,165,91509,35.00,-7.19,-4.91
789478,1719,29296,173,91619,35.00,-7.26,-4.89
789500,1709,28784,179,91731,35.00,-7.22,-4.86
789522,1823,29296,168,91834,35.00,-7.25,-4.86
789544,1949,29296,159,91864,35.00,-7.23,-4.90
789566,1945,29296,141,91689,35.00,-7.20,-4.87
789588,1874,28784,139,91299,35.00,-7.23,-4.90
789610,1798,29296,135,90834,35.00,-7.23,-4.87
789651,1671,29296,135,90056,35.00,-7.27,-4.87
789673,1549,28784,133,89945,35.00,-7.21,-4.88
789695,1498,29296,149,89876,35.00,-7.24,-4.89
789717,1470,28784,155,89891,35.00,-7.24,-4.89
789739,1436,28784,163,89960,35.00,-7.20,-4.84
789761,1545,28784,152,90085,35.00,-7.22,-4.89
789783,1606,28784,138,90230,35.00,-7.21,-4.86
789805,1641,28784,125,90331,35.00,-7.23,-4.84
789827,1651,28784,125,90402,35.00,-7.22,-4.86
789849,1659,28784,118,90481,35.00,-7.23,-4.85
789892,1679,28784,127,90668,35.00,-7.23,-4.90
789914,1476,28784,115,90766,35.00,-7.22,-4.89
789936,1332,28784,123,90865,35.00,-7.20,-4.87
789958,1284,28784,123,90953,35.00,-7.25,-4.86
789980,1305,28784,121,91032,35.00,-7.24,-4.85
790415,1381,28784,110,91123,36.42,-7.20,-4.87
790453,1636,29296,154,89609,35.00,-7.22,-4.91
790475,1514,29296,156,89504,35.00,-7.22,-4.88
790497,1489,29296,170,89491,35.00,-7.21,-4.91
790519,1783,29296,188,89536,35.00,-7.21,-4.90
790541,1951,29296,189,89579,35.00,-7.26,-4.83
790563,1911,29296,174,89592,35.00,-7.22,-4.85
790585,1986,29296,159,89621,35.00,-7.23,-4.86
790607,1880,29296,141,89654,35.00,-7.23,-4.85
790629,1751,28784,121,89711,35.00,-7.18,-4.85
790651,1480,28784,121,89756,35.00,-7.20,-4.84
790694,1431,28784,168,89845,35.00,-7.21,-4.89
790716,1403,28784,99,89892,35.00,-7.22,-4.83
790738,789,28784,115,89931,35.00,-7.24,-4.88
790760,773,28784,120,89955,35.00,-7.24,-4.87
790782,919,28784,111,89996,35.00,-7.25,-4.89
790804,1012,28784,109,90053,35.00,-7.24,-4.86
790826,1209,28784,95,90112,35.00,-7.25,-4.85
790848,1416,28784,110,90148,35.00,-7.22,-4.88
790870,1529,28784,113,90140,35.00,-7.21,-4.86
790892,1575,28784,127,90104,35.00,-7.19,-4.85
790934,1663,28784,149,89915,35.00,-7.24,-4.87
790956,1757,28592,165,89823,35.00,-7.26,-4.90
790978,1735,28592,173,89757,35.00,-7.21,-4.86
791690,1799,28784,167,89706,35.52,-7.27,-4.84
791716,537,28784,83,90057,35.00,-7.22,-4.86
791738,1036,28784,141,90163,35.00,-7.21,-4.89
791760,1559,28784,156,90254,35.00,-7.23,-4.89
791782,1703,28784,127,90331,35.00,-7.20,-4.90
791804,1883,28784,141,90261,35.00,-7.24,-4.87
791826,2043,28592,139,89962,35.00,-7.23,-4.91
791848,2275,28592,159,89562,35.00,-7.25,-4.86
791870,2381,28592,163,89170,35.00,-7.21,-4.87
791892,2505,28592,201,88854,35.00,-7.22,-4.87
791914,2633,28592,210,88619,35.00,-7.24,-4.89
791957,2525,28592,203,88286,35.00,-7.23,-4.86
791979,1811,28592,105,88300,35.00,-7.19,-4.91
792710,1611,28592,163,88410,35.02,-7.21,-4.85
792739,2163,28592,201,88118,35.00,-7.25,-4.85
792761,2038,28592,229,88250,35.00,-7.21,-4.85
792783,2063,28592,217,88453,35.00,-7.23,-4.83
792805,1919,28592,179,88599,35.00,-7.24,-4.85
792827,1733,28592,141,88703,35.00,-7.22,-4.88
792849,1435,28592,122,88740,35.00,-7.23,-4.89
792871,1233,28592,119,88788,35.00,-7.21,-4.84
792893,1165,28592,131,88868,35.00,-7.21,-4.86
792915,1060,28592,141,88953,35.00,-7.21,-4.84
792937,916,28592,137,89040,35.00,-7.24,-4.88
792979,927,28592,146,89349,35.00,-7.26,-4.86
793729,907,28592,133,89436,35.02,-7.23,-4.88
793761,3527,28592,215,89493,35.00,-7.24,-4.85
793783,3165,28592,191,89567,35.00,-7.25,-4.87
793805,2843,28592,175,89645,35.00,-7.20,-4.87
793827,2749,28592,202,89709,35.00,-7.21,-4.85
793849,2765,28592,187,89776,35.00,-7.25,-4.84
793871,2524,28592,156,89824,35.00,-7.25,-4.88
793893,2291,28592,157,89862,35.00,-7.23,-4.87
793915,2131,28080,166,89871,35.00,-7.22,-4.84
793937,2024,28080,173,89894,35.00,-7.23,-4.88
793959,1925,28080,172,89938,35.00,-7.22,-4.86
794502,1837,28080,155,90138,35.13,-7.21,-4.85
794543,1803,27312,135,89578,35.00,-7.22,-4.89
794565,1889,27312,133,89644,35.00,-7.25,-4.87
794587,1868,27312,123,89708,35.00,-7.23,-4.86
794609,1803,27312,111,89766,35.00,-7.22,-4.87
794631,1847,27312,123,89826,35.00,-7.22,-4.88
794653,1951,27312,137,89895,35.00,-7.25,-4.89
794675,1963,27312,160,89942,35.00,-7.20,-4.84
794697,1971,27312,173,90001,35.00,-7.23,-4.86
794719,1963,27312,169,90058,35.00,-7.22,-4.90
794741,2012,27312,165,90111,35.00,-7.25,-4.88
794783,2093,26800,156,90325,35.00,-7.20,-4.89
794805,2039,27312,135,90387,35.00,-7.23,-4.89
794827,1881,27312,123,90467,35.00,-7.24,-4.90
794849,1899,27312,141,90519,35.00,-7.26,-4.90
794871,2013,27312,137,90417,35.00,-7.18,-4.88
794893,1949,26800,142,90069,35.00,-7.24,-4.88
794915,1824,26800,149,89565,35.00,-7.20,-4.85
794937,1711,26800,147,89171,35.00,-7.24,-4.89
794959,1516,27312,133,88874,35.00,-7.28,-4.85
794981,1467,27312,147,88672,35.00,-7.26,-4.88
795514,1722,27312,150,88527,35.29,-7.24,-4.85
795545,1701,28080,163,89529,35.00,-7.24,-4.89
795567,1900,27312,136,89580,35.00,-7.26,-4.88
795589,2751,28080,157,89620,35.00,-7.22,-4.85
795611,2395,28080,152,89658,35.00,-7.21,-4.86
795633,2318,28080,166,89597,35.00,-7.26,-4.86
795655,2101,28080,168,89385,35.00,-7.24,-4.87
795677,2086,28080,181,89059,35.00,-7.21,-4.87
795699,2045,28080,185,88756,35.00,-7.20,-4.85
795721,2277,28080,206,88547,35.00,-7.22,-4.88
795743,2501,28080,213,88425,35.00,-7.26,-4.87
795765,2791,28592,229,88329,35.00,-7.20,-4.87
795806,3199,28592,252,88076,35.00,-7.26,-4.86
795828,3909,28592,404,88107,35.00,-7.25,-4.90
795850,3923,28592,373,88204,35.00,-7.22,-4.87
795872,3912,28592,335,88291,35.00,-7.24,-4.86
795894,3900,28592,273,88344,35.00,-7.24,-4.87
795916,2467,28592,203,88347,35.00,-7.22,-4.86
795938,1752,28080,173,88381,35.00,-7.23,-4.88
795960,1362,28080,159,88412,35.00,-7.22,-4.87
795982,1163,28080,127,88455,35.00,-7.22,-4.84
796534,796,28592,95,88493,35.26,-7.22,-4.90
796568,1197,28784,75,87111,35.00,-7.20,-4.91
796590,1419,28784,55,87037,35.00,-7.24,-4.89
796612,1637,28784,69,86991,35.00,-7.25,-4.89
796634,1309,28784,57,86983,35.00,-7.24,-4.84
796656,1081,28784,67,86969,35.00,-7.22,-4.86
796678,462,28784,60,86950,35.00,-7.23,-4.89
796700,315,28784,51,86940,35.00,-7.25,-4.90
796722,288,28784,45,86938,35.00,-7.21,-4.88
796744,333,28784,45,86984,35.00,-7.21,-4.89
796766,989,28784,55,87014,35.00,-7.25,-4.89
796808,1723,28592,84,86959,35.00,-7.21,-4.85
796830,2617,28592,119,86926,35.00,-7.22,-4.88
796852,2578,28592,134,86939,35.00,-7.22,-4.88
796874,2897,28592,155,86974,35.00,-7.25,-4.86
796896,3253,28592,199,87034,35.00,-7.18,-4.90
796918,3239,28592,211,87144,35.00,-7.22,-4.85
796940,3255,28592,211,87253,35.00,-7.27,-4.90
796962,3383,28592,204,87353,35.00,-7.20,-4.90
796984,3593,28592,201,87409,35.00,-7.23,-4.89
797554,3774,28592,202,87452,35.40,-7.26,-4.84
797590,1523,28784,181,86612,35.00,-7.21,-4.89
797612,1837,28784,171,86735,35.00,-7.25,-4.89
797634,1672,28784,187,86884,35.00,-7.21,-4.88
797656,1707,28784,211,87037,35.00,-7.22,-4.87
797678,1579,28784,214,87196,35.00,-7.20,-4.86
797700,1933,29296,238,87356,35.00,-7.26,-4.87
797722,2387,29296,264,87541,35.00,-7.22,-4.90
797744,3067,29296,295,87716,35.00,-7.19,-4.92
797766,3802,29296,315,87852,35.00,-7.22,-4.88
797788,3927,29296,317,87967,35.00,-7.22,-4.86
797810,3887,29296,284,88088,35.00,-7.22,-4.89
797851,2577,29296,243,88279,35.00,-7.25,-4.90
797873,1525,29296,197,88274,35.00,-7.22,-4.86
797895,747,29296,175,88078,35.00,-7.24,-4.84
797917,539,29296,187,87748,35.00,-7.22,-4.88
797939,662,30064,201,87386,35.00,-7.23,-4.86
797961,479,30064,201,87066,35.00,-7.22,-4.83
797983,829,30064,172,86877,35.00,-7.24,-4.84
798573,1055,30064,155,86794,34.80,-7.21,-4.90
798613,1543,31472,139,89204,35.00,-7.24,-4.85
798635,1437,31472,119,88747,35.00,-7.27,-4.80
798657,1169,31472,104,88275,35.00,-7.21,-4.85
798679,795,31472,75,87956,35.00,-7.25,-4.87
798701,201,31472,71,87781,35.00,-7.22,-4.89
798723,572,32240,106,87665,35.00,-7.24,-4.87
798745,1380,31472,153,87576,35.00,-7.18,-4.84
798767,2079,31472,169,87542,35.00,-7.25,-4.85
798789,2459,31472,167,87513,35.00,-7.22,-4.85
798811,2215,31472,149,87550,35.00,-7.20,-4.91
798853,2079,31472,152,88004,35.00,-7.21,-4.81
798875,2035,31472,155,88179,35.00,-7.26,-4.82
798897,1947,32240,165,88313,35.00,-7.22,-4.87
798919,1861,31472,163,88448,35.00,-7.23,-4.91
798941,1854,31472,151,88571,35.00,-7.21,-4.86
798963,1583,31472,125,88703,35.00,-7.23,-4.83
798985,1451,31472,112,88887,35.00,-7.21,-4.86
799347,1614,31472,89,89110,35.05,-7.19,-4.85
799375,2063,31472,149,93436,35.00,-7.21,-4.87
799397,1880,31472,180,93451,35.00,-7.24,-4.86
799419,1807,31472,164,93473,35.00,-7.25,-4.91
799441,1663,31472,153,93535,35.00,-7.18,-4.88
799463,1655,31472,151,93590,35.00,-7.26,-4.88
799485,1775,31472,149,93635,35.00,-7.63,-5.27
799507,1893,31472,133,93748,35.00,-6.75,-4.52
799529,1900,31472,142,93918,35.00,-7.43,-5.06
799551,2004,31472,151,94133,35.00,-6.84,-4.60
799573,1981,31472,146,94337,35.00,-7.40,-5.11
799615,1891,31472,159,94713,35.00,-7.74,-5.24
799637,2188,31472,187,94835,35.00,-7.15,-5.15
799659,1723,31472,171,94950,35.00,-7.00,-4.72
799681,1758,31472,165,95008,35.00,-7.17,-4.56
799703,2093,32240,167,95059,35.00,-7.30,-4.99
799725,2265,32240,164,95158,35.00,-7.20,-4.91
799747,1965,32240,123,95289,35.00,-7.15,-4.91
799769,1755,32240,116,95392,35.00,-7.26,-4.91
799791,1655,32240,109,95455,35.00,-7.27,-4.83
799813,1661,32240,123,95489,35.00,-7.22,-4.85
799855,1415,32240,127,95501,35.00,-7.22,-4.86
799877,1531,32240,155,95436,35.00,-7.22,-4.87
799899,1461,32240,159,95367,35.00,-7.24,-4.86
799921,1506,32240,159,95328,35.00,-7.27,-4.81
799943,1759,32240,155,95319,35.00,-7.24,-4.92
799965,2057,32240,149,95298,35.00,-7.20,-4.89
799987,2141,32240,141,95267,35.00,-7.25,-4.84
800358,2057,32240,137,95154,34.70,-7.21,-4.83
800397,1723,32240,175,93193,35.00,-7.21,-4.86
800419,1643,32240,167,93252,35.00,-7.24,-4.89
800441,1929,32240,178,93375,35.00,-7.24,-4.88
800463,1959,32752,159,93502,35.00,-7.25,-4.91
800485,1896,32240,153,93627,35.00,-7.25,-4.91
800507,1897,32752,139,93685,35.00,-7.24,-4.88
800529,1769,32752,124,93776,35.00,-7.23,-4.86
800551,1659,32752,125,93869,35.00,-7.21,-4.82
800573,1579,32752,139,93962,35.00,-7.24,-4.85
800595,1532,32752,149,94027,35.00,-7.22,-4.83
800637,1519,32752,156,94241,35.00,-7.24,-4.90
800659,1580,32752,171,94275,35.00,-7.22,-4.89
800681,1791,32752,170,94242,35.00,-7.21,-4.85
800703,1805,32752,157,94058,35.00,-7.23,-4.85
800725,1863,32776,153,93771,35.00,-7.27,-4.90
800747,1833,32776,133,93480,35.00,-7.23,-4.89
800769,1843,32776,126,93295,35.00,-7.24,-4.89
800791,1759,32776,137,93115,35.00,-7.21,-4.89
800813,1735,32776,143,92966,35.00,-7.25,-4.87
800835,1629,32776,149,92820,35.00,-7.20,-4.86
800857,1483,34568,156,92720,35.00,-7.22,-4.86
800898,1452,34952,157,92681,35.00,-7.21,-4.87
800920,1389,34952,157,92808,35.00,-7.23,-4.86
800942,1593,34952,157,92950,35.00,-7.23,-4.89
800964,1703,34056,149,93067,35.00,-7.22,-4.88
800986,1671,33288,135,93188,35.00,-7.19,-4.91
801377,2054,34056,142,93321,35.28,-7.22,-4.86
801419,2076,36232,183,99537,35.00,-7.21,-4.88
801441,1833,36232,167,99600,35.00,-7.24,-4.91
801463,1801,36232,159,99667,35.00,-7.23,-4.85
801485,1884,36232,149,99770,35.00,-7.28,-4.91
801507,1913,36232,140,99912,35.00,-7.23,-4.90
801529,1756,36232,136,99912,35.00,-7.23,-4.88
801551,1715,36232,125,99912,35.00,-7.21,-4.85
801573,1679,36232,141,99912,35.00,-7.23,-4.84
801595,1684,36232,152,99912,35.00,-7.27,-4.90
801617,1609,36232,159,99912,35.00,-7.20,-4.87
801660,1579,36232,167,99912,35.00,-7.22,-4.82
801682,1703,36232,159,99912,35.00,-7.24,-4.83
801704,1765,36232,155,99912,35.00,-7.22,-4.88
801726,1845,36232,136,99912,35.00,-7.27,-4.87
801748,1917,36232,135,99912,35.00,-7.26,-4.88
801770,1980,36232,136,99912,35.00,-7.25,-4.87
801792,1816,36232,125,99912,35.00,-7.27,-4.89
801814,1553,36232,133,99912,35.00,-7.21,-4.84
801836,1557,36232,149,99912,35.00,-7.23,-4.88
801858,1577,36232,156,99912,35.00,-7.22,-4.85
801900,1673,36232,142,99912,35.00,-7.19,-4.88
801922,1146,36232,135,99912,35.00,-7.26,-4.91
801944,1581,36744,126,99912,35.00,-7.21,-4.87
801966,1656,36744,111,99912,35.00,-7.26,-4.83
801988,1627,36744,101,99912,35.00,-7.23,-4.92
802397,1431,36744,99,99912,34.90,-7.19,-4.85
802425,1635,36936,163,99912,35.00,-7.21,-4.90
802447,1575,36936,127,99912,35.00,-7.26,-4.89
802469,1655,37448,123,99912,35.00,-7.19,-4.83
802491,1749,37448,141,99912,35.00,-7.23,-4.86
802513,1927,37448,152,99912,35.00,-7.21,-4.93
802535,1916,37448,163,99912,35.00,-7.23,-4.88
802557,1861,37448,176,99912,35.00,-7.19,-4.87
802579,1893,37448,169,99912,35.00,-7.24,-4.87
802601,1832,37448,165,99912,35.00,-7.23,-4.91
802642,1695,37448,165,99912,35.00,-7.22,-4.85
802664,2249,37448,182,99912,35.00,-7.25,-4.89
802686,2229,37448,167,99912,35.00,-7.24,-4.88
802708,2331,37448,159,99912,35.00,-7.22,-4.93
802730,2131,37448,141,99912,35.00,-7.24,-4.88
802752,1773,37448,138,99912,35.00,-7.26,-4.88
802774,1841,37448,157,99912,35.00,-7.20,-4.87
802796,1891,38216,173,99912,35.00,-7.25,-4.91
802818,1909,38216,179,99912,35.00,-7.21,-4.86
802840,1869,37448,179,99912,35.00,-7.28,-4.87
802882,1764,37448,172,99912,35.00,-7.23,-4.87
802904,1512,37448,154,99912,35.00,-7.22,-4.84
802926,1851,37448,149,99912,35.00,-7.22,-4.85
802948,1735,37448,140,99912,35.00,-7.23,-4.86
802970,1593,37448,137,99912,35.00,-7.26,-4.86
802992,1285,38216,133,99912,35.00,-7.21,-4.88
803416,1095,38216,139,99912,35.58,-7.23,-4.89
803445,1671,38216,173,99912,35.00,-7.22,-4.89
803467,1621,37448,137,99912,35.00,-7.24,-4.89
803489,1625,37448,140,99912,35.00,-7.21,-4.90
803511,1517,37448,135,99912,35.00,-7.22,-4.86
803533,1574,37448,151,99912,35.00,-7.20,-4.91
803555,1543,37448,159,99912,35.00,-7.23,-4.86
803577,1341,37448,165,99912,35.00,-7.23,-4.91
803599,1306,37448,169,99912,35.00,-7.25,-4.87
803621,1350,37448,168,99912,35.00,-7.23,-4.88
803643,1413,37448,159,99912,35.00,-7.22,-4.90
803684,1480,37448,150,99912,35.00,-7.21,-4.84
803706,1561,37448,142,99912,35.00,-7.23,-4.85
803728,1597,38216,137,99912,35.00,-7.24,-4.88
803750,1589,38216,133,99912,35.00,-7.23,-4.91
803772,1492,38216,137,99912,35.00,-7.22,-4.88
803794,1495,38216,145,99912,35.00,-7.23,-4.88
803816,1431,38216,155,99912,35.00,-7.24,-4.86
803838,1433,38216,165,99912,35.00,-7.24,-4.88
803860,1513,38728,173,99912,35.00,-7.20,-4.82
803882,1669,38728,167,99912,35.00,-7.21,-4.86
803904,1837,38728,166,99912,35.00,-7.26,-4.90
803945,1993,38728,155,99912,35.00,-7.22,-4.87
803967,1939,38728,147,99912,35.00,-7.23,-4.88
803989,1909,38728,148,99912,35.00,-7.26,-4.85
804436,1853,39112,146,99912,35.62,-7.23,-4.87
804466,1685,38728,168,99912,35.00,-7.27,-4.90
804488,1783,38216,139,99912,35.00,-7.22,-4.88
804510,1971,38728,137,99912,35.00,-7.23,-4.87
804532,2005,38728,146,99912,35.00,-7.21,-4.87
804554,1862,38728,151,99912,35.00,-7.24,-4.91
804576,1722,38728,152,99912,35.00,-7.24,-4.90
804598,1499,38728,156,99912,35.00,-7.21,-4.86
804620,1560,38728,153,99912,35.00,-7.23,-4.88
804642,1579,38728,139,99912,35.00,-7.22,-4.88
804664,1637,38728,133,99912,35.00,-7.22,-4.85
804707,1778,38728,123,99912,35.00,-7.25,-4.85
804729,1709,38728,109,99912,35.00,-7.27,-4.91
804751,1739,39112,119,99912,35.00,-7.20,-4.82
804773,1655,39112,124,99912,35.00,-7.25,-4.85
804795,1571,39112,137,99912,35.00,-7.22,-4.88
804817,1525,38728,151,99912,35.00,-7.21,-4.84
804839,1611,38728,164,99912,35.00,-7.21,-4.88
804861,1695,38728,175,99912,35.00,-7.22,-4.84
804883,1897,38728,163,99912,35.00,-7.21,-4.87
804905,1909,38728,155,99912,35.00,-7.24,-4.86
804947,1933,38728,146,99912,35.00,-7.24,-4.89
804969,2155,38728,151,99912,35.00,-7.19,-4.89
804991,2165,38728,151,99912,35.00,-7.28,-4.92
805710,2148,38728,165,99912,34.82,-7.23,-4.87
805749,1770,39112,135,99912,35.00,-7.28,-4.85
805771,1877,38728,142,99912,35.00,-7.22,-4.87
805793,1900,38728,151,99912,35.00,-7.22,-4.86
805815,1663,39112,149,99912,35.00,-7.26,-4.85
805837,1549,39112,160,99912,35.00,-7.22,-4.85
805859,1779,39112,167,99912,35.00,-7.20,-4.89
805881,1951,39112,169,99912,35.00,-7.24,-4.93
805903,1607,38728,143,99912,35.00,-7.25,-4.86
805925,937,39112,100,99912,35.00,-7.22,-4.84
805947,269,39112,79,99912,35.00,-7.21,-4.86
805969,2623,39112,149,99912,35.00,-7.20,-4.86
806731,1407,38728,123,99912,35.60,-7.22,-4.91
806772,1757,42792,155,99912,35.00,-7.18,-4.85
806794,1743,42792,165,99912,35.00,-7.19,-4.89
806816,1914,42792,185,99912,35.00,-7.24,-4.87
806838,2001,42792,228,99912,35.00,-7.25,-4.85
806860,2012,42792,231,99912,35.00,-7.20,-4.87
806882,1835,42792,226,99912,35.00,-7.25,-4.92
806904,1803,42792,210,99912,35.00,-7.26,-4.85
806926,1990,42792,215,99912,35.00,-7.24,-4.88
806948,2151,42792,192,99912,35.00,-7.21,-4.86
806970,2159,42792,171,99912,35.00,-7.21,-4.83
807750,2011,42792,153,99912,35.33,-7.23,-4.89
807775,1605,42280,125,99912,35.00,-7.24,-4.88
807797,1725,42280,169,99912,35.00,-7.25,-4.87
807819,1439,42280,164,99787,35.00,-7.22,-4.87
807841,1641,42280,171,99543,35.00,-7.23,-4.85
807863,1676,42280,168,99337,35.00,-7.24,-4.87
807885,1747,42280,155,99184,35.00,-7.23,-4.88
807907,1695,42280,123,99069,35.00,-7.20,-4.88
807929,1624,42792,115,98995,35.00,-7.22,-4.85
807951,1639,42792,107,98934,35.00,-7.21,-4.89
807973,1591,42280,105,98926,35.00,-7.24,-4.91
808515,1610,42280,109,99068,34.84,-7.22,-4.88
808556,1947,41512,159,98336,35.00,-7.19,-4.87
808578,1834,40904,153,98181,35.00,-7.22,-4.89
808600,1671,41000,155,98119,35.00,-7.25,-4.87
808622,1549,42280,149,98073,35.00,-7.27,-4.88
808644,1911,42280,143,98087,35.00,-7.22,-4.85
808666,1887,42792,140,98192,35.00,-7.23,-4.82
808688,1767,42792,115,98400,35.00,-7.22,-4.89
808710,1867,42792,119,98590,35.00,-7.22,-4.84
808732,2377,42280,133,98704,35.00,-7.24,-4.86
808754,2407,42280,137,98734,35.00,-7.21,-4.87
808776,2469,41512,147,98749,35.00,-7.22,-4.86
808817,1957,41000,157,98925,35.00,-7.19,-4.90
808839,1615,41512,151,99070,35.00,-7.19,-4.85
808861,1357,41512,139,99230,35.00,-7.24,-4.85
808883,851,42280,117,99369,35.00,-7.22,-4.87
808905,1449,42280,108,99471,35.00,-7.19,-4.89
808927,1812,41000,105,99549,35.00,-7.21,-4.89
808949,1864,40904,91,99645,35.00,-7.19,-4.85
808971,2056,40392,98,99738,35.00,-7.21,-4.90
808993,1618,40904,99,99760,35.00,-7.23,-4.87
809535,1125,40392,103,99801,35.70,-7.25,-4.86
809565,1703,39624,159,99801,35.00,-7.21,-4.85
809587,1477,40392,123,99801,35.00,-7.26,-4.79
809609,1401,40904,111,99801,35.00,-7.26,-4.86
809631,1288,40392,107,99801,35.00,-7.25,-4.90
809653,1267,40392,115,99801,35.00,-7.22,-4.87
809675,1165,40392,120,99801,35.00,-7.21,-4.86
809697,1078,40392,127,99801,35.00,-7.22,-4.87
809739,1003,40904,124,99801,35.00,-7.22,-4.88
809761,1188,40392,100,99801,35.00,-7.25,-4.86
809783,1131,40392,71,99801,35.00,-7.26,-4.87
809805,765,40392,39,99801,35.00,-7.24,-4.89
809827,910,40392,54,99801,35.00,-7.22,-4.89
809849,1308,40904,79,99801,35.00,-7.21,-4.87
809871,1741,40904,93,99801,35.00,-7.19,-4.90
809893,2375,40904,124,99801,35.00,-7.25,-4.89
809915,2951,40904,175,99801,35.00,-7.25,-4.83
809937,2599,40904,203,99801,35.00,-7.23,-4.86
809980,2189,41000,214,99801,35.00,-7.24,-4.84
810554,2263,40904,206,99801,35.66,-7.27,-4.86
810584,2013,41512,175,99801,35.00,-7.20,-4.85
810606,1710,41000,165,99801,35.00,-7.25,-4.85
810628,1929,42280,159,99801,35.00,-7.22,-4.91
810650,2233,42280,164,99801,35.00,-7.22,-4.88
810672,2611,42280,168,99801,35.00,-7.19,-4.87
810694,2477,42280,181,99801,35.00,-7.20,-4.85
810716,2155,42280,187,99801,35.00,-7.20,-4.87
810738,2035,42280,212,99801,35.00,-7.27,-4.90
810760,2168,42280,211,99801,35.00,-7.21,-4.84
810802,2351,42280,213,99801,35.00,-7.21,-4.88
810824,2502,42280,187,99801,35.00,-7.23,-4.86
810846,2423,42280,163,99801,35.00,-7.22,-4.87
810868,2219,42792,141,99801,35.00,-7.22,-4.88
810890,2034,42792,134,99801,35.00,-7.22,-4.86
810912,1903,42280,140,99801,35.00,-7.24,-4.85
810934,3892,42280,199,99801,35.00,-7.21,-4.87
810956,1106,42280,148,99801,35.00,-7.19,-4.88
810978,293,42280,139,99801,35.00,-7.18,-4.89
811574,152,42280,143,99801,35.17,-7.24,-4.86
811605,1913,41512,155,99861,35.00,-7.24,-4.85
811627,1637,41000,136,99952,35.00,-7.24,-4.86
811649,1545,41512,121,99952,35.00,-7.24,-4.89
811671,1661,41512,125,99952,35.00,-7.24,-4.90
811693,1898,41512,133,99952,35.00,-7.23,-4.87
811715,1796,41512,141,99952,35.00,-7.21,-4.88
811737,1647,41512,153,99952,35.00,-7.26,-4.90
811759,1641,41512,152,99952,35.00,-7.23,-4.91
811781,1765,41512,157,99952,35.00,-7.23,-4.88
811803,1863,41512,145,99952,35.00,-7.23,-4.84
811844,1641,41512,121,99952,35.00,-7.19,-4.82
811866,1527,41512,109,99952,35.00,-7.19,-4.84
811888,1592,41512,86,99952,35.00,-7.19,-4.90
811910,1343,41512,78,99952,35.00,-7.22,-4.85
811932,1259,41512,87,99720,35.00,-7.22,-4.87
811954,1353,41512,107,99422,35.00,-7.29,-4.95
811976,1529,41512,133,99202,35.00,-7.24,-4.86
811998,1636,41512,148,99072,35.00,-7.24,-4.86
812020,1672,41512,153,98957,35.00,-7.26,-4.83
812042,1785,41512,165,98841,35.00,-7.21,-4.88
812064,1800,41512,137,98751,35.00,-7.25,-4.86
812105,1720,41512,123,98751,35.00,-7.26,-4.85
812127,1829,41000,143,98776,35.00,-7.24,-4.84
812149,2060,41512,145,98802,35.00,-7.24,-4.81
812171,2188,41000,155,98813,35.00,-7.17,-4.83
812193,2229,41000,155,98830,35.00,-7.23,-4.88
812215,2108,41000,167,98819,35.00,-7.21,-4.87
812237,2131,41000,188,98842,35.00,-7.25,-4.88
812259,2181,41000,203,98880,35.00,-7.23,-4.87
812281,2213,41000,203,98929,35.00,-7.23,-4.88
812303,2202,41000,198,98979,35.00,-7.23,-4.85
812346,2195,41000,197,99122,35.00,-7.22,-4.85
812368,2143,41000,172,99223,35.00,-7.25,-4.89
812390,2023,41512,153,99362,35.00,-7.22,-4.85
812412,2011,41512,153,99474,35.00,-7.24,-4.89
812434,1983,41512,157,99586,35.00,-7.19,-4.87
812456,2054,41512,165,99692,35.00,-7.22,-4.89
812478,2069,41512,175,99808,35.00,-7.19,-4.88
812500,2090,41512,179,99880,35.00,-7.22,-4.85
812522,2164,41512,175,99943,35.00,-7.24,-4.90
812544,2078,41512,155,99943,35.00,-7.21,-4.88
812586,2079,41512,141,99889,35.00,-7.22,-4.87
812608,2335,41512,155,99602,35.00,-7.25,-4.87
812630,2409,41512,159,99297,35.00,-7.27,-4.88
812652,2429,41512,181,99036,35.00,-7.22,-4.88
812674,2395,41000,198,98870,35.00,-7.23,-4.84
812696,2364,41000,199,98747,35.00,-7.26,-4.85
812718,2105,41512,179,98711,35.00,-7.23,-4.85
812740,1867,41512,165,98674,35.00,-7.20,-4.83
812762,1623,41000,148,98675,35.00,-7.19,-4.87
812784,1565,41000,141,98739,35.00,-7.22,-4.84
812806,1559,41000,122,98838,35.00,-7.24,-4.87
812847,1454,41512,120,99065,35.00,-7.22,-4.89
812869,1422,41000,121,99102,35.00,-7.23,-4.89
812891,1485,41512,115,99161,35.00,-7.28,-4.91
812913,1629,41512,133,99217,35.00,-7.19,-4.86
812935,1763,41512,143,99261,35.00,-7.21,-4.88
812957,1720,41000,153,99279,35.00,-7.21,-4.89
812979,1557,41000,155,99305,35.00,-7.16,-4.86
813358,1465,41000,159,99345,35.33,-7.21,-4.85
813388,1519,40904,165,98889,35.00,-7.19,-4.86
813410,1636,40392,121,98872,35.00,-7.23,-4.86
813432,1203,40904,109,98877,35.00,-7.24,-4.85
813454,1515,40904,135,98952,35.00,-7.24,-4.89
813476,1508,40904,146,99028,35.00,-7.24,-4.88
813498,1505,40904,159,99091,35.00,-7.23,-4.87
813520,1635,40904,167,99175,35.00,-7.24,-4.87
813542,1693,40904,168,99236,35.00,-7.23,-4.88
813564,1861,41000,159,99283,35.00,-7.22,-4.85
813586,2063,41000,157,99337,35.00,-7.23,-4.87
813608,1791,41512,141,99420,35.00,-7.20,-4.87
813649,2599,41512,163,99636,35.00,-7.23,-4.84
813671,2222,41512,153,99712,35.00,-7.25,-4.87
813693,2165,42280,147,99770,35.00,-7.26,-4.85
813715,1968,42280,156,99855,35.00,-7.21,-4.88
813737,2119,42792,159,99961,35.00,-7.22,-4.87
813759,1779,42792,164,99961,35.00,-7.22,-4.89
813781,1783,42792,167,99961,35.00,-7.22,-4.86
813803,1725,42792,157,99961,35.00,-7.20,-4.85
813825,1736,42792,135,99961,35.00,-7.23,-4.90
813847,1437,42792,109,99961,35.00,-7.22,-4.85
813889,1699,43176,107,99961,35.00,-7.20,-4.86
813911,1663,42792,105,99961,35.00,-7.23,-4.86
813933,1903,42792,121,99961,35.00,-7.25,-4.87
813955,1850,42792,119,99961,35.00,-7.19,-4.89
813977,1555,42792,114,99854,35.00,-7.24,-4.85
813999,1455,42792,124,99663,35.00,-7.19,-4.88
814021,1239,42280,134,99511,35.00,-7.20,-4.91
814043,1833,42280,135,99421,35.00,-7.22,-4.88
814065,2808,42280,153,99367,35.00,-7.17,-4.90
814087,2339,41512,123,99325,35.00,-7.24,-4.89
814109,2011,41512,107,99286,35.00,-7.22,-4.87
814150,2391,41512,112,99267,35.00,-7.23,-4.89
814172,1607,42280,111,99261,35.00,-7.26,-4.86
814194,1879,42280,139,99255,35.00,-7.26,-4.85
814216,1900,42280,151,99270,35.00,-7.20,-4.84
814238,1671,42280,167,99326,35.00,-7.23,-4.88
814260,1568,42280,171,99389,35.00,-7.23,-4.87
814282,1756,42280,173,99445,35.00,-7.22,-4.85
814304,1803,42792,169,99469,35.00,-7.26,-4.86
814326,1768,42792,163,99474,35.00,-7.21,-4.83
814348,1812,42792,155,99461,35.00,-7.27,-4.87
814391,1267,43176,137,99591,35.00,-7.23,-4.89
814413,996,43688,135,99716,35.00,-7.23,-4.86
814435,1259,44456,148,99847,35.00,-7.18,-4.86
814457,1458,44456,167,99967,35.00,-7.24,-4.87
814479,1723,43688,187,99967,35.00,-7.26,-4.86
814501,2035,43688,188,99967,35.00,-7.24,-4.88
814523,2087,44456,171,99967,35.00,-7.25,-4.89
814545,1957,44456,143,99967,35.00,-7.23,-4.85
814567,1998,43688,127,99967,35.00,-7.24,-4.85
814589,1799,44456,106,99967,35.00,-7.22,-4.86
814631,1493,44456,93,99967,35.00,-7.23,-4.87
814653,952,43688,74,99966,35.00,-7.25,-4.86
814675,667,44456,78,99900,35.00,-7.24,-4.89
814697,655,44456,93,99902,35.00,-7.24,-4.84
814719,895,44456,135,99938,35.00,-7.23,-4.86
814741,1299,44456,179,99959,35.00,-7.20,-4.90
814763,1676,44456,183,99967,35.00,-7.24,-4.85
814785,1763,44456,153,99983,35.00,-7.21,-4.86
814807,1737,44456,119,99983,35.00,-7.21,-4.85
814829,1909,44456,117,99983,35.00,-7.25,-4.88
814851,2259,44456,147,99983,35.00,-7.25,-4.88
814892,2478,44456,159,99983,35.00,-7.22,-4.86
814914,2467,44456,145,99983,35.00,-7.23,-4.86
814936,2327,44456,138,99983,35.00,-7.24,-4.85
814958,2263,44456,151,99983,35.00,-7.21,-4.82
814980,2185,44456,149,99983,35.00,-7.19,-4.89
815397,2309,44456,156,99983,35.75,-7.20,-4.88
815433,1781,45160,169,99983,35.00,-7.22,-4.87
815455,1765,45160,143,99983,35.00,-7.25,-4.87
815477,1721,45160,169,99983,35.00,-7.25,-4.87
815499,1871,45160,181,99983,35.00,-7.21,-4.87
815521,2012,45160,207,99983,35.00,-7.21,-4.90
815543,2111,45160,207,99983,35.00,-7.19,-4.87
815565,2131,45160,185,99983,35.00,-7.23,-4.86
815587,2055,45160,167,99983,35.00,-7.20,-4.86
815609,2005,45160,155,99983,35.00,-7.24,-4.86
815631,1909,45160,147,99983,35.00,-7.26,-4.91
815653,1862,45160,151,99983,35.00,-7.24,-4.90
815694,1797,45160,164,99983,35.00,-7.24,-4.87
815716,1891,45160,181,99983,35.00,-7.22,-4.88
815738,1843,45160,199,99983,35.00,-7.24,-4.90
815760,1727,45160,189,99983,35.00,-7.20,-4.86
815782,1567,45160,183,99983,35.00,-7.22,-4.88
815804,1563,45160,172,99983,35.00,-7.24,-4.87
815826,1555,45160,155,99983,35.00,-7.22,-4.87
815848,1469,45160,133,99983,35.00,-7.24,-4.87
815870,1467,45160,125,99983,35.00,-7.21,-4.90
815892,1463,45160,125,99983,35.00,-7.22,-4.87
815935,1437,45160,136,99983,35.00,-7.26,-4.87
815957,1253,45160,137,99983,35.00,-7.21,-4.88
815979,1225,45160,153,99983,35.00,-7.21,-4.91
816416,1291,45160,155,99983,35.26,-7.21,-4.87
816456,1765,44968,168,99983,35.00,-7.21,-4.87
816478,1982,44456,187,99983,35.00,-7.22,-4.87
816500,1917,44456,180,99983,35.00,-7.24,-4.86
816522,1820,44968,170,99983,35.00,-7.23,-4.89
816544,1851,44968,166,99983,35.00,-7.20,-4.86
816566,1959,44968,163,99983,35.00,-7.23,-4.86
816588,2079,44968,155,99983,35.00,-7.20,-4.85
816610,2099,44968,153,99983,35.00,-7.25,-4.88
816632,2030,44968,152,99983,35.00,-7.24,-4.87
816654,1951,44968,151,99983,35.00,-7.24,-4.90
816696,1899,44968,164,99983,35.00,-7.23,-4.88
816718,1723,44968,171,99983,35.00,-7.26,-4.89
816740,1703,44968,175,99983,35.00,-7.20,-4.85
816762,1699,44968,183,99983,35.00,-7.23,-4.91
816784,1727,44968,169,99983,35.00,-7.22,-4.88
816806,1725,44968,155,99983,35.00,-7.26,-4.91
816828,1714,44968,141,99983,35.00,-7.20,-4.88
816850,1620,44968,125,99983,35.00,-7.20,-4.87
816872,1525,44968,122,99983,35.00,-7.20,-4.88
816894,1568,44968,135,99983,35.00,-7.24,-4.88
816916,1592,44968,141,99983,35.00,-7.20,-4.84
816957,1621,44968,159,99983,35.00,-7.24,-4.87
816979,1545,44968,163,99983,35.00,-7.21,-4.85
817691,1560,44968,164,99983,35.43,-7.21,-4.86
817719,1991,44456,139,99983,35.00,-7.22,-4.89
817741,1812,44456,171,99983,35.00,-7.20,-4.87
817763,1805,44456,173,99983,35.00,-7.23,-4.90
817785,1819,44456,167,99983,35.00,-7.22,-4.86
817807,1903,44968,158,99983,35.00,-7.24,-4.88
817829,1788,44456,120,99983,35.00,-7.23,-4.88
817851,1556,44456,119,99983,35.00,-7.22,-4.89
817873,1587,44456,136,99983,35.00,-7.24,-4.85
817895,1609,44456,141,99983,35.00,-7.17,-4.83
817917,1672,43688,159,99983,35.00,-7.21,-4.85
817959,1707,43688,171,99983,35.00,-7.22,-4.87
817981,1553,43176,164,99983,35.00,-7.22,-4.86
818711,1591,43176,169,99983,35.32,-7.24,-4.85
818741,1620,39624,116,99964,35.00,-7.22,-4.90
818763,1913,39624,167,99951,35.00,-7.21,-4.84
818785,1901,39624,137,99951,35.00,-7.24,-4.90
818807,1907,39624,127,99951,35.00,-7.20,-4.85
818829,1949,39624,127,99951,35.00,-7.23,-4.86
818851,2028,39624,140,99951,35.00,-7.25,-4.88
818873,2117,39624,143,99951,35.00,-7.24,-4.87
818895,2111,39624,155,99951,35.00,-7.25,-4.87
818917,2134,39624,171,99951,35.00,-7.22,-4.87
818939,2083,39624,164,99951,35.00,-7.23,-4.85
818961,1829,39624,139,99951,35.00,-7.22,-4.87
819731,1487,40392,132,99951,35.58,-7.27,-4.88
819764,1940,40392,127,99951,35.00,-7.24,-4.86
819786,1525,40392,124,99951,35.00,-7.23,-4.83
819808,1715,40392,135,99951,35.00,-7.23,-4.90
819830,1797,40392,139,99951,35.00,-7.23,-4.93
819852,1883,40392,143,99951,35.00,-7.24,-4.85
819874,1832,40392,155,99951,35.00,-7.21,-4.88
819896,1789,40392,159,99951,35.00,-7.24,-4.88
819918,1723,40392,157,99951,35.00,-7.23,-4.85
819940,1673,40392,171,99951,35.00,-7.23,-4.85
819962,1671,40392,172,99951,35.00,-7.24,-4.88
820504,1717,40392,169,99951,34.68,-7.25,-4.84
820546,1639,38728,151,99951,35.00,-7.22,-4.84
820568,1843,38728,151,99951,35.00,-7.20,-4.86
820590,1928,39112,149,99951,35.00,-7.26,-4.86
820612,1683,39112,109,99951,35.00,-7.23,-4.91
820634,1076,39112,95,99951,35.00,-7.22,-4.85
820656,1239,39112,151,99951,35.00,-7.22,-4.87
820678,1182,39112,115,99951,35.00,-7.24,-4.86
820700,937,39112,117,99951,35.00,-7.23,-4.89
820722,780,39624,95,99951,35.00,-7.22,-4.88
820744,745,39112,106,99951,35.00,-7.19,-4.89
820786,951,39112,107,99951,35.00,-7.23,-4.84
820808,1451,39112,133,99951,35.00,-7.18,-4.90
820830,1674,39112,141,99951,35.00,-7.20,-4.85
820852,1837,39112,139,99951,35.00,-7.23,-4.91
820874,1864,39112,139,99951,35.00,-7.21,-4.85
820896,1885,39112,149,99951,35.00,-7.24,-4.87
820918,1896,39112,166,99977,35.00,-7.22,-4.86
820940,1896,39112,175,99876,35.00,-7.23,-4.87
820962,1973,39112,182,99801,35.00,-7.19,-4.86
820984,2039,39112,167,99788,35.00,-7.22,-4.85
821516,2021,39112,158,99827,34.96,-7.25,-4.88
821548,537,39624,93,99827,35.00,-7.25,-4.87
821570,811,39624,73,99827,35.00,-7.24,-4.89
821592,1003,39624,77,99827,35.00,-7.23,-4.86
821614,1197,39624,93,99827,35.00,-7.24,-4.91
821636,1371,39624,111,99827,35.00,-7.24,-4.90
821658,1397,39624,131,99827,35.00,-7.20,-4.88
821680,1526,39624,136,99827,35.00,-7.20,-4.87
821702,1541,39624,138,99999,35.00,-7.21,-4.87
821724,1567,39624,135,99926,35.00,-7.23,-4.88
821746,1691,39624,121,99884,35.00,-7.19,-4.88
821789,1893,40392,111,99980,35.00,-7.19,-4.88
821811,1891,39624,135,99980,35.00,-7.22,-4.86
821833,2409,40392,179,99980,35.00,-7.28,-4.89
821855,2835,40392,218,99980,35.00,-7.24,-4.85
821877,3177,40392,246,99980,35.00,-7.21,-4.85
821899,3001,40392,250,99980,35.00,-7.24,-4.86
821921,3101,40392,254,99980,35.00,-7.22,-4.89
821943,3371,40392,253,99980,35.00,-7.25,-4.87
821965,3556,40392,239,99980,35.00,-7.25,-4.88
821987,3301,40392,210,99980,35.00,-7.22,-4.89
822029,2792,40904,155,99980,35.00,-7.21,-4.90
822051,2397,40904,153,99980,35.00,-7.24,-4.87
822073,2527,40904,180,99980,35.00,-7.22,-4.87
822095,2514,40904,205,99980,35.00,-7.23,-4.88
822117,2311,40904,203,99980,35.00,-7.24,-4.89
822139,2075,40904,212,99980,35.00,-7.22,-4.85
822161,2183,40904,219,99980,35.00,-7.18,-4.87
822183,2325,40904,235,99980,35.00,-7.24,-4.90
822205,2758,40392,275,99980,35.00,-7.21,-4.91
822227,3145,40392,325,99980,35.00,-7.22,-4.88
822249,3284,40392,266,99980,35.00,-7.24,-4.86
822290,2525,40904,141,99980,35.00,-7.23,-4.85
822312,1824,40904,136,99980,35.00,-7.20,-4.87
822334,1965,40904,173,99980,35.00,-7.21,-4.83
822356,2022,40904,200,99980,35.00,-7.23,-4.88
822378,1791,40904,179,99980,35.00,-7.24,-4.89
822400,1130,41000,163,99980,35.00,-7.23,-4.89
822422,1017,41000,180,99980,35.00,-7.20,-4.86
822444,987,41000,187,99980,35.00,-7.21,-4.85
822466,1553,41000,187,99980,35.00,-7.17,-4.89
822488,1707,40904,155,99980,35.00,-7.23,-4.90
822530,1477,41000,118,99980,35.00,-7.26,-4.91
822552,1051,40904,118,99980,35.00,-7.26,-4.86
822574,1101,40904,121,99980,35.00,-7.28,-4.89
822596,847,41000,125,99980,35.00,-7.17,-4.84
822618,826,41000,147,99980,35.00,-7.21,-4.90
822640,775,41000,156,99980,35.00,-7.22,-4.85
822662,1135,41000,153,99980,35.00,-7.23,-4.82
822684,1096,40904,133,99980,35.00,-7.23,-4.85
822706,891,41000,105,99980,35.00,-7.23,-4.86
822728,949,41000,95,99980,35.00,-7.21,-4.86
822750,1223,41000,98,99980,35.00,-7.19,-4.89
822791,1309,41000,105,99980,35.00,-7.25,-4.85
822813,1653,41000,115,99980,35.00,-7.27,-4.92
822835,1653,41000,135,99980,35.00,-7.28,-4.88
822857,1933,41000,153,99980,35.00,-7.21,-4.86
822879,2057,41000,182,99980,35.00,-7.22,-4.88
822901,2693,41000,185,99980,35.00,-7.22,-4.84
822923,2776,41000,199,99980,35.00,-7.22,-4.84
822945,2905,41000,185,99980,35.00,-7.29,-4.82
822967,2741,41000,173,99980,35.00,-7.22,-4.87
822989,2165,41000,143,99980,35.00,-7.22,-4.88
823032,1895,41000,138,99980,35.00,-7.25,-4.91
823054,1130,41000,138,99980,35.00,-7.23,-4.86
823076,1255,41512,156,99980,35.00,-7.25,-4.87
823098,1114,41512,153,99980,35.00,-7.17,-4.88
823120,1139,41512,164,99980,35.00,-7.23,-4.90
823142,1063,41512,159,99980,35.00,-7.23,-4.88
823164,1259,41512,155,99980,35.00,-7.22,-4.90
823186,1513,41512,149,99980,35.00,-7.22,-4.88
823208,1650,41512,145,99980,35.00,-7.25,-4.83
823230,1611,41512,135,99980,35.00,-7.23,-4.87
823272,1609,41512,137,99985,35.00,-7.26,-4.90
823294,1677,41000,141,99923,35.00,-7.24,-4.87
823316,1723,41000,157,99929,35.00,-7.23,-4.86
823338,1724,41000,168,99985,35.00,-7.21,-4.86
823360,1735,41000,183,99985,35.00,-7.25,-4.88
823382,1767,41000,187,99985,35.00,-7.25,-4.86
823404,1955,41000,187,99985,35.00,-7.21,-4.87
823426,2040,41000,175,99985,35.00,-7.21,-4.88
823448,2035,41000,182,99985,35.00,-7.25,-4.87
823470,2042,41000,169,99985,35.00,-7.24,-4.87
823513,2075,41512,165,99985,35.00,-7.25,-4.88
823535,1982,41000,181,99985,35.00,-7.27,-4.90
823557,1975,41512,188,99985,35.00,-7.21,-4.88
823579,2109,41512,206,99985,35.00,-7.22,-4.86
823601,2011,41000,199,99985,35.00,-7.19,-4.85
823623,1963,41000,191,99985,35.00,-7.25,-4.89
823645,1989,41000,179,99985,35.00,-7.22,-4.88
823667,2147,41000,173,99985,35.00,-7.22,-4.88
823689,2109,41000,154,99985,35.00,-7.24,-4.86
823711,2099,41000,151,99985,35.00,-7.24,-4.85
823753,1993,41000,141,99985,35.00,-7.22,-4.86
823775,2039,41000,163,99985,35.00,-7.20,-4.90
823797,2148,41512,175,99985,35.00,-7.22,-4.90
823819,2153,41000,187,99985,35.00,-7.22,-4.89
823841,2025,41000,181,99985,35.00,-7.27,-4.84
823863,1893,41512,184,99985,35.00,-7.28,-4.87
823885,1903,41512,175,99985,35.00,-7.26,-4.86
823907,1938,41512,165,99985,35.00,-7.24,-4.84
823929,1995,41512,146,99985,35.00,-7.22,-4.85
823951,1869,41512,133,99985,35.00,-7.25,-4.87
823973,1677,41512,123,99985,35.00,-7.25,-4.85
824574,1515,41512,124,99985,34.73,-7.22,-4.85
824615,1373,40904,102,99985,35.00,-7.23,-4.87
824637,1436,40904,124,99985,35.00,-7.23,-4.86
824659,1453,40904,135,99985,35.00,-7.24,-4.88
824681,1401,40904,138,99985,35.00,-7.21,-4.91
824703,1431,40904,152,99985,35.00,-7.24,-4.87
824725,1642,40904,159,99920,35.00,-7.18,-4.85
824747,1835,41000,156,99827,35.00,-7.22,-4.86
824769,1975,41000,148,99748,35.00,-7.22,-4.91
824791,2063,41000,141,99687,35.00,-7.26,-4.87
824813,2063,41000,136,99678,35.00,-7.25,-4.87
824835,1963,41000,133,99715,35.00,-7.24,-4.83
824876,1845,41000,153,99828,35.00,-7.21,-4.89
824898,2035,41000,170,99850,35.00,-7.22,-4.84
824920,1927,41000,169,99894,35.00,-7.24,-4.85
824942,1815,41000,173,99913,35.00,-7.24,-4.88
824964,1781,41000,166,99969,35.00,-7.19,-4.88
824986,1800,41000,151,99988,35.00,-7.24,-4.85
825348,1818,41000,139,99988,36.00,-7.22,-4.88
825377,1981,41000,125,99988,35.00,-7.21,-4.86
825399,1725,40904,153,99807,35.00,-7.22,-4.88
825421,1745,41000,167,99646,35.00,-7.20,-4.90
825443,1882,41000,172,99554,35.00,-7.22,-4.87
825465,1919,41000,165,99482,35.00,-7.22,-4.87
825487,1861,41000,154,99413,35.00,-7.25,-4.88
825509,1907,41000,143,99420,35.00,-7.22,-4.89
825531,1995,41000,149,99465,35.00,-7.25,-4.85
825553,2101,41000,152,99540,35.00,-7.22,-4.89
825575,2105,40904,152,99622,35.00,-7.18,-4.88
825618,2013,40904,159,99741,35.00,-7.21,-4.88
825640,2150,40904,205,99777,35.00,-7.20,-4.88
825662,2183,40904,201,99831,35.00,-7.21,-4.85
825684,2094,40904,187,99892,35.00,-7.22,-4.86
825706,2094,40904,181,99954,35.00,-7.20,-4.89
825728,2099,40904,167,99954,35.00,-7.18,-4.89
825750,2039,40904,142,99954,35.00,-7.23,-4.86
825772,1870,40904,122,99954,35.00,-7.24,-4.87
825794,1637,40904,111,99954,35.00,-7.23,-4.87
825816,1495,40904,133,99954,35.00,-7.20,-4.85
825858,1492,40904,147,99954,35.00,-7.24,-4.86
825880,1656,40904,179,99954,35.00,-7.21,-4.84
825902,1718,40904,182,99954,35.00,-7.24,-4.89
825924,1655,40904,163,99954,35.00,-7.24,-4.85
825946,1555,40904,157,99954,35.00,-7.21,-4.91
825968,1727,40904,163,99954,35.00,-7.22,-4.85
825990,1875,40904,159,99954,35.00,-7.22,-4.87
826358,1995,40904,171,99954,35.13,-7.24,-4.88
826399,1138,40392,139,97190,35.00,-7.28,-4.85
826421,1169,40392,153,97193,35.00,-7.21,-4.88
826443,1385,40904,175,97293,35.00,-7.24,-4.85
826465,1593,40904,171,97416,35.00,-7.23,-4.88
826487,1653,40904,152,97520,35.00,-7.23,-4.85
826509,1654,40904,137,97657,35.00,-7.25,-4.87
826531,1691,40904,136,97776,35.00,-7.24,-4.85
826553,1746,40904,135,97887,35.00,-7.21,-4.85
826575,1757,40904,141,97977,35.00,-7.24,-4.86
826597,1673,40904,151,98072,35.00,-7.23,-4.88
826619,1637,40904,169,98181,35.00,-7.25,-4.84
826660,1625,40904,171,98509,35.00,-7.23,-4.85
826682,1612,40392,165,98594,35.00,-7.21,-4.88
826704,1561,40392,159,98737,35.00,-7.26,-4.83
826726,1561,40392,150,98813,35.00,-7.20,-4.88
826748,1610,40392,139,98847,35.00,-7.23,-4.88
826770,1709,40392,133,98763,35.00,-7.23,-4.89
826792,1757,40904,135,98474,35.00,-7.22,-4.89
826814,1807,40904,139,98104,35.00,-7.22,-4.87
826836,1754,40392,145,97781,35.00,-7.23,-4.87
826858,1725,40392,153,97569,35.00,-7.21,-4.88
826880,1759,40392,174,97451,35.00,-7.20,-4.85
826921,1789,40392,184,97170,35.00,-7.22,-4.85
826943,1821,40392,183,97170,35.00,-7.25,-4.87
826965,1815,40392,175,97215,35.00,-7.22,-4.87
826987,1889,40392,158,97311,35.00,-7.23,-4.90
827377,1929,40904,153,97384,35.04,-7.23,-4.90
827405,1709,40904,159,98561,35.00,-7.24,-4.89
827427,1753,40392,167,98614,35.00,-7.23,-4.85
827449,1847,40392,149,98654,35.00,-7.20,-4.89
827471,1870,40392,135,98640,35.00,-7.25,-4.88
827493,1819,40904,133,98454,35.00,-7.22,-4.86
827515,1753,40904,137,98096,35.00,-7.22,-4.84
827537,1765,40904,148,97718,35.00,-7.24,-4.86
827559,1711,40392,156,97432,35.00,-7.20,-4.83
827581,1706,40392,173,97240,35.00,-7.20,-4.87
827622,1751,40392,179,96879,35.00,-7.22,-4.88
827644,1702,40392,168,96826,35.00,-7.23,-4.86
827666,1679,40392,159,96855,35.00,-7.22,-4.89
827688,1733,40392,151,96963,35.00,-7.21,-4.87
827710,1754,40392,137,97093,35.00,-7.19,-4.87
827732,1768,40392,135,97208,35.00,-7.22,-4.88
827754,1847,40392,141,97276,35.00,-7.24,-4.88
827776,1885,40392,148,97326,35.00,-7.23,-4.86
827798,1895,40392,153,97382,35.00,-7.26,-4.89
827820,1820,40392,165,97436,35.00,-7.22,-4.86
827842,1816,40392,179,97465,35.00,-7.23,-4.85
827883,1911,40392,187,97566,35.00,-7.23,-4.86
827905,1989,40392,183,97616,35.00,-7.23,-4.90
827927,1999,40392,171,97680,35.00,-7.24,-4.85
827949,2095,40392,179,97736,35.00,-7.23,-4.88
827971,2193,40392,167,97786,35.00,-7.23,-4.88
827993,2205,40392,167,97814,35.00,-7.20,-4.86
828397,2251,40392,169,97880,35.12,-7.20,-4.89
828425,1151,40392,122,96925,35.00,-7.21,-4.87
828447,1330,40392,154,96985,35.00,-7.21,-4.88
828469,1495,40392,139,97007,35.00,-7.20,-4.82
828491,1429,40392,107,97039,35.00,-7.24,-4.87
828513,1311,40904,105,97082,35.00,-7.24,-4.88
828535,1269,40904,101,97126,35.00,-7.22,-4.89
828557,1181,40904,109,97185,35.00,-7.21,-4.88
828579,1113,40904,118,97264,35.00,-7.24,-4.85
828601,1054,40392,136,97318,35.00,-7.21,-4.88
828623,1013,40392,121,97373,35.00,-7.24,-4.89
828665,971,40904,107,97550,35.00,-7.23,-4.91
828687,1143,40392,107,97635,35.00,-7.27,-4.89
828709,1209,40904,89,97710,35.00,-7.23,-4.89
828731,1349,40904,93,97741,35.00,-7.24,-4.85
828753,1557,40904,105,97773,35.00,-7.22,-4.90
828775,1739,40904,116,97831,35.00,-7.21,-4.89
828797,1926,40904,143,97901,35.00,-7.18,-4.93
828819,2115,40904,157,97998,35.00,-7.21,-4.87
828841,2183,40904,181,98077,35.00,-7.25,-4.90
828863,2248,40904,180,98152,35.00,-7.23,-4.85
828905,2316,40904,181,98088,35.00,-7.22,-4.86
828927,2297,40904,174,97820,35.00,-7.24,-4.87
828949,2323,40904,153,97475,35.00,-7.24,-4.87
828971,2363,40904,141,97167,35.00,-7.24,-4.83
828993,2359,40904,139,96954,35.00,-7.24,-4.91
829417,2387,40904,143,96809,34.89,-7.22,-4.86
829447,1862,40392,155,97513,35.00,-7.24,-4.87
829469,2001,40392,156,97604,35.00,-7.22,-4.88
829491,2067,40392,146,97673,35.00,-7.23,-4.86
829513,1970,40392,147,97743,35.00,-7.23,-4.85
829535,1961,40392,149,97832,35.00,-7.23,-4.87
829557,1863,40392,155,97929,35.00,-7.21,-4.92
829579,1752,40392,147,98025,35.00,-7.23,-4.86
829601,1644,40392,179,98098,35.00,-7.24,-4.87
829623,1759,40392,185,98161,35.00,-7.21,-4.88
829645,1761,40392,195,98129,35.00,-7.29,-4.90
829687,1735,40392,171,97219,35.00,-7.21,-4.84
829709,1677,39624,167,96958,35.00,-7.22,-4.89
829731,1829,39624,169,96765,35.00,-7.28,-4.89
829753,2021,39624,139,96610,35.00,-7.26,-4.86
829775,1557,39624,124,96488,35.00,-7.22,-4.87
829797,1782,39624,165,96387,35.00,-7.25,-4.88
829819,1965,39624,183,96350,35.00,-7.20,-4.88
829841,1960,39624,200,96468,35.00,-7.26,-4.87
829863,1900,39112,180,96742,35.00,-7.24,-4.85
829885,1773,39112,169,97014,35.00,-7.22,-4.87
829907,1682,39112,159,97221,35.00,-7.22,-4.88
829948,1642,39112,126,97687,35.00,-7.23,-4.88
829970,1303,38728,99,97832,35.00,-7.19,-4.86
829992,1225,39112,85,97941,35.00,-7.23,-4.83
830436,1115,38728,73,98036,36.20,-7.26,-4.91
830469,2345,37448,185,97921,35.00,-7.25,-4.86
830491,2043,37448,151,97801,35.00,-7.24,-4.85
830513,1913,37448,139,97743,35.00,-7.24,-4.90
830535,1676,37448,123,97705,35.00,-7.21,-4.88
830557,1597,37448,135,97671,35.00,-7.25,-4.87
830579,1501,37448,141,97683,35.00,-7.23,-4.87
830601,1379,37448,148,97756,35.00,-7.22,-4.87
830623,1363,37448,159,97857,35.00,-7.22,-4.87
830645,1492,37448,169,97991,35.00,-7.21,-4.88
830667,1659,36936,163,98093,35.00,-7.24,-4.84
830689,1814,36936,163,98159,35.00,-7.26,-4.84
830730,1881,37448,125,98297,35.00,-7.26,-4.88
830752,1575,36936,131,98368,35.00,-7.25,-4.84
830774,1787,36936,147,98408,35.00,-7.26,-4.88
830796,1913,36936,155,98440,35.00,-7.25,-4.85
830818,2007,36936,168,98486,35.00,-7.25,-4.89
830840,1849,37448,153,98528,35.00,-7.23,-4.86
830862,1806,37448,172,98613,35.00,-7.25,-4.84
830884,1822,36936,179,98671,35.00,-7.25,-4.89
830906,1799,36936,171,98733,35.00,-7.22,-4.85
830928,1807,36936,157,98790,35.00,-7.25,-4.84
830971,1733,37448,137,98992,35.00,-7.24,-4.88
830993,1567,36936,115,99020,35.00,-7.22,-4.88
831711,1618,37448,117,99058,35.71,-7.22,-4.90
831752,2489,39112,167,97981,35.00,-7.19,-4.86
831774,2217,39112,152,98085,35.00,-7.24,-4.84
831796,2399,39112,167,98212,35.00,-7.28,-4.84
831818,2441,39624,179,98354,35.00,-7.21,-4.85
831840,2239,39112,167,98497,35.00,-7.19,-4.91
831862,1929,39112,179,98653,35.00,-7.18,-4.88
831884,1787,39624,180,98798,35.00,-7.24,-4.90
831906,1689,39624,173,98968,35.00,-7.25,-4.87
831928,1845,39624,169,99134,35.00,-7.21,-4.86
831950,1779,39624,158,99250,35.00,-7.26,-4.83
831972,1845,39624,141,99168,35.00,-7.27,-4.87
832731,1771,39624,109,98240,35.54,-7.21,-4.86
832756,1651,43176,127,99896,35.00,-7.22,-4.86
832778,1912,43688,145,99502,35.00,-7.21,-4.87
832800,1957,43688,149,99100,35.00,-7.18,-4.86
832822,1653,43688,165,98807,35.00,-7.23,-4.83
832844,1903,43688,172,98619,35.00,-7.24,-4.85
832866,1862,43688,169,98503,35.00,-7.24,-4.82
832888,1876,43688,173,98433,35.00,-7.24,-4.87
832910,2125,44456,180,98354,35.00,-7.23,-4.87
832932,2389,43688,159,98337,35.00,-7.24,-4.86
832954,2233,43688,137,98369,35.00,-7.20,-4.91
832995,1759,43176,116,98600,35.00,-7.26,-4.86
833750,1383,43176,103,98596,35.21,-7.24,-4.84
833777,1805,44456,143,98251,35.00,-7.24,-4.85
833799,2037,44456,157,98296,35.00,-7.21,-4.86
833821,2133,44456,179,98322,35.00,-7.19,-4.87
833843,2110,44456,197,98368,35.00,-7.25,-4.86
833865,2266,43688,218,98434,35.00,-7.22,-4.87
833887,2449,44456,228,98494,35.00,-7.22,-4.88
833909,2719,44456,221,98596,35.00,-7.23,-4.86
833931,2579,44456,183,98675,35.00,-7.26,-4.84
833953,2471,43688,155,98767,35.00,-7.24,-4.83
833975,2104,43688,135,98867,35.00,-7.23,-4.89
833997,1817,44456,124,98980,35.00,-7.20,-4.93
834038,1565,44456,123,99237,35.00,-7.22,-4.82
834060,1095,43688,121,99380,35.00,-7.21,-4.83
834082,1275,43688,146,99500,35.00,-7.22,-4.90
834104,1407,43688,159,99603,35.00,-7.23,-4.90
834126,1678,43688,142,99704,35.00,-7.26,-4.85
834148,1544,43688,141,99764,35.00,-7.21,-4.82
834170,1421,43176,132,99829,35.00,-7.22,-4.88
834192,1431,43176,148,99891,35.00,-7.26,-4.89
834214,1517,43688,115,99973,35.00,-7.20,-4.89
834236,1459,43688,110,99973,35.00,-7.24,-4.86
834278,1501,43688,123,99973,35.00,-7.23,-4.83
834300,1453,43176,95,99973,35.00,-7.21,-4.89
834322,1123,43176,77,99973,35.00,-7.20,-4.88
834344,932,43176,120,99851,35.00,-7.21,-4.87
834366,1267,42792,147,99414,35.00,-7.21,-4.89
834388,1544,42792,168,99108,35.00,-7.22,-4.86
834410,1843,42792,171,98956,35.00,-7.21,-4.85
834432,1997,42792,157,98888,35.00,-7.19,-4.89
834454,2101,42792,157,98836,35.00,-7.19,-4.89
834476,2297,42792,165,98782,35.00,-7.23,-4.86
834498,2396,42792,155,98770,35.00,-7.27,-4.86
834539,2222,42792,149,98822,35.00,-7.25,-4.87
834561,1864,42792,126,98778,35.00,-7.20,-4.86
834583,1779,42792,147,98643,35.00,-7.25,-4.85
834605,1711,42792,153,98478,35.00,-7.19,-4.88
834627,1895,42792,170,98339,35.00,-7.23,-4.84
834649,1941,42792,159,98217,35.00,-7.22,-4.85
834671,1983,43176,154,98132,35.00,-7.20,-4.91
834693,2117,43176,151,98041,35.00,-7.21,-4.87
834715,2236,43176,171,97983,35.00,-7.24,-4.86
834737,2377,43176,199,98003,35.00,-7.24,-4.85
834780,2595,43176,221,98116,35.00,-7.24,-4.85
834802,2475,43176,185,98143,35.00,-7.25,-4.88
834824,1963,43176,167,98195,35.00,-7.23,-4.84
834846,1835,43176,173,98219,35.00,-7.24,-4.91
834868,1690,43176,151,98165,35.00,-7.22,-4.87
834890,1579,43176,151,98090,35.00,-7.21,-4.88
834912,1618,43176,135,98005,35.00,-7.25,-4.88
834934,1553,43176,115,97964,35.00,-7.23,-4.86
834956,1461,43176,107,97966,35.00,-7.25,-4.87
834978,1387,43176,111,97998,35.00,-7.22,-4.85
835020,1445,43176,135,98138,35.00,-7.23,-4.86
835042,1437,43176,135,98176,35.00,-7.22,-4.87
835064,1363,43176,149,98208,35.00,-7.21,-4.89
835086,1521,43176,157,98176,35.00,-7.25,-4.87
835108,1512,43176,166,97987,35.00,-7.24,-4.88
835130,1789,43176,187,97637,35.00,-7.18,-4.85
835152,2125,42792,207,97282,35.00,-7.19,-4.87
835174,2341,43176,182,97033,35.00,-7.25,-4.87
835196,2367,43176,179,96873,35.00,-7.23,-4.92
835218,2260,43176,152,96824,35.00,-7.24,-4.87
835240,2065,43176,213,96816,35.00,-7.22,-4.88
835281,2733,43176,248,96824,35.00,-7.24,-4.85
835303,1947,43176,151,96908,35.00,-7.26,-4.89
835325,1685,43176,179,96975,35.00,-7.23,-4.91
835347,1939,43176,212,96995,35.00,-7.23,-4.86
835369,2119,43176,207,97021,35.00,-7.20,-4.85
835391,2175,43176,192,97045,35.00,-7.22,-4.86
835413,2195,43176,181,97076,35.00,-7.23,-4.93
835435,2293,43176,175,97147,35.00,-7.20,-4.86
835457,2223,43176,159,97223,35.00,-7.25,-4.85
835479,1919,43176,147,97287,35.00,-7.22,-4.82
835521,1751,43176,167,97512,35.00,-7.19,-4.87
835543,1759,43176,167,97574,35.00,-7.24,-4.86
835565,1592,43176,169,97638,35.00,-7.23,-4.84
835587,1608,43176,181,97695,35.00,-7.28,-4.83
835609,1780,43176,197,97721,35.00,-7.22,-4.86
835631,1965,43688,185,97742,35.00,-7.19,-4.89
835653,1950,43688,153,97774,35.00,-7.23,-4.90
835675,1783,43688,142,97784,35.00,-7.24,-4.87
835697,1813,43688,162,97799,35.00,-7.23,-4.85
835719,1843,43688,155,97829,35.00,-7.23,-4.87
835741,1639,43688,141,97882,35.00,-7.22,-4.91
835782,1312,44456,139,98008,35.00,-7.22,-4.85
835804,1328,43688,169,98045,35.00,-7.21,-4.86
835826,1404,44456,179,97990,35.00,-7.24,-4.88
835848,1503,43688,181,97730,35.00,-7.24,-4.86
835870,1431,43688,159,97286,35.00,-7.22,-4.85
835892,1321,43688,147,96861,35.00,-7.21,-4.86
835914,1383,43688,142,96533,35.00,-7.23,-4.85
835936,1477,44456,135,96305,35.00,-7.21,-4.87
835958,1503,44456,136,96173,35.00,-7.21,-4.86
835980,1544,44456,156,96081,35.00,-7.24,-4.89
836023,1621,44456,165,96010,35.00,-7.20,-4.85
836045,1625,44456,184,96064,35.00,-7.24,-4.89
836067,1671,44456,181,96133,35.00,-7.20,-4.88
836089,1629,44456,173,96198,35.00,-7.24,-4.88
836111,1592,44456,151,96225,35.00,-7.26,-4.88
836133,1565,44968,132,96226,35.00,-7.20,-4.85
836155,1493,44968,111,96239,35.00,-7.24,-4.89
836177,1447,44968,105,96256,35.00,-7.19,-4.92
836199,1375,44968,109,96284,35.00,-7.25,-4.86
836221,1205,44968,110,96347,35.00,-7.22,-4.86
836263,1000,44968,102,96520,35.00,-7.25,-4.88
836285,1083,44968,125,96559,35.00,-7.24,-4.91
836307,1053,44456,109,96611,35.00,-7.22,-4.87
836329,1067,44456,123,96649,35.00,-7.25,-4.87
836351,1253,44456,121,96707,35.00,-7.25,-4.88
836373,1389,44968,106,96755,35.00,-7.24,-4.84
836395,1571,44968,141,96839,35.00,-7.22,-4.88
836417,1927,44456,146,96924,35.00,-7.27,-4.85
836439,2003,44456,149,96996,35.00,-7.23,-4.82
836461,2037,44456,159,97070,35.00,-7.21,-4.89
836504,1993,44968,155,97396,35.00,-7.18,-4.88
836526,1863,44456,163,97483,35.00,-7.22,-4.88
836548,1827,44456,157,97533,35.00,-7.27,-4.86
836570,1719,44456,137,97499,35.00,-7.23,-4.86
836592,1635,44456,109,97267,35.00,-7.21,-4.88
836614,1589,44456,101,96834,35.00,-7.27,-4.88
836636,1439,44456,99,96435,35.00,-7.22,-4.85
836658,1483,44456,95,96162,35.00,-7.23,-4.87
836680,1447,44456,104,96016,35.00,-7.21,-4.86
836702,1425,44456,111,95913,35.00,-7.28,-4.85
836744,1435,44456,127,95792,35.00,-7.24,-4.91
836766,1498,44456,133,95849,35.00,-7.25,-4.87
836788,1489,44456,137,95990,35.00,-7.24,-4.85
836810,1609,44456,139,96100,35.00,-7.22,-4.86
836832,1767,44456,141,96201,35.00,-7.25,-4.86
836854,1945,44456,137,96253,35.00,-7.25,-4.88
836876,2139,44456,155,96325,35.00,-7.23,-4.86
836898,2351,44456,157,96403,35.00,-7.22,-4.89
836920,2459,44456,165,96474,35.00,-7.24,-4.84
836942,2333,44456,170,96577,35.00,-7.26,-4.85
836964,2293,44456,189,96685,35.00,-7.24,-4.87
837573,2341,44456,197,96944,35.58,-7.21,-4.87
837606,1515,44968,159,95788,35.00,-7.20,-4.89
837628,1677,44456,209,95880,35.00,-7.23,-4.87
837650,2011,44968,221,95988,35.00,-7.23,-4.89
837672,2249,44968,217,96092,35.00,-7.21,-4.87
837694,2343,44968,197,96192,35.00,-7.23,-4.91
837716,2331,44968,183,96282,35.00,-7.24,-4.87
837738,2257,44968,171,96380,35.00,-7.22,-4.86
837760,2083,44968,165,96495,35.00,-7.19,-4.87
837782,1851,44968,165,96575,35.00,-7.22,-4.87
837804,1673,44968,157,96651,35.00,-7.26,-4.88
837826,1384,44968,148,96709,35.00,-7.23,-4.89
837867,1077,44968,121,96866,35.00,-7.20,-4.86
837889,460,44968,89,96943,35.00,-7.19,-4.87
837911,363,44968,72,96980,35.00,-7.22,-4.87
837933,0,44968,37,97022,35.00,-7.21,-4.89
837955,0,44968,37,97069,35.00,-7.21,-4.92
837977,0,44968,53,97101,35.00,-7.24,-4.88
837999,797,44968,143,97115,35.00,-7.23,-4.87
838021,1749,44456,187,97054,35.00,-7.25,-4.85
838043,2207,44456,191,96797,35.00,-7.22,-4.85
838065,2148,44456,173,96374,35.00,-7.24,-4.88
838107,1755,44968,132,95277,35.00,-7.25,-4.86
838129,469,44456,61,95055,35.00,-7.21,-4.87
838151,751,44456,139,94868,35.00,-7.27,-4.86
838173,1447,44456,157,94724,35.00,-7.23,-4.88
838195,1887,44456,123,94610,35.00,-7.21,-4.85
838217,1914,44456,136,94524,35.00,-7.17,-4.86
838239,1956,44456,137,94461,35.00,-7.23,-4.90
838261,2029,44456,143,94408,35.00,-7.25,-4.85
838283,2083,44456,163,94328,35.00,-7.23,-4.89
838305,2079,44968,171,94268,35.00,-7.22,-4.89
838327,2121,44968,179,94179,35.00,-7.23,-4.84
838368,2213,44456,179,94064,35.00,-7.26,-4.85
838390,2302,44456,185,94105,35.00,-7.24,-4.88
838412,2341,44456,175,94154,35.00,-7.25,-4.88
838434,2385,44456,157,94153,35.00,-7.22,-4.86
838456,2393,44456,147,94124,35.00,-7.23,-4.87
838478,2342,44456,149,94159,35.00,-7.23,-4.82
838500,2347,44456,151,94230,35.00,-7.22,-4.85
838522,2250,44456,156,94267,35.00,-7.25,-4.87
838544,2227,44456,167,94252,35.00,-7.24,-4.87
838566,2137,44456,179,94241,35.00,-7.23,-4.91
838609,2101,44456,191,94374,35.00,-7.24,-4.89
838631,2175,44456,179,94409,35.00,-7.24,-4.85
838653,2183,44456,165,94418,35.00,-7.22,-4.88
838675,2104,44456,143,94433,35.00,-7.22,-4.87
838697,2030,44456,139,94529,35.00,-7.22,-4.86
838719,2055,44456,143,94613,35.00,-7.24,-4.86
838741,2089,44456,157,94557,35.00,-7.20,-4.86
838763,2057,44456,163,94272,35.00,-7.22,-4.87
838785,1933,44456,169,93824,35.00,-7.21,-4.91
838807,1805,43688,172,93360,35.00,-7.23,-4.86
838849,1783,44456,172,92450,35.00,-7.23,-4.88
838871,1845,44456,169,92222,35.00,-7.18,-4.81
838893,1829,44456,155,92042,35.00,-7.24,-4.86
838915,1835,44968,141,91902,35.00,-7.25,-4.86
838937,1799,44456,135,91844,35.00,-7.24,-4.82
838959,1813,44968,133,91873,35.00,-7.25,-4.85
838981,1751,44968,139,91938,35.00,-7.19,-4.83
839357,1678,44456,147,92010,35.39,-7.24,-4.87
839391,1751,44456,135,93078,35.00,-7.24,-4.87
839413,1738,44456,157,93208,35.00,-7.23,-4.83
839435,1838,44456,152,93336,35.00,-7.25,-4.88
839457,1899,44456,142,93463,35.00,-7.23,-4.90
839479,1831,44456,139,93399,35.00,-7.19,-4.91
839501,1754,44456,142,93087,35.00,-7.27,-4.87
839523,1689,44456,149,92759,35.00,-7.24,-4.81
839545,1615,44456,163,92552,35.00,-7.21,-4.87
839567,1573,44456,169,92410,35.00,-7.25,-4.87
839589,1619,44456,170,92307,35.00,-7.22,-4.85
839631,1643,44456,166,92170,35.00,-7.24,-4.87
839653,1628,44456,150,92252,35.00,-7.25,-4.87
839675,1699,44456,141,92405,35.00,-7.23,-4.85
839697,1765,44968,135,92591,35.00,-7.27,-4.87
839719,1801,44968,133,92749,35.00,-7.23,-4.89
839741,1746,44968,139,92895,35.00,-7.26,-4.87
839763,1679,44968,149,93018,35.00,-7.24,-4.91
839785,1637,44968,160,93079,35.00,-7.22,-4.87
839807,1625,44456,167,93170,35.00,-7.25,-4.90
839829,1663,44456,169,93311,35.00,-7.24,-4.88
839872,1710,44968,165,93740,35.00,-7.24,-4.86
839894,1801,44456,149,93876,35.00,-7.23,-4.85
839916,1881,44456,137,94048,35.00,-7.25,-4.86
839938,1962,44456,139,94179,35.00,-7.22,-4.85
839960,1955,44968,136,94310,35.00,-7.21,-4.88
839982,2008,44968,142,94420,35.00,-7.22,-4.86
840377,2003,44968,157,94547,35.11,-7.20,-4.86
840413,1913,43688,131,92904,35.00,-7.24,-4.87
840435,1975,43688,155,93013,35.00,-7.28,-4.85
840457,1971,43688,143,93134,35.00,-7.23,-4.86
840479,1885,43688,134,93235,35.00,-7.24,-4.86
840501,1786,43688,139,93273,35.00,-7.21,-4.88
840523,1718,43688,151,93285,35.00,-7.23,-4.86
840545,1660,44456,153,93334,35.00,-7.19,-4.85
840567,1511,44456,155,93415,35.00,-7.22,-4.87
840589,1512,44456,167,93483,35.00,-7.19,-4.88
840611,1545,44456,163,93547,35.00,-7.25,-4.88
840653,1663,44968,152,93613,35.00,-7.21,-4.87
840675,1853,44968,143,93603,35.00,-7.19,-4.88
840697,1854,44968,135,93581,35.00,-7.23,-4.84
840719,1863,44968,133,93552,35.00,-7.27,-4.91
840741,1852,44968,139,93513,35.00,-7.25,-4.87
840763,1801,44968,149,93487,35.00,-7.26,-4.86
840785,1721,44968,159,93483,35.00,-7.24,-4.85
840807,1723,44968,173,93468,35.00,-7.20,-4.89
840829,1765,44968,175,93450,35.00,-7.22,-4.82
840851,1848,44968,170,93474,35.00,-7.21,-4.88
840873,1869,44968,163,93569,35.00,-7.23,-4.85
840914,1873,44968,152,93908,35.00,-7.23,-4.90
840936,1739,44968,140,94026,35.00,-7.22,-4.84
840958,1788,44968,135,94110,35.00,-7.24,-4.86
840980,1844,44968,137,94066,35.00,-7.25,-4.87
841396,1829,44968,141,93826,35.68,-7.22,-4.88
841435,1963,42280,137,94006,35.00,-7.23,-4.88
841457,1960,42792,136,94049,35.00,-7.22,-4.89
841479,1869,42792,133,94122,35.00,-7.26,-4.88
841501,1587,43176,132,94261,35.00,-7.23,-4.89
841523,1686,43688,139,94394,35.00,-7.24,-4.86
841545,1287,43688,141,94516,35.00,-7.23,-4.87
841567,1563,43176,166,94663,35.00,-7.22,-4.83
841589,1675,43176,169,94797,35.00,-7.21,-4.86
841611,1644,43176,164,94910,35.00,-7.25,-4.87
841633,1527,43176,149,95020,35.00,-7.16,-4.86
841655,1575,43688,143,95143,35.00,-7.23,-4.88
841696,1241,43688,115,95460,35.00,-7.25,-4.89
841718,1275,43688,132,95576,35.00,-7.21,-4.86
841740,1645,44456,139,95663,35.00,-7.22,-4.86
841762,1775,43688,140,95601,35.00,-7.21,-4.88
841784,1780,44456,149,95332,35.00,-7.24,-4.86
841806,1829,44456,163,94907,35.00,-7.21,-4.85
841828,1965,44456,181,94495,35.00,-7.21,-4.89
841850,2104,44456,187,94180,35.00,-7.27,-4.87
841872,1943,44456,167,93973,35.00,-7.22,-4.91
841894,1915,44456,155,93789,35.00,-7.25,-4.87
841936,2069,44456,153,93346,35.00,-7.24,-4.89
841958,2227,44456,141,93363,35.00,-7.22,-4.88
841980,2343,44456,138,93440,35.00,-7.21,-4.87
842416,2089,44456,133,93541,35.32,-7.19,-4.87
842458,1837,43176,139,94869,35.00,-7.23,-4.90
842480,2040,42792,141,94977,35.00,-7.22,-4.83
842502,1847,43176,139,95064,35.00,-7.20,-4.87
842524,1670,43176,146,95154,35.00,-7.19,-4.86
842546,1563,43176,155,95239,35.00,-7.22,-4.89
842568,1301,43176,164,95220,35.00,-7.24,-4.86
842590,917,43176,168,95002,35.00,-7.26,-4.90
842612,1041,43176,168,94625,35.00,-7.26,-4.88
842634,1107,43176,159,94284,35.00,-7.26,-4.88
842656,1095,43176,152,94077,35.00,-7.27,-4.87
842698,1309,43176,143,94158,35.00,-7.24,-4.86
842720,2015,42792,134,94227,35.00,-7.24,-4.86
842742,1829,42792,123,94303,35.00,-7.28,-4.90
842764,1436,42792,143,94427,35.00,-7.24,-4.88
842786,663,42280,160,94586,35.00,-7.23,-4.84
842808,1310,41512,173,94737,35.00,-7.25,-4.89
842830,1317,41512,149,94862,35.00,-7.21,-4.82
842852,631,41512,153,94974,35.00,-7.25,-4.88
842874,0,41512,105,95039,35.00,-7.23,-4.88
842896,1685,41512,169,95080,35.00,-7.20,-4.90
842918,3861,42280,175,95126,35.00,-7.22,-4.89
842959,3857,42280,167,95398,35.00,-7.22,-4.87
842981,2585,42792,119,95490,35.00,-7.20,-4.90
843691,2711,42792,146,95518,35.32,-7.22,-4.86
843721,2219,39112,221,91319,35.00,-7.24,-4.89
843743,2664,39112,219,91295,35.00,-7.18,-4.91
843765,3125,39112,249,91271,35.00,-7.25,-4.90
843787,3149,39112,268,91310,35.00,-7.25,-4.86
843809,3901,38728,269,91344,35.00,-7.24,-4.88
843831,3896,38728,251,91412,35.00,-7.23,-4.86
843853,3355,38728,227,91433,35.00,-7.22,-4.86
843875,2980,38728,191,91481,35.00,-7.22,-4.88
843897,2348,38728,179,91546,35.00,-7.24,-4.82
843919,2059,38728,156,91575,35.00,-7.18,-4.84
843961,2150,39112,139,91708,35.00,-7.19,-4.91
843983,2090,38216,117,91730,35.00,-7.23,-4.92
844710,1711,38728,139,91749,35.31,-7.21,-4.85
844743,1769,40904,169,92740,35.00,-7.23,-4.86
844765,1236,40904,135,92850,35.00,-7.20,-4.85
844787,1576,40904,146,92962,35.00,-7.21,-4.89
844809,1081,40904,145,93101,35.00,-7.22,-4.85
844831,1197,40904,153,93220,35.00,-7.24,-4.87
844853,1529,40904,167,93367,35.00,-7.25,-4.86
844875,1726,40392,168,93560,35.00,-7.23,-4.88
844897,1755,39624,157,93712,35.00,-7.22,-4.87
844919,1911,39624,143,93806,35.00,-7.22,-4.84
844941,1957,39112,136,93806,35.00,-7.19,-4.88
844963,1956,38728,127,93698,35.00,-7.22,-4.86
845730,1099,38728,133,93591,35.13,-7.23,-4.85
845766,2723,42280,159,93591,35.00,-7.23,-4.84
845788,2292,42792,141,93591,35.00,-7.22,-4.91
845810,2153,42792,159,93591,35.00,-7.22,-4.85
845832,2751,42792,183,93591,35.00,-7.22,-4.88
845854,2645,43176,175,93591,35.00,-7.24,-4.89
845876,3850,43176,199,93591,35.00,-7.25,-4.87
845898,3343,43176,175,93591,35.00,-7.23,-4.88
845920,1966,43176,141,93591,35.00,-7.22,-4.85
845942,1575,43176,141,93591,35.00,-7.21,-4.86
845964,1199,43688,138,93591,35.00,-7.24,-4.87
846750,651,43688,136,93591,35.39,-7.28,-4.87
846788,2895,51864,149,93591,35.00,-7.20,-4.88
846810,3897,51352,177,93591,35.00,-7.20,-4.87
846832,3879,51864,177,93591,35.00,-7.20,-4.90
846854,3388,51352,171,93591,35.00,-7.24,-4.87
846876,3325,51864,157,93591,35.00,-7.24,-4.83
846898,3055,51864,157,93591,35.00,-7.25,-4.85
846920,2889,51864,145,93591,35.00,-7.24,-4.82
846942,3004,52632,149,93591,35.00,-7.23,-4.86
846964,3061,53144,151,93591,35.00,-7.19,-4.90
846986,2767,53144,157,93591,35.00,-7.22,-4.87
847515,2936,53144,175,93591,34.38,-7.21,-4.86
847550,969,52632,125,93591,35.00,-7.23,-4.87
847572,859,51864,153,93591,35.00,-7.22,-4.91
847594,1223,52632,164,93591,35.00,-7.21,-4.90
847616,1693,52632,164,93591,35.00,-7.19,-4.85
847638,1817,52632,158,93591,35.00,-7.22,-4.89
847660,1775,52632,137,93591,35.00,-7.23,-4.88
847682,1322,51864,126,93591,35.00,-7.23,-4.86
847704,1085,51864,122,93591,35.00,-7.21,-4.86
847726,885,51352,140,93591,35.00,-7.21,-4.88
847748,731,51352,149,93591,35.00,-7.27,-4.84
847791,879,51864,159,93591,35.00,-7.19,-4.86
847813,920,51352,159,93591,35.00,-7.19,-4.85
847835,953,51864,155,93591,35.00,-7.24,-4.84
847857,967,51864,141,93591,35.00,-7.22,-4.85
847879,986,51352,123,93591,35.00,-7.24,-4.85
847901,1224,51352,121,93591,35.00,-7.21,-4.84
847923,1478,51352,133,93591,35.00,-7.25,-4.85
847945,1584,51352,137,93591,35.00,-7.24,-4.85
847967,1385,51352,140,93591,35.00,-7.26,-4.89
847989,1349,51352,150,93591,35.00,-7.22,-4.87
848031,1435,51352,171,93591,35.00,-7.27,-4.87
848053,1762,51352,171,93591,35.00,-7.23,-4.88
848075,2133,51352,175,93591,35.00,-7.21,-4.85
848097,2284,51864,163,93591,35.00,-7.23,-4.92
848119,2459,51352,149,93591,35.00,-7.21,-4.87
848141,2349,51352,134,93591,35.00,-7.23,-4.83
848163,2222,51352,136,93591,35.00,-7.21,-4.85
848185,2171,51352,125,93591,35.00,-7.27,-4.88
848207,1995,51864,143,93591,35.00,-7.23,-4.84
848229,1829,51352,143,93591,35.00,-7.20,-4.85
848251,1823,51352,159,93591,35.00,-7.20,-4.81
848292,1699,50968,154,93591,35.00,-7.26,-4.91
848314,1484,50968,124,93591,35.00,-7.26,-4.89
848336,1507,50968,104,93591,35.00,-7.24,-4.85
848358,1423,50456,73,93591,35.00,-7.24,-4.86
848380,1119,49688,43,93591,35.00,-7.21,-4.82
848402,783,49688,30,93591,35.00,-7.21,-4.85
848424,379,49176,30,93591,35.00,-7.22,-4.91
848446,395,49128,52,93591,35.00,-7.24,-4.90
848468,454,49128,75,93591,35.00,-7.27,-4.86
848490,749,49128,111,93591,35.00,-7.26,-4.82
848532,1183,49128,137,93591,35.00,-7.22,-4.87
848554,1385,49176,151,93591,35.00,-7.26,-4.87
848576,1705,49688,155,93591,35.00,-7.20,-4.85
848598,1803,49688,167,93591,35.00,-7.24,-4.86
848620,2167,49688,183,93591,35.00,-7.20,-4.90
848642,2683,49688,200,93591,35.00,-7.24,-4.87
848664,2869,50456,181,93591,35.00,-7.19,-4.84
848686,2630,50456,147,93591,35.00,-7.25,-4.86
848708,2069,50456,106,93591,35.00,-7.19,-4.89
848730,1513,50456,92,93591,35.00,-7.25,-4.91
848752,1230,50456,105,93591,35.00,-7.23,-4.87
848793,1209,50456,127,93591,35.00,-7.21,-4.86
848815,1563,50456,168,93591,35.00,-7.22,-4.85
848837,2093,50456,244,93591,35.00,-7.23,-4.92
848859,2956,50456,269,93591,35.00,-7.24,-4.85
848881,3159,50456,231,93591,35.00,-7.25,-4.83
848903,3623,50456,283,93591,35.00,-7.26,-4.84
848925,3881,50456,365,93591,35.00,-7.21,-4.83
848947,3911,49688,442,93591,35.00,-7.21,-4.88
848969,3927,50456,219,93591,35.00,-7.20,-4.87
848991,2025,50968,28,93591,35.00,-7.18,-4.89
849034,183,50968,89,93591,35.00,-7.22,-4.85
849056,1951,49688,217,93591,35.00,-7.18,-4.90
849078,2319,50456,189,93591,35.00,-7.18,-4.91
849100,2429,50456,179,93591,35.00,-7.21,-4.87
849122,2621,50456,203,93591,35.00,-7.22,-4.82
849144,2885,50456,198,93591,35.00,-7.29,-4.89
849166,2777,50968,185,93591,35.00,-7.21,-4.86
849188,2727,50456,212,93591,35.00,-7.24,-4.91
849210,3113,50968,213,93591,35.00,-7.21,-4.84
849232,2395,50968,211,93591,35.00,-7.24,-4.86
849274,2121,50456,211,93591,35.00,-7.21,-4.88
849296,1715,50456,159,93591,35.00,-7.22,-4.85
849318,1479,50968,147,93591,35.00,-7.20,-4.88
849340,1471,50968,155,93591,35.00,-7.22,-4.87
849362,1605,50456,160,93591,35.00,-7.25,-4.85
849384,1779,50456,159,93591,35.00,-7.22,-4.87
849406,1883,50456,165,93591,35.00,-7.24,-4.91
849428,1902,50456,173,93591,35.00,-7.20,-4.87
849450,1790,50456,174,93591,35.00,-7.26,-4.85
849472,1747,50456,175,93591,35.00,-7.22,-4.86
849515,1495,49688,173,93591,35.00,-7.21,-4.86
849537,1188,49688,163,93591,35.00,-7.26,-4.82
849559,1263,50456,159,93591,35.00,-7.29,-4.86
849581,1383,49688,140,93591,35.00,-7.24,-4.86
849603,1323,49176,133,93591,35.00,-7.20,-4.88
849625,1145,49176,117,93591,35.00,-7.21,-4.90
849647,1125,49176,123,93591,35.00,-7.23,-4.91
849669,1041,49176,123,93591,35.00,-7.23,-4.86
849691,1163,49176,153,93591,35.00,-7.24,-4.87
849713,1188,49128,167,93591,35.00,-7.19,-4.86
849755,1339,49128,187,93591,35.00,-7.20,-4.87
849777,2023,49128,189,93591,35.00,-7.24,-4.85
849799,1757,49176,157,93591,35.00,-7.24,-4.84
849821,1813,49176,147,93591,35.00,-7.22,-4.88
849843,1892,49128,159,93591,35.00,-7.24,-4.87
849865,1917,49128,165,93591,35.00,-7.22,-4.85
849887,2117,49128,173,93591,35.00,-7.24,-4.84
849909,1931,49128,183,93591,35.00,-7.20,-4.85
849931,3107,49128,238,93591,35.00,-7.22,-4.84
849953,1873,49128,211,93591,35.00,-7.24,-4.86
849975,1917,49128,212,93591,35.00,-7.24,-4.86
850574,1959,49128,197,93591,35.14,-7.25,-4.86
850604,1556,49128,160,93591,35.00,-7.20,-4.83
850626,1544,48616,123,93591,35.00,-7.25,-4.90
850648,1555,49128,139,93591,35.00,-7.21,-4.87
850670,1490,49128,148,93591,35.00,-7.21,-4.85
850692,1557,49176,171,93591,35.00,-7.25,-4.84
850714,1776,49176,176,93591,35.00,-7.23,-4.89
850736,1873,49176,179,93591,35.00,-7.16,-4.87
850778,1867,49176,159,93591,35.00,-7.24,-4.83
850800,1782,49128,153,93591,35.00,-7.23,-4.84
850822,1845,49176,139,93591,35.00,-7.23,-4.85
850844,1907,49176,137,93591,35.00,-7.22,-4.85
850866,1883,49176,135,93591,35.00,-7.25,-4.88
850888,1845,49176,147,93591,35.00,-7.19,-4.85
850910,1726,49128,153,93591,35.00,-7.27,-4.86
850932,1593,49128,169,93591,35.00,-7.22,-4.85
850954,1511,49176,159,93591,35.00,-7.25,-4.86
850976,1581,49176,156,93591,35.00,-7.20,-4.90
851593,1689,49176,151,93591,35.37,-7.23,-4.87
851624,1863,49128,175,93591,35.00,-7.20,-4.89
851646,1834,49128,133,93591,35.00,-7.21,-4.87
851668,1803,49176,140,93591,35.00,-7.19,-4.87
851690,1755,49176,155,93591,35.00,-7.22,-4.86
851712,1679,49176,157,93591,35.00,-7.21,-4.84
851734,1580,49688,158,93591,35.00,-7.22,-4.88
851756,1547,49688,169,93591,35.00,-7.23,-4.88
851778,1669,49176,165,93591,35.00,-7.21,-4.84
851820,1716,49176,152,93591,35.00,-7.21,-4.85
851842,1703,49176,127,93591,35.00,-7.26,-4.90
851864,1720,49176,133,93591,35.00,-7.22,-4.87
851886,1837,49176,148,93591,35.00,-7.25,-4.89
851908,1880,49176,149,93591,35.00,-7.25,-4.85
851930,1805,49176,153,93591,35.00,-7.21,-4.86
851952,1717,49176,163,93591,35.00,-7.22,-4.89
851974,1582,49176,166,93591,35.00,-7.24,-4.87
851996,1641,49128,171,93591,35.00,-7.21,-4.85
852359,1770,49128,165,93591,35.67,-7.22,-4.86
852402,1956,49688,151,93591,35.00,-7.25,-4.86
852424,1747,49688,125,93591,35.00,-7.25,-4.88
852446,1662,49688,127,93591,35.00,-7.22,-4.87
852468,1621,50456,133,93591,35.00,-7.24,-4.87
852490,1353,49688,142,93591,35.00,-7.25,-4.83
852512,1806,49176,154,93591,35.00,-7.22,-4.86
852534,1513,49688,151,93591,35.00,-7.20,-4.87
852556,1956,49688,171,93591,35.00,-7.27,-4.87
852578,1702,49688,156,93591,35.00,-7.25,-4.88
852600,1492,50456,145,93591,35.00,-7.18,-4.85
852642,2583,50456,159,93591,35.00,-7.21,-4.86
852664,3883,50968,183,93591,35.00,-7.21,-4.83
852686,3891,49128,150,93591,35.00,-7.21,-4.85
852708,3497,47336,63,93591,35.00,-7.20,-4.85
852730,744,46952,83,93591,35.00,-7.25,-4.84
852752,0,46952,47,93591,35.00,-7.27,-4.88
852774,745,47848,0,93591,35.00,-7.25,-4.81
852796,0,49128,4,93591,35.00,-7.36,-4.84
852818,0,49128,180,93591,35.00,-7.49,-4.87
852840,0,49176,211,93591,35.00,-7.14,-4.85
852862,0,50456,187,93591,35.00,-7.16,-4.87
852903,0,50968,191,93591,35.00,-7.21,-4.85
852925,0,51864,166,93591,35.00,-7.16,-4.84
852947,2261,52632,221,93591,35.00,-7.20,-4.81
852969,2971,53144,233,93591,35.00,-7.13,-4.86
852991,2943,54616,229,93591,35.00,-7.30,-4.85
853379,2603,54616,239,93591,38.09,-7.24,-4.85
853407,2151,53336,165,93591,35.00,-7.24,-4.87
853429,1775,53336,132,93591,35.00,-7.25,-4.87
853451,1660,53336,127,93591,35.00,-7.23,-4.85
853473,1561,53336,141,93591,35.00,-7.24,-4.88
853495,1469,53336,134,93591,35.00,-7.21,-4.86
853517,1253,53336,140,99940,35.00,-7.24,-4.89
853539,1335,53848,127,99535,35.00,-7.21,-4.86
853561,1489,53848,121,99114,35.00,-7.21,-4.82
853583,1389,53848,109,98647,35.00,-7.23,-4.86
853625,1350,53848,103,97082,35.00,-7.19,-4.88
853647,979,53848,83,96626,35.00,-7.16,-4.85
853669,987,54616,92,96219,35.00,-7.22,-4.88
853691,941,54616,93,95804,35.00,-7.25,-4.85
853713,813,53848,105,95421,35.00,-7.20,-4.87
853735,872,53848,107,95110,35.00,-7.21,-4.88
853757,659,53848,91,94917,35.00,-7.24,-4.84
853779,1075,53336,109,94802,35.00,-7.27,-4.86
853801,1462,53336,115,94745,35.00,-7.23,-4.89
853823,1434,53336,105,94785,35.00,-7.25,-4.88
853865,2343,53336,137,94991,35.00,-7.18,-4.85
853887,2917,53144,148,95016,35.00,-7.26,-4.89
853909,3603,53144,175,95096,35.00,-7.23,-4.85
853931,3623,53144,191,95180,35.00,-7.22,-4.85
853953,3639,53144,216,95283,35.00,-7.24,-4.90
853975,3643,53336,220,95403,35.00,-7.24,-4.86
853997,3603,53336,216,95544,35.00,-7.19,-4.83
854402,1570,53336,167,95655,37.65,-7.22,-4.88
854430,1879,51352,135,92921,35.00,-7.23,-4.90
854452,1375,50968,151,92699,35.00,-7.24,-4.85
854474,1573,50968,165,92411,35.00,-7.24,-4.86
854496,1717,51352,165,92048,35.00,-7.27,-4.82
854518,1907,51352,173,91608,35.00,-7.22,-4.91
854540,1829,51352,157,91167,35.00,-7.21,-4.83
854562,1749,51352,154,90725,35.00,-7.26,-4.91
854584,1736,51352,153,90293,35.00,-7.21,-4.88
854606,1373,50456,139,89819,35.00,-7.28,-4.90
854647,1341,49128,133,88962,35.00,-7.23,-4.84
854669,1019,48616,111,88662,35.00,-7.26,-4.88
854691,1197,49128,118,88369,35.00,-7.22,-4.87
854713,1370,49128,135,88069,35.00,-7.25,-4.90
854735,1328,49128,143,87772,35.00,-7.22,-4.82
854757,1147,49128,151,87492,35.00,-7.24,-4.87
854779,1261,49128,141,87065,35.00,-7.30,-4.85
854801,1359,49128,142,86533,35.00,-7.25,-4.89
854823,1619,49128,141,86048,35.00,-7.20,-4.87
854845,1971,49128,149,85688,35.00,-7.24,-4.88
854888,2173,49128,151,84848,35.00,-7.27,-4.87
854910,2010,49128,154,84677,35.00,-7.23,-4.85
854932,1739,49128,155,84675,35.00,-7.23,-4.89
854954,1591,49128,167,84727,35.00,-7.24,-4.89
854976,1561,49128,165,84826,35.00,-7.19,-4.88
854998,1480,49128,152,84936,35.00,-7.22,-4.88
855020,1285,49128,140,85013,35.00,-7.24,-4.91
855042,1349,49176,133,85075,35.00,-7.23,-4.88
855064,1371,49176,118,85191,35.00,-7.24,-4.81
855086,1733,49176,126,85414,35.00,-7.27,-4.88
855128,1655,49176,123,85970,35.00,-7.23,-4.89
855150,1577,49128,141,85961,35.00,-7.18,-4.96
855172,1679,49176,153,85984,35.00,-7.24,-4.86
855194,1782,49176,173,86188,35.00,-7.25,-4.87
855216,1737,49176,169,86370,35.00,-7.20,-4.87
855238,1663,49176,173,86398,35.00,-7.21,-4.82
855260,1683,49176,155,86378,35.00,-7.23,-4.86
855282,2169,49176,158,86371,35.00,-7.25,-4.84
855304,2185,49176,139,86364,35.00,-7.20,-4.86
855326,2487,49176,142,86304,35.00,-7.19,-4.83
855348,2459,49176,136,86197,35.00,-7.22,-4.85
855389,2301,49176,149,86028,35.00,-7.25,-4.84
855411,1357,49128,137,86025,35.00,-7.27,-4.83
855433,1349,49128,151,85968,35.00,-7.23,-4.85
855455,1447,49128,167,85874,35.00,-7.23,-4.85
855477,1580,49128,168,85704,35.00,-7.21,-4.85
855499,1769,49128,158,85363,35.00,-7.26,-4.88
855521,1847,49128,149,84901,35.00,-7.27,-4.82
855543,1500,49128,137,84414,35.00,-7.28,-4.83
855565,1017,49128,123,83970,35.00,-7.31,-4.86
855587,1764,49128,151,83597,35.00,-7.21,-4.88
855629,2247,49128,164,82326,35.00,-7.28,-4.86
855651,2116,49128,179,82067,35.00,-7.29,-4.85
855673,2005,49128,181,81960,35.00,-7.23,-4.89
855695,1999,49128,197,81995,35.00,-7.25,-4.87
855717,1837,49176,185,82080,35.00,-7.25,-4.90
855739,1843,49176,175,82254,35.00,-7.23,-4.84
855761,1624,49176,155,82430,35.00,-7.18,-4.84
855783,1611,49128,138,82672,35.00,-7.20,-4.87
855805,1611,49176,125,82909,35.00,-7.22,-4.90
855827,1824,49176,125,83116,35.00,-7.24,-4.83
855849,1736,49176,139,83256,35.00,-7.28,-4.87
855890,1738,49176,157,83783,35.00,-7.21,-4.85
855912,1801,49128,167,83960,35.00,-7.20,-4.83
855934,1481,49176,180,84166,35.00,-7.24,-4.87
855956,1284,49176,171,84380,35.00,-7.24,-4.79
855978,1272,49176,175,84571,35.00,-7.25,-4.86
856704,1372,49176,167,84747,37.54,-7.20,-4.85
856732,825,54616,91,85935,35.00,-7.23,-4.84
856754,959,54616,135,85919,35.00,-7.19,-4.85
856776,1246,54616,136,85907,35.00,-7.28,-4.83
856798,1735,53848,157,85876,35.00,-7.23,-4.83
856820,2247,53848,164,85895,35.00,-7.21,-4.86
856842,2295,53848,157,85972,35.00,-7.26,-4.86
856864,2099,53336,145,86039,35.00,-7.23,-4.85
856886,2153,53336,151,86114,35.00,-7.23,-4.91
856908,2361,53336,156,86166,35.00,-7.24,-4.83
856930,2313,53144,157,86247,35.00,-7.27,-4.84
856973,2033,53144,119,86194,35.00,-7.23,-4.88
856995,2118,53144,231,85998,35.00,-7.26,-4.85
857728,3556,53144,243,85803,36.57,-7.26,-4.83
857755,1599,43176,135,86487,35.00,-7.16,-4.85
857777,1133,43176,146,86361,35.00,-7.24,-4.84
857799,959,43688,151,86305,35.00,-7.23,-4.80
857821,1043,43688,143,86295,35.00,-7.26,-4.85
857843,1019,44456,137,86363,35.00,-7.26,-4.83
857865,907,44456,120,86444,35.00,-7.25,-4.81
857887,839,44456,133,86570,35.00,-7.25,-4.82
857909,1181,44968,148,86782,35.00,-7.22,-4.80
857931,1747,45160,168,86959,35.00,-7.20,-4.91
857953,1990,45160,173,87135,35.00,-7.18,-4.88
857995,1661,45160,166,87516,35.00,-7.27,-4.80
858752,1363,45160,149,87669,35.94,-7.25,-4.83
858777,1597,45672,147,91599,35.00,-7.24,-4.85
858799,1525,45672,156,91914,35.00,-7.26,-4.83
858821,1547,46440,149,92214,35.00,-7.24,-4.80
858843,1590,46440,133,92485,35.00,-7.23,-4.85
858865,1681,46440,115,92723,35.00,-7.23,-4.80
858887,1695,46440,99,92952,35.00,-7.22,-4.87
858909,1882,46440,189,93149,35.00,-7.24,-4.87
858931,2247,46952,121,93323,35.00,-7.22,-4.84
858953,1917,46440,154,93484,35.00,-7.20,-4.85
858975,1963,46952,147,93664,35.00,-7.22,-4.81
859520,1723,46440,170,93807,36.40,-7.24,-4.88
859559,1752,47336,159,93036,35.00,-7.21,-4.83
859581,1627,47336,156,93151,35.00,-7.22,-4.83
859603,1747,47848,159,93307,35.00,-7.24,-4.84
859625,1997,47848,157,93537,35.00,-7.20,-4.78
859647,2212,48616,154,93726,35.00,-7.24,-4.86
859669,2194,48616,141,93784,35.00,-7.28,-4.83
859691,2076,49688,137,93494,35.00,-7.23,-4.89
859713,1736,49688,133,93134,35.00,-7.25,-4.85
859735,1574,50456,147,92817,35.00,-7.24,-4.78
