Timestamp,ECG,GSR,Gas,Pulse_IR,Temp_Max,Label
180372,1821,13236988,137,93073,37.18,-7.42,-4.71
180414,2720,655874,176,93308,35.00,-7.37,-4.61
180436,2100,13230652,155,93244,35.00,-7.40,-4.59
180458,1883,13231932,141,93177,35.00,-7.36,-4.62
180480,1711,13245890,135,93172,35.00,-7.35,-4.75
180502,1481,13254114,138,93296,35.00,-7.42,-4.69
180524,716,13258642,123,93404,35.00,-7.41,-4.77
180546,1337,13260626,139,93443,35.00,-7.52,-5.02
180568,763,13248290,135,93353,35.00,-7.38,-4.73
180590,2238,13236092,167,93201,35.00,-7.40,-4.73
180612,2803,13253346,171,93042,35.00,-7.41,-4.76
180654,2457,13261010,167,93247,35.00,-7.45,-4.75
180676,2183,13260626,152,93323,35.00,-7.37,-4.67
180698,2136,13262290,147,93460,35.00,-7.58,-4.83
180720,2120,13266354,140,93754,35.00,-7.55,-4.85
180742,1619,13267058,125,94112,35.00,-7.39,-4.74
180764,1693,13271026,135,94402,35.00,-7.43,-4.73
180786,1870,13275210,147,94597,35.00,-7.35,-4.68
180808,2076,13277898,154,94731,35.00,-7.29,-4.61
180830,2233,13279786,157,94914,35.00,-7.40,-4.68
180852,2549,13283946,167,95172,35.00,-7.38,-4.75
180874,2485,13290906,165,95528,35.00,-7.38,-4.71
180915,2403,13292890,159,96456,35.00,-7.41,-4.72
180937,2171,13295578,149,96442,35.00,-7.40,-4.68
180959,1773,13296186,137,96001,35.00,-7.38,-4.69
180981,1607,13305606,132,95336,35.00,-7.39,-4.73
181389,1262,13291418,138,94551,36.96,-7.41,-4.68
181417,2318,700330,167,93872,35.00,-7.38,-4.59
181439,1531,13279786,123,93913,35.00,-7.38,-4.61
181461,1468,13281962,135,93911,35.00,-7.38,-4.56
181483,1354,13282730,135,93855,35.00,-7.39,-4.58
181505,1544,13283946,141,93827,35.00,-7.39,-4.63
181527,1693,13284714,152,93897,35.00,-7.37,-4.60
181549,2109,13283434,159,94023,35.00,-7.43,-4.59
181571,2359,13283946,169,94118,35.00,-7.41,-4.62
181593,2451,13286122,160,94089,35.00,-7.39,-4.58
181615,2190,13285226,151,93747,35.00,-7.41,-4.57
181657,1833,13285226,139,92675,35.00,-7.41,-4.61
181679,1491,13284714,127,92642,35.00,-7.43,-4.57
181701,1351,13284714,135,92734,35.00,-7.42,-4.60
181723,1449,13286890,135,92849,35.00,-7.41,-4.60
181745,1563,13286122,150,92922,35.00,-7.41,-4.60
181767,1929,13287402,157,92965,35.00,-7.41,-4.55
181789,2229,13285610,166,92999,35.00,-7.38,-4.60
181811,2391,13284714,169,92948,35.00,-7.42,-4.57
181833,2419,13285226,165,92870,35.00,-7.39,-4.58
181855,2107,13283434,151,92715,35.00,-7.42,-4.59
181898,1739,13280554,141,92385,35.00,-7.43,-4.59
181920,1375,13275722,125,92363,35.00,-7.34,-4.63
181942,1339,13275722,135,92355,35.00,-7.41,-4.60
181964,1501,13277002,143,92311,35.00,-7.36,-4.60
181986,1891,13275722,156,92313,35.00,-7.39,-4.60
182407,2105,13275210,164,92338,36.76,-7.40,-4.61
182439,2311,658818,171,91018,35.00,-7.40,-4.62
182461,1273,13238268,125,91202,35.00,-7.39,-4.59
182483,1540,13240450,143,91461,35.00,-7.37,-4.56
182505,2260,13244610,169,91780,35.00,-7.37,-4.61
182527,2213,13267570,167,92344,35.00,-7.37,-4.60
182549,2361,13279178,171,92839,35.00,-7.39,-4.58
182571,2483,13283242,170,93091,35.00,-7.37,-4.59
182593,2222,13283242,152,93095,35.00,-7.39,-4.58
182615,1901,13283242,145,93045,35.00,-7.38,-4.59
182637,1481,13283946,125,93011,35.00,-7.42,-4.59
182679,1257,13281450,125,92942,35.00,-7.42,-4.58
182701,1241,13277386,133,92816,35.00,-7.38,-4.58
182723,1683,13250466,151,92704,35.00,-7.38,-4.56
182745,1928,13242434,159,92673,35.00,-7.38,-4.59
182767,2219,13240962,167,92670,35.00,-7.39,-4.57
182789,2457,13240450,171,92702,35.00,-7.41,-4.58
182811,2408,13241730,159,92717,35.00,-7.40,-4.59
182833,2167,13240066,149,92743,35.00,-7.44,-4.57
182855,1819,13239554,139,92782,35.00,-7.40,-4.62
182877,1495,13240450,133,92831,35.00,-7.41,-4.60
182899,1339,13240450,134,92861,35.00,-7.38,-4.59
182940,1821,13254114,148,92111,35.00,-7.41,-4.58
182962,1491,13275722,140,92093,35.00,-7.38,-4.58
182984,1787,13277002,153,92265,35.00,-7.40,-4.56
183425,2165,13281066,166,92624,36.66,-7.41,-4.59
183461,2311,708698,166,94450,35.00,-7.42,-4.60
183483,1781,13281066,153,94450,35.00,-7.41,-4.63
183505,2139,13279786,167,94381,35.00,-7.39,-4.60
183527,2427,13279274,169,94295,35.00,-7.38,-4.61
183549,2478,13280554,162,94277,35.00,-7.38,-4.58
183571,2239,13279274,156,94172,35.00,-7.42,-4.60
183593,1979,13278666,142,94071,35.00,-7.38,-4.58
183615,1545,13279786,133,94139,35.00,-7.35,-4.61
183637,1385,13279178,137,94150,35.00,-7.41,-4.58
183659,1435,13277386,133,94087,35.00,-7.45,-4.60
183681,1571,13278666,140,94010,35.00,-7.37,-4.58
183722,1895,13279178,155,92915,35.00,-7.42,-4.62
183744,2003,13276490,166,92887,35.00,-7.36,-4.64
183766,2360,13278666,169,92940,35.00,-7.38,-4.61
183788,2443,13279178,165,92994,35.00,-7.38,-4.64
183810,2365,13279178,157,93028,35.00,-7.40,-4.60
183832,2027,13277898,143,93023,35.00,-7.40,-4.61
183854,1641,13279178,135,93045,35.00,-7.41,-4.60
183876,785,13262290,119,93004,35.00,-7.38,-4.64
183898,1390,13243714,134,92896,35.00,-7.40,-4.62
183920,1563,13240066,151,92710,35.00,-7.43,-4.60
183963,1848,13239554,156,92738,35.00,-7.39,-4.62
183985,2303,13236476,170,92876,35.00,-7.42,-4.61
184697,2410,13239554,163,92900,36.76,-7.40,-4.58
184724,1561,663490,148,91789,35.00,-7.39,-4.59
184746,2409,13245122,165,91856,35.00,-7.40,-4.56
184768,2359,13246402,157,91878,35.00,-7.38,-4.57
184790,2053,13245890,146,91878,35.00,-7.41,-4.60
184812,1703,13244610,137,91891,35.00,-7.39,-4.57
184834,1407,13245890,136,91907,35.00,-7.41,-4.57
184856,1371,13246402,135,91856,35.00,-7.39,-4.60
184878,1557,13245122,143,91793,35.00,-7.38,-4.55
184900,1849,13245122,153,91660,35.00,-7.39,-4.59
184922,2141,13246402,157,91421,35.00,-7.39,-4.62
184944,2355,13245890,165,91242,35.00,-7.40,-4.57
184985,2426,13244610,165,91237,35.00,-7.43,-4.58
185715,2365,13244226,158,91055,36.65,-7.42,-4.59
185747,1544,659330,149,89790,35.00,-7.41,-4.62
185769,1902,13240066,138,89852,35.00,-7.41,-4.61
185791,1509,13240066,135,89885,35.00,-7.37,-4.64
185813,1403,13240066,135,89949,35.00,-7.42,-4.64
185835,1373,13240962,137,89995,35.00,-7.40,-4.60
185857,1607,13240962,151,89981,35.00,-7.41,-4.58
185879,1925,13239554,158,89937,35.00,-7.42,-4.60
185901,2159,13240962,167,89956,35.00,-7.40,-4.57
185923,2425,13242242,169,90043,35.00,-7.41,-4.65
185945,2428,13242242,163,90139,35.00,-7.37,-4.60
185987,2193,13243714,151,90481,35.00,-7.39,-4.62
186733,1810,13242434,137,90578,36.97,-7.42,-4.63
186769,1565,686834,143,90344,35.00,-7.39,-4.58
186791,1373,13269234,127,90412,35.00,-7.39,-4.66
186813,1388,13272330,133,90413,35.00,-7.37,-4.61
186835,1555,13273226,141,90398,35.00,-7.40,-4.60
186857,1939,13272842,155,90390,35.00,-7.38,-4.63
186879,2156,13273226,169,90298,35.00,-7.42,-4.58
186901,2441,13275018,167,89944,35.00,-7.39,-4.63
186923,2355,13273226,160,89361,35.00,-7.42,-4.62
186945,2229,13267058,152,88792,35.00,-7.42,-4.63
186967,1833,13266354,136,88408,35.00,-7.35,-4.58
186989,1541,13267058,125,88272,35.00,-7.38,-4.58
187030,1387,13267570,136,88698,35.00,-7.40,-4.60
187052,1387,13269234,134,88923,35.00,-7.39,-4.60
187074,1485,13274506,139,89130,35.00,-7.40,-4.64
187096,1802,13278666,149,89330,35.00,-7.41,-4.62
187118,2149,13279786,165,89507,35.00,-7.41,-4.65
187140,2300,13282730,165,89608,35.00,-7.38,-4.64
187162,2460,13283434,165,89637,35.00,-7.42,-4.62
187184,2265,13283242,155,89689,35.00,-7.36,-4.61
187206,1958,13285226,143,89727,35.00,-7.39,-4.63
187228,1640,13285610,139,89790,35.00,-7.39,-4.58
187270,1331,13283946,125,89545,35.00,-7.46,-4.63
187292,1261,13265586,131,89262,35.00,-7.41,-4.64
187314,1581,13262290,141,89058,35.00,-7.43,-4.61
187336,1903,13262802,152,89010,35.00,-7.41,-4.60
187358,2191,13265586,167,89071,35.00,-7.37,-4.62
187380,2401,13270514,165,89196,35.00,-7.43,-4.59
187402,2441,13271562,159,89327,35.00,-7.36,-4.65
187424,2298,13275018,153,89465,35.00,-7.37,-4.66
187446,1902,13279274,137,89624,35.00,-7.38,-4.59
187468,1545,13281962,125,89757,35.00,-7.41,-4.63
187490,1384,13281066,132,89855,35.00,-7.40,-4.60
187531,1397,13282730,139,90118,35.00,-7.37,-4.59
187553,1453,13281066,141,90197,35.00,-7.37,-4.61
187575,1769,13281450,152,90265,35.00,-7.40,-4.62
187597,2073,13281450,168,90316,35.00,-7.39,-4.59
187619,2353,13283242,167,90364,35.00,-7.40,-4.58
187641,2470,13287402,165,90479,35.00,-7.37,-4.64
187663,2284,13287962,157,90617,35.00,-7.39,-4.61
187685,1947,13290138,145,90728,35.00,-7.40,-4.62
187707,1606,13290906,135,90765,35.00,-7.40,-4.60
187729,1427,13289626,127,90774,35.00,-7.37,-4.60
187772,1401,13289626,135,90375,35.00,-7.42,-4.61
187794,1661,13287450,147,89877,35.00,-7.40,-4.59
187816,2007,13288730,159,89525,35.00,-7.40,-4.56
187838,2343,13290138,169,89362,35.00,-7.39,-4.57
187860,2395,13290138,165,89408,35.00,-7.35,-4.60
187882,2405,13289626,157,89534,35.00,-7.43,-4.57
187904,2109,13281962,146,89631,35.00,-7.43,-4.53
187926,1677,13281450,124,89649,35.00,-7.37,-4.56
187948,1439,13280554,124,89595,35.00,-7.41,-4.58
187970,1353,13278666,123,89571,35.00,-7.39,-4.58
188514,1459,13278666,141,89808,36.70,-7.41,-4.56
188553,2137,708506,165,89943,35.00,-7.40,-4.57
188575,2011,13287962,159,90084,35.00,-7.38,-4.55
188597,2312,13291418,164,90317,35.00,-7.40,-4.53
188619,2608,13295066,167,90562,35.00,-7.41,-4.54
188641,2335,13296954,155,90728,35.00,-7.41,-4.55
188663,1853,13315494,139,90857,35.00,-7.41,-4.54
188685,1605,13316710,133,90945,35.00,-7.39,-4.55
188707,1374,13314726,133,91009,35.00,-7.36,-4.56
188729,1327,13314214,135,91018,35.00,-7.38,-4.58
188751,1515,13315494,143,90975,35.00,-7.39,-4.56
188773,1769,13314214,151,90949,35.00,-7.43,-4.56
188814,2109,13313830,165,90973,35.00,-7.36,-4.52
188836,2187,13309254,165,90972,35.00,-7.42,-4.55
188858,2460,13303802,168,91022,35.00,-7.40,-4.52
188880,2372,13298362,157,91086,35.00,-7.39,-4.54
188902,2093,13296954,143,91121,35.00,-7.38,-4.53
188924,1771,13295674,135,91126,35.00,-7.45,-4.54
188946,1503,13295578,123,91138,35.00,-7.41,-4.55
188968,1351,13295578,133,91178,35.00,-7.37,-4.53
188990,1469,13296954,140,91264,35.00,-7.40,-4.55
189531,1745,13298362,151,91327,37.06,-7.42,-4.55
189561,2102,794561,163,96995,35.00,-7.40,-4.57
189583,1645,13375297,135,97237,35.00,-7.37,-4.52
189605,1421,13377569,132,97405,35.00,-7.39,-4.53
189627,1367,13377569,135,97342,35.00,-7.43,-4.54
189649,1515,13378081,146,97077,35.00,-7.39,-4.54
189671,1763,13378849,149,96647,35.00,-7.38,-4.55
189693,1839,13377473,163,96279,35.00,-7.42,-4.50
189715,2387,13377569,169,95757,35.00,-7.39,-4.53
189756,2445,13378081,169,93574,35.00,-7.40,-4.57
189778,2363,13376193,164,93494,35.00,-7.39,-4.53
189800,2219,13378849,155,93667,35.00,-7.42,-4.54
189822,1807,13379361,139,93970,35.00,-7.40,-4.55
189844,1527,13378081,137,94232,35.00,-7.41,-4.51
189866,1375,13380257,132,94347,35.00,-7.37,-4.54
189888,2541,13381025,158,94289,35.00,-7.36,-4.51
189910,1071,13379745,135,94119,35.00,-7.41,-4.57
189932,1497,13374785,150,93836,35.00,-7.43,-4.49
189954,2297,13375297,169,93573,35.00,-7.41,-4.52
189976,2457,13375297,172,93346,35.00,-7.36,-4.51
190549,1956,13353502,146,92397,36.49,-7.44,-4.51
190579,2091,745430,163,91902,35.00,-7.37,-4.44
190601,1255,13322390,121,91915,35.00,-7.52,-4.50
190623,1629,13326166,136,91875,35.00,-7.54,-4.53
190645,1381,13324886,133,91846,35.00,-7.45,-4.47
190667,1547,13323670,141,91818,35.00,-7.44,-4.50
190689,1755,13322006,151,91823,35.00,-7.41,-4.44
190711,2067,13322006,159,91849,35.00,-7.42,-4.50
190733,2321,13317990,168,91892,35.00,-7.43,-4.49
190755,2505,13314726,171,91915,35.00,-7.41,-4.49
190777,2421,13315494,157,91926,35.00,-7.41,-4.52
190819,2072,13316006,142,92133,35.00,-7.44,-4.50
190841,1741,13311942,135,92201,35.00,-7.39,-4.49
190863,1371,13314214,127,92215,35.00,-7.38,-4.44
190885,1415,13313318,135,92256,35.00,-7.35,-4.48
190907,1615,13311430,142,92290,35.00,-7.36,-4.46
190929,1735,13305606,151,92328,35.00,-7.42,-4.46
190951,2221,13302010,165,92430,35.00,-7.42,-4.48
190973,2357,13297466,167,92520,35.00,-7.41,-4.51
190995,2440,13293402,165,92570,35.00,-7.41,-4.45
191567,1583,13291418,139,92578,36.76,-7.47,-4.52
191601,2147,65540,163,92509,35.00,-7.41,-4.51
191623,1182,59192,127,92560,35.00,-7.40,-4.54
191645,1356,59576,143,92655,35.00,-7.40,-4.51
191667,1726,56792,152,92738,35.00,-7.39,-4.50
191689,1989,55512,157,92775,35.00,-7.42,-4.54
191711,2297,55128,167,92802,35.00,-7.42,-4.54
191733,2438,54616,169,92856,35.00,-7.44,-4.55
191755,2357,54616,163,92917,35.00,-7.44,-4.49
191777,2095,55128,151,92975,35.00,-7.39,-4.51
191799,1709,55128,137,92990,35.00,-7.40,-4.53
191842,1399,55512,134,91626,35.00,-7.38,-4.56
191864,1318,55128,136,91245,35.00,-7.40,-4.52
191886,1583,55512,152,91116,35.00,-7.40,-4.51
191908,1927,56024,159,91217,35.00,-7.39,-4.52
191930,2181,56024,168,91422,35.00,-7.41,-4.50
191952,2345,56792,168,91621,35.00,-7.39,-4.53
191974,2407,56024,160,91762,35.00,-7.40,-4.51
191996,2143,56024,151,91874,35.00,-7.41,-4.49
192585,1763,56024,139,91971,36.90,-7.43,-4.50
192623,1847,0,157,91220,35.00,-7.41,-4.55
192645,1560,0,141,91346,35.00,-7.40,-4.58
192667,1717,0,160,91538,35.00,-7.42,-4.58
192689,1981,0,171,91748,35.00,-7.37,-4.63
192711,2311,24624,173,91888,35.00,-7.38,-4.62
192733,2219,39624,165,91999,35.00,-7.40,-4.63
192755,2187,40392,150,92088,35.00,-7.35,-4.60
192777,1954,36936,139,92145,35.00,-7.40,-4.58
192799,1509,13664,125,92186,35.00,-7.44,-4.62
192821,1415,4160,136,92189,35.00,-7.38,-4.62
192843,1340,1792,139,92181,35.00,-7.43,-4.57
192884,1775,512,151,92191,35.00,-7.44,-4.57
192906,1883,0,155,92228,35.00,-7.42,-4.60
192928,2151,0,165,92253,35.00,-7.41,-4.58
192950,2428,0,168,92276,35.00,-7.41,-4.57
192972,2439,0,167,92313,35.00,-7.37,-4.58
192994,2227,0,155,92401,35.00,-7.38,-4.61
193356,1917,24624,147,92549,37.24,-7.37,-4.58
193385,1421,5952,127,91780,35.00,-7.39,-4.60
193407,1995,1280,159,92011,35.00,-7.38,-4.60
193429,2343,512,169,92204,35.00,-7.41,-4.59
193451,2388,0,165,92357,35.00,-7.40,-4.56
193473,2303,0,155,92466,35.00,-7.38,-4.56
193495,1835,0,141,92572,35.00,-7.40,-4.58
193517,1517,0,135,92657,35.00,-7.40,-4.61
193539,1292,0,135,92688,35.00,-7.42,-4.59
193561,1174,38216,139,92632,35.00,-7.32,-4.55
193583,1301,137410,147,92552,35.00,-7.47,-4.63
193605,1725,194426,159,92560,35.00,-7.39,-4.63
193646,2057,211174,166,92768,35.00,-7.62,-4.79
193668,1693,245790,155,92861,35.00,-6.85,-4.63
193690,1447,274529,157,92957,35.00,-7.20,-4.88
193712,2341,288561,165,93015,35.00,-7.44,-4.67
193734,2328,292721,149,93056,35.00,-7.39,-4.82
193756,2019,292721,139,93091,35.00,-7.28,-4.76
193778,2108,291441,142,93153,35.00,-7.44,-4.79
193800,1629,290929,139,93204,35.00,-7.40,-4.71
193822,1737,290737,149,93258,35.00,-7.40,-4.69
193844,2009,288945,159,93305,35.00,-7.43,-4.74
193887,2195,289457,173,93292,35.00,-7.41,-4.73
193909,2533,285393,168,93311,35.00,-7.38,-4.73
193931,2345,286769,165,93356,35.00,-7.40,-4.68
193953,2126,286769,153,93440,35.00,-7.35,-4.70
193975,1706,286769,143,93545,35.00,-7.37,-4.67
193997,1447,286673,137,93583,35.00,-7.40,-4.71
194366,1320,286673,137,93481,36.86,-7.41,-4.69
194408,2391,307305,173,93116,35.00,-7.39,-4.71
194430,2229,302537,159,93199,35.00,-7.36,-4.73
194452,2153,305833,151,93259,35.00,-7.47,-4.80
194474,1437,307817,137,93321,35.00,-7.45,-4.81
194496,1087,307817,136,93382,35.00,-7.26,-4.80
194518,1379,307817,140,93433,35.00,-7.41,-4.77
194540,1851,308585,149,93503,35.00,-7.38,-4.79
194562,1989,307305,155,93557,35.00,-7.38,-4.72
194584,2251,307113,168,93605,35.00,-7.41,-4.75
194606,2349,305833,169,93630,35.00,-7.40,-4.74
194648,2351,305321,171,93754,35.00,-7.37,-4.73
194670,2333,303049,157,93787,35.00,-7.41,-4.67
194692,2091,305321,149,93817,35.00,-7.40,-4.72
194714,1633,307305,136,93816,35.00,-7.36,-4.73
194736,1379,305321,127,93849,35.00,-7.38,-4.72
194758,1315,305833,135,93940,35.00,-7.39,-4.73
194780,1509,309481,142,93898,35.00,-7.39,-4.73
194802,1719,310761,150,93507,35.00,-7.35,-4.65
194824,2003,310761,163,92937,35.00,-7.35,-4.70
194846,2301,311833,169,92481,35.00,-7.39,-4.75
194868,2347,311833,167,92206,35.00,-7.41,-4.73
194909,2216,311321,154,92526,35.00,-7.37,-4.73
194931,2091,309481,148,92727,35.00,-7.38,-4.71
194953,1742,310761,140,92863,35.00,-7.39,-4.72
194975,1405,311273,133,92958,35.00,-7.41,-4.69
194997,1307,309993,135,93040,35.00,-7.39,-4.72
195383,1426,309993,139,93124,36.78,-7.33,-4.71
195411,2284,318169,167,93763,35.00,-7.40,-4.71
195433,1455,312601,125,93815,35.00,-7.42,-4.71
195455,1389,315289,135,93908,35.00,-7.42,-4.68
195477,1335,315289,137,93974,35.00,-7.40,-4.70
195499,1399,315289,142,93862,35.00,-7.37,-4.73
195521,1741,315481,156,93422,35.00,-7.40,-4.70
195543,2119,315289,165,92868,35.00,-7.40,-4.69
195565,2287,314777,168,92437,35.00,-7.40,-4.68
195587,2387,314777,165,92197,35.00,-7.38,-4.71
195609,2213,313113,155,92193,35.00,-7.39,-4.75
195651,1897,311321,143,92726,35.00,-7.41,-4.72
195673,1543,309993,139,92888,35.00,-7.40,-4.70
195695,1243,311321,133,93010,35.00,-7.38,-4.66
195717,1351,311321,140,93178,35.00,-7.38,-4.71
195739,1460,310761,148,93330,35.00,-7.36,-4.70
195761,1800,310761,156,93353,35.00,-7.36,-4.70
195783,2106,309097,168,93286,35.00,-7.39,-4.66
195805,2343,307817,173,93239,35.00,-7.41,-4.69
195827,2363,305833,165,93205,35.00,-7.37,-4.71
195849,2149,303049,155,93180,35.00,-7.37,-4.70
195891,1819,298889,143,93263,35.00,-7.39,-4.73
195913,1429,287281,127,93348,35.00,-7.45,-4.74
195935,1135,283985,127,93435,35.00,-7.35,-4.75
195957,1211,279057,140,93467,35.00,-7.29,-4.75
195979,1595,272545,153,93486,35.00,-7.39,-4.74
196402,1789,251742,155,93504,37.28,-7.40,-4.71
196433,2265,0,173,93324,35.00,-7.37,-4.82
196455,1337,0,125,93286,35.00,-7.41,-4.84
196477,1527,0,143,93214,35.00,-7.35,-4.84
196499,1709,0,151,93094,35.00,-7.41,-4.78
196521,2023,0,165,93065,35.00,-7.38,-4.79
196543,2207,0,166,93133,35.00,-7.40,-4.84
196565,2406,0,169,93227,35.00,-7.40,-4.79
196587,2329,0,164,93301,35.00,-7.39,-4.78
196609,1991,0,149,93359,35.00,-7.38,-4.77
196631,1679,0,137,93424,35.00,-7.38,-4.77
196673,1396,0,127,93725,35.00,-7.38,-4.78
196695,1267,0,134,93800,35.00,-7.41,-4.85
196717,1435,0,149,93831,35.00,-7.40,-4.78
196739,1701,0,155,93919,35.00,-7.33,-4.76
196761,2067,0,163,94002,35.00,-7.38,-4.80
196783,2283,0,169,94062,35.00,-7.41,-4.77
196805,2323,0,165,94075,35.00,-7.40,-4.76
196827,2259,0,155,94129,35.00,-7.40,-4.79
196849,1875,0,145,94191,35.00,-7.39,-4.77
196871,1519,0,133,94014,35.00,-7.37,-4.77
196893,1267,0,134,93475,35.00,-7.37,-4.78
196934,1356,0,137,92440,35.00,-7.37,-4.76
196956,1362,0,139,92562,35.00,-7.42,-4.79
196978,1613,0,149,92731,35.00,-7.38,-4.82
197419,2028,0,163,92909,36.70,-7.41,-4.78
197455,2423,357749,167,94191,35.00,-7.41,-4.74
197477,1562,391421,144,94226,35.00,-7.41,-4.80
197499,2059,405603,165,94273,35.00,-7.38,-4.78
197521,2357,411795,170,94332,35.00,-7.41,-4.79
197543,2407,415955,167,94388,35.00,-7.41,-4.78
197565,2476,423283,159,94394,35.00,-7.41,-4.79
197587,2215,427787,150,94023,35.00,-7.42,-4.78
197609,1657,433611,136,93373,35.00,-7.38,-4.79
197631,1372,438187,137,92812,35.00,-7.40,-4.80
197653,1485,438891,141,92525,35.00,-7.37,-4.78
197675,1437,439659,143,92481,35.00,-7.36,-4.79
197716,1717,438891,157,93009,35.00,-7.37,-4.75
197738,1805,437675,156,93211,35.00,-7.39,-4.75
197760,2227,442395,168,93329,35.00,-7.40,-4.81
197782,2315,444187,167,93425,35.00,-7.40,-4.78
197804,2348,443675,165,93514,35.00,-7.41,-4.76
197826,2135,442395,153,93533,35.00,-7.39,-4.76
197848,1753,442907,141,93471,35.00,-7.42,-4.76
197870,1372,442395,125,93408,35.00,-7.34,-4.72
197892,1357,438891,135,93347,35.00,-7.38,-4.74
197914,1437,438187,141,93332,35.00,-7.34,-4.74
197957,1528,438891,147,93492,35.00,-7.37,-4.75
197979,2103,436907,157,93537,35.00,-7.38,-4.75
198691,2296,438891,165,93600,37.11,-7.40,-4.72
198718,1608,489335,141,93312,35.00,-7.41,-4.81
198740,2361,488823,167,93393,35.00,-7.37,-4.80
198762,2567,493327,166,93492,35.00,-7.37,-4.81
198784,2246,496207,151,93561,35.00,-7.38,-4.82
198806,1910,496207,142,93595,35.00,-7.39,-4.79
198828,1523,496975,137,93649,35.00,-7.38,-4.81
198850,1383,497487,137,93637,35.00,-7.40,-4.83
198872,1384,495695,134,93653,35.00,-7.38,-4.80
198894,1619,494223,149,93735,35.00,-7.36,-4.78
198916,1992,494223,155,93784,35.00,-7.39,-4.80
198938,2303,492815,165,93803,35.00,-7.37,-4.77
198979,2413,487543,167,93897,35.00,-7.41,-4.77
199709,2445,479319,159,93974,36.87,-7.37,-4.79
199741,1350,305321,137,92480,35.00,-7.35,-4.70
199763,1820,290225,137,92062,35.00,-7.41,-4.78
199785,1811,274337,141,91862,35.00,-7.38,-4.78
199807,1406,268993,126,91844,35.00,-7.35,-4.78
199829,1315,266817,133,91971,35.00,-7.40,-4.77
199851,1452,255294,137,92177,35.00,-7.36,-4.80
199873,1828,236238,153,92396,35.00,-7.37,-4.71
199895,2135,205350,165,92531,35.00,-7.38,-4.75
199917,2311,172586,169,92673,35.00,-7.38,-4.73
199939,2447,158386,165,92837,35.00,-7.40,-4.75
199982,2285,144738,157,92869,35.00,-7.39,-4.75
200727,1836,124732,135,92839,37.48,-7.40,-4.74
200764,1353,0,133,93131,35.00,-7.36,-4.79
200786,1476,0,133,93221,35.00,-7.41,-4.76
200808,1337,0,137,93358,35.00,-7.35,-4.77
200830,1669,0,151,93474,35.00,-7.36,-4.75
200852,1763,0,151,93537,35.00,-7.39,-4.77
200874,2091,0,166,93560,35.00,-7.37,-4.78
200896,2403,0,169,93648,35.00,-7.39,-4.78
200918,2359,0,165,93750,35.00,-7.40,-4.77
200940,2075,0,154,93813,35.00,-7.41,-4.76
200962,1759,0,142,93830,35.00,-7.37,-4.78
201745,1517,0,135,93950,36.88,-7.36,-4.78
201786,1359,294897,133,92559,35.00,-7.40,-4.86
201808,1352,300361,135,92216,35.00,-7.31,-4.84
201830,1693,303145,152,92099,35.00,-7.39,-4.81
201852,1978,300361,159,92174,35.00,-7.36,-4.81
201874,2267,292721,165,92372,35.00,-7.44,-4.86
201896,2003,290225,159,92572,35.00,-7.34,-4.85
201918,2313,294385,157,92763,35.00,-7.39,-4.80
201940,1907,300873,141,92919,35.00,-7.38,-4.84
201962,1483,303657,135,93063,35.00,-7.40,-4.78
201984,1267,303049,137,93164,35.00,-7.36,-4.81
202508,1195,300361,133,93234,36.48,-7.40,-4.82
202548,2007,331845,158,92034,35.00,-7.39,-4.85
202570,1897,325881,156,92146,35.00,-7.39,-4.80
202592,2223,325497,169,92289,35.00,-7.36,-4.83
202614,2277,323513,167,92489,35.00,-7.39,-4.80
202636,2378,323001,159,92727,35.00,-7.41,-4.85
202658,2056,321337,151,92904,35.00,-7.37,-4.82
202680,1653,317657,139,93058,35.00,-7.41,-4.81
202702,1463,317657,133,93169,35.00,-7.37,-4.80
202724,1285,319545,135,93213,35.00,-7.38,-4.79
202746,1507,321337,146,93142,35.00,-7.40,-4.81
202789,1640,327673,150,93149,35.00,-7.39,-4.81
202811,2237,324985,167,93095,35.00,-7.34,-4.84
202833,2439,321337,168,93113,35.00,-7.39,-4.81
202855,2397,317273,163,93202,35.00,-7.38,-4.78
202877,2074,314777,151,93261,35.00,-7.38,-4.82
202899,1817,313113,141,93317,35.00,-7.39,-4.82
202921,1571,311321,138,93342,35.00,-7.38,-4.83
202943,1325,309993,133,93387,35.00,-7.40,-4.83
202965,1397,307817,140,93428,35.00,-7.34,-4.78
202987,1542,304425,151,93450,35.00,-7.40,-4.83
203029,1883,304425,158,93501,35.00,-7.33,-4.84
203051,2141,302537,165,93489,35.00,-7.35,-4.81
203073,2303,302537,167,93508,35.00,-7.41,-4.78
203095,2301,301257,157,93549,35.00,-7.37,-4.80
203117,2075,294897,151,93586,35.00,-7.39,-4.80
203139,1669,290929,139,93569,35.00,-7.40,-4.81
203161,1335,290225,133,93355,35.00,-7.36,-4.81
203183,1277,290225,136,92866,35.00,-7.35,-4.83
203205,1402,290737,138,92383,35.00,-7.39,-4.78
203227,1662,290737,153,92055,35.00,-7.37,-4.83
203249,1915,293617,159,91949,35.00,-7.36,-4.80
203290,2324,298377,171,92523,35.00,-7.38,-4.85
203312,2376,303049,167,92739,35.00,-7.38,-4.83
203334,2348,308585,160,92860,35.00,-7.37,-4.80
203356,2199,310761,154,92974,35.00,-7.37,-4.80
203378,1831,311273,140,93124,35.00,-7.40,-4.78
203400,1478,310761,133,93181,35.00,-7.41,-4.82
203422,1355,311321,135,93166,35.00,-7.41,-4.83
203444,1243,311833,135,93135,35.00,-7.36,-4.78
203466,1549,314009,149,93182,35.00,-7.39,-4.76
203488,1819,319449,158,93218,35.00,-7.41,-4.79
203531,2153,327673,165,93365,35.00,-7.41,-4.80
203553,2405,331845,165,93461,35.00,-7.35,-4.74
203575,2004,334533,151,93514,35.00,-7.38,-4.85
203597,1897,337189,143,93593,35.00,-7.39,-4.79
203619,1447,350037,132,93652,35.00,-7.36,-4.80
203641,1319,362253,133,93701,35.00,-7.38,-4.78
203663,1231,379549,124,93749,35.00,-7.40,-4.80
203685,1461,390525,139,93824,35.00,-7.41,-4.84
203707,1803,398659,153,93832,35.00,-7.38,-4.85
203729,2147,405411,171,93847,35.00,-7.40,-4.78
203771,2363,411411,167,93957,35.00,-7.37,-4.84
203793,2444,412307,168,93985,35.00,-7.39,-4.85
203815,2219,415571,151,93910,35.00,-7.33,-4.84
203837,1928,417747,143,93495,35.00,-7.40,-4.83
203859,1589,420531,133,92895,35.00,-7.38,-4.82
203881,1307,423283,135,92385,35.00,-7.38,-4.87
203903,1319,425995,139,92158,35.00,-7.39,-4.83
203925,1703,428683,149,92147,35.00,-7.42,-4.82
203947,1940,429451,159,92299,35.00,-7.30,-4.84
203969,2197,431947,165,92508,35.00,-7.41,-4.82
204542,2683,451899,175,93106,36.81,-7.44,-4.91
204573,1568,470439,149,92239,35.00,-7.39,-4.79
204595,1823,464199,140,92088,35.00,-7.35,-4.82
204617,1496,466375,134,92149,35.00,-7.35,-4.83
204639,1362,466983,135,92375,35.00,-7.36,-4.82
204661,1373,467495,137,92639,35.00,-7.40,-4.83
204683,1511,466375,147,92867,35.00,-7.39,-4.80
204705,1800,464199,159,93042,35.00,-7.38,-4.84
204727,2059,462215,165,93124,35.00,-7.39,-4.82
204749,2351,460935,169,93179,35.00,-7.38,-4.84
204771,2404,459271,165,93195,35.00,-7.36,-4.84
204814,2251,460039,155,93267,35.00,-7.41,-4.80
204836,1704,458747,136,93265,35.00,-7.37,-4.81
204858,1399,459271,135,93225,35.00,-7.37,-4.77
204880,1338,460039,142,93198,35.00,-7.36,-4.81
204902,1389,458747,141,93227,35.00,-7.38,-4.82
204924,1695,456955,151,93300,35.00,-7.39,-4.80
204946,1980,453307,165,93384,35.00,-7.41,-4.86
204968,2236,444571,167,93447,35.00,-7.33,-4.77
204990,2389,440171,167,93451,35.00,-7.35,-4.91
205562,2291,436907,159,93425,36.66,-7.37,-4.72
205596,1912,421811,157,93526,35.00,-7.44,-4.83
205618,1224,417747,123,93579,35.00,-7.45,-4.85
205640,1485,420019,141,93649,35.00,-7.38,-4.79
205662,1673,421299,149,93753,35.00,-7.42,-4.69
205684,1809,420531,155,93888,35.00,-7.36,-4.81
205706,2170,421299,165,93951,35.00,-7.35,-4.73
205728,2349,421811,165,94036,35.00,-7.41,-4.75
205750,2347,421299,159,94146,35.00,-7.40,-4.82
205772,2181,422003,152,94241,35.00,-7.43,-4.72
205794,1711,421811,138,94301,35.00,-7.34,-4.82
205836,1371,421299,133,94501,35.00,-7.35,-4.68
205858,1309,417843,125,94640,35.00,-7.42,-4.74
205880,1307,419123,137,94747,35.00,-7.44,-4.73
205902,1596,417843,147,94672,35.00,-7.35,-4.63
205924,1976,418355,155,94285,35.00,-7.43,-4.70
205946,2539,438187,169,93748,35.00,-7.42,-4.68
205968,2427,459271,167,93465,35.00,-7.42,-4.72
205990,2259,469159,155,93471,35.00,-7.42,-4.73
206579,1863,473319,145,93863,36.53,-7.35,-4.72
206618,1403,403235,147,93398,35.00,-7.58,-4.91
206640,2075,400067,165,93078,35.00,-7.38,-4.86
206662,1983,404131,157,93097,35.00,-7.43,-4.82
206684,3449,424179,199,93414,35.00,-7.39,-4.83
206706,2771,415571,176,93913,35.00,-7.41,-4.86
206728,4057,430667,202,94472,35.00,-7.42,-4.85
206750,1371,446555,142,95133,35.00,-7.40,-4.79
206772,2277,448731,169,95828,35.00,-7.38,-4.86
206794,1583,447067,139,96505,35.00,-7.33,-4.85
206816,1527,442347,135,97141,35.00,-7.42,-4.80
206859,1607,438891,143,97706,35.00,-7.25,-4.74
206881,2453,434731,163,97722,35.00,-7.78,-4.86
206903,2322,440171,169,97659,35.00,-7.64,-4.67
206925,1271,445083,152,97555,35.00,-7.67,-5.00
206947,1030,465095,159,97438,35.00,-7.58,-4.74
206969,0,471143,149,97375,35.00,-7.86,-4.97
206991,0,466887,127,97506,35.00,-6.87,-4.78
207597,2269,464199,165,97732,36.54,-7.48,-4.86
207628,1947,494991,148,98572,35.00,-7.09,-4.62
207650,1736,488823,135,99336,35.00,-7.07,-4.67
207672,1351,491511,125,100144,35.00,-7.25,-4.79
207694,1079,493327,127,100841,35.00,-7.26,-4.73
207716,1179,494223,139,101084,35.00,-7.32,-4.74
207738,1373,491535,143,100668,35.00,-7.30,-4.76
207760,1771,460551,163,99437,35.00,-7.27,-4.74
207801,2157,449243,169,96972,35.00,-7.27,-4.81
207823,1997,436011,166,96839,35.00,-7.33,-4.80
207845,1919,436907,163,96515,35.00,-7.37,-4.77
207867,1855,437675,155,96145,35.00,-7.43,-4.77
207889,1618,436395,141,95835,35.00,-7.27,-4.73
207911,1386,438187,139,95277,35.00,-7.38,-4.75
207933,1259,438187,132,94486,35.00,-7.36,-4.76
207955,1017,438187,133,93694,35.00,-7.33,-4.79
207977,1193,436907,143,93201,35.00,-7.36,-4.71
207999,1374,436011,153,93035,35.00,-7.35,-4.89
208042,1786,436907,165,94088,35.00,-7.33,-4.73
208064,2159,442395,165,94391,35.00,-7.38,-4.77
208086,2093,445851,157,94514,35.00,-7.39,-4.76
208108,1814,445083,147,94612,35.00,-7.30,-4.75
208130,1525,444571,134,94766,35.00,-7.33,-4.79
208152,1245,445083,134,94918,35.00,-7.42,-4.76
208174,1121,444571,133,94929,35.00,-7.36,-4.76
208196,1191,444571,137,94916,35.00,-7.40,-4.74
208218,1451,443675,152,94839,35.00,-7.35,-4.80
208240,1823,442395,159,94728,35.00,-7.42,-4.76
208282,2133,441835,167,94870,35.00,-7.35,-4.74
208304,2296,438891,165,95018,35.00,-7.31,-4.72
208326,2251,440555,159,95056,35.00,-7.37,-4.77
208348,2087,440555,151,95076,35.00,-7.45,-4.80
208370,1641,440555,138,95092,35.00,-7.29,-4.74
208392,1349,442347,138,95063,35.00,-7.27,-4.67
208414,1439,442395,139,95018,35.00,-7.44,-4.80
208436,1444,442347,147,94978,35.00,-7.34,-4.76
208458,1727,442347,155,94973,35.00,-7.41,-4.72
208480,2053,442395,172,94992,35.00,-7.39,-4.73
208502,2171,440555,163,94878,35.00,-7.36,-4.75
208543,2449,436907,168,93054,35.00,-7.38,-4.72
208565,2375,434731,159,92735,35.00,-7.38,-4.74
208587,2096,435499,143,92576,35.00,-7.34,-4.77
208609,1773,436011,139,92556,35.00,-7.37,-4.76
208631,1483,438891,133,92764,35.00,-7.37,-4.77
208653,1285,442907,138,93028,35.00,-7.41,-4.77
208675,1363,444571,141,93179,35.00,-7.39,-4.75
208697,1564,446555,151,93249,35.00,-7.40,-4.74
208719,1881,447835,159,93395,35.00,-7.39,-4.76
208741,2284,448347,167,93522,35.00,-7.38,-4.70
208783,2475,449243,171,93684,35.00,-7.38,-4.71
208805,2459,451131,163,93693,35.00,-7.38,-4.72
208827,2077,451899,149,93841,35.00,-7.38,-4.74
208849,1719,451131,139,94019,35.00,-7.39,-4.71
208871,1431,451899,138,94151,35.00,-7.51,-4.81
208893,1069,451899,127,94186,35.00,-7.24,-4.66
208915,1819,450619,153,94116,35.00,-7.46,-4.74
208937,1785,451131,155,94086,35.00,-7.35,-4.79
208959,1841,451899,163,94148,35.00,-7.34,-4.76
208981,2366,452411,173,94243,35.00,-7.37,-4.77
209378,2025,451131,167,94372,36.79,-7.38,-4.81
209406,2381,483895,169,98166,35.00,-7.21,-4.91
209428,1370,476951,123,98274,35.00,-7.23,-4.86
209450,1255,479319,125,98103,35.00,-7.24,-4.88
209472,1119,480599,131,98076,35.00,-7.30,-4.78
209494,1310,479831,141,98164,35.00,-7.21,-4.89
209516,1579,479319,152,97926,35.00,-7.69,-4.94
209538,1927,479319,163,97552,35.00,-7.35,-4.83
209560,2681,483287,179,97145,35.00,-7.33,-4.76
209582,2547,485559,169,96949,35.00,-7.38,-4.79
209604,2354,489335,155,97135,35.00,-7.32,-4.78
209645,2055,490999,140,97557,35.00,-7.35,-4.77
209667,1802,488055,135,96763,35.00,-7.63,-4.82
209689,1595,489719,135,96081,35.00,-7.40,-4.73
209711,1712,488823,134,95579,35.00,-7.22,-4.74
209733,1382,488823,135,95432,35.00,-7.55,-4.92
209755,584,489719,127,95601,35.00,-7.25,-4.76
209777,1622,492047,152,95802,35.00,-7.30,-4.86
209799,2991,493327,171,96061,35.00,-7.28,-4.78
209821,3163,492047,167,96479,35.00,-7.36,-4.84
209843,2951,492815,165,97130,35.00,-7.31,-4.74
209865,2557,491535,151,97818,35.00,-7.43,-4.78
209906,2595,490999,149,98731,35.00,-7.27,-4.89
209928,2643,491511,140,99070,35.00,-7.59,-5.07
209950,2021,491535,139,99707,35.00,-7.35,-4.96
209972,1160,493327,125,100464,35.00,-7.29,-4.85
209994,1321,494223,148,101233,35.00,-7.28,-4.89
210395,1756,499151,163,101745,36.79,-7.54,-4.94
210427,1207,507375,158,102527,35.00,-6.64,-4.67
210449,1021,509727,137,102905,35.00,-7.39,-4.53
210471,861,524287,147,103291,35.00,-7.42,-4.26
210493,1846,519615,157,103522,35.00,-7.46,-4.63
210515,2374,502447,165,103561,35.00,-7.68,-4.64
210537,0,491535,149,103657,35.00,-7.25,-5.03
210559,0,490231,143,103996,35.00,-6.96,-4.70
210581,0,491535,141,104373,35.00,-0.84,-3.78
210603,1285,491511,153,104587,35.00,-6.24,-4.57
210625,1323,487351,151,104715,35.00,-6.71,-4.16
210647,0,481495,95,104866,35.00,-5.21,-9.86
210688,4095,477847,207,105244,35.00,-7.17,-5.99
210710,0,468263,119,105113,35.00,-5.96,-7.01
210732,0,464199,124,105070,35.00,-11.70,9.96
210754,1722,450523,173,105152,35.00,-5.56,-7.46
210776,617,439659,155,105282,35.00,-7.21,-7.83
210798,0,428683,141,105371,35.00,-4.21,-7.36
210820,23,422515,150,105412,35.00,-6.54,-8.08
210842,0,419635,95,105502,35.00,-8.56,-6.99
210864,1032,415955,119,105651,35.00,-5.14,-7.92
210886,1599,415571,155,105750,35.00,-4.79,-8.97
210929,0,413075,103,105669,35.00,-3.66,-9.04
210951,0,360461,109,105109,35.00,-3.01,-8.40
210973,0,354485,125,104505,35.00,-4.19,-8.28
210995,0,347541,146,104008,35.00,-3.38,-8.04
211413,0,331653,147,103706,36.27,-5.51,-7.95
211450,2153,315993,159,106960,35.00,-4.85,-8.02
211472,1417,318169,149,107351,35.00,-4.26,-7.74
211494,0,322233,125,107549,35.00,-4.98,-7.33
211516,0,328965,142,107547,35.00,-4.19,-6.84
211538,33,348245,127,107514,35.00,-5.97,-6.94
211560,0,363917,125,107355,35.00,-5.70,-6.24
211582,4023,368077,185,107000,35.00,-5.84,-6.45
211604,4095,374637,171,106473,35.00,-6.94,-5.55
211626,4095,393219,152,105879,35.00,-6.31,-5.76
211648,0,409059,81,105380,35.00,-7.16,-5.46
211691,0,425971,115,105631,35.00,-6.46,-5.02
211713,3286,427787,156,105902,35.00,-6.22,-5.05
211735,327,424179,120,106119,35.00,-6.21,-5.00
211757,0,436907,121,106350,35.00,-7.35,-4.79
211779,4095,445851,189,106569,35.00,-6.66,-4.69
211801,4095,450523,183,106746,35.00,-5.79,-4.47
211823,4095,456571,173,106942,35.00,-6.25,-5.58
211845,4095,465095,169,107096,35.00,-6.78,-5.86
211867,0,486071,103,107094,35.00,-5.88,-5.92
211889,1198,502447,149,107074,35.00,-6.62,-5.63
211931,1369,503727,153,107122,35.00,-6.01,-5.50
211953,3349,516671,183,107116,35.00,-6.63,-5.91
211975,4095,520319,187,107048,35.00,-6.64,-6.22
211997,4095,522111,182,107002,35.00,-6.40,-6.09
212429,4095,524287,181,107169,36.37,-6.00,-6.14
212458,844,579416,147,105422,35.00,-6.19,-6.12
212480,1049,13156328,137,105309,35.00,-6.05,-6.10
212502,1598,13158552,139,105262,35.00,-6.88,-6.26
212524,1983,13164600,133,105352,35.00,-7.74,-5.60
212546,1125,13169272,123,105464,35.00,-6.70,-5.87
212568,709,13172740,133,105557,35.00,-6.45,-6.00
212590,1048,13176900,138,105691,35.00,-6.52,-6.03
212612,1547,13180868,155,105892,35.00,-6.50,-6.00
212653,1949,13182244,159,106545,35.00,-6.19,-5.80
212675,2131,13181476,166,106724,35.00,-6.55,-5.91
212697,2317,13182756,165,106891,35.00,-6.50,-5.91
212719,2445,13181476,159,107044,35.00,-6.50,-5.89
212741,1774,13178692,143,107184,35.00,-6.47,-5.89
212763,1227,13178180,123,107262,35.00,-7.22,-5.57
212785,739,13180868,119,107290,35.00,-6.14,-5.92
212807,727,13178180,125,107261,35.00,-6.60,-6.05
212829,1259,13174916,140,107034,35.00,-6.58,-5.60
212851,1907,13172740,159,106655,35.00,-7.28,-5.81
212894,2351,13170936,165,105852,35.00,-6.48,-6.00
212916,3155,13161816,173,105743,35.00,-6.45,-5.86
212938,2664,13161816,157,105760,35.00,-6.81,-5.96
212960,2153,13160344,145,105914,35.00,-6.34,-5.92
212982,1913,13159064,135,106091,35.00,-6.23,-5.99
213703,1701,13158552,133,106142,36.38,-6.56,-5.97
213736,1895,546128,134,106467,35.00,-6.47,-5.72
213758,2943,13149992,153,106619,35.00,-6.16,-5.63
213780,2730,13169272,143,106760,35.00,-6.83,-5.73
213802,2655,13180868,141,106901,35.00,-6.48,-5.70
213824,3319,13185124,155,107023,35.00,-6.50,-5.66
213846,749,13187812,117,107131,35.00,-6.39,-5.81
213868,0,13191828,124,107242,35.00,-6.49,-5.68
213890,78,13191828,140,107392,35.00,-6.52,-5.88
213912,2683,13183652,175,107534,35.00,-6.55,-5.73
213934,2302,13174532,175,107620,35.00,-6.56,-5.71
213976,2220,13170552,159,107759,35.00,-6.56,-5.70
213998,2491,13161816,157,107749,35.00,-6.54,-5.70
214020,432,13158168,121,107755,35.00,-6.55,-5.75
214042,106,13115936,121,107749,35.00,-6.48,-5.67
214064,71,13084463,125,107700,35.00,-6.60,-5.59
214086,185,489719,141,107631,35.00,-6.29,-5.65
214108,2494,485175,173,107589,35.00,-6.50,-5.80
214130,2507,491511,171,107503,35.00,-6.62,-5.73
214152,3528,487351,187,107276,35.00,-6.51,-5.70
214174,3187,477847,181,106840,35.00,-6.54,-5.78
214196,3345,475159,170,106273,35.00,-6.52,-5.79
214237,2698,473831,150,105023,35.00,-6.50,-5.72
214259,2077,479319,139,105121,35.00,-6.57,-5.75
214281,1870,491511,135,105337,35.00,-6.61,-5.93
214303,1561,498383,125,105583,35.00,-6.59,-5.63
214325,1711,503215,139,105780,35.00,-6.53,-5.71
214347,2918,506607,164,105987,35.00,-6.56,-5.74
214369,3821,499151,182,106271,35.00,-6.58,-5.70
214391,4053,496207,184,106481,35.00,-6.59,-5.72
214413,4095,497871,185,106597,35.00,-6.53,-5.70
214435,2489,501935,159,106631,35.00,-6.38,-5.67
214478,978,509727,127,106754,35.00,-6.80,-5.71
214500,405,616628,118,106708,35.00,-5.36,-5.78
214522,0,13246402,115,106622,35.00,-6.41,-5.56
214544,137,13255954,121,106614,35.00,-7.20,-5.73
214566,4095,13262290,199,106549,35.00,-6.46,-5.29
214588,1821,13258834,131,106263,35.00,-5.63,-5.25
214610,1293,13254114,137,106104,35.00,-6.72,-5.70
214632,0,13247010,133,105968,35.00,-6.60,-5.47
214654,653,13250658,133,105816,35.00,-6.14,-7.13
214676,0,13254626,117,105779,35.00,-6.78,-4.65
214718,0,13260626,121,105519,35.00,-7.31,-4.97
214740,4095,13268850,180,105521,35.00,-6.98,-6.33
214762,4095,13265074,173,105425,35.00,-6.41,-4.85
214784,4095,13255186,175,105078,35.00,-7.00,-5.36
214806,4095,13248290,180,104434,35.00,-5.87,-5.57
214828,4095,13240962,183,103800,35.00,-6.48,-5.52
214850,4095,13240066,178,103427,35.00,-6.70,-5.63
214872,2485,13234300,141,103295,35.00,-6.66,-5.57
214894,1626,13226076,115,103240,35.00,-6.56,-5.87
214916,4095,13221356,152,103255,35.00,-7.25,-5.81
214938,0,13225372,91,103434,35.00,-6.68,-5.66
214979,0,13228764,135,104400,35.00,-6.62,-5.72
215738,994,13162712,136,104538,36.65,-6.60,-5.60
215781,750,610196,117,102493,35.00,-6.63,-5.75
215803,2251,13156376,151,102518,35.00,-6.62,-5.73
215825,2019,13156376,155,102506,35.00,-6.61,-5.74
215847,2379,13204980,167,102542,35.00,-6.60,-5.69
215869,1983,13229532,169,102563,35.00,-6.63,-5.77
215891,4095,13221916,201,102467,35.00,-6.63,-5.73
215913,4040,13237756,189,102292,35.00,-6.59,-5.77
215935,1553,13260626,114,102039,35.00,-6.93,-5.86
215957,59,13270514,108,101802,35.00,-6.56,-5.76
215979,647,13279178,124,101437,35.00,-6.64,-5.71
216021,1906,13287402,146,99376,35.00,-6.65,-5.78
216043,4095,13297466,179,99046,35.00,-7.16,-5.75
216065,1907,13295578,157,98947,35.00,-6.54,-5.71
216087,2629,13290906,169,98900,35.00,-6.64,-5.81
216109,2037,13290906,159,98930,35.00,-6.64,-5.79
216131,2257,13291418,166,99039,35.00,-6.61,-5.77
216153,2055,13290906,157,99174,35.00,-6.53,-5.79
216175,1506,13286122,135,99324,35.00,-6.62,-5.82
216197,1311,13287450,137,99461,35.00,-6.56,-5.76
216219,1239,13292890,135,99594,35.00,-6.65,-5.78
216241,758,13292890,127,99663,35.00,-6.58,-5.81
216282,1246,13286890,147,99674,35.00,-6.63,-5.81
216304,1455,13281962,149,99756,35.00,-6.62,-5.81
216326,1893,13283434,157,99924,35.00,-6.63,-5.82
216348,1804,13292890,159,100095,35.00,-6.60,-5.82
216370,2106,13293786,167,100142,35.00,-6.59,-5.77
216392,1929,13293402,149,100195,35.00,-6.56,-5.75
216414,1645,13293786,142,100381,35.00,-6.57,-5.80
216436,1679,13294298,139,100631,35.00,-6.57,-5.81
216458,1469,13294298,139,100823,35.00,-6.61,-5.79
216480,1305,13292122,135,100923,35.00,-6.62,-5.78
216502,1461,13289242,151,100899,35.00,-6.69,-5.79
216543,1595,13287450,157,100609,35.00,-6.64,-5.81
216565,1909,13283434,156,100251,35.00,-6.55,-5.76
216587,2269,13283434,171,99765,35.00,-6.59,-5.75
216609,2388,13282730,173,99349,35.00,-6.56,-5.80
216631,894,13281450,137,99127,35.00,-6.64,-5.80
216653,968,13281066,139,99046,35.00,-6.64,-5.80
216675,1901,13281962,147,99065,35.00,-6.60,-5.79
216697,2725,13281962,155,99343,35.00,-6.58,-5.75
216719,3293,13279786,159,99640,35.00,-6.47,-5.81
216741,1406,13277002,143,99809,35.00,-6.54,-5.80
216783,1556,13275210,143,100300,35.00,-6.57,-5.78
216805,2029,13275018,162,100229,35.00,-6.64,-5.81
216827,1197,13277002,149,100110,35.00,-6.62,-5.77
216849,1319,13275210,157,100021,35.00,-6.61,-5.78
216871,1894,13275018,158,99938,35.00,-6.61,-5.79
216893,1980,13274506,153,99848,35.00,-6.64,-5.76
216915,1643,13277898,141,99841,35.00,-6.59,-5.83
216937,1334,13279274,135,99768,35.00,-6.56,-5.80
216959,1451,13277386,139,99646,35.00,-6.64,-5.80
216981,1892,13277002,151,99501,35.00,-6.62,-5.82
217518,2263,13275018,169,99373,36.63,-6.62,-5.80
217548,1391,676434,143,98539,35.00,-6.58,-5.80
217570,2229,13251170,155,98768,35.00,-6.71,-5.85
217592,1962,13254114,148,98951,35.00,-6.61,-5.80
217614,1625,13258642,134,98885,35.00,-6.62,-5.81
217636,1399,13264178,127,98752,35.00,-6.61,-5.83
217658,1483,13268338,137,98910,35.00,-6.59,-5.77
217680,1865,13270514,149,99280,35.00,-6.57,-5.79
217702,2219,13275722,156,99301,35.00,-6.59,-5.82
217724,2235,13279786,165,98867,35.00,-6.64,-5.81
217766,2419,13284714,167,98388,35.00,-6.65,-5.80
217788,1780,13287402,157,98420,35.00,-6.55,-5.72
217810,1747,13286890,146,98389,35.00,-6.60,-5.78
217832,1461,13283242,134,98056,35.00,-6.61,-5.83
217854,991,13272842,137,97586,35.00,-6.61,-5.82
217876,1132,13265074,131,97219,35.00,-6.63,-5.75
217898,2030,13217196,155,96902,35.00,-6.60,-5.71
217920,1848,13201524,144,96481,35.00,-6.64,-5.79
217942,2263,13195092,159,96069,35.00,-6.60,-5.80
217964,3320,13197364,183,95751,35.00,-6.64,-5.80
218536,4095,13203700,199,95265,36.61,-6.59,-5.83
218568,1648,653564,147,95830,35.00,-6.61,-5.79
218590,1765,13228252,137,96175,35.00,-6.59,-5.81
218612,1465,13230140,137,96511,35.00,-6.58,-5.81
218634,1383,13231420,138,96773,35.00,-6.60,-5.82
218656,1501,13232828,137,96888,35.00,-6.63,-5.79
218678,1709,13232828,149,96980,35.00,-6.64,-5.84
218700,2149,13232316,159,97140,35.00,-6.62,-5.82
218722,2971,13233596,183,97406,35.00,-6.57,-5.85
218744,4094,13233596,207,97804,35.00,-6.58,-5.84
218766,4095,13230652,189,97880,35.00,-6.52,-5.79
218809,2585,13224604,157,96926,35.00,-6.69,-5.91
218831,1770,13227868,137,96669,35.00,-6.53,-5.87
218853,1559,13234108,134,95837,35.00,-6.54,-5.85
218875,1319,13238268,135,94805,35.00,-6.57,-5.89
218897,1213,13240066,133,94134,35.00,-6.62,-5.92
218919,1443,13240962,145,94042,35.00,-6.56,-5.89
218941,1595,13232828,155,94428,35.00,-6.45,-5.89
218963,1771,13236988,159,95048,35.00,-6.64,-5.94
218985,3025,13240450,183,95643,35.00,-6.89,-6.25
219553,2095,13238274,163,96321,36.61,-6.36,-5.79
219591,1935,658050,141,100030,35.00,-6.59,-5.83
219613,0,13227868,111,100125,35.00,-6.60,-5.87
219635,0,13221916,115,99933,35.00,-6.62,-5.84
219657,1487,13217708,149,99858,35.00,-6.53,-5.85
219679,2557,13219180,167,100083,35.00,-6.56,-5.84
219701,2932,13220076,143,100426,35.00,-6.58,-5.84
219723,4095,13220076,181,100651,35.00,-6.62,-5.82
219745,621,13217708,144,100595,35.00,-6.39,-5.70
219767,0,13213644,111,100560,35.00,-6.52,-5.78
219789,2409,13211468,179,100813,35.00,-6.60,-5.84
219831,2639,13212364,157,101927,35.00,-6.59,-5.85
219853,1195,13209676,119,101839,35.00,-6.59,-5.81
219875,0,13211852,122,101642,35.00,-6.62,-5.85
219897,0,13213132,137,101449,35.00,-6.58,-5.83
219919,1427,13215532,158,101154,35.00,-6.57,-5.85
219941,3365,13217900,187,100853,35.00,-6.59,-5.87
219963,3291,13221356,181,100698,35.00,-6.57,-5.82
219985,2419,13239554,159,100700,35.00,-6.58,-5.87
220571,1893,13271026,155,100761,36.88,-6.62,-5.83
220613,1637,724358,135,100526,35.00,-6.62,-5.85
220635,1717,13303802,141,100514,35.00,-6.61,-5.84
220657,2193,13309254,155,100198,35.00,-6.62,-5.86
220679,2364,13310150,165,99664,35.00,-6.60,-5.86
220701,2669,13311430,173,99144,35.00,-6.56,-5.82
220723,2695,13311430,175,98770,35.00,-6.61,-5.85
220745,2317,13313318,153,98570,35.00,-6.57,-5.83
220767,2063,13319654,139,98579,35.00,-6.61,-5.85
220789,1625,13324374,123,98717,35.00,-6.61,-5.84
220811,1402,13326166,123,98868,35.00,-6.58,-5.83
220833,1339,13328342,135,98981,35.00,-6.60,-5.84
220874,1549,13328950,140,99003,35.00,-6.61,-5.87
220896,1691,13328342,148,98935,35.00,-6.57,-5.85
220918,2005,13328342,156,98918,35.00,-6.56,-5.84
220940,2311,13328438,159,98964,35.00,-6.58,-5.84
220962,2488,13327062,165,99019,35.00,-6.60,-5.84
220984,2415,13327062,151,98985,35.00,-6.60,-5.86
221588,2156,13327062,148,98955,37.16,-6.55,-5.84
221619,1203,593988,124,97846,35.00,-6.60,-5.84
221641,2359,13172216,165,97830,35.00,-6.58,-5.83
221663,2441,13180964,169,97869,35.00,-6.59,-5.87
221685,1933,13187812,148,97928,35.00,-6.59,-5.68
221707,1049,13194580,119,98026,35.00,-6.66,-5.83
221729,1014,13201332,118,98071,35.00,-6.56,-5.88
221751,1123,13209484,125,98066,35.00,-6.56,-5.84
221773,1271,13236476,140,98127,35.00,-6.60,-5.82
221795,1746,13271050,151,98153,35.00,-6.58,-5.81
221836,2155,13285226,163,97322,35.00,-6.59,-5.85
221858,2207,13350254,166,97094,35.00,-6.59,-5.85
221880,2556,13383521,172,97028,35.00,-6.63,-5.82
221902,2517,13394481,165,97121,35.00,-6.61,-5.87
221924,2215,13404297,149,97295,35.00,-6.60,-5.85
221946,1727,13425369,137,97489,35.00,-6.58,-5.83
221968,1551,13443621,133,97648,35.00,-6.56,-5.82
221990,1390,13459413,136,97757,35.00,-6.60,-5.87
222352,1373,13468173,136,97820,36.89,-6.59,-5.87
222380,1773,933347,156,97083,35.00,-6.58,-5.84
222402,2344,13514595,155,96753,35.00,-6.58,-5.86
222424,2041,13517331,147,96570,35.00,-6.58,-5.85
222446,1545,13518099,126,96543,35.00,-6.60,-5.83
222468,1297,13516819,125,96604,35.00,-6.57,-5.86
222490,1311,13518099,125,96724,35.00,-6.59,-5.84
222512,1495,13518611,137,96829,35.00,-6.60,-5.84
222534,1741,13518995,151,96916,35.00,-6.59,-5.86
222556,2087,13520275,159,96984,35.00,-6.58,-5.83
222598,2509,13520275,169,97136,35.00,-6.63,-5.81
222620,2603,13516259,168,97105,35.00,-6.59,-5.83
222642,2411,13518611,152,97045,35.00,-6.60,-5.84
222664,2009,13518099,138,96999,35.00,-6.61,-5.84
222686,1647,13516819,122,96998,35.00,-6.57,-5.87
222708,1392,13517331,123,96995,35.00,-6.60,-5.85
222730,1379,13517331,126,96972,35.00,-6.61,-5.81
222752,1549,13516771,137,96977,35.00,-6.62,-5.85
222774,1845,13514595,152,97032,35.00,-6.59,-5.88
222796,2197,13514979,163,97156,35.00,-6.57,-5.87
222818,2341,13512803,165,97311,35.00,-6.61,-5.87
222859,2303,13509155,164,98121,35.00,-6.59,-5.87
222881,2628,13510819,165,98313,35.00,-6.59,-5.93
222903,2283,13513315,154,98275,35.00,-6.56,-5.83
222925,1943,13516771,142,97861,35.00,-6.55,-5.81
222947,1268,13516771,124,97133,35.00,-6.61,-5.87
222969,1066,13512803,123,96313,35.00,-6.61,-5.86
222991,1177,13506755,137,95852,35.00,-6.60,-5.84
223369,1587,13505091,146,95710,36.70,-6.59,-5.87
223400,1277,913341,132,98656,35.00,-6.56,-5.85
223422,1980,13490909,137,99029,35.00,-6.58,-5.89
223444,1576,13492285,133,99312,35.00,-6.59,-5.84
223466,1577,13492189,125,99508,35.00,-6.60,-5.87
223488,1251,13491677,127,99623,35.00,-6.62,-5.84
223510,1396,13492797,139,99390,35.00,-6.59,-5.86
223532,1725,13492285,149,98870,35.00,-6.60,-5.88
223554,1975,13490909,157,98347,35.00,-6.59,-5.85
223576,2056,13492797,162,97996,35.00,-6.55,-5.83
223598,2450,13493565,163,97864,35.00,-6.58,-5.83
223620,2507,13491677,155,97857,35.00,-6.60,-5.90
223661,1849,13490909,131,97142,35.00,-6.60,-5.85
223683,1846,13490397,124,96730,35.00,-6.62,-5.90
223705,1435,13493565,121,96628,35.00,-6.61,-5.88
223727,1715,13510435,132,96872,35.00,-6.66,-5.86
223749,1876,13532659,141,97366,35.00,-6.58,-5.86
223771,1943,13553051,151,98028,35.00,-6.60,-5.81
223793,2269,13559611,161,98785,35.00,-6.59,-5.86
223815,2447,13559995,171,99432,35.00,-6.58,-5.83
223837,2833,13558331,176,99943,35.00,-6.58,-5.84
223859,2263,13549547,158,100203,35.00,-6.62,-5.86
223902,1972,13531379,149,99815,35.00,-6.59,-5.86
223924,1640,13494973,125,99347,35.00,-6.56,-5.85
223946,1525,13488029,134,98943,35.00,-6.56,-5.86
223968,1447,13485341,139,98694,35.00,-6.58,-5.86
223990,1467,13484573,142,98601,35.00,-6.59,-5.84
224386,1897,13484061,153,98600,36.89,-6.56,-5.84
224423,1396,907997,138,97674,35.00,-6.61,-5.87
224445,1287,13488733,125,97674,35.00,-6.53,-5.84
224467,1319,13491677,127,97611,35.00,-6.58,-5.87
224489,1431,13491677,138,97527,35.00,-6.59,-5.85
224511,1803,13492797,152,97475,35.00,-6.61,-5.85
224533,2073,13495741,159,97425,35.00,-6.60,-5.85
224555,2441,13496253,167,97272,35.00,-6.60,-5.87
224577,2418,13496957,165,97132,35.00,-6.56,-5.85
224599,2261,13498621,153,97070,35.00,-6.61,-5.88
224621,1845,13498621,137,97095,35.00,-6.59,-5.84
224664,1431,13499133,123,97019,35.00,-6.62,-5.86
224686,1053,13499133,117,96583,35.00,-6.62,-5.87
224708,1221,13499133,133,96322,35.00,-6.61,-5.83
224730,1534,13498237,143,96368,35.00,-6.58,-5.84
224752,2011,13498621,157,96349,35.00,-6.61,-5.82
224774,2509,13500413,169,96249,35.00,-6.60,-5.88
224796,2476,13499901,164,96448,35.00,-6.60,-5.87
224818,2601,13500931,165,96836,35.00,-6.63,-5.83
224840,2184,13502211,151,97135,35.00,-6.60,-5.84
224862,1763,13500419,137,97268,35.00,-6.56,-5.85
224904,1421,13501699,136,97277,35.00,-6.58,-5.87
224926,1334,13500413,133,97355,35.00,-6.61,-5.87
224948,1481,13501699,139,97361,35.00,-6.59,-5.86
224970,1845,13504579,151,97268,35.00,-6.61,-5.85
224992,2095,13505091,165,97070,35.00,-6.60,-5.89
225404,2393,13506755,167,96959,36.96,-6.62,-5.84
225445,1352,922179,132,96891,35.00,-6.60,-5.86
225467,1423,13503107,135,96785,35.00,-6.60,-5.88
225489,1774,13512099,148,96768,35.00,-6.60,-5.84
225511,2102,13523155,159,96920,35.00,-6.58,-5.94
225533,2215,13533171,159,97200,35.00,-6.57,-5.87
225555,2509,13549035,165,97455,35.00,-6.57,-5.85
225577,2231,13561787,151,97559,35.00,-6.60,-5.88
225599,1973,13564155,141,97716,35.00,-6.58,-5.84
225621,1573,13564155,124,97952,35.00,-6.56,-5.85
225643,1288,13547755,123,98167,35.00,-6.61,-5.86
225665,1255,13534987,124,98442,35.00,-6.63,-5.84
225706,1307,13518995,137,99767,35.00,-6.60,-5.90
225728,1709,13494461,141,100362,35.00,-6.57,-5.82
225750,2173,13488029,160,100992,35.00,-6.63,-5.85
225772,2261,13488733,165,101446,35.00,-6.62,-5.85
225794,2527,13488029,171,101558,35.00,-6.65,-5.89
225816,2537,13488733,166,101546,35.00,-6.63,-5.86
225838,2095,13492189,147,101464,35.00,-6.59,-5.84
225860,1725,13493565,138,101393,35.00,-6.62,-5.90
225882,1428,13494077,135,101389,35.00,-6.57,-5.88
225904,1318,13496445,125,101124,35.00,-6.59,-5.85
225926,1395,13498237,136,100838,35.00,-6.60,-5.85
225967,1772,13499133,152,99363,35.00,-6.61,-5.86
225989,1897,13502211,155,98886,35.00,-6.60,-5.86
226421,2175,13505091,163,98501,36.69,-6.62,-5.84
226450,1243,923843,141,100134,35.00,-6.61,-5.91
226472,2323,13500413,181,100649,35.00,-6.59,-5.89
226494,2787,13496957,186,100896,35.00,-6.61,-5.93
226516,2531,13494461,175,100845,35.00,-6.63,-5.89
226538,2215,13489501,163,100786,35.00,-6.58,-5.94
226560,1687,13490909,152,100885,35.00,-6.60,-5.93
226582,1407,13492189,152,100937,35.00,-6.57,-5.90
226604,1253,13496957,157,101081,35.00,-6.60,-5.88
226626,1554,13504579,155,101574,35.00,-6.56,-5.87
226669,2123,13530483,165,104559,35.00,-6.61,-5.90
226691,2425,13591863,171,105556,35.00,-6.58,-5.91
226713,2074,13587799,163,106391,35.00,-6.56,-5.90
226735,2235,13551387,163,106930,35.00,-6.57,-5.90
226757,1917,13529203,141,107017,35.00,-6.58,-5.89
226779,1582,13520787,133,106551,35.00,-6.59,-5.94
226801,1308,13520787,124,105803,35.00,-6.62,-5.89
226823,1193,13520275,123,105194,35.00,-6.58,-5.90
226845,1433,13532659,138,104892,35.00,-6.57,-5.89
226867,1637,13548267,151,104947,35.00,-6.62,-5.87
226909,2310,13572807,171,105960,35.00,-6.56,-5.90
226931,2003,13579623,163,105679,35.00,-6.61,-5.93
226953,2351,13552283,171,105076,35.00,-6.60,-5.91
226975,2284,13534987,158,104444,35.00,-6.58,-5.88
226997,1926,13522259,141,103862,35.00,-6.61,-5.94
227439,1663,13512803,134,103327,36.46,-6.58,-5.88
227471,1461,946291,121,103794,35.00,-6.57,-5.92
227493,2348,13570631,156,104193,35.00,-6.63,-5.91
227515,2557,13631487,149,104808,35.00,-6.58,-5.89
227537,1581,13656112,133,104930,35.00,-6.61,-5.88
227559,825,1079152,109,104206,35.00,-6.58,-5.90
227581,1017,1071312,121,103503,35.00,-6.59,-5.90
227603,1223,1022159,146,103394,35.00,-6.56,-5.90
227625,2021,13567239,159,103822,35.00,-6.60,-5.93
227647,2084,13553755,163,104550,35.00,-6.56,-5.88
227669,2310,13539147,171,105182,35.00,-6.65,-5.91
227711,2045,13533707,163,105776,35.00,-6.61,-5.91
227733,2083,13526835,153,105723,35.00,-6.57,-5.92
227755,1843,13526835,142,105545,35.00,-6.61,-5.90
227777,1593,13525555,134,105211,35.00,-6.58,-5.89
227799,1379,13518995,126,104650,35.00,-6.59,-5.87
227821,1341,13515491,127,104001,35.00,-6.62,-5.91
227843,1416,13512611,139,103408,35.00,-6.61,-5.92
227865,1705,13510819,150,102883,35.00,-6.58,-5.85
227887,2014,13511331,158,102379,35.00,-6.57,-5.87
227909,2291,13512099,167,101997,35.00,-6.59,-5.89
227931,2523,13514595,167,101915,35.00,-6.58,-5.87
227972,2367,13516771,157,102127,35.00,-6.57,-5.88
227994,2387,13513315,155,102170,35.00,-6.60,-5.87
228711,1879,13515491,145,102004,36.87,-6.55,-5.87
228735,2218,948979,148,99164,35.00,-6.60,-5.87
228757,1498,13529715,126,99401,35.00,-6.58,-5.90
228779,1299,13530995,125,99539,35.00,-6.58,-5.91
228801,1365,13531891,137,99618,35.00,-6.59,-5.90
228823,1595,13533171,147,99745,35.00,-6.60,-5.88
228845,1951,13533195,159,99811,35.00,-6.59,-5.90
228867,2301,13532659,167,99799,35.00,-6.59,-5.88
228889,2519,13533707,167,99743,35.00,-6.62,-5.87
228911,2519,13534987,163,99711,35.00,-6.60,-5.87
228933,2197,13533707,147,99606,35.00,-6.61,-5.87
228974,1768,13535371,135,99413,35.00,-6.60,-5.88
228996,1515,13533171,124,99573,35.00,-6.58,-5.89
229728,1295,13533707,124,99843,36.62,-6.58,-5.89
229757,2450,949747,158,101958,35.00,-6.59,-5.92
229779,1273,13529715,135,101392,35.00,-6.57,-5.89
229801,1566,13529715,142,100569,35.00,-6.60,-5.93
229823,1884,13529011,154,99940,35.00,-6.56,-5.88
229845,2173,13529715,164,99577,35.00,-6.61,-5.93
229867,2457,13530483,167,99423,35.00,-6.59,-5.92
229889,2441,13529011,163,99588,35.00,-6.60,-5.89
229911,2280,13526323,152,99980,35.00,-6.62,-5.88
229933,1906,13527219,139,100370,35.00,-6.56,-5.88
229955,1511,13525555,123,100504,35.00,-6.61,-5.89
229997,1275,13526323,123,100548,35.00,-6.59,-5.86
230746,1255,13524435,131,100508,36.51,-6.59,-5.91
230779,2365,942643,163,98982,35.00,-6.56,-5.93
230801,1695,13523155,147,98978,35.00,-6.59,-5.89
230823,2133,13524435,163,98972,35.00,-6.57,-5.92
230845,2393,13524947,160,98952,35.00,-6.60,-5.89
230867,2549,13525043,163,99046,35.00,-6.60,-5.91
230889,2419,13526835,152,99191,35.00,-6.58,-5.88
230911,2085,13525043,139,99320,35.00,-6.55,-5.89
230933,1671,13525043,133,99311,35.00,-6.59,-5.88
230955,1384,13526323,123,99031,35.00,-6.62,-5.94
230977,1333,13525555,127,98600,35.00,-6.60,-5.92
230999,1465,13524435,141,98251,35.00,-6.61,-5.98
231040,1833,13525043,153,98164,35.00,-6.58,-5.87
231062,1935,13519507,152,98571,35.00,-6.62,-5.87
231084,2336,13520275,170,99112,35.00,-6.55,-5.90
231106,2485,13517331,166,99585,35.00,-6.57,-5.90
231128,2357,13514595,151,100431,35.00,-6.61,-5.89
231150,2125,13508035,147,101395,35.00,-6.57,-5.89
231172,1640,13503875,121,102827,35.00,-6.62,-5.88
231194,1462,13498237,117,105139,35.00,-6.56,-5.90
231216,1387,13494461,111,107919,35.00,-6.55,-5.89
231238,1151,13494973,107,109677,35.00,-6.57,-5.92
231280,1547,13496957,119,110745,35.00,-6.60,-5.93
231302,1907,13500419,144,110725,35.00,-6.56,-5.88
231324,2355,13506755,157,110572,35.00,-6.56,-5.89
231346,2685,13509155,173,110310,35.00,-6.60,-5.92
231368,2348,13506371,167,109749,35.00,-6.48,-5.92
231390,2520,13510435,178,109289,35.00,-6.59,-5.85
231412,1642,13552283,150,109859,35.00,-6.58,-5.90
231434,1597,13564667,151,110575,35.00,-6.58,-5.94
231456,1287,13566471,139,110810,35.00,-6.62,-5.91
231478,1609,13570631,147,110747,35.00,-6.56,-5.92
231500,1767,13571399,151,110561,35.00,-6.62,-5.90
231541,2059,13567751,157,107453,35.00,-6.55,-5.92
231563,2175,13628031,162,107557,35.00,-6.62,-5.88
231585,2579,13640992,167,107790,35.00,-6.59,-5.87
231607,2147,1048575,147,107684,35.00,-6.56,-5.88
231629,2053,13584151,135,107344,35.00,-6.61,-5.90
231651,1499,13521491,107,107552,35.00,-6.60,-5.92
231673,1381,13500419,99,107925,35.00,-6.56,-5.91
231695,1007,13492797,104,107472,35.00,-6.54,-5.93
231717,1187,13493565,121,106089,35.00,-6.62,-5.87
231739,1613,13496445,139,104320,35.00,-6.57,-5.95
231761,1854,13500931,158,102917,35.00,-6.58,-5.91
231802,2303,13512803,175,102376,35.00,-6.55,-5.88
231824,2835,13518995,197,102216,35.00,-6.56,-5.80
231846,2751,13514083,188,101839,35.00,-6.59,-5.89
231868,2541,13505091,171,101692,35.00,-6.61,-5.91
231890,2199,13496253,163,101941,35.00,-6.57,-5.88
231912,1997,13492189,149,102364,35.00,-6.60,-5.88
231934,1513,13490397,135,102696,35.00,-6.59,-5.93
231956,1359,13494461,133,102920,35.00,-6.60,-5.92
231978,1509,13500931,141,102805,35.00,-6.60,-5.90
232526,1879,13502595,156,102271,37.49,-6.61,-5.87
232564,2379,951563,156,96954,35.00,-6.60,-5.88
232586,2517,13520787,156,96876,35.00,-6.62,-5.88
232608,2183,13519507,143,96654,35.00,-6.59,-5.92
232630,1835,13517331,135,96201,35.00,-6.60,-5.89
232652,1451,13518995,125,95765,35.00,-6.57,-5.91
232674,1435,13523155,132,95415,35.00,-6.58,-5.89
232696,1561,13531379,140,95287,35.00,-6.52,-5.93
232718,2011,13539531,149,95351,35.00,-6.54,-5.85
232740,2484,13562491,167,95538,35.00,-6.56,-5.90
232762,2572,13574183,166,95719,35.00,-6.56,-5.82
232804,2578,13576359,165,96481,35.00,-6.61,-5.89
232826,2391,13568135,151,96852,35.00,-6.61,-5.91
232848,1884,13561979,137,97122,35.00,-6.59,-5.91
232870,1655,13546859,127,97306,35.00,-6.63,-5.89
232892,1415,13543211,123,97457,35.00,-6.57,-5.87
232914,1237,13545579,125,97440,35.00,-6.58,-5.90
232936,1415,13545579,139,97199,35.00,-6.56,-5.93
232958,1763,13545387,151,96829,35.00,-6.55,-5.87
232980,2394,13549035,167,96516,35.00,-6.59,-5.87
233544,2583,13550875,171,96423,36.71,-6.56,-5.90
233586,3319,954443,201,97741,35.00,-6.46,-5.92
233608,4095,13537163,159,97768,35.00,-6.66,-6.07
233630,4095,13538635,165,97780,35.00,-6.64,-5.99
233652,4095,13537355,169,97827,35.00,-6.54,-5.93
233674,2287,13535883,147,97951,35.00,-6.55,-5.96
233696,0,13541419,137,98137,35.00,-6.64,-6.04
233718,2147,13551771,184,98258,35.00,-6.55,-6.00
233740,4095,13547371,191,98240,35.00,-6.61,-6.14
233762,703,13522259,122,98416,35.00,-6.59,-5.99
233784,229,13516819,135,98698,35.00,-6.55,-5.99
233806,4095,13513315,185,98860,35.00,-6.51,-6.02
233847,758,13509155,93,97924,35.00,-6.54,-5.99
233869,0,13500419,125,97617,35.00,-6.53,-6.05
233891,37,13503875,127,97492,35.00,-6.58,-5.94
233913,752,13504387,121,97564,35.00,-6.55,-5.94
233935,1501,13504579,149,97826,35.00,-6.67,-5.98
233957,4095,13506371,192,98078,35.00,-6.78,-5.92
233979,3228,13525043,175,98275,35.00,-6.54,-6.01
234562,2398,13539147,157,98506,36.60,-6.58,-5.93
234593,4095,919683,180,105219,35.00,-6.49,-5.92
234615,4095,13494461,189,105234,35.00,-6.57,-5.98
234637,4095,13500413,199,105266,35.00,-6.52,-5.93
234659,4095,13500419,205,105219,35.00,-6.50,-6.02
234681,0,13500419,140,105034,35.00,-6.56,-5.99
234703,0,13503107,147,104642,35.00,-6.61,-6.00
234725,0,13508547,137,104112,35.00,-6.59,-6.01
234747,0,13523667,125,103423,35.00,-6.56,-6.04
234789,3219,13527219,170,102856,35.00,-6.52,-6.03
234811,1351,13537867,127,102518,35.00,-6.58,-6.07
234833,2237,13541931,158,102265,35.00,-6.59,-5.98
234855,2589,13544875,172,102347,35.00,-6.54,-5.99
234877,4095,13545387,201,102446,35.00,-6.59,-6.01
234899,4095,13541419,197,102343,35.00,-6.59,-5.93
234921,4095,13540043,191,102054,35.00,-6.59,-6.00
234943,3015,13533171,145,101803,35.00,-6.60,-5.91
234965,1714,13516259,137,101511,35.00,-6.67,-5.83
234987,0,13512803,111,100117,35.00,-6.57,-5.90
235579,0,13514595,121,98993,36.62,-6.55,-5.86
235611,3720,950795,214,98012,35.00,-6.62,-5.88
235633,2632,13525043,152,97996,35.00,-6.63,-5.91
235655,0,13535883,133,97665,35.00,-6.52,-5.98
235677,0,13539531,142,97177,35.00,-6.62,-5.90
235699,0,13543595,135,96687,35.00,-6.61,-5.89
235721,4095,13545387,181,96299,35.00,-6.52,-5.92
235743,4089,13549547,159,96062,35.00,-6.57,-5.93
235765,3451,13550875,143,96121,35.00,-6.48,-5.86
235787,2111,13550107,123,96358,35.00,-6.54,-5.90
235809,1653,13555547,119,96472,35.00,-6.61,-5.88
235831,1006,13557211,121,96531,35.00,-6.58,-5.91
235872,1575,13554267,138,96762,35.00,-6.56,-5.89
235894,880,13555035,137,96722,35.00,-6.58,-5.87
235916,1563,13557819,157,96620,35.00,-6.58,-5.93
235938,2401,13558331,169,96496,35.00,-6.61,-5.92
235960,3788,13559099,179,96364,35.00,-6.57,-5.90
235982,2034,13560507,136,96223,35.00,-6.63,-5.85
236344,2895,13562491,143,95989,36.28,-6.40,-5.69
236373,0,995943,137,93227,35.00,-6.62,-5.90
236395,0,13582311,147,93454,35.00,-6.73,-5.81
236417,0,13590487,143,93763,35.00,-6.46,-6.05
236439,0,13593271,137,94109,35.00,-6.65,-5.87
236461,187,13596535,122,94430,35.00,-6.57,-5.90
236483,0,13594743,123,94439,35.00,-6.57,-5.92
236505,0,13593271,133,94411,35.00,-6.60,-5.97
236527,0,13594743,119,94304,35.00,-6.62,-5.98
236549,0,13594743,125,94146,35.00,-6.59,-5.92
236571,0,13594039,137,94112,35.00,-6.59,-5.87
236593,1532,13594551,166,94177,35.00,-6.59,-5.98
236634,4095,13596535,187,94307,35.00,-6.53,-6.01
236656,4095,13586519,181,94254,35.00,-6.62,-6.03
236678,4095,13585815,174,94261,35.00,-6.52,-6.05
236700,4095,13580135,168,94373,35.00,-6.18,-6.00
236722,4095,13574087,155,94526,35.00,-6.43,-6.14
236744,4095,13571911,153,94749,35.00,-6.73,-6.02
236766,0,13573575,85,94957,35.00,-6.64,-6.05
236788,0,13571911,125,95211,35.00,-6.40,-6.04
236810,0,13568135,139,95438,35.00,-6.59,-5.99
236832,0,13567751,149,95510,35.00,-6.57,-5.98
236875,0,13565947,147,94856,35.00,-6.59,-5.83
236897,0,13558331,137,94685,35.00,-6.57,-5.90
236919,2075,13562491,167,94728,35.00,-6.73,-5.94
236941,4095,13582871,169,94135,35.00,-6.54,-5.99
236963,4095,13596535,165,92117,35.00,-6.63,-5.99
236985,2951,13616415,139,90469,35.00,-6.63,-6.05
237360,0,13629311,114,89852,36.36,-6.57,-5.89
237396,909,1093032,119,103911,35.00,-6.53,-5.89
237418,1241,1079536,143,103921,35.00,-6.60,-5.88
237440,1163,1081864,147,103726,35.00,-6.57,-5.86
237462,1959,1075888,146,103540,35.00,-6.56,-5.93
237484,1963,1073104,133,103621,35.00,-6.56,-5.93
237506,2059,1056192,139,103824,35.00,-6.58,-5.88
237528,2025,1043135,139,104201,35.00,-6.60,-5.90
237550,1647,13613807,146,104910,35.00,-6.55,-5.94
237572,2073,13596919,159,105640,35.00,-6.62,-5.88
237594,139,13590487,133,106198,35.00,-6.56,-5.91
237637,4095,13591863,201,106473,35.00,-6.63,-5.90
237659,4095,13588311,169,106244,35.00,-6.54,-5.89
237681,3893,13591863,159,106019,35.00,-6.61,-5.89
237703,2999,13593271,143,105605,35.00,-6.54,-5.88
237725,1899,13594743,123,104989,35.00,-6.61,-5.87
237747,1651,13591863,137,104704,35.00,-6.62,-5.90
237769,1563,13586327,143,104695,35.00,-6.59,-5.90
237791,2079,13589207,163,104692,35.00,-6.57,-5.89
237813,2792,13591863,179,104644,35.00,-6.59,-5.87
237835,3079,13590487,170,104459,35.00,-6.61,-5.88
237877,3177,13592375,167,103372,35.00,-6.53,-5.96
237899,2757,13589207,155,103352,35.00,-6.58,-5.89
237921,2381,13593271,142,103373,35.00,-6.56,-5.88
237943,1965,13592759,135,103421,35.00,-6.56,-5.89
237965,1287,13586327,119,103600,35.00,-6.56,-5.87
237987,1895,13582311,143,103653,35.00,-6.56,-5.92
238377,1369,13584151,125,103278,36.42,-6.56,-5.91
238419,2569,1007063,151,99855,35.00,-6.69,-5.92
238441,2893,13579623,147,99722,35.00,-6.66,-5.93
238463,2789,13582311,149,99573,35.00,-6.57,-5.93
238485,1453,13581031,135,99468,35.00,-6.61,-5.89
238507,965,13581799,126,99443,35.00,-6.60,-5.92
238529,1119,13579623,149,99418,35.00,-6.58,-5.91
238551,1187,13577639,151,99380,35.00,-6.59,-5.89
238573,1452,13574695,157,99310,35.00,-6.56,-5.92
238595,1913,13570631,154,99015,35.00,-6.59,-5.90
238617,4095,13566471,191,98445,35.00,-6.63,-5.87
238659,4095,13564155,170,97593,35.00,-6.62,-5.88
238681,24,13555547,95,97616,35.00,-6.60,-5.89
238703,1432,13559611,151,97726,35.00,-6.56,-5.93
238725,0,13561275,109,97913,35.00,-6.58,-5.89
238747,0,13561275,125,98111,35.00,-6.56,-5.90
238769,0,13559995,134,98268,35.00,-6.64,-5.92
238791,0,13560507,136,98361,35.00,-6.61,-5.88
238813,1343,13562491,166,98411,35.00,-6.61,-5.86
238835,2183,13561979,153,98391,35.00,-6.56,-5.87
238857,2389,13560507,148,98380,35.00,-6.61,-5.93
238879,653,13559099,109,98347,35.00,-6.59,-5.94
238920,347,13557211,119,98511,35.00,-6.66,-6.06
238942,824,13550107,117,98643,35.00,-6.65,-5.88
238964,1021,13551771,119,98825,35.00,-6.61,-5.85
238986,1079,13545387,137,99063,35.00,-6.59,-5.90
239394,2745,13536651,168,99248,36.69,-6.61,-5.88
239422,1083,993063,147,99421,35.00,-6.62,-5.86
239444,716,13571911,120,99517,35.00,-6.60,-5.87
239466,1385,13576871,141,99597,35.00,-6.69,-5.92
239488,2597,13577639,167,99637,35.00,-6.60,-5.87
239510,3567,13578151,182,99514,35.00,-6.59,-5.85
239532,4095,13576359,186,99421,35.00,-6.61,-5.89
239554,4095,13572807,181,99244,35.00,-6.60,-5.86
239576,4095,13572295,189,99117,35.00,-6.66,-5.87
239598,4095,13578855,173,99074,35.00,-6.54,-5.85
239620,3485,13579623,157,99061,35.00,-6.61,-5.87
239662,4095,13580135,173,98902,35.00,-6.61,-5.90
239684,4095,13570631,173,98785,35.00,-6.58,-5.76
239706,4095,13565947,180,98699,35.00,-6.57,-5.80
239728,3165,13559611,159,98588,35.00,-6.60,-5.85
239750,1629,13550107,159,98488,35.00,-6.65,-5.79
239772,1302,13541931,151,98386,35.00,-6.72,-5.85
239794,1828,13523155,157,98322,35.00,-6.66,-5.83
239816,2173,13508035,153,98337,35.00,-6.70,-5.83
239838,1304,13501699,133,98361,35.00,-6.66,-5.86
239860,1367,13496445,133,98303,35.00,-6.71,-5.79
239903,1230,13492189,125,97138,35.00,-6.59,-5.87
239925,2941,13486237,165,96779,35.00,-6.65,-5.77
239947,3036,13488733,165,96485,35.00,-6.60,-5.81
239969,2373,13494077,157,96370,35.00,-6.63,-5.83
239991,2687,13500413,171,96427,35.00,-6.63,-5.84
240412,2413,13501699,166,96507,36.15,-6.65,-5.81
240444,201,819185,135,95695,35.00,-6.64,-5.82
240466,0,13369342,141,95453,35.00,-6.61,-5.79
240488,0,13369345,148,95056,35.00,-6.67,-5.76
240510,0,13368830,147,94636,35.00,-6.62,-5.80
240532,0,13362494,137,94362,35.00,-6.64,-5.81
240554,0,13354270,126,94296,35.00,-6.66,-5.81
240576,937,13352430,142,94347,35.00,-6.61,-5.82
240598,717,13373505,121,94419,35.00,-6.64,-5.83
240620,787,13387025,119,94556,35.00,-6.61,-5.76
240642,845,13387921,123,94692,35.00,-6.61,-5.84
240685,760,13389905,133,94736,35.00,-6.63,-5.80
240707,2456,13404809,165,94593,35.00,-6.63,-5.81
240729,0,13433593,123,94411,35.00,-6.63,-5.81
240751,0,13473101,125,94195,35.00,-6.65,-5.81
240773,2781,13500413,183,94000,35.00,-6.65,-5.79
240795,3917,13522771,171,93851,35.00,-6.62,-5.84
240817,1479,13559099,120,93783,35.00,-6.68,-5.83
240839,0,13585815,116,93770,35.00,-6.66,-5.78
240861,3963,13610927,173,93763,35.00,-6.68,-5.83
240883,465,13622751,122,93779,35.00,-6.61,-5.78
240925,3359,13636160,187,93992,35.00,-6.65,-5.79
240947,3069,1064976,163,93961,35.00,-6.66,-5.80
240969,3508,1077872,188,93912,35.00,-6.64,-5.80
240991,3785,1089576,180,93949,35.00,-6.61,-5.79
241430,2892,1100440,157,93998,36.69,-6.71,-5.79
241467,2166,1105880,153,92662,35.00,-6.68,-5.72
241489,2199,1097192,165,92804,35.00,-6.67,-5.76
241511,2119,1098264,165,92928,35.00,-6.65,-5.78
241533,1529,1099544,143,93002,35.00,-6.66,-5.86
241555,1491,1099928,135,93007,35.00,-6.67,-5.75
241577,723,1099928,121,92992,35.00,-6.68,-5.76
241599,1207,1097704,127,93009,35.00,-6.68,-5.80
241621,1429,1097752,139,92997,35.00,-6.67,-5.77
241643,1727,1098264,151,93031,35.00,-6.68,-5.77
241665,2181,1096424,163,92810,35.00,-6.62,-5.77
241707,2751,1093736,175,91927,35.00,-6.65,-5.80
241729,2909,1087688,174,91756,35.00,-6.65,-5.79
241751,2495,1087688,165,91814,35.00,-6.67,-5.79
241773,1895,1087688,143,91958,35.00,-6.67,-5.74
241795,1405,1088200,135,92083,35.00,-6.63,-5.74
241817,1229,1087688,137,92131,35.00,-6.64,-5.81
241839,1285,1091368,139,92062,35.00,-6.67,-5.75
241861,1443,1105976,147,91943,35.00,-6.63,-5.80
241883,2164,1109944,160,91735,35.00,-6.68,-5.78
241905,2327,1106488,165,91500,35.00,-6.65,-5.78
241927,2327,1104600,165,91406,35.00,-6.67,-5.80
241968,1959,1102424,157,91101,35.00,-6.66,-5.81
241990,1229,1097704,147,91042,35.00,-6.63,-5.81
242702,1949,1100440,155,91112,36.74,-6.63,-5.79
242730,1928,1058592,169,91926,35.00,-6.64,-5.79
242752,1955,1056800,142,91994,35.00,-6.63,-5.77
242774,393,1056704,117,92033,35.00,-6.64,-5.75
242796,581,1056704,125,92059,35.00,-6.65,-5.82
242818,0,1063136,126,92090,35.00,-6.62,-5.80
242840,0,1064416,139,92102,35.00,-6.75,-5.81
242862,2381,1061472,181,92116,35.00,-6.67,-5.74
242884,3588,1066768,190,92198,35.00,-6.67,-5.85
242906,1973,1065488,154,92217,35.00,-6.61,-5.75
242928,1583,1064976,155,91929,35.00,-6.67,-5.80
242971,2043,1065488,156,91278,35.00,-6.63,-5.80
242993,1669,1071312,141,91259,35.00,-6.57,-5.73
243719,1433,1073712,136,91332,36.59,-6.67,-5.80
243752,1316,1070416,143,93134,35.00,-6.67,-5.82
243774,1011,1058080,124,93236,35.00,-6.62,-5.81
243796,885,1058080,127,93324,35.00,-6.67,-5.81
243818,1243,1060256,138,93377,35.00,-6.69,-5.80
243840,1933,1084808,153,93310,35.00,-6.61,-5.80
243862,1941,1077872,157,93181,35.00,-6.64,-5.79
243884,2399,1067152,172,93158,35.00,-6.64,-5.77
243906,2201,1066256,165,93267,35.00,-6.64,-5.76
243928,2261,1071824,153,93255,35.00,-6.61,-5.78
243950,1866,1073712,137,93156,35.00,-6.66,-5.78
243972,932,1071824,119,93323,35.00,-6.62,-5.79
244737,681,1081864,123,95548,36.59,-6.64,-5.77
244775,3913,1052032,204,99028,35.00,-6.73,-5.68
244797,4095,1042239,184,99478,35.00,-6.69,-5.66
244819,4095,13607471,191,100323,35.00,-6.66,-5.67
244841,4095,13602703,199,101235,35.00,-6.66,-5.71
244863,4095,13600911,200,102025,35.00,-6.76,-5.71
244885,4095,13602895,185,102501,35.00,-6.71,-5.68
244907,0,13602895,119,102625,35.00,-6.68,-5.76
244929,0,13602191,143,102597,35.00,-6.75,-5.74
244951,0,13604687,140,102568,35.00,-6.70,-5.71
244973,0,13604687,139,102686,35.00,-6.70,-5.68
245755,0,13602191,127,104065,36.58,-6.67,-5.68
245798,54,1051264,121,113404,35.00,-6.62,-5.77
245820,2056,1060768,165,113454,35.00,-6.68,-5.74
245842,2463,1060768,155,113641,35.00,-6.65,-5.73
245864,1193,1057312,125,113828,35.00,-6.63,-5.81
245886,2019,1054912,137,113873,35.00,-6.64,-5.77
245908,1563,1055424,122,113736,35.00,-6.61,-5.75
245930,227,1056192,105,113365,35.00,-6.65,-5.78
245952,531,1054016,117,112961,35.00,-6.64,-5.76
245974,2037,1051264,157,112583,35.00,-6.65,-5.72
245996,1494,1051264,149,112339,35.00,-6.65,-5.75
246038,1391,1050368,158,112048,35.00,-6.67,-5.75
246060,2071,1050752,173,111878,35.00,-6.63,-5.73
246082,2270,1057312,173,111834,35.00,-6.66,-5.79
246104,1221,1062240,163,111853,35.00,-6.61,-5.74
246126,485,1062752,163,111594,35.00,-6.62,-5.76
246148,973,1059488,169,111154,35.00,-6.65,-5.73
246170,0,1054528,165,111017,35.00,-6.58,-5.76
246192,2012,1052544,175,110952,35.00,-6.66,-5.74
246214,1865,1064976,165,110664,35.00,-6.63,-5.74
246236,2427,1080816,174,110212,35.00,-6.64,-5.76
246258,3205,1087688,187,109960,35.00,-6.62,-5.76
246299,3763,1081864,197,110387,35.00,-6.67,-5.76
246321,1802,1069648,153,110705,35.00,-6.69,-5.74
246343,1491,1071312,151,111101,35.00,-6.69,-5.75
246365,4095,1095528,201,111299,35.00,-6.63,-5.74
246387,4095,1099032,183,111284,35.00,-6.66,-5.72
246409,4095,1096424,187,111100,35.00,-6.66,-5.75
246431,4095,1088200,174,110775,35.00,-6.68,-5.74
246453,4095,1084808,173,110161,35.00,-6.64,-5.74
246475,4095,1087304,181,109251,35.00,-6.65,-5.73
246497,2729,1087304,169,108311,35.00,-6.67,-5.72
246539,2981,1093544,180,106968,35.00,-6.62,-5.72
246561,2667,1085320,171,106742,35.00,-6.68,-5.73
246583,3431,1061472,171,107074,35.00,-6.65,-5.72
246605,533,1072592,106,107571,35.00,-6.64,-5.78
246627,1255,1083528,124,108043,35.00,-6.70,-5.75
246649,1767,1087688,135,108475,35.00,-6.66,-5.75
246671,2206,1088968,151,109099,35.00,-6.65,-5.79
246693,1625,1091368,137,110140,35.00,-6.65,-5.73
246715,1495,1093736,148,111076,35.00,-6.66,-5.72
246737,1019,1094248,151,111747,35.00,-6.66,-5.76
246759,1003,1095912,149,112126,35.00,-6.67,-5.73
246800,1747,1093736,155,112839,35.00,-6.64,-5.72
246822,1742,1146892,143,113424,35.00,-6.63,-5.74
246844,1548,1178364,141,113952,35.00,-6.65,-5.73
246866,1533,1200018,135,114262,35.00,-6.73,-5.74
246888,1485,1216394,132,114439,35.00,-6.65,-5.73
246910,1583,1204178,123,114591,35.00,-6.72,-5.71
246932,655,1196562,117,114624,35.00,-6.68,-5.76
246954,206,1193826,121,114878,35.00,-6.64,-5.69
246976,690,1192546,146,115076,35.00,-6.67,-5.71
246998,1801,1197842,167,115204,35.00,-6.64,-5.72
247041,2519,1202002,174,114848,35.00,-6.68,-5.70
247063,3149,1208946,163,114250,35.00,-6.67,-5.71
247085,2805,1212426,151,113667,35.00,-6.63,-5.70
247107,2539,1217098,141,113152,35.00,-6.65,-5.70
247129,1199,1222826,115,112788,35.00,-6.67,-5.73
247151,954,1232794,119,112569,35.00,-6.67,-5.64
247173,1741,1242490,143,112510,35.00,-6.70,-5.70
247195,2341,1246982,159,112504,35.00,-6.65,-5.70
247217,3062,1255590,180,112493,35.00,-6.68,-5.71
247239,3835,1283918,183,112357,35.00,-6.70,-5.73
247281,3771,1302494,181,111458,35.00,-6.66,-5.68
247303,4045,1243898,167,111433,35.00,-6.70,-5.70
247325,4084,1217098,166,111685,35.00,-6.67,-5.68
247347,2980,1200722,151,111752,35.00,-6.65,-5.73
247369,2296,1169628,139,111457,35.00,-6.69,-5.75
247391,1591,1163244,135,110912,35.00,-6.65,-5.67
247413,1063,1163804,135,110431,35.00,-6.72,-5.73
247435,1683,1162732,153,109865,35.00,-6.66,-5.72
247457,2707,1155020,179,109265,35.00,-6.73,-5.71
247479,3199,1155020,179,108804,35.00,-6.66,-5.70
247501,3091,1155116,172,108853,35.00,-6.65,-5.70
247542,2585,1156396,155,109470,35.00,-6.67,-5.72
247564,1132,1161068,135,108966,35.00,-6.71,-5.69
247586,535,1161068,118,108263,35.00,-6.63,-5.71
247608,1291,1163244,119,107561,35.00,-6.69,-5.71
247630,2297,1161964,142,107009,35.00,-6.66,-5.72
247652,2157,1161068,149,106490,35.00,-6.71,-5.73
247674,2333,1157804,159,105888,35.00,-6.68,-5.71
247696,2992,1157292,181,105240,35.00,-6.71,-5.68
247718,2856,1156908,172,104900,35.00,-6.67,-5.71
247740,2963,1152332,171,105026,35.00,-6.67,-5.71
247783,3692,1144180,178,105917,35.00,-6.66,-5.71
247805,3389,1152844,159,106908,35.00,-6.68,-5.69
247827,2629,1224810,141,107947,35.00,-6.68,-5.72
247849,1077,1262102,119,108701,35.00,-6.66,-5.73
247871,425,1267542,137,108663,35.00,-6.71,-5.73
247893,509,1271606,140,108250,35.00,-6.66,-5.71
247915,1493,1276662,160,107782,35.00,-6.69,-5.71
247937,2389,1282638,173,107286,35.00,-6.66,-5.72
247959,2541,1286094,166,106609,35.00,-6.67,-5.73
247981,2891,1277942,169,105895,35.00,-6.68,-5.70
248023,2741,1274486,151,105760,35.00,-6.67,-5.72
248045,1981,1259750,127,105620,35.00,-6.69,-5.76
248067,938,1232986,121,105479,35.00,-6.65,-5.72
248089,0,1202002,115,105501,35.00,-6.65,-5.71
248111,483,1174204,136,105475,35.00,-6.67,-5.74
248133,1469,1161452,148,105212,35.00,-6.64,-5.72
248155,1481,1155020,147,104705,35.00,-6.64,-5.70
248177,1277,1133204,145,103908,35.00,-6.65,-5.75
248199,2246,1122244,167,102965,35.00,-6.70,-5.72
248221,2963,1124132,155,102030,35.00,-6.73,-5.72
248243,982,1120452,117,101153,35.00,-6.69,-5.81
248284,921,1121732,137,100876,35.00,-6.67,-5.75
248306,0,1114628,123,101346,35.00,-6.65,-5.74
248328,0,1126500,123,101720,35.00,-6.64,-5.74
248350,411,1127780,135,101894,35.00,-6.66,-5.74
248372,725,1125796,141,101818,35.00,-6.66,-5.78
248394,1421,1087688,155,101415,35.00,-6.65,-5.77
248416,2231,1075376,165,100714,35.00,-6.68,-5.74
248438,2853,1074992,168,100295,35.00,-6.69,-5.77
248460,2453,1122244,153,101667,35.00,-6.68,-5.74
248482,1767,1142708,147,104480,35.00,-6.67,-5.76
248525,1384,1152844,141,108023,35.00,-6.65,-5.73
248547,1727,1155116,139,108378,35.00,-6.67,-5.70
248569,939,1158572,120,108198,35.00,-6.73,-5.74
248591,2327,1157804,152,107634,35.00,-6.69,-5.77
248613,4095,1161452,173,107054,35.00,-6.66,-5.74
248635,2185,1161452,151,106635,35.00,-6.64,-5.69
248657,0,1161068,143,106277,35.00,-6.67,-5.74
248679,0,1151564,141,105695,35.00,-6.67,-5.79
248701,0,1146356,125,105001,35.00,-6.68,-5.75
248723,1047,1143412,141,104613,35.00,-6.68,-5.75
248765,1530,1141428,139,104358,35.00,-6.69,-5.79
248787,1637,1142196,127,103693,35.00,-6.66,-5.76
248809,2065,1143412,149,103021,35.00,-6.67,-5.73
248831,1829,1140916,151,102544,35.00,-6.72,-5.75
248853,1819,1140020,151,102282,35.00,-6.63,-5.72
248875,2259,1141428,169,102186,35.00,-6.62,-5.70
248897,2389,1142900,165,102147,35.00,-6.64,-5.73
248919,1382,1120068,141,102079,35.00,-6.66,-5.76
248941,2665,1093032,155,101959,35.00,-6.66,-5.72
248963,2189,1087304,139,101886,35.00,-6.67,-5.76
248985,1774,1084808,133,101876,35.00,-6.67,-5.75
249026,1627,1085512,135,101928,35.00,-6.66,-5.76
249048,1557,1086024,135,101868,35.00,-6.69,-5.76
249070,1626,1086792,141,101846,35.00,-6.68,-5.73
249092,1758,1089480,148,102027,35.00,-6.70,-5.76
249114,2249,1089576,165,102273,35.00,-6.68,-5.75
249136,2605,1090088,173,102480,35.00,-6.66,-5.73
249158,2361,1091752,167,102735,35.00,-6.68,-5.72
249180,2374,1093544,160,102976,35.00,-6.69,-5.78
249202,1817,1093736,139,103113,35.00,-6.66,-5.76
249224,1545,1097192,140,103157,35.00,-6.69,-5.75
249267,1298,1149580,133,104299,35.00,-6.70,-5.74
249289,1673,1163292,140,104737,35.00,-6.69,-5.76
249311,1150,1165084,145,104892,35.00,-6.64,-5.77
249333,2072,1174204,169,104745,35.00,-6.69,-5.72
249355,2080,1193826,165,104818,35.00,-6.67,-5.74
249377,2781,1208434,181,105360,35.00,-6.67,-5.77
249399,2543,1220042,159,105891,35.00,-6.67,-5.74
249421,1887,1222442,145,105997,35.00,-6.69,-5.75
249443,1362,1225322,134,105656,35.00,-6.68,-5.75
249465,763,1226986,125,105349,35.00,-6.69,-5.74
249507,1194,1226602,143,107560,35.00,-6.68,-5.73
249529,2327,1212402,159,109020,35.00,-6.69,-5.70
249551,2212,1210610,155,110278,35.00,-6.67,-5.73
249573,2601,1241722,172,111210,35.00,-6.67,-5.74
249595,2479,1267926,172,111914,35.00,-6.71,-5.74
249617,1125,1312897,147,112358,35.00,-6.69,-5.76
249639,1199,1310206,141,112862,35.00,-6.68,-5.75
249661,1395,1299806,126,113400,35.00,-6.69,-5.74
249683,1467,1281934,133,113812,35.00,-6.67,-5.72
249705,843,1276150,118,114072,35.00,-6.67,-5.74
249727,415,1277430,119,114230,35.00,-6.66,-5.71
249768,716,1279246,143,114421,35.00,-6.68,-5.70
249790,2007,1292526,157,114474,35.00,-6.67,-5.70
249812,2907,1308926,178,114482,35.00,-6.67,-5.73
249834,3604,1310721,185,114456,35.00,-6.70,-5.72
249856,3087,1311233,171,114462,35.00,-6.69,-5.69
249878,2909,1309438,159,114489,35.00,-6.64,-5.73
249900,2985,1306558,154,114511,35.00,-6.69,-5.75
249922,2059,1306046,139,114527,35.00,-6.66,-5.75
249944,1597,1306750,135,114573,35.00,-6.68,-5.71
249966,1625,1294878,136,114635,35.00,-6.69,-5.73
250587,1675,1287982,141,114774,37.01,-6.63,-5.75
250618,2285,1214602,157,113573,35.00,-6.68,-5.76
250640,1609,1212402,126,113569,35.00,-6.65,-5.73
250662,1494,1216394,133,113562,35.00,-6.68,-5.74
250684,1439,1219274,133,113540,35.00,-6.68,-5.74
250706,1547,1220042,141,113463,35.00,-6.65,-5.73
250728,1851,1216394,151,113249,35.00,-6.65,-5.73
250770,1975,1214218,155,112170,35.00,-6.71,-5.73
250792,1938,1209714,163,111942,35.00,-6.65,-5.75
250814,2659,1224106,171,111941,35.00,-6.66,-5.71
250836,2054,1248646,151,112123,35.00,-6.67,-5.75
250858,2141,1281934,146,112338,35.00,-6.70,-5.74
250880,1626,1286702,137,112462,35.00,-6.66,-5.73
250902,941,1287982,124,112449,35.00,-6.69,-5.74
250924,1463,1288366,137,112406,35.00,-6.68,-5.72
250946,1365,1308926,135,112412,35.00,-6.65,-5.70
250968,1465,1310718,142,112403,35.00,-6.67,-5.74
250990,1641,1316673,154,112407,35.00,-6.67,-5.74
251031,2143,1308926,165,112883,35.00,-6.67,-5.75
251053,2598,1241210,175,113076,35.00,-6.68,-5.75
251075,2601,1195490,168,113275,35.00,-6.66,-5.77
251097,2524,1185090,160,113330,35.00,-6.67,-5.73
251119,2647,1183106,153,113306,35.00,-6.67,-5.71
251141,1381,1190562,133,113213,35.00,-6.70,-5.75
251163,1273,1196562,125,113106,35.00,-6.67,-5.74
251185,1755,1198226,143,112972,35.00,-6.64,-5.75
251207,1789,1200018,147,112739,35.00,-6.67,-5.74
251229,1289,1202002,145,112371,35.00,-6.66,-5.74
251251,2728,1201490,173,112165,35.00,-6.65,-5.69
251292,4095,1195490,187,111868,35.00,-6.66,-5.74
251314,2589,1192034,170,111832,35.00,-6.65,-5.72
251336,2899,1193826,160,111662,35.00,-6.70,-5.70
251358,2138,1194210,140,111423,35.00,-6.66,-5.76
251380,1438,1196562,137,111158,35.00,-6.70,-5.74
251402,1800,1200018,141,110931,35.00,-6.65,-5.76
251424,1013,1204786,125,110827,35.00,-6.65,-5.69
251446,1229,1206450,149,110830,35.00,-6.67,-5.71
251468,1059,1212402,147,110910,35.00,-6.66,-5.73
251490,1687,1215882,166,110994,35.00,-6.62,-5.75
251532,1925,1217866,169,111116,35.00,-6.65,-5.74
251554,2003,1217098,159,110953,35.00,-6.66,-5.73
251576,2108,1212402,152,110788,35.00,-6.65,-5.75
251598,1587,1210610,147,110683,35.00,-6.64,-5.75
251620,1227,1204274,123,110646,35.00,-6.65,-5.72
251642,713,1191330,121,110619,35.00,-6.67,-5.76
251664,971,1183810,132,110568,35.00,-6.66,-5.73
251686,1477,1181826,141,110585,35.00,-6.68,-5.73
251708,1769,1183618,155,110625,35.00,-6.65,-5.72
251730,2639,1183618,173,110648,35.00,-6.67,-5.77
251752,2617,1187778,166,110641,35.00,-6.67,-5.76
251793,2103,1193314,153,110766,35.00,-6.64,-5.73
251815,2254,1179132,155,110790,35.00,-6.66,-5.74
251837,1359,1173308,135,110774,35.00,-6.67,-5.75
251859,1273,1166748,112,110904,35.00,-6.66,-5.73
251881,839,1166748,125,111080,35.00,-6.67,-5.77
251903,1111,1167452,135,111188,35.00,-6.68,-5.70
251925,1261,1167452,140,111255,35.00,-6.64,-5.74
251947,1379,1165468,143,111247,35.00,-6.70,-5.75
251969,1968,1164572,169,111168,35.00,-6.63,-5.74
251991,2100,1167260,158,111064,35.00,-6.66,-5.72
252368,2699,1170140,167,111025,36.97,-6.66,-5.73
252396,2393,1236442,173,113548,35.00,-6.65,-5.72
252418,1479,1242490,125,113656,35.00,-6.65,-5.70
252440,1401,1249350,135,113711,35.00,-6.66,-5.75
252462,1417,1255590,137,113743,35.00,-6.68,-5.73
252484,1513,1260262,141,113767,35.00,-6.67,-5.74
252506,1899,1265046,159,113754,35.00,-6.68,-5.73
252528,2141,1269206,167,113682,35.00,-6.66,-5.71
252550,2519,1278478,169,113558,35.00,-6.67,-5.71
252572,2515,1288366,171,113390,35.00,-6.70,-5.72
252594,2409,1296158,159,113229,35.00,-6.69,-5.74
252635,2036,1305278,149,113062,35.00,-6.65,-5.72
252657,1895,1310206,141,113103,35.00,-6.66,-5.74
252679,1567,1314689,132,113115,35.00,-6.62,-5.73
252701,1386,1321633,135,113075,35.00,-6.65,-5.70
252723,1555,1329297,142,112994,35.00,-6.64,-5.71
252745,1803,1333457,153,112951,35.00,-6.71,-5.70
252767,2117,1337521,163,112960,35.00,-6.68,-5.72
252789,2357,1345673,167,112942,35.00,-6.68,-5.71
252811,2516,1351625,167,112891,35.00,-6.67,-5.74
252833,2425,1356393,157,112792,35.00,-6.64,-5.75
252855,2017,1360409,150,112670,35.00,-6.67,-5.71
252896,1660,1363353,137,112623,35.00,-6.67,-5.75
252918,1869,1365849,137,112594,35.00,-6.68,-5.77
252940,1483,1370297,133,112510,35.00,-6.66,-5.76
252962,1289,1368633,139,112416,35.00,-6.64,-5.73
252984,1591,1364569,149,112438,35.00,-6.65,-5.71
253386,1839,1357161,162,112437,36.75,-6.66,-5.74
253417,2227,1200018,166,110959,35.00,-6.69,-5.71
253439,1181,1160556,133,110948,35.00,-6.64,-5.75
253461,1363,1136468,136,110961,35.00,-6.64,-5.69
253483,1418,1112824,143,111005,35.00,-6.68,-5.71
253505,1935,1097704,157,111102,35.00,-6.65,-5.73
253527,2199,1035679,165,111202,35.00,-6.65,-5.76
253549,2213,13523155,165,111262,35.00,-6.69,-5.74
253571,2227,13424473,151,111278,35.00,-6.63,-5.75
253593,2237,13261010,151,111345,35.00,-6.68,-5.72
253615,1972,12852673,135,111488,35.00,-6.69,-5.71
253637,1455,84628,124,111603,35.00,-6.67,-5.74
253678,1333,26800,127,111967,35.00,-6.67,-5.70
253700,1387,3968,137,112173,35.00,-6.67,-5.75
253722,1578,1792,147,112297,35.00,-6.65,-5.73
253744,1950,512,157,112344,35.00,-6.69,-5.73
253766,2213,0,163,112318,35.00,-6.69,-5.74
253788,2413,0,167,112231,35.00,-6.66,-5.73
253810,2463,0,165,112139,35.00,-6.67,-5.73
253832,2243,0,149,112041,35.00,-6.70,-5.77
253854,1898,0,141,111952,35.00,-6.64,-5.77
253876,1589,0,137,111946,35.00,-6.63,-5.73
253919,1359,0,133,112142,35.00,-6.64,-5.72
253941,1512,0,141,112182,35.00,-6.67,-5.76
253963,1699,0,151,112205,35.00,-6.63,-5.74
253985,2021,0,159,112234,35.00,-6.68,-5.73
254403,2359,0,169,112265,37.01,-6.65,-5.74
254440,2226,709210,158,112871,35.00,-6.69,-5.78
254462,1725,13339278,150,112850,35.00,-6.66,-5.74
254484,2063,13379361,164,112723,35.00,-6.68,-5.76
254506,2407,13422489,168,112510,35.00,-6.67,-5.70
254528,2519,13455253,167,112295,35.00,-6.64,-5.72
254550,2287,13490397,151,112172,35.00,-6.68,-5.74
254572,2079,13516771,145,112154,35.00,-6.66,-5.76
254594,1678,13536651,127,112170,35.00,-6.64,-5.72
254616,1399,13546859,133,112145,35.00,-6.69,-5.72
254638,1379,13553755,125,112109,35.00,-6.66,-5.71
254681,1493,13559995,141,112251,35.00,-6.66,-5.72
254703,1943,13562491,154,112279,35.00,-6.63,-5.69
254725,2248,13574183,160,112253,35.00,-6.71,-5.70
254747,2494,13582871,170,112224,35.00,-6.66,-5.75
254769,3563,13597431,171,112244,35.00,-6.67,-5.75
254791,2715,13599247,145,112269,35.00,-6.66,-5.75
254813,3401,13610415,155,112234,35.00,-6.66,-5.73
254835,3540,13621471,153,112195,35.00,-6.67,-5.74
254857,1624,13630207,123,112215,35.00,-6.70,-5.73
254879,1149,13630207,146,112233,35.00,-6.66,-5.72
254921,1308,13631487,145,112210,35.00,-6.67,-5.76
254943,1767,13629695,160,112249,35.00,-6.65,-5.70
254965,1979,13634944,159,112283,35.00,-6.68,-5.71
254987,2196,1058592,167,112275,35.00,-6.67,-5.74
255419,1891,1067152,146,112244,36.74,-6.66,-5.70
255448,1785,1125796,156,111410,35.00,-6.68,-5.71
255470,2005,1126308,145,111385,35.00,-6.63,-5.72
255492,1699,1127780,138,111404,35.00,-6.67,-5.75
255514,1389,1128292,135,111452,35.00,-6.69,-5.70
255536,1383,1132692,135,111476,35.00,-6.71,-5.72
255558,1414,1135956,141,111517,35.00,-6.68,-5.72
255580,1727,1135188,155,111570,35.00,-6.65,-5.77
255602,1933,1134676,167,111636,35.00,-6.63,-5.74
255643,2189,1136852,171,111872,35.00,-6.68,-5.75
255665,2385,1133972,166,111926,35.00,-6.66,-5.70
255687,2437,1136852,163,111928,35.00,-6.67,-5.77
255709,2251,1138644,150,111921,35.00,-6.68,-5.70
255731,1865,1136468,142,111946,35.00,-6.69,-5.74
255753,1479,1138644,135,111926,35.00,-6.65,-5.73
255775,1367,1136468,137,111956,35.00,-6.68,-5.71
255797,1253,1134676,137,112000,35.00,-6.65,-5.73
255819,1547,1132692,151,111908,35.00,-6.70,-5.71
255841,1983,1135956,159,111631,35.00,-6.65,-5.72
255863,2184,1137364,164,111265,35.00,-6.68,-5.73
255904,2426,1136852,160,110711,35.00,-6.69,-5.73
255926,2231,1134484,155,110736,35.00,-6.66,-5.71
255948,2375,1133972,157,110780,35.00,-6.71,-5.73
255970,1823,1130468,142,110803,35.00,-6.69,-5.69
255992,1561,1130468,133,110851,35.00,-6.68,-5.72
256438,1317,1128676,125,110919,36.65,-6.66,-5.71
256467,1989,1098264,157,110726,35.00,-6.71,-5.73
256489,1876,1093544,137,110360,35.00,-6.62,-5.73
256511,1641,1095016,133,110083,35.00,-6.65,-5.71
256533,1353,1093544,138,109941,35.00,-6.70,-5.79
256555,1354,1091368,135,109922,35.00,-6.69,-5.75
256577,1575,1092264,143,110012,35.00,-6.68,-5.72
256599,1831,1090088,151,110167,35.00,-6.69,-5.72
256621,2107,1088968,168,110233,35.00,-6.65,-5.74
256643,2429,1088968,169,110228,35.00,-6.65,-5.73
256665,2405,1087304,163,110185,35.00,-6.68,-5.73
256706,2227,1085320,155,110188,35.00,-6.65,-5.71
256728,1905,1083144,139,110196,35.00,-6.67,-5.74
256750,1607,1081328,137,110110,35.00,-6.66,-5.76
256772,1318,1080048,127,109998,35.00,-6.67,-5.69
256794,1327,1079536,133,109951,35.00,-6.67,-5.75
256816,1405,1079152,141,109942,35.00,-6.68,-5.74
256838,1747,1077360,153,109976,35.00,-6.68,-5.74
256860,2056,1073712,165,110051,35.00,-6.70,-5.73
256882,2357,1072592,168,110178,35.00,-6.70,-5.72
256904,2491,1069136,171,110232,35.00,-6.66,-5.73
256946,2239,1064928,151,110280,35.00,-6.69,-5.76
256968,2065,1059488,148,110335,35.00,-6.68,-5.73
256990,1471,1054912,123,110358,35.00,-6.69,-5.69
257710,1284,1052736,125,110367,36.84,-6.66,-5.70
257749,937,1023439,121,109169,35.00,-6.67,-5.69
257771,1123,13602191,119,109017,35.00,-6.68,-5.75
257793,1189,13600527,126,108939,35.00,-6.67,-5.75
257815,1447,13599247,147,108947,35.00,-6.65,-5.73
257837,1877,13601423,157,109122,35.00,-6.68,-5.75
257859,2249,13601423,165,109372,35.00,-6.66,-5.75
257881,2407,13600015,159,109573,35.00,-6.69,-5.77
257903,2036,13599247,155,109681,35.00,-6.66,-5.78
257925,1721,13598711,141,109789,35.00,-6.67,-5.74
257947,1547,13592375,133,109875,35.00,-6.66,-5.70
257989,1276,13590583,121,110075,35.00,-6.67,-5.73
258728,1337,13592759,123,110004,36.90,-6.64,-5.74
258753,1339,896429,125,100530,35.00,-6.70,-5.72
258775,2037,13459509,155,100515,35.00,-6.66,-5.69
258797,3064,13460789,171,100786,35.00,-6.68,-5.69
258819,2089,13461301,153,101083,35.00,-6.65,-5.71
258841,1380,13464949,148,101358,35.00,-6.67,-5.76
258863,2539,13468173,157,101617,35.00,-6.66,-5.70
258885,1785,13473613,134,101602,35.00,-6.69,-5.73
258907,1187,13475885,121,101270,35.00,-6.67,-5.74
258929,1304,13513315,121,101026,35.00,-6.71,-5.72
258972,1499,13534475,137,102606,35.00,-6.70,-5.74
258994,2297,13534987,154,102781,35.00,-6.71,-5.74
259746,2777,13535371,167,102744,36.38,-6.71,-5.72
259774,1903,991271,136,104175,35.00,-6.70,-5.76
259796,2837,13570119,175,104308,35.00,-6.68,-5.72
259818,2943,13570119,173,104452,35.00,-6.69,-5.74
259840,2423,13569927,159,104658,35.00,-6.66,-5.74
259862,2173,13568135,151,104993,35.00,-6.66,-5.71
259884,2777,13568647,153,105347,35.00,-6.66,-5.71
259906,1641,13571911,125,105627,35.00,-6.70,-5.74
259928,861,13574087,123,105812,35.00,-6.69,-5.70
259950,975,13576359,137,105925,35.00,-6.67,-5.75
259972,1325,13578855,148,106063,35.00,-6.67,-5.72
260514,1720,13579623,157,106299,36.71,-6.70,-5.75
260556,2509,991271,171,110122,35.00,-6.67,-5.68
260578,2553,13570631,162,110057,35.00,-6.68,-5.70
260600,2460,13571911,153,110011,35.00,-6.65,-5.70
260622,1926,13574087,135,109751,35.00,-6.68,-5.76
260644,1682,13574087,127,109043,35.00,-6.67,-5.75
260666,1469,13572295,135,108203,35.00,-6.64,-5.74
260688,1483,13574087,135,107514,35.00,-6.70,-5.69
260710,1896,13574183,147,107031,35.00,-6.68,-5.74
260732,2091,13574087,159,106671,35.00,-6.66,-5.72
260754,2263,13574183,168,106475,35.00,-6.65,-5.75
260796,2616,13575463,171,106622,35.00,-6.67,-5.72
260818,2539,13571399,164,106691,35.00,-6.65,-5.73
260840,2362,13573575,152,106817,35.00,-6.69,-5.73
260862,2005,13572295,142,106939,35.00,-6.64,-5.73
260884,1835,13572295,133,106991,35.00,-6.64,-5.71
260906,1509,13570631,131,106961,35.00,-6.70,-5.75
260928,1497,13573575,140,106880,35.00,-6.65,-5.71
260950,1509,13572295,147,106743,35.00,-6.62,-5.72
260972,1914,13570119,158,106583,35.00,-6.70,-5.73
260994,2188,13572295,165,106474,35.00,-6.63,-5.72
261526,2445,13573575,166,106427,36.98,-6.68,-5.73
261558,1451,995943,145,106329,35.00,-6.63,-5.73
261580,2825,13576359,150,106412,35.00,-6.66,-5.74
261602,1340,13578151,122,106593,35.00,-6.65,-5.77
261624,1077,13578151,135,106833,35.00,-6.62,-5.73
261646,1397,13580135,136,107031,35.00,-6.67,-5.74
261668,1620,13581799,151,107152,35.00,-6.69,-5.73
261690,2056,13585815,158,107206,35.00,-6.70,-5.74
261712,2587,13591863,168,107218,35.00,-6.68,-5.73
261734,2591,13596023,167,107224,35.00,-6.68,-5.75
261756,2223,13595255,155,107283,35.00,-6.68,-5.69
261778,2302,13594743,153,107336,35.00,-6.67,-5.74
261819,1439,13596919,127,106963,35.00,-6.67,-5.74
261841,1303,13602191,123,106742,35.00,-6.68,-5.70
261863,1041,13604175,124,106551,35.00,-6.64,-5.71
261885,1007,13604687,127,106532,35.00,-6.68,-5.72
261907,1258,13604687,139,106641,35.00,-6.66,-5.71
261929,1461,13602895,149,106816,35.00,-6.69,-5.74
261951,1976,13605071,169,107018,35.00,-6.71,-5.73
261973,2345,13605583,168,107210,35.00,-6.66,-5.73
261995,2493,13605071,169,107387,35.00,-6.69,-5.76
262544,2345,13606351,153,107561,36.53,-6.68,-5.72
262581,1533,1023439,142,107211,35.00,-6.68,-5.74
262603,1279,13602895,121,107199,35.00,-6.69,-5.73
262625,1379,13602703,139,107013,35.00,-6.73,-5.73
262647,1607,13602895,147,106836,35.00,-6.68,-5.73
262669,1993,13604175,156,106760,35.00,-6.69,-5.69
262691,2357,13604687,169,106793,35.00,-6.68,-5.70
262713,2588,13604175,165,106895,35.00,-6.69,-5.74
262735,2534,13604687,163,107007,35.00,-6.68,-5.71
262757,2171,13605583,143,107135,35.00,-6.65,-5.69
262779,1746,13605071,135,107228,35.00,-6.65,-5.73
262822,1402,13603407,125,107094,35.00,-6.68,-5.74
262844,1437,13602895,131,107099,35.00,-6.65,-5.72
262866,1615,13602191,143,107035,35.00,-6.68,-5.70
262888,2035,13602191,155,106983,35.00,-6.67,-5.70
262910,2359,13602703,164,106855,35.00,-6.67,-5.76
262932,2621,13601423,166,106563,35.00,-6.65,-5.71
262954,2483,13595255,165,106167,35.00,-6.66,-5.74
262976,2217,13594743,149,105552,35.00,-6.66,-5.76
262998,1877,13600911,135,104961,35.00,-6.67,-5.71
263020,1364,13602895,123,104955,35.00,-6.65,-5.72
263062,1264,13604175,125,106452,35.00,-6.67,-5.72
263084,1323,13604687,135,106658,35.00,-6.64,-5.73
263106,1607,13603407,148,106583,35.00,-6.68,-5.76
263128,2063,13604687,160,106273,35.00,-6.66,-5.72
263150,2396,13601423,166,105968,35.00,-6.70,-5.72
263172,1945,13563259,155,105480,35.00,-6.68,-5.67
263194,2679,13526323,165,104465,35.00,-6.68,-5.73
263216,2168,13516771,147,103438,35.00,-6.68,-5.73
263238,1800,13518099,137,102499,35.00,-6.66,-5.70
263260,1279,13518611,124,101918,35.00,-6.67,-5.76
263282,1349,13518611,132,101807,35.00,-6.67,-5.75
263323,1370,13521491,137,103080,35.00,-6.70,-5.74
263345,1462,13518099,141,103323,35.00,-6.66,-5.70
263367,1939,13523155,153,103405,35.00,-6.69,-5.72
263389,2239,13524435,167,103430,35.00,-6.66,-5.70
263411,2572,13525555,170,103405,35.00,-6.69,-5.71
263433,2531,13525555,165,103401,35.00,-6.67,-5.74
263455,2194,13528499,149,103532,35.00,-6.65,-5.75
263477,1840,13528499,135,103716,35.00,-6.66,-5.75
263499,1452,13531379,125,103934,35.00,-6.67,-5.71
263521,1274,13531891,124,104012,35.00,-6.67,-5.77
263564,1261,13534475,134,103559,35.00,-6.67,-5.72
263586,1708,13534475,149,103509,35.00,-6.64,-5.71
263608,1997,13537867,164,103468,35.00,-6.67,-5.75
263630,2468,13537867,169,103556,35.00,-6.65,-5.72
263652,2483,13537867,160,103752,35.00,-6.66,-5.76
263674,2325,13538635,155,104012,35.00,-6.62,-5.73
263696,2052,13540043,145,104231,35.00,-6.65,-5.72
263718,1593,13539147,134,104406,35.00,-6.68,-5.75
263740,1355,13538635,132,104489,35.00,-6.67,-5.73
263762,1316,13539531,135,104457,35.00,-6.65,-5.71
263804,1438,13539531,144,104348,35.00,-6.67,-5.70
263826,1769,13539147,154,104257,35.00,-6.66,-5.73
263848,2153,13541419,164,104149,35.00,-6.66,-5.72
263870,2427,13540811,170,104058,35.00,-6.70,-5.70
263892,2456,13539531,165,104043,35.00,-6.67,-5.73
263914,2327,13539531,155,104122,35.00,-6.68,-5.73
263936,2023,13539147,141,104238,35.00,-6.66,-5.70
263958,1545,13537867,125,104261,35.00,-6.72,-5.74
263980,1293,13538635,123,104198,35.00,-6.63,-5.70
264579,1331,13539531,128,104108,36.53,-6.65,-5.73
264610,1289,970139,135,103003,35.00,-6.68,-5.73
264632,2376,13546091,153,103038,35.00,-6.69,-5.74
264654,2076,13549035,145,103081,35.00,-6.67,-5.72
264676,1739,13546091,133,103119,35.00,-6.68,-5.70
264698,1401,13543595,122,103059,35.00,-6.65,-5.74
264720,1307,13545387,125,102723,35.00,-6.70,-5.73
264742,1430,13549547,139,102251,35.00,-6.66,-5.70
264764,1762,13549547,149,101777,35.00,-6.66,-5.74
264807,2211,13550107,165,101397,35.00,-6.66,-5.75
264829,2328,13547755,160,101620,35.00,-6.64,-5.76
264851,2469,13549035,159,101835,35.00,-6.68,-5.73
264873,2180,13549547,143,101977,35.00,-6.71,-5.75
264895,1868,13548267,135,102083,35.00,-6.68,-5.73
264917,1447,13548267,125,102157,35.00,-6.70,-5.74
264939,1241,13549035,122,102157,35.00,-6.67,-5.73
264961,1405,13549547,138,102062,35.00,-6.67,-5.74
264983,1629,13547755,151,101920,35.00,-6.66,-5.72
265345,1956,13545579,159,101835,36.52,-6.69,-5.74
265373,2361,961963,169,99096,35.00,-6.66,-5.72
265395,1368,13541419,122,98996,35.00,-6.66,-5.74
265417,1235,13546091,123,98932,35.00,-6.69,-5.73
265439,1259,13546859,133,98871,35.00,-6.66,-5.75
265461,1375,13546859,141,98871,35.00,-6.66,-5.74
265483,1863,13546091,156,98852,35.00,-6.67,-5.73
265505,2156,13547755,165,98798,35.00,-6.66,-5.70
265527,2463,13547371,165,98647,35.00,-6.67,-5.70
265569,2511,13545387,167,98165,35.00,-6.66,-5.73
265591,2298,13541931,153,97995,35.00,-6.70,-5.72
265613,1943,13543211,141,98073,35.00,-6.68,-5.73
265635,1605,13546859,131,98272,35.00,-6.70,-5.76
265657,1311,13549595,127,98545,35.00,-6.69,-5.73
265679,1331,13552283,133,98829,35.00,-6.68,-5.73
265701,1598,13552283,145,99068,35.00,-6.66,-5.67
265723,1893,13552283,152,99179,35.00,-6.68,-5.73
265745,2279,13552283,164,99220,35.00,-6.69,-5.72
265767,2453,13550875,167,99282,35.00,-6.67,-5.73
265809,2515,13551771,165,99836,35.00,-6.68,-5.73
265831,2315,13549595,150,100118,35.00,-6.70,-5.72
265853,1875,13551771,142,100297,35.00,-6.69,-5.73
265875,1421,13554267,123,100209,35.00,-6.66,-5.76
265897,1271,13555035,123,100000,35.00,-6.69,-5.74
265919,1316,13553051,135,99884,35.00,-6.65,-5.72
265941,1607,13552283,151,99912,35.00,-6.67,-5.74
265963,1838,13553563,153,100053,35.00,-6.67,-5.77
265985,2283,13553563,167,100287,35.00,-6.67,-5.73
266359,2599,13553051,169,100523,36.91,-6.64,-5.77
266391,1743,968859,151,103586,35.00,-6.69,-5.76
266413,1753,13548267,137,103810,35.00,-6.71,-5.73
266435,1463,13551387,125,103945,35.00,-6.67,-5.70
266457,1299,13553563,123,103754,35.00,-6.72,-5.76
266479,1396,13551387,139,103349,35.00,-6.66,-5.73
266501,1763,13550875,149,103055,35.00,-6.67,-5.76
266523,2343,13596919,169,103064,35.00,-6.69,-5.74
266545,2350,13619295,168,103408,35.00,-6.69,-5.73
266567,2391,13622751,167,103861,35.00,-6.68,-5.76
266589,2425,13623871,156,104405,35.00,-6.74,-5.76
266631,2106,13625151,141,106107,35.00,-6.65,-5.76
266653,1593,13621471,125,106411,35.00,-6.68,-5.72
266675,1373,13623359,125,106422,35.00,-6.67,-5.73
266697,1235,13623359,133,106326,35.00,-6.68,-5.74
266719,1479,13623359,140,106244,35.00,-6.63,-5.70
266741,1675,13622751,152,106171,35.00,-6.69,-5.70
266763,2107,13625151,168,106056,35.00,-6.65,-5.75
266785,2413,13623871,165,106000,35.00,-6.66,-5.73
266807,2577,13622751,167,105888,35.00,-6.66,-5.76
266829,2387,13625151,150,105700,35.00,-6.70,-5.73
266851,2015,13625535,141,105374,35.00,-6.69,-5.73
266892,1605,13623263,128,104795,35.00,-6.68,-5.76
266914,1363,13622751,121,104854,35.00,-6.67,-5.74
266936,1225,13621471,125,104913,35.00,-6.68,-5.74
266958,1316,13621471,137,105039,35.00,-6.68,-5.74
266980,1670,13621471,149,105210,35.00,-6.69,-5.71
267377,1998,13621983,158,105376,36.74,-6.70,-5.67
267413,1686,1038175,143,103502,35.00,-6.69,-5.69
267435,1251,13619103,126,103795,35.00,-6.65,-5.70
267457,1555,13621087,135,104338,35.00,-6.67,-5.73
267479,1755,13623871,141,104870,35.00,-6.68,-5.73
267501,2147,13623359,153,105310,35.00,-6.65,-5.69
267523,2349,13623871,159,105712,35.00,-6.68,-5.71
267545,2441,13626815,157,106184,35.00,-6.67,-5.76
267567,2361,13626815,149,106929,35.00,-6.67,-5.73
267589,1947,13623359,135,107778,35.00,-6.65,-5.71
267611,1628,13629311,125,108453,35.00,-6.71,-5.73
267633,1241,13631487,119,108892,35.00,-6.65,-5.71
267674,1035,13627519,122,109583,35.00,-6.65,-5.72
267696,1433,13616927,133,109264,35.00,-6.70,-5.72
267718,1359,13617311,140,109078,35.00,-6.68,-5.70
267740,1797,13685336,151,109666,35.00,-6.67,-5.73
267762,2261,1135188,163,110719,35.00,-6.65,-5.74
267784,2367,1144180,165,111375,35.00,-6.65,-5.70
267806,2531,1146892,159,111720,35.00,-6.67,-5.70
267828,3273,1149580,165,112022,35.00,-6.73,-5.70
267850,1963,1156908,135,112277,35.00,-6.69,-5.69
267872,1541,1155020,135,112345,35.00,-6.73,-5.65
267915,1597,1144180,137,112398,35.00,-6.70,-5.72
267937,1357,1111928,141,112629,35.00,-6.66,-5.66
267959,1625,1081352,151,112738,35.00,-6.69,-5.66
267981,1876,1071312,157,112736,35.00,-6.75,-5.64
268393,1941,1073104,160,112679,37.03,-6.69,-5.64
268421,1739,1027503,141,109877,35.00,-6.68,-5.69
268443,2653,13589975,168,108988,35.00,-6.67,-5.70
268465,3051,13575975,173,108110,35.00,-6.59,-5.66
268487,2349,13572295,148,107079,35.00,-6.68,-5.70
268509,2487,13567239,149,106261,35.00,-6.67,-5.72
268531,1669,13565435,135,105725,35.00,-6.60,-5.75
268553,1213,13559995,131,105420,35.00,-6.62,-5.73
268575,1869,13559995,147,105321,35.00,-6.73,-5.80
268616,1511,13559611,149,104441,35.00,-6.64,-5.84
268638,1803,13556443,154,104452,35.00,-6.65,-5.79
268660,2366,13559099,156,104610,35.00,-6.62,-5.82
268682,2277,13557819,157,104824,35.00,-6.61,-5.82
268704,2375,13559611,155,104865,35.00,-6.64,-5.81
268726,2079,13558331,147,104433,35.00,-6.62,-5.80
268748,1641,13556443,135,103909,35.00,-6.60,-5.84
268770,1275,13559099,123,103797,35.00,-6.62,-5.83
268792,996,13560507,125,103995,35.00,-6.60,-5.84
268814,1173,13564155,135,104224,35.00,-6.62,-5.86
268836,1993,13588695,156,104331,35.00,-6.61,-5.85
268877,1117,13612911,149,105797,35.00,-6.63,-5.89
268899,1903,13615087,165,106180,35.00,-6.61,-5.84
268921,2309,13613295,167,105993,35.00,-6.46,-5.81
268943,2085,13610927,156,105268,35.00,-6.59,-5.88
268965,2281,13607471,153,104528,35.00,-6.60,-5.88
268987,1629,13605583,137,104365,35.00,-6.64,-5.82
269412,1371,13606863,136,104459,36.61,-6.61,-5.88
269441,1559,988999,145,102971,35.00,-6.65,-5.78
269463,2301,13567239,159,103424,35.00,-6.62,-5.81
269485,2317,13569415,153,103621,35.00,-6.59,-5.83
269507,1924,13569415,139,103546,35.00,-6.61,-5.81
269529,1529,13570631,133,103086,35.00,-6.58,-5.82
269551,1506,13571911,141,102487,35.00,-6.61,-5.82
269573,1391,13569415,139,101822,35.00,-6.60,-5.83
269595,1763,13571399,150,101163,35.00,-6.64,-5.88
269617,1944,13571399,157,100696,35.00,-6.61,-5.84
269659,2200,13568135,163,100599,35.00,-6.61,-5.81
269681,2248,13569927,158,100549,35.00,-6.58,-5.74
269703,2093,13570631,154,100558,35.00,-6.62,-5.84
269725,2431,13571399,157,100666,35.00,-6.68,-5.78
269747,1904,13574087,140,100821,35.00,-6.66,-5.79
269769,1798,13574087,136,100809,35.00,-6.58,-5.76
269791,1607,13575463,134,100598,35.00,-6.65,-5.79
269813,1596,13570631,139,100561,35.00,-6.59,-5.85
269835,1624,13573575,151,101021,35.00,-6.62,-5.79
269857,2056,13575975,159,101913,35.00,-6.61,-5.82
269900,2783,13606863,177,103830,35.00,-6.63,-5.84
269922,2479,13630975,163,104541,35.00,-6.53,-5.81
269944,1873,13633664,149,105409,35.00,-6.50,-5.78
269966,2235,1054912,147,105885,35.00,-6.57,-5.84
269988,1519,1058080,135,105826,35.00,-6.61,-5.81
270430,1739,1058592,141,105744,36.69,-6.81,-5.94
270461,1213,1035679,137,105260,35.00,-6.60,-5.90
270483,2520,13594039,157,104816,35.00,-6.53,-5.85
270505,1927,13585815,139,104471,35.00,-6.58,-5.91
270527,2057,13540811,149,103888,35.00,-6.62,-6.01
270549,1389,13526835,127,103189,35.00,-6.65,-5.93
270571,1419,13523667,139,102669,35.00,-6.61,-5.96
270593,1484,13522771,146,102461,35.00,-6.58,-5.96
270615,1333,13525043,147,102702,35.00,-6.54,-5.96
270637,2207,13571911,155,103271,35.00,-6.46,-5.89
270659,2364,13591863,165,104014,35.00,-6.60,-5.92
270702,2220,13592759,157,104766,35.00,-6.63,-5.86
270724,1369,13592759,125,104744,35.00,-6.50,-5.87
270746,1390,13592759,141,104746,35.00,-6.61,-5.83
270768,1277,13595255,135,104323,35.00,-6.61,-5.79
270790,1527,13595255,139,103926,35.00,-6.59,-5.78
270812,1640,13594743,147,103830,35.00,-6.56,-5.79
270834,1849,13594039,154,104108,35.00,-6.60,-5.78
270856,2105,13595255,163,104923,35.00,-6.62,-5.78
270878,2175,13596919,173,105856,35.00,-6.56,-5.84
270900,2777,13630207,175,106389,35.00,-6.69,-5.81
270942,1432,13643680,147,107394,35.00,-6.59,-5.70
270964,0,1014519,110,107013,35.00,-6.59,-5.69
270986,0,13590487,110,106691,35.00,-6.51,-5.67
271701,4095,13591095,179,106624,36.67,-6.77,-6.53
271725,4036,1134676,187,105413,35.00,-6.61,-5.67
271747,437,1133972,122,105699,35.00,-6.73,-5.73
271769,196,1133972,123,106079,35.00,-6.81,-5.73
271791,957,1134676,147,106478,35.00,-6.74,-5.70
271813,1607,1133972,160,106686,35.00,-6.81,-5.78
271835,1763,1134676,165,106863,35.00,-6.79,-5.72
271857,1811,1134484,169,107201,35.00,-6.83,-5.72
271879,1853,1132692,167,107742,35.00,-6.90,-5.67
271901,4095,1135956,201,108319,35.00,-6.76,-5.79
271923,4095,1166748,173,108795,35.00,-6.62,-5.82
271965,4095,1171516,167,109176,35.00,-6.81,-5.97
271987,1816,1166748,149,109438,35.00,-6.82,-5.83
272719,3739,1165980,173,109738,36.39,-6.77,-5.92
272747,2133,1139252,153,111472,35.00,-6.56,-6.13
272769,1493,1135188,143,111685,35.00,-6.51,-6.06
272791,1992,1139252,159,111907,35.00,-6.51,-6.11
272813,2510,1149580,172,112238,35.00,-6.52,-6.13
272835,2577,1163292,171,112557,35.00,-6.51,-6.12
272857,2652,1168732,168,112785,35.00,-6.55,-6.12
272879,2469,1175676,154,112934,35.00,-6.55,-6.13
272901,2261,1179132,149,112990,35.00,-6.56,-6.14
272923,1823,1194210,140,113046,35.00,-6.54,-6.15
272945,1595,1200210,127,113070,35.00,-6.53,-6.13
272988,1240,1198738,127,112260,35.00,-6.52,-6.12
273737,1548,1171516,143,111973,36.91,-6.36,-6.07
273770,2312,1071312,149,111696,35.00,-6.50,-6.14
273792,2420,1069648,171,111832,35.00,-6.56,-6.15
273814,2787,1073104,179,111946,35.00,-6.52,-6.13
273836,2857,1073712,175,112011,35.00,-6.51,-6.15
273858,2599,1074992,165,112009,35.00,-6.54,-6.16
273880,2283,1081328,153,111843,35.00,-6.56,-6.15
273902,1863,1084808,143,111578,35.00,-6.51,-6.13
273924,1529,1097192,143,111497,35.00,-6.52,-6.11
273946,1605,1105976,141,111584,35.00,-6.52,-6.13
273968,1714,1107768,152,111681,35.00,-6.53,-6.13
274754,2136,1107256,165,111563,36.63,-6.49,-6.13
274792,2103,1173308,163,106657,35.00,-6.50,-6.16
274814,2366,1172028,160,106483,35.00,-6.52,-6.13
274836,2139,1169628,153,106475,35.00,-6.50,-6.15
274858,2111,1174204,149,106412,35.00,-6.54,-6.14
274880,1549,1176188,137,106052,35.00,-6.51,-6.16
274902,1252,1177852,139,105489,35.00,-6.52,-6.12
274924,1257,1178364,139,105136,35.00,-6.55,-6.19
274946,1373,1177468,147,104927,35.00,-6.52,-6.15
274968,1701,1180930,156,104766,35.00,-6.51,-6.11
274990,2089,1181826,165,104628,35.00,-6.56,-6.13
275518,2423,1181826,169,104512,36.71,-6.52,-6.13
275554,1196,1196002,117,103980,35.00,-6.49,-6.14
275576,1877,1170140,144,103949,35.00,-6.46,-6.12
275598,1559,1169244,135,104057,35.00,-6.53,-6.10
275620,1223,1161452,127,104286,35.00,-6.52,-6.14
275642,1244,1155116,133,104644,35.00,-6.51,-6.16
275664,1428,1140020,143,105107,35.00,-6.52,-6.17
275686,1719,1139252,155,105484,35.00,-6.52,-6.15
275708,1983,1138740,168,105827,35.00,-6.62,-6.19
275730,2471,1135956,179,106170,35.00,-6.52,-6.11
275752,2662,1137364,174,106445,35.00,-6.53,-6.15
275774,2658,1143412,165,106546,35.00,-6.52,-6.20
275815,2299,1144692,155,106617,35.00,-6.52,-6.16
275837,1971,1148172,146,106799,35.00,-6.50,-6.13
275859,1605,1150860,138,106789,35.00,-6.52,-6.16
275881,1321,1150860,133,106601,35.00,-6.50,-6.16
275903,1271,1160556,138,106545,35.00,-6.52,-6.15
275925,1587,1165084,147,106562,35.00,-6.55,-6.15
275947,1909,1165084,159,106638,35.00,-6.52,-6.15
275969,2249,1163244,169,106717,35.00,-6.56,-6.13
275991,2398,1163804,166,106723,35.00,-6.50,-6.11
276535,2531,1163804,168,106557,36.32,-6.50,-6.16
276577,1580,1150348,126,107070,35.00,-6.50,-6.19
276599,1531,1141428,134,107152,35.00,-6.49,-6.18
276621,1405,1143412,135,107224,35.00,-6.52,-6.15
276643,1429,1143412,139,107436,35.00,-6.56,-6.16
276665,1675,1142196,152,107726,35.00,-6.53,-6.16
276687,1965,1142708,166,107807,35.00,-6.49,-6.15
276709,2271,1144692,165,107637,35.00,-6.54,-6.13
276731,2509,1144180,166,107279,35.00,-6.52,-6.14
276753,2427,1141428,165,107017,35.00,-6.52,-6.14
276775,2087,1143412,149,106963,35.00,-6.50,-6.13
276818,1597,1151052,138,105556,35.00,-6.51,-6.16
276840,1269,1170140,134,104693,35.00,-6.52,-6.13
276862,1300,1180162,135,103958,35.00,-6.55,-6.18
276884,1623,1181442,147,103577,35.00,-6.52,-6.17
276906,1884,1178364,159,103509,35.00,-6.54,-6.19
276928,2220,1179644,167,103643,35.00,-6.51,-6.20
276950,2490,1179644,173,103887,35.00,-6.53,-6.14
276972,2411,1176188,165,103993,35.00,-6.51,-6.17
276994,2116,1176188,152,104055,35.00,-6.51,-6.14
277553,1561,1175484,136,104275,36.83,-6.56,-6.15
277583,1939,1101912,137,109631,35.00,-6.50,-6.14
277605,2084,1097704,157,109883,35.00,-6.55,-6.16
277627,2419,1107768,166,110078,35.00,-6.49,-6.16
277649,2611,1110136,171,110195,35.00,-6.53,-6.18
277671,2504,1112824,159,110151,35.00,-6.54,-6.16
277693,2077,1109944,145,110102,35.00,-6.48,-6.14
277715,1679,1108152,135,110200,35.00,-6.52,-6.18
277737,1259,1101720,125,110366,35.00,-6.54,-6.14
277759,1117,1098264,125,110538,35.00,-6.53,-6.16
277800,1407,1101208,145,110926,35.00,-6.56,-6.19
277822,1501,1099032,143,111017,35.00,-6.52,-6.15
277844,1901,1103192,159,111024,35.00,-6.51,-6.13
277866,2259,1108664,170,110963,35.00,-6.50,-6.15
277888,2535,1112824,175,110853,35.00,-6.52,-6.18
277910,2491,1120068,168,110705,35.00,-6.54,-6.15
277932,2291,1136852,156,110551,35.00,-6.53,-6.18
277954,1831,1138132,143,110384,35.00,-6.53,-6.16
277976,1388,1137364,132,110223,35.00,-6.53,-6.16
277998,1157,1136468,127,110078,35.00,-6.51,-6.18
278020,1224,1138644,136,109995,35.00,-6.57,-6.14
278061,1581,1138644,142,109702,35.00,-6.48,-6.16
278083,1791,1136852,151,109377,35.00,-6.53,-6.15
278105,2135,1138740,165,108794,35.00,-6.54,-6.17
278127,2347,1135188,170,108192,35.00,-6.53,-6.17
278149,2445,1134484,165,107673,35.00,-6.52,-6.17
278171,2343,1136852,157,107187,35.00,-6.51,-6.11
278193,1879,1138644,139,106706,35.00,-6.54,-6.15
278215,1527,1137364,136,106422,35.00,-6.49,-6.14
278237,1332,1138740,135,106425,35.00,-6.49,-6.16
278259,1309,1140020,127,106496,35.00,-6.49,-6.16
278302,1455,1138740,141,106856,35.00,-6.56,-6.18
278324,1887,1140020,157,106958,35.00,-6.52,-6.15
278346,2291,1146356,169,106965,35.00,-6.51,-6.16
278368,2514,1148684,173,106766,35.00,-6.52,-6.13
278390,2261,1150860,158,106497,35.00,-6.53,-6.19
278412,2010,1151052,149,106322,35.00,-6.50,-6.13
278434,1661,1150860,135,106424,35.00,-6.55,-6.18
278456,1343,1149068,125,106717,35.00,-6.52,-6.17
278478,1285,1149580,132,106958,35.00,-6.53,-6.12
278500,1316,1149580,139,107286,35.00,-6.53,-6.14
278542,1686,1148684,155,107842,35.00,-6.51,-6.16
278564,2065,1150860,163,107592,35.00,-6.50,-6.10
278586,2184,1150860,167,107216,35.00,-6.60,-6.18
278608,2412,1149068,165,106965,35.00,-6.52,-6.13
278630,2391,1150348,158,106915,35.00,-6.49,-6.16
278652,2073,1149580,149,107025,35.00,-6.50,-6.13
278674,1691,1149580,135,107267,35.00,-6.53,-6.16
278696,1355,1149580,127,107635,35.00,-6.55,-6.14
278718,1271,1151052,135,107999,35.00,-6.52,-6.14
278740,1721,1158572,151,108151,35.00,-6.53,-6.16
278762,1820,1174972,158,107910,35.00,-6.46,-6.14
278803,1835,1180930,159,105139,35.00,-6.54,-6.16
278825,2183,1172796,165,104835,35.00,-6.53,-6.18
278847,2520,1174204,169,104839,35.00,-6.48,-6.18
278869,2557,1175676,166,105003,35.00,-6.54,-6.14
278891,2263,1173308,155,105409,35.00,-6.53,-6.16
278913,2173,1179644,155,106562,35.00,-6.51,-6.17
278935,1336,1187874,134,108026,35.00,-6.52,-6.15
278957,1188,1187778,135,108916,35.00,-6.49,-6.13
278979,1287,1171516,139,109045,35.00,-6.53,-6.18
279341,1405,1169244,141,108728,36.98,-6.53,-6.16
279369,2153,1159788,165,108078,35.00,-6.49,-6.17
279391,1887,1159084,137,107407,35.00,-6.54,-6.15
279413,1613,1161452,133,107131,35.00,-6.56,-6.15
279435,1303,1161964,123,106824,35.00,-6.52,-6.16
279457,1294,1162732,136,106485,35.00,-6.56,-6.14
279479,1405,1164572,147,106204,35.00,-6.54,-6.17
279501,1703,1165468,153,106053,35.00,-6.48,-6.14
279523,2031,1163244,165,105880,35.00,-6.54,-6.18
279565,2391,1161964,171,104683,35.00,-6.52,-6.11
279587,2519,1143412,165,104567,35.00,-6.54,-6.17
279609,2381,1146892,156,104832,35.00,-6.51,-6.17
279631,2287,1156908,155,105359,35.00,-6.51,-6.20
279653,1611,1166748,136,105945,35.00,-6.53,-6.15
279675,1321,1167964,135,106413,35.00,-6.56,-6.16
279697,971,1151564,135,106409,35.00,-6.52,-6.15
279719,1513,1138132,147,105983,35.00,-6.50,-6.15
279741,1643,1132692,148,105286,35.00,-6.51,-6.14
279763,2164,1130516,167,104778,35.00,-6.55,-6.19
279805,2479,1142196,167,105604,35.00,-6.50,-6.17
279827,2549,1148172,167,106101,35.00,-6.49,-6.15
279849,2315,1163244,155,106545,35.00,-6.54,-6.17
279871,1942,1168732,152,106836,35.00,-6.50,-6.16
279893,1477,1167964,137,106804,35.00,-6.51,-6.18
279915,1315,1148172,142,106440,35.00,-6.56,-6.20
279937,887,1138740,127,105672,35.00,-6.55,-6.18
279959,1497,1126500,146,104905,35.00,-6.50,-6.14
279981,2265,1127780,166,104749,35.00,-6.50,-6.14
280351,2252,1141428,165,105121,36.81,-6.54,-6.15
280387,1418,1166748,127,106398,35.00,-6.55,-6.14
280409,2223,1165468,148,106253,35.00,-6.53,-6.17
280431,1780,1165084,139,106180,35.00,-6.52,-6.16
280453,1176,1158572,123,106003,35.00,-6.55,-6.15
280475,1196,1141428,135,105690,35.00,-6.51,-6.16
280497,1301,1151564,136,105373,35.00,-6.52,-6.15
280519,1613,1155628,149,105247,35.00,-6.54,-6.13
280541,2004,1153228,165,105369,35.00,-6.54,-6.11
280563,2285,1155020,167,105712,35.00,-6.53,-6.15
280585,2505,1154508,169,105878,35.00,-6.53,-6.16
280628,2367,1140532,163,105432,35.00,-6.53,-6.10
280650,1981,1132692,141,105344,35.00,-6.51,-6.16
280672,1451,1131796,126,105245,35.00,-6.52,-6.16
280694,1312,1126500,133,105071,35.00,-6.53,-6.17
280716,1257,1124132,136,104833,35.00,-6.54,-6.12
280738,1471,1124132,149,104379,35.00,-6.52,-6.14
280760,1903,1120964,158,103796,35.00,-6.56,-6.15
280782,2220,1118788,168,103299,35.00,-6.52,-6.14
280804,2503,1122244,171,103078,35.00,-6.52,-6.21
280826,2479,1120964,167,103078,35.00,-6.53,-6.13
280868,2211,1118084,154,103039,35.00,-6.50,-6.18
280890,1750,1109944,139,102870,35.00,-6.55,-6.15
280912,1439,1105976,135,102695,35.00,-6.54,-6.16
280934,1253,1105976,135,102631,35.00,-6.55,-6.16
280956,1482,1109944,141,102596,35.00,-6.53,-6.13
280978,1510,1104600,147,102491,35.00,-6.56,-6.13
281368,2091,1032223,169,102361,36.72,-6.53,-6.17
281410,1547,1043903,137,104969,35.00,-6.51,-6.14
281432,1262,13629695,120,104968,35.00,-6.51,-6.15
281454,1145,13633280,123,104800,35.00,-6.52,-6.14
281476,1299,1050368,139,104493,35.00,-6.53,-6.15
281498,1712,1048575,153,103934,35.00,-6.53,-6.09
281520,2134,13632768,167,103233,35.00,-6.51,-6.13
281542,2355,1051264,164,102680,35.00,-6.56,-6.15
281564,2531,1048575,169,102501,35.00,-6.52,-6.14
281586,2429,13634176,158,102609,35.00,-6.53,-6.11
281608,2022,1045119,147,102660,35.00,-6.54,-6.15
281650,1363,13617311,124,101829,35.00,-6.55,-6.17
281672,1321,13593271,123,101855,35.00,-6.56,-6.18
281694,1310,13592759,133,102108,35.00,-6.51,-6.12
281716,1619,13614575,140,102525,35.00,-6.53,-6.17
281738,1845,13622751,151,102999,35.00,-6.52,-6.14
281760,2223,13623871,166,103389,35.00,-6.55,-6.18
281782,2553,13626047,172,103442,35.00,-6.54,-6.15
281804,2502,13625535,167,103297,35.00,-6.50,-6.13
281826,2285,13606863,151,102955,35.00,-6.53,-6.18
281848,1883,13596023,137,102446,35.00,-6.55,-6.17
281870,1599,13594743,133,102260,35.00,-6.53,-6.17
281911,1357,13596535,124,103336,35.00,-6.54,-6.12
281933,1259,13615135,127,103729,35.00,-6.55,-6.17
281955,1419,13623263,138,104316,35.00,-6.51,-6.16
281977,1690,13625535,151,104806,35.00,-6.53,-6.14
281999,1929,13627327,157,104854,35.00,-6.48,-6.16
282021,2458,13602191,173,104360,35.00,-6.54,-6.14
282043,2471,13595255,167,103607,35.00,-6.54,-6.17
282065,2411,13593271,151,103058,35.00,-6.54,-6.15
282087,2091,13592759,141,102995,35.00,-6.55,-6.16
282109,1765,13594743,126,103232,35.00,-6.49,-6.12
282152,1395,13596023,125,103653,35.00,-6.48,-6.17
282174,1289,13585047,127,103685,35.00,-6.53,-6.15
282196,1560,13591863,138,103173,35.00,-6.55,-6.15
282218,1898,13594743,156,102160,35.00,-6.53,-6.18
282240,2253,13594551,168,101229,35.00,-6.52,-6.16
282262,2519,13594551,171,100629,35.00,-6.51,-6.15
282284,2573,13596023,167,100428,35.00,-6.52,-6.16
282306,2265,13594743,153,100375,35.00,-6.51,-6.17
282328,1889,13593271,141,100420,35.00,-6.49,-6.16
282350,1490,13594551,127,100517,35.00,-6.56,-6.16
282392,1271,13595255,125,101201,35.00,-6.51,-6.17
282414,1209,13592375,138,101434,35.00,-6.53,-6.14
282436,1547,13592375,151,101695,35.00,-6.53,-6.16
282458,1972,13592375,159,101910,35.00,-6.53,-6.15
282480,2376,13591863,167,101938,35.00,-6.52,-6.18
282502,2535,13592375,169,101767,35.00,-6.53,-6.15
282524,2553,13592375,165,101587,35.00,-6.50,-6.19
282546,2133,13590487,149,101492,35.00,-6.49,-6.16
282568,1767,13613807,134,101502,35.00,-6.54,-6.15
282590,1419,13627519,125,101755,35.00,-6.51,-6.12
282612,1273,13629695,125,102139,35.00,-6.56,-6.12
282653,1381,13630207,137,102810,35.00,-6.48,-6.20
282675,1439,13628031,141,102910,35.00,-6.53,-6.18
282697,1831,13627519,155,103196,35.00,-6.52,-6.15
282719,2213,13633664,169,103582,35.00,-6.53,-6.12
282741,2184,1119556,165,104019,35.00,-6.52,-6.17
282763,2360,1134676,168,104452,35.00,-6.51,-6.21
282785,2121,1134484,152,104761,35.00,-6.52,-6.15
282807,1719,1132308,140,104872,35.00,-6.51,-6.15
282829,1303,1129956,135,105004,35.00,-6.56,-6.13
282851,920,1114628,126,105465,35.00,-6.51,-6.18
282894,1134,1089576,137,107791,35.00,-6.53,-6.16
282916,1805,1066256,153,107516,35.00,-6.50,-6.14
282938,2088,1063648,165,107102,35.00,-6.50,-6.15
282960,2474,1067664,173,106854,35.00,-6.54,-6.16
282982,2921,1099032,174,106977,35.00,-6.49,-6.17
283403,2358,1121732,160,107288,36.54,-6.55,-6.16
283435,2129,1093032,149,112324,35.00,-6.53,-6.14
283457,2034,1091368,166,112296,35.00,-6.49,-6.14
283479,2409,1097192,170,112197,35.00,-6.54,-6.17
283501,2552,1099032,173,112059,35.00,-6.54,-6.14
283523,2422,1103192,159,111912,35.00,-6.55,-6.14
283545,2031,1104088,148,111619,35.00,-6.54,-6.16
283567,1603,1103704,139,111150,35.00,-6.52,-6.13
283589,1268,1105880,127,110569,35.00,-6.55,-6.19
283611,1093,1098264,135,110125,35.00,-6.52,-6.14
283633,1379,1092264,140,109925,35.00,-6.50,-6.12
283676,1804,1094248,154,110258,35.00,-6.53,-6.17
283698,2403,1104088,171,110396,35.00,-6.52,-6.12
283720,2777,1118084,179,110437,35.00,-6.50,-6.16
283742,2533,1127012,169,110429,35.00,-6.53,-6.15
283764,2219,1138740,158,110383,35.00,-6.54,-6.16
283786,1901,1150860,149,110093,35.00,-6.51,-6.11
283808,1221,1169244,127,109523,35.00,-6.48,-6.18
283830,1236,1173692,135,109006,35.00,-6.51,-6.17
283852,1516,1171516,140,108689,35.00,-6.49,-6.18
283874,1854,1171420,157,108428,35.00,-6.52,-6.13
283916,1939,1177852,167,107677,35.00,-6.53,-6.13
283938,2303,1148172,173,107397,35.00,-6.53,-6.07
283960,2443,1154508,171,107217,35.00,-6.56,-6.13
283982,2406,1157804,163,107253,35.00,-6.50,-6.16
284420,2066,1155116,149,107301,37.04,-6.56,-6.15
284458,2293,1138132,153,104235,35.00,-6.53,-6.17
284480,2437,1128676,165,104175,35.00,-6.54,-6.14
284502,2205,1129956,154,104167,35.00,-6.53,-6.17
284524,1848,1128676,143,104160,35.00,-6.54,-6.15
284546,1469,1129956,136,104222,35.00,-6.53,-6.14
284568,1279,1128292,133,104258,35.00,-6.53,-6.15
284590,1238,1128676,137,104262,35.00,-6.54,-6.15
284612,1469,1127012,147,104295,35.00,-6.52,-6.16
284634,1829,1126308,156,104365,35.00,-6.50,-6.13
284656,2197,1123620,165,104489,35.00,-6.54,-6.11
284698,2537,1108664,173,104377,35.00,-6.51,-6.16
284720,2527,1105880,166,104560,35.00,-6.53,-6.14
284742,2302,1110136,156,104813,35.00,-6.51,-6.12
284764,1866,1110648,141,105071,35.00,-6.53,-6.13
284786,1467,1107256,135,105092,35.00,-6.53,-6.13
284808,1513,1110136,141,104737,35.00,-6.56,-6.15
284830,1279,1115908,137,104440,35.00,-6.54,-6.13
284852,1513,1118276,143,104338,35.00,-6.55,-6.11
284874,1880,1115908,157,104305,35.00,-6.55,-6.16
284896,2333,1116804,168,104262,35.00,-6.51,-6.16
284918,2475,1118084,173,104155,35.00,-6.53,-6.16
284959,2543,1103192,167,103423,35.00,-6.52,-6.14
284981,2431,1097752,155,103338,35.00,-6.52,-6.17
285692,2005,1097704,147,103436,36.54,-6.51,-6.14
285721,2159,998887,167,103034,35.00,-6.55,-6.15
285743,1817,13584151,137,102875,35.00,-6.50,-6.16
285765,1514,13586519,127,102885,35.00,-6.49,-6.16
285787,1289,13584535,133,102986,35.00,-6.54,-6.16
285809,1367,13579623,138,103158,35.00,-6.53,-6.17
285831,1593,13577639,149,103333,35.00,-6.53,-6.17
285853,2007,13579623,159,103413,35.00,-6.52,-6.14
285875,2315,13578151,164,103462,35.00,-6.54,-6.14
285897,2503,13575975,166,103580,35.00,-6.52,-6.11
285919,2507,13576871,163,103708,35.00,-6.58,-6.16
285961,2230,13577639,155,103901,35.00,-6.53,-6.14
285983,1797,13575463,139,104019,35.00,-6.50,-6.16
286709,1403,13577639,136,104078,36.54,-6.53,-6.15
286743,1757,993447,152,100849,35.00,-6.53,-6.14
286765,1278,13572295,125,100802,35.00,-6.50,-6.16
286787,1279,13574183,134,100794,35.00,-6.52,-6.17
286809,1509,13574183,143,100924,35.00,-6.51,-6.13
286831,1890,13574183,153,101110,35.00,-6.49,-6.13
286853,2187,13574183,165,101336,35.00,-6.54,-6.18
286875,2455,13575463,167,101459,35.00,-6.53,-6.16
286897,2449,13571911,159,101394,35.00,-6.55,-6.16
286919,2221,13554267,151,101026,35.00,-6.55,-6.18
286941,2007,13545387,139,100518,35.00,-6.54,-6.16
286963,1373,13538635,123,100479,35.00,-6.51,-6.16
287727,1593,13578855,135,101592,37.10,-6.48,-6.17
287766,1711,1000727,149,103688,35.00,-6.53,-6.16
287788,1581,13580519,143,103855,35.00,-6.51,-6.16
287810,1869,13582311,154,103965,35.00,-6.53,-6.15
287832,2280,13582359,159,103779,35.00,-6.50,-6.15
287854,2461,13580519,163,103324,35.00,-6.50,-6.17
287876,2488,13581799,159,102806,35.00,-6.54,-6.15
287898,2185,13582359,149,102378,35.00,-6.53,-6.16
287920,1741,13582311,137,102131,35.00,-6.54,-6.13
287942,1459,13581031,133,102090,35.00,-6.53,-6.16
287964,1303,13582359,123,102143,35.00,-6.55,-6.14
287986,1363,13580519,138,102186,35.00,-6.56,-6.16
288027,1705,13580519,149,102442,35.00,-6.50,-6.16
288049,1800,13582311,149,102629,35.00,-6.50,-6.15
288071,2149,13582311,166,102620,35.00,-6.52,-6.14
288093,2439,13581799,167,102505,35.00,-6.51,-6.14
288115,2483,13582871,168,102472,35.00,-6.51,-6.14
288137,2339,13584151,155,102500,35.00,-6.52,-6.11
288159,1910,13582871,141,102555,35.00,-6.51,-6.16
288181,1581,13582871,127,102603,35.00,-6.52,-6.16
288203,1297,13584151,125,102694,35.00,-6.52,-6.15
288225,1322,13582359,133,102753,35.00,-6.50,-6.17
288267,1587,13582359,143,102817,35.00,-6.54,-6.10
288289,1846,13581799,154,102913,35.00,-6.54,-6.13
288311,2165,13578855,163,102879,35.00,-6.54,-6.16
288333,2364,13549547,167,102557,35.00,-6.56,-6.13
288355,2547,13536651,163,101979,35.00,-6.51,-6.14
288377,2285,13534987,151,101490,35.00,-6.54,-6.13
288399,1899,13557211,138,101332,35.00,-6.52,-6.17
288421,1403,13561787,124,101551,35.00,-6.55,-6.11
288443,1263,13577639,123,102101,35.00,-6.52,-6.13
288465,1275,13580135,135,102485,35.00,-6.45,-6.12
288487,1533,13582311,147,102280,35.00,-6.55,-6.15
288528,1883,13582359,157,101553,35.00,-6.50,-6.14
288550,2019,13578343,165,101980,35.00,-6.55,-6.12
288572,2444,13581799,169,102256,35.00,-6.50,-6.15
288594,2515,13581799,164,102274,35.00,-6.51,-6.13
288616,2421,13580519,154,102123,35.00,-6.57,-6.16
288638,1994,13578855,145,101975,35.00,-6.54,-6.20
288660,1621,13580519,133,102026,35.00,-6.52,-6.16
288682,1289,13578855,125,102112,35.00,-6.54,-6.17
288704,1267,13576871,135,102090,35.00,-6.53,-6.15
288726,1499,13576871,141,101771,35.00,-6.52,-6.18
288748,1813,13575975,151,101279,35.00,-6.50,-6.15
288789,2213,13574087,167,101185,35.00,-6.50,-6.16
288811,2383,13574183,166,101614,35.00,-6.53,-6.13
288833,2597,13574183,169,102085,35.00,-6.55,-6.14
288855,2606,13578343,163,102238,35.00,-6.48,-6.13
288877,2101,13581799,148,102174,35.00,-6.56,-6.12
288899,1737,13585815,135,102100,35.00,-6.52,-6.16
288921,1387,13587799,134,102036,35.00,-6.54,-6.15
288943,1223,13587799,134,101926,35.00,-6.52,-6.15
288965,1367,13587031,143,101814,35.00,-6.54,-6.15
288987,1720,13581031,152,101806,35.00,-6.51,-6.17
289029,2025,13554267,165,101825,35.00,-6.56,-6.16
289051,2483,13533195,171,101665,35.00,-6.52,-6.11
289073,2541,13529203,167,101237,35.00,-6.54,-6.12
289095,2421,13528499,159,100730,35.00,-6.53,-6.15
289117,2132,13531891,143,100478,35.00,-6.54,-6.16
289139,1581,13537867,135,100424,35.00,-6.53,-6.15
289161,1399,13543211,133,100461,35.00,-6.50,-6.17
289183,1299,13555931,135,100457,35.00,-6.56,-6.15
289205,1460,13565435,143,100641,35.00,-6.56,-6.13
289227,1753,13569415,153,100989,35.00,-6.56,-6.16
289249,1957,13564155,159,101336,35.00,-6.51,-6.18
289290,2413,13549595,172,101365,35.00,-6.52,-6.15
289312,2520,13549035,169,101417,35.00,-6.53,-6.15
289334,2476,13550107,167,101504,35.00,-6.53,-6.15
289356,2175,13546859,151,101487,35.00,-6.51,-6.12
289378,1820,13547371,141,101422,35.00,-6.52,-6.13
289400,1711,13561787,137,101472,35.00,-6.51,-6.13
289422,1309,13570631,127,101572,35.00,-6.51,-6.15
289444,1389,13582311,139,101649,35.00,-6.49,-6.19
289466,1604,13585047,151,101790,35.00,-6.54,-6.14
289488,1967,13585815,159,101921,35.00,-6.54,-6.16
289531,2314,13588695,167,101871,35.00,-6.53,-6.15
289553,2453,13590583,159,101933,35.00,-6.51,-6.19
289575,2330,13593271,151,101980,35.00,-6.55,-6.14
289597,1925,13591863,140,102003,35.00,-6.52,-6.13
289619,1503,13589207,135,102026,35.00,-6.52,-6.11
289641,1157,13579623,133,102067,35.00,-6.55,-6.18
289663,1359,13573575,137,102092,35.00,-6.52,-6.14
289685,1549,13570119,143,102016,35.00,-6.53,-6.17
289707,1918,13567239,158,101800,35.00,-6.52,-6.17
289729,2263,13568135,167,101400,35.00,-6.51,-6.13
289771,2509,13569415,171,100293,35.00,-6.53,-6.16
289793,2318,13561275,161,100166,35.00,-6.53,-6.15
289815,2251,13551387,157,100083,35.00,-6.52,-6.12
289837,2013,13555035,147,100184,35.00,-6.52,-6.14
289859,1460,13568135,133,100481,35.00,-6.54,-6.13
289881,1175,13570631,133,100729,35.00,-6.54,-6.15
289903,1331,13557723,141,100745,35.00,-6.53,-6.17
289925,1557,13543595,143,100632,35.00,-6.54,-6.15
289947,1977,13538635,155,100496,35.00,-6.51,-6.16
289969,2315,13539147,164,100364,35.00,-6.53,-6.16
289991,2511,13539531,167,100333,35.00,-6.50,-6.15
290032,2571,13546859,163,100713,35.00,-6.55,-6.14
290054,2419,13571911,153,100814,35.00,-6.53,-6.18
290076,1835,13585815,140,100902,35.00,-6.51,-6.13
290098,1631,13586519,137,100936,35.00,-6.53,-6.14
290120,1307,13590487,125,101045,35.00,-6.52,-6.17
290142,1285,13589975,135,101237,35.00,-6.52,-6.14
290164,1516,13588695,149,101280,35.00,-6.52,-6.14
290186,1850,13589207,156,101206,35.00,-6.55,-6.13
290208,2171,13581031,167,101215,35.00,-6.52,-6.12
290230,2485,13574183,169,101215,35.00,-6.56,-6.12
290273,2549,13572295,168,101185,35.00,-6.51,-6.20
290295,2052,13572807,141,101390,35.00,-6.54,-6.13
290317,1683,13574183,137,101537,35.00,-6.54,-6.13
290339,1364,13575975,136,101484,35.00,-6.54,-6.17
290361,1308,13573575,125,101201,35.00,-6.50,-6.13
290383,1361,13564667,139,100665,35.00,-6.55,-6.12
290405,1759,13553051,150,100139,35.00,-6.54,-6.14
290427,2104,13549595,171,99735,35.00,-6.52,-6.13
290449,2405,13551771,169,99539,35.00,-6.56,-6.16
290471,2473,13551771,165,99609,35.00,-6.55,-6.18
290513,2375,13552283,156,100063,35.00,-6.55,-6.14
290535,1979,13561787,142,100354,35.00,-6.55,-6.16
290557,1553,13567751,140,100624,35.00,-6.51,-6.11
290579,1304,13566471,124,100681,35.00,-6.52,-6.16
290601,1307,13560507,135,100623,35.00,-6.50,-6.14
290623,1525,13561787,146,100550,35.00,-6.52,-6.12
290645,1821,13565435,151,100604,35.00,-6.49,-6.15
290667,2069,13578343,159,100660,35.00,-6.53,-6.12
290689,2351,13579623,171,100719,35.00,-6.54,-6.15
290711,2424,13575463,157,100863,35.00,-6.53,-6.12
290733,2793,13600527,164,101363,35.00,-6.52,-6.11
290774,1555,13712868,123,105836,35.00,-6.57,-6.16
290796,1349,1202002,123,107148,35.00,-6.55,-6.17
290818,999,1204786,121,108220,35.00,-6.59,-6.18
290840,981,1202002,133,109121,35.00,-6.50,-6.15
290862,1179,1201490,141,109782,35.00,-6.52,-6.16
290884,1617,1199506,153,110132,35.00,-6.54,-6.12
290906,2003,1200018,166,110197,35.00,-6.50,-6.10
290928,2355,1196050,171,110064,35.00,-6.55,-6.13
290950,2540,1196050,171,109834,35.00,-6.56,-6.10
290972,2485,1196050,167,109423,35.00,-6.53,-6.16
291542,2021,1192034,149,107055,37.07,-6.52,-6.14
291576,1880,1132308,157,105357,35.00,-6.51,-6.14
291598,1179,1126308,123,104709,35.00,-6.52,-6.15
291620,1251,1126308,137,104084,35.00,-6.54,-6.17
291642,1497,1127012,143,103722,35.00,-6.53,-6.15
291664,1847,1127012,157,103638,35.00,-6.51,-6.15
291686,2253,1126500,165,103630,35.00,-6.50,-6.17
291708,2494,1125796,169,103672,35.00,-6.51,-6.11
291730,2509,1125028,168,103795,35.00,-6.50,-6.13
291752,2215,1126500,152,104011,35.00,-6.52,-6.14
291774,1799,1124516,141,104184,35.00,-6.53,-6.18
291817,1385,1120964,125,104361,35.00,-6.53,-6.13
291839,1288,1121732,127,104494,35.00,-6.50,-6.13
291861,1433,1121732,143,104543,35.00,-6.53,-6.16
291883,1767,1122340,154,104528,35.00,-6.53,-6.18
291905,2142,1123620,167,104491,35.00,-6.55,-6.13
291927,2431,1123620,169,104520,35.00,-6.55,-6.18
291949,2501,1122340,167,104615,35.00,-6.53,-6.19
291971,2349,1120964,159,104662,35.00,-6.51,-6.15
291993,1949,1124516,141,104637,35.00,-6.51,-6.14
292560,1555,1125028,135,104625,36.81,-6.54,-6.15
292599,1803,1113592,155,104005,35.00,-6.55,-6.14
292621,1671,1103704,149,103995,35.00,-6.55,-6.16
292643,2001,1104600,164,104016,35.00,-6.54,-6.13
292665,2409,1105880,169,104066,35.00,-6.49,-6.19
292687,2493,1107256,171,104137,35.00,-6.50,-6.18
292709,2429,1107256,159,104160,35.00,-6.51,-6.15
292731,2125,1103704,153,104159,35.00,-6.52,-6.17
292753,1687,1104088,139,104255,35.00,-6.53,-6.16
292775,1293,1109944,127,104469,35.00,-6.53,-6.15
292797,1255,1117572,127,104623,35.00,-6.53,-6.12
292839,1288,1118788,137,104755,35.00,-6.52,-6.15
292861,1654,1118788,149,104848,35.00,-6.51,-6.18
292883,2075,1118084,163,104840,35.00,-6.55,-6.12
292905,2355,1117572,171,104765,35.00,-6.55,-6.14
292927,2539,1118084,169,104686,35.00,-6.54,-6.14
292949,2381,1118276,157,104663,35.00,-6.52,-6.14
292971,2002,1117572,141,104719,35.00,-6.50,-6.15
292993,1597,1118788,135,104787,35.00,-6.52,-6.16
293577,1263,1118788,107,104612,36.71,-6.50,-6.20
293608,1499,1156396,141,105165,35.00,-6.53,-6.21
293630,1913,1149068,139,105702,35.00,-6.55,-6.17
293652,1581,1152844,136,106233,35.00,-6.50,-6.16
293674,1309,1153740,127,106405,35.00,-6.51,-6.12
293696,1237,1153740,138,106223,35.00,-6.52,-6.11
293718,1428,1155020,146,105854,35.00,-6.52,-6.13
293740,1773,1152844,155,105421,35.00,-6.54,-6.18
293782,2107,1148684,165,104438,35.00,-6.52,-6.15
293804,2484,1142196,169,104443,35.00,-6.50,-6.15
293826,2458,1138644,167,104497,35.00,-6.54,-6.15
293848,2367,1136852,163,104458,35.00,-6.54,-6.15
293870,1928,1135188,147,104397,35.00,-6.54,-6.17
293892,1407,1125028,135,104283,35.00,-6.56,-6.17
293914,1305,1095016,135,104149,35.00,-6.51,-6.15
293936,1369,1085512,139,103975,35.00,-6.50,-6.14
293958,1529,1087304,148,103773,35.00,-6.54,-6.16
293980,649,1028719,137,103562,35.00,-6.55,-6.13
294022,2317,13555035,169,103078,35.00,-6.61,-6.19
294044,2531,13527219,166,103115,35.00,-6.56,-6.14
294066,2645,13523155,163,103112,35.00,-6.55,-6.20
294088,2361,13522259,151,103100,35.00,-6.48,-6.16
294110,1948,13521491,138,103160,35.00,-6.54,-6.16
294132,1515,13520275,133,103325,35.00,-6.53,-6.12
294154,1324,13520275,127,103413,35.00,-6.54,-6.17
294176,1453,13518995,139,103327,35.00,-6.52,-6.15
294198,1651,13520275,147,103212,35.00,-6.52,-6.11
294220,2031,13518995,166,103158,35.00,-6.56,-6.18
294242,2345,13519507,165,103133,35.00,-6.52,-6.16
294283,2569,13520787,169,102804,35.00,-6.52,-6.15
294305,2589,13517331,169,102180,35.00,-6.55,-6.13
294327,2351,13518611,153,101642,35.00,-6.56,-6.22
294349,1913,13516259,141,101529,35.00,-6.54,-6.16
294371,1497,13514083,127,101708,35.00,-6.53,-6.12
294393,1615,13553563,135,102034,35.00,-6.50,-6.12
294415,1150,13590583,125,102435,35.00,-6.50,-6.14
294437,1394,13600527,139,102841,35.00,-6.56,-6.19
294459,1673,13616415,153,103243,35.00,-6.56,-6.11
294481,1895,13613807,154,103576,35.00,-6.55,-6.16
294503,2173,13596535,165,103822,35.00,-6.57,-6.14
294544,2455,13566471,165,104011,35.00,-6.55,-6.16
294566,2501,13553755,157,104099,35.00,-6.53,-6.17
294588,2161,13557723,147,104168,35.00,-6.56,-6.17
294610,1759,13557211,139,104120,35.00,-6.49,-6.15
294632,1307,13556443,127,104068,35.00,-6.54,-6.18
294654,1333,13555035,133,104079,35.00,-6.53,-6.13
294676,1542,13554267,143,104184,35.00,-6.52,-6.13
294698,1855,13553563,153,104313,35.00,-6.56,-6.15
294720,2188,13554267,167,104381,35.00,-6.51,-6.14
294742,2597,13555547,170,104469,35.00,-6.52,-6.14
294784,2568,13550107,171,104718,35.00,-6.56,-6.14
294806,2429,13548267,156,104507,35.00,-6.56,-6.14
294828,2141,13547755,146,104164,35.00,-6.51,-6.16
294850,1635,13549035,132,103853,35.00,-6.54,-6.11
294872,1197,13585047,119,103735,35.00,-6.51,-6.14
294894,1115,13594039,136,103692,35.00,-6.53,-6.13
294916,1316,13592759,137,103355,35.00,-6.50,-6.17
294938,1599,13615135,146,102951,35.00,-6.54,-6.16
294960,1947,13623871,158,102796,35.00,-6.56,-6.14
294982,2303,13623359,167,102929,35.00,-6.51,-6.12
295358,2395,13621087,164,103198,36.51,-6.52,-6.15
295386,2228,1005399,167,104497,35.00,-6.50,-6.16
295408,1785,13582359,136,104415,35.00,-6.57,-6.13
295430,1426,13585047,125,104391,35.00,-6.52,-6.12
295452,1311,13587031,132,104409,35.00,-6.54,-6.13
295474,1297,13586519,137,104457,35.00,-6.52,-6.17
295496,1555,13591095,141,104507,35.00,-6.52,-6.12
295518,1938,13591863,155,104502,35.00,-6.50,-6.15
295540,2283,13590583,167,104369,35.00,-6.50,-6.16
295562,2503,13592759,167,103969,35.00,-6.54,-6.16
295584,2507,13594039,164,103458,35.00,-6.56,-6.10
295606,2189,13592375,151,102998,35.00,-6.53,-6.17
295647,1832,13592759,137,102313,35.00,-6.54,-6.18
295669,1603,13590583,136,102325,35.00,-6.50,-6.16
295691,1368,13591863,125,102396,35.00,-6.52,-6.16
295713,1260,13588311,133,102510,35.00,-6.53,-6.15
295735,1501,13586519,137,102611,35.00,-6.52,-6.16
295757,1798,13584535,153,102582,35.00,-6.51,-6.15
295779,2208,13582359,167,102515,35.00,-6.50,-6.11
295801,2513,13582871,169,102499,35.00,-6.54,-6.16
295823,2587,13582359,166,102510,35.00,-6.53,-6.15
295845,2357,13580519,153,102541,35.00,-6.50,-6.13
295888,1883,13582311,139,102992,35.00,-6.54,-6.16
295910,1517,13601423,128,103257,35.00,-6.53,-6.11
295932,1361,13623359,134,103479,35.00,-6.52,-6.16
295954,1367,13632768,135,103735,35.00,-6.54,-6.18
295976,1555,1048576,143,103978,35.00,-6.49,-6.12
295998,1982,1049088,159,104087,35.00,-6.54,-6.17
296020,2155,1106488,159,104521,35.00,-6.53,-6.12
296042,2363,1126500,167,104689,35.00,-6.51,-6.14
296064,2328,1126308,157,104450,35.00,-6.52,-6.16
296086,1945,1122852,147,104213,35.00,-6.52,-6.18
296128,1509,1125796,133,104484,35.00,-6.58,-6.11
296150,1133,1111416,125,104547,35.00,-6.54,-6.16
296172,1159,1105368,133,104503,35.00,-6.50,-6.12
296194,1337,1099032,139,104246,35.00,-6.52,-6.13
296216,1783,1016335,163,103546,35.00,-6.53,-6.13
296238,2253,13567751,169,102627,35.00,-6.53,-6.15
296260,2391,13545579,168,101924,35.00,-6.53,-6.13
296282,2535,13526835,164,101503,35.00,-6.54,-6.14
296304,2623,13523155,165,101396,35.00,-6.55,-6.11
296326,2186,13551771,143,101653,35.00,-6.54,-6.12
296348,1567,13561979,125,102111,35.00,-6.51,-6.14
296389,1405,13568647,127,102944,35.00,-6.54,-6.14
296411,1301,13582871,125,103179,35.00,-6.51,-6.13
296433,1381,13585047,137,103188,35.00,-6.52,-6.14
296455,1592,13592759,149,103116,35.00,-6.54,-6.17
296477,2073,13586519,165,103156,35.00,-6.51,-6.12
296499,2187,13571399,165,103163,35.00,-6.54,-6.13
296521,2681,13576359,169,102781,35.00,-6.56,-6.19
296543,2429,13580519,159,102353,35.00,-6.50,-6.13
296565,2105,13578855,149,102103,35.00,-6.51,-6.16
296587,1719,13574695,137,102019,35.00,-6.53,-6.15
296629,1404,13569927,127,102382,35.00,-6.50,-6.12
296651,1251,13583639,133,102301,35.00,-6.51,-6.14
296673,1465,13584535,141,102232,35.00,-6.55,-6.17
296695,1736,13589975,153,102398,35.00,-6.52,-6.13
296717,2118,13591095,163,102590,35.00,-6.53,-6.16
296739,2379,13591095,166,102622,35.00,-6.51,-6.16
296761,2553,13589975,167,102514,35.00,-6.53,-6.14
296783,2332,13590583,154,102582,35.00,-6.48,-6.11
296805,2009,13595255,142,102813,35.00,-6.51,-6.12
296827,1621,13596919,135,103095,35.00,-6.52,-6.13
296849,1311,13598711,131,103238,35.00,-6.50,-6.16
296890,1308,13602895,133,102035,35.00,-6.52,-6.14
296912,1271,13606351,136,101919,35.00,-6.51,-6.20
296934,1497,13616415,147,101852,35.00,-6.56,-6.16
296956,2037,13621087,159,101363,35.00,-6.54,-6.17
296978,2310,13620575,162,100720,35.00,-6.50,-6.15
297393,2527,13615087,169,100020,36.77,-6.53,-6.13
297432,2535,1017999,173,105383,35.00,-6.53,-6.15
297454,1491,13727988,137,106097,35.00,-6.54,-6.10
297476,1613,1172028,152,106786,35.00,-6.51,-6.10
297498,2283,1181826,169,107045,35.00,-6.56,-6.14
297520,2275,1185602,167,106853,35.00,-6.51,-6.09
297542,2341,1198226,160,106684,35.00,-6.51,-6.13
297564,1811,1210226,143,106808,35.00,-6.55,-6.14
297586,1327,1200018,133,107203,35.00,-6.59,-6.15
297608,1179,1190050,133,107836,35.00,-6.54,-6.19
297630,1012,1181442,133,108631,35.00,-6.54,-6.15
297672,1579,1175676,148,110388,35.00,-6.52,-6.11
297694,1855,1138740,153,110743,35.00,-6.54,-6.15
297716,2301,1142900,169,111103,35.00,-6.51,-6.07
297738,2569,1146868,171,111236,35.00,-6.54,-6.14
297760,2569,1145076,169,111132,35.00,-6.51,-6.13
297782,2267,1144180,155,110945,35.00,-6.58,-6.17
297804,1939,1148172,143,110864,35.00,-6.54,-6.14
297826,1481,1144692,134,110981,35.00,-6.54,-6.12
297848,1273,1138644,135,111367,35.00,-6.54,-6.13
297870,1269,1140532,136,111806,35.00,-6.54,-6.10
297892,1507,1140916,145,112072,35.00,-6.56,-6.14
297933,1871,1140532,157,112761,35.00,-6.55,-6.11
297955,2089,1141428,164,113095,35.00,-6.56,-6.15
297977,2359,1142708,171,113411,35.00,-6.49,-6.13
297999,2427,1142708,169,113651,35.00,-6.52,-6.10
298021,2493,1140020,163,113883,35.00,-6.55,-6.13
298043,1983,1141428,152,114178,35.00,-6.56,-6.13
298065,1565,1140020,135,114429,35.00,-6.55,-6.13
298087,1303,1138740,136,114681,35.00,-6.52,-6.12
298109,1261,1142708,137,114747,35.00,-6.53,-6.14
298131,1443,1145588,151,114498,35.00,-6.56,-6.12
298174,1694,1144692,153,113488,35.00,-6.52,-6.14
298196,2345,1147404,169,113349,35.00,-6.50,-6.15
298218,2475,1147404,168,113430,35.00,-6.52,-6.10
298240,2420,1147404,165,113627,35.00,-6.54,-6.08
298262,2185,1148172,151,113831,35.00,-6.55,-6.09
298284,1747,1150348,139,114041,35.00,-6.53,-6.13
298306,1336,1147404,127,114261,35.00,-6.55,-6.13
298328,1223,1144692,136,114480,35.00,-6.52,-6.11
298350,1284,1144692,141,114658,35.00,-6.54,-6.10
298372,1571,1138740,151,114827,35.00,-6.53,-6.11
298414,2011,1140020,159,115088,35.00,-6.57,-6.07
298436,2405,1142196,169,115073,35.00,-6.49,-6.08
298458,2302,1140916,169,115103,35.00,-6.51,-6.12
298480,2379,1138740,167,115191,35.00,-6.52,-6.08
298502,1959,1138644,147,115217,35.00,-6.49,-6.10
298524,1495,1138644,134,115222,35.00,-6.52,-6.13
298546,1175,1138132,126,115275,35.00,-6.53,-6.12
298568,1161,1138740,135,115355,35.00,-6.53,-6.11
298590,1240,1140532,141,115397,35.00,-6.56,-6.07
298612,1549,1140916,148,115441,35.00,-6.52,-6.18
298634,2031,1140532,165,115490,35.00,-6.55,-6.12
298675,2444,1138740,178,115411,35.00,-6.60,-6.10
298697,2621,1135956,174,115426,35.00,-6.54,-6.12
298719,2547,1138740,165,115443,35.00,-6.55,-6.12
298741,2339,1140020,154,115343,35.00,-6.55,-6.14
298763,1833,1138132,143,114977,35.00,-6.58,-6.13
298785,1437,1135188,132,114538,35.00,-6.53,-6.14
298807,1331,1136852,133,114183,35.00,-6.54,-6.12
298829,1311,1134676,140,113918,35.00,-6.54,-6.13
298851,1657,1129956,151,113864,35.00,-6.57,-6.11
298873,2087,1129956,159,114000,35.00,-6.53,-6.12
298916,2375,1131028,169,114415,35.00,-6.56,-6.11
298938,2643,1129188,173,114541,35.00,-6.58,-6.13
298960,2459,1130516,159,114700,35.00,-6.51,-6.14
298982,1823,1129188,141,114848,35.00,-6.54,-6.08
299428,1684,1124132,137,114907,37.02,-6.50,-6.11
299457,1849,1073200,149,114271,35.00,-6.56,-6.09
299479,2567,1064928,158,114200,35.00,-6.51,-6.11
299501,2133,1069136,148,114242,35.00,-6.56,-6.09
299523,1636,1068944,133,114356,35.00,-6.56,-6.08
299545,1303,1068944,133,114512,35.00,-6.58,-6.14
299567,1301,1067664,135,114635,35.00,-6.56,-6.13
299589,1399,1069648,141,114761,35.00,-6.53,-6.13
299611,1671,1071312,153,114840,35.00,-6.54,-6.11
299633,2118,1070416,167,114881,35.00,-6.53,-6.07
299655,2317,1071312,168,114807,35.00,-6.55,-6.16
299698,2431,1072592,165,114461,35.00,-6.57,-6.11
299720,2103,1069136,147,114374,35.00,-6.54,-6.10
299742,1673,1074480,138,114301,35.00,-6.55,-6.07
299764,1349,1075888,127,114214,35.00,-6.55,-6.09
299786,1251,1078640,135,114102,35.00,-6.51,-6.08
299808,1479,1079152,143,114038,35.00,-6.50,-6.10
299830,1787,1080816,151,113992,35.00,-6.52,-6.12
299852,2007,1080816,159,113927,35.00,-6.55,-6.12
299874,2315,1080048,168,113823,35.00,-6.50,-6.12
299896,2461,1081328,168,113766,35.00,-6.52,-6.13
299938,2440,1081328,159,113836,35.00,-6.52,-6.09
299960,1973,1078640,147,113801,35.00,-6.54,-6.08
299982,1561,1081328,136,113769,35.00,-6.57,-6.08
300699,1357,1080816,135,113650,36.93,-6.56,-6.07
300740,1468,1060768,133,115044,35.00,-6.54,-6.16
300762,1158,1062752,120,115188,35.00,-6.51,-6.13
300784,1107,1064928,125,115291,35.00,-6.54,-6.15
300806,1229,1064976,137,115418,35.00,-6.56,-6.15
300828,1430,1063648,149,115499,35.00,-6.55,-6.13
300850,1839,1066256,164,115511,35.00,-6.56,-6.13
300872,2191,1066768,169,115502,35.00,-6.55,-6.14
300894,2579,1064928,175,115481,35.00,-6.54,-6.12
300916,2619,1066768,171,115463,35.00,-6.55,-6.13
300938,2141,1068432,150,115453,35.00,-6.55,-6.12
300960,2001,1068944,143,115460,35.00,-6.55,-6.10
301717,1579,1071824,135,115423,36.50,-6.53,-6.08
301743,1255,1108664,133,115171,35.00,-6.58,-6.12
301765,0,1110648,121,114819,35.00,-6.56,-6.14
301787,105,1115908,138,114346,35.00,-6.54,-6.12
301809,1553,1118084,167,113871,35.00,-6.60,-6.15
301831,2504,1119556,181,113455,35.00,-6.56,-6.14
301853,2570,1120964,178,113170,35.00,-6.54,-6.11
301875,2683,1122244,167,113090,35.00,-6.60,-6.13
301897,2253,1120452,152,113067,35.00,-6.83,-6.21
301919,1939,1120068,137,113004,35.00,-6.57,-6.16
301941,1335,1124516,125,112921,35.00,-6.56,-6.13
301984,1123,1126308,119,112919,35.00,-6.57,-6.15
302734,1457,1124132,141,112956,36.21,-6.56,-6.15
302766,2201,1185602,143,110349,35.00,-6.55,-6.14
302788,2077,1177468,167,110379,35.00,-6.56,-6.14
302810,2585,1167260,175,110436,35.00,-6.54,-6.15
302832,2844,1159084,179,110508,35.00,-6.54,-6.12
302854,2611,1151052,164,110562,35.00,-6.53,-6.15
302876,2065,1142900,143,110487,35.00,-6.54,-6.11
302898,1682,1135956,135,110184,35.00,-6.55,-6.14
302920,1094,1128676,122,109735,35.00,-6.52,-6.16
302942,968,1119556,125,109252,35.00,-6.56,-6.15
302964,1173,1111928,139,108842,35.00,-6.57,-6.13
303506,1641,1105880,155,109114,37.01,-6.55,-6.16
303548,2423,1081352,176,108419,35.00,-6.50,-6.15
303570,2921,1084808,182,108112,35.00,-6.52,-6.13
303592,2613,1097752,172,107625,35.00,-6.58,-6.12
303614,2351,1101720,163,107047,35.00,-6.59,-6.10
303636,1819,1101208,139,106599,35.00,-6.57,-6.13
303658,1353,1104600,123,106407,35.00,-6.53,-6.15
303680,1011,1109432,122,106268,35.00,-6.50,-6.11
303702,885,1125028,126,106077,35.00,-6.54,-6.15
303724,1221,1128292,146,105954,35.00,-6.55,-6.14
303746,1711,1130468,159,106008,35.00,-6.52,-6.18
303788,2430,1130516,179,106296,35.00,-6.53,-6.19
303810,2607,1128292,172,106411,35.00,-6.55,-6.12
303832,2633,1129188,167,106456,35.00,-6.59,-6.16
303854,2227,1129188,152,106410,35.00,-6.55,-6.16
303876,1755,1127780,139,106403,35.00,-6.53,-6.16
303898,1234,1128676,125,106420,35.00,-6.57,-6.16
303920,1063,1129956,125,106304,35.00,-6.55,-6.15
303942,1163,1128292,137,106085,35.00,-6.55,-6.15
303964,1499,1129188,151,105964,35.00,-6.52,-6.12
303986,2005,1130468,167,105785,35.00,-6.53,-6.12
304515,2473,1129956,179,105329,37.11,-6.54,-6.17
304550,1117,1122852,125,108144,35.00,-6.56,-6.14
304572,2269,1109944,153,108320,35.00,-6.52,-6.16
304594,1653,1105368,125,108288,35.00,-6.55,-6.18
304616,1287,1084808,120,107885,35.00,-6.57,-6.11
304638,1061,1081328,121,107167,35.00,-6.57,-6.14
304660,991,1078640,127,106785,35.00,-6.51,-6.17
304682,1438,1077360,148,107057,35.00,-6.55,-6.16
304704,1900,1077360,157,107534,35.00,-6.55,-6.13
304726,2259,1077168,167,107781,35.00,-6.58,-6.15
304748,2913,1081328,174,107826,35.00,-6.56,-6.15
304770,2809,1087688,167,107859,35.00,-6.55,-6.19
304811,2156,1095016,147,107339,35.00,-6.58,-6.18
304833,1691,1092264,138,107622,35.00,-6.51,-6.09
304855,1123,1087304,124,108167,35.00,-6.54,-6.12
304877,1099,1085320,127,108673,35.00,-6.55,-6.17
304899,949,1084808,127,109006,35.00,-6.53,-6.15
304921,1229,1075376,136,109353,35.00,-6.58,-6.14
304943,1821,1075376,157,109738,35.00,-6.50,-6.12
304965,2328,1075888,171,109954,35.00,-6.52,-6.17
304987,2649,1075376,178,110039,35.00,-6.55,-6.11
305533,2941,1082632,175,110059,36.67,-6.54,-6.13
305573,1405,1160556,124,107220,35.00,-6.54,-6.14
305595,1574,1155116,134,107316,35.00,-6.57,-6.11
305617,1293,1157804,127,107497,35.00,-6.53,-6.16
305639,1386,1173692,137,107787,35.00,-6.53,-6.15
305661,1041,1181442,148,108149,35.00,-6.54,-6.19
305683,1620,1183810,163,108518,35.00,-6.55,-6.14
305705,2415,1181442,175,108976,35.00,-6.55,-6.16
305727,2675,1145588,180,109506,35.00,-6.54,-6.16
305749,2701,1130468,170,110116,35.00,-6.57,-6.19
305771,2183,1132308,153,110686,35.00,-6.54,-6.18
305814,1717,1127780,139,111887,35.00,-6.50,-6.15
305836,923,1150348,121,111964,35.00,-6.55,-6.14
305858,1446,1155628,137,111849,35.00,-6.56,-6.15
305880,1260,1161068,137,111657,35.00,-6.53,-6.17
305902,1817,1161068,159,111497,35.00,-6.54,-6.16
305924,2015,1163244,169,111411,35.00,-6.55,-6.15
305946,2477,1165084,181,111439,35.00,-6.53,-6.16
305968,2587,1163804,169,111529,35.00,-6.53,-6.14
305990,2442,1163292,159,111660,35.00,-6.53,-6.13
306550,1789,1163244,140,111795,37.01,-6.54,-6.18
306580,2004,1152332,135,111318,35.00,-6.55,-6.15
306602,3339,1144692,181,111394,35.00,-6.55,-6.14
306624,4095,1150348,181,111453,35.00,-6.56,-6.16
306646,4095,1163804,182,111516,35.00,-6.53,-6.16
306668,4095,1172028,174,111530,35.00,-6.56,-6.16
306690,4095,1173308,170,111548,35.00,-6.54,-6.16
306712,4095,1179644,173,111556,35.00,-6.56,-6.16
306734,1453,1183810,119,111576,35.00,-6.55,-6.18
306776,0,1179650,121,111640,35.00,-6.52,-6.18
306798,0,1163804,135,111699,35.00,-6.54,-6.16
306820,1531,1161452,163,111799,35.00,-6.54,-6.14
306842,1943,1161452,169,111875,35.00,-6.54,-6.16
306864,1365,1161068,156,111922,35.00,-6.55,-6.12
306886,74,1159084,141,111970,35.00,-6.49,-6.18
306908,511,1159788,149,112034,35.00,-6.48,-6.18
306930,703,1163804,141,112100,35.00,-6.51,-6.18
306952,57,1167452,121,112144,35.00,-6.53,-6.13
306974,0,1170140,123,112183,35.00,-6.50,-6.16
307567,183,1170140,132,112105,37.37,-6.54,-6.14
307598,1688,1159276,151,111773,35.00,-6.58,-6.12
307620,1363,1152844,163,111840,35.00,-6.62,-6.03
307642,1761,1155628,173,111923,35.00,-6.57,-6.11
307664,1653,1156908,163,111918,35.00,-6.54,-6.13
307686,2346,1157804,167,111708,35.00,-6.57,-6.20
307708,2409,1157292,154,111319,35.00,-6.63,-6.10
307730,2731,1161964,156,110911,35.00,-6.53,-6.16
307752,1544,1165468,125,110618,35.00,-6.50,-6.11
307774,889,1164572,133,110499,35.00,-6.55,-6.13
307796,1041,1162732,138,110533,35.00,-6.58,-6.16
307818,677,1156908,139,110650,35.00,-6.67,-5.94
307859,1679,1154508,159,111098,35.00,-6.54,-6.00
307881,594,1159084,151,111224,35.00,-6.56,-6.15
307903,1851,1161068,165,111302,35.00,-7.17,-6.22
307925,4095,1162732,184,111331,35.00,-6.60,-6.18
307947,4095,1164572,179,111335,35.00,-6.71,-6.06
307969,3223,1167260,157,111357,35.00,-6.57,-6.06
307991,2555,1167260,153,111408,35.00,-6.52,-6.07
308585,1917,1163804,138,111439,36.92,-6.51,-6.11
308621,2321,1172796,155,111746,35.00,-6.57,-6.16
308643,2351,1166748,170,111763,35.00,-6.54,-6.10
308665,2383,1167260,169,111821,35.00,-6.58,-6.11
308687,2586,1164572,161,111909,35.00,-6.59,-6.16
308709,4095,1161452,181,112008,35.00,-6.60,-6.07
308731,3453,1151052,164,112098,35.00,-6.78,-6.22
308753,1273,1148172,140,112195,35.00,-6.64,-6.15
308775,1193,1143412,139,112307,35.00,-6.64,-6.15
308797,1662,1138740,159,112403,35.00,-6.56,-6.15
308819,4093,1142708,197,112475,35.00,-6.66,-6.15
308862,3080,1145076,183,112711,35.00,-6.55,-6.14
308884,2261,1138132,166,112732,35.00,-6.49,-6.16
308906,2358,1141428,163,112554,35.00,-6.58,-6.12
308928,2425,1144180,157,112146,35.00,-6.57,-6.09
308950,1403,1145588,119,111697,35.00,-6.59,-6.17
308972,4095,1147404,181,111330,35.00,-6.48,-5.91
308994,1195,1149068,116,111115,35.00,-6.55,-6.17
309356,0,1149580,121,111039,36.98,-6.88,-6.34
309384,2707,1131028,183,112353,35.00,-6.56,-6.11
309406,2516,1120964,136,112403,35.00,-6.55,-6.06
309428,3341,1120964,165,112450,35.00,-6.57,-6.01
309450,741,1121732,133,112517,35.00,-6.63,-6.02
309472,2622,1121732,187,112576,35.00,-6.22,-6.12
309494,2326,1117572,147,112538,35.00,-6.55,-6.02
309516,792,1102424,145,112267,35.00,-6.50,-5.98
309538,1277,1092264,152,111818,35.00,-6.61,-5.97
309560,2536,1117572,211,111357,35.00,-6.57,-6.09
309582,0,1131796,135,110981,35.00,-6.78,-6.31
309624,4095,1145588,199,110779,35.00,-6.48,-6.07
309646,613,1159788,135,110928,35.00,-6.57,-6.11
309668,423,1167260,121,111075,35.00,-6.57,-6.13
309690,3224,1173308,176,111229,35.00,-6.46,-6.13
309712,1816,1173308,141,111362,35.00,-6.49,-6.14
309734,2072,1173308,147,111464,35.00,-6.58,-6.11
309756,895,1179644,147,111533,35.00,-6.43,-6.16
309778,4095,1189154,207,111583,35.00,-6.63,-6.24
309800,4095,1192034,184,111579,35.00,-6.67,-6.11
309822,4095,1193826,183,111574,35.00,-6.48,-6.13
309864,617,1203666,120,111694,35.00,-6.45,-6.18
309886,2869,1208946,165,111742,35.00,-6.27,-6.03
309908,3259,1212402,155,111792,35.00,-6.43,-6.15
309930,2407,1209714,157,111856,35.00,-6.25,-6.23
309952,4095,1208434,179,111928,35.00,-6.54,-6.14
309974,4095,1206450,179,112003,35.00,-6.46,-6.14
309996,4095,1202898,179,112099,35.00,-6.53,-6.14
310366,4095,1197330,183,112180,36.82,-6.43,-6.16
310406,0,1165468,117,111531,35.00,-6.60,-6.06
310428,0,1161452,122,111526,35.00,-6.48,-6.13
310450,0,1163292,125,111526,35.00,-6.50,-6.11
310472,0,1163292,127,111552,35.00,-6.42,-6.13
310494,1957,1162732,179,111634,35.00,-6.49,-6.14
310516,4095,1159788,189,111737,35.00,-6.54,-6.25
310538,1118,1161068,118,111837,35.00,-6.49,-6.14
310560,0,1159788,137,111933,35.00,-6.42,-6.15
310582,0,1159084,135,111997,35.00,-6.51,-6.22
310604,1041,1157804,151,112072,35.00,-6.51,-6.25
310646,3592,1159276,169,112276,35.00,-6.40,-6.11
310668,4095,1155628,173,112322,35.00,-6.39,-6.18
310690,4095,1157804,173,112403,35.00,-6.50,-6.26
310712,0,1156396,111,112460,35.00,-6.27,-6.35
310734,0,1156396,137,112321,35.00,-6.25,-6.12
310756,0,1154508,145,111893,35.00,-6.49,-6.21
310778,0,1155628,143,111376,35.00,-6.30,-6.21
310800,0,1155116,140,110933,35.00,-6.43,-6.17
310822,0,1152332,137,110662,35.00,-6.44,-6.20
310844,0,1153228,127,110565,35.00,-6.41,-6.22
310866,0,1153228,123,110585,35.00,-6.49,-6.22
310907,248,1151564,126,111032,35.00,-6.43,-6.21
310929,869,1150348,126,111225,35.00,-6.48,-6.17
310951,540,1150860,133,111383,35.00,-6.48,-6.20
310973,98,1150860,135,111493,35.00,-6.46,-6.18
310995,1247,1149068,157,111551,35.00,-6.43,-6.22
311383,2495,1150860,175,111554,36.56,-6.45,-6.16
311411,2508,1143412,147,111188,35.00,-6.43,-6.19
311433,2201,1137364,155,110727,35.00,-6.45,-6.18
311455,2456,1140532,167,110521,35.00,-6.45,-6.20
311477,2932,1140916,179,110482,35.00,-6.47,-6.21
311499,3757,1141428,187,110558,35.00,-6.44,-6.21
311521,3175,1140020,167,110684,35.00,-6.44,-6.19
311543,2795,1139252,157,110852,35.00,-6.46,-6.22
311565,2167,1140532,145,111061,35.00,-6.39,-6.18
311587,1837,1139252,137,111258,35.00,-6.42,-6.17
311629,1712,1138644,139,111434,35.00,-6.46,-6.23
311651,1611,1138132,141,111462,35.00,-6.44,-6.17
311673,2115,1136468,156,111457,35.00,-6.44,-6.20
311695,2404,1137364,169,111423,35.00,-6.45,-6.18
311717,2731,1138132,175,111412,35.00,-6.42,-6.19
311739,2807,1137364,180,111448,35.00,-6.42,-6.20
311761,2649,1135956,168,111544,35.00,-6.45,-6.20
311783,2463,1136468,154,111636,35.00,-6.45,-6.22
311805,2171,1136468,141,111707,35.00,-6.46,-6.16
311827,1699,1134676,135,111769,35.00,-6.38,-6.19
311869,1421,1134676,135,112011,35.00,-6.45,-6.18
311891,1688,1134484,147,112046,35.00,-6.42,-6.16
311913,1938,1134484,157,112081,35.00,-6.45,-6.20
311935,2201,1145076,164,112146,35.00,-6.42,-6.21
311957,2823,1158572,175,112220,35.00,-6.41,-6.20
311979,3150,1163804,174,112208,35.00,-6.41,-6.18
312400,1861,1165084,147,111935,36.95,-6.46,-6.18
312431,2205,1206066,147,111605,35.00,-6.47,-6.14
312453,2023,1204274,157,111660,35.00,-6.42,-6.11
312475,2711,1210610,173,111686,35.00,-6.49,-6.13
312497,2134,1219274,158,111700,35.00,-6.48,-6.12
312519,2317,1234266,155,111747,35.00,-6.44,-6.14
312541,1861,1242490,151,111871,35.00,-6.47,-6.14
312563,1554,1250630,134,112105,35.00,-6.48,-6.15
312585,786,1262870,115,112332,35.00,-6.55,-6.19
312607,1685,1271990,137,112430,35.00,-6.61,-6.18
312629,1931,1280142,141,112215,35.00,-6.54,-6.12
312671,1764,1286702,154,111110,35.00,-6.44,-6.14
312693,1833,1292142,159,110994,35.00,-6.50,-6.11
312715,2228,1302494,169,111026,35.00,-6.44,-6.10
312737,1459,1307262,153,111120,35.00,-6.39,-6.15
312759,1879,1309438,155,111267,35.00,-6.48,-6.06
312781,2279,1307262,155,111431,35.00,-6.45,-6.15
312803,1812,1308926,137,111587,35.00,-6.53,-6.11
312825,1459,1308926,125,111736,35.00,-6.39,-6.07
312847,1214,1306558,134,111829,35.00,-6.51,-6.07
312869,1399,1306558,138,111835,35.00,-6.49,-6.09
312891,1689,1306750,149,111814,35.00,-6.45,-6.06
312932,2080,1305278,159,111781,35.00,-6.49,-6.04
312954,2197,1306046,167,111825,35.00,-6.39,-6.12
312976,2155,1306046,172,111912,35.00,-6.46,-6.07
312998,2835,1304382,175,111986,35.00,-6.42,-6.04
313020,2040,1301982,153,112064,35.00,-6.49,-6.10
313042,0,1302590,117,112140,35.00,-6.52,-6.12
313064,0,1302590,133,112272,35.00,-6.46,-6.11
313086,0,1300318,125,112391,35.00,-6.39,-6.02
313108,0,1299038,135,112469,35.00,-6.49,-6.10
313130,0,1298334,137,112510,35.00,-6.46,-6.06
313152,0,1292142,141,112543,35.00,-6.46,-6.17
313193,4095,1293038,199,112646,35.00,-6.47,-6.11
313215,4095,1284814,179,112689,35.00,-6.49,-6.08
313237,4095,1279246,185,112719,35.00,-6.47,-6.06
313259,4095,1276150,175,112585,35.00,-6.50,-6.11
313281,4095,1273974,173,112160,35.00,-6.49,-6.11
313303,4095,1271990,171,111569,35.00,-6.46,-6.05
313325,4095,1269718,179,111053,35.00,-6.43,-6.03
313347,2397,1269206,142,110708,35.00,-6.53,-6.06
313369,3051,1267542,165,110565,35.00,-6.49,-6.02
313391,3007,1263766,167,110576,35.00,-6.47,-6.04
313433,3725,1265046,187,111004,35.00,-6.49,-6.09
313455,4095,1261030,185,111140,35.00,-6.46,-6.04
313477,4009,1257574,182,111249,35.00,-6.57,-6.21
313499,773,1254694,134,111344,35.00,-6.56,-6.09
313521,1749,1252806,151,111389,35.00,-6.52,-6.14
313543,1951,1249158,141,111414,35.00,-6.51,-6.10
313565,1893,1245190,141,111383,35.00,-6.48,-6.11
313587,1813,1243002,143,111353,35.00,-6.46,-6.11
313609,2185,1235162,155,111382,35.00,-6.50,-6.10
313631,2467,1231002,165,111458,35.00,-6.48,-6.08
313653,2747,1230618,173,111545,35.00,-6.49,-6.10
313694,2680,1228826,176,111883,35.00,-6.51,-6.09
313716,3129,1220042,181,112043,35.00,-6.53,-6.08
313738,2489,1216394,167,112204,35.00,-6.43,-5.98
313760,2028,1211890,141,112329,35.00,-6.46,-6.10
313782,2532,1205554,152,112400,35.00,-6.50,-6.12
313804,1565,1204178,125,112414,35.00,-6.53,-6.11
313826,763,1202386,123,112445,35.00,-6.44,-6.03
313848,1599,1196562,149,112477,35.00,-6.53,-6.06
313870,78,1190050,137,112520,35.00,-6.54,-6.09
313892,2287,1188386,173,112582,35.00,-6.57,-6.11
313914,1429,1186498,159,112611,35.00,-6.53,-6.11
313955,1624,1183618,166,111823,35.00,-6.49,-6.10
313977,1023,1179644,139,111270,35.00,-6.58,-6.14
313999,1209,1176956,143,110798,35.00,-6.52,-6.06
314021,779,1176956,119,110518,35.00,-6.50,-6.08
314043,1323,1179644,135,110468,35.00,-6.53,-6.10
314065,1483,1179644,136,110553,35.00,-6.46,-6.12
314087,1652,1175676,138,110686,35.00,-6.48,-6.09
314109,3001,1174972,177,110830,35.00,-6.46,-6.10
314131,3399,1169244,181,110939,35.00,-6.51,-6.07
314153,2954,1163292,179,111042,35.00,-6.49,-6.10
314195,3699,1162732,185,111074,35.00,-6.51,-6.10
314217,2735,1161452,155,111003,35.00,-6.53,-6.10
314239,2509,1163292,154,110944,35.00,-6.43,-6.07
314261,1883,1167260,143,110898,35.00,-6.44,-6.06
314283,1265,1171516,125,110910,35.00,-6.42,-6.10
314305,1005,1173692,125,110964,35.00,-6.48,-6.10
314327,690,1170140,137,111025,35.00,-6.44,-6.09
314349,0,1166748,133,111092,35.00,-6.40,-6.09
314371,613,1165084,147,111213,35.00,-6.56,-6.11
314393,731,1161068,153,111324,35.00,-6.46,-6.10
314415,1405,1159788,157,111429,35.00,-6.66,-6.06
314456,1012,1152332,150,111576,35.00,-6.59,-6.16
314478,4095,1140020,183,111593,35.00,-6.57,-6.08
314500,3853,1142708,167,111644,35.00,-6.44,-6.07
314522,1851,1146356,127,111718,35.00,-6.46,-6.07
314544,1643,1145588,132,111797,35.00,-6.48,-6.08
314566,1231,1145076,133,111908,35.00,-6.44,-6.10
314588,1849,1147404,153,112026,35.00,-6.49,-6.09
314610,2535,1146356,167,112030,35.00,-6.56,-6.12
314632,2693,1144692,176,111751,35.00,-6.51,-6.08
314654,2949,1147404,181,111146,35.00,-6.50,-6.09
314676,2829,1146356,168,110525,35.00,-6.51,-6.12
314717,2681,1144180,157,109729,35.00,-6.48,-6.09
314739,2767,1129188,151,109794,35.00,-6.45,-6.11
314761,2428,1126308,141,109986,35.00,-6.37,-6.15
314783,4095,1125796,175,110249,35.00,-6.55,-6.10
314805,939,1122852,119,110519,35.00,-6.44,-6.09
314827,0,1120964,125,110724,35.00,-6.50,-6.08
314849,469,1118276,145,110850,35.00,-6.56,-6.07
314871,0,1118084,139,110879,35.00,-6.42,-6.04
314893,1875,1120452,169,110875,35.00,-6.50,-6.08
314915,2571,1121732,181,110860,35.00,-6.50,-6.11
314957,4095,1127780,175,110775,35.00,-6.38,-5.94
314979,2633,1158572,141,110788,35.00,-6.61,-6.08
315707,989,1161452,121,110840,37.15,-6.45,-6.07
315740,407,1252038,137,110682,35.00,-6.52,-6.09
315762,1291,1322401,137,110701,35.00,-6.48,-6.10
315784,2185,1368633,153,110718,35.00,-6.46,-6.09
315806,2004,1396117,155,110733,35.00,-6.49,-6.07
315828,2824,1414477,173,110806,35.00,-6.41,-6.06
315850,3321,1426717,189,110927,35.00,-6.44,-6.14
315872,2617,1431773,165,110997,35.00,-6.50,-6.06
315894,2985,1428893,175,111010,35.00,-6.55,-6.11
315916,4095,1447235,184,110998,35.00,-6.59,-6.10
315938,1781,1454691,123,110796,35.00,-6.48,-6.11
315980,1799,1445955,141,109216,35.00,-6.50,-6.12
316724,2397,1442307,157,108990,37.34,-6.55,-6.14
316762,1511,1556511,153,109509,35.00,-6.51,-6.09
316784,1237,1558687,143,109659,35.00,-6.51,-6.08
316806,1696,1557791,151,109830,35.00,-6.50,-6.07
316828,2031,1558687,165,109893,35.00,-6.50,-6.08
316850,2285,1559199,169,109848,35.00,-6.47,-6.04
316872,2537,1560671,169,109726,35.00,-6.53,-6.08
316894,2023,1561183,153,109612,35.00,-6.48,-6.10
316916,1675,1562463,139,109621,35.00,-6.50,-6.07
316938,1323,1564735,125,109725,35.00,-6.52,-6.05
316960,1004,1565247,124,109815,35.00,-6.51,-6.09
316982,3449,1562463,172,109857,35.00,-6.47,-6.04
317023,1229,1564127,139,110004,35.00,-6.47,-6.07
317045,1316,1559199,147,110126,35.00,-6.54,-6.10
317067,1887,1558303,173,110181,35.00,-6.45,-6.07
317089,2233,1560479,173,110187,35.00,-6.48,-6.05
317111,2423,1560671,168,110198,35.00,-6.52,-6.06
317133,2275,1557791,157,110267,35.00,-6.46,-6.04
317155,1901,1557023,143,110377,35.00,-6.45,-6.04
317177,1369,1558303,125,110474,35.00,-6.50,-6.10
317199,921,1556463,123,110406,35.00,-6.50,-6.07
317221,793,1553775,126,109993,35.00,-6.47,-6.09
317264,891,1553007,137,108376,35.00,-6.49,-6.08
317286,1256,1543567,157,108163,35.00,-6.46,-6.05
317308,2065,1540087,168,108147,35.00,-6.45,-6.06
317330,1973,1535927,165,108340,35.00,-6.49,-6.06
317352,2628,1527895,167,108601,35.00,-6.46,-6.09
317374,2670,1522407,157,108814,35.00,-6.51,-6.11
317396,1307,1522407,125,108990,35.00,-6.48,-6.10
317418,671,1517351,117,109145,35.00,-6.47,-6.09
317440,1096,1506811,124,109249,35.00,-6.52,-6.13
317462,1149,1497307,139,109297,35.00,-6.49,-6.11
317504,1830,1492763,152,109366,35.00,-6.53,-6.09
317526,1830,1451299,165,109352,35.00,-6.50,-6.08
317548,2808,1432285,183,109373,35.00,-6.49,-6.09
317570,4095,1413197,198,109411,35.00,-6.46,-6.08
317592,3006,1393173,157,109479,35.00,-6.54,-6.05
317614,1519,1380933,141,109572,35.00,-6.49,-6.11
317636,2605,1376773,152,109690,35.00,-6.65,-6.08
317658,1190,1372793,133,109831,35.00,-6.48,-6.11
317680,1555,1369401,137,109925,35.00,-6.53,-6.10
317702,1055,1364057,125,109979,35.00,-6.49,-6.08
317724,1829,1355881,159,109982,35.00,-6.51,-6.06
317765,1895,1348937,159,110092,35.00,-6.60,-6.12
317787,2677,1347465,175,110180,35.00,-6.41,-6.07
317809,3543,1344777,187,110039,35.00,-6.55,-6.07
317831,2441,1333969,159,109524,35.00,-6.51,-6.11
317853,2716,1322913,157,108842,35.00,-6.53,-6.09
317875,1318,1315393,126,108231,35.00,-6.51,-6.09
317897,1549,1310721,137,107915,35.00,-6.49,-6.13
317919,1285,1307262,123,107799,35.00,-6.56,-6.07
317941,987,1306558,133,107869,35.00,-6.47,-6.09
317963,1917,1301214,153,108011,35.00,-6.54,-6.13
318506,1746,1297822,159,108647,36.69,-6.49,-6.14
318547,3559,1269206,187,107057,35.00,-6.52,-6.10
318569,2591,1273270,169,107145,35.00,-6.48,-6.10
318591,2259,1273270,159,107126,35.00,-6.46,-6.09
318613,1835,1276150,142,107186,35.00,-6.50,-6.09
318635,879,1277966,123,107273,35.00,-6.50,-6.08
318657,309,1284302,125,107354,35.00,-6.44,-6.11
318679,997,1285582,136,107391,35.00,-6.47,-6.06
318701,1528,1281422,153,107421,35.00,-6.47,-6.14
318723,3165,1284302,175,107474,35.00,-6.50,-6.12
318745,2421,1284302,165,107538,35.00,-6.48,-6.12
318767,2253,1275766,173,107655,35.00,-6.50,-6.11
318808,2357,1273782,169,108118,35.00,-6.44,-6.13
318830,3865,1265750,187,108230,35.00,-6.48,-6.13
318852,1622,1260262,127,108359,35.00,-6.50,-6.09
318874,1307,1253926,134,108507,35.00,-6.47,-6.11
318896,1705,1237562,139,108621,35.00,-6.44,-6.16
318918,1523,1228266,139,108721,35.00,-6.48,-6.13
318940,1581,1219274,146,108773,35.00,-6.47,-6.12
318962,2261,1206066,163,108822,35.00,-6.50,-6.13
318984,2143,1194210,165,108869,35.00,-6.52,-6.10
319523,3573,1199506,207,108840,37.05,-6.43,-6.04
319553,3591,1220650,189,108535,35.00,-6.55,-6.06
319575,341,1212938,121,108632,35.00,-6.45,-6.10
319597,1339,1213706,139,108634,35.00,-6.56,-6.10
319619,1501,1211122,141,108458,35.00,-6.50,-6.12
319641,0,1207730,127,107970,35.00,-6.45,-6.12
319663,0,1206450,138,107347,35.00,-6.55,-6.10
319685,2325,1207730,189,106769,35.00,-6.49,-6.05
319707,2808,1208242,173,106428,35.00,-6.56,-6.08
319729,2636,1208242,157,106339,35.00,-6.54,-6.09
319770,1321,1210610,127,106701,35.00,-6.50,-6.10
319792,1707,1202898,133,106857,35.00,-6.45,-6.08
319814,1063,1199506,121,107029,35.00,-6.52,-6.09
319836,1065,1194210,119,107181,35.00,-6.50,-6.10
319858,547,1187778,133,107245,35.00,-6.50,-6.09
319880,1741,1179644,153,107232,35.00,-6.52,-6.12
319902,2148,1172028,163,107213,35.00,-6.48,-6.10
319924,1913,1165084,157,107193,35.00,-6.47,-6.10
319946,2693,1155628,179,107145,35.00,-6.45,-6.12
319968,3901,1153740,181,107133,35.00,-6.51,-6.12
319990,3334,1152844,169,107221,35.00,-6.45,-6.11
320031,1247,1150348,121,107578,35.00,-6.46,-6.09
320053,2231,1150348,145,107663,35.00,-6.50,-6.05
320075,1415,1147404,123,107729,35.00,-6.49,-6.05
320097,0,1144692,115,107817,35.00,-6.39,-6.11
320119,0,1142196,134,107959,35.00,-6.61,-6.06
320141,1295,1142196,157,108070,35.00,-6.44,-6.13
320163,4095,1142900,202,108116,35.00,-6.46,-6.12
320185,4095,1139252,183,108089,35.00,-6.50,-6.09
320207,4095,1138644,176,108059,35.00,-6.58,-6.10
320229,580,1136468,117,108107,35.00,-6.53,-6.07
320272,53,1134484,137,108400,35.00,-6.43,-6.05
320294,1435,1133204,111,108478,35.00,-6.44,-6.07
320316,540,1130468,117,108450,35.00,-6.51,-6.10
320338,1823,1128292,153,108040,35.00,-6.49,-6.08
320360,2348,1128676,158,107331,35.00,-6.52,-6.07
320382,2009,1127012,159,106601,35.00,-6.49,-6.09
320404,2424,1125028,171,106119,35.00,-6.52,-6.08
320426,3020,1122852,175,105943,35.00,-6.50,-6.07
320448,3149,1122340,166,105983,35.00,-6.55,-6.09
320470,2611,1119556,149,106170,35.00,-6.49,-6.10
320512,1723,1115908,125,107043,35.00,-6.51,-6.03
320534,1589,1114628,137,107164,35.00,-6.49,-6.08
320556,2019,1112824,143,107245,35.00,-6.54,-6.10
320578,1493,1113592,139,107333,35.00,-6.52,-6.05
320600,1467,1111928,151,107389,35.00,-6.51,-6.08
320622,2103,1108664,168,107443,35.00,-6.50,-6.10
320644,2535,1107768,169,107483,35.00,-6.47,-6.09
320666,2467,1107768,165,107503,35.00,-6.54,-6.06
320688,2449,1108152,156,107512,35.00,-6.50,-6.08
320710,2013,1107256,145,107563,35.00,-6.48,-6.09
320732,1353,1105880,125,107686,35.00,-6.51,-6.09
320773,1067,1105880,123,108027,35.00,-6.50,-6.03
320795,1577,1099544,136,108158,35.00,-6.50,-6.08
320817,1284,1100440,135,108298,35.00,-6.47,-6.08
320839,1684,1101720,151,108410,35.00,-6.48,-6.05
320861,2431,1099928,169,108450,35.00,-6.49,-6.08
320883,3100,1101720,181,108362,35.00,-6.50,-6.03
320905,3624,1102424,181,108305,35.00,-6.55,-6.07
320927,2955,1101720,159,108269,35.00,-6.51,-6.06
320949,2345,1100440,142,108291,35.00,-6.53,-6.08
320971,1561,1101720,122,108313,35.00,-6.53,-6.07
321558,1207,1102424,121,108366,37.17,-6.56,-6.04
321595,1427,1111928,158,106395,35.00,-6.51,-6.09
321617,1271,1107256,135,106431,35.00,-6.50,-6.07
321639,2351,1103704,163,106470,35.00,-6.54,-6.06
321661,3611,1101208,189,106552,35.00,-6.63,-6.09
321683,4095,1095912,180,106542,35.00,-6.62,-6.09
321705,1835,1093544,155,106179,35.00,-6.53,-6.08
321727,2205,1090088,152,105663,35.00,-6.52,-6.10
321749,1576,1086024,125,105206,35.00,-6.50,-6.07
321771,389,1085512,116,104866,35.00,-6.55,-6.04
321793,775,1084808,123,104669,35.00,-6.49,-6.08
321836,1077,1081864,137,104896,35.00,-6.47,-6.14
321858,1679,1085320,154,105196,35.00,-6.55,-6.03
321880,3608,1086792,185,105452,35.00,-6.54,-6.06
321902,1769,1086792,155,105608,35.00,-6.49,-6.09
321924,2219,1087688,167,105662,35.00,-6.50,-6.07
321946,2231,1090088,157,105670,35.00,-6.52,-6.06
321968,1851,1089576,138,105639,35.00,-6.53,-6.10
321990,1813,1089480,137,105596,35.00,-6.53,-6.07
322575,1333,1091368,121,105599,36.83,-6.56,-6.47
322618,1929,1097704,153,105840,35.00,-6.53,-6.07
322640,2533,1095528,169,105852,35.00,-6.53,-6.07
322662,2846,1097704,175,105951,35.00,-6.49,-6.05
322684,2535,1096424,163,106135,35.00,-6.48,-6.07
322706,1738,1095912,139,106354,35.00,-6.56,-6.04
322728,1534,1097192,135,106511,35.00,-6.57,-6.04
322750,1149,1096424,121,106626,35.00,-6.55,-6.07
322772,859,1095528,125,106758,35.00,-6.55,-6.03
322794,1340,1099032,139,106912,35.00,-6.66,-5.98
322816,1991,1100440,157,107012,35.00,-6.55,-6.10
322858,2395,1099544,167,107093,35.00,-6.53,-6.07
322880,2733,1103192,177,107082,35.00,-6.52,-6.05
322902,3046,1103704,175,106819,35.00,-6.50,-6.09
322924,3196,1104600,173,106099,35.00,-6.49,-6.03
322946,2249,1105880,145,105229,35.00,-6.46,-6.06
322968,1624,1107256,123,104542,35.00,-6.51,-6.08
322990,1588,1109432,127,104252,35.00,-6.60,-6.02
323593,1191,1111416,131,104284,36.51,-6.58,-6.05
323624,1917,1124516,151,104874,35.00,-6.49,-6.09
323646,990,1134484,137,104386,35.00,-6.50,-6.09
323668,1075,1139252,125,104215,35.00,-6.56,-6.05
323690,983,1138644,122,104312,35.00,-6.52,-6.06
323712,1293,1133204,134,104564,35.00,-6.54,-6.07
323734,1675,1131796,148,104810,35.00,-6.56,-6.12
323756,2381,1129956,167,104991,35.00,-6.52,-6.06
323778,2637,1125028,173,105146,35.00,-6.54,-6.07
323821,2520,1118788,168,105554,35.00,-6.54,-6.10
323843,2011,1105880,149,105554,35.00,-6.50,-6.07
323865,1951,1100440,141,105494,35.00,-6.53,-6.08
323887,1469,1093544,123,105433,35.00,-6.48,-6.09
323909,483,1062752,115,105461,35.00,-6.51,-6.07
323931,405,1040447,121,105570,35.00,-6.49,-6.05
323953,1322,13611119,147,105751,35.00,-6.52,-6.10
323975,2325,13602703,167,105951,35.00,-6.50,-6.08
323997,2397,13594039,169,106079,35.00,-6.51,-6.07
324359,2329,13582359,164,106175,36.56,-6.52,-6.09
324387,2789,982523,163,105344,35.00,-6.52,-6.07
324409,1300,13578855,120,105066,35.00,-6.52,-6.04
324431,1003,13603407,134,105079,35.00,-6.47,-6.08
324453,2136,13645664,151,105263,35.00,-6.59,-6.01
324475,3412,1099928,168,105509,35.00,-6.51,-6.11
324497,2841,1116804,174,105757,35.00,-6.53,-6.06
324519,1991,1131796,155,105996,35.00,-6.53,-6.10
324541,2724,1146892,169,106127,35.00,-6.52,-6.05
324583,1815,1155116,141,106290,35.00,-6.49,-6.04
324605,1405,1171420,149,106240,35.00,-6.52,-6.06
324627,777,1176956,119,106161,35.00,-6.53,-6.07
324649,1203,1187874,133,106137,35.00,-6.49,-6.09
324671,1084,1196002,136,106210,35.00,-6.53,-6.07
324693,1222,1201490,147,106324,35.00,-6.50,-6.08
324715,1433,1206450,151,106433,35.00,-6.49,-6.09
324737,2348,1210610,171,106517,35.00,-6.54,-6.06
324759,2777,1217866,175,106573,35.00,-6.51,-6.06
324781,2762,1221162,163,106646,35.00,-6.51,-6.08
324823,2483,1221162,152,106762,35.00,-6.52,-6.09
324845,1380,1226090,122,106852,35.00,-6.52,-6.06
324867,1229,1226986,127,106955,35.00,-6.51,-6.07
324889,1263,1230618,127,107034,35.00,-6.48,-6.05
324911,943,1230106,133,107082,35.00,-6.54,-6.09
324933,1131,1227498,147,107122,35.00,-6.55,-6.08
324955,2066,1215114,169,107196,35.00,-6.52,-6.05
324977,3387,1190050,189,107196,35.00,-6.54,-6.03
324999,4095,1141428,191,106943,35.00,-6.51,-6.09
325021,4095,1123620,171,106361,35.00,-6.67,-6.02
325043,0,1122852,111,105717,35.00,-6.54,-6.05
325084,1515,1131796,154,104762,35.00,-6.49,-6.05
325106,1403,1135956,111,104857,35.00,-6.48,-6.03
325128,1783,1134484,139,105019,35.00,-6.43,-6.09
325150,107,1138644,103,105182,35.00,-6.55,-6.07
325172,0,1159788,133,105287,35.00,-6.49,-6.07
325194,857,1174972,155,105396,35.00,-6.52,-6.09
325216,3078,1185602,180,105506,35.00,-6.54,-6.09
325238,2157,1198738,159,105569,35.00,-6.50,-6.10
325260,3115,1204274,173,105566,35.00,-6.52,-6.06
325282,2429,1214218,147,105540,35.00,-6.50,-6.10
325325,1253,1226602,117,105563,35.00,-6.50,-6.08
325347,0,1238330,115,105667,35.00,-6.53,-6.08
325369,1907,1246470,153,105750,35.00,-6.51,-6.03
325391,2315,1249350,154,105811,35.00,-6.56,-6.08
325413,2141,1252806,155,105881,35.00,-6.48,-6.05
325435,1997,1257574,163,105995,35.00,-6.47,-6.07
325457,2379,1265750,167,106166,35.00,-6.51,-6.11
325479,2661,1274486,167,106267,35.00,-6.51,-6.09
325501,2327,1277966,152,106317,35.00,-6.50,-6.07
325523,1047,1282638,115,106298,35.00,-6.53,-6.09
325565,1339,1284302,135,106393,35.00,-6.52,-6.05
325587,905,1277942,116,106429,35.00,-6.52,-6.04
325609,521,1280654,125,106285,35.00,-6.53,-6.07
325631,1099,1279246,149,105778,35.00,-6.51,-6.07
325653,1976,1279246,159,105112,35.00,-6.53,-6.07
325675,2699,1281422,173,104544,35.00,-6.51,-6.08
325697,2263,1276150,165,104192,35.00,-6.51,-6.10
325719,2827,1277430,166,104048,35.00,-6.53,-6.08
325741,2445,1284302,149,104081,35.00,-6.51,-6.07
325763,2095,1286702,137,104234,35.00,-6.49,-6.06
325785,1823,1284302,136,104466,35.00,-6.48,-6.06
325826,845,1275254,118,104969,35.00,-6.50,-6.08
325848,1032,1249350,123,105123,35.00,-6.51,-6.07
325870,555,1238330,123,105211,35.00,-6.53,-6.07
325892,1559,1232794,153,105241,35.00,-6.58,-6.09
325914,1990,1221930,160,105243,35.00,-6.50,-6.09
325936,3271,1208946,184,105237,35.00,-6.50,-6.10
325958,3253,1196002,173,105251,35.00,-6.50,-6.10
325980,2087,1183618,151,105287,35.00,-6.53,-6.08
326391,1624,1179132,137,105371,36.60,-6.49,-6.13
326427,2713,1081352,176,105093,35.00,-6.51,-6.06
326449,1483,1132692,140,105146,35.00,-6.53,-6.05
326471,2101,1140532,163,105045,35.00,-6.54,-6.06
326493,2042,1135956,158,104910,35.00,-6.50,-6.06
326515,2162,1140532,166,104917,35.00,-6.52,-6.05
326537,2340,1146892,160,104988,35.00,-6.52,-6.08
326559,1909,1150860,147,104974,35.00,-6.54,-6.05
326581,1311,1151052,125,104893,35.00,-6.54,-6.10
326603,1095,1153740,125,104867,35.00,-6.56,-6.06
326625,893,1155020,121,104937,35.00,-6.53,-6.06
326647,1103,1152844,127,105059,35.00,-6.52,-6.05
326688,1305,1148684,140,105668,35.00,-6.54,-6.07
326710,1563,1075376,147,105762,35.00,-6.51,-6.07
326732,2680,1064976,173,105813,35.00,-6.49,-6.06
326754,3059,1126308,178,105919,35.00,-6.50,-6.10
326776,3291,1151564,179,106089,35.00,-6.50,-6.05
326798,2257,1158572,153,106223,35.00,-6.55,-6.06
326820,2017,1159788,143,106293,35.00,-6.53,-6.05
326842,1289,1163244,125,106260,35.00,-6.53,-6.08
326864,677,1165980,116,105925,35.00,-6.51,-6.09
326886,3340,1168732,169,105265,35.00,-6.54,-6.06
326929,3079,1170908,157,103609,35.00,-6.54,-6.08
326951,1572,1159788,147,103390,35.00,-6.54,-6.03
326973,1573,1158572,157,103381,35.00,-6.49,-6.08
326995,2350,1161452,169,103575,35.00,-6.51,-6.06
327407,3075,1167964,167,103809,36.94,-6.57,-6.00
327435,1181,1140916,141,105881,35.00,-6.66,-6.14
327457,1909,1139252,141,105957,35.00,-6.48,-6.17
327479,1786,1144692,139,106046,35.00,-6.50,-6.04
327501,1865,1146356,137,105930,35.00,-6.61,-6.12
327523,3871,1142708,167,105425,35.00,-6.48,-6.02
327545,3947,1140020,169,104696,35.00,-6.63,-6.09
327567,1527,1138132,136,104091,35.00,-6.55,-6.08
327589,0,1137364,121,103787,35.00,-6.49,-6.08
327630,663,1140532,149,104159,35.00,-6.56,-6.02
327652,4095,1140916,195,104462,35.00,-6.60,-5.88
327674,4095,1142196,179,104732,35.00,-6.69,-5.98
327696,1068,1142900,133,104897,35.00,-6.59,-6.02
327718,1517,1143412,137,105047,35.00,-6.51,-6.00
327740,779,1141428,122,105167,35.00,-6.49,-6.03
327762,397,1142196,117,105198,35.00,-6.54,-6.02
327784,775,1144180,119,105169,35.00,-6.50,-6.06
327806,1613,1143412,151,105147,35.00,-6.50,-6.04
327828,4095,1140916,183,105189,35.00,-6.54,-6.08
327850,2184,1140916,164,105317,35.00,-6.51,-6.06
327891,782,1140532,148,105692,35.00,-6.55,-6.03
327913,2669,1136852,173,105901,35.00,-6.52,-6.03
327935,2725,1137364,171,106051,35.00,-6.57,-6.02
327957,3027,1135956,165,106141,35.00,-6.51,-5.96
327979,1340,1130468,135,106215,35.00,-6.51,-6.07
328426,681,1129188,117,106280,37.05,-6.55,-6.01
328455,2029,1129188,151,105681,35.00,-6.56,-6.02
328477,2347,1124516,140,105668,35.00,-6.55,-6.08
328499,2071,1126308,137,105659,35.00,-6.52,-6.07
328521,1479,1125028,123,105671,35.00,-6.55,-6.05
328543,1319,1122340,125,105712,35.00,-6.55,-6.06
328565,1383,1122852,137,105821,35.00,-6.52,-6.04
328587,1707,1122244,149,105937,35.00,-6.56,-6.06
328609,2419,1118788,168,106047,35.00,-6.50,-6.08
328631,3337,1114628,186,106139,35.00,-6.51,-6.04
328673,3379,1101720,182,106413,35.00,-6.38,-5.96
328695,2632,1092264,157,106516,35.00,-6.54,-6.08
328717,2603,1094248,153,106629,35.00,-6.58,-6.12
328739,1717,1095528,125,106698,35.00,-6.52,-6.05
328761,1699,1094248,136,106747,35.00,-6.60,-6.09
328783,957,1092264,122,106759,35.00,-6.52,-6.03
328805,297,1089576,120,106859,35.00,-6.52,-6.05
328827,1705,1084808,147,107031,35.00,-6.69,-6.06
328849,2296,1083144,167,107118,35.00,-6.53,-6.05
328871,372,1081352,107,106730,35.00,-6.41,-6.28
328914,4095,1072592,203,104947,35.00,-6.53,-6.01
328936,2285,1027503,155,104810,35.00,-6.44,-6.11
328958,3189,13604175,151,104888,35.00,-6.51,-6.09
328980,1496,13604175,124,105049,35.00,-6.52,-6.03
329697,522,13620575,117,105296,36.90,-6.38,-6.15
329736,1479,1140532,123,106003,35.00,-6.49,-6.08
329758,1659,1137364,139,105961,35.00,-6.50,-6.08
329780,1253,1135956,123,105852,35.00,-6.54,-6.09
329802,1325,1135956,136,105761,35.00,-6.51,-6.06
329824,1485,1132308,141,105670,35.00,-6.50,-6.07
329846,1691,1120068,151,105665,35.00,-6.49,-6.07
329868,2163,1105976,165,105743,35.00,-6.51,-6.09
329890,2413,1095912,167,105857,35.00,-6.50,-6.09
329912,2057,1089480,157,105966,35.00,-6.54,-6.00
329934,2217,1084808,155,106072,35.00,-6.49,-6.11
329976,2315,1083528,143,106449,35.00,-6.40,-6.13
329998,1817,1079152,125,106491,35.00,-6.45,-6.10
330020,1193,1075376,133,106538,35.00,-6.56,-6.05
330042,1115,1074480,139,106598,35.00,-6.51,-6.05
330064,1179,1074992,139,106657,35.00,-6.53,-6.07
330086,1975,1074480,166,106735,35.00,-6.48,-6.03
330108,2522,1074992,171,106815,35.00,-6.59,-6.08
330130,3029,1077872,180,106635,35.00,-6.45,-5.99
330152,3238,1084040,173,106009,35.00,-6.46,-6.08
330174,2489,1093544,155,105249,35.00,-6.50,-6.07
330196,1083,1098264,123,104668,35.00,-6.51,-6.03
330237,901,1104088,119,104442,35.00,-6.51,-6.02
330259,955,1101912,121,104648,35.00,-6.53,-6.04
330281,1016,1099928,121,104926,35.00,-6.51,-6.04
330303,1359,1095912,137,105231,35.00,-6.55,-6.05
330325,1671,1093544,148,105503,35.00,-6.55,-6.07
330347,2087,1093544,160,105750,35.00,-6.50,-6.04
330369,2579,1094248,169,105843,35.00,-6.54,-6.05
330391,2835,1093032,173,105865,35.00,-6.53,-6.05
330413,2493,1092264,156,105827,35.00,-6.49,-6.07
330435,2063,1093736,147,105890,35.00,-6.50,-6.05
330477,1574,1095912,133,105862,35.00,-6.51,-6.09
330499,1233,1096424,121,105851,35.00,-6.51,-6.05
330521,1200,1095912,127,105928,35.00,-6.54,-6.06
330543,1593,1091368,147,106067,35.00,-6.56,-6.06
330565,1903,1081328,151,106175,35.00,-6.50,-6.08
330587,2408,1071824,171,106324,35.00,-6.56,-6.06
330609,2551,1069136,172,106446,35.00,-6.49,-6.08
330631,2552,1066256,169,106502,35.00,-6.54,-6.07
330653,2361,1066768,155,106567,35.00,-6.51,-6.07
330675,1897,1066768,141,106623,35.00,-6.55,-6.09
330697,1453,1066256,133,106685,35.00,-6.56,-6.04
330738,1273,1067152,137,106781,35.00,-6.52,-6.08
330760,1129,1067152,133,106828,35.00,-6.53,-6.07
330782,1273,1066768,140,106667,35.00,-6.53,-6.04
330804,1541,1067664,149,106141,35.00,-6.54,-6.04
330826,2040,1070416,159,105468,35.00,-6.56,-6.07
330848,2367,1071824,167,104889,35.00,-6.52,-6.04
330870,2535,1070928,168,104612,35.00,-6.50,-6.09
330892,2579,1073200,163,104632,35.00,-6.53,-6.12
330914,2015,1074992,142,104805,35.00,-6.53,-6.08
330936,1695,1073200,138,105020,35.00,-6.50,-6.08
330979,1214,1077360,133,105594,35.00,-6.58,-6.05
331733,1147,1080048,136,105754,36.83,-6.55,-6.07
331761,2091,1112824,143,105706,35.00,-6.52,-6.08
331783,2174,1110136,155,105585,35.00,-6.33,-6.07
331805,2665,1108152,181,105589,35.00,-6.35,-5.93
331827,2782,1107768,173,105685,35.00,-6.44,-6.10
331849,3213,1111416,183,105809,35.00,-6.50,-6.04
331871,2796,1112312,163,105870,35.00,-6.56,-6.10
331893,2365,1110648,153,105937,35.00,-6.51,-6.10
331915,1541,1111928,133,106048,35.00,-6.54,-6.10
331937,1159,1113592,124,106165,35.00,-6.51,-6.09
331959,1112,1110136,135,106233,35.00,-6.53,-6.08
332501,1356,1110648,146,106416,36.71,-6.49,-6.11
332543,3147,1068944,180,106251,35.00,-6.56,-6.23
332565,2440,1099032,164,106306,35.00,-6.48,-6.10
332587,1978,1109432,157,106375,35.00,-6.47,-6.08
332609,2267,1115908,163,106453,35.00,-6.51,-6.03
332631,2165,1118084,146,106533,35.00,-6.48,-6.05
332653,1489,1111416,132,106573,35.00,-6.50,-6.11
332675,921,1104600,125,106382,35.00,-6.45,-6.11
332697,0,1101912,114,105830,35.00,-6.57,-6.04
332719,411,1099032,127,105121,35.00,-6.45,-6.11
332741,1223,1086024,147,104555,35.00,-6.51,-6.06
332783,1973,1073200,165,104564,35.00,-6.51,-6.07
332805,2905,1064416,173,104744,35.00,-6.55,-6.07
332827,2617,1061472,165,104912,35.00,-6.60,-6.19
332849,2131,1060768,155,105134,35.00,-6.51,-6.05
332871,2231,1060768,149,105385,35.00,-6.50,-6.06
332893,1834,1058592,135,105584,35.00,-6.51,-6.07
332915,1609,1056800,127,105746,35.00,-6.51,-6.07
332937,1406,1057312,121,105834,35.00,-6.52,-6.05
332959,1403,1056704,135,105888,35.00,-6.50,-6.07
332981,1688,1056192,153,105991,35.00,-6.50,-6.09
333513,1893,1059488,165,106189,36.80,-6.50,-6.07
333545,0,1068944,121,107618,35.00,-6.41,-6.18
333567,409,1023951,139,107706,35.00,-6.51,-6.10
333589,4095,13574087,187,107816,35.00,-6.43,-6.15
333611,2769,13554267,149,107928,35.00,-6.48,-6.16
333633,1652,13546859,127,108008,35.00,-6.40,-6.12
333655,821,13546091,116,108056,35.00,-6.47,-6.10
333677,952,13544875,133,108193,35.00,-6.43,-6.16
333699,1965,13541931,153,108297,35.00,-6.45,-6.15
333721,2585,13540811,165,108318,35.00,-6.45,-6.14
333743,1917,13538635,153,108337,35.00,-6.50,-6.10
333765,2287,13539147,165,108450,35.00,-6.49,-6.16
333806,2706,13541323,169,109016,35.00,-6.50,-6.16
333828,3261,13529715,169,109197,35.00,-6.60,-6.15
333850,2324,13526323,147,109381,35.00,-6.50,-6.18
333872,2067,13523667,137,109534,35.00,-6.47,-6.16
333894,1245,13512099,119,109785,35.00,-6.46,-6.16
333916,473,13504387,117,110064,35.00,-6.47,-6.15
333938,2121,13500413,151,110324,35.00,-6.46,-6.16
333960,2810,13499901,157,110416,35.00,-6.45,-6.17
333982,3887,13500419,182,110167,35.00,-6.47,-6.11
334531,3087,13501699,180,109552,36.89,-6.49,-6.16
334568,786,835561,116,111269,35.00,-6.48,-6.11
334590,1778,13416681,135,110826,35.00,-6.49,-6.14
334612,1325,13419033,121,110044,35.00,-6.50,-6.11
334634,741,13421209,120,109209,35.00,-6.51,-6.13
334656,419,13424473,123,108614,35.00,-6.48,-6.14
334678,1034,13426137,145,108385,35.00,-6.47,-6.12
334700,1671,13424857,155,108540,35.00,-6.48,-6.12
334722,1909,13424857,167,108912,35.00,-6.49,-6.16
334744,2165,13424857,167,109342,35.00,-6.45,-6.13
334766,2407,13423961,164,109692,35.00,-6.46,-6.14
334808,2403,13424857,156,110126,35.00,-6.52,-6.16
334830,2265,13426745,128,109957,35.00,-6.52,-6.14
334852,1655,13428921,117,109725,35.00,-6.49,-6.11
334874,1289,13430905,117,109442,35.00,-6.49,-6.15
334896,664,13434361,115,109198,35.00,-6.53,-6.18
334918,1201,13434873,125,109105,35.00,-6.37,-6.11
334940,2019,13433081,155,109162,35.00,-6.49,-6.17
334962,2631,13435397,171,109228,35.00,-6.48,-6.12
334984,3945,13438341,183,109212,35.00,-6.40,-6.20
335548,3898,13438853,179,109274,37.15,-6.43,-6.10
335590,1423,838297,121,112576,35.00,-6.45,-6.14
335612,1093,13421977,119,112630,35.00,-6.45,-6.16
335634,1128,13423961,121,112684,35.00,-6.44,-6.15
335656,1375,13426137,139,112728,35.00,-6.47,-6.15
335678,1817,13429433,149,112738,35.00,-6.50,-6.16
335700,2347,13430905,167,112700,35.00,-6.45,-6.15
335722,2899,13431417,174,112632,35.00,-6.49,-6.18
335744,2843,13432697,166,112401,35.00,-6.48,-6.15
335766,2539,13433081,152,111862,35.00,-6.48,-6.10
335788,2093,13433081,140,111128,35.00,-6.48,-6.18
335810,1301,13432185,119,110410,35.00,-6.46,-6.16
335851,1142,13433593,120,109770,35.00,-6.48,-6.15
335873,1127,13430905,121,109828,35.00,-6.44,-6.15
335895,1419,13436165,134,109874,35.00,-6.39,-6.17
335917,1571,13440837,140,109976,35.00,-6.47,-6.12
335939,2287,13442501,165,110098,35.00,-6.47,-6.14
335961,2841,13442501,171,110160,35.00,-6.48,-6.16
335983,2485,13443621,167,110117,35.00,-6.46,-6.17
336566,2359,13441221,155,109985,36.88,-6.46,-6.17
336597,1718,877109,127,106326,35.00,-6.48,-6.16
336619,2215,13455957,164,106358,35.00,-6.40,-6.13
336641,2803,13460021,170,106433,35.00,-6.39,-6.13
336663,2936,13461685,170,106500,35.00,-6.47,-6.23
336685,2147,13463477,143,106607,35.00,-6.44,-6.19
336707,2003,13463669,135,106819,35.00,-6.48,-6.18
336729,1623,13463477,123,107071,35.00,-6.48,-6.17
336751,1396,13461685,117,107314,35.00,-6.44,-6.10
336794,1335,13462965,123,108039,35.00,-6.50,-6.17
336816,1619,13455957,141,108358,35.00,-6.48,-6.16
336838,2196,13453077,159,108779,35.00,-6.50,-6.17
336860,2073,13451797,157,109269,35.00,-6.49,-6.16
336882,2351,13451237,159,109287,35.00,-6.43,-6.16
336904,2442,13453077,152,108630,35.00,-6.48,-6.12
336926,1815,13453461,127,107506,35.00,-6.46,-6.19
336948,1373,13440325,113,106820,35.00,-6.38,-6.17
336970,635,13430713,95,107145,35.00,-6.44,-6.14
336992,63,13421977,87,108210,35.00,-6.42,-6.10
337034,215,13424473,108,110762,35.00,-6.48,-6.36
337056,0,13422489,109,110879,35.00,-6.41,-5.73
337078,1721,13422681,167,110746,35.00,-6.32,-6.01
337100,3029,13421209,182,110563,35.00,-6.67,-6.10
337122,4029,13419033,205,110318,35.00,-6.22,-5.98
337144,2775,13419033,173,110037,35.00,-6.43,-6.19
337166,2941,13417193,167,109778,35.00,-6.47,-6.17
337188,3063,13410249,167,109505,35.00,-6.43,-6.18
337210,2229,13410249,151,109319,35.00,-6.50,-6.24
337232,2347,13413033,155,109312,35.00,-6.41,-6.27
337254,2809,13414505,175,109411,35.00,-6.67,-6.31
337295,3717,13415785,197,109571,35.00,-6.32,-6.17
337317,1633,13439045,154,109328,35.00,-6.43,-6.29
337339,4095,13451797,191,108896,35.00,-6.33,-6.24
337361,2515,13470349,151,108465,35.00,-6.48,-6.25
337383,3861,13497725,185,108170,35.00,-6.44,-6.22
337405,1882,13507267,135,108051,35.00,-6.40,-6.24
337427,1480,13509923,133,108020,35.00,-6.47,-6.29
337449,821,13508643,121,107894,35.00,-6.48,-6.27
337471,1103,13520979,123,107523,35.00,-6.47,-6.23
337493,1145,13531891,136,107007,35.00,-6.26,-6.23
337535,1436,13530483,146,106335,35.00,-6.42,-6.26
337557,1307,13501699,154,106544,35.00,-6.41,-6.27
337579,1981,13453461,167,107106,35.00,-6.43,-6.29
337601,1977,13442501,158,107929,35.00,-6.42,-6.26
337623,2069,13437573,153,108679,35.00,-6.43,-6.19
337645,1611,13437573,135,109299,35.00,-6.42,-6.24
337667,1133,13438853,121,109812,35.00,-6.44,-6.17
337689,702,13440325,114,110177,35.00,-6.44,-6.22
337711,1043,13443621,123,110365,35.00,-6.44,-6.25
337733,1075,13447269,139,110381,35.00,-6.43,-6.23
337755,1446,13447077,149,110308,35.00,-6.46,-6.24
337796,2333,13449445,175,110269,35.00,-6.47,-6.21
337818,2485,13449445,173,110317,35.00,-6.41,-6.19
337840,2617,13451797,170,110431,35.00,-6.42,-6.29
337862,2399,13453461,164,110524,35.00,-6.42,-6.22
337884,2100,13454741,141,110537,35.00,-6.46,-6.26
337906,1611,13457237,125,110496,35.00,-6.47,-6.28
337928,1268,13459509,119,110439,35.00,-6.47,-6.26
337950,1045,13461301,121,110382,35.00,-6.44,-6.30
337972,1087,13459413,127,110320,35.00,-6.42,-6.27
337994,1320,13450725,146,110217,35.00,-6.41,-6.24
338037,1947,13447781,156,108595,35.00,-6.47,-6.25
338059,2807,13469453,169,107744,35.00,-6.46,-6.26
338081,2517,13475885,159,107011,35.00,-6.44,-6.28
338103,2395,13480557,152,106449,35.00,-6.41,-6.27
338125,1879,13499901,137,106041,35.00,-6.42,-6.28
338147,1467,13506755,126,105749,35.00,-6.41,-6.30
338169,1233,13508547,121,105588,35.00,-6.48,-6.22
338191,1131,13508547,122,105501,35.00,-6.46,-6.26
338213,1629,13523667,142,105394,35.00,-6.45,-6.24
338235,1747,13535883,148,105309,35.00,-6.44,-6.25
338277,2164,13540043,157,105616,35.00,-6.41,-6.28
338299,2395,13539147,166,105708,35.00,-6.39,-6.23
338321,2567,13540043,164,105763,35.00,-6.44,-6.20
338343,2424,13537163,155,105754,35.00,-6.44,-6.26
338365,2031,13533171,135,105806,35.00,-6.45,-6.28
338387,1429,13529715,119,105999,35.00,-6.42,-6.26
338409,1267,13526835,119,106274,35.00,-6.45,-6.25
338431,1271,13524947,123,106573,35.00,-6.42,-6.19
338453,1303,13504387,140,106889,35.00,-6.44,-6.26
338475,1887,13499901,151,107239,35.00,-6.47,-6.24
338497,2257,13500413,165,107533,35.00,-6.46,-6.22
338538,2447,13502595,169,108374,35.00,-6.46,-6.26
338560,2824,13444901,167,108581,35.00,-6.40,-6.24
338582,2341,13435397,151,108586,35.00,-6.43,-6.27
338604,2346,13446565,149,108402,35.00,-6.46,-6.29
338626,1635,13444389,123,108332,35.00,-6.44,-6.24
338648,1395,13440837,121,108536,35.00,-6.47,-6.25
338670,1388,13439557,127,108939,35.00,-6.45,-6.22
338692,1309,13438853,139,109469,35.00,-6.38,-6.23
338714,1778,13440325,153,110014,35.00,-6.41,-6.23
338736,2163,13440837,163,110463,35.00,-6.40,-6.27
338779,2513,13441733,173,110860,35.00,-6.45,-6.27
338801,2677,13427257,163,110559,35.00,-6.50,-6.28
338823,2525,13430905,152,110025,35.00,-6.39,-6.26
338845,1926,13436165,132,109350,35.00,-6.37,-6.31
338867,1445,13435397,114,108638,35.00,-6.42,-6.27
338889,1383,13436677,120,108154,35.00,-6.44,-6.27
338911,1512,13434873,135,108091,35.00,-6.43,-6.27
338933,1976,13440837,149,108374,35.00,-6.44,-6.26
338955,2107,13451237,159,108776,35.00,-6.38,-6.25
338977,2552,13452565,167,109113,35.00,-6.41,-6.29
339363,2956,13465845,179,110200,37.67,-6.44,-6.26
339400,1514,870549,111,111306,35.00,-6.46,-6.27
339422,2125,13451285,143,111406,35.00,-6.44,-6.26
339444,1688,13453973,126,111483,35.00,-6.44,-6.25
339466,1301,13458133,119,111547,35.00,-6.41,-6.25
339488,1139,13460021,119,111582,35.00,-6.44,-6.27
339510,1259,13460789,127,111509,35.00,-6.44,-6.27
339532,1635,13460021,141,111386,35.00,-6.41,-6.25
339554,2122,13461301,159,111229,35.00,-6.44,-6.29
339576,2489,13463477,169,111109,35.00,-6.44,-6.26
339598,2775,13465461,173,110971,35.00,-6.45,-6.28
339620,2651,13463477,164,110723,35.00,-6.43,-6.23
339661,1957,13458133,138,110185,35.00,-6.44,-6.27
339683,2011,13453973,138,110050,35.00,-6.40,-6.28
339705,1383,13473101,121,109661,35.00,-6.46,-6.28
339727,1179,13481325,123,109105,35.00,-6.43,-6.25
339749,1107,13482733,125,108545,35.00,-6.43,-6.27
339771,1350,13480557,140,107942,35.00,-6.46,-6.28
339793,1787,13481325,157,107322,35.00,-6.48,-6.27
339815,2263,13481837,165,106830,35.00,-6.45,-6.29
339837,2569,13482221,168,106462,35.00,-6.44,-6.30
339859,2687,13481837,160,106192,35.00,-6.39,-6.29
339901,2266,13480557,149,106766,35.00,-6.41,-6.27
339923,1932,13447269,134,107197,35.00,-6.43,-6.24
339945,1455,13449957,119,107570,35.00,-6.41,-6.26
339967,1092,13449445,120,107933,35.00,-6.46,-6.27
339989,1135,13445285,126,108356,35.00,-6.43,-6.27
340381,1644,13453973,143,108866,36.94,-6.44,-6.27
340423,1623,865637,125,112145,35.00,-6.43,-6.25
340445,1043,13440837,120,112458,35.00,-6.44,-6.25
340467,1194,13432697,123,112813,35.00,-6.43,-6.29
340489,1198,13432185,125,113039,35.00,-6.46,-6.26
340511,1609,13433593,141,113246,35.00,-6.45,-6.27
340533,2069,13433593,157,113455,35.00,-6.44,-6.28
340555,2511,13431417,168,113589,35.00,-6.47,-6.27
340577,2759,13432697,170,113702,35.00,-6.43,-6.30
340599,2697,13431417,163,113824,35.00,-6.42,-6.28
340621,2229,13428921,147,113975,35.00,-6.42,-6.28
340663,1743,13428921,133,114380,35.00,-6.40,-6.27
340685,1327,13427257,123,114501,35.00,-6.43,-6.26
340707,1144,13428921,126,114594,35.00,-6.44,-6.27
340729,1269,13428537,135,114684,35.00,-6.45,-6.27
340751,1561,13430201,146,114774,35.00,-6.45,-6.31
340773,2071,13430201,159,114850,35.00,-6.46,-6.23
340795,2566,13429433,174,114921,35.00,-6.44,-6.22
340817,2667,13430713,165,115007,35.00,-6.47,-6.27
340839,2504,13428537,157,115112,35.00,-6.41,-6.25
340861,2119,13420697,141,115219,35.00,-6.41,-6.25
340883,1723,13420313,123,115275,35.00,-6.46,-6.32
340924,1240,13420313,119,114335,35.00,-6.43,-6.29
340946,1195,13418521,121,114104,35.00,-6.43,-6.25
340968,1165,13421977,123,113953,35.00,-6.43,-6.27
340990,1519,13422489,141,113907,35.00,-6.43,-6.27
341399,1823,13422489,158,113949,37.14,-6.41,-6.28
341427,2286,875221,135,113617,35.00,-6.44,-6.28
341449,1523,13459509,137,113580,35.00,-6.39,-6.22
341471,1417,13463477,141,113426,35.00,-6.41,-6.28
341493,1909,13464181,165,113044,35.00,-6.45,-6.25
341515,2956,13467125,179,112518,35.00,-6.39,-6.28
341537,3212,13468173,169,112045,35.00,-6.42,-6.30
341559,2323,13467661,147,111670,35.00,-6.40,-6.25
341581,1653,13462197,127,111461,35.00,-6.48,-6.28
341603,1898,13457237,125,111446,35.00,-6.46,-6.31
341625,2091,13453077,133,111540,35.00,-6.42,-6.25
341666,939,13450725,119,111811,35.00,-6.42,-6.26
341688,1429,13450725,139,111870,35.00,-6.43,-6.24
341710,1891,13453077,149,111869,35.00,-6.40,-6.25
341732,2212,13460789,159,111825,35.00,-6.28,-6.27
341754,1849,13468941,154,111770,35.00,-6.40,-6.28
341776,2771,13477165,175,111735,35.00,-6.46,-6.25
341798,2599,13477677,156,111734,35.00,-6.43,-6.30
341820,2265,13478061,142,111758,35.00,-6.45,-6.25
341842,1541,13479853,122,111786,35.00,-6.45,-6.29
341864,1333,13478573,122,111809,35.00,-6.43,-6.25
341907,1497,13478573,125,111971,35.00,-6.46,-6.29
341929,1433,13471117,141,112053,35.00,-6.42,-6.29
341951,1912,13467125,156,112118,35.00,-6.45,-6.28
341973,3385,13463669,181,112149,35.00,-6.48,-6.25
341995,4095,13457621,179,112208,35.00,-6.44,-6.29
342416,1339,13453973,134,112275,37.39,-6.44,-6.27
342448,2124,782974,135,111243,35.00,-6.44,-6.25
342470,1806,13353502,157,111334,35.00,-6.46,-6.28
342492,2495,13350766,172,111408,35.00,-6.42,-6.27
342514,2909,13348270,173,111446,35.00,-6.46,-6.25
342536,2797,13345326,163,111483,35.00,-6.42,-6.32
342558,2065,13348782,140,111538,35.00,-6.42,-6.30
342580,1706,13356446,135,111637,35.00,-6.43,-6.31
342602,1527,13365886,121,111724,35.00,-6.44,-6.28
342624,1135,13378081,120,111786,35.00,-6.41,-6.27
342646,989,13393873,119,111810,35.00,-6.43,-6.30
342689,1116,13421209,134,110864,35.00,-6.42,-6.29
342711,3439,13555931,175,110442,35.00,-6.45,-6.26
342733,3039,13600527,171,110155,35.00,-6.42,-6.28
342755,2079,13620575,155,110016,35.00,-6.40,-6.28
342777,2377,13623263,154,110011,35.00,-6.44,-6.29
342799,1945,13633280,139,110120,35.00,-6.44,-6.23
342821,1103,1071312,111,110286,35.00,-6.44,-6.31
342843,1259,1087304,125,110458,35.00,-6.45,-6.23
342865,1414,1092264,135,110610,35.00,-6.43,-6.23
342887,1303,1097192,140,110716,35.00,-6.43,-6.28
342929,1807,1101720,157,110779,35.00,-6.40,-6.27
342951,1497,1108152,153,110742,35.00,-6.47,-6.27
342973,2109,1111416,155,110689,35.00,-6.43,-6.23
342995,2895,1115908,172,110689,35.00,-6.42,-6.25
343434,2197,1115396,149,110765,36.86,-6.45,-6.26
343471,2143,1153740,151,109768,35.00,-6.46,-6.27
343493,2927,1155020,173,109443,35.00,-6.43,-6.29
343515,2491,1147404,157,109004,35.00,-6.47,-6.28
343537,2189,1142196,148,108510,35.00,-6.42,-6.28
343559,1951,1148684,135,108058,35.00,-6.43,-6.28
343581,1493,1150348,121,107702,35.00,-6.41,-6.27
343603,1160,1151564,124,107558,35.00,-6.45,-6.29
343625,1213,1169244,134,107479,35.00,-6.44,-6.29
343647,1707,1175484,153,107363,35.00,-6.44,-6.27
343669,2069,1172796,163,107311,35.00,-6.43,-6.26
343711,2357,1170908,171,107498,35.00,-6.44,-6.31
343733,2482,1174204,169,107485,35.00,-6.37,-6.24
343755,2739,1199506,169,107376,35.00,-6.40,-6.27
343777,2707,1212938,155,107227,35.00,-6.42,-6.29
343799,1549,1220042,124,106942,35.00,-6.42,-6.27
343821,983,1217866,119,106365,35.00,-6.43,-6.30
343843,999,1217866,125,105603,35.00,-6.41,-6.26
343865,1315,1220554,135,104893,35.00,-6.45,-6.28
343887,1613,1221162,145,104410,35.00,-6.42,-6.29
343909,1964,1219274,159,104144,35.00,-6.45,-6.27
343931,2452,1218378,168,104022,35.00,-6.45,-6.29
343972,2653,1212426,171,104468,35.00,-6.43,-6.30
343994,2632,1208242,163,104641,35.00,-6.45,-6.28
344706,2425,1212938,156,104728,36.67,-6.43,-6.26
344734,1949,1167964,163,108084,35.00,-6.44,-6.26
344756,2147,1152844,145,108173,35.00,-6.42,-6.29
344778,1518,1150348,127,108244,35.00,-6.42,-6.27
344800,1195,1152844,121,108291,35.00,-6.43,-6.28
344822,1221,1155116,125,108340,35.00,-6.41,-6.27
344844,1203,1159788,139,108450,35.00,-6.41,-6.27
344866,1631,1161452,147,108561,35.00,-6.46,-6.24
344888,2329,1136852,167,108636,35.00,-6.41,-6.28
344910,2469,1131796,169,108689,35.00,-6.44,-6.29
344932,2892,1127012,173,108806,35.00,-6.40,-6.28
344975,2671,1124132,163,109219,35.00,-6.44,-6.27
344997,1919,1144180,137,109196,35.00,-6.46,-6.29
345723,1109,1131028,117,108950,36.84,-6.43,-6.25
345757,1895,1075376,139,114177,35.00,-6.47,-6.28
345779,1051,1074992,115,114392,35.00,-6.44,-6.28
345801,293,1074992,119,114605,35.00,-6.40,-6.27
345823,651,1076656,137,114764,35.00,-6.44,-6.31
345845,1309,1079152,143,114845,35.00,-6.39,-6.29
345867,1591,1080816,179,114858,35.00,-6.44,-6.28
345889,2197,1080816,165,114846,35.00,-6.46,-6.25
345911,2282,1079536,165,114835,35.00,-6.41,-6.29
345933,2103,1081328,155,114807,35.00,-6.42,-6.30
345955,1938,1081328,140,114822,35.00,-6.44,-6.29
345997,1772,1079536,135,115025,35.00,-6.43,-6.32
346741,951,1071312,120,115044,36.84,-6.43,-6.26
346779,2001,1059488,145,113211,35.00,-6.46,-6.29
346801,1183,1058976,123,112834,35.00,-6.43,-6.30
346823,1351,1059488,137,112318,35.00,-6.41,-6.29
346845,1681,1058976,155,111858,35.00,-6.42,-6.30
346867,2413,1059488,169,111582,35.00,-6.44,-6.27
346889,4095,1062752,187,111493,35.00,-6.40,-6.29
346911,191,1062240,120,111525,35.00,-6.39,-6.29
346933,2793,1061472,163,111590,35.00,-6.44,-6.30
346955,2011,1062752,137,111676,35.00,-6.39,-6.28
346977,1939,1063136,127,111760,35.00,-6.42,-6.31
346999,1983,1062752,137,111872,35.00,-6.44,-6.27
347040,908,1064416,121,111991,35.00,-6.41,-6.24
347062,1085,1063136,137,112021,35.00,-6.44,-6.28
347084,1423,1064976,152,112038,35.00,-6.41,-6.31
347106,1975,1065488,167,112090,35.00,-6.46,-6.31
347128,2637,1068432,171,112171,35.00,-6.43,-6.30
347150,3064,1068432,171,112265,35.00,-6.39,-6.28
347172,2237,1067664,154,112386,35.00,-6.43,-6.27
347194,2441,1069648,151,112528,35.00,-6.38,-6.24
347216,1911,1069648,126,112675,35.00,-6.43,-6.28
347238,997,1068944,121,112812,35.00,-6.42,-6.29
347280,841,1071312,135,113136,35.00,-6.42,-6.29
347302,955,1070928,139,113234,35.00,-6.44,-6.23
347324,1509,1074992,153,113322,35.00,-6.43,-6.28
347346,1977,1077168,167,113420,35.00,-6.43,-6.26
347368,2333,1077872,167,113497,35.00,-6.41,-6.26
347390,2484,1077168,170,113359,35.00,-6.43,-6.27
347412,2248,1077872,157,112945,35.00,-6.43,-6.26
347434,1893,1079536,141,112465,35.00,-6.45,-6.29
347456,1240,1079152,121,112057,35.00,-6.45,-6.27
347478,1002,1077360,119,111788,35.00,-6.40,-6.29
347500,973,1078640,125,111675,35.00,-6.42,-6.28
347541,1301,1077872,139,111748,35.00,-6.45,-6.29
347563,1617,1077872,146,111802,35.00,-6.43,-6.28
347585,2037,1079536,163,111900,35.00,-6.42,-6.29
347607,2233,1079536,163,111959,35.00,-6.44,-6.28
347629,2565,1077168,171,111964,35.00,-6.45,-6.30
347651,2405,1078640,157,111895,35.00,-6.43,-6.28
347673,1993,1077872,143,111863,35.00,-6.46,-6.28
347695,1465,1076656,125,111826,35.00,-6.41,-6.29
347717,1115,1076656,120,111797,35.00,-6.46,-6.30
347739,1051,1077360,119,111778,35.00,-6.43,-6.27
347761,1363,1076656,141,111792,35.00,-6.46,-6.30
347802,1769,1075376,151,111873,35.00,-6.42,-6.29
347824,2099,1074480,159,111902,35.00,-6.40,-6.27
347846,2923,1074992,179,111923,35.00,-6.39,-6.31
347868,3811,1069648,184,111940,35.00,-6.43,-6.30
347890,4044,1067664,185,111983,35.00,-6.46,-6.28
347912,2975,1066256,156,112033,35.00,-6.44,-6.28
347934,3055,1063648,157,112087,35.00,-6.46,-6.30
347956,3793,1064976,165,112030,35.00,-6.46,-6.28
347978,2391,1066256,141,111740,35.00,-6.38,-6.30
348521,2698,1064416,158,111281,37.48,-6.45,-6.28
348564,0,1068432,115,111534,35.00,-6.43,-6.25
348586,1615,1077168,169,111095,35.00,-6.43,-6.32
348608,3883,1084040,190,110828,35.00,-6.39,-6.35
348630,189,1085512,125,110688,35.00,-6.45,-6.27
348652,0,1085320,142,110706,35.00,-6.46,-6.30
348674,0,1085320,141,110788,35.00,-6.48,-6.22
348696,0,1081864,139,110900,35.00,-6.44,-6.27
348718,0,1068944,130,110935,35.00,-6.47,-6.27
348740,0,1061472,146,110929,35.00,-6.42,-6.31
348762,0,1060768,137,110899,35.00,-6.10,-6.27
348804,0,1064928,149,110728,35.00,-6.57,-6.30
348826,0,1060768,134,110663,35.00,-6.45,-6.29
348848,0,1056192,127,110682,35.00,-6.46,-6.25
348870,739,1052544,137,110753,35.00,-6.44,-6.28
348892,2331,1049856,143,110875,35.00,-6.39,-6.22
348914,2139,1049856,127,111024,35.00,-6.41,-6.29
348936,826,1052736,117,111182,35.00,-6.42,-6.26
348958,0,1058976,120,111328,35.00,-6.40,-6.24
348980,0,1063648,139,111487,35.00,-6.44,-6.30
349539,0,1058592,136,111618,36.57,-6.42,-6.27
349569,2287,1039839,153,111096,35.00,-6.42,-6.28
349591,2425,13613295,147,111196,35.00,-6.45,-6.26
349613,2771,13614575,146,111329,35.00,-6.42,-6.25
349635,2361,13615087,127,111431,35.00,-6.45,-6.27
349657,1343,13615135,122,111501,35.00,-6.46,-6.23
349679,1775,13615135,141,111553,35.00,-6.44,-6.28
349701,1563,13616927,143,111618,35.00,-6.43,-6.26
349723,1372,13617823,155,111700,35.00,-6.44,-6.26
349745,2181,13616415,164,111834,35.00,-6.45,-6.25
349787,2840,13615135,171,111565,35.00,-6.46,-6.27
349809,2362,13615135,147,111096,35.00,-6.44,-6.24
349831,2076,13615135,139,110671,35.00,-6.44,-6.23
349853,1693,13617823,126,110400,35.00,-6.48,-6.30
349875,1378,13616415,124,110300,35.00,-6.43,-6.27
349897,1426,13615135,125,110316,35.00,-6.47,-6.28
349919,1672,13620575,140,110410,35.00,-6.44,-6.27
349941,2041,13626815,153,110558,35.00,-6.41,-6.27
349963,2285,13630207,163,110778,35.00,-6.44,-6.26
349985,2502,13633664,166,111000,35.00,-6.45,-6.27
350027,2494,1054016,159,111476,35.00,-6.44,-6.30
350049,2437,1054528,153,111582,35.00,-6.39,-6.29
350071,2038,1054912,146,111649,35.00,-6.43,-6.28
350093,1575,1056704,125,111677,35.00,-6.43,-6.28
350115,1311,1056800,125,111725,35.00,-6.47,-6.30
350137,1336,1057312,135,111776,35.00,-6.44,-6.27
350159,1576,1056800,147,111802,35.00,-6.46,-6.27
350181,1827,1058976,155,111806,35.00,-6.48,-6.24
350203,2167,1058592,164,111804,35.00,-6.42,-6.22
350225,2452,1056704,167,111789,35.00,-6.43,-6.27
350247,2431,1058592,157,111767,35.00,-6.44,-6.28
350288,2195,1058592,149,111536,35.00,-6.43,-6.28
350310,2045,1055424,145,111500,35.00,-6.50,-6.27
350332,1617,1056800,135,111528,35.00,-6.45,-6.22
350354,1350,1056192,123,111451,35.00,-6.44,-6.29
350376,1257,1052032,126,111148,35.00,-6.40,-6.29
350398,1403,1050752,139,110746,35.00,-6.44,-6.26
350420,1753,1051264,152,110346,35.00,-6.44,-6.30
350442,2093,1050752,163,110048,35.00,-6.44,-6.27
350464,2431,1049088,167,109922,35.00,-6.47,-6.27
350486,2487,1050752,165,109904,35.00,-6.45,-6.28
350508,2397,1051264,154,109970,35.00,-6.43,-6.24
350549,2073,1049856,143,110250,35.00,-6.42,-6.28
350571,1837,1049856,136,110379,35.00,-6.46,-6.33
350593,1468,1050368,125,110455,35.00,-6.41,-6.24
350615,1435,1049088,133,110474,35.00,-6.41,-6.25
350637,1434,1050368,135,110459,35.00,-6.45,-6.27
350659,1751,1050368,147,110444,35.00,-6.43,-6.26
350681,2027,1050752,155,110444,35.00,-6.45,-6.27
350703,2240,1050368,164,110464,35.00,-6.47,-6.26
350725,2451,1052736,166,110522,35.00,-6.45,-6.26
350747,2439,1052032,159,110609,35.00,-6.42,-6.28
350789,1978,1048576,138,110920,35.00,-6.41,-6.29
350811,1759,1049088,132,110966,35.00,-6.41,-6.24
350833,1287,1048576,119,111019,35.00,-6.45,-6.25
350855,1148,1049088,125,111088,35.00,-6.43,-6.25
350877,1304,1049088,139,111154,35.00,-6.47,-6.29
350899,1591,1049856,144,111194,35.00,-6.40,-6.26
350921,1971,1049856,159,111051,35.00,-6.47,-6.26
350943,2259,1051264,165,110688,35.00,-6.45,-6.27
350965,2458,1054016,165,110264,35.00,-6.43,-6.27
350987,2461,1054528,157,109905,35.00,-6.43,-6.27
351574,2142,1056192,151,109639,36.84,-6.43,-6.29
351611,1255,1090088,125,108999,35.00,-6.43,-6.28
351633,1121,1103704,122,109143,35.00,-6.42,-6.26
351655,1131,1114116,133,109284,35.00,-6.47,-6.27
351677,1443,1118084,141,109467,35.00,-6.48,-6.25
351699,1767,1118788,151,109638,35.00,-6.41,-6.27
351721,2095,1116292,160,109781,35.00,-6.43,-6.26
351743,2419,1118084,172,109877,35.00,-6.44,-6.33
351765,2901,1118276,169,109980,35.00,-6.47,-6.33
351787,2391,1115396,147,110071,35.00,-6.45,-6.24
351809,2669,1114104,146,110176,35.00,-6.42,-6.26
351831,2007,1114628,124,110293,35.00,-6.45,-6.24
351872,1443,1114628,125,110683,35.00,-6.47,-6.29
351894,1101,1115908,134,110738,35.00,-6.45,-6.29
351916,995,1116292,135,110760,35.00,-6.46,-6.25
351938,959,1118084,140,110753,35.00,-6.41,-6.22
351960,1464,1116292,152,110733,35.00,-6.46,-6.23
351982,1756,1118276,162,110665,35.00,-6.46,-6.31
352344,3635,1116804,171,110526,36.92,-6.48,-6.33
352373,3039,1129956,165,106264,35.00,-6.51,-6.27
352395,2092,1126308,146,106328,35.00,-6.46,-6.30
352417,2007,1126308,152,106481,35.00,-6.40,-6.31
352439,2055,1127012,155,106616,35.00,-6.44,-6.26
352461,1979,1130468,163,106668,35.00,-6.40,-6.25
352483,2895,1132308,173,106691,35.00,-6.39,-6.31
352505,1113,1127012,134,106694,35.00,-6.43,-6.30
352527,1769,1126500,146,106758,35.00,-6.40,-6.30
352549,1011,1128292,120,106842,35.00,-6.44,-6.29
352571,1874,1127780,135,106907,35.00,-6.42,-6.16
352593,2232,1129188,151,106919,35.00,-6.49,-6.26
352634,2159,1130468,151,107369,35.00,-6.43,-6.28
352656,2510,1127780,158,107424,35.00,-6.45,-6.27
352678,1467,1130468,139,107105,35.00,-6.43,-6.29
352700,2590,1132308,175,106565,35.00,-6.38,-6.29
352722,2487,1132308,165,106096,35.00,-6.45,-6.28
352744,2167,1130516,157,105815,35.00,-6.41,-6.27
352766,1919,1133204,147,105722,35.00,-6.44,-6.27
352788,1757,1133204,135,105724,35.00,-6.43,-6.27
352810,1011,1128676,117,105819,35.00,-6.43,-6.34
352832,665,1128676,119,106031,35.00,-6.43,-6.32
352875,747,1128676,125,107120,35.00,-6.45,-6.25
352897,1203,1123620,141,107559,35.00,-6.42,-6.27
352919,1810,1127012,155,107599,35.00,-6.40,-6.26
352941,2080,1127012,157,107476,35.00,-6.35,-6.24
352963,2383,1128292,165,107424,35.00,-6.40,-6.28
352985,2216,1128676,155,107326,35.00,-6.43,-6.27
353355,1817,1130516,142,107229,37.15,-6.44,-6.30
353396,1955,1135956,155,105250,35.00,-6.41,-6.26
353418,2119,1131796,157,105474,35.00,-6.39,-6.28
353440,2373,1133204,167,105661,35.00,-6.39,-6.29
353462,2637,1134484,167,105818,35.00,-6.43,-6.25
353484,2316,1134484,155,105966,35.00,-6.46,-6.30
353506,1989,1133972,139,106085,35.00,-6.43,-6.29
353528,1687,1132308,135,106121,35.00,-6.43,-6.28
353550,1063,1134484,123,106091,35.00,-6.43,-6.27
353572,952,1134676,132,106024,35.00,-6.47,-6.29
353594,1655,1132692,145,105916,35.00,-6.42,-6.25
353637,1749,1134484,145,105825,35.00,-6.49,-6.26
353659,2411,1129188,163,105956,35.00,-6.46,-6.27
353681,1672,1127012,151,106078,35.00,-6.44,-6.27
353703,1739,1122244,155,106171,35.00,-6.46,-6.26
353725,1399,1117572,141,106251,35.00,-6.43,-6.30
353747,2716,1114628,155,106343,35.00,-6.46,-6.29
353769,1881,1113592,133,106444,35.00,-6.46,-6.31
353791,2037,1115908,145,106529,35.00,-6.44,-6.27
353813,1657,1116292,139,106636,35.00,-6.39,-6.25
353835,1972,1114116,151,106738,35.00,-6.45,-6.30
353877,1832,1116804,153,105857,35.00,-6.47,-6.29
353899,2396,1107256,169,105371,35.00,-6.42,-6.27
353921,2571,1107256,165,105021,35.00,-6.44,-6.28
353943,2681,1118276,159,104806,35.00,-6.43,-6.29
353965,2376,1124516,147,104726,35.00,-6.45,-6.27
353987,2005,1121732,137,104779,35.00,-6.41,-6.27
354372,1711,1120452,125,104916,37.02,-6.42,-6.30
354400,1551,1161068,139,106130,35.00,-6.40,-6.28
354422,2253,1159084,156,105780,35.00,-6.43,-6.30
354444,2031,1160556,147,105354,35.00,-6.44,-6.30
354466,1915,1159788,139,104989,35.00,-6.44,-6.29
354488,1576,1160556,135,104813,35.00,-6.43,-6.24
354510,1245,1161964,123,104825,35.00,-6.43,-6.27
354532,1212,1145588,137,104996,35.00,-6.44,-6.27
354554,1695,1138644,148,105294,35.00,-6.44,-6.27
354576,1966,1136852,157,105584,35.00,-6.47,-6.27
354598,2151,1135956,165,105881,35.00,-6.44,-6.28
354639,2312,1133972,165,106488,35.00,-6.41,-6.27
354661,2461,1134484,160,106535,35.00,-6.41,-6.30
354683,2201,1133972,151,106504,35.00,-6.42,-6.30
354705,1929,1132308,141,106476,35.00,-6.39,-6.27
354727,1723,1126500,137,106497,35.00,-6.41,-6.29
354749,1383,1132308,123,106554,35.00,-6.45,-6.30
354771,1251,1129956,134,106627,35.00,-6.43,-6.27
354793,1415,1132692,139,106722,35.00,-6.40,-6.32
354815,1844,1135956,155,106821,35.00,-6.44,-6.26
354837,2031,1138644,157,106905,35.00,-6.46,-6.27
354859,2373,1138740,167,106983,35.00,-6.42,-6.28
354900,2487,1139252,163,107661,35.00,-6.44,-6.26
354922,2429,1122244,156,107822,35.00,-6.43,-6.28
354944,2157,1122244,145,107698,35.00,-6.41,-6.28
354966,1719,1122340,135,107414,35.00,-6.46,-6.29
354988,1373,1122340,125,107096,35.00,-6.41,-6.26
355390,1257,1121732,125,106796,37.02,-6.44,-6.27
355421,677,1119556,121,108682,35.00,-6.37,-6.32
355443,1911,1115908,149,108778,35.00,-6.44,-6.33
355465,1853,1117572,137,108756,35.00,-6.44,-6.25
355487,1101,1118084,132,108431,35.00,-6.41,-6.31
355509,1386,1118276,135,107942,35.00,-6.50,-6.29
355531,1968,1121732,145,107419,35.00,-6.44,-6.30
355553,1519,1122340,139,106941,35.00,-6.47,-6.32
355575,2267,1124516,153,106644,35.00,-6.47,-6.27
355597,2285,1132692,159,106529,35.00,-6.40,-6.25
355619,2617,1134484,158,106596,35.00,-6.43,-6.25
355641,4095,1132692,179,106788,35.00,-6.43,-6.26
355682,4095,1132308,157,107571,35.00,-6.42,-6.27
355704,0,1130468,101,107720,35.00,-6.47,-6.27
355726,0,1133204,100,107757,35.00,-6.34,-6.24
355748,0,1132692,115,107714,35.00,-6.47,-6.25
355770,0,1131796,141,107654,35.00,-6.42,-6.31
355792,1624,1129956,157,107598,35.00,-6.42,-6.27
355814,0,1129956,119,107579,35.00,-6.44,-6.25
355836,0,1132692,115,107609,35.00,-6.35,-6.27
355858,4095,1134676,207,107738,35.00,-6.52,-6.22
355880,4095,1134676,191,107947,35.00,-6.39,-6.24
355923,4095,1138740,220,108866,35.00,-6.50,-6.31
355945,0,1124516,124,109170,35.00,-6.49,-6.28
355967,0,1122340,136,109446,35.00,-6.47,-6.40
355989,3834,1122244,219,109669,35.00,-6.49,-6.17
356407,4095,1119556,182,109723,37.14,-6.40,-6.31
356444,0,1111928,121,110128,35.00,-6.43,-6.25
356466,0,1111928,123,110208,35.00,-6.43,-6.23
356488,0,1113592,123,110266,35.00,-6.45,-6.29
356510,2840,1111416,157,110367,35.00,-6.43,-6.27
356532,3013,1112312,156,110504,35.00,-6.43,-6.24
356554,1613,1114104,145,110630,35.00,-6.42,-6.21
356576,1640,1112824,157,110655,35.00,-6.45,-6.27
356598,2911,1112824,179,110357,35.00,-6.44,-6.27
356620,2587,1116292,157,109845,35.00,-6.46,-6.26
356642,1164,1117572,133,109246,35.00,-6.44,-6.25
356685,0,1118084,120,108302,35.00,-6.44,-6.21
356707,141,1118788,115,108307,35.00,-6.47,-6.27
356729,0,1118788,125,108383,35.00,-6.45,-6.26
356751,0,1119556,136,108529,35.00,-6.45,-6.31
356773,1365,1121732,155,108689,35.00,-6.43,-6.26
356795,2479,1122852,174,108822,35.00,-6.48,-6.28
356817,2971,1122244,180,108936,35.00,-6.40,-6.26
356839,2741,1122340,167,109003,35.00,-6.46,-6.22
356861,2735,1124132,159,109028,35.00,-6.44,-6.27
356883,2665,1123620,151,108993,35.00,-6.47,-6.27
356925,3484,1123620,159,108768,35.00,-6.44,-6.25
356947,409,1123620,115,108747,35.00,-6.45,-6.25
356969,739,1124132,135,108818,35.00,-6.42,-6.21
356991,1533,1125796,151,108913,35.00,-6.41,-6.27
357425,1885,1125796,159,109018,36.78,-6.50,-6.26
357467,1483,1130516,125,108453,35.00,-6.43,-6.25
357489,1592,1129956,136,108431,35.00,-6.44,-6.25
357511,1620,1130516,147,108449,35.00,-6.46,-6.25
357533,1884,1131028,155,108492,35.00,-6.45,-6.22
357555,2223,1131796,165,108555,35.00,-6.47,-6.25
357577,2331,1132692,163,108609,35.00,-6.43,-6.25
357599,2171,1131796,157,108674,35.00,-6.43,-6.24
357621,2074,1130516,147,108770,35.00,-6.44,-6.28
357643,1635,1132308,133,108869,35.00,-6.46,-6.25
357665,1271,1131796,125,108915,35.00,-6.46,-6.30
357707,1213,1130516,125,109005,35.00,-6.44,-6.27
357729,1358,1131028,138,108909,35.00,-6.48,-6.28
357751,1693,1129956,153,108499,35.00,-6.43,-6.31
357773,1815,1129956,158,107886,35.00,-6.43,-6.23
357795,2405,1130468,169,107261,35.00,-6.46,-6.23
357817,2455,1131796,166,106760,35.00,-6.47,-6.29
357839,2219,1130516,155,106453,35.00,-6.45,-6.24
357861,1725,1130468,139,106322,35.00,-6.44,-6.29
357883,1524,1130516,124,106382,35.00,-6.44,-6.27
357905,1275,1130468,121,106549,35.00,-6.43,-6.20
357927,1461,1128676,126,106773,35.00,-6.43,-6.22
357968,1395,1130468,136,107375,35.00,-6.42,-6.24
357990,1045,1126308,142,107469,35.00,-6.44,-6.25
358697,1437,1129188,155,107478,36.89,-6.46,-6.23
358730,2266,1126308,146,107500,35.00,-6.44,-6.22
358752,1877,1124132,155,107524,35.00,-6.42,-6.28
358774,2335,1123620,173,107563,35.00,-6.43,-6.28
358796,2549,1122340,167,107630,35.00,-6.44,-6.31
358818,2447,1123620,155,107701,35.00,-6.45,-6.23
358840,1931,1124132,139,107779,35.00,-6.44,-6.26
358862,1511,1122340,127,107861,35.00,-6.47,-6.28
358884,905,1122244,125,107914,35.00,-6.46,-6.23
358906,3341,1122852,170,107812,35.00,-6.45,-6.27
358928,4095,1122340,175,107372,35.00,-6.40,-6.23
358970,4095,1122244,179,105743,35.00,-6.44,-6.25
358992,1748,1121732,151,105538,35.00,-6.39,-6.25
359715,1395,1120068,156,105527,36.57,-6.41,-6.29
359753,0,1110136,127,107614,35.00,-6.45,-6.21
359775,0,1108152,141,107727,35.00,-6.49,-6.26
359797,0,1109432,135,107777,35.00,-6.41,-6.27
359819,0,1109944,139,107777,35.00,-6.43,-6.26
359841,0,1108664,134,107775,35.00,-6.26,-6.36
359863,0,1108664,137,107810,35.00,-6.44,-6.26
359885,0,1106488,137,107827,35.00,-6.40,-6.28
359907,122,1103704,139,107840,35.00,-6.45,-6.28
359929,1017,1104088,137,107844,35.00,-6.42,-6.30
359951,805,1101720,155,107915,35.00,-6.43,-6.25
359993,1749,1098264,159,108313,35.00,-6.43,-6.25
360732,237,1098264,140,108491,37.10,-6.44,-6.26
360757,4095,1113592,179,106904,35.00,-6.45,-6.28
360779,4095,1116292,165,106991,35.00,-6.44,-6.24
360801,716,1121732,102,107177,35.00,-6.40,-6.28
360823,2041,1124132,141,107388,35.00,-6.47,-6.26
360845,2685,1125028,155,107582,35.00,-6.46,-6.24
360867,3097,1125028,159,107791,35.00,-6.45,-6.27
360889,2949,1131028,170,107937,35.00,-6.43,-6.28
360911,2641,1134484,169,107999,35.00,-6.45,-6.29
360933,2852,1134676,173,107971,35.00,-6.45,-6.26
360976,2972,1138644,169,107923,35.00,-6.41,-6.25
360998,2323,1147404,141,107914,35.00,-6.47,-6.26
361020,1545,1153740,131,107945,35.00,-6.46,-6.27
361042,1513,1165084,126,107992,35.00,-6.44,-6.28
361064,1353,1169244,135,108061,35.00,-6.41,-6.26
361086,1673,1171420,149,108131,35.00,-6.43,-6.24
361108,2009,1173692,159,108219,35.00,-6.43,-6.24
361130,2376,1183618,174,108298,35.00,-6.44,-6.27
361152,2607,1179650,172,108344,35.00,-6.44,-6.30
361174,2509,1171420,167,108405,35.00,-6.40,-6.28
361216,2427,1178364,156,107599,35.00,-6.49,-6.30
361238,2087,1187266,141,107062,35.00,-6.46,-6.26
361260,1688,1196050,133,106621,35.00,-6.44,-6.24
361282,1061,1204786,133,106295,35.00,-6.44,-6.25
361304,1629,1210610,147,106160,35.00,-6.45,-6.26
361326,1885,1212938,157,106205,35.00,-6.41,-6.26
361348,1621,1217866,159,106396,35.00,-6.45,-6.27
361370,1917,1224618,171,106631,35.00,-6.41,-6.22
361392,2063,1228826,165,106855,35.00,-6.41,-6.27
361414,2359,1231514,165,107050,35.00,-6.44,-6.26
361436,2763,1237050,157,107187,35.00,-6.41,-6.26
361477,1306,1238842,125,107192,35.00,-6.46,-6.25
361499,1080,1239226,123,107145,35.00,-6.47,-6.27
361521,1053,1243002,121,107086,35.00,-6.47,-6.28
361543,955,1241210,127,107059,35.00,-6.45,-6.27
361565,1106,1245178,141,107079,35.00,-6.43,-6.28
361587,1557,1246470,153,107133,35.00,-6.43,-6.26
361609,2015,1247366,164,107202,35.00,-6.44,-6.27
361631,2251,1245702,168,107253,35.00,-6.47,-6.27
361653,2326,1245702,165,107312,35.00,-6.45,-6.25
361675,2063,1245702,149,107404,35.00,-6.42,-6.25
361718,1568,1245702,137,107225,35.00,-6.44,-6.21
361740,1213,1244666,123,106770,35.00,-6.43,-6.24
361762,1711,1245178,146,106282,35.00,-6.42,-6.23
361784,1493,1241722,139,105849,35.00,-6.44,-6.28
361806,1421,1243898,147,105583,35.00,-6.41,-6.25
361828,1861,1243898,155,105495,35.00,-6.45,-6.27
361850,2164,1243386,167,105550,35.00,-6.46,-6.25
361872,2213,1241210,168,105725,35.00,-6.46,-6.25
361894,1989,1241722,153,105934,35.00,-6.43,-6.24
361916,1676,1241722,140,106201,35.00,-6.42,-6.27
361958,1434,1241018,125,106877,35.00,-6.43,-6.26
361980,1165,1239738,119,106946,35.00,-6.44,-6.24
362512,1001,1239738,123,106978,36.65,-6.44,-6.28
362542,2687,1224106,149,106397,35.00,-6.45,-6.27
362564,1715,1219274,145,106584,35.00,-6.40,-6.25
362586,2189,1222442,156,106715,35.00,-6.44,-6.28
362608,2406,1222442,169,106807,35.00,-6.40,-6.28
362630,2567,1222826,169,106894,35.00,-6.48,-6.24
362652,2569,1219274,166,106971,35.00,-6.42,-6.27
362674,2301,1217866,151,107015,35.00,-6.48,-6.28
362696,2044,1215882,138,107034,35.00,-6.47,-6.27
362718,1852,1213706,133,107002,35.00,-6.43,-6.28
362760,1511,1212938,125,106052,35.00,-6.42,-6.25
362782,1111,1218378,126,105123,35.00,-6.44,-6.23
362804,713,1221930,137,104057,35.00,-6.45,-6.24
362826,1349,1226602,155,103200,35.00,-6.42,-6.24
362848,2171,1234778,167,102614,35.00,-6.46,-6.25
362870,2579,1238842,171,102414,35.00,-6.39,-6.27
362892,2921,1238330,173,102602,35.00,-6.43,-6.24
362914,3048,1236954,159,102924,35.00,-6.44,-6.24
362936,2749,1228826,149,103238,35.00,-6.48,-6.24
362958,2521,1228778,147,103452,35.00,-6.44,-6.25
362980,2196,1244666,139,103533,35.00,-6.42,-6.24
363021,1875,1250630,145,103423,35.00,-6.40,-6.25
363043,907,1226986,140,103516,35.00,-6.46,-6.25
363065,1251,1224810,150,103578,35.00,-6.45,-6.25
363087,1911,1226602,165,103573,35.00,-6.42,-6.23
363109,2323,1225322,167,103522,35.00,-6.43,-6.23
363131,2661,1221162,173,103551,35.00,-6.44,-6.30
363153,2331,1239738,155,103545,35.00,-6.40,-6.24
363175,1879,1289646,145,103142,35.00,-6.46,-6.24
363197,983,1314881,123,102567,35.00,-6.44,-6.29
363219,823,1318945,125,101965,35.00,-6.46,-6.26
363262,697,1314689,135,100414,35.00,-6.44,-6.21
363284,1335,1296542,147,100208,35.00,-6.46,-6.25
363306,1677,1294878,155,99770,35.00,-6.41,-6.26
363328,2099,1279246,168,98999,35.00,-6.48,-6.24
363350,2589,1202386,171,98325,35.00,-6.47,-6.27
363372,2102,1181442,155,98032,35.00,-6.44,-6.27
363394,1765,1181442,147,97901,35.00,-6.49,-6.27
363416,1335,1177852,135,98172,35.00,-6.44,-6.25
363438,922,1177852,124,98664,35.00,-6.40,-6.26
363460,1173,1183618,134,99372,35.00,-6.42,-6.27
363502,1231,1183106,143,100927,35.00,-6.41,-6.24
363524,1675,1183810,153,101533,35.00,-6.46,-6.28
363546,3025,1227498,185,102465,35.00,-6.44,-6.25
363568,2277,1275254,173,103686,35.00,-6.46,-6.22
363590,2431,1286702,167,104983,35.00,-6.43,-6.27
363612,1683,1273974,135,106277,35.00,-6.44,-6.28
363634,1769,1246470,140,107567,35.00,-6.43,-6.26
363656,1451,1226090,125,108946,35.00,-6.45,-6.25
363678,1327,1210226,125,110448,35.00,-6.44,-6.27
363700,1170,1213706,127,111670,35.00,-6.44,-6.26
363722,1387,1207730,148,112492,35.00,-6.43,-6.27
363763,1799,1203666,153,113832,35.00,-6.42,-6.28
363785,2033,1167260,159,114234,35.00,-6.47,-6.27
363807,2442,1163244,168,114453,35.00,-6.46,-6.23
363829,2633,1165980,171,114124,35.00,-6.44,-6.27
363851,2687,1167452,168,113629,35.00,-6.47,-6.30
363873,2365,1167964,153,113302,35.00,-6.46,-6.30
363895,1871,1167452,139,113156,35.00,-6.42,-6.25
363917,1565,1169628,134,113140,35.00,-6.47,-6.27
363939,1349,1171516,125,113250,35.00,-6.47,-6.25
363961,1303,1170908,137,113476,35.00,-6.46,-6.24
364548,1525,1171516,148,114141,37.17,-6.44,-6.27
364585,1290,1189666,148,112517,35.00,-6.48,-6.25
364607,2334,1186498,169,112509,35.00,-6.45,-6.26
364629,1951,1190050,155,112439,35.00,-6.42,-6.27
364651,955,1191330,135,112337,35.00,-6.46,-6.26
364673,807,1189666,133,112235,35.00,-6.47,-6.27
364695,2733,1187778,157,112169,35.00,-6.42,-6.27
364717,1907,1190050,124,112110,35.00,-6.44,-6.29
364739,1591,1191330,133,112059,35.00,-6.44,-6.27
364761,2045,1189154,147,112012,35.00,-6.44,-6.26
364783,2555,1191330,167,111975,35.00,-6.43,-6.26
364826,2795,1192034,175,111838,35.00,-6.46,-6.29
364848,3109,1190562,172,111789,35.00,-6.44,-6.27
364870,3101,1193826,168,111710,35.00,-6.46,-6.26
364892,2715,1193314,151,111587,35.00,-6.43,-6.29
364914,2059,1191842,134,111309,35.00,-6.44,-6.25
364936,1689,1192034,122,110727,35.00,-6.43,-6.26
364958,1431,1194722,123,109952,35.00,-6.45,-6.25
364980,1671,1194210,142,109120,35.00,-6.43,-6.28
365565,2043,1193314,153,108408,37.14,-6.45,-6.22
365608,2408,1204178,164,102391,35.00,-6.43,-6.26
365630,2252,1203666,148,102425,35.00,-6.44,-6.28
365652,1783,1207730,133,102460,35.00,-6.47,-6.23
365674,1171,1224810,118,102447,35.00,-6.40,-6.27
365696,931,1228266,122,102502,35.00,-6.46,-6.25
365718,957,1228266,120,102565,35.00,-6.43,-6.27
365740,1357,1231514,139,102454,35.00,-6.47,-6.30
365762,1823,1232282,151,102224,35.00,-6.42,-6.23
365784,2277,1232986,163,101977,35.00,-6.44,-6.25
365806,2503,1234778,165,101768,35.00,-6.44,-6.24
365848,2542,1234778,165,102369,35.00,-6.44,-6.27
365870,2217,1233498,147,102238,35.00,-6.43,-6.24
365892,1822,1233498,133,102213,35.00,-6.43,-6.26
365914,1239,1222826,117,102503,35.00,-6.47,-6.28
365936,1113,1202002,117,103123,35.00,-6.46,-6.31
365958,1221,1196050,125,103710,35.00,-6.45,-6.28
365980,1463,1198226,141,103981,35.00,-6.47,-6.28
366583,1908,1196562,153,104051,36.75,-6.44,-6.29
366614,4095,1200210,157,105573,35.00,-6.45,-6.24
366636,4095,1187874,157,106130,35.00,-6.51,-6.27
366658,1260,1190050,124,106465,35.00,-6.44,-6.27
366680,1574,1192034,149,106493,35.00,-6.44,-6.29
366702,1780,1196562,164,106418,35.00,-6.53,-6.20
366724,3977,1189154,185,106348,35.00,-6.45,-6.22
366746,3112,1184322,167,106176,35.00,-6.37,-6.30
366768,2411,1183618,159,105999,35.00,-6.43,-6.33
366790,4095,1180162,167,105962,35.00,-6.39,-6.24
366831,4095,1185602,165,104945,35.00,-6.45,-6.25
366853,0,1202386,108,104526,35.00,-6.43,-6.29
366875,0,1212402,131,104296,35.00,-6.40,-6.27
366897,95,1218762,123,104179,35.00,-6.50,-6.23
366919,669,1225322,155,104151,35.00,-6.43,-6.32
366941,1993,1226602,151,104226,35.00,-6.58,-6.34
366963,0,1226602,121,104351,35.00,-6.60,-6.33
366985,0,1222826,135,104400,35.00,-6.46,-6.25
367347,0,1218762,137,104384,36.77,-6.47,-6.22
367375,629,1187874,133,105349,35.00,-6.46,-6.28
367397,1817,1173308,139,105458,35.00,-6.37,-6.22
367419,733,1169628,139,105433,35.00,-6.45,-6.26
367441,885,1169244,147,105080,35.00,-6.49,-6.26
367463,2291,1174972,168,104242,35.00,-6.45,-6.30
367485,2279,1173308,165,103284,35.00,-6.44,-6.30
367507,2152,1175676,155,102519,35.00,-6.41,-6.27
367529,3214,1179132,167,102107,35.00,-6.47,-6.26
367551,2459,1180930,139,101897,35.00,-6.40,-6.28
367593,1684,1179644,127,102682,35.00,-6.17,-6.18
367615,2333,1186498,140,103025,35.00,-6.39,-6.27
367637,2187,1190050,143,103404,35.00,-6.45,-6.28
367659,2489,1187266,156,103822,35.00,-6.43,-6.26
367681,3035,1193314,171,104137,35.00,-6.44,-6.29
367703,3021,1196002,171,104201,35.00,-6.46,-6.24
367725,2468,1198226,166,104091,35.00,-6.43,-6.26
367747,2800,1199506,163,103908,35.00,-6.43,-6.25
367769,2853,1218378,153,103696,35.00,-6.44,-6.23
367791,2281,1224810,144,103381,35.00,-6.44,-6.23
367834,1403,1224618,125,102969,35.00,-6.44,-6.27
367856,1492,1220042,137,103059,35.00,-6.43,-6.27
367878,2139,1221930,167,103033,35.00,-6.43,-6.28
367900,3131,1222442,173,102811,35.00,-6.48,-6.27
367922,4095,1222826,183,102388,35.00,-6.44,-6.27
367944,3749,1215882,171,102440,35.00,-6.47,-6.27
367966,1323,1202386,124,103166,35.00,-6.47,-6.27
367988,1357,1181442,141,104099,35.00,-6.49,-6.24
368363,1195,1176956,133,105034,37.02,-6.39,-6.24
368395,2471,1177468,165,105755,35.00,-6.39,-6.25
368417,1992,1178364,149,105867,35.00,-6.41,-6.27
368439,2296,1179644,160,105862,35.00,-6.47,-6.24
368461,1891,1176188,158,105739,35.00,-6.43,-6.29
368483,1877,1169628,154,105630,35.00,-6.40,-6.29
368505,2211,1163292,165,105568,35.00,-6.45,-6.29
368527,2165,1160556,151,105500,35.00,-6.38,-6.24
368549,1908,1167964,141,105604,35.00,-6.40,-6.27
368571,1909,1169628,139,105801,35.00,-6.43,-6.27
368593,1849,1163804,139,105896,35.00,-6.44,-6.24
368636,1947,1162732,147,105124,35.00,-6.43,-6.28
368658,1727,1172028,149,104324,35.00,-6.44,-6.27
368680,1837,1172796,158,103467,35.00,-6.40,-6.22
368702,2108,1172028,165,102915,35.00,-6.42,-6.24
368724,2335,1172028,165,102741,35.00,-6.45,-6.24
368746,2099,1174204,153,102772,35.00,-6.46,-6.26
368768,2134,1174972,149,102914,35.00,-6.45,-6.31
368790,1658,1173692,136,103121,35.00,-6.42,-6.24
368812,1123,1175484,125,103376,35.00,-6.47,-6.28
368834,1784,1175484,139,103584,35.00,-6.44,-6.27
368876,1467,1174204,135,103577,35.00,-6.43,-6.29
368898,1775,1179644,150,103347,35.00,-6.43,-6.26
368920,1881,1179132,157,103241,35.00,-6.43,-6.26
368942,2330,1181442,172,103246,35.00,-6.41,-6.26
368964,2824,1180930,171,103301,35.00,-6.45,-6.22
368986,2489,1181826,153,103505,35.00,-6.43,-6.27
369381,1747,1180930,140,103754,36.91,-6.46,-6.29
369418,2571,1191842,169,103140,35.00,-6.41,-6.23
369440,2131,1199506,157,103197,35.00,-6.43,-6.24
369462,2155,1208242,163,103155,35.00,-6.44,-6.27
369484,3100,1216394,171,103073,35.00,-6.43,-6.26
369506,2476,1217866,155,103010,35.00,-6.43,-6.28
369528,1491,1222826,138,102924,35.00,-6.45,-6.28
369550,1588,1228778,138,102872,35.00,-6.45,-6.27
369572,1240,1232794,126,102845,35.00,-6.43,-6.24
369594,1183,1238330,133,102868,35.00,-6.41,-6.25
369616,1663,1239226,151,103000,35.00,-6.45,-6.27
369658,1701,1238330,154,103054,35.00,-6.43,-6.30
369680,2585,1240506,171,103120,35.00,-6.40,-6.23
369702,2015,1240506,164,103273,35.00,-6.45,-6.24
369724,2363,1241018,168,103366,35.00,-6.47,-6.27
369746,2237,1241210,149,103343,35.00,-6.43,-6.25
369768,1799,1241210,138,103248,35.00,-6.42,-6.29
369790,1343,1239738,139,102949,35.00,-6.47,-6.29
369812,1215,1239226,123,102415,35.00,-6.42,-6.25
369834,1303,1240506,137,101826,35.00,-6.41,-6.26
369856,1771,1244666,148,101320,35.00,-6.46,-6.24
369878,1710,1243002,151,101060,35.00,-6.40,-6.31
369919,1994,1244666,159,101845,35.00,-6.45,-6.22
369941,2413,1239738,167,102053,35.00,-6.44,-6.26
369963,2542,1242490,167,102120,35.00,-6.43,-6.26
369985,2423,1241210,152,102233,35.00,-6.44,-6.27
370397,1896,1241722,135,102400,37.25,-6.38,-6.26
370425,1739,1282638,157,102744,35.00,-6.46,-6.26
370447,1803,1287982,139,102614,35.00,-6.47,-6.24
370469,2583,1296542,143,102514,35.00,-6.44,-6.23
370491,413,1302494,105,102496,35.00,-6.52,-6.27
370513,1882,1312001,146,102164,35.00,-6.41,-6.29
370535,1599,1331793,147,101389,35.00,-6.43,-6.25
370557,1759,1335857,152,100494,35.00,-6.47,-6.27
370579,2387,1339505,170,99939,35.00,-6.42,-6.25
370621,1815,1347465,153,100036,35.00,-6.41,-6.26
370643,2987,1349833,170,100247,35.00,-6.43,-6.26
370665,2343,1347465,152,100367,35.00,-6.45,-6.23
370687,957,1345289,127,100471,35.00,-6.43,-6.23
370709,1333,1331089,126,100644,35.00,-6.41,-6.22
370731,760,1308542,122,100821,35.00,-6.47,-6.27
370753,496,1294366,133,100892,35.00,-6.42,-6.30
370775,2013,1281934,153,100836,35.00,-6.43,-6.25
370797,1902,1277942,151,100842,35.00,-6.44,-6.28
370819,2119,1278478,163,100877,35.00,-6.47,-6.27
370861,2053,1281934,156,101003,35.00,-6.41,-6.30
370883,1989,1255590,151,101054,35.00,-6.41,-6.27
370905,1308,1245178,139,101082,35.00,-6.42,-6.30
370927,2157,1236954,151,101118,35.00,-6.39,-6.26
370949,1651,1220042,133,101178,35.00,-6.40,-6.22
370971,581,1189666,121,101323,35.00,-6.41,-6.27
370993,831,1157292,127,101465,35.00,-6.45,-6.25
371416,927,1123620,146,101542,37.25,-6.36,-6.18
371445,2204,980347,157,101133,35.00,-6.42,-6.25
371467,1757,13559099,125,101319,35.00,-6.42,-6.29
371489,1493,13547371,124,101410,35.00,-6.47,-6.25
371511,1528,13544875,132,101453,35.00,-6.43,-6.29
371533,1725,13539531,137,101477,35.00,-6.44,-6.28
371555,1983,13534475,148,101590,35.00,-6.48,-6.29
371577,2028,13532659,152,101742,35.00,-6.41,-6.27
371599,2030,13531379,159,101830,35.00,-6.45,-6.27
371621,2429,13529715,165,101847,35.00,-6.45,-6.29
371663,2683,13528499,156,102361,35.00,-6.48,-6.22
371685,2259,13514083,139,102700,35.00,-6.44,-6.25
371707,1466,13512611,127,103129,35.00,-6.46,-6.25
371729,1567,13506755,133,103631,35.00,-6.46,-6.26
371751,1579,13499901,126,104075,35.00,-6.46,-6.23
371773,1594,13503107,139,104376,35.00,-6.45,-6.26
371795,1622,13511331,147,104526,35.00,-6.44,-6.28
371817,1867,13516771,151,104572,35.00,-6.43,-6.27
371839,2317,13517331,165,104606,35.00,-6.46,-6.25
371861,2329,13518995,157,104757,35.00,-6.46,-6.26
371883,2377,13521491,152,104963,35.00,-6.45,-6.27
371924,2130,13519507,143,104902,35.00,-6.48,-6.26
371946,2107,13506755,135,104394,35.00,-6.42,-6.27
371968,1533,13506371,125,103680,35.00,-6.40,-6.28
371990,1251,13518611,121,102814,35.00,-6.44,-6.26
372433,1171,13531891,133,102132,36.88,-6.45,-6.28
372465,2013,957131,152,106109,35.00,-6.47,-6.24
372487,1483,13535883,121,106260,35.00,-6.45,-6.26
372509,1315,13537867,121,106322,35.00,-6.44,-6.26
372531,1377,13537355,133,106528,35.00,-6.39,-6.23
372553,1655,13535371,141,106966,35.00,-6.44,-6.30
372575,1929,13533171,153,107407,35.00,-6.39,-6.25
372597,2509,13528499,165,107720,35.00,-6.43,-6.26
372619,2921,13525043,167,107940,35.00,-6.40,-6.23
372641,2655,13523155,163,107946,35.00,-6.45,-6.25
372663,2077,13523667,151,107598,35.00,-6.45,-6.24
372685,1531,13523155,131,106987,35.00,-6.42,-6.26
372726,1311,13521491,134,105387,35.00,-6.42,-6.27
372748,1621,13521491,125,105083,35.00,-6.42,-6.26
372770,1423,13519507,135,105133,35.00,-6.39,-6.25
372792,1519,13518099,139,105465,35.00,-6.41,-6.22
372814,1935,13516259,152,105846,35.00,-6.42,-6.29
372836,1783,13516819,156,106116,35.00,-6.43,-6.28
372858,2407,13515491,169,106341,35.00,-6.38,-6.26
372880,2271,13514979,165,106515,35.00,-6.45,-6.28
372902,2212,13516259,154,106649,35.00,-6.43,-6.28
372924,2027,13514083,143,106716,35.00,-6.44,-6.29
372946,1771,13513315,133,106770,35.00,-6.47,-6.26
372987,1425,13514595,126,106600,35.00,-6.40,-6.25
373705,837,13511331,120,106430,36.63,-6.45,-6.27
373729,1481,902941,125,104886,35.00,-6.44,-6.26
373751,1353,13485853,138,105032,35.00,-6.42,-6.30
373773,2006,13487517,151,105145,35.00,-6.46,-6.27
373795,2011,13487517,153,105171,35.00,-6.43,-6.30
373817,2389,13485853,160,105134,35.00,-6.46,-6.28
373839,2631,13486237,165,105135,35.00,-6.43,-6.26
373861,2206,13487517,143,105109,35.00,-6.43,-6.30
373883,1967,13486237,137,104795,35.00,-6.40,-6.25
373905,1640,13478573,131,104204,35.00,-6.41,-6.27
373927,1355,13475885,123,103558,35.00,-6.42,-6.27
373969,1507,13472333,133,102477,35.00,-6.45,-6.25
373991,1525,13475885,139,102550,35.00,-6.44,-6.28
374723,1843,13478061,145,102804,37.01,-6.43,-6.28
374751,1577,875221,125,102082,35.00,-6.43,-6.30
374773,1787,13455445,153,102010,35.00,-6.43,-6.25
374795,2149,13456725,163,102062,35.00,-6.42,-6.28
374817,2237,13457237,154,102123,35.00,-6.43,-6.28
374839,2484,13457621,154,102137,35.00,-6.49,-6.34
374861,2165,13454741,141,102159,35.00,-6.41,-6.29
374883,1981,13451797,127,102258,35.00,-6.42,-6.29
374905,1156,13451797,120,102447,35.00,-6.43,-6.27
374927,1545,13451285,133,102572,35.00,-6.45,-6.25
374949,1625,13455957,139,102573,35.00,-6.44,-6.27
374971,2015,13459413,151,102490,35.00,-6.44,-6.29
375740,1867,13457621,151,102595,36.89,-6.42,-6.29
375774,1593,901149,125,101535,35.00,-6.42,-6.30
375796,1447,13487517,139,100686,35.00,-6.42,-6.27
375818,2531,13488029,155,100245,35.00,-6.42,-6.29
375840,1161,13487517,107,100109,35.00,-6.41,-6.27
375862,1828,13486749,137,100083,35.00,-6.43,-6.26
375884,930,13485341,115,100106,35.00,-6.41,-6.28
375906,1213,13485341,125,100280,35.00,-6.43,-6.27
375928,1703,13490013,141,100417,35.00,-6.44,-6.26
375950,1929,13488221,147,100507,35.00,-6.38,-6.27
375972,3114,13485853,173,100613,35.00,-6.44,-6.27
375994,2376,13485853,150,100726,35.00,-6.42,-6.31
376035,2239,13492797,151,100680,35.00,-6.44,-6.27
376057,2991,13479853,169,100748,35.00,-6.43,-6.24
376079,2087,13474509,139,100866,35.00,-6.39,-6.29
376101,1227,13471629,120,100989,35.00,-6.42,-6.26
376123,1207,13466357,123,101112,35.00,-6.46,-6.24
376145,1149,13465461,121,101170,35.00,-6.43,-6.25
376167,1671,13463669,138,101189,35.00,-6.44,-6.27
376189,2299,13459413,153,101196,35.00,-6.41,-6.27
376211,790,13455957,137,101167,35.00,-6.44,-6.31
376233,1819,13453077,159,101121,35.00,-6.41,-6.26
376275,2612,13444901,165,101362,35.00,-6.41,-6.24
376297,2393,13451237,151,101435,35.00,-6.44,-6.27
376319,2208,13451237,139,101407,35.00,-6.43,-6.26
376341,1559,13452565,121,101406,35.00,-6.41,-6.22
376363,1781,13458133,135,101420,35.00,-6.45,-6.30
376385,331,13494973,107,101457,35.00,-6.43,-6.30
376407,471,13525555,125,101443,35.00,-6.46,-6.30
376429,2139,13578151,155,101174,35.00,-6.42,-6.27
376451,1547,13615647,139,100633,35.00,-6.39,-6.26
376473,2677,13639616,171,100022,35.00,-6.46,-6.26
376495,4095,1081352,175,99540,35.00,-6.39,-6.29
376536,1943,1105368,141,99376,35.00,-6.44,-6.28
376558,2347,1127780,149,99450,35.00,-6.41,-6.25
376580,1623,1135956,139,99518,35.00,-6.43,-6.28
376602,983,1145588,123,99628,35.00,-6.41,-6.22
376624,1032,1157292,125,99772,35.00,-6.43,-6.27
376646,1432,1164572,137,99902,35.00,-6.47,-6.30
376668,2159,1165980,155,100001,35.00,-6.45,-6.30
376690,2065,1172796,151,100056,35.00,-6.42,-6.24
376712,1823,1185090,157,100059,35.00,-6.44,-6.27
376734,2463,1190562,165,100028,35.00,-6.47,-6.26
376756,2707,1196002,164,100081,35.00,-6.44,-6.24
376797,3279,1202002,163,100250,35.00,-6.41,-6.26
376819,729,1206962,125,100193,35.00,-6.38,-6.23
376841,1480,1212938,133,100152,35.00,-6.45,-6.31
376863,2043,1218378,139,100209,35.00,-6.40,-6.30
376885,1449,1221162,123,100305,35.00,-6.48,-6.27
376907,1813,1222442,149,100319,35.00,-6.42,-6.27
376929,2137,1226090,153,100250,35.00,-6.42,-6.26
376951,2079,1228266,157,100148,35.00,-6.42,-6.28
376973,2770,1228266,171,100098,35.00,-6.40,-6.28
376995,2515,1230106,157,100090,35.00,-6.41,-6.30
377037,2169,1262870,149,99926,35.00,-6.44,-6.28
377059,0,1273782,115,99613,35.00,-6.43,-6.27
377081,3348,1277942,159,99132,35.00,-6.53,-6.28
377103,1299,1277430,109,98708,35.00,-6.48,-6.27
377125,658,1275254,121,98461,35.00,-6.45,-6.30
377147,2181,1274486,155,98485,35.00,-6.45,-6.29
377169,693,1275766,136,98663,35.00,-6.45,-6.29
377191,1752,1274486,149,98834,35.00,-6.49,-6.29
377213,2415,1273270,171,98989,35.00,-6.45,-6.29
377235,2583,1273974,159,99157,35.00,-6.44,-6.31
377257,2149,1273974,149,99322,35.00,-6.43,-6.27
377298,1588,1271606,137,99673,35.00,-6.43,-6.29
377320,1285,1273270,118,99631,35.00,-6.40,-6.30
377342,1407,1273782,126,99591,35.00,-6.45,-6.22
377364,1339,1273974,133,99553,35.00,-6.44,-6.30
377386,457,1273782,120,99521,35.00,-6.43,-6.28
377408,2105,1275254,157,99574,35.00,-6.41,-6.28
377430,1643,1273270,156,99683,35.00,-6.43,-6.32
377452,2327,1271990,160,99795,35.00,-6.43,-6.24
377474,2267,1275254,156,99838,35.00,-6.44,-6.27
377496,1934,1273974,141,99872,35.00,-6.45,-6.27
377518,1263,1273270,125,99887,35.00,-6.43,-6.31
377559,2147,1276150,139,99696,35.00,-6.43,-6.28
377581,1804,1273782,139,99667,35.00,-6.41,-6.29
377603,1917,1276150,135,99661,35.00,-6.39,-6.27
377625,1593,1275766,139,99627,35.00,-6.39,-6.25
377647,1479,1276150,141,99645,35.00,-6.44,-6.26
377669,1546,1275766,152,99478,35.00,-6.46,-6.27
377691,2415,1275254,167,99050,35.00,-6.42,-6.28
377713,2185,1276662,159,98604,35.00,-6.42,-6.27
377735,2901,1277430,168,98402,35.00,-6.42,-6.32
377757,2233,1276150,146,98327,35.00,-6.41,-6.29
377799,1413,1279758,127,98054,35.00,-6.39,-6.29
377821,1225,1306750,117,98168,35.00,-6.44,-6.24
377843,1163,1311233,133,98298,35.00,-6.42,-6.28
377865,1695,1310718,145,98412,35.00,-6.40,-6.27
377887,1523,1308030,141,98700,35.00,-6.44,-6.26
377909,1721,1304382,155,98990,35.00,-6.43,-6.32
377931,2443,1304382,168,99133,35.00,-6.44,-6.28
377953,2425,1305278,160,99191,35.00,-6.42,-6.27
377975,2216,1305278,151,99206,35.00,-6.44,-6.29
377997,2313,1304766,147,99170,35.00,-6.40,-6.28
378539,1567,1306750,123,99114,36.85,-6.40,-6.29
378582,1617,1366745,135,97258,35.00,-6.41,-6.27
378604,1163,1362073,127,97277,35.00,-6.41,-6.29
378626,1907,1364569,152,97247,35.00,-6.44,-6.27
378648,1887,1357673,154,97120,35.00,-6.43,-6.27
378670,1965,1338033,155,96842,35.00,-6.45,-6.26
378692,2585,1280142,166,96481,35.00,-6.42,-6.24
378714,2148,1253318,151,96208,35.00,-6.43,-6.26
378736,2166,1246470,145,96109,35.00,-6.42,-6.27
378758,1679,1243386,133,96149,35.00,-6.43,-6.27
378780,1515,1255590,123,96415,35.00,-6.38,-6.26
378822,1082,1266262,123,96901,35.00,-6.44,-6.24
378844,1369,1248646,137,96768,35.00,-6.47,-6.29
378866,1544,1251142,149,96784,35.00,-6.42,-6.31
378888,2587,1255206,165,96931,35.00,-6.40,-6.28
378910,2208,1252806,155,96846,35.00,-6.44,-6.25
378932,1983,1245190,153,96347,35.00,-6.46,-6.27
378954,2629,1236954,156,95676,35.00,-6.44,-6.27
378976,1780,1235674,126,95224,35.00,-6.40,-6.29
378998,1663,1232282,133,95086,35.00,-6.43,-6.28
379020,1374,1226986,122,95133,35.00,-6.40,-6.27
379042,1363,1228778,124,95216,35.00,-6.42,-6.27
379083,1465,1229338,139,95768,35.00,-6.43,-6.29
379105,1514,1230618,147,95947,35.00,-6.42,-6.24
379127,2067,1236954,165,96063,35.00,-6.44,-6.28
379149,2401,1236954,167,96088,35.00,-6.43,-6.27
379171,2255,1236442,159,96049,35.00,-6.44,-6.29
379193,2514,1236954,159,96019,35.00,-6.38,-6.27
379215,2024,1235674,141,96011,35.00,-6.44,-6.29
379237,1685,1236954,135,95971,35.00,-6.41,-6.26
379259,1460,1235162,133,95961,35.00,-6.41,-6.24
379281,1273,1237562,135,95993,35.00,-6.41,-6.24
379323,1451,1240506,141,96270,35.00,-6.42,-6.25
379345,1685,1236954,145,96289,35.00,-6.44,-6.27
379367,2147,1239738,159,96365,35.00,-6.39,-6.29
379389,2411,1239226,165,96436,35.00,-6.41,-6.25
379411,2159,1237562,156,96449,35.00,-6.37,-6.27
379433,2455,1241018,155,96517,35.00,-6.43,-6.28
379455,1891,1241018,139,96552,35.00,-6.38,-6.29
379477,1507,1241210,136,96547,35.00,-6.42,-6.27
379499,1482,1265750,135,96567,35.00,-6.44,-6.30
379521,1157,1277966,123,96485,35.00,-6.45,-6.28
379543,1381,1283918,137,96264,35.00,-6.43,-6.28
379584,1891,1281422,149,95858,35.00,-6.41,-6.31
379606,1899,1283406,152,95969,35.00,-6.41,-6.30
379628,2456,1283918,169,96127,35.00,-6.40,-6.28
379650,2313,1283918,159,96286,35.00,-6.40,-6.25
379672,2271,1284814,157,96433,35.00,-6.42,-6.27
379694,2268,1286702,142,96554,35.00,-6.41,-6.28
379716,1757,1283406,124,96595,35.00,-6.42,-6.29
379738,1373,1282638,120,96578,35.00,-6.38,-6.28
379760,1277,1284814,125,96590,35.00,-6.44,-6.28
379782,1471,1283406,134,96647,35.00,-6.39,-6.28
379825,1654,1279758,151,96473,35.00,-6.45,-6.29
379847,2132,1275766,157,96469,35.00,-6.41,-6.27
379869,2444,1276150,168,96597,35.00,-6.45,-6.29
379891,2323,1277430,157,96689,35.00,-6.44,-6.30
379913,2236,1276662,151,96737,35.00,-6.44,-6.27
379935,1855,1277966,138,96742,35.00,-6.39,-6.25
379957,1691,1275766,136,96779,35.00,-6.44,-6.27
379979,1187,1277942,123,96872,35.00,-6.44,-6.26
380574,1477,1277942,135,96964,36.70,-6.41,-6.31
380607,1511,1318337,125,97896,35.00,-6.43,-6.23
380629,2323,1314177,155,97921,35.00,-6.43,-6.28
380651,2375,1316161,153,97979,35.00,-6.41,-6.29
380673,1983,1316161,137,98057,35.00,-6.41,-6.32
380695,1620,1314689,135,98065,35.00,-6.40,-6.25
380717,1470,1316161,133,98004,35.00,-6.39,-6.30
380739,1509,1309438,134,97865,35.00,-6.45,-6.26
380761,1311,1306558,137,97703,35.00,-6.48,-6.34
380783,1839,1310718,151,97692,35.00,-6.41,-6.27
380805,2095,1310718,159,97669,35.00,-6.44,-6.27
380847,2391,1308030,163,96458,35.00,-6.40,-6.27
380869,2378,1290862,158,96283,35.00,-6.43,-6.32
380891,2413,1280142,151,96293,35.00,-6.43,-6.29
380913,2067,1279758,137,96428,35.00,-6.43,-6.28
380935,1677,1279246,123,96667,35.00,-6.44,-6.30
380957,1626,1279758,125,96854,35.00,-6.47,-6.25
380979,1380,1276150,127,96972,35.00,-6.45,-6.30
381341,1511,1279758,138,97184,37.17,-6.47,-6.28
381369,1912,1340017,151,98656,35.00,-6.40,-6.29
381391,2160,1335249,141,98532,35.00,-6.47,-6.27
381413,1927,1336625,137,98342,35.00,-6.45,-6.29
381435,1610,1335249,125,97912,35.00,-6.42,-6.29
381457,1241,1328913,122,97366,35.00,-6.46,-6.27
381479,1553,1323105,138,96959,35.00,-6.39,-6.31
381501,1951,1318849,153,96725,35.00,-6.47,-6.31
381523,1967,1314177,153,96634,35.00,-6.43,-6.27
381545,2218,1311233,164,96635,35.00,-6.41,-6.25
381567,2330,1312513,164,96732,35.00,-6.43,-6.28
381609,2485,1312513,163,97220,35.00,-6.40,-6.27
381631,2041,1308926,146,97278,35.00,-6.43,-6.29
381653,1565,1306750,139,97221,35.00,-6.41,-6.29
381675,1396,1302590,125,97091,35.00,-6.43,-6.29
381697,1357,1301214,123,96983,35.00,-6.41,-6.33
381719,1271,1301982,136,96945,35.00,-6.43,-6.27
381741,1723,1303102,147,96965,35.00,-6.44,-6.28
381763,2086,1301214,159,96988,35.00,-6.40,-6.27
381785,2219,1300702,163,96998,35.00,-6.42,-6.27
381807,2461,1302494,165,97093,35.00,-6.40,-6.30
381829,2342,1301982,154,97216,35.00,-6.41,-6.24
381870,1653,1290862,138,97164,35.00,-6.45,-6.27
381892,1776,1271990,131,97199,35.00,-6.39,-6.30
381914,1468,1271094,133,97236,35.00,-6.41,-6.28
381936,1387,1271094,135,97355,35.00,-6.40,-6.26
381958,1333,1271990,136,97511,35.00,-6.41,-6.32
381980,1595,1273974,143,97711,35.00,-6.40,-6.27
382354,1727,1272502,153,97961,36.65,-6.43,-6.29
382392,1227,1200722,124,97198,35.00,-6.41,-6.29
382414,1447,1213706,122,97316,35.00,-6.44,-6.28
382436,1429,1231514,133,97495,35.00,-6.41,-6.28
382458,1463,1242490,139,97799,35.00,-6.45,-6.30
382480,1811,1261590,148,98066,35.00,-6.43,-6.28
382502,1711,1264278,152,98189,35.00,-6.45,-6.28
382524,2597,1265750,169,98253,35.00,-6.44,-6.27
382546,2215,1265046,156,98282,35.00,-6.43,-6.32
382568,2275,1263382,171,98282,35.00,-6.42,-6.25
382590,2204,1265558,145,98322,35.00,-6.44,-6.31
382632,1327,1266262,120,98512,35.00,-6.41,-6.30
382654,1363,1265558,119,98530,35.00,-6.41,-6.26
382676,1267,1267542,135,98237,35.00,-6.40,-6.30
382698,1631,1266262,136,97652,35.00,-6.43,-6.26
382720,1545,1263766,146,97192,35.00,-6.44,-6.30
382742,2206,1265046,157,96930,35.00,-6.47,-6.27
382764,2333,1265558,163,96857,35.00,-6.41,-6.30
382786,2360,1265558,159,96897,35.00,-6.40,-6.28
382808,2344,1265046,152,97074,35.00,-6.41,-6.27
382830,1880,1265750,138,97289,35.00,-6.44,-6.27
382852,1581,1266262,126,97424,35.00,-6.39,-6.27
382893,1315,1265750,133,97734,35.00,-6.37,-6.26
382915,1395,1265558,123,97808,35.00,-6.40,-6.28
382937,1445,1264278,137,97840,35.00,-6.43,-6.28
382959,1645,1263382,149,97862,35.00,-6.45,-6.29
382981,1849,1263766,155,97864,35.00,-6.44,-6.29
383372,2295,1265558,165,97859,36.97,-6.44,-6.27
383414,1389,1224810,119,96323,35.00,-6.41,-6.29
383436,1160,1217098,125,96402,35.00,-6.45,-6.28
383458,1783,1222442,151,96622,35.00,-6.43,-6.30
383480,1891,1222826,155,96870,35.00,-6.45,-6.28
383502,2133,1222826,159,97078,35.00,-6.40,-6.29
383524,2599,1223338,168,97177,35.00,-6.41,-6.27
383546,2509,1224618,155,97264,35.00,-6.44,-6.27
383568,2078,1223338,141,97314,35.00,-6.43,-6.29
383590,1727,1221162,137,97316,35.00,-6.41,-6.29
383612,1581,1228778,133,97378,35.00,-6.42,-6.30
383634,1350,1239226,135,97500,35.00,-6.42,-6.26
383675,1582,1245190,146,97823,35.00,-6.43,-6.33
383697,1543,1257574,139,97831,35.00,-6.40,-6.26
383719,1870,1258854,153,97830,35.00,-6.42,-6.28
383741,2247,1256870,165,97845,35.00,-6.43,-6.27
383763,2295,1256870,165,97894,35.00,-6.46,-6.28
383785,2461,1258854,159,98028,35.00,-6.41,-6.26
383807,2185,1258086,149,98182,35.00,-6.39,-6.31
383829,1711,1256870,137,98298,35.00,-6.44,-6.28
383851,1387,1258854,124,98346,35.00,-6.44,-6.25
383873,1235,1258086,127,98361,35.00,-6.45,-6.28
383916,1171,1256870,135,98542,35.00,-6.42,-6.27
383938,567,1256102,138,98566,35.00,-6.41,-6.29
383960,2075,1256870,169,98573,35.00,-6.45,-6.30
383982,2446,1256870,167,98568,35.00,-6.42,-6.27
384390,2069,1257382,152,98374,36.99,-6.40,-6.27
384418,567,1265046,105,98809,35.00,-6.39,-6.29
384440,1451,1259750,149,98874,35.00,-6.44,-6.27
384462,1737,1264278,159,98961,35.00,-6.45,-6.23
384484,1785,1265046,152,99081,35.00,-6.40,-6.26
384506,1683,1267926,142,99206,35.00,-6.45,-6.29
384528,1426,1267542,125,99279,35.00,-6.43,-6.29
384550,1403,1267926,126,99290,35.00,-6.47,-6.24
384572,1156,1270326,123,99281,35.00,-6.46,-6.26
384594,1316,1269718,127,99276,35.00,-6.40,-6.27
384616,1545,1268438,143,99311,35.00,-6.40,-6.27
384657,1884,1271094,149,98555,35.00,-6.40,-6.24
384679,2223,1267030,159,98003,35.00,-6.42,-6.28
384701,2445,1269814,167,97640,35.00,-6.41,-6.27
384723,2709,1271094,167,97519,35.00,-6.44,-6.23
384745,2671,1269814,157,97601,35.00,-6.42,-6.20
384767,2025,1269718,137,97794,35.00,-6.43,-6.29
384789,1657,1271094,127,98012,35.00,-6.42,-6.26
384811,1229,1271606,125,98199,35.00,-6.39,-6.26
384833,1223,1269206,133,98317,35.00,-6.43,-6.26
384855,1118,1266262,134,98472,35.00,-6.40,-6.24
384877,1591,1267926,151,98631,35.00,-6.44,-6.27
384918,1918,1267030,159,98662,35.00,-6.43,-6.29
384940,2074,1263766,154,98623,35.00,-6.43,-6.24
384962,1842,1265558,150,98640,35.00,-6.50,-6.28
384984,2157,1263766,151,98693,35.00,-6.44,-6.30
385407,1740,1263766,139,98771,36.91,-6.42,-6.25
385440,1509,1259750,123,99191,35.00,-6.45,-6.29
385462,2170,1253414,151,99335,35.00,-6.47,-6.24
385484,1769,1254694,140,99455,35.00,-6.35,-6.30
385506,2075,1253414,147,99483,35.00,-6.50,-6.30
385528,1771,1255206,133,99430,35.00,-6.44,-6.27
385550,1439,1253318,133,99322,35.00,-6.44,-6.32
385572,1511,1250630,135,99236,35.00,-6.43,-6.27
385594,1719,1252806,139,99199,35.00,-6.40,-6.24
385616,2285,1254694,163,99201,35.00,-6.40,-6.31
385638,2175,1253318,160,99268,35.00,-6.43,-6.32
385680,2597,1257382,166,99539,35.00,-6.35,-6.27
385702,3278,1256870,173,99609,35.00,-6.36,-6.24
385724,2675,1257382,153,99710,35.00,-6.41,-6.25
385746,1815,1258854,137,99799,35.00,-6.36,-6.22
385768,1371,1259366,132,99861,35.00,-6.39,-6.20
385790,1903,1258086,139,99890,35.00,-6.37,-6.27
385812,2343,1256102,151,100014,35.00,-6.42,-6.28
385834,2479,1257574,155,100132,35.00,-6.40,-6.23
385856,2584,1257574,166,100182,35.00,-6.38,-6.24
385878,2191,1256870,163,100172,35.00,-6.45,-6.26
385900,3435,1259750,185,100191,35.00,-6.42,-6.31
385941,4095,1259750,180,100443,35.00,-6.33,-6.25
385963,2579,1257574,157,100195,35.00,-6.44,-6.28
385985,2548,1261030,148,99610,35.00,-6.43,-6.24
386424,1000,1261542,117,98989,36.98,-6.43,-6.29
386462,2165,1258086,125,100228,35.00,-6.45,-6.21
386484,2714,1255590,150,100285,35.00,-6.47,-6.27
386506,2715,1256102,149,100313,35.00,-6.43,-6.25
386528,3027,1256870,153,100359,35.00,-6.45,-6.22
386550,2043,1256870,137,100446,35.00,-6.39,-6.22
386572,1637,1256870,149,100537,35.00,-6.45,-6.21
386594,2106,1254694,155,100623,35.00,-6.38,-6.21
386616,2473,1255590,169,100702,35.00,-6.50,-6.25
386638,2553,1256870,167,100812,35.00,-6.50,-6.22
386660,2381,1253926,159,100901,35.00,-6.43,-6.24
386682,3461,1253318,175,100916,35.00,-6.47,-6.33
386723,2787,1253318,153,99403,35.00,-6.46,-6.27
386745,4095,1249862,171,98944,35.00,-6.43,-6.28
386767,4095,1253318,167,98686,35.00,-6.39,-6.22
386789,4095,1259366,165,98592,35.00,-6.42,-6.20
386811,4095,1261030,173,98688,35.00,-6.33,-6.39
386833,293,1258854,99,98901,35.00,-6.49,-6.25
386855,4095,1261590,201,99180,35.00,-6.21,-6.23
386877,0,1261542,125,99408,35.00,-6.34,-6.25
386899,0,1258854,133,99597,35.00,-6.26,-6.29
386921,0,1258086,122,99763,35.00,-6.38,-6.21
386964,0,1259366,121,99798,35.00,-6.40,-6.18
386986,0,1255590,119,99729,35.00,-6.58,-6.21
387697,3260,1258854,201,99681,36.73,-6.33,-6.10
387726,2777,1265750,175,99578,35.00,-6.36,-6.25
387748,1335,1264278,118,99662,35.00,-6.33,-5.98
387770,0,1265046,126,99776,35.00,-6.60,-6.13
387792,0,1266262,137,99846,35.00,-6.35,-6.10
387814,0,1267926,137,99860,35.00,-6.53,-6.18
387836,1915,1269206,173,99908,35.00,-6.43,-6.14
387858,2463,1267542,162,99925,35.00,-6.84,-6.30
387880,0,1267926,125,99953,35.00,-6.45,-6.17
387902,0,1269206,123,99979,35.00,-6.42,-6.08
387924,0,1266262,123,100017,35.00,-6.50,-6.18
387966,0,1265750,123,99997,35.00,-6.51,-6.20
387988,0,1265750,120,99559,35.00,-6.54,-6.16
388714,1691,1264278,155,99020,36.85,-6.52,-6.17
388748,4005,1243002,175,98938,35.00,-6.41,-6.18
388770,2511,1243386,164,99121,35.00,-6.55,-6.20
388792,2549,1244666,163,99293,35.00,-6.53,-6.22
388814,2556,1243386,167,99438,35.00,-6.47,-6.22
388836,2961,1242490,169,99567,35.00,-6.44,-6.18
388858,2803,1243002,164,99587,35.00,-6.49,-6.20
388880,2675,1243002,153,99534,35.00,-6.46,-6.19
388902,2644,1241018,147,99509,35.00,-6.43,-6.18
388924,2479,1243002,143,99529,35.00,-6.43,-6.21
388946,2645,1243002,148,99586,35.00,-6.52,-6.19
388968,2311,1241018,151,99655,35.00,-6.37,-6.20
389732,4095,1242490,179,99885,37.31,-6.39,-6.16
389771,2542,1244666,164,100274,35.00,-6.49,-6.12
389793,2681,1244666,168,100292,35.00,-6.47,-6.15
389815,2771,1245190,163,100396,35.00,-6.50,-6.12
389837,2651,1245702,151,100481,35.00,-6.48,-6.11
389859,1814,1243386,135,100254,35.00,-6.47,-6.11
389881,2028,1245702,141,99600,35.00,-6.37,-5.99
389903,754,1245702,115,98862,35.00,-6.50,-6.13
389925,2717,1243386,164,98422,35.00,-6.67,-6.11
389947,919,1243898,137,98295,35.00,-6.49,-6.18
389969,1709,1244666,151,98366,35.00,-6.53,-6.19
390749,2313,1243898,165,99022,36.69,-6.63,-6.27
390774,937,1245702,134,99494,35.00,-6.44,-6.17
390796,0,1243898,124,99650,35.00,-6.48,-6.24
390818,0,1245178,119,99722,35.00,-6.48,-6.24
390840,0,1245702,119,99693,35.00,-6.27,-6.16
390862,2254,1247878,147,99605,35.00,-6.52,-6.19
390884,3621,1248646,164,99483,35.00,-6.40,-6.16
390906,3404,1249158,167,99389,35.00,-6.45,-6.07
390928,3213,1249350,176,99383,35.00,-6.54,-6.12
390950,4095,1249158,179,99448,35.00,-6.39,-6.15
390972,4095,1246982,175,99556,35.00,-6.42,-6.17
391514,4095,1248646,170,99881,36.89,-6.53,-6.21
391556,1772,1240506,133,99132,35.00,-6.45,-6.16
391578,1657,1236442,121,99180,35.00,-6.43,-6.21
391600,1277,1237562,121,99256,35.00,-6.43,-6.17
391622,659,1236954,123,99457,35.00,-6.46,-6.22
391644,885,1238330,139,99605,35.00,-6.48,-6.18
391666,1317,1238330,149,99650,35.00,-6.50,-6.21
391688,1958,1237050,164,99615,35.00,-6.47,-6.14
391710,2213,1238330,159,99558,35.00,-6.51,-6.18
391732,2441,1238330,159,99575,35.00,-6.44,-6.18
391754,2285,1235674,149,99699,35.00,-6.44,-6.18
391796,1661,1237050,127,99920,35.00,-6.44,-6.19
391818,1071,1234778,117,99877,35.00,-6.44,-6.16
391840,1162,1235674,121,99833,35.00,-6.47,-6.20
391862,1149,1235674,135,99875,35.00,-6.46,-6.15
391884,1545,1237050,148,99807,35.00,-6.44,-6.16
391906,1960,1236442,157,99363,35.00,-6.49,-6.20
391928,2377,1236442,167,98716,35.00,-6.45,-6.17
391950,2565,1238330,165,98188,35.00,-6.47,-6.19
391972,2277,1237562,149,97934,35.00,-6.46,-6.18
391994,1863,1235162,139,97907,35.00,-6.47,-6.19
392530,1163,1235674,121,98039,36.61,-6.45,-6.15
392560,2325,1228778,141,98724,35.00,-6.45,-6.22
392582,1691,1225322,139,98300,35.00,-6.46,-6.19
392604,2129,1228266,155,98133,35.00,-6.48,-6.20
392626,2409,1227498,160,98175,35.00,-6.43,-6.19
392648,2543,1226986,165,98359,35.00,-6.46,-6.17
392670,2239,1227498,153,98602,35.00,-6.45,-6.19
392692,1870,1226986,135,98797,35.00,-6.45,-6.22
392714,1653,1224810,137,98986,35.00,-6.46,-6.17
392736,1463,1226602,123,99183,35.00,-6.45,-6.19
392758,1459,1226090,137,99375,35.00,-6.46,-6.18
392799,1599,1223338,139,99468,35.00,-6.45,-6.15
392821,1567,1222442,140,99407,35.00,-6.43,-6.18
392843,1851,1221162,151,99385,35.00,-6.44,-6.18
392865,2217,1220650,167,99392,35.00,-6.49,-6.19
392887,2429,1221162,167,99449,35.00,-6.50,-6.17
392909,2587,1221162,163,99496,35.00,-6.50,-6.18
392931,2534,1220554,151,99553,35.00,-6.47,-6.18
392953,1913,1219274,135,99644,35.00,-6.48,-6.15
392975,1502,1222442,121,99783,35.00,-6.50,-6.18
392997,941,1222826,118,99873,35.00,-6.45,-6.18
393040,932,1220042,125,100117,35.00,-6.49,-6.19
393062,1689,1219274,149,100173,35.00,-6.47,-6.18
393084,2188,1219274,165,100214,35.00,-6.44,-6.13
393106,2602,1220042,171,100250,35.00,-6.48,-6.16
393128,2605,1218762,165,100291,35.00,-6.46,-6.19
393150,2303,1219274,151,100350,35.00,-6.50,-6.17
393172,2020,1218378,140,100365,35.00,-6.50,-6.17
393194,1469,1217098,127,100167,35.00,-6.48,-6.16
393216,1333,1218762,132,99575,35.00,-6.45,-6.20
393238,1398,1217098,133,98899,35.00,-6.44,-6.14
393280,1557,1215114,141,98260,35.00,-6.47,-6.16
393302,1685,1214602,150,98437,35.00,-6.52,-6.16
393324,2054,1213706,163,98692,35.00,-6.48,-6.17
393346,2422,1215114,165,98948,35.00,-6.44,-6.19
393368,2349,1215114,159,99161,35.00,-6.47,-6.16
393390,2135,1214602,149,99292,35.00,-6.46,-6.16
393412,1879,1212938,139,99441,35.00,-6.46,-6.19
393434,1477,1212938,121,99557,35.00,-6.48,-6.16
393456,1307,1214218,127,99644,35.00,-6.46,-6.17
393478,1397,1214218,134,99670,35.00,-6.45,-6.16
393500,1653,1213706,145,99678,35.00,-6.44,-6.13
393541,1948,1215114,157,99773,35.00,-6.48,-6.18
393563,1887,1212402,155,99857,35.00,-6.49,-6.19
393585,2301,1215882,166,99924,35.00,-6.45,-6.17
393607,2527,1217098,165,99931,35.00,-6.45,-6.18
393629,2484,1214602,155,99951,35.00,-6.47,-6.18
393651,1893,1215882,140,100000,35.00,-6.45,-6.20
393673,1561,1216586,133,100121,35.00,-6.50,-6.18
393695,1215,1218762,125,100236,35.00,-6.49,-6.17
393717,1255,1217866,125,100310,35.00,-6.49,-6.19
393739,1460,1218378,139,100378,35.00,-6.46,-6.19
393781,1746,1220042,151,100336,35.00,-6.47,-6.18
393803,2119,1216394,167,100303,35.00,-6.49,-6.16
393825,2232,1219274,163,100327,35.00,-6.49,-6.17
393847,2275,1220554,159,100367,35.00,-6.46,-6.17
393869,1875,1219274,147,100331,35.00,-6.48,-6.16
393891,1513,1220554,125,100007,35.00,-6.47,-6.19
393913,1381,1221930,127,99333,35.00,-6.45,-6.16
393935,1115,1224106,123,98657,35.00,-6.47,-6.21
393957,1501,1221930,136,98189,35.00,-6.48,-6.15
393979,1587,1224106,146,97989,35.00,-6.47,-6.20
394565,1828,1224618,151,98067,37.17,-6.48,-6.18
394603,2167,1159276,150,97423,35.00,-6.46,-6.17
394625,3389,1126308,179,97398,35.00,-6.59,-6.32
394647,1677,1101912,140,97484,35.00,-6.48,-6.24
394669,1387,1083528,137,97665,35.00,-6.42,-6.16
394691,1141,1050368,121,97889,35.00,-6.39,-6.17
394713,965,1039071,123,98134,35.00,-6.42,-6.20
394735,2341,13599247,151,98318,35.00,-6.46,-6.18
394757,395,13573575,121,98486,35.00,-6.47,-6.19
394779,1938,13565959,153,98583,35.00,-6.44,-6.22
394801,2250,13562491,159,98589,35.00,-6.43,-6.23
394823,2227,13557819,156,98570,35.00,-6.42,-6.22
394864,2091,13556443,157,98542,35.00,-6.44,-6.17
394886,1937,13553563,149,98535,35.00,-6.47,-6.19
394908,1482,13553051,137,98595,35.00,-6.42,-6.16
394930,1418,13551771,136,98696,35.00,-6.43,-6.20
394952,1383,13551771,123,98793,35.00,-6.44,-6.23
394974,909,13551771,120,98923,35.00,-6.45,-6.20
394996,1181,13550107,135,99022,35.00,-6.45,-6.21
395583,1693,13551387,145,99072,37.35,-6.45,-6.17
395614,2383,967963,153,98934,35.00,-6.44,-6.17
395636,1703,13544107,141,98943,35.00,-6.44,-6.21
395658,1979,13548267,151,98949,35.00,-6.45,-6.21
395680,2301,13547371,159,98955,35.00,-6.40,-6.20
395702,2537,13546859,163,98976,35.00,-6.41,-6.22
395724,2391,13544875,157,99025,35.00,-6.41,-6.18
395767,2187,13546091,139,99224,35.00,-6.43,-6.22
395789,1639,13542699,125,99174,35.00,-6.46,-6.18
395811,1368,13545387,121,98865,35.00,-6.41,-6.19
395833,1427,13546091,126,98282,35.00,-6.44,-6.19
395855,1543,13545387,141,97739,35.00,-6.44,-6.23
395877,1846,13545387,151,97398,35.00,-6.45,-6.18
395899,2181,13545579,157,97311,35.00,-6.42,-6.20
395921,2421,13543595,159,97383,35.00,-6.42,-6.20
395943,2491,13541419,159,97567,35.00,-6.42,-6.17
395965,2298,13540043,151,97849,35.00,-6.44,-6.22
396347,1919,13541323,136,98409,37.08,-6.42,-6.22
396388,1495,952075,120,99126,35.00,-6.42,-6.22
396410,1389,13530995,119,99097,35.00,-6.41,-6.21
396432,1355,13531891,125,99068,35.00,-6.47,-6.18
396454,1547,13531379,138,99110,35.00,-6.44,-6.19
396476,1775,13531891,142,99222,35.00,-6.44,-6.19
396498,2129,13530995,155,99269,35.00,-6.47,-6.23
396520,2421,13529715,159,98955,35.00,-6.43,-6.20
396542,2501,13534987,157,98294,35.00,-6.47,-6.20
396564,2292,13534987,152,97671,35.00,-6.43,-6.22
396586,1975,13531379,141,97297,35.00,-6.46,-6.17
396629,1567,13532659,122,97445,35.00,-6.43,-6.17
396651,1294,13527731,120,97698,35.00,-6.49,-6.19
396673,1371,13529715,133,97955,35.00,-6.42,-6.16
396695,1652,13529715,147,98143,35.00,-6.44,-6.19
396717,2029,13530995,153,98324,35.00,-6.43,-6.25
396739,2335,13528499,159,98525,35.00,-6.46,-6.16
396761,2429,13523667,158,98623,35.00,-6.43,-6.16
396783,2299,13518995,152,98617,35.00,-6.39,-6.21
396805,2020,13514595,137,98537,35.00,-6.42,-6.24
396827,1652,13505859,137,98434,35.00,-6.47,-6.19
396869,1389,13501699,121,98590,35.00,-6.41,-6.16
396891,1263,13490397,125,98651,35.00,-6.43,-6.25
396913,1455,13484013,138,98733,35.00,-6.46,-6.20
396935,1864,13472333,152,98818,35.00,-6.43,-6.18
396957,2207,13456725,154,98873,35.00,-6.41,-6.18
396979,2429,13412137,163,98908,35.00,-6.46,-6.19
397363,2545,13359838,159,98927,36.98,-6.45,-6.19
397391,1929,661698,133,97995,35.00,-6.43,-6.21
397413,1622,13247778,142,98157,35.00,-6.44,-6.23
397435,2006,13248290,153,98302,35.00,-6.45,-6.23
397457,2408,13254114,164,98391,35.00,-6.43,-6.20
397479,2573,13272330,166,98421,35.00,-6.44,-6.20
397501,2429,13289242,157,98372,35.00,-6.42,-6.20
397523,2215,13295578,147,98306,35.00,-6.39,-6.18
397545,1851,13309254,135,98282,35.00,-6.44,-6.17
397567,1711,13337870,131,98315,35.00,-6.44,-6.16
397589,1455,13373313,123,98347,35.00,-6.42,-6.19
397631,1327,13392593,133,98627,35.00,-6.43,-6.19
397653,1691,13406793,159,98663,35.00,-6.45,-6.19
397675,2043,13416297,153,98687,35.00,-6.46,-6.23
397697,2251,13420313,168,98724,35.00,-6.45,-6.22
397719,2381,13418473,163,98783,35.00,-6.44,-6.18
397741,2427,13418521,156,98800,35.00,-6.43,-6.23
397763,2131,13423961,145,98850,35.00,-6.45,-6.16
397785,1657,13425369,133,98926,35.00,-6.45,-6.20
397807,1380,13426745,125,98966,35.00,-6.44,-6.17
397829,1319,13426137,127,98972,35.00,-6.44,-6.18
397851,1471,13439045,139,98977,35.00,-6.44,-6.18
397892,1875,13453461,143,98555,35.00,-6.42,-6.21
397914,1821,13460021,153,97946,35.00,-6.43,-6.19
397936,2218,13463669,163,97437,35.00,-6.44,-6.21
397958,2439,13469837,167,97187,35.00,-6.43,-6.21
397980,2471,13472333,157,97154,35.00,-6.42,-6.18
398381,2205,13473101,142,97225,36.92,-6.46,-6.20
398413,1850,888205,135,98617,35.00,-6.44,-6.20
398435,2191,13467125,160,98618,35.00,-6.42,-6.19
398457,2404,13463669,165,98586,35.00,-6.44,-6.21
398479,2483,13458901,158,98573,35.00,-6.44,-6.16
398501,2223,13455445,147,98525,35.00,-6.45,-6.22
398523,1799,13455957,127,98325,35.00,-6.40,-6.18
398545,1503,13455253,125,97826,35.00,-6.46,-6.20
398567,1259,13451237,121,97261,35.00,-6.38,-6.18
398589,1403,13449061,133,96852,35.00,-6.44,-6.20
398611,1637,13447269,143,96710,35.00,-6.43,-6.16
398633,1939,13444901,149,96820,35.00,-6.41,-6.20
398674,2261,13445797,159,97513,35.00,-6.44,-6.20
398696,2301,13444901,155,97714,35.00,-6.43,-6.17
398718,2477,13445797,159,97863,35.00,-6.41,-6.19
398740,2333,13446565,146,97966,35.00,-6.45,-6.22
398762,1944,13452565,133,98069,35.00,-6.43,-6.18
398784,1559,13459509,123,98101,35.00,-6.43,-6.19
398806,1306,13461301,121,98122,35.00,-6.44,-6.18
398828,1365,13463669,127,98119,35.00,-6.48,-6.19
398850,1517,13465845,143,98122,35.00,-6.44,-6.18
398872,1898,13467637,153,98142,35.00,-6.43,-6.22
398915,2312,13471629,160,98352,35.00,-6.40,-6.19
398937,2489,13478061,158,98497,35.00,-6.67,-6.43
398959,2271,13483501,151,98646,35.00,-6.46,-6.19
398981,2110,13488221,139,98773,35.00,-6.41,-6.19
399399,1619,13494461,125,98898,37.11,-6.39,-6.21
399436,1823,902429,135,99411,35.00,-6.45,-6.19
399458,2531,13484061,155,99418,35.00,-6.43,-6.18
399480,2229,13486237,145,99461,35.00,-6.44,-6.15
399502,1690,13488733,123,99475,35.00,-6.38,-6.14
399524,1289,13487517,126,99557,35.00,-6.47,-6.23
399546,1173,13489501,125,99636,35.00,-6.43,-6.20
399568,1717,13490013,146,99736,35.00,-6.46,-6.17
399590,1852,13488733,149,99800,35.00,-6.32,-6.17
399612,1979,13490397,163,99839,35.00,-6.43,-6.18
399634,2516,13492285,167,99880,35.00,-6.43,-6.23
399656,2263,13491677,159,99925,35.00,-6.45,-6.15
399697,2212,13492189,149,99957,35.00,-6.48,-6.23
399719,2223,13493565,147,99985,35.00,-6.42,-6.22
399741,1781,13494973,135,100039,35.00,-6.50,-6.22
399763,1571,13494461,127,100106,35.00,-6.47,-6.24
399785,1394,13496253,125,100193,35.00,-6.43,-6.19
399807,1257,13496445,125,100225,35.00,-6.41,-6.16
399829,1903,13495741,150,100046,35.00,-6.41,-6.22
399851,2063,13496957,156,99454,35.00,-6.44,-6.22
399873,2565,13498621,167,98758,35.00,-6.48,-6.21
399895,2807,13496445,167,98278,35.00,-6.46,-6.22
399937,2736,13496957,160,98376,35.00,-6.44,-6.17
399959,2342,13496253,145,98617,35.00,-6.43,-6.18
399981,1767,13496957,134,98824,35.00,-6.44,-6.21
400416,1301,13496957,119,99032,37.29,-6.45,-6.19
400459,1891,977595,141,100020,35.00,-6.43,-6.22
400481,1883,13851350,133,99768,35.00,-6.43,-6.21
400503,1207,1341681,122,99174,35.00,-6.47,-6.20
400525,778,1380421,125,98496,35.00,-6.44,-6.22
400547,1387,1423213,139,98003,35.00,-6.72,-6.46
400569,503,1474035,138,97797,35.00,-6.65,-6.28
400591,2716,1534647,175,97837,35.00,-6.49,-6.23
400613,3683,1556463,183,98003,35.00,-6.46,-6.22
400635,3222,1568895,168,98238,35.00,-6.44,-6.21
400657,2403,1572351,147,98440,35.00,-6.44,-6.15
400700,1130,1566527,127,98846,35.00,-6.45,-6.20
400722,4037,1583776,197,98964,35.00,-6.98,-6.25
400744,4095,14181680,167,99053,35.00,-6.60,-6.26
400766,2459,14182576,139,99095,35.00,-6.54,-6.16
400788,4095,14182192,173,99082,35.00,-6.46,-6.09
400810,4095,14192712,179,99032,35.00,-6.21,-6.14
400832,563,14202216,133,99065,35.00,-6.74,-6.18
400854,4095,14202216,180,99177,35.00,-6.31,-6.12
400876,2905,14205464,152,99239,35.00,-6.43,-6.18
400898,4095,14205464,167,99286,35.00,-6.42,-6.17
400940,4095,14203112,164,99567,35.00,-6.60,-6.24
400962,4095,14195400,167,99617,35.00,-6.24,-6.14
400984,0,14188528,115,99692,35.00,-6.42,-6.22
401688,4095,14188016,198,99803,36.70,-6.46,-6.23
401722,3857,1679308,185,100286,35.00,-6.48,-6.12
401744,1977,14264108,136,100334,35.00,-6.44,-6.09
401766,3053,14268652,164,100159,35.00,-6.50,-6.09
401788,3883,14272284,175,99563,35.00,-6.47,-6.11
401810,4095,14274652,174,98892,35.00,-6.78,-6.19
401832,4095,14275164,173,98433,35.00,-6.52,-6.11
401854,4095,14280892,171,98250,35.00,-6.47,-6.11
401876,3485,14282172,152,98247,35.00,-6.44,-6.08
401898,4095,14282172,167,98369,35.00,-6.36,-6.09
401920,4095,14288130,164,98576,35.00,-6.50,-6.12
401942,4095,14289026,167,98851,35.00,-6.54,-6.13
401983,4095,14287362,170,99447,35.00,-6.50,-6.13
402706,4095,14289026,168,99468,36.64,-6.50,-6.06
402745,4095,1671692,181,99814,35.00,-6.35,-6.22
402767,1287,14254092,137,99850,35.00,-6.42,-6.11
402789,1693,14260044,160,99911,35.00,-6.47,-6.18
402811,2265,14270492,155,99969,35.00,-6.43,-6.13
402833,1605,14276444,139,100057,35.00,-6.47,-6.16
402855,1597,14279996,133,100138,35.00,-6.41,-6.15
402877,1016,14284668,119,100227,35.00,-6.43,-6.15
402899,805,14286850,109,100310,35.00,-6.46,-6.10
402921,439,14286844,113,100407,35.00,-6.48,-6.01
402943,763,14287362,132,100537,35.00,-6.42,-6.12
402986,1404,14290306,143,100711,35.00,-6.39,-6.13
403724,2107,14288642,159,100371,36.79,-6.44,-6.15
403749,2281,1719778,157,98569,35.00,-6.45,-6.12
403771,2567,14301922,152,98922,35.00,-6.46,-6.15
403793,2199,14299042,137,99137,35.00,-6.44,-6.10
403815,1871,14293186,124,99328,35.00,-6.40,-6.19
403837,1277,14297250,117,99533,35.00,-6.45,-6.13
403859,1531,14310866,126,99743,35.00,-6.45,-6.14
403881,1023,14315634,125,99836,35.00,-6.44,-6.10
403903,1603,14311378,149,99817,35.00,-6.43,-6.12
403925,2213,14312754,157,99791,35.00,-6.39,-6.10
403947,2899,14309586,167,99785,35.00,-6.43,-6.12
403988,3427,14304530,173,99799,35.00,-6.63,-6.26
404741,2659,14301410,165,99815,36.87,-6.47,-6.20
404770,1677,1746218,141,100462,35.00,-6.51,-6.16
404792,2747,14313266,152,100714,35.00,-6.46,-6.19
404814,1507,14280892,117,100942,35.00,-6.48,-6.12
404836,1926,14278620,126,101078,35.00,-6.46,-6.13
404858,1949,14282172,133,101150,35.00,-6.44,-6.12
404880,1589,14285052,135,101227,35.00,-6.44,-6.11
404902,1865,14290306,147,101291,35.00,-6.44,-6.14
404924,2393,14291522,160,101101,35.00,-6.53,-6.13
404946,2189,14298530,166,100462,35.00,-6.52,-6.16
404968,2292,14305426,157,99685,35.00,-6.40,-6.13
404990,2950,14306706,163,99089,35.00,-6.54,-6.18
405031,1557,14307922,119,99005,35.00,-6.43,-6.12
405053,1753,14303250,133,99282,35.00,-6.43,-6.13
405075,1197,14298530,120,99518,35.00,-6.48,-6.10
405097,855,14292290,113,99665,35.00,-6.51,-6.15
405119,1194,14271004,125,99744,35.00,-6.42,-6.11
405141,1272,14247220,136,99776,35.00,-6.46,-6.14
405163,1596,14226756,147,99887,35.00,-6.50,-6.11
405185,1059,14217848,139,99901,35.00,-6.42,-6.14
405207,1893,14217144,150,99919,35.00,-6.45,-6.16
405229,1915,14212568,147,99979,35.00,-6.45,-6.15
405272,1092,14218616,123,99783,35.00,-6.41,-6.13
405294,1141,14221316,119,99681,35.00,-6.47,-6.10
405316,985,14215352,119,99766,35.00,-6.50,-6.22
405338,327,14204952,121,99894,35.00,-6.47,-6.11
405360,1269,14200232,141,100043,35.00,-6.50,-6.05
405382,0,13819354,123,100216,35.00,-6.43,-6.14
405404,2043,1128676,169,100354,35.00,-6.47,-6.13
405426,1837,1110136,159,100452,35.00,-6.44,-6.17
405448,1812,1108152,153,100471,35.00,-6.56,-6.17
405470,1784,1106488,139,100460,35.00,-6.43,-6.14
405512,1490,1106488,125,100395,35.00,-6.44,-6.13
405534,958,1104088,111,99840,35.00,-6.43,-6.13
405556,2736,1104088,147,99227,35.00,-6.45,-6.14
405578,3180,1105976,155,98840,35.00,-6.44,-6.12
405600,3537,1105976,172,98764,35.00,-6.46,-6.13
405622,3723,1104600,175,98880,35.00,-6.44,-6.16
405644,3987,1103704,181,99060,35.00,-6.45,-6.15
405666,4095,1103704,185,99291,35.00,-6.45,-6.20
405688,3924,1101912,174,99511,35.00,-6.46,-6.14
405710,3187,1099032,152,99605,35.00,-6.44,-6.12
405732,1901,1097704,127,99711,35.00,-6.44,-6.14
405773,1225,1099032,120,99958,35.00,-6.40,-6.14
405795,1223,1095016,120,99938,35.00,-6.47,-6.13
405817,2584,1096424,153,99907,35.00,-6.41,-6.15
405839,1893,1097704,137,99909,35.00,-6.42,-6.07
405861,4095,1099032,189,99949,35.00,-6.57,-6.08
405883,2835,1097752,157,99980,35.00,-6.43,-6.22
405905,1060,1100440,125,100058,35.00,-6.39,-6.13
405927,1271,1100440,152,100142,35.00,-6.46,-6.10
405949,3429,1099544,165,100254,35.00,-6.37,-6.08
405971,1465,1100440,123,100358,35.00,-6.45,-6.14
406522,1417,1101208,133,100580,37.07,-6.51,-6.12
406555,3255,1092264,163,99929,35.00,-6.43,-6.16
406577,975,1086792,122,99984,35.00,-6.56,-6.16
406599,230,1088968,123,100021,35.00,-6.34,-6.49
406621,2647,1089480,181,100057,35.00,-6.32,-6.85
406643,4095,1087688,187,100079,35.00,-5.53,-6.80
406665,4095,1085512,176,100132,35.00,-6.98,-6.82
406687,2301,1085512,137,100211,35.00,-6.11,-6.86
406709,0,1085512,118,100281,35.00,-7.26,-4.53
406731,0,1086792,121,100344,35.00,-6.33,-6.26
406753,151,1085320,116,100330,35.00,-6.35,-6.29
406796,0,1084040,119,98662,35.00,-5.92,-7.50
406818,2287,1075888,153,98263,35.00,-7.18,-4.19
406840,4095,1075888,173,98150,35.00,-6.02,-6.70
406862,4095,1076656,175,98223,35.00,-6.33,-6.49
406884,1523,1074992,143,98397,35.00,-6.39,-6.35
406906,2579,1073104,160,98618,35.00,-6.32,-6.30
406928,2531,1074480,150,98760,35.00,-6.37,-6.33
406950,1907,1072592,135,98856,35.00,-6.39,-6.32
406972,1387,1071312,125,98911,35.00,-6.39,-6.30
406994,1433,1068432,126,98986,35.00,-6.38,-6.33
407036,1459,1067152,136,98773,35.00,-6.38,-6.33
407058,1891,1061472,151,98711,35.00,-6.37,-6.34
407080,1991,1064416,158,98764,35.00,-6.36,-6.35
407102,2199,1064928,159,98844,35.00,-6.39,-6.34
407124,2235,1064976,159,98891,35.00,-6.38,-6.32
407146,1645,1062240,145,98969,35.00,-6.35,-6.34
407168,7,1064928,106,99117,35.00,-6.49,-6.46
407190,2329,1064976,159,99257,35.00,-6.28,-6.38
407212,2957,1064928,140,99371,35.00,-6.41,-6.44
407234,4095,1217866,171,99501,35.00,-6.80,-6.33
407256,4095,1513671,165,99643,35.00,-6.98,-7.85
407297,4095,1572863,173,99978,35.00,-7.83,-4.28
407319,4095,1570687,175,100110,35.00,-7.38,-6.14
407341,2445,1557023,173,100178,35.00,-6.19,-6.28
407363,1021,1572864,139,100198,35.00,-6.41,-6.46
407385,1050,14157952,149,100201,35.00,-6.42,-6.41
407407,1480,14104423,140,100121,35.00,-6.32,-6.38
407429,1767,1493659,139,99738,35.00,-6.40,-6.39
407451,827,1493147,117,99047,35.00,-6.47,-6.38
407473,575,1499707,121,98409,35.00,-6.37,-6.36
407495,3,1520231,117,98067,35.00,-6.40,-6.38
407537,0,1500987,125,98370,35.00,-6.36,-6.33
407559,493,1446467,141,98657,35.00,-6.35,-6.32
407581,552,1440509,145,98941,35.00,-6.38,-6.37
407603,527,1396629,140,99216,35.00,-6.33,-6.40
407625,71,1361177,123,99487,35.00,-6.36,-6.39
407647,0,1177852,115,99721,35.00,-6.36,-6.38
407669,837,1097752,117,99838,35.00,-6.38,-6.38
407691,789,1083144,115,99858,35.00,-6.36,-6.37
407713,61,1063136,103,99934,35.00,-6.32,-6.36
407735,1144,1035679,135,100179,35.00,-6.33,-6.36
407757,1436,13581799,141,100727,35.00,-6.35,-6.36
407798,2025,13547755,152,103390,35.00,-6.34,-6.32
407820,2184,13540043,159,104103,35.00,-6.36,-6.31
407842,2504,13547755,163,104712,35.00,-6.39,-6.33
407864,2299,13555547,156,105405,35.00,-6.18,-6.32
407886,2347,13558331,148,106073,35.00,-6.40,-6.29
407908,1502,13559099,133,106541,35.00,-6.44,-6.30
407930,2199,13557723,135,106870,35.00,-6.49,-6.28
407952,1221,13555547,111,107089,35.00,-6.33,-6.31
407974,1005,13567239,139,107080,35.00,-6.30,-6.44
407996,4095,13584151,175,106707,35.00,-7.13,-5.57
408557,2675,13605071,153,106062,36.88,-5.89,-4.96
408587,2975,1003415,171,113540,35.00,-6.42,-6.14
408609,2251,13578855,123,113313,35.00,-6.42,-6.14
408631,1381,13585815,113,112928,35.00,-6.43,-6.14
408653,925,13587031,115,112219,35.00,-6.43,-6.20
408675,504,13584535,119,111051,35.00,-6.39,-6.18
408697,0,13580519,127,109700,35.00,-6.36,-6.20
408719,0,13549547,133,108453,35.00,-6.37,-6.16
408761,2367,13541419,171,106812,35.00,-6.40,-6.20
408783,4095,13553563,169,106732,35.00,-6.42,-6.17
408805,3491,13557819,153,106727,35.00,-6.43,-6.18
408827,3002,13567751,139,106706,35.00,-6.40,-6.20
408849,1333,13576359,111,106672,35.00,-6.42,-6.17
408871,1017,13600527,117,106500,35.00,-6.45,-6.24
408893,1251,13610927,133,106392,35.00,-6.42,-6.21
408915,1097,13604687,137,106517,35.00,-6.39,-6.18
408937,437,13603407,139,106779,35.00,-6.37,-6.19
408959,2023,13600527,157,107068,35.00,-6.44,-6.18
409575,1733,13598711,153,107878,37.02,-6.45,-6.22
409606,1941,991271,156,104165,35.00,-6.41,-6.20
409628,1043,13569927,115,104263,35.00,-6.37,-6.22
409650,953,13575463,115,104410,35.00,-6.44,-6.17
409672,1065,13574183,121,104471,35.00,-6.39,-6.20
409694,1457,13571911,139,104486,35.00,-6.41,-6.16
409716,1303,13531891,143,104388,35.00,-6.38,-6.23
409738,2508,13495741,167,104145,35.00,-6.39,-6.22
409760,2685,13490013,167,104076,35.00,-6.41,-6.19
409782,2681,13488733,166,104213,35.00,-6.39,-6.21
409823,2367,13491677,139,104595,35.00,-6.36,-6.21
409845,2025,13491677,135,104589,35.00,-6.39,-6.22
409867,1613,13494077,120,104205,35.00,-6.43,-6.22
409889,1259,13496253,119,103565,35.00,-6.41,-6.23
409911,1350,13496253,123,102944,35.00,-6.41,-6.22
409933,1548,13495741,141,102582,35.00,-6.43,-6.18
409955,1947,13497725,150,102496,35.00,-6.40,-6.22
409977,2442,13497725,163,102575,35.00,-6.42,-6.24
409999,2683,13495741,169,102798,35.00,-6.41,-6.23
410021,2923,13518099,167,103124,35.00,-6.38,-6.22
410043,2596,13529715,148,103415,35.00,-6.36,-6.20
410084,2065,13540811,133,104162,35.00,-6.39,-6.22
410106,1819,13548267,123,104235,35.00,-6.46,-6.21
410128,1207,13555035,111,104211,35.00,-6.40,-6.18
410150,1177,13556443,117,104169,35.00,-6.40,-6.22
410172,1351,13558331,133,104106,35.00,-6.38,-6.22
410194,1725,13558331,143,104043,35.00,-6.39,-6.17
410216,1641,13559099,147,104019,35.00,-6.41,-6.23
410238,2287,13557211,171,104015,35.00,-6.35,-6.26
410260,2902,13551387,167,104072,35.00,-6.42,-6.20
410282,2634,13535371,151,104162,35.00,-6.41,-6.18
410304,2137,13500931,137,104235,35.00,-6.40,-6.21
410345,1652,13479341,121,104241,35.00,-6.39,-6.22
410367,1149,13434885,115,104202,35.00,-6.40,-6.18
410389,1067,13414313,137,104191,35.00,-6.43,-6.20
410411,1464,13405577,132,104211,35.00,-6.41,-6.21
410433,2055,13396657,145,104189,35.00,-6.39,-6.18
410455,2101,13372801,151,103802,35.00,-6.36,-6.20
410477,2572,13361214,167,103044,35.00,-6.36,-6.18
410499,2279,13354782,157,102249,35.00,-6.37,-6.20
410521,2489,13343438,155,101698,35.00,-6.39,-6.21
410543,2236,13307974,143,101411,35.00,-6.34,-6.21
410585,1735,13296186,123,101706,35.00,-6.40,-6.20
410607,1285,13271562,117,101906,35.00,-6.37,-6.20
410629,1171,13270514,117,102092,35.00,-6.41,-6.18
410651,939,13270514,123,102276,35.00,-6.39,-6.21
410673,1615,13271050,141,102363,35.00,-6.49,-6.23
410695,1493,13268338,147,102344,35.00,-6.39,-6.22
410717,2575,13270514,167,102266,35.00,-6.37,-6.21
410739,2586,13275210,163,102178,35.00,-6.40,-6.19
410761,2585,13273226,153,102087,35.00,-6.43,-6.18
410783,2405,13274506,139,102046,35.00,-6.38,-6.19
410805,1497,13280554,119,102095,35.00,-6.39,-6.22
410846,989,13289242,115,102382,35.00,-6.41,-6.21
410868,704,13259346,112,102464,35.00,-6.36,-6.22
410890,1065,13254114,124,102559,35.00,-6.36,-6.19
410912,1267,13254114,134,102616,35.00,-6.38,-6.19
410934,1695,13253346,148,102646,35.00,-6.40,-6.21
410956,2175,13250658,159,102716,35.00,-6.40,-6.20
410978,2860,13252834,171,102827,35.00,-6.41,-6.20
411355,2874,13252450,167,102867,36.73,-6.37,-6.23
411387,2443,555248,167,101892,35.00,-6.42,-6.22
411409,4095,13383905,180,101977,35.00,-6.37,-6.21
411431,2001,13496445,135,102066,35.00,-6.37,-6.23
411453,2326,13564155,155,102177,35.00,-6.40,-6.22
411475,2629,13666440,159,102290,35.00,-6.40,-6.21
411497,2659,1202386,171,102442,35.00,-6.35,-6.24
411519,3117,1277430,172,102572,35.00,-6.41,-6.23
411541,2907,1297822,154,102671,35.00,-6.40,-6.18
411563,1589,1318945,133,102688,35.00,-6.33,-6.15
411585,1083,1342193,118,102640,35.00,-6.36,-6.18
411607,1311,1357161,121,102264,35.00,-6.33,-6.22
411648,2643,1355177,149,100362,35.00,-6.39,-6.20
411670,1195,1337137,135,100198,35.00,-6.38,-6.19
411692,1389,1346185,147,100254,35.00,-6.37,-6.18
411714,1803,1340017,155,100440,35.00,-6.40,-6.22
411736,1323,1172028,150,100689,35.00,-6.37,-6.20
411758,565,952075,139,100950,35.00,-6.38,-6.17
411780,1874,13442501,154,101196,35.00,-6.37,-6.17
411802,1321,13430201,127,101412,35.00,-6.38,-6.18
411824,1019,13435397,117,101539,35.00,-6.37,-6.20
411846,0,13322390,103,101587,35.00,-6.41,-6.22
411868,869,13200052,125,101611,35.00,-6.37,-6.16
411909,415,13114048,125,101657,35.00,-6.41,-6.18
411931,887,13056231,133,101641,35.00,-6.40,-6.16
411953,1227,465095,148,101653,35.00,-6.39,-6.23
411975,2697,460551,171,101684,35.00,-6.41,-6.23
411997,2678,455291,171,101786,35.00,-6.36,-6.23
412373,2037,445851,158,101934,37.02,-6.42,-6.19
412410,2908,385597,176,101533,35.00,-6.37,-6.21
412432,1549,368589,149,101541,35.00,-6.36,-6.16
412454,1839,364429,159,101485,35.00,-6.40,-6.21
412476,2582,355765,171,101408,35.00,-6.38,-6.20
412498,3417,321337,179,101349,35.00,-6.42,-6.21
412520,2979,159858,157,101328,35.00,-6.39,-6.24
412542,2251,49688,127,101367,35.00,-6.44,-6.20
412564,759,16352,118,101422,35.00,-6.38,-6.21
412586,1111,5440,127,101489,35.00,-6.41,-6.17
412608,1745,2176,139,101557,35.00,-6.39,-6.18
412630,2155,512,151,101614,35.00,-6.38,-6.20
412671,2068,512,153,101774,35.00,-6.38,-6.18
412693,1959,155698,156,101874,35.00,-6.39,-6.17
412715,2293,188378,159,101942,35.00,-6.40,-6.20
412737,2375,232846,155,102024,35.00,-6.39,-6.19
412759,2555,294897,155,102129,35.00,-6.43,-6.22
412781,2266,386365,149,102184,35.00,-6.41,-6.15
412803,1589,419123,121,102120,35.00,-6.39,-6.22
412825,1421,409619,121,101670,35.00,-6.36,-6.20
412847,1017,405603,121,100945,35.00,-6.39,-6.21
412869,1434,431435,141,100301,35.00,-6.40,-6.21
412911,1773,450619,153,99807,35.00,-6.39,-6.24
412933,2331,433611,167,100064,35.00,-6.41,-6.21
412955,2477,422515,167,100324,35.00,-6.39,-6.20
412977,3059,421811,175,100553,35.00,-6.40,-6.25
412999,2871,356277,163,100736,35.00,-6.39,-6.20
413021,2405,185690,139,100883,35.00,-6.42,-6.21
413043,1944,57400,135,100911,35.00,-6.40,-6.18
413065,1577,18192,127,100874,35.00,-6.38,-6.27
413087,1173,5952,119,100824,35.00,-6.40,-6.18
413109,1814,2176,148,100806,35.00,-6.41,-6.18
413131,2039,512,157,100783,35.00,-6.36,-6.22
413172,1787,0,163,100748,35.00,-6.38,-6.20
413194,3295,0,185,100883,35.00,-6.39,-6.18
413216,3411,0,179,100993,35.00,-6.38,-6.17
413238,2889,0,155,101083,35.00,-6.40,-6.17
413260,4095,0,169,101184,35.00,-6.39,-6.22
413282,4095,0,165,101281,35.00,-6.41,-6.18
413304,1451,0,118,101388,35.00,-6.42,-6.12
413326,1885,0,146,101473,35.00,-6.41,-6.23
413348,1357,0,138,101533,35.00,-6.38,-6.18
413370,2955,0,168,101601,35.00,-6.40,-6.18
413413,4095,0,184,101467,35.00,-6.39,-6.20
413435,4095,479319,171,100811,35.00,-6.35,-6.17
413457,744,657154,133,100134,35.00,-6.40,-6.19
413479,0,13279178,121,99629,35.00,-6.39,-6.16
413501,3303,13281066,179,99442,35.00,-6.20,-6.11
413523,4095,13280554,164,99494,35.00,-6.40,-6.20
413545,0,13277898,99,99679,35.00,-6.33,-6.17
413567,0,13266866,125,99885,35.00,-6.43,-6.14
413589,0,13257362,133,99989,35.00,-6.48,-6.15
413611,0,13250658,135,100066,35.00,-6.35,-6.20
413653,4095,13247010,205,100333,35.00,-6.41,-6.17
413675,0,13240066,135,100281,35.00,-6.39,-6.22
413697,0,13241730,127,100200,35.00,-6.38,-6.24
413719,3339,13241730,186,100069,35.00,-6.38,-6.20
413741,3241,13238786,152,99951,35.00,-6.49,-6.14
413763,0,13236988,103,99878,35.00,-6.39,-6.16
413785,381,13234812,133,99903,35.00,-6.35,-6.21
413807,3689,13228252,170,99999,35.00,-6.54,-6.13
413829,0,13161048,119,100113,35.00,-6.30,-6.21
413851,0,13056743,137,100220,35.00,-6.46,-6.18
413873,0,466375,136,100302,35.00,-6.38,-6.20
413914,2039,463431,179,100240,35.00,-6.40,-6.22
413936,4095,1222826,175,100250,35.00,-6.44,-6.22
413958,1208,1353897,135,100373,35.00,-6.42,-6.25
413980,2091,1420717,153,100547,35.00,-6.36,-6.25
414408,1501,1459475,125,100439,37.24,-6.40,-6.22
414437,0,896941,141,101090,35.00,-6.36,-6.31
414459,4095,13441733,171,101378,35.00,-6.37,-6.32
414481,4095,13443013,167,101632,35.00,-6.33,-6.31
414503,3359,13417961,153,101820,35.00,-6.35,-6.33
414525,1482,13381537,125,102002,35.00,-6.39,-6.30
414547,1015,13346606,133,102207,35.00,-6.35,-6.31
414569,1407,13318374,148,102366,35.00,-6.42,-6.30
414591,2155,13303802,169,102107,35.00,-6.40,-6.32
414613,0,13306502,125,101421,35.00,-6.34,-6.31
414635,3619,13318374,181,100797,35.00,-6.37,-6.27
414676,3032,13327830,157,100466,35.00,-6.36,-6.34
414698,2981,13344206,163,100673,35.00,-6.44,-6.29
414720,3387,13348270,152,100939,35.00,-6.50,-6.33
414742,1852,13360606,119,101170,35.00,-6.40,-6.27
414764,4007,13371521,168,101412,35.00,-6.32,-6.32
414786,633,13379361,117,101641,35.00,-6.40,-6.34
414808,242,13384417,135,101771,35.00,-6.37,-6.33
414830,1383,13389905,160,101762,35.00,-6.39,-6.28
414852,2699,13393969,179,101698,35.00,-6.34,-6.31
414874,2366,13393873,157,101723,35.00,-6.31,-6.31
414917,2228,13393873,147,101964,35.00,-6.36,-6.33
414939,649,13392593,118,102061,35.00,-6.34,-6.32
414961,1647,13387921,131,102233,35.00,-6.43,-6.30
414983,1139,13375681,118,102442,35.00,-6.38,-6.34
415426,0,13358430,115,102638,37.38,-6.35,-6.38
415458,726,876501,141,102648,35.00,-6.39,-6.26
415480,1051,13440325,115,102639,35.00,-6.41,-6.25
415502,3615,13425369,167,102637,35.00,-6.40,-6.24
415524,0,13413033,95,102698,35.00,-6.43,-6.30
415546,800,13396145,135,102823,35.00,-6.43,-6.24
415568,2237,13381025,155,102914,35.00,-6.40,-6.27
415590,2957,13369342,187,102959,35.00,-6.38,-6.28
415612,1507,13361118,137,102974,35.00,-6.36,-6.26
415634,1031,13357150,139,103018,35.00,-6.40,-6.26
415656,1323,13353502,137,103084,35.00,-6.42,-6.25
415699,2015,13348974,154,103133,35.00,-6.35,-6.25
415721,2718,13348270,135,102655,35.00,-6.40,-6.26
415743,0,13352990,111,101874,35.00,-6.37,-6.29
415765,994,13354782,149,101158,35.00,-6.41,-6.29
415787,0,13336566,127,100742,35.00,-6.37,-6.30
415809,4095,13331126,197,100637,35.00,-6.40,-6.22
415831,4095,13328342,179,100806,35.00,-6.36,-6.25
415853,2265,13326550,165,101053,35.00,-6.40,-6.28
415875,0,13328342,120,101230,35.00,-6.42,-6.25
415897,0,13325654,121,101332,35.00,-6.39,-6.26
415939,1436,13324182,137,101441,35.00,-6.41,-6.26
415961,2861,13317478,149,101556,35.00,-6.42,-6.30
415983,857,13436165,110,101809,35.00,-6.42,-6.26
416698,0,13500419,132,101960,37.00,-6.41,-6.25
416722,0,836121,90,108306,35.00,-6.35,-6.26
416744,587,13414505,137,107956,35.00,-6.69,-6.30
416766,1989,13411625,189,107726,35.00,-6.31,-6.30
416788,1355,13410857,183,107575,35.00,-6.38,-6.33
416810,199,13410857,181,107337,35.00,-6.34,-6.32
416832,0,13410345,155,106989,35.00,-6.35,-6.28
416854,355,13410249,147,106583,35.00,-6.32,-6.30
416876,1752,13412521,148,106323,35.00,-6.39,-6.28
416898,629,13420313,115,106245,35.00,-6.40,-6.34
416920,0,13425369,120,106364,35.00,-6.41,-6.36
416962,0,13428921,133,107272,35.00,-6.41,-6.36
416984,0,13435397,135,107395,35.00,-6.37,-6.28
417716,0,13440837,138,107388,36.99,-6.35,-6.26
417744,1263,888205,117,106631,35.00,-6.43,-6.22
417766,1883,13467661,163,106498,35.00,-6.43,-6.23
417788,2356,13468173,170,106436,35.00,-6.43,-6.25
417810,2459,13469453,160,106469,35.00,-6.41,-6.24
417832,2521,13469453,157,106568,35.00,-6.37,-6.25
417854,2587,13469453,153,106683,35.00,-6.42,-6.22
417876,2105,13471629,123,106833,35.00,-6.41,-6.21
417898,2011,13472333,133,106969,35.00,-6.43,-6.24
417920,1703,13473613,127,107074,35.00,-6.40,-6.23
417942,1835,13475789,145,107103,35.00,-6.41,-6.22
417984,2106,13477677,154,105722,35.00,-6.42,-6.24
418733,2669,13461685,175,105333,37.56,-6.39,-6.23
418767,1436,930403,117,106880,35.00,-6.44,-6.22
418789,2791,13512099,167,106776,35.00,-6.38,-6.24
418811,2364,13512611,147,106679,35.00,-6.46,-6.26
418833,1799,13508547,124,106633,35.00,-6.42,-6.27
418855,1143,13500413,115,106703,35.00,-6.40,-6.21
418877,799,13494077,111,106833,35.00,-6.37,-6.22
418899,1061,13495741,121,106920,35.00,-6.39,-6.21
418921,1575,13494077,138,106952,35.00,-6.40,-6.24
418943,2227,13492797,156,106947,35.00,-6.39,-6.23
418965,2606,13491677,169,106976,35.00,-6.38,-6.22
419751,2517,13491677,167,107258,37.20,-6.40,-6.22
419789,1567,1075888,118,105576,35.00,-6.41,-6.22
419811,1875,1076656,135,105818,35.00,-6.41,-6.22
419833,1405,1077168,123,106017,35.00,-6.39,-6.26
419855,891,1081328,111,106095,35.00,-6.36,-6.22
419877,733,1084808,120,106098,35.00,-6.41,-6.26
419899,966,1084808,139,106037,35.00,-6.40,-6.26
419921,1469,1084808,151,106006,35.00,-6.37,-6.26
419943,2083,1087688,169,106040,35.00,-6.41,-6.28
419965,2459,1090856,172,106111,35.00,-6.40,-6.25
419987,2811,1091752,171,106176,35.00,-6.42,-6.26
420514,2539,1090856,158,106234,36.65,-6.41,-6.27
420551,1065,1142900,121,106229,35.00,-6.38,-6.24
420573,1160,1144180,117,106276,35.00,-6.36,-6.29
420595,946,1146868,117,106358,35.00,-6.41,-6.24
420617,973,1147404,122,106478,35.00,-6.41,-6.25
420639,1443,1146356,141,106582,35.00,-6.39,-6.26
420661,1951,1144180,159,106656,35.00,-6.41,-6.24
420683,2491,1146868,171,106702,35.00,-6.37,-6.25
420705,2949,1148172,173,106529,35.00,-6.38,-6.28
420727,2807,1148172,169,106102,35.00,-6.41,-6.25
420749,2283,1149068,146,105618,35.00,-6.40,-6.29
420792,1597,1147404,125,105031,35.00,-6.39,-6.25
420814,957,1155020,116,105113,35.00,-6.36,-6.28
420836,950,1152844,122,105234,35.00,-6.39,-6.30
420858,1289,1149580,141,105352,35.00,-6.36,-6.24
420880,1861,1142900,155,105478,35.00,-6.39,-6.24
420902,2311,1140916,169,105586,35.00,-6.40,-6.23
420924,2729,1139252,181,105563,35.00,-6.39,-6.26
420946,2781,1130468,171,105508,35.00,-6.40,-6.29
420968,2523,1120068,159,105441,35.00,-6.38,-6.25
420990,2021,1113592,139,105356,35.00,-6.41,-6.26
421032,1273,1103704,120,105295,35.00,-6.42,-6.27
421054,793,1054016,119,105381,35.00,-6.36,-6.30
421076,1053,1038559,127,105485,35.00,-6.39,-6.25
421098,1519,13604687,148,105591,35.00,-6.39,-6.24
421120,1789,13582871,152,105647,35.00,-6.41,-6.27
421142,2591,13567239,174,105718,35.00,-6.42,-6.24
421164,2779,13563771,171,105779,35.00,-6.34,-6.28
421186,2875,13559099,165,105838,35.00,-6.38,-6.27
421208,2427,13553563,149,105902,35.00,-6.41,-6.27
421230,1865,13549547,126,105954,35.00,-6.39,-6.25
421252,1225,13544875,115,106040,35.00,-6.38,-6.26
421293,1064,13541419,122,105485,35.00,-6.39,-6.26
421315,1087,13538635,123,105058,35.00,-6.41,-6.22
421337,1271,13535883,137,104753,35.00,-6.44,-6.22
421359,1663,13535371,149,104637,35.00,-6.40,-6.28
421381,2196,13532659,167,104671,35.00,-6.39,-6.25
421403,2699,13530995,175,104790,35.00,-6.37,-6.24
421425,2967,13528499,173,104953,35.00,-6.40,-6.24
421447,2603,13524947,155,105109,35.00,-6.38,-6.26
421469,2057,13524435,139,105227,35.00,-6.40,-6.27
421491,1426,13522771,119,105356,35.00,-6.39,-6.22
421534,1054,13519507,117,105529,35.00,-6.41,-6.24
421556,1187,13518099,127,105560,35.00,-6.39,-6.29
421578,1591,13516259,147,105581,35.00,-6.40,-6.27
421600,2123,13516771,168,105584,35.00,-6.36,-6.27
421622,2537,13510819,171,105592,35.00,-6.40,-6.25
421644,2707,13506371,170,105615,35.00,-6.38,-6.26
421666,2695,13502211,163,105638,35.00,-6.39,-6.27
421688,2237,13497725,141,105692,35.00,-6.43,-6.29
421710,1679,13496253,123,105776,35.00,-6.40,-6.25
421732,1257,13492285,119,105884,35.00,-6.38,-6.27
421774,1067,13489501,117,105973,35.00,-6.40,-6.27
421796,1143,13485341,132,105974,35.00,-6.38,-6.26
421818,1509,13482733,145,106046,35.00,-6.39,-6.27
421840,2044,13478573,165,106140,35.00,-6.34,-6.26
421862,2475,13475789,168,106210,35.00,-6.38,-6.27
421884,2635,13471117,171,106128,35.00,-6.43,-6.26
421906,2406,13468941,153,105853,35.00,-6.33,-6.24
421928,2055,13449445,139,105451,35.00,-6.38,-6.29
421950,1437,13342030,123,105052,35.00,-6.40,-6.29
421972,1023,13275210,111,104793,35.00,-6.34,-6.23
421994,940,13187300,119,104728,35.00,-6.39,-6.24
422035,1295,13088111,135,105070,35.00,-6.41,-6.29
422057,1509,387261,147,105207,35.00,-6.36,-6.28
422079,2044,335909,165,105322,35.00,-6.36,-6.29
422101,2491,309097,172,105403,35.00,-6.39,-6.29
422123,2936,301769,175,105436,35.00,-6.40,-6.30
422145,2715,314777,165,105419,35.00,-6.40,-6.28
422167,2233,319545,149,105412,35.00,-6.36,-6.29
422189,1641,315993,127,105403,35.00,-6.33,-6.30
422211,1106,294385,121,105384,35.00,-6.40,-6.29
422233,1014,208294,120,105380,35.00,-6.41,-6.34
422276,1081,181530,136,105521,35.00,-6.37,-6.30
422298,1887,169802,152,105551,35.00,-6.34,-6.32
422320,2457,89556,168,105580,35.00,-6.40,-6.25
422342,2750,28592,175,105613,35.00,-6.36,-6.26
422364,2607,9504,171,105677,35.00,-6.39,-6.29
422386,2451,3968,155,105735,35.00,-6.36,-6.31
422408,2029,2176,140,105777,35.00,-6.34,-6.29
422430,1437,1792,122,105812,35.00,-6.39,-6.30
422452,1019,1280,114,105857,35.00,-6.39,-6.27
422474,1252,11680,125,105927,35.00,-6.41,-6.29
422516,2413,503727,159,105752,35.00,-6.38,-6.25
422538,4095,836889,179,105320,35.00,-6.33,-6.30
422560,2315,13439557,165,104923,35.00,-6.35,-6.33
422582,2533,13434873,169,104643,35.00,-6.37,-6.26
422604,1941,13438853,155,104526,35.00,-6.37,-6.28
422626,2533,13468173,159,104508,35.00,-6.36,-6.30
422648,2943,13477165,152,104585,35.00,-6.37,-6.29
422670,543,13475789,102,104699,35.00,-6.37,-6.33
422692,0,13472333,116,104844,35.00,-6.35,-6.30
422714,0,13471821,120,104971,35.00,-6.38,-6.30
422736,0,13471117,123,105064,35.00,-6.39,-6.25
422777,2833,13481325,179,104931,35.00,-6.37,-6.29
422799,1831,13483501,155,104888,35.00,-6.39,-6.27
422821,1647,13481837,165,104886,35.00,-6.40,-6.26
422843,2595,13484061,170,104914,35.00,-6.36,-6.27
422865,2277,13487517,147,104993,35.00,-6.37,-6.28
422887,2619,13487517,152,105036,35.00,-6.36,-6.28
422909,1875,13488221,122,105031,35.00,-6.37,-6.28
422931,675,13486749,111,105001,35.00,-6.35,-6.29
422953,189,13488029,115,105007,35.00,-6.37,-6.29
422975,1107,13488221,141,105087,35.00,-6.38,-6.33
423567,2408,13485853,164,105166,37.49,-6.36,-6.27
423599,0,976699,112,104500,35.00,-6.35,-6.28
423621,1171,13543595,155,104371,35.00,-6.38,-6.30
423643,357,13542699,137,104145,35.00,-6.39,-6.30
423665,2301,13540811,163,104053,35.00,-6.39,-6.31
423687,4095,13540811,165,104055,35.00,-6.38,-6.27
423709,3544,13537163,152,104079,35.00,-6.34,-6.25
423731,1827,13534475,123,104095,35.00,-6.36,-6.28
423753,1619,13533195,140,103927,35.00,-6.38,-6.29
423775,1305,13533171,141,103595,35.00,-6.40,-6.32
423797,4095,13531891,191,103239,35.00,-6.34,-6.28
423840,1637,13529715,149,102829,35.00,-6.39,-6.33
423862,3397,13524947,175,102938,35.00,-6.35,-6.31
423884,2695,13517331,155,103113,35.00,-6.35,-6.34
423906,2152,13515491,137,103273,35.00,-6.41,-6.34
423928,0,13512803,100,103403,35.00,-6.36,-6.30
423950,1967,13509155,149,103492,35.00,-6.38,-6.32
423972,1031,13509155,118,103529,35.00,-6.36,-6.33
423994,1357,13507267,143,103550,35.00,-6.37,-6.35
424584,2235,13505859,159,103569,36.70,-6.37,-6.30
424622,1673,813745,119,103759,35.00,-6.38,-6.23
424644,4095,13412137,158,103866,35.00,-6.37,-6.27
424666,2412,13422489,120,103907,35.00,-6.40,-6.26
424688,0,13423961,119,103874,35.00,-6.39,-6.29
424710,0,13422489,119,103741,35.00,-6.35,-6.25
424732,1933,13418473,149,103611,35.00,-6.36,-6.28
424754,2808,13408969,165,103537,35.00,-6.39,-6.25
424776,4095,13404297,181,103486,35.00,-6.40,-6.28
424798,2861,13404809,159,103532,35.00,-6.39,-6.25
424820,2953,13399921,175,103639,35.00,-6.38,-6.25
424862,4095,13393361,173,103845,35.00,-6.39,-6.30
424884,0,13396657,117,103918,35.00,-6.41,-6.30
424906,0,13386257,121,104003,35.00,-6.37,-6.27
424928,0,13381025,119,104134,35.00,-6.38,-6.30
424950,4095,13385745,169,104281,35.00,-6.39,-6.26
424972,4095,13393969,173,104408,35.00,-6.39,-6.32
424994,0,13400305,125,104466,35.00,-6.33,-6.27
425356,0,13420313,137,104447,37.23,-6.40,-6.31
425384,4095,912829,186,103377,35.00,-6.38,-6.31
425406,1135,13490397,108,103341,35.00,-6.37,-6.29
425428,763,13494077,119,103384,35.00,-6.39,-6.32
425450,2378,13494461,153,103473,35.00,-6.36,-6.29
425472,4095,13492797,173,103539,35.00,-6.39,-6.31
425494,4095,13490013,185,103614,35.00,-6.15,-6.31
425516,4095,13492797,185,103689,35.00,-6.15,-6.23
425538,2779,13490909,189,103781,35.00,-6.13,-6.27
425560,127,13486237,133,103864,35.00,-6.12,-6.29
425582,3076,13483501,171,103917,35.00,-6.25,-6.27
425624,4095,13481837,170,104025,35.00,-6.29,-6.39
425646,43,13478061,119,104064,35.00,-6.36,-6.37
425668,1481,13475885,136,104081,35.00,-6.33,-6.36
425690,739,13473613,121,104076,35.00,-6.33,-6.33
425712,0,13472333,125,103995,35.00,-6.37,-6.35
425734,0,13470349,139,103696,35.00,-6.37,-6.38
425756,2227,13470349,181,103274,35.00,-6.34,-6.38
425778,3387,13468173,179,102897,35.00,-6.36,-6.36
425800,2283,13467125,148,102597,35.00,-6.31,-6.34
425822,571,13469453,121,102419,35.00,-6.37,-6.37
425844,1247,13467661,137,102398,35.00,-6.29,-6.38
425885,1691,13465461,134,102844,35.00,-6.38,-6.39
425907,0,13463669,115,103035,35.00,-6.36,-6.36
425929,0,13463477,125,103204,35.00,-6.35,-6.32
425951,1685,13462965,160,103312,35.00,-6.36,-6.38
425973,2825,13460789,169,103333,35.00,-6.35,-6.32
425995,2639,13460789,166,103288,35.00,-6.33,-6.33
426365,2037,13461685,157,103203,37.33,-6.39,-6.36
426406,851,865637,119,101714,35.00,-6.35,-6.34
426428,1261,13443013,127,101720,35.00,-6.36,-6.34
426450,1695,13445285,142,101838,35.00,-6.35,-6.36
426472,2577,13443109,167,102002,35.00,-6.36,-6.40
426494,2539,13443013,163,102170,35.00,-6.32,-6.35
426516,2261,13440837,167,102313,35.00,-6.34,-6.39
426538,2173,13441733,157,102482,35.00,-6.36,-6.38
426560,1939,13441221,143,102563,35.00,-6.34,-6.36
426582,2403,13440325,147,102560,35.00,-6.36,-6.34
426604,2221,13439557,133,102473,35.00,-6.34,-6.35
426626,1157,13438853,117,102402,35.00,-6.33,-6.37
426667,676,13437573,123,102397,35.00,-6.35,-6.37
426689,2027,13434873,149,102423,35.00,-6.34,-6.34
426711,2845,13435397,163,102459,35.00,-6.36,-6.36
426733,2581,13434873,159,102476,35.00,-6.33,-6.36
426755,2163,13431417,159,102493,35.00,-6.36,-6.35
426777,2063,13432185,159,102533,35.00,-6.35,-6.33
426799,3115,13434361,167,102542,35.00,-6.40,-6.33
426821,2915,13430905,150,102579,35.00,-6.38,-6.36
426843,1677,13430201,122,102618,35.00,-6.34,-6.33
426865,889,13430201,115,102637,35.00,-6.33,-6.35
426907,870,13428025,135,102432,35.00,-6.33,-6.35
426929,1820,13425369,141,101939,35.00,-6.35,-6.34
426951,1949,13426649,153,101345,35.00,-6.37,-6.36
426973,1966,13425369,157,100862,35.00,-6.33,-6.32
426995,2715,13426137,173,100654,35.00,-6.29,-6.38
427383,2409,13428537,158,100681,37.13,-6.37,-6.35
427411,1863,841945,125,101877,35.00,-6.31,-6.37
427433,1875,13419801,157,101963,35.00,-6.33,-6.34
427455,2766,13423193,175,102031,35.00,-6.35,-6.31
427477,2931,13423193,168,102067,35.00,-6.35,-6.39
427499,1717,13423961,134,101989,35.00,-6.36,-6.39
427521,741,13424857,119,101647,35.00,-6.40,-6.34
427543,1255,13421977,125,101089,35.00,-6.38,-6.38
427565,1937,13421977,138,100593,35.00,-6.31,-6.37
427587,1897,13421977,137,100309,35.00,-6.33,-6.33
427629,1977,13419801,149,100569,35.00,-6.34,-6.39
427651,1277,13417193,153,100694,35.00,-6.31,-6.34
427673,2707,13418473,177,100831,35.00,-6.34,-6.38
427695,3000,13416681,180,100962,35.00,-6.34,-6.39
427717,2875,13417961,159,101077,35.00,-6.35,-6.34
427739,2159,13416297,143,101068,35.00,-6.32,-6.36
427761,1075,13416681,121,100982,35.00,-6.34,-6.36
427783,1527,13414505,125,100931,35.00,-6.36,-6.33
427805,1582,13414505,123,100922,35.00,-6.35,-6.36
427827,1438,13416681,134,100929,35.00,-6.33,-6.36
427849,1824,13413033,147,100888,35.00,-6.33,-6.39
427890,1625,13413033,153,100964,35.00,-6.36,-6.35
427912,1909,13411625,168,101108,35.00,-6.34,-6.36
427934,2519,13410345,169,101205,35.00,-6.38,-6.35
427956,2155,13410857,155,101253,35.00,-6.36,-6.35
427978,1792,13410345,141,101272,35.00,-6.33,-6.38
428401,1554,13408969,136,101297,37.16,-6.34,-6.39
428431,983,799329,116,100306,35.00,-6.37,-6.38
428453,2415,13377473,167,100338,35.00,-6.35,-6.37
428475,3181,13384417,179,100366,35.00,-6.36,-6.38
428497,3015,13385745,156,100404,35.00,-6.33,-6.36
428519,2260,13385697,139,100475,35.00,-6.33,-6.39
428541,1607,13385185,117,100579,35.00,-6.34,-6.37
428563,1049,13391185,115,100673,35.00,-6.34,-6.34
428585,1233,13392081,126,100819,35.00,-6.36,-6.36
428607,1943,13399409,149,101030,35.00,-6.36,-6.39
428629,2006,13410249,155,101304,35.00,-6.34,-6.35
428651,1947,13414505,157,101550,35.00,-6.35,-6.35
428692,2492,13420313,169,102009,35.00,-6.36,-6.37
428714,3940,13426649,184,102097,35.00,-6.33,-6.39
428736,3945,13430201,173,101930,35.00,-6.34,-6.35
428758,2731,13433081,145,101477,35.00,-6.36,-6.36
428780,2233,13434873,137,101054,35.00,-6.33,-6.36
428802,1819,13434873,133,100787,35.00,-6.33,-6.34
428824,1617,13434873,135,100753,35.00,-6.32,-6.39
428846,1597,13435397,142,100855,35.00,-6.33,-6.35
428868,1865,13434885,153,101022,35.00,-6.33,-6.34
428890,2300,13434361,164,101201,35.00,-6.31,-6.39
428933,2379,13433593,163,101354,35.00,-6.32,-6.39
428955,2745,13433081,167,101335,35.00,-6.38,-6.36
428977,2886,13433081,151,101236,35.00,-6.34,-6.37
428999,1939,13434873,133,101030,35.00,-6.34,-6.37
429021,1341,13435397,119,100857,35.00,-6.27,-6.27
429043,1470,13434873,123,100752,35.00,-6.37,-6.37
429065,1767,13434885,141,100712,35.00,-6.31,-6.37
429087,2071,13434361,155,100754,35.00,-6.33,-6.38
429109,2084,13434873,152,100827,35.00,-6.33,-6.39
429131,2460,13434873,171,100946,35.00,-6.32,-6.33
429173,2764,13436677,173,101419,35.00,-6.35,-6.37
429195,2761,13438853,164,101520,35.00,-6.34,-6.37
429217,2104,13440837,147,101597,35.00,-6.33,-6.36
429239,1429,13443109,127,101693,35.00,-6.33,-6.36
429261,1257,13444901,123,101774,35.00,-6.35,-6.35
429283,1483,13443621,135,101848,35.00,-6.34,-6.37
429305,1645,13445285,145,101934,35.00,-6.37,-6.37
429327,1187,13445797,143,101921,35.00,-6.39,-6.40
429349,1998,13445797,165,101750,35.00,-6.35,-6.41
429371,2315,13445797,167,101293,35.00,-6.35,-6.36
429393,2267,13444901,163,100748,35.00,-6.34,-6.39
429434,2197,13444901,153,99978,35.00,-6.31,-6.36
429456,2036,13443013,151,100048,35.00,-6.30,-6.40
429478,1583,13443013,127,100149,35.00,-6.37,-6.33
429500,1063,13442501,119,100255,35.00,-6.35,-6.35
429522,1001,13443013,123,100350,35.00,-6.34,-6.35
429544,947,13442501,133,100425,35.00,-6.30,-6.36
429566,1243,13443621,143,100509,35.00,-6.32,-6.41
429588,1685,13441733,158,100560,35.00,-6.32,-6.37
429610,2136,13441221,175,100567,35.00,-6.33,-6.40
429632,2470,13441733,167,100526,35.00,-6.33,-6.38
429674,2419,13439557,164,100508,35.00,-6.35,-6.40
429696,1996,13438341,149,100728,35.00,-6.32,-6.42
429718,1619,13439557,127,101048,35.00,-6.33,-6.34
429740,1209,13440325,121,101376,35.00,-6.34,-6.41
429762,1267,13445797,133,101729,35.00,-6.34,-6.39
429784,1545,13448549,141,102036,35.00,-6.33,-6.40
429806,1691,13451285,151,102284,35.00,-6.34,-6.41
429828,1981,13449445,163,102624,35.00,-6.29,-6.39
429850,3445,13448549,189,103011,35.00,-6.33,-6.38
429872,4095,13449957,180,103437,35.00,-6.32,-6.38
429894,2943,13447781,152,103898,35.00,-6.33,-6.37
429935,1541,13447269,136,103687,35.00,-6.32,-6.39
429957,1497,13446565,125,102846,35.00,-6.31,-6.40
429979,1133,13444901,117,102186,35.00,-6.31,-6.39
430690,759,13443109,117,101873,37.10,-6.32,-6.38
430717,4095,22736,180,103403,35.00,-6.28,-6.44
430739,4095,7616,168,103478,35.00,-6.27,-6.28
430761,4095,3968,169,103501,35.00,-6.54,-6.26
430783,4095,2688,171,103507,35.00,-6.39,-6.43
430805,1725,2176,123,103564,35.00,-6.33,-6.38
430827,0,1792,121,103576,35.00,-6.38,-6.42
430849,0,1792,126,103527,35.00,-6.53,-6.43
430871,662,1280,151,103493,35.00,-6.73,-6.28
430893,3391,1280,157,103568,35.00,-6.33,-6.35
430915,0,1280,117,103672,35.00,-6.56,-6.38
430958,0,512,121,103464,35.00,-6.50,-6.33
430980,0,512,124,103513,35.00,-7.16,-6.20
431708,0,512,135,103572,37.52,-6.86,-6.41
431740,1021,0,120,102871,35.00,-6.40,-6.29
431762,0,0,125,102416,35.00,-6.40,-6.23
431784,76,0,137,101666,35.00,-6.38,-6.29
431806,919,0,151,100912,35.00,-6.40,-6.23
431828,1068,0,152,100381,35.00,-6.41,-6.22
431850,1239,0,149,100140,35.00,-6.37,-6.26
431872,874,0,136,100142,35.00,-6.45,-6.22
431894,702,0,132,100287,35.00,-6.40,-6.23
431916,597,0,121,100443,35.00,-6.42,-6.28
431938,765,0,120,100527,35.00,-6.42,-6.20
431980,477,0,125,100761,35.00,-6.48,-6.28
432725,2451,0,168,100783,37.30,-6.50,-6.29
432762,2823,0,169,100266,35.00,-6.37,-6.18
432784,2955,0,174,100410,35.00,-6.47,-6.19
432806,1956,0,159,100528,35.00,-6.41,-6.17
432828,2523,0,167,100606,35.00,-6.44,-6.13
432850,2345,0,156,100662,35.00,-6.46,-6.18
432872,1961,0,141,100703,35.00,-6.40,-6.18
432894,1511,0,135,100755,35.00,-6.40,-6.16
432916,1291,0,125,100812,35.00,-6.44,-6.20
432938,1269,0,137,100938,35.00,-6.43,-6.20
432960,1581,0,145,101124,35.00,-6.41,-6.16
432982,1885,0,153,101325,35.00,-6.47,-6.15
433023,2183,0,166,101298,35.00,-6.41,-6.18
433045,2393,0,167,100787,35.00,-6.42,-6.17
433067,2580,0,169,100266,35.00,-6.46,-6.17
433089,2445,0,155,99928,35.00,-6.43,-6.18
433111,2155,0,149,99803,35.00,-6.42,-6.18
433133,1725,0,135,99892,35.00,-6.41,-6.21
433155,1465,0,133,100115,35.00,-6.44,-6.17
433177,1479,0,126,100342,35.00,-6.49,-6.15
433199,1501,0,139,100553,35.00,-6.43,-6.18
433221,1939,0,149,100687,35.00,-6.47,-6.20
433264,2290,0,159,101036,35.00,-6.45,-6.18
433286,2799,0,171,101059,35.00,-6.41,-6.15
433308,2747,0,169,101072,35.00,-6.41,-6.15
433330,2445,0,153,101090,35.00,-6.39,-6.18
433352,2021,0,140,101188,35.00,-6.42,-6.17
433374,1303,0,134,101303,35.00,-6.41,-6.18
433396,1485,0,134,101414,35.00,-6.43,-6.20
433418,1581,0,138,101457,35.00,-6.44,-6.21
433440,1741,0,151,101494,35.00,-6.46,-6.19
433462,2055,0,158,101572,35.00,-6.44,-6.14
433504,2328,0,167,101942,35.00,-6.43,-6.14
433526,2605,0,169,102014,35.00,-6.43,-6.17
433548,2557,0,159,102066,35.00,-6.48,-6.11
433570,2194,0,151,102114,35.00,-6.45,-6.14
433592,1885,0,137,102103,35.00,-6.44,-6.17
433614,1529,0,135,102053,35.00,-6.43,-6.20
433636,1459,0,133,102035,35.00,-6.43,-6.15
433658,1573,0,141,102038,35.00,-6.46,-6.15
433680,1821,0,153,102081,35.00,-6.43,-6.17
433702,2076,0,163,102163,35.00,-6.43,-6.17
433724,2339,0,169,102171,35.00,-6.41,-6.16
433765,2543,0,171,100024,35.00,-6.43,-6.16
433787,2343,0,159,99631,35.00,-6.45,-6.22
433809,2137,0,147,99591,35.00,-6.40,-6.16
433831,1661,0,135,99785,35.00,-6.46,-6.15
433853,1415,0,131,100088,35.00,-6.46,-6.21
433875,1053,0,122,100338,35.00,-6.45,-6.18
433897,1229,0,133,100553,35.00,-6.46,-6.11
433919,1571,0,145,100737,35.00,-6.44,-6.16
433941,1916,0,153,100906,35.00,-6.47,-6.16
433963,2328,0,167,101022,35.00,-6.47,-6.14
434506,2519,0,168,101176,37.40,-6.47,-6.14
434547,2255,0,153,102280,35.00,-6.48,-6.15
434569,2031,0,145,101975,35.00,-6.46,-6.15
434591,1613,0,133,101307,35.00,-6.48,-6.14
434613,1321,0,127,100590,35.00,-6.47,-6.14
434635,1349,0,133,100013,35.00,-6.48,-6.16
434657,1399,0,143,99746,35.00,-6.44,-6.14
434679,1779,0,153,99774,35.00,-6.44,-6.15
434701,2156,0,173,99971,35.00,-6.45,-6.13
434723,2391,0,168,100251,35.00,-6.44,-6.12
434745,2539,0,165,100558,35.00,-6.46,-6.13
434788,2324,0,151,101211,35.00,-6.48,-6.15
434810,1766,0,133,101236,35.00,-6.46,-6.14
434832,1349,0,123,101213,35.00,-6.46,-6.14
434854,1214,0,125,101131,35.00,-6.46,-6.11
434876,1432,0,139,101053,35.00,-6.46,-6.13
434898,1657,0,151,100974,35.00,-6.46,-6.13
434920,1949,0,164,100957,35.00,-6.46,-6.13
434942,2285,0,167,100989,35.00,-6.43,-6.16
434964,2461,0,167,101049,35.00,-6.44,-6.16
434986,2456,0,158,101133,35.00,-6.48,-6.12
435028,2011,0,147,101334,35.00,-6.46,-6.16
435050,1673,0,133,101394,35.00,-6.44,-6.17
435072,1375,0,133,101453,35.00,-6.48,-6.16
435094,1247,0,135,101546,35.00,-6.48,-6.19
435116,1451,0,145,101665,35.00,-6.43,-6.14
435138,1714,0,151,101784,35.00,-6.45,-6.16
435160,2053,0,160,101893,35.00,-6.43,-6.14
435182,2429,0,166,101954,35.00,-6.49,-6.10
435204,2501,0,165,102001,35.00,-6.44,-6.14
435226,2396,0,152,102037,35.00,-6.43,-6.15
435248,1950,0,141,102064,35.00,-6.47,-6.14
435289,1525,0,134,101474,35.00,-6.60,-6.13
435311,1195,0,121,100750,35.00,-6.51,-6.12
435333,1069,0,125,100070,35.00,-6.45,-6.10
435355,0,0,121,99690,35.00,-6.41,-6.18
435377,0,0,133,99684,35.00,-6.42,-6.20
435399,0,0,135,99837,35.00,-6.41,-6.20
